topic,source_type,title,url,identifier,retrieved_at_utc,acquisition_conditions,storage_path,file_size_bytes,sha256,usage_conditions,completeness,local_status
research_sources_20260924T103000Z,crossref_metadata,Similitude considerations for roof snow loads,https://api.crossref.org/works/10.1016%2F0165-232X%2890%2990018-R,10.1016/0165-232X(90)90018-R,2026-09-24T09:55:42.280865+00:00,GET,data/raw/published_sources/20260924T103000Z/crst01.json,5446,09137a992dd45e7e9f52ac600baa875aae36dd2bc821605fc3fb94146a6ff89d,Crossref public bibliographic metadata; https://www.crossref.org/documentation/retrieve-metadata/rest-api/rest-api-metadata-license-information/,complete response body,verified
research_sources_20260924T103000Z,crossref_metadata,Large-scale measurements of snowdrifts around flat-roofed and single-pitch-roofed buildings,https://api.crossref.org/works/10.1016%2FS0165-232X%2899%2900021-X,10.1016/S0165-232X(99)00021-X,2026-09-24T09:55:42.280865+00:00,GET,data/raw/published_sources/20260924T103000Z/crst02.json,4986,36dfe7de103395dd61e5c57d5c1edc972fb5d87fc6a17af84d7b6c5e898976ba,Crossref public bibliographic metadata; https://www.crossref.org/documentation/retrieve-metadata/rest-api/rest-api-metadata-license-information/,complete response body,verified
research_sources_20260924T103000Z,crossref_metadata,Wind tunnel test of snow redistribution on flat roofs,https://api.crossref.org/works/10.1016%2Fj.coldregions.2016.04.006,10.1016/j.coldregions.2016.04.006,2026-09-24T09:55:42.280865+00:00,GET,data/raw/published_sources/20260924T103000Z/crst03.json,11405,eb8a99845062632a845dcfeafe5c13e6b5202028241a0b2394e039ddfe7d50c5,Crossref public bibliographic metadata; https://www.crossref.org/documentation/retrieve-metadata/rest-api/rest-api-metadata-license-information/,complete response body,verified
research_sources_20260924T103000Z,crossref_metadata,Computational fluid dynamics simulation of snowdrift around buildings: Past achievements and future perspectives,https://api.crossref.org/works/10.1016%2Fj.coldregions.2017.05.004,10.1016/j.coldregions.2017.05.004,2026-09-24T09:55:42.280865+00:00,GET,data/raw/published_sources/20260924T103000Z/crst04.json,41069,2f7a9228273a3c6bed1efc35e11615ee1b42ba1c2c6277bb6a843fad8deee331,Crossref public bibliographic metadata; https://www.crossref.org/documentation/retrieve-metadata/rest-api/rest-api-metadata-license-information/,complete response body,verified
research_sources_20260924T103000Z,crossref_metadata,Numerical simulation of snowdrift on a membrane roof and the mechanical performance under snow loads,https://api.crossref.org/works/10.1016%2Fj.coldregions.2017.09.007,10.1016/j.coldregions.2017.09.007,2026-09-24T09:55:42.280865+00:00,GET,data/raw/published_sources/20260924T103000Z/crst05.json,10531,453f874bdf6ef39ef107c9450c0a9a2ac4dcda9ada40d34c75778269f3b0b10f,Crossref public bibliographic metadata; https://www.crossref.org/documentation/retrieve-metadata/rest-api/rest-api-metadata-license-information/,complete response body,verified
research_sources_20260924T103000Z,crossref_metadata,Numerical simulations of development of snowdrifts on long-span spherical roofs,https://api.crossref.org/works/10.1016%2Fj.coldregions.2020.103211,10.1016/j.coldregions.2020.103211,2026-09-24T09:55:42.280865+00:00,GET,data/raw/published_sources/20260924T103000Z/crst06.json,20640,d7250d522e5620fb5fb1c6bff6cd0bef4e5d57e09db2a5bcc49f890f0c9c3031,Crossref public bibliographic metadata; https://www.crossref.org/documentation/retrieve-metadata/rest-api/rest-api-metadata-license-information/,complete response body,verified
research_sources_20260924T103000Z,crossref_metadata,A sensitivity analysis on effective parameters for sliding/melting prediction of snow cover on solar photovoltaic panels,https://api.crossref.org/works/10.1016%2Fj.coldregions.2021.103262,10.1016/j.coldregions.2021.103262,2026-09-24T09:55:42.280865+00:00,GET,data/raw/published_sources/20260924T103000Z/crst07.json,12524,70c00f626cbdad6b98d05a74528db4e7d86d0d40b2893665b2a0906bfd17a229,Crossref public bibliographic metadata; https://www.crossref.org/documentation/retrieve-metadata/rest-api/rest-api-metadata-license-information/,complete response body,verified
research_sources_20260924T103000Z,crossref_metadata,Considering snow depositions and transport mechanisms in meteorological analysis of predicting snow loads on buildings,https://api.crossref.org/works/10.1016%2Fj.coldregions.2022.103614,10.1016/j.coldregions.2022.103614,2026-09-24T09:55:42.280865+00:00,GET,data/raw/published_sources/20260924T103000Z/crst08.json,15930,5e0488102cf707a81fcad7c5a6a670509b9963faf392f545215488815a84f78e,Crossref public bibliographic metadata; https://www.crossref.org/documentation/retrieve-metadata/rest-api/rest-api-metadata-license-information/,complete response body,verified
research_sources_20260924T103000Z,crossref_metadata,A study of snow drifting on monoslope roofs during snowfall: Wind tunnel test and numerical simulation,https://api.crossref.org/works/10.1016%2Fj.coldregions.2022.103731,10.1016/j.coldregions.2022.103731,2026-09-24T09:55:42.280865+00:00,GET,data/raw/published_sources/20260924T103000Z/crst09.json,25513,da050ae41c328bff197d09234979418d47d2fffa49eab1f8f559a868ce1f20bb,Crossref public bibliographic metadata; https://www.crossref.org/documentation/retrieve-metadata/rest-api/rest-api-metadata-license-information/,complete response body,verified
research_sources_20260924T103000Z,crossref_metadata,Sensitivity analysis and practical application of an automatic snow-melting membrane roof,https://api.crossref.org/works/10.1016%2Fj.coldregions.2022.103754,10.1016/j.coldregions.2022.103754,2026-09-24T09:55:42.280865+00:00,GET,data/raw/published_sources/20260924T103000Z/crst10.json,14065,643f43560e8c36d67ff667a2faf331d115d91b448f3742180c2ced098a8525af,Crossref public bibliographic metadata; https://www.crossref.org/documentation/retrieve-metadata/rest-api/rest-api-metadata-license-information/,complete response body,verified
research_sources_20260924T103000Z,crossref_metadata,Measurement and estimation of temporal variations of roof snow load on semi-full-scale building model,https://api.crossref.org/works/10.1016%2Fj.coldregions.2025.104445,10.1016/j.coldregions.2025.104445,2026-09-24T09:55:42.280865+00:00,GET,data/raw/published_sources/20260924T103000Z/crst11.json,20424,360e6a7336618f55d8d96d621dfaded36b35825c9466b5f3ae7d9ce9511c9ff8,Crossref public bibliographic metadata; https://www.crossref.org/documentation/retrieve-metadata/rest-api/rest-api-metadata-license-information/,complete response body,verified
research_sources_20260924T103000Z,crossref_metadata,Shear and tensile adhesion of dry and wet snow on metallic surfaces,https://api.crossref.org/works/10.1016%2Fj.coldregions.2026.104971,10.1016/j.coldregions.2026.104971,2026-09-24T09:55:42.280865+00:00,GET,data/raw/published_sources/20260924T103000Z/crst12.json,22298,57e913a6f302d9bc90870a86ebc9dd34f77b05e777b3bb5890130d69abea06fe,Crossref public bibliographic metadata; https://www.crossref.org/documentation/retrieve-metadata/rest-api/rest-api-metadata-license-information/,complete response body,verified
research_sources_20260924T103000Z,crossref_metadata,Change of removing technique of snow on roof and recent situation of its technical development,https://api.crossref.org/works/10.5331%2Fseppyo.51.111,10.5331/seppyo.51.111,2026-09-24T09:55:42.280865+00:00,GET,data/raw/published_sources/20260924T103000Z/jp01.json,1777,4ebd0e9e5c10c13f135b670e3897ac09975d68bdb8f108fef822abc389c2b5f9,Crossref public bibliographic metadata; https://www.crossref.org/documentation/retrieve-metadata/rest-api/rest-api-metadata-license-information/,complete response body,verified
research_sources_20260924T103000Z,crossref_metadata,Assessment of the effectiveness of snow guards on a sloped roof,https://api.crossref.org/works/10.3130%2Faijt.9.67_1,10.3130/aijt.9.67_1,2026-09-24T09:55:42.280865+00:00,GET,data/raw/published_sources/20260924T103000Z/jp04.json,3695,968434a185f647186afed25aab0b2a014d7cba7f88e5f7fff873687a14eb43d4,Crossref public bibliographic metadata; https://www.crossref.org/documentation/retrieve-metadata/rest-api/rest-api-metadata-license-information/,complete response body,verified
research_sources_20260924T103000Z,crossref_metadata,Influence of the surface roughness of roofing materials on snow sliding,https://api.crossref.org/works/10.4106%2Fjsse.12.205,10.4106/jsse.12.205,2026-09-24T09:55:42.280865+00:00,GET,data/raw/published_sources/20260924T103000Z/jp05.json,2005,e98fa296f5538b35f6979d253bc6a7d90163d0b66a1dd33388d4110bb34e5519,Crossref public bibliographic metadata; https://www.crossref.org/documentation/retrieve-metadata/rest-api/rest-api-metadata-license-information/,complete response body,verified
research_sources_20260924T103000Z,crossref_metadata,Evaluation and Maintenance of Snow Sliding Performance of Coated Steel Roofing Used for Sloped Roof,https://api.crossref.org/works/10.4106%2Fjsse.13.244,10.4106/jsse.13.244,2026-09-24T09:55:42.280865+00:00,GET,data/raw/published_sources/20260924T103000Z/jp06.json,2065,a262c1300586ac38fca9b3717b6c759abd98d528cd9e9b4bb33af6e6bf6d210e,Crossref public bibliographic metadata; https://www.crossref.org/documentation/retrieve-metadata/rest-api/rest-api-metadata-license-information/,complete response body,verified
research_sources_20260924T103000Z,crossref_metadata,Experimental Study on the Snow Removal on the Roof by Snow-Melting System in Northern Area of Nagano Prefecture,https://api.crossref.org/works/10.3130%2Faija.60.57_3,10.3130/aija.60.57_3,2026-09-24T09:55:42.280865+00:00,GET,data/raw/published_sources/20260924T103000Z/jp07.json,2758,480b9bf6a942c12b44ac41ce42a4b38f13d9e6019f5947913f6738de34bc4c08,Crossref public bibliographic metadata; https://www.crossref.org/documentation/retrieve-metadata/rest-api/rest-api-metadata-license-information/,complete response body,verified
research_sources_20260924T103000Z,crossref_metadata,Fundamental study for elucidating snow cornice formation mechanism of flat roofs based on wind tunnel test using natural snow,https://api.crossref.org/works/10.5331%2Fseppyo.83.3_249,10.5331/seppyo.83.3_249,2026-09-24T09:55:42.280865+00:00,GET,data/raw/published_sources/20260924T103000Z/jp08.json,8358,c74ea6a3bcd517eac48c7196b0939a9cd914a4fe31207f5ffd0234620ba53a1a,Crossref public bibliographic metadata; https://www.crossref.org/documentation/retrieve-metadata/rest-api/rest-api-metadata-license-information/,complete response body,verified
research_sources_20260924T103000Z,journal_rules,CRST Guide for Authors,https://www.sciencedirect.com/journal/cold-regions-science-and-technology/publish/guide-for-authors,ISSN 0165-232X,2026-09-24T09:55:42.280865+00:00,GET,,,,Official public Elsevier page,failed,no_path
research_sources_20260924T103000Z,journal_rules,Elsevier generative AI policies for journals,https://www.elsevier.com/about/policies-and-standards/generative-ai-policies-for-journals,NA,2026-09-24T09:55:42.280865+00:00,GET,data/raw/external/20260924T103000Z/elsevier_ai.bin,345426,7373dbde2e2de4932eff94d16d5c2a29734f389232f5328c666c457bd0ab9b15,Official public Elsevier page,complete response body,verified
research_sources_20260924T103000Z,journal_rules,Elsevier cover letter guidance,https://www.elsevier.support/publishing/answer/what-should-be-included-in-a-cover-letter,NA,2026-09-24T09:55:42.280865+00:00,GET,data/raw/external/20260924T103000Z/elsevier_cover.bin,125797,9f41d016df90fec623570319cd5c54067979e6ba86cc522723da8f5cfadfb63b,Official public Elsevier support page,complete response body,verified
research_sources_20260924T103000Z,jma_documentation,JMA historical observation download,https://www.data.jma.go.jp/risk/obsdl/,NA,2026-09-24T09:55:42.280865+00:00,GET,data/raw/published_sources/20260924T103000Z/jma_obsdl.bin,18305,78e5d9e76d1e3dfb240cda4d837d9a870a8cbc3ae58a8b8ff20b4bee842ad2f9,JMA public data terms,complete response body,verified
research_sources_20260924T103000Z,jma_documentation,JMA historical observation download help,https://www.data.jma.go.jp/risk/obsdl/top/help1,NA,2026-09-24T09:55:42.280865+00:00,GET,data/raw/published_sources/20260924T103000Z/jma_help1.bin,36412,364a25d6bf9a9a88dea5bb04309bbb42bc03664fcbcccf3a2990635a7f8685fa,JMA public data terms,complete response body,verified
research_sources_20260924T103000Z,jma_documentation,JMA CSV and quality code help,https://www.data.jma.go.jp/risk/obsdl/top/help3,NA,2026-09-24T09:55:42.280865+00:00,GET,data/raw/published_sources/20260924T103000Z/jma_help3.bin,31310,c020dcdae64a815484ef9a14f710a7978de742c338e63dd6e462d72cbc9f8b96,JMA public data terms,complete response body,verified
research_sources_20260924T103000Z,jma_documentation,JMA historical observation download FAQ,https://www.data.jma.go.jp/risk/obsdl/top/faq,NA,2026-09-24T09:55:42.280865+00:00,GET,data/raw/published_sources/20260924T103000Z/jma_faq.bin,15361,9ce0029566eb2fc347c4ee63a0ba26e35712b1e0b791c407f6c404d0b432343a,JMA public data terms,complete response body,verified
research_sources_20260924T103000Z,jma_documentation,JMA content use terms,https://www.jma.go.jp/jma/kishou/info/coment.html,Public Data Use Terms Version 1.0,2026-09-24T09:55:42.280865+00:00,GET,data/raw/published_sources/20260924T103000Z/jma_terms.html,23377,ff2b45042e6207053d8f6aa617656aa6a144e462db138f0b8138de6eefbeff48,JMA public data terms,complete response body,verified
research_sources_20260924T103000Z,jma_documentation,JMA AMeDAS variable explanation,https://www.jma.go.jp/jma/kishou/know/amedas/kaisetsu.html,NA,2026-09-24T09:55:42.280865+00:00,GET,data/raw/published_sources/20260924T103000Z/jma_amedas.html,11603,fb6039ef8b71be5deb426d65f3907b28582f85902a505dacc673029c4ec60d7e,JMA public data terms,complete response body,verified
research_sources_20260924T103000Z,jma_metadata,JMA AMeDAS station metadata,https://www.jma.go.jp/bosai/amedas/const/amedastable.json,current,2026-09-24T09:55:42.280865+00:00,GET,data/raw/published_sources/20260924T103000Z/jma_stations.json,187742,319d215c6c9243ccb794e925dded2f849a0202f1b2cd74ce607b232f2bc2ddc5,JMA public data terms,complete response body,verified
research_sources_20260924T103000Z,japanese_practice,Hokkaido roof-snow treatment guide,https://www.hro.or.jp/upload/51707/yanenoyukishori.pdf,2017 technical guide,2026-09-24T09:55:42.280865+00:00,GET,data/raw/external/20260924T103000Z/jp_hro.pdf,1683557,5555aa6460fcfefb1d419a3998bc2dc70680977419aa7742bc9ffcbcdad66211,Official public technical guide,complete response body,verified
research_sources_20260924T103000Z,japanese_practice,Niigata roof-snow technical material,https://www.pref.niigata.lg.jp/uploaded/attachment/135532.pdf,2006 technical material,2026-09-24T09:55:42.280865+00:00,GET,data/raw/external/20260924T103000Z/jp_niigata.pdf,430208,d4bb23309615cd12b7a8638aac53bf793f279288c18a2c440c753198989d29a5,Official public prefectural material,complete response body,verified
research_sources_20260924T103000Z,japanese_practice,Sapporo falling snow and ice guidance,https://www.city.sapporo.jp/toshi/k-shido/kakuninn/yukidome/yukidome.html,Sapporo Building Standards Ordinance Article 12 guidance,2026-09-24T09:55:42.280865+00:00,GET,data/raw/external/20260924T103000Z/jp_sapporo.html,24783,a0b2cc59ecb908d50f017587dab1f5ef932bea4c1ce1beb0f2025135abc73de3,Official public municipal guidance,complete response body,verified
research_sources_20260925T042713Z,crossref_metadata,Fundamental Study on Control of Roof Snow Sliding,https://api.crossref.org/works/10.4106%2Fjsse.13.3,10.4106/jsse.13.3,2026-09-25T04:27:13Z,GET,data/raw/published_sources/20260925T042713Z/jp10.json,1824,4ca24bcd1c9f53b10a05d250e3ec4bd1e1d3f7006feea8a0723e58a62d22199e,Crossref public bibliographic metadata; https://www.crossref.org/documentation/retrieve-metadata/rest-api/rest-api-metadata-license-information/,complete response body,verified
research_sources_20260925T050931Z,journal_submission_guidance,Cold Regions Science and Technology Guide for Authors (blocked curl response),https://www.sciencedirect.com/journal/cold-regions-science-and-technology/publish/guide-for-authors,CRST Guide for Authors; shell retrieval attempt,2026-09-25T05:00:25Z,GET via curl,data/raw/published_sources/20260924T232000Z/crst_guide_for_authors_response.html,832803,e588b468ff87d69829c86932151dbeee65245c8112d424e7a9b023f1672abbb0,Elsevier website terms; retained only as evidence of the HTTP 403 shell-access limitation,"Cloudflare HTTP 403 response, not guide content",verified
research_sources_20260925T050931Z,journal_submission_guidance,Cold Regions Science and Technology Guide for Authors (blocked curl response headers),https://www.sciencedirect.com/journal/cold-regions-science-and-technology/publish/guide-for-authors,CRST Guide for Authors; shell retrieval headers,2026-09-25T05:00:25Z,GET via curl,data/raw/published_sources/20260924T232000Z/crst_guide_for_authors_headers.txt,833,4168fd967f01afd799e0797f0b67995172801b8c6dd9d41da6d2c1702a071037,Elsevier website terms; retained as request-status evidence,complete HTTP response headers,verified
research_sources_20260925T050931Z,publisher_submission_guidance,Artwork formats checklist,https://www.elsevier.com/about/policies-and-standards/author/artwork-and-media-instructions/artwork-formats-checklist,Elsevier artwork formats checklist,2026-09-25T05:00:25Z,GET,data/raw/published_sources/20260924T232000Z/elsevier_artwork_formats_checklist.html,211161,593a9dcf10873b4c412a9239de74dced8b40068b28e1241b78637513c3e3ed6e,Elsevier website terms; public author guidance,complete rendered response,verified
research_sources_20260925T050931Z,publisher_submission_guidance,Generative AI policies for journals,https://www.elsevier.com/about/policies-and-standards/generative-ai-policies-for-journals,Elsevier generative AI policy; updated June 2026,2026-09-25T05:00:25Z,GET,data/raw/published_sources/20260924T232000Z/elsevier_generative_ai_policy.html,345450,69140ab37821603b55cef49cac10a92c5fdf72ea7a93119ae19a8c489fc0e26b,Elsevier website terms; public author guidance,complete rendered response,verified
research_sources_20260925T050931Z,journal_submission_guidance,Cold Regions Science and Technology Guide for Authors,https://www.sciencedirect.com/journal/cold-regions-science-and-technology/publish/guide-for-authors,CRST Guide for Authors; rendered 2026-09-25,2026-09-25T05:09:31Z,browser-rendered GET,data/raw/published_sources/20260925T050931Z/crst_guide_for_authors.html,504166,e36acdacab8f7e0639aea11d8ea3ba9e97aeff6936e2f4670d2968bf389e139b,Elsevier website terms; public journal author guidance,complete rendered page DOM snapshot,verified
jma_daily_20260924T120000Z,JMA Historical Weather Data Search daily HTML,,https://www.data.jma.go.jp/stats/etrn/view/daily_s1.php?prec_no=16&block_no=47433&year=2021&month=11&day=&view=p1,s47433:2021-11,2026-09-24T10:09:34.668523+00:00,"{'prec_no': '16', 'block_no': '47433', 'year': '2021', 'month': '11', 'day': '', 'view': 'p1'}",data/raw/jma_daily/20260924T120000Z/s47433_2021_11_daily.html,36276,b2e0f67a25769f131055c1b3c8afce950c0bc09888a2284e00619bf097e4df92,https://www.jma.go.jp/jma/kishou/info/coment.html,complete requested station-month daily table,verified
jma_daily_20260924T120000Z,JMA Historical Weather Data Search daily HTML,,https://www.data.jma.go.jp/stats/etrn/view/daily_s1.php?prec_no=16&block_no=47433&year=2021&month=12&day=&view=p1,s47433:2021-12,2026-09-24T10:09:36.373291+00:00,"{'prec_no': '16', 'block_no': '47433', 'year': '2021', 'month': '12', 'day': '', 'view': 'p1'}",data/raw/jma_daily/20260924T120000Z/s47433_2021_12_daily.html,37201,daead0a7be04e5aeaba7cce86c3036152dd70775868b4340583fcd903b690dc7,https://www.jma.go.jp/jma/kishou/info/coment.html,complete requested station-month daily table,verified
jma_daily_20260924T120000Z,JMA Historical Weather Data Search daily HTML,,https://www.data.jma.go.jp/stats/etrn/view/daily_s1.php?prec_no=16&block_no=47433&year=2022&month=01&day=&view=p1,s47433:2022-01,2026-09-24T10:09:38.048478+00:00,"{'prec_no': '16', 'block_no': '47433', 'year': '2022', 'month': '01', 'day': '', 'view': 'p1'}",data/raw/jma_daily/20260924T120000Z/s47433_2022_01_daily.html,37254,b7a61da8a4dbbb320b961835fc3ca54962bdb54e1dd6471cd61a70c502cfd771,https://www.jma.go.jp/jma/kishou/info/coment.html,complete requested station-month daily table,verified
jma_daily_20260924T120000Z,JMA Historical Weather Data Search daily HTML,,https://www.data.jma.go.jp/stats/etrn/view/daily_s1.php?prec_no=16&block_no=47433&year=2022&month=02&day=&view=p1,s47433:2022-02,2026-09-24T10:09:39.715560+00:00,"{'prec_no': '16', 'block_no': '47433', 'year': '2022', 'month': '02', 'day': '', 'view': 'p1'}",data/raw/jma_daily/20260924T120000Z/s47433_2022_02_daily.html,34642,458051392fedb3736391b573058c0d8783a0dff93c1ccd24dd4f79eb4f6268b8,https://www.jma.go.jp/jma/kishou/info/coment.html,complete requested station-month daily table,verified
jma_daily_20260924T120000Z,JMA Historical Weather Data Search daily HTML,,https://www.data.jma.go.jp/stats/etrn/view/daily_s1.php?prec_no=16&block_no=47433&year=2022&month=03&day=&view=p1,s47433:2022-03,2026-09-24T10:09:41.389102+00:00,"{'prec_no': '16', 'block_no': '47433', 'year': '2022', 'month': '03', 'day': '', 'view': 'p1'}",data/raw/jma_daily/20260924T120000Z/s47433_2022_03_daily.html,37187,2ab46ae4b44ae1e25777614cb5edf1333e8d1fc7d9f1bf0d17fbb506232c4808,https://www.jma.go.jp/jma/kishou/info/coment.html,complete requested station-month daily table,verified
jma_daily_20260924T120000Z,JMA Historical Weather Data Search daily HTML,,https://www.data.jma.go.jp/stats/etrn/view/daily_s1.php?prec_no=16&block_no=47433&year=2022&month=04&day=&view=p1,s47433:2022-04,2026-09-24T10:09:43.056369+00:00,"{'prec_no': '16', 'block_no': '47433', 'year': '2022', 'month': '04', 'day': '', 'view': 'p1'}",data/raw/jma_daily/20260924T120000Z/s47433_2022_04_daily.html,36263,77e516c02d952db1b2c49e81488e43624899c0dd73715457ca5e364c84d3f14b,https://www.jma.go.jp/jma/kishou/info/coment.html,complete requested station-month daily table,verified
jma_daily_20260924T120000Z,JMA Historical Weather Data Search daily HTML,,https://www.data.jma.go.jp/stats/etrn/view/daily_s1.php?prec_no=16&block_no=47433&year=2022&month=11&day=&view=p1,s47433:2022-11,2026-09-24T10:09:44.722633+00:00,"{'prec_no': '16', 'block_no': '47433', 'year': '2022', 'month': '11', 'day': '', 'view': 'p1'}",data/raw/jma_daily/20260924T120000Z/s47433_2022_11_daily.html,36319,eff4df7627b5784089cea752366f982d749658aa4f7a8b357d239cc8c32ea8ae,https://www.jma.go.jp/jma/kishou/info/coment.html,complete requested station-month daily table,verified
jma_daily_20260924T120000Z,JMA Historical Weather Data Search daily HTML,,https://www.data.jma.go.jp/stats/etrn/view/daily_s1.php?prec_no=16&block_no=47433&year=2022&month=12&day=&view=p1,s47433:2022-12,2026-09-24T10:09:46.408619+00:00,"{'prec_no': '16', 'block_no': '47433', 'year': '2022', 'month': '12', 'day': '', 'view': 'p1'}",data/raw/jma_daily/20260924T120000Z/s47433_2022_12_daily.html,37236,225231297b3d6855a3ec2c1c63496fcc3af9bd0c6024b992cba1be5210e0927c,https://www.jma.go.jp/jma/kishou/info/coment.html,complete requested station-month daily table,verified
jma_daily_20260924T120000Z,JMA Historical Weather Data Search daily HTML,,https://www.data.jma.go.jp/stats/etrn/view/daily_s1.php?prec_no=16&block_no=47433&year=2023&month=01&day=&view=p1,s47433:2023-01,2026-09-24T10:09:48.181121+00:00,"{'prec_no': '16', 'block_no': '47433', 'year': '2023', 'month': '01', 'day': '', 'view': 'p1'}",data/raw/jma_daily/20260924T120000Z/s47433_2023_01_daily.html,37281,a3757198b78bdb111558b99c9352474ad79e06d6403ab5909aeb9af544b08133,https://www.jma.go.jp/jma/kishou/info/coment.html,complete requested station-month daily table,verified
jma_daily_20260924T120000Z,JMA Historical Weather Data Search daily HTML,,https://www.data.jma.go.jp/stats/etrn/view/daily_s1.php?prec_no=16&block_no=47433&year=2023&month=02&day=&view=p1,s47433:2023-02,2026-09-24T10:09:49.867439+00:00,"{'prec_no': '16', 'block_no': '47433', 'year': '2023', 'month': '02', 'day': '', 'view': 'p1'}",data/raw/jma_daily/20260924T120000Z/s47433_2023_02_daily.html,34659,ffcf961bf458b9ac3f35a5d39d78fa0f481aeb5f04adfc2c51c1fea4f8019fcc,https://www.jma.go.jp/jma/kishou/info/coment.html,complete requested station-month daily table,verified
jma_daily_20260924T120000Z,JMA Historical Weather Data Search daily HTML,,https://www.data.jma.go.jp/stats/etrn/view/daily_s1.php?prec_no=16&block_no=47433&year=2023&month=03&day=&view=p1,s47433:2023-03,2026-09-24T10:09:51.537034+00:00,"{'prec_no': '16', 'block_no': '47433', 'year': '2023', 'month': '03', 'day': '', 'view': 'p1'}",data/raw/jma_daily/20260924T120000Z/s47433_2023_03_daily.html,37222,51553e1b0a8590540e6a07ee54fc74487c03cb78fcef6e68baca454e25e4e4ae,https://www.jma.go.jp/jma/kishou/info/coment.html,complete requested station-month daily table,verified
jma_daily_20260924T120000Z,JMA Historical Weather Data Search daily HTML,,https://www.data.jma.go.jp/stats/etrn/view/daily_s1.php?prec_no=16&block_no=47433&year=2023&month=04&day=&view=p1,s47433:2023-04,2026-09-24T10:09:53.200792+00:00,"{'prec_no': '16', 'block_no': '47433', 'year': '2023', 'month': '04', 'day': '', 'view': 'p1'}",data/raw/jma_daily/20260924T120000Z/s47433_2023_04_daily.html,36325,3efcbc85a637aa4dd434b1929b8e01f7e189d325c43f52379be3e064ae6571fd,https://www.jma.go.jp/jma/kishou/info/coment.html,complete requested station-month daily table,verified
jma_daily_20260924T120000Z,JMA Historical Weather Data Search daily HTML,,https://www.data.jma.go.jp/stats/etrn/view/daily_s1.php?prec_no=16&block_no=47433&year=2023&month=11&day=&view=p1,s47433:2023-11,2026-09-24T10:09:54.889973+00:00,"{'prec_no': '16', 'block_no': '47433', 'year': '2023', 'month': '11', 'day': '', 'view': 'p1'}",data/raw/jma_daily/20260924T120000Z/s47433_2023_11_daily.html,36351,e89879dc20c5ef4debf2569573d50ad0104b0b7135da40337cdd0b9ec4d9dd4b,https://www.jma.go.jp/jma/kishou/info/coment.html,complete requested station-month daily table,verified
jma_daily_20260924T120000Z,JMA Historical Weather Data Search daily HTML,,https://www.data.jma.go.jp/stats/etrn/view/daily_s1.php?prec_no=16&block_no=47433&year=2023&month=12&day=&view=p1,s47433:2023-12,2026-09-24T10:09:56.556760+00:00,"{'prec_no': '16', 'block_no': '47433', 'year': '2023', 'month': '12', 'day': '', 'view': 'p1'}",data/raw/jma_daily/20260924T120000Z/s47433_2023_12_daily.html,37226,8ff8aca655c62424f158f80cd5f637b2231a44ac20cf097d6c0ac65893dc8215,https://www.jma.go.jp/jma/kishou/info/coment.html,complete requested station-month daily table,verified
jma_daily_20260924T120000Z,JMA Historical Weather Data Search daily HTML,,https://www.data.jma.go.jp/stats/etrn/view/daily_s1.php?prec_no=16&block_no=47433&year=2024&month=01&day=&view=p1,s47433:2024-01,2026-09-24T10:09:58.244201+00:00,"{'prec_no': '16', 'block_no': '47433', 'year': '2024', 'month': '01', 'day': '', 'view': 'p1'}",data/raw/jma_daily/20260924T120000Z/s47433_2024_01_daily.html,37265,a5bfe55e3c707d38f0d7714a7bb6e2f3366fd264e0c6b92313a69cb1631e9b01,https://www.jma.go.jp/jma/kishou/info/coment.html,complete requested station-month daily table,verified
jma_daily_20260924T120000Z,JMA Historical Weather Data Search daily HTML,,https://www.data.jma.go.jp/stats/etrn/view/daily_s1.php?prec_no=16&block_no=47433&year=2024&month=02&day=&view=p1,s47433:2024-02,2026-09-24T10:09:59.904867+00:00,"{'prec_no': '16', 'block_no': '47433', 'year': '2024', 'month': '02', 'day': '', 'view': 'p1'}",data/raw/jma_daily/20260924T120000Z/s47433_2024_02_daily.html,35478,325378f5f66b514106ffe50ce04c5f74fca91a42fb19139152d489265a14ea0c,https://www.jma.go.jp/jma/kishou/info/coment.html,complete requested station-month daily table,verified
jma_daily_20260924T120000Z,JMA Historical Weather Data Search daily HTML,,https://www.data.jma.go.jp/stats/etrn/view/daily_s1.php?prec_no=16&block_no=47433&year=2024&month=03&day=&view=p1,s47433:2024-03,2026-09-24T10:10:01.578829+00:00,"{'prec_no': '16', 'block_no': '47433', 'year': '2024', 'month': '03', 'day': '', 'view': 'p1'}",data/raw/jma_daily/20260924T120000Z/s47433_2024_03_daily.html,37177,5a4c608f5ef389a807e467d5b572bcac841ff88c8c5aa303fe6989161645fbe0,https://www.jma.go.jp/jma/kishou/info/coment.html,complete requested station-month daily table,verified
jma_daily_20260924T120000Z,JMA Historical Weather Data Search daily HTML,,https://www.data.jma.go.jp/stats/etrn/view/daily_s1.php?prec_no=16&block_no=47433&year=2024&month=04&day=&view=p1,s47433:2024-04,2026-09-24T10:10:03.262792+00:00,"{'prec_no': '16', 'block_no': '47433', 'year': '2024', 'month': '04', 'day': '', 'view': 'p1'}",data/raw/jma_daily/20260924T120000Z/s47433_2024_04_daily.html,36289,ee3c07ad91eee10d6be44f980f5fdaf8f4132fcf8ffb4c13b20c1abf9817cd8f,https://www.jma.go.jp/jma/kishou/info/coment.html,complete requested station-month daily table,verified
jma_daily_20260924T120000Z,JMA Historical Weather Data Search daily HTML,,https://www.data.jma.go.jp/stats/etrn/view/daily_s1.php?prec_no=31&block_no=47575&year=2021&month=11&day=&view=p1,s47575:2021-11,2026-09-24T10:10:05.049896+00:00,"{'prec_no': '31', 'block_no': '47575', 'year': '2021', 'month': '11', 'day': '', 'view': 'p1'}",data/raw/jma_daily/20260924T120000Z/s47575_2021_11_daily.html,37409,5164b636747b8d9208ff2654f3288684c73ddca759fe53fa8ede27d1c735ea9c,https://www.jma.go.jp/jma/kishou/info/coment.html,complete requested station-month daily table,verified
jma_daily_20260924T120000Z,JMA Historical Weather Data Search daily HTML,,https://www.data.jma.go.jp/stats/etrn/view/daily_s1.php?prec_no=31&block_no=47575&year=2021&month=12&day=&view=p1,s47575:2021-12,2026-09-24T10:10:06.696959+00:00,"{'prec_no': '31', 'block_no': '47575', 'year': '2021', 'month': '12', 'day': '', 'view': 'p1'}",data/raw/jma_daily/20260924T120000Z/s47575_2021_12_daily.html,38231,31cc72caacd1aa37e40724fe4060650fa1745ed1c97fb2e3b28662ddcd125f0b,https://www.jma.go.jp/jma/kishou/info/coment.html,complete requested station-month daily table,verified
jma_daily_20260924T120000Z,JMA Historical Weather Data Search daily HTML,,https://www.data.jma.go.jp/stats/etrn/view/daily_s1.php?prec_no=31&block_no=47575&year=2022&month=01&day=&view=p1,s47575:2022-01,2026-09-24T10:10:08.348573+00:00,"{'prec_no': '31', 'block_no': '47575', 'year': '2022', 'month': '01', 'day': '', 'view': 'p1'}",data/raw/jma_daily/20260924T120000Z/s47575_2022_01_daily.html,38272,aff825e363a7a0322cc6049d48364ab184bcf48bd2f21f80c794c81b303d26b3,https://www.jma.go.jp/jma/kishou/info/coment.html,complete requested station-month daily table,verified
jma_daily_20260924T120000Z,JMA Historical Weather Data Search daily HTML,,https://www.data.jma.go.jp/stats/etrn/view/daily_s1.php?prec_no=31&block_no=47575&year=2022&month=02&day=&view=p1,s47575:2022-02,2026-09-24T10:10:09.991614+00:00,"{'prec_no': '31', 'block_no': '47575', 'year': '2022', 'month': '02', 'day': '', 'view': 'p1'}",data/raw/jma_daily/20260924T120000Z/s47575_2022_02_daily.html,35522,cf05b7dd798f70a493cc124a1b82b6d320a810f536478ba209954636f06b6fc8,https://www.jma.go.jp/jma/kishou/info/coment.html,complete requested station-month daily table,verified
jma_daily_20260924T120000Z,JMA Historical Weather Data Search daily HTML,,https://www.data.jma.go.jp/stats/etrn/view/daily_s1.php?prec_no=31&block_no=47575&year=2022&month=03&day=&view=p1,s47575:2022-03,2026-09-24T10:10:11.632651+00:00,"{'prec_no': '31', 'block_no': '47575', 'year': '2022', 'month': '03', 'day': '', 'view': 'p1'}",data/raw/jma_daily/20260924T120000Z/s47575_2022_03_daily.html,38439,9109c2ebed403fb4b6d951a08faba7ec661d1b955aab60c63d677db6e5cdc5bc,https://www.jma.go.jp/jma/kishou/info/coment.html,complete requested station-month daily table,verified
jma_daily_20260924T120000Z,JMA Historical Weather Data Search daily HTML,,https://www.data.jma.go.jp/stats/etrn/view/daily_s1.php?prec_no=31&block_no=47575&year=2022&month=04&day=&view=p1,s47575:2022-04,2026-09-24T10:10:13.369554+00:00,"{'prec_no': '31', 'block_no': '47575', 'year': '2022', 'month': '04', 'day': '', 'view': 'p1'}",data/raw/jma_daily/20260924T120000Z/s47575_2022_04_daily.html,36983,3c0f0abcfaf449a146977a8db5c3a3d52a1983d7b8aeb52077ae2c915e5626b4,https://www.jma.go.jp/jma/kishou/info/coment.html,complete requested station-month daily table,verified
jma_daily_20260924T120000Z,JMA Historical Weather Data Search daily HTML,,https://www.data.jma.go.jp/stats/etrn/view/daily_s1.php?prec_no=31&block_no=47575&year=2022&month=11&day=&view=p1,s47575:2022-11,2026-09-24T10:10:15.006069+00:00,"{'prec_no': '31', 'block_no': '47575', 'year': '2022', 'month': '11', 'day': '', 'view': 'p1'}",data/raw/jma_daily/20260924T120000Z/s47575_2022_11_daily.html,37313,5788b6f390ce286e0832cf3fd9646b9f10886a03af186fb1e50e19ae32f4d101,https://www.jma.go.jp/jma/kishou/info/coment.html,complete requested station-month daily table,verified
jma_daily_20260924T120000Z,JMA Historical Weather Data Search daily HTML,,https://www.data.jma.go.jp/stats/etrn/view/daily_s1.php?prec_no=31&block_no=47575&year=2022&month=12&day=&view=p1,s47575:2022-12,2026-09-24T10:10:16.650306+00:00,"{'prec_no': '31', 'block_no': '47575', 'year': '2022', 'month': '12', 'day': '', 'view': 'p1'}",data/raw/jma_daily/20260924T120000Z/s47575_2022_12_daily.html,38408,b46794beec2678bc67c9b96ee794080dc5b945122e6f6eb87a97bf9105b8b9de,https://www.jma.go.jp/jma/kishou/info/coment.html,complete requested station-month daily table,verified
jma_daily_20260924T120000Z,JMA Historical Weather Data Search daily HTML,,https://www.data.jma.go.jp/stats/etrn/view/daily_s1.php?prec_no=31&block_no=47575&year=2023&month=01&day=&view=p1,s47575:2023-01,2026-09-24T10:10:18.308665+00:00,"{'prec_no': '31', 'block_no': '47575', 'year': '2023', 'month': '01', 'day': '', 'view': 'p1'}",data/raw/jma_daily/20260924T120000Z/s47575_2023_01_daily.html,38144,b40fb5400e0bcceae7bdd68c9865fb98e751bf65d41568a6d6ca2a4e0653e810,https://www.jma.go.jp/jma/kishou/info/coment.html,complete requested station-month daily table,verified
jma_daily_20260924T120000Z,JMA Historical Weather Data Search daily HTML,,https://www.data.jma.go.jp/stats/etrn/view/daily_s1.php?prec_no=31&block_no=47575&year=2023&month=02&day=&view=p1,s47575:2023-02,2026-09-24T10:10:20.049153+00:00,"{'prec_no': '31', 'block_no': '47575', 'year': '2023', 'month': '02', 'day': '', 'view': 'p1'}",data/raw/jma_daily/20260924T120000Z/s47575_2023_02_daily.html,35654,9849c541d947513ac295144d2f905eed5a1e2d038aecf9db93417dfe7ba98a62,https://www.jma.go.jp/jma/kishou/info/coment.html,complete requested station-month daily table,verified
jma_daily_20260924T120000Z,JMA Historical Weather Data Search daily HTML,,https://www.data.jma.go.jp/stats/etrn/view/daily_s1.php?prec_no=31&block_no=47575&year=2023&month=03&day=&view=p1,s47575:2023-03,2026-09-24T10:10:21.683016+00:00,"{'prec_no': '31', 'block_no': '47575', 'year': '2023', 'month': '03', 'day': '', 'view': 'p1'}",data/raw/jma_daily/20260924T120000Z/s47575_2023_03_daily.html,37957,c031c28622c692fce1e404773d8ec2e48a4aeacfd75612e1486728d7e58a30c8,https://www.jma.go.jp/jma/kishou/info/coment.html,complete requested station-month daily table,verified
jma_daily_20260924T120000Z,JMA Historical Weather Data Search daily HTML,,https://www.data.jma.go.jp/stats/etrn/view/daily_s1.php?prec_no=31&block_no=47575&year=2023&month=04&day=&view=p1,s47575:2023-04,2026-09-24T10:10:23.331087+00:00,"{'prec_no': '31', 'block_no': '47575', 'year': '2023', 'month': '04', 'day': '', 'view': 'p1'}",data/raw/jma_daily/20260924T120000Z/s47575_2023_04_daily.html,37114,47b0e45a4e6337076fc2a7befc43a289df3b30353b60188aa7804f2228076c2e,https://www.jma.go.jp/jma/kishou/info/coment.html,complete requested station-month daily table,verified
jma_daily_20260924T120000Z,JMA Historical Weather Data Search daily HTML,,https://www.data.jma.go.jp/stats/etrn/view/daily_s1.php?prec_no=31&block_no=47575&year=2023&month=11&day=&view=p1,s47575:2023-11,2026-09-24T10:10:24.970632+00:00,"{'prec_no': '31', 'block_no': '47575', 'year': '2023', 'month': '11', 'day': '', 'view': 'p1'}",data/raw/jma_daily/20260924T120000Z/s47575_2023_11_daily.html,37280,4d60add3e66fa2c598007d29ae8540dd84b75b134bddf1e2f6775f552081f1c0,https://www.jma.go.jp/jma/kishou/info/coment.html,complete requested station-month daily table,verified
jma_daily_20260924T120000Z,JMA Historical Weather Data Search daily HTML,,https://www.data.jma.go.jp/stats/etrn/view/daily_s1.php?prec_no=31&block_no=47575&year=2023&month=12&day=&view=p1,s47575:2023-12,2026-09-24T10:10:26.612387+00:00,"{'prec_no': '31', 'block_no': '47575', 'year': '2023', 'month': '12', 'day': '', 'view': 'p1'}",data/raw/jma_daily/20260924T120000Z/s47575_2023_12_daily.html,38364,dc4f9b36860df939a56cb2c2e5191029b4166efa600d83d20a19030291ce0b80,https://www.jma.go.jp/jma/kishou/info/coment.html,complete requested station-month daily table,verified
jma_daily_20260924T120000Z,JMA Historical Weather Data Search daily HTML,,https://www.data.jma.go.jp/stats/etrn/view/daily_s1.php?prec_no=31&block_no=47575&year=2024&month=01&day=&view=p1,s47575:2024-01,2026-09-24T10:10:28.255652+00:00,"{'prec_no': '31', 'block_no': '47575', 'year': '2024', 'month': '01', 'day': '', 'view': 'p1'}",data/raw/jma_daily/20260924T120000Z/s47575_2024_01_daily.html,38570,5bf40ba1ad314e9cac13abc10899fc5c82816a4a4f5e32a2e63bf72157b71009,https://www.jma.go.jp/jma/kishou/info/coment.html,complete requested station-month daily table,verified
jma_daily_20260924T120000Z,JMA Historical Weather Data Search daily HTML,,https://www.data.jma.go.jp/stats/etrn/view/daily_s1.php?prec_no=31&block_no=47575&year=2024&month=02&day=&view=p1,s47575:2024-02,2026-09-24T10:10:29.992817+00:00,"{'prec_no': '31', 'block_no': '47575', 'year': '2024', 'month': '02', 'day': '', 'view': 'p1'}",data/raw/jma_daily/20260924T120000Z/s47575_2024_02_daily.html,36451,0556b6a4fe2b9670a19c8e0d8e065a3fb9708aa0f304ece07b721c350a8ad4ea,https://www.jma.go.jp/jma/kishou/info/coment.html,complete requested station-month daily table,verified
jma_daily_20260924T120000Z,JMA Historical Weather Data Search daily HTML,,https://www.data.jma.go.jp/stats/etrn/view/daily_s1.php?prec_no=31&block_no=47575&year=2024&month=03&day=&view=p1,s47575:2024-03,2026-09-24T10:10:31.626990+00:00,"{'prec_no': '31', 'block_no': '47575', 'year': '2024', 'month': '03', 'day': '', 'view': 'p1'}",data/raw/jma_daily/20260924T120000Z/s47575_2024_03_daily.html,38173,adb59363a497268439defff7f13ace156b758437c9ce95bc7b25528bcc873b63,https://www.jma.go.jp/jma/kishou/info/coment.html,complete requested station-month daily table,verified
jma_daily_20260924T120000Z,JMA Historical Weather Data Search daily HTML,,https://www.data.jma.go.jp/stats/etrn/view/daily_s1.php?prec_no=31&block_no=47575&year=2024&month=04&day=&view=p1,s47575:2024-04,2026-09-24T10:10:33.263622+00:00,"{'prec_no': '31', 'block_no': '47575', 'year': '2024', 'month': '04', 'day': '', 'view': 'p1'}",data/raw/jma_daily/20260924T120000Z/s47575_2024_04_daily.html,37014,f44789177f70ab8b35687ff260f6cbfe279406b78b334f31955d835ae0e7824c,https://www.jma.go.jp/jma/kishou/info/coment.html,complete requested station-month daily table,verified
jma_daily_20260924T120000Z,JMA Historical Weather Data Search daily HTML,,https://www.data.jma.go.jp/stats/etrn/view/daily_s1.php?prec_no=35&block_no=47520&year=2021&month=11&day=&view=p1,s47520:2021-11,2026-09-24T10:10:34.912360+00:00,"{'prec_no': '35', 'block_no': '47520', 'year': '2021', 'month': '11', 'day': '', 'view': 'p1'}",data/raw/jma_daily/20260924T120000Z/s47520_2021_11_daily.html,36303,9867df599cdf274104f4e649faabac85b586ddadf51369c007524f29efe91a86,https://www.jma.go.jp/jma/kishou/info/coment.html,complete requested station-month daily table,verified
jma_daily_20260924T120000Z,JMA Historical Weather Data Search daily HTML,,https://www.data.jma.go.jp/stats/etrn/view/daily_s1.php?prec_no=35&block_no=47520&year=2021&month=12&day=&view=p1,s47520:2021-12,2026-09-24T10:10:36.604771+00:00,"{'prec_no': '35', 'block_no': '47520', 'year': '2021', 'month': '12', 'day': '', 'view': 'p1'}",data/raw/jma_daily/20260924T120000Z/s47520_2021_12_daily.html,37185,43e7fe1b183f5af35d549c17a6f0a7bc3d6bd3cb673fa69b6a6fa61ebfa63d67,https://www.jma.go.jp/jma/kishou/info/coment.html,complete requested station-month daily table,verified
jma_daily_20260924T120000Z,JMA Historical Weather Data Search daily HTML,,https://www.data.jma.go.jp/stats/etrn/view/daily_s1.php?prec_no=35&block_no=47520&year=2022&month=01&day=&view=p1,s47520:2022-01,2026-09-24T10:10:38.283464+00:00,"{'prec_no': '35', 'block_no': '47520', 'year': '2022', 'month': '01', 'day': '', 'view': 'p1'}",data/raw/jma_daily/20260924T120000Z/s47520_2022_01_daily.html,37258,ba008f46d997610a16683986df8e1891ed15b5ad48bb7e8c4711ae1709bcd4d3,https://www.jma.go.jp/jma/kishou/info/coment.html,complete requested station-month daily table,verified
jma_daily_20260924T120000Z,JMA Historical Weather Data Search daily HTML,,https://www.data.jma.go.jp/stats/etrn/view/daily_s1.php?prec_no=35&block_no=47520&year=2022&month=02&day=&view=p1,s47520:2022-02,2026-09-24T10:10:39.964481+00:00,"{'prec_no': '35', 'block_no': '47520', 'year': '2022', 'month': '02', 'day': '', 'view': 'p1'}",data/raw/jma_daily/20260924T120000Z/s47520_2022_02_daily.html,34580,8e1e99d3cf4b79f697a61d624fc524303b0eb46ff7c2975e193d81311b9f2039,https://www.jma.go.jp/jma/kishou/info/coment.html,complete requested station-month daily table,verified
jma_daily_20260924T120000Z,JMA Historical Weather Data Search daily HTML,,https://www.data.jma.go.jp/stats/etrn/view/daily_s1.php?prec_no=35&block_no=47520&year=2022&month=03&day=&view=p1,s47520:2022-03,2026-09-24T10:10:41.636075+00:00,"{'prec_no': '35', 'block_no': '47520', 'year': '2022', 'month': '03', 'day': '', 'view': 'p1'}",data/raw/jma_daily/20260924T120000Z/s47520_2022_03_daily.html,37215,7689848d0c16deb73bfc90be3d9a63666cf332e4e4231ce4d88f485d72b07e4e,https://www.jma.go.jp/jma/kishou/info/coment.html,complete requested station-month daily table,verified
jma_daily_20260924T120000Z,JMA Historical Weather Data Search daily HTML,,https://www.data.jma.go.jp/stats/etrn/view/daily_s1.php?prec_no=35&block_no=47520&year=2022&month=04&day=&view=p1,s47520:2022-04,2026-09-24T10:10:43.308066+00:00,"{'prec_no': '35', 'block_no': '47520', 'year': '2022', 'month': '04', 'day': '', 'view': 'p1'}",data/raw/jma_daily/20260924T120000Z/s47520_2022_04_daily.html,36289,a63929650e66c4b91096b12736842d55c1b25c8349223f0639a11d82f8c91e20,https://www.jma.go.jp/jma/kishou/info/coment.html,complete requested station-month daily table,verified
jma_daily_20260924T120000Z,JMA Historical Weather Data Search daily HTML,,https://www.data.jma.go.jp/stats/etrn/view/daily_s1.php?prec_no=35&block_no=47520&year=2022&month=11&day=&view=p1,s47520:2022-11,2026-09-24T10:10:44.995791+00:00,"{'prec_no': '35', 'block_no': '47520', 'year': '2022', 'month': '11', 'day': '', 'view': 'p1'}",data/raw/jma_daily/20260924T120000Z/s47520_2022_11_daily.html,36314,3663baa08e216efa5a7f55dc24aed8088d1907a9dd2b74b6e9d347d542cafab4,https://www.jma.go.jp/jma/kishou/info/coment.html,complete requested station-month daily table,verified
jma_daily_20260924T120000Z,JMA Historical Weather Data Search daily HTML,,https://www.data.jma.go.jp/stats/etrn/view/daily_s1.php?prec_no=35&block_no=47520&year=2022&month=12&day=&view=p1,s47520:2022-12,2026-09-24T10:10:46.678231+00:00,"{'prec_no': '35', 'block_no': '47520', 'year': '2022', 'month': '12', 'day': '', 'view': 'p1'}",data/raw/jma_daily/20260924T120000Z/s47520_2022_12_daily.html,37202,d04a4c9ac8f9eb1464ceed3dfa58f07d27cc43367337bd5fb0e9ce652e7a6806,https://www.jma.go.jp/jma/kishou/info/coment.html,complete requested station-month daily table,verified
jma_daily_20260924T120000Z,JMA Historical Weather Data Search daily HTML,,https://www.data.jma.go.jp/stats/etrn/view/daily_s1.php?prec_no=35&block_no=47520&year=2023&month=01&day=&view=p1,s47520:2023-01,2026-09-24T10:10:48.351941+00:00,"{'prec_no': '35', 'block_no': '47520', 'year': '2023', 'month': '01', 'day': '', 'view': 'p1'}",data/raw/jma_daily/20260924T120000Z/s47520_2023_01_daily.html,37237,76f0c4037db741d7017d7d9080a68d989fa4d12a92eef930b42c85e6b54fea34,https://www.jma.go.jp/jma/kishou/info/coment.html,complete requested station-month daily table,verified
jma_daily_20260924T120000Z,JMA Historical Weather Data Search daily HTML,,https://www.data.jma.go.jp/stats/etrn/view/daily_s1.php?prec_no=35&block_no=47520&year=2023&month=02&day=&view=p1,s47520:2023-02,2026-09-24T10:10:50.041832+00:00,"{'prec_no': '35', 'block_no': '47520', 'year': '2023', 'month': '02', 'day': '', 'view': 'p1'}",data/raw/jma_daily/20260924T120000Z/s47520_2023_02_daily.html,34519,f2ea7592577f2d497bc92951a51d156bde07d1443e69e978b6980c5efb53e8e3,https://www.jma.go.jp/jma/kishou/info/coment.html,complete requested station-month daily table,verified
jma_daily_20260924T120000Z,JMA Historical Weather Data Search daily HTML,,https://www.data.jma.go.jp/stats/etrn/view/daily_s1.php?prec_no=35&block_no=47520&year=2023&month=03&day=&view=p1,s47520:2023-03,2026-09-24T10:10:51.713216+00:00,"{'prec_no': '35', 'block_no': '47520', 'year': '2023', 'month': '03', 'day': '', 'view': 'p1'}",data/raw/jma_daily/20260924T120000Z/s47520_2023_03_daily.html,37176,027ef512adf3609aced47a0d711d526281d519bbc74b6f9dfe4a668aee30a48e,https://www.jma.go.jp/jma/kishou/info/coment.html,complete requested station-month daily table,verified
jma_daily_20260924T120000Z,JMA Historical Weather Data Search daily HTML,,https://www.data.jma.go.jp/stats/etrn/view/daily_s1.php?prec_no=35&block_no=47520&year=2023&month=04&day=&view=p1,s47520:2023-04,2026-09-24T10:10:53.390018+00:00,"{'prec_no': '35', 'block_no': '47520', 'year': '2023', 'month': '04', 'day': '', 'view': 'p1'}",data/raw/jma_daily/20260924T120000Z/s47520_2023_04_daily.html,36315,5c44d0ce84309b09751b7b944514e9a10aae07cb91aebbf1a2b681a8a1d26566,https://www.jma.go.jp/jma/kishou/info/coment.html,complete requested station-month daily table,verified
jma_daily_20260924T120000Z,JMA Historical Weather Data Search daily HTML,,https://www.data.jma.go.jp/stats/etrn/view/daily_s1.php?prec_no=35&block_no=47520&year=2023&month=11&day=&view=p1,s47520:2023-11,2026-09-24T10:10:55.076222+00:00,"{'prec_no': '35', 'block_no': '47520', 'year': '2023', 'month': '11', 'day': '', 'view': 'p1'}",data/raw/jma_daily/20260924T120000Z/s47520_2023_11_daily.html,36338,75eb16ec8d391e0aac07c6d879f779cc494eab40a7866ffb4d7e6039ed726419,https://www.jma.go.jp/jma/kishou/info/coment.html,complete requested station-month daily table,verified
jma_daily_20260924T120000Z,JMA Historical Weather Data Search daily HTML,,https://www.data.jma.go.jp/stats/etrn/view/daily_s1.php?prec_no=35&block_no=47520&year=2023&month=12&day=&view=p1,s47520:2023-12,2026-09-24T10:10:56.768631+00:00,"{'prec_no': '35', 'block_no': '47520', 'year': '2023', 'month': '12', 'day': '', 'view': 'p1'}",data/raw/jma_daily/20260924T120000Z/s47520_2023_12_daily.html,37214,0b482ae62dd4fba3917e29f35c7183bbafead69a26ebd3851474c3323773723c,https://www.jma.go.jp/jma/kishou/info/coment.html,complete requested station-month daily table,verified
jma_daily_20260924T120000Z,JMA Historical Weather Data Search daily HTML,,https://www.data.jma.go.jp/stats/etrn/view/daily_s1.php?prec_no=35&block_no=47520&year=2024&month=01&day=&view=p1,s47520:2024-01,2026-09-24T10:10:58.463755+00:00,"{'prec_no': '35', 'block_no': '47520', 'year': '2024', 'month': '01', 'day': '', 'view': 'p1'}",data/raw/jma_daily/20260924T120000Z/s47520_2024_01_daily.html,37247,87e82e2b596b5d4990462a24b384b598d8b4c10a7e25c951c29d86e2c709a44d,https://www.jma.go.jp/jma/kishou/info/coment.html,complete requested station-month daily table,verified
jma_daily_20260924T120000Z,JMA Historical Weather Data Search daily HTML,,https://www.data.jma.go.jp/stats/etrn/view/daily_s1.php?prec_no=35&block_no=47520&year=2024&month=02&day=&view=p1,s47520:2024-02,2026-09-24T10:11:00.137944+00:00,"{'prec_no': '35', 'block_no': '47520', 'year': '2024', 'month': '02', 'day': '', 'view': 'p1'}",data/raw/jma_daily/20260924T120000Z/s47520_2024_02_daily.html,35418,8262ed9a29f13e07782f455fa72573f969d1cc9907b1a74dbfc619164af08ba2,https://www.jma.go.jp/jma/kishou/info/coment.html,complete requested station-month daily table,verified
jma_daily_20260924T120000Z,JMA Historical Weather Data Search daily HTML,,https://www.data.jma.go.jp/stats/etrn/view/daily_s1.php?prec_no=35&block_no=47520&year=2024&month=03&day=&view=p1,s47520:2024-03,2026-09-24T10:11:01.811895+00:00,"{'prec_no': '35', 'block_no': '47520', 'year': '2024', 'month': '03', 'day': '', 'view': 'p1'}",data/raw/jma_daily/20260924T120000Z/s47520_2024_03_daily.html,37137,56a5615e1587e95f4bff4922cfc6067242349456974bb99e14d407f683ac782f,https://www.jma.go.jp/jma/kishou/info/coment.html,complete requested station-month daily table,verified
jma_daily_20260924T120000Z,JMA Historical Weather Data Search daily HTML,,https://www.data.jma.go.jp/stats/etrn/view/daily_s1.php?prec_no=35&block_no=47520&year=2024&month=04&day=&view=p1,s47520:2024-04,2026-09-24T10:11:03.556955+00:00,"{'prec_no': '35', 'block_no': '47520', 'year': '2024', 'month': '04', 'day': '', 'view': 'p1'}",data/raw/jma_daily/20260924T120000Z/s47520_2024_04_daily.html,36318,5a42ce80919ca4da6b935ec8e2ed9da88022d3b51bd902ef9f4008dbf7cc34ef,https://www.jma.go.jp/jma/kishou/info/coment.html,complete requested station-month daily table,verified
jma_daily_20260924T120000Z,JMA Historical Weather Data Search daily HTML,,https://www.data.jma.go.jp/stats/etrn/view/daily_s1.php?prec_no=54&block_no=47612&year=2021&month=11&day=&view=p1,s47612:2021-11,2026-09-24T10:11:05.226085+00:00,"{'prec_no': '54', 'block_no': '47612', 'year': '2021', 'month': '11', 'day': '', 'view': 'p1'}",data/raw/jma_daily/20260924T120000Z/s47612_2021_11_daily.html,36271,f4f4baa5070bcf0fcd29735bc02387a80f0dd0f071e35d8a69fe60e10db8b46d,https://www.jma.go.jp/jma/kishou/info/coment.html,complete requested station-month daily table,verified
jma_daily_20260924T120000Z,JMA Historical Weather Data Search daily HTML,,https://www.data.jma.go.jp/stats/etrn/view/daily_s1.php?prec_no=54&block_no=47612&year=2021&month=12&day=&view=p1,s47612:2021-12,2026-09-24T10:11:07.001714+00:00,"{'prec_no': '54', 'block_no': '47612', 'year': '2021', 'month': '12', 'day': '', 'view': 'p1'}",data/raw/jma_daily/20260924T120000Z/s47612_2021_12_daily.html,37159,168eda05fb16ed662356c5952cbb83ea61111e09914b5a82ab7ae186acf8f8e1,https://www.jma.go.jp/jma/kishou/info/coment.html,complete requested station-month daily table,verified
jma_daily_20260924T120000Z,JMA Historical Weather Data Search daily HTML,,https://www.data.jma.go.jp/stats/etrn/view/daily_s1.php?prec_no=54&block_no=47612&year=2022&month=01&day=&view=p1,s47612:2022-01,2026-09-24T10:11:08.699800+00:00,"{'prec_no': '54', 'block_no': '47612', 'year': '2022', 'month': '01', 'day': '', 'view': 'p1'}",data/raw/jma_daily/20260924T120000Z/s47612_2022_01_daily.html,37154,a61fd8c4339498aa24d4cedb54e4848720425cbc44338e98b9099ea8e8526e61,https://www.jma.go.jp/jma/kishou/info/coment.html,complete requested station-month daily table,verified
jma_daily_20260924T120000Z,JMA Historical Weather Data Search daily HTML,,https://www.data.jma.go.jp/stats/etrn/view/daily_s1.php?prec_no=54&block_no=47612&year=2022&month=02&day=&view=p1,s47612:2022-02,2026-09-24T10:11:10.359381+00:00,"{'prec_no': '54', 'block_no': '47612', 'year': '2022', 'month': '02', 'day': '', 'view': 'p1'}",data/raw/jma_daily/20260924T120000Z/s47612_2022_02_daily.html,34497,7f1898a1d89bb6822ac58afa43b3154a13b7936c9002d4feaf1abc9dc2b50f3b,https://www.jma.go.jp/jma/kishou/info/coment.html,complete requested station-month daily table,verified
jma_daily_20260924T120000Z,JMA Historical Weather Data Search daily HTML,,https://www.data.jma.go.jp/stats/etrn/view/daily_s1.php?prec_no=54&block_no=47612&year=2022&month=03&day=&view=p1,s47612:2022-03,2026-09-24T10:11:12.038244+00:00,"{'prec_no': '54', 'block_no': '47612', 'year': '2022', 'month': '03', 'day': '', 'view': 'p1'}",data/raw/jma_daily/20260924T120000Z/s47612_2022_03_daily.html,37140,2f5b5f177a5443bdfaac01e769a2d9eecec57c6986a4390c550fb08547cdce61,https://www.jma.go.jp/jma/kishou/info/coment.html,complete requested station-month daily table,verified
jma_daily_20260924T120000Z,JMA Historical Weather Data Search daily HTML,,https://www.data.jma.go.jp/stats/etrn/view/daily_s1.php?prec_no=54&block_no=47612&year=2022&month=04&day=&view=p1,s47612:2022-04,2026-09-24T10:11:13.714615+00:00,"{'prec_no': '54', 'block_no': '47612', 'year': '2022', 'month': '04', 'day': '', 'view': 'p1'}",data/raw/jma_daily/20260924T120000Z/s47612_2022_04_daily.html,36304,11a1dd5d82a07f14ee8c74dfee25181dacea0dbe4d4d8a0643ebe281b7fb56cb,https://www.jma.go.jp/jma/kishou/info/coment.html,complete requested station-month daily table,verified
jma_daily_20260924T120000Z,JMA Historical Weather Data Search daily HTML,,https://www.data.jma.go.jp/stats/etrn/view/daily_s1.php?prec_no=54&block_no=47612&year=2022&month=11&day=&view=p1,s47612:2022-11,2026-09-24T10:11:15.404680+00:00,"{'prec_no': '54', 'block_no': '47612', 'year': '2022', 'month': '11', 'day': '', 'view': 'p1'}",data/raw/jma_daily/20260924T120000Z/s47612_2022_11_daily.html,36288,7b50abdaae6b047efc630820714a0ba786ab8e05243eb2054cb8b93355ccbb93,https://www.jma.go.jp/jma/kishou/info/coment.html,complete requested station-month daily table,verified
jma_daily_20260924T120000Z,JMA Historical Weather Data Search daily HTML,,https://www.data.jma.go.jp/stats/etrn/view/daily_s1.php?prec_no=54&block_no=47612&year=2022&month=12&day=&view=p1,s47612:2022-12,2026-09-24T10:11:17.362628+00:00,"{'prec_no': '54', 'block_no': '47612', 'year': '2022', 'month': '12', 'day': '', 'view': 'p1'}",data/raw/jma_daily/20260924T120000Z/s47612_2022_12_daily.html,37124,61db38b40086169f4ede62da60f0df8ef9bd9780c9bae1a45c759b1b1eaad4bf,https://www.jma.go.jp/jma/kishou/info/coment.html,complete requested station-month daily table,verified
jma_daily_20260924T120000Z,JMA Historical Weather Data Search daily HTML,,https://www.data.jma.go.jp/stats/etrn/view/daily_s1.php?prec_no=54&block_no=47612&year=2023&month=01&day=&view=p1,s47612:2023-01,2026-09-24T10:11:19.032138+00:00,"{'prec_no': '54', 'block_no': '47612', 'year': '2023', 'month': '01', 'day': '', 'view': 'p1'}",data/raw/jma_daily/20260924T120000Z/s47612_2023_01_daily.html,37206,3e56df423d83b47cabe000fc63fc5c0499526436bd9aac5d3b8d094624cb814c,https://www.jma.go.jp/jma/kishou/info/coment.html,complete requested station-month daily table,verified
jma_daily_20260924T120000Z,JMA Historical Weather Data Search daily HTML,,https://www.data.jma.go.jp/stats/etrn/view/daily_s1.php?prec_no=54&block_no=47612&year=2023&month=02&day=&view=p1,s47612:2023-02,2026-09-24T10:11:20.703627+00:00,"{'prec_no': '54', 'block_no': '47612', 'year': '2023', 'month': '02', 'day': '', 'view': 'p1'}",data/raw/jma_daily/20260924T120000Z/s47612_2023_02_daily.html,34511,65d2833b95a4fab1c253a334fcd3e4b5c05435a8d80abf7bd2fb40ee8bee9bcc,https://www.jma.go.jp/jma/kishou/info/coment.html,complete requested station-month daily table,verified
jma_daily_20260924T120000Z,JMA Historical Weather Data Search daily HTML,,https://www.data.jma.go.jp/stats/etrn/view/daily_s1.php?prec_no=54&block_no=47612&year=2023&month=03&day=&view=p1,s47612:2023-03,2026-09-24T10:11:22.379505+00:00,"{'prec_no': '54', 'block_no': '47612', 'year': '2023', 'month': '03', 'day': '', 'view': 'p1'}",data/raw/jma_daily/20260924T120000Z/s47612_2023_03_daily.html,37153,c7544ca6ce75a6f2b5843a86617488c436b8b243666e9e054c96306ec8f75cef,https://www.jma.go.jp/jma/kishou/info/coment.html,complete requested station-month daily table,verified
jma_daily_20260924T120000Z,JMA Historical Weather Data Search daily HTML,,https://www.data.jma.go.jp/stats/etrn/view/daily_s1.php?prec_no=54&block_no=47612&year=2023&month=04&day=&view=p1,s47612:2023-04,2026-09-24T10:11:24.053234+00:00,"{'prec_no': '54', 'block_no': '47612', 'year': '2023', 'month': '04', 'day': '', 'view': 'p1'}",data/raw/jma_daily/20260924T120000Z/s47612_2023_04_daily.html,36277,069d4b918cac712f40b264b18004ef1ed9b35effd620d5caf96a6b598a362217,https://www.jma.go.jp/jma/kishou/info/coment.html,complete requested station-month daily table,verified
jma_daily_20260924T120000Z,JMA Historical Weather Data Search daily HTML,,https://www.data.jma.go.jp/stats/etrn/view/daily_s1.php?prec_no=54&block_no=47612&year=2023&month=11&day=&view=p1,s47612:2023-11,2026-09-24T10:11:25.723272+00:00,"{'prec_no': '54', 'block_no': '47612', 'year': '2023', 'month': '11', 'day': '', 'view': 'p1'}",data/raw/jma_daily/20260924T120000Z/s47612_2023_11_daily.html,36295,204ce0a156081cf71afa20143851f12a9974d035dd6df1937708034ca250337c,https://www.jma.go.jp/jma/kishou/info/coment.html,complete requested station-month daily table,verified
jma_daily_20260924T120000Z,JMA Historical Weather Data Search daily HTML,,https://www.data.jma.go.jp/stats/etrn/view/daily_s1.php?prec_no=54&block_no=47612&year=2023&month=12&day=&view=p1,s47612:2023-12,2026-09-24T10:11:27.398680+00:00,"{'prec_no': '54', 'block_no': '47612', 'year': '2023', 'month': '12', 'day': '', 'view': 'p1'}",data/raw/jma_daily/20260924T120000Z/s47612_2023_12_daily.html,37137,a71c6d329eb7061354a46911288c0370e923c6588ee7a451aa2e7279560d2ed5,https://www.jma.go.jp/jma/kishou/info/coment.html,complete requested station-month daily table,verified
jma_daily_20260924T120000Z,JMA Historical Weather Data Search daily HTML,,https://www.data.jma.go.jp/stats/etrn/view/daily_s1.php?prec_no=54&block_no=47612&year=2024&month=01&day=&view=p1,s47612:2024-01,2026-09-24T10:11:29.069633+00:00,"{'prec_no': '54', 'block_no': '47612', 'year': '2024', 'month': '01', 'day': '', 'view': 'p1'}",data/raw/jma_daily/20260924T120000Z/s47612_2024_01_daily.html,37099,9c0489664cb446b2adf9b4fcbf46cba56026eed3b96e36c9567b9150d269de25,https://www.jma.go.jp/jma/kishou/info/coment.html,complete requested station-month daily table,verified
jma_daily_20260924T120000Z,JMA Historical Weather Data Search daily HTML,,https://www.data.jma.go.jp/stats/etrn/view/daily_s1.php?prec_no=54&block_no=47612&year=2024&month=02&day=&view=p1,s47612:2024-02,2026-09-24T10:11:30.746596+00:00,"{'prec_no': '54', 'block_no': '47612', 'year': '2024', 'month': '02', 'day': '', 'view': 'p1'}",data/raw/jma_daily/20260924T120000Z/s47612_2024_02_daily.html,35352,2b804d4dc61126a2e69e97a21992c1437d21c3720f8b7ab701e3c09dc3ae07ea,https://www.jma.go.jp/jma/kishou/info/coment.html,complete requested station-month daily table,verified
jma_daily_20260924T120000Z,JMA Historical Weather Data Search daily HTML,,https://www.data.jma.go.jp/stats/etrn/view/daily_s1.php?prec_no=54&block_no=47612&year=2024&month=03&day=&view=p1,s47612:2024-03,2026-09-24T10:11:32.402994+00:00,"{'prec_no': '54', 'block_no': '47612', 'year': '2024', 'month': '03', 'day': '', 'view': 'p1'}",data/raw/jma_daily/20260924T120000Z/s47612_2024_03_daily.html,37194,83da1a5f2b115090a4d9988a798035d8d356914466563c95a34eaa813ac89457,https://www.jma.go.jp/jma/kishou/info/coment.html,complete requested station-month daily table,verified
jma_daily_20260924T120000Z,JMA Historical Weather Data Search daily HTML,,https://www.data.jma.go.jp/stats/etrn/view/daily_s1.php?prec_no=54&block_no=47612&year=2024&month=04&day=&view=p1,s47612:2024-04,2026-09-24T10:11:34.082945+00:00,"{'prec_no': '54', 'block_no': '47612', 'year': '2024', 'month': '04', 'day': '', 'view': 'p1'}",data/raw/jma_daily/20260924T120000Z/s47612_2024_04_daily.html,36270,2736c609ddc4fd06928c9bba9211719b3ed85c65a7d9071d887efb9e705e91d2,https://www.jma.go.jp/jma/kishou/info/coment.html,complete requested station-month daily table,verified
crst_literature_acquisition_ledger,Crossref REST API metadata,,https://api.crossref.org/works/10.1016%2F0165-232x(86)90036-4,10.1016/0165-232x(86)90036-4,2026-09-24T06:40:05Z,HTTP GET with identifying User-Agent; one complete work record,/home/ubuntu/research/crst-literature-2026-09-24/raw/crossref/1986_snowdrifting_review.json,12885,3d539688553bbb31fa3a626619cd69ae624c3e8704a030fd52b2525cb24827db,Public bibliographic metadata; https://www.crossref.org/documentation/retrieve-metadata/rest-api/rest-api-metadata-license-information/,,not_recovered
crst_literature_acquisition_ledger,Crossref REST API metadata,,https://api.crossref.org/works/10.1016%2F0165-232x(90)90018-r,10.1016/0165-232x(90)90018-r,2026-09-24T06:37:03Z,HTTP GET with identifying User-Agent; one complete work record,/home/ubuntu/research/crst-literature-2026-09-24/raw/crossref/1990_similitude.json,5446,09137a992dd45e7e9f52ac600baa875aae36dd2bc821605fc3fb94146a6ff89d,Public bibliographic metadata; https://www.crossref.org/documentation/retrieve-metadata/rest-api/rest-api-metadata-license-information/,,not_recovered
crst_literature_acquisition_ledger,Crossref REST API metadata,,https://api.crossref.org/works/10.1016%2Fs0165-232x(99)00021-x,10.1016/s0165-232x(99)00021-x,2026-09-24T06:37:04Z,HTTP GET with identifying User-Agent; one complete work record,/home/ubuntu/research/crst-literature-2026-09-24/raw/crossref/1999_large_scale.json,4986,36dfe7de103395dd61e5c57d5c1edc972fb5d87fc6a17af84d7b6c5e898976ba,Public bibliographic metadata; https://www.crossref.org/documentation/retrieve-metadata/rest-api/rest-api-metadata-license-information/,,not_recovered
crst_literature_acquisition_ledger,Crossref REST API metadata,,https://api.crossref.org/works/10.1016%2Fj.coldregions.2016.04.006,10.1016/j.coldregions.2016.04.006,2026-09-24T06:37:04Z,HTTP GET with identifying User-Agent; one complete work record,/home/ubuntu/research/crst-literature-2026-09-24/raw/crossref/2016_flat_wind_tunnel.json,11405,eb8a99845062632a845dcfeafe5c13e6b5202028241a0b2394e039ddfe7d50c5,Public bibliographic metadata; https://www.crossref.org/documentation/retrieve-metadata/rest-api/rest-api-metadata-license-information/,,not_recovered
crst_literature_acquisition_ledger,Crossref REST API metadata,,https://api.crossref.org/works/10.1016%2Fj.coldregions.2017.05.004,10.1016/j.coldregions.2017.05.004,2026-09-24T06:37:04Z,HTTP GET with identifying User-Agent; one complete work record,/home/ubuntu/research/crst-literature-2026-09-24/raw/crossref/2018_cfd_review.json,41069,2f7a9228273a3c6bed1efc35e11615ee1b42ba1c2c6277bb6a843fad8deee331,Public bibliographic metadata; https://www.crossref.org/documentation/retrieve-metadata/rest-api/rest-api-metadata-license-information/,,not_recovered
crst_literature_acquisition_ledger,Crossref REST API metadata,,https://api.crossref.org/works/10.1016%2Fj.coldregions.2017.09.007,10.1016/j.coldregions.2017.09.007,2026-09-24T06:37:05Z,HTTP GET with identifying User-Agent; one complete work record,/home/ubuntu/research/crst-literature-2026-09-24/raw/crossref/2018_membrane.json,10531,453f874bdf6ef39ef107c9450c0a9a2ac4dcda9ada40d34c75778269f3b0b10f,Public bibliographic metadata; https://www.crossref.org/documentation/retrieve-metadata/rest-api/rest-api-metadata-license-information/,,not_recovered
crst_literature_acquisition_ledger,Crossref REST API metadata,,https://api.crossref.org/works/10.1016%2Fj.coldregions.2019.03.016,10.1016/j.coldregions.2019.03.016,2026-09-24T06:37:05Z,HTTP GET with identifying User-Agent; one complete work record,/home/ubuntu/research/crst-literature-2026-09-24/raw/crossref/2019_flat_investigation.json,18382,bda640f7be15b1913e8bcb588e65020d99b45f89d29f52ed411f6d6d17b8a3c8,Public bibliographic metadata; https://www.crossref.org/documentation/retrieve-metadata/rest-api/rest-api-metadata-license-information/,,not_recovered
crst_literature_acquisition_ledger,Crossref REST API metadata,,https://api.crossref.org/works/10.1016%2Fj.coldregions.2021.103371,10.1016/j.coldregions.2021.103371,2026-09-24T06:37:06Z,HTTP GET with identifying User-Agent; one complete work record,/home/ubuntu/research/crst-literature-2026-09-24/raw/crossref/2021_building_groups.json,13748,582f416279aa6ba5566a859169f4be6dbe1d3b71346bf3de7da2a844406d3c95,Public bibliographic metadata; https://www.crossref.org/documentation/retrieve-metadata/rest-api/rest-api-metadata-license-information/,,not_recovered
crst_literature_acquisition_ledger,Crossref REST API metadata,,https://api.crossref.org/works/10.1016%2Fj.coldregions.2021.103356,10.1016/j.coldregions.2021.103356,2026-09-24T06:37:06Z,HTTP GET with identifying User-Agent; one complete work record,/home/ubuntu/research/crst-literature-2026-09-24/raw/crossref/2021_flat_snowfall.json,23202,b4eb4f055ff91c9f17ffb4e9a51affd4882c1d649ed1b6304cff32afa45e83fa,Public bibliographic metadata; https://www.crossref.org/documentation/retrieve-metadata/rest-api/rest-api-metadata-license-information/,,not_recovered
crst_literature_acquisition_ledger,Crossref REST API metadata,,https://api.crossref.org/works/10.1016%2Fj.coldregions.2021.103227,10.1016/j.coldregions.2021.103227,2026-09-24T06:37:05Z,HTTP GET with identifying User-Agent; one complete work record,/home/ubuntu/research/crst-literature-2026-09-24/raw/crossref/2021_gable.json,26956,82280dcb16cccd489a4053905991ab63f0a086dad3c93cb678fdce94e02fc34f,Public bibliographic metadata; https://www.crossref.org/documentation/retrieve-metadata/rest-api/rest-api-metadata-license-information/,,not_recovered
crst_literature_acquisition_ledger,Crossref REST API metadata,,https://api.crossref.org/works/10.1016%2Fj.coldregions.2021.103262,10.1016/j.coldregions.2021.103262,2026-09-24T06:37:06Z,HTTP GET with identifying User-Agent; one complete work record,/home/ubuntu/research/crst-literature-2026-09-24/raw/crossref/2021_pv_sliding.json,12524,70c00f626cbdad6b98d05a74528db4e7d86d0d40b2893665b2a0906bfd17a229,Public bibliographic metadata; https://www.crossref.org/documentation/retrieve-metadata/rest-api/rest-api-metadata-license-information/,,not_recovered
crst_literature_acquisition_ledger,Crossref REST API metadata,,https://api.crossref.org/works/10.1016%2Fj.coldregions.2020.103211,10.1016/j.coldregions.2020.103211,2026-09-24T06:37:05Z,HTTP GET with identifying User-Agent; one complete work record,/home/ubuntu/research/crst-literature-2026-09-24/raw/crossref/2021_spherical.json,20640,d7250d522e5620fb5fb1c6bff6cd0bef4e5d57e09db2a5bcc49f890f0c9c3031,Public bibliographic metadata; https://www.crossref.org/documentation/retrieve-metadata/rest-api/rest-api-metadata-license-information/,,not_recovered
crst_literature_acquisition_ledger,Crossref REST API metadata,,https://api.crossref.org/works/10.1016%2Fj.coldregions.2022.103614,10.1016/j.coldregions.2022.103614,2026-09-24T06:37:07Z,HTTP GET with identifying User-Agent; one complete work record,/home/ubuntu/research/crst-literature-2026-09-24/raw/crossref/2022_meteorological.json,15930,5e0488102cf707a81fcad7c5a6a670509b9963faf392f545215488815a84f78e,Public bibliographic metadata; https://www.crossref.org/documentation/retrieve-metadata/rest-api/rest-api-metadata-license-information/,,not_recovered
crst_literature_acquisition_ledger,Crossref REST API metadata,,https://api.crossref.org/works/10.1016%2Fj.coldregions.2022.103731,10.1016/j.coldregions.2022.103731,2026-09-24T06:37:07Z,HTTP GET with identifying User-Agent; one complete work record,/home/ubuntu/research/crst-literature-2026-09-24/raw/crossref/2023_monoslope.json,25513,da050ae41c328bff197d09234979418d47d2fffa49eab1f8f559a868ce1f20bb,Public bibliographic metadata; https://www.crossref.org/documentation/retrieve-metadata/rest-api/rest-api-metadata-license-information/,,not_recovered
crst_literature_acquisition_ledger,Crossref REST API metadata,,https://api.crossref.org/works/10.1016%2Fj.coldregions.2022.103754,10.1016/j.coldregions.2022.103754,2026-09-24T06:37:07Z,HTTP GET with identifying User-Agent; one complete work record,/home/ubuntu/research/crst-literature-2026-09-24/raw/crossref/2023_snow_melting.json,14065,643f43560e8c36d67ff667a2faf331d115d91b448f3742180c2ced098a8525af,Public bibliographic metadata; https://www.crossref.org/documentation/retrieve-metadata/rest-api/rest-api-metadata-license-information/,,not_recovered
crst_literature_acquisition_ledger,Crossref REST API metadata,,https://api.crossref.org/works/10.1016%2Fj.coldregions.2025.104445,10.1016/j.coldregions.2025.104445,2026-09-24T06:37:07Z,HTTP GET with identifying User-Agent; one complete work record,/home/ubuntu/research/crst-literature-2026-09-24/raw/crossref/2025_measurement.json,20424,360e6a7336618f55d8d96d621dfaded36b35825c9466b5f3ae7d9ce9511c9ff8,Public bibliographic metadata; https://www.crossref.org/documentation/retrieve-metadata/rest-api/rest-api-metadata-license-information/,,not_recovered
crst_literature_acquisition_ledger,Crossref REST API metadata,,https://api.crossref.org/works/10.1016%2Fj.coldregions.2026.104971,10.1016/j.coldregions.2026.104971,2026-09-24T06:37:08Z,HTTP GET with identifying User-Agent; one complete work record,/home/ubuntu/research/crst-literature-2026-09-24/raw/crossref/2026_adhesion.json,22298,57e913a6f302d9bc90870a86ebc9dd34f77b05e777b3bb5890130d69abea06fe,Public bibliographic metadata; https://www.crossref.org/documentation/retrieve-metadata/rest-api/rest-api-metadata-license-information/,,not_recovered
crst_literature_acquisition_ledger,Crossref REST API metadata,,https://api.crossref.org/works/10.1016%2Fj.coldregions.2026.104961,10.1016/j.coldregions.2026.104961,2026-09-24T06:37:08Z,HTTP GET with identifying User-Agent; one complete work record,/home/ubuntu/research/crst-literature-2026-09-24/raw/crossref/2026_morphology.json,16910,96a798b02d18064b5c86c988a4b82e85ff925bbbd089fe7b65c1ccaa742515a6,Public bibliographic metadata; https://www.crossref.org/documentation/retrieve-metadata/rest-api/rest-api-metadata-license-information/,,not_recovered
crst_literature_acquisition_ledger,Elsevier Article Retrieval API core metadata,,https://api.elsevier.com/content/article/PII:0165232X86900364,10.1016/0165-232x(86)90036-4,2026-09-24T06:43:02Z,"HTTP GET, Accept: text/xml; complete API response available without API key (core metadata only, not assumed to contain abstract/full text)",/home/ubuntu/research/crst-literature-2026-09-24/raw/elsevier/1986_snowdrifting_review.xml,1798,73cf9d08d1fe224179f3041a7f28c3d820c18ee266378295da34429036db6c2e,Elsevier metadata retained locally for scholarly verification; publisher terms apply,,not_recovered
crst_literature_acquisition_ledger,Elsevier Article Retrieval API core metadata,,https://api.elsevier.com/content/article/PII:0165232X9090018R,10.1016/0165-232x(90)90018-r,2026-09-24T06:43:03Z,"HTTP GET, Accept: text/xml; complete API response available without API key (core metadata only, not assumed to contain abstract/full text)",/home/ubuntu/research/crst-literature-2026-09-24/raw/elsevier/1990_similitude.xml,1804,44a6c1cd835338977ebc894e76fbcf00af83ba26cbf49309c7ff78ee5a49da76,Elsevier metadata retained locally for scholarly verification; publisher terms apply,,not_recovered
crst_literature_acquisition_ledger,Elsevier Article Retrieval API core metadata,,https://api.elsevier.com/content/article/PII:S0165232X9900021X,10.1016/s0165-232x(99)00021-x,2026-09-24T06:43:03Z,"HTTP GET, Accept: text/xml; complete API response available without API key (core metadata only, not assumed to contain abstract/full text)",/home/ubuntu/research/crst-literature-2026-09-24/raw/elsevier/1999_large_scale.xml,1857,362ccf61ea7064279664f8356680c58d7f41d1cb52ee61bc2fccba4ad2b07d35,Elsevier metadata retained locally for scholarly verification; publisher terms apply,,not_recovered
crst_literature_acquisition_ledger,Elsevier Article Retrieval API core metadata,,https://api.elsevier.com/content/article/PII:S0165232X16300581,10.1016/j.coldregions.2016.04.006,2026-09-24T06:43:04Z,"HTTP GET, Accept: text/xml; complete API response available without API key (core metadata only, not assumed to contain abstract/full text)",/home/ubuntu/research/crst-literature-2026-09-24/raw/elsevier/2016_flat_wind_tunnel.xml,1823,fad51559fd3e7a6d258f95272f643429dcd1bd768ae79ca3c5f8b0b12bf9af31,Elsevier metadata retained locally for scholarly verification; publisher terms apply,,not_recovered
crst_literature_acquisition_ledger,Elsevier Article Retrieval API core metadata,,https://api.elsevier.com/content/article/PII:S0165232X17302343,10.1016/j.coldregions.2017.05.004,2026-09-24T06:43:04Z,"HTTP GET, Accept: text/xml; complete API response available without API key (core metadata only, not assumed to contain abstract/full text)",/home/ubuntu/research/crst-literature-2026-09-24/raw/elsevier/2018_cfd_review.xml,2002,761fd15dd9f2a4f0094efd305f2fc93abc9306422cfc4e777f0dc2d87fa2a647,Elsevier metadata retained locally for scholarly verification; publisher terms apply,,not_recovered
crst_literature_acquisition_ledger,Elsevier Article Retrieval API core metadata,,https://api.elsevier.com/content/article/PII:S0165232X17304329,10.1016/j.coldregions.2017.09.007,2026-09-24T06:43:05Z,"HTTP GET, Accept: text/xml; complete API response available without API key (core metadata only, not assumed to contain abstract/full text)",/home/ubuntu/research/crst-literature-2026-09-24/raw/elsevier/2018_membrane.xml,1870,9d77f7651ee75cfb53bfb18b594d644cb4836d48f65273ee9cae41f3ddb16feb,Elsevier metadata retained locally for scholarly verification; publisher terms apply,,not_recovered
crst_literature_acquisition_ledger,Elsevier Article Retrieval API core metadata,,https://api.elsevier.com/content/article/PII:S0165232X18305627,10.1016/j.coldregions.2019.03.016,2026-09-24T06:43:05Z,"HTTP GET, Accept: text/xml; complete API response available without API key (core metadata only, not assumed to contain abstract/full text)",/home/ubuntu/research/crst-literature-2026-09-24/raw/elsevier/2019_flat_investigation.xml,1862,8670f5f494ae66d08c0e95e4347a2f0afe0a8fe3a02cb95521b5f011e427d6f5,Elsevier metadata retained locally for scholarly verification; publisher terms apply,,not_recovered
crst_literature_acquisition_ledger,Elsevier Article Retrieval API core metadata,,https://api.elsevier.com/content/article/PII:S0165232X2100152X,10.1016/j.coldregions.2021.103371,2026-09-24T06:43:06Z,"HTTP GET, Accept: text/xml; complete API response available without API key (core metadata only, not assumed to contain abstract/full text)",/home/ubuntu/research/crst-literature-2026-09-24/raw/elsevier/2021_building_groups.xml,1864,6979dba19333fcf3c9bdff8b6051f1bbfc6d80ae65e7be5e9babe88ea13706dc,Elsevier metadata retained locally for scholarly verification; publisher terms apply,,not_recovered
crst_literature_acquisition_ledger,Elsevier Article Retrieval API core metadata,,https://api.elsevier.com/content/article/PII:S0165232X21001373,10.1016/j.coldregions.2021.103356,2026-09-24T06:43:06Z,"HTTP GET, Accept: text/xml; complete API response available without API key (core metadata only, not assumed to contain abstract/full text)",/home/ubuntu/research/crst-literature-2026-09-24/raw/elsevier/2021_flat_snowfall.xml,1890,5267fca349018706fcbdbd35d55539c79b4f3ec5dc22ff58df63cb011ceffcf8,Elsevier metadata retained locally for scholarly verification; publisher terms apply,,not_recovered
crst_literature_acquisition_ledger,Elsevier Article Retrieval API core metadata,,https://api.elsevier.com/content/article/PII:S0165232X21000082,10.1016/j.coldregions.2021.103227,2026-09-24T06:43:07Z,"HTTP GET, Accept: text/xml; complete API response available without API key (core metadata only, not assumed to contain abstract/full text)",/home/ubuntu/research/crst-literature-2026-09-24/raw/elsevier/2021_gable.xml,1869,3abed5e0b1b8ff32dd9af0fd6c8be74e61ff1fcd63534d3fed2a085ac1acbf88,Elsevier metadata retained locally for scholarly verification; publisher terms apply,,not_recovered
crst_literature_acquisition_ledger,Elsevier Article Retrieval API core metadata,,https://api.elsevier.com/content/article/PII:S0165232X21000434,10.1016/j.coldregions.2021.103262,2026-09-24T06:43:07Z,"HTTP GET, Accept: text/xml; complete API response available without API key (core metadata only, not assumed to contain abstract/full text)",/home/ubuntu/research/crst-literature-2026-09-24/raw/elsevier/2021_pv_sliding.xml,1889,a60927d010fdb926d24e78c0ad4439164603864c602d659188dc586a39890519,Elsevier metadata retained locally for scholarly verification; publisher terms apply,,not_recovered
crst_literature_acquisition_ledger,Elsevier Article Retrieval API core metadata,,https://api.elsevier.com/content/article/PII:S0165232X20304584,10.1016/j.coldregions.2020.103211,2026-09-24T06:43:08Z,"HTTP GET, Accept: text/xml; complete API response available without API key (core metadata only, not assumed to contain abstract/full text)",/home/ubuntu/research/crst-literature-2026-09-24/raw/elsevier/2021_spherical.xml,1853,9b0fb30209bbd2c72533a244775b43d4331eb2a900664816d95817dde06b42dd,Elsevier metadata retained locally for scholarly verification; publisher terms apply,,not_recovered
crst_literature_acquisition_ledger,Elsevier Article Retrieval API core metadata,,https://api.elsevier.com/content/article/PII:S0165232X22001331,10.1016/j.coldregions.2022.103614,2026-09-24T06:43:08Z,"HTTP GET, Accept: text/xml; complete API response available without API key (core metadata only, not assumed to contain abstract/full text)",/home/ubuntu/research/crst-literature-2026-09-24/raw/elsevier/2022_meteorological.xml,1893,5bc7dcc920983f7a245e63b73854a337267ed4693b23ec4a034277397eebf792,Elsevier metadata retained locally for scholarly verification; publisher terms apply,,not_recovered
crst_literature_acquisition_ledger,Elsevier Article Retrieval API core metadata,,https://api.elsevier.com/content/article/PII:S0165232X22002506,10.1016/j.coldregions.2022.103731,2026-09-24T06:43:09Z,"HTTP GET, Accept: text/xml; complete API response available without API key (core metadata only, not assumed to contain abstract/full text)",/home/ubuntu/research/crst-literature-2026-09-24/raw/elsevier/2023_monoslope.xml,1876,f19819b685ad779c54f0c3ec7c6111bfe40977ac27613dc7d15995e86d7e7ab8,Elsevier metadata retained locally for scholarly verification; publisher terms apply,,not_recovered
crst_literature_acquisition_ledger,Elsevier Article Retrieval API core metadata,,https://api.elsevier.com/content/article/PII:S0165232X22002737,10.1016/j.coldregions.2022.103754,2026-09-24T06:43:09Z,"HTTP GET, Accept: text/xml; complete API response available without API key (core metadata only, not assumed to contain abstract/full text)",/home/ubuntu/research/crst-literature-2026-09-24/raw/elsevier/2023_snow_melting.xml,1863,ba8ec55d75e1264571fb8ea92cd25c6df0e50d319656cf077ddac4b9460cf6db,Elsevier metadata retained locally for scholarly verification; publisher terms apply,,not_recovered
crst_literature_acquisition_ledger,Elsevier Article Retrieval API core metadata,,https://api.elsevier.com/content/article/PII:S0165232X2500028X,10.1016/j.coldregions.2025.104445,2026-09-24T06:43:10Z,"HTTP GET, Accept: text/xml; complete API response available without API key (core metadata only, not assumed to contain abstract/full text)",/home/ubuntu/research/crst-literature-2026-09-24/raw/elsevier/2025_measurement.xml,1986,3074206ea8a45a60e9fb7071666f6b3c900757f8aeb801fd1619484dfbb00788,Elsevier metadata retained locally for scholarly verification; publisher terms apply,,not_recovered
crst_literature_acquisition_ledger,Elsevier Article Retrieval API core metadata,,https://api.elsevier.com/content/article/PII:S0165232X26001539,10.1016/j.coldregions.2026.104971,2026-09-24T06:43:10Z,"HTTP GET, Accept: text/xml; complete API response available without API key (core metadata only, not assumed to contain abstract/full text)",/home/ubuntu/research/crst-literature-2026-09-24/raw/elsevier/2026_adhesion.xml,1956,ef9511552efd189f8e2ea2059e9bfeca16bfce5725bf81467fb0710016522a97,Elsevier metadata retained locally for scholarly verification; publisher terms apply,,not_recovered
crst_literature_acquisition_ledger,Elsevier Article Retrieval API core metadata,,https://api.elsevier.com/content/article/PII:S0165232X26001436,10.1016/j.coldregions.2026.104961,2026-09-24T06:43:10Z,"HTTP GET, Accept: text/xml; complete API response available without API key (core metadata only, not assumed to contain abstract/full text)",/home/ubuntu/research/crst-literature-2026-09-24/raw/elsevier/2026_morphology.xml,1879,c90ef3d582ba5a413ab13390981d5a3a8429c5e5e7df565547cc8971b36c6449,Elsevier metadata retained locally for scholarly verification; publisher terms apply,,not_recovered
crst_literature_acquisition_ledger,DOI publisher landing-page snapshot,,https://doi.org/10.1016/0165-232x(86)90036-4,10.1016/0165-232x(86)90036-4,2026-09-24T06:40:18Z,HTTP GET following DOI redirects; landing page may be JavaScript/access-gate HTML,/home/ubuntu/research/crst-literature-2026-09-24/raw/publisher/1986_snowdrifting_review.html,2653,8832aa1e30a5ebd45e07189abd81b99a5fb4bdf54249694673541b0e53fce9ea,Publisher content retained locally only for scholarly verification; copyright remains with publisher/authors,,not_recovered
crst_literature_acquisition_ledger,DOI publisher landing-page snapshot,,https://doi.org/10.1016/0165-232x(90)90018-r,10.1016/0165-232x(90)90018-r,2026-09-24T06:40:18Z,HTTP GET following DOI redirects; landing page may be JavaScript/access-gate HTML,/home/ubuntu/research/crst-literature-2026-09-24/raw/publisher/1990_similitude.html,2655,589f6efcbdf2e397bac8dc28c46a13a77aad102cf36858ef71feec2397d43365,Publisher content retained locally only for scholarly verification; copyright remains with publisher/authors,,not_recovered
crst_literature_acquisition_ledger,DOI publisher landing-page snapshot,,https://doi.org/10.1016/s0165-232x(99)00021-x,10.1016/s0165-232x(99)00021-x,2026-09-24T06:40:19Z,HTTP GET following DOI redirects; landing page may be JavaScript/access-gate HTML,/home/ubuntu/research/crst-literature-2026-09-24/raw/publisher/1999_large_scale.html,2705,2b9231f4f11a8bb6b07488896b212668c12e7c03cce6382259d5eb6b76e1dc3c,Publisher content retained locally only for scholarly verification; copyright remains with publisher/authors,,not_recovered
crst_literature_acquisition_ledger,DOI publisher landing-page snapshot,,https://doi.org/10.1016/j.coldregions.2016.04.006,10.1016/j.coldregions.2016.04.006,2026-09-24T06:40:19Z,HTTP GET following DOI redirects; landing page may be JavaScript/access-gate HTML,/home/ubuntu/research/crst-literature-2026-09-24/raw/publisher/2016_flat_wind_tunnel.html,2667,b9635c8efce84781e1c5b3703f2f3fab140778f7bbb8e6f47b5675abc3a4665e,Publisher content retained locally only for scholarly verification; copyright remains with publisher/authors,,not_recovered
crst_literature_acquisition_ledger,DOI publisher landing-page snapshot,,https://doi.org/10.1016/j.coldregions.2017.05.004,10.1016/j.coldregions.2017.05.004,2026-09-24T06:40:19Z,HTTP GET following DOI redirects; landing page may be JavaScript/access-gate HTML,/home/ubuntu/research/crst-literature-2026-09-24/raw/publisher/2018_cfd_review.html,2726,3f86572243351ce7f14a61f8910fc4555ecdcddab19aec04600272200798d683,Publisher content retained locally only for scholarly verification; copyright remains with publisher/authors,,not_recovered
crst_literature_acquisition_ledger,DOI publisher landing-page snapshot,,https://doi.org/10.1016/j.coldregions.2017.09.007,10.1016/j.coldregions.2017.09.007,2026-09-24T06:40:20Z,HTTP GET following DOI redirects; landing page may be JavaScript/access-gate HTML,/home/ubuntu/research/crst-literature-2026-09-24/raw/publisher/2018_membrane.html,2714,92c1ee22c516f9c1bdfae49a9a64f45c3522b9d0441533a80ae29c36096e43c7,Publisher content retained locally only for scholarly verification; copyright remains with publisher/authors,,not_recovered
crst_literature_acquisition_ledger,DOI publisher landing-page snapshot,,https://doi.org/10.1016/j.coldregions.2019.03.016,10.1016/j.coldregions.2019.03.016,2026-09-24T06:40:20Z,HTTP GET following DOI redirects; landing page may be JavaScript/access-gate HTML,/home/ubuntu/research/crst-literature-2026-09-24/raw/publisher/2019_flat_investigation.html,2706,f270ef016c5e1d66031b1483e830912315ad5e79727fa9f7f46aea3f295836f7,Publisher content retained locally only for scholarly verification; copyright remains with publisher/authors,,not_recovered
crst_literature_acquisition_ledger,DOI publisher landing-page snapshot,,https://doi.org/10.1016/j.coldregions.2021.103262,10.1016/j.coldregions.2021.103262,2026-09-24T06:40:21Z,HTTP GET following DOI redirects; landing page may be JavaScript/access-gate HTML,/home/ubuntu/research/crst-literature-2026-09-24/raw/publisher/2021_pv_sliding.html,2735,7f6a3f00502edd4c2d3e3e5e603af6c1e2035087d325a1421a806b361c073f78,Publisher content retained locally only for scholarly verification; copyright remains with publisher/authors,,not_recovered
crst_literature_acquisition_ledger,DOI publisher landing-page snapshot,,https://doi.org/10.1016/j.coldregions.2020.103211,10.1016/j.coldregions.2020.103211,2026-09-24T06:40:20Z,HTTP GET following DOI redirects; landing page may be JavaScript/access-gate HTML,/home/ubuntu/research/crst-literature-2026-09-24/raw/publisher/2021_spherical.html,2693,793aeb3300e05ce5ccdb5720c63d62db996070b20e20521e4295686a3acde6ac,Publisher content retained locally only for scholarly verification; copyright remains with publisher/authors,,not_recovered
crst_literature_acquisition_ledger,DOI publisher landing-page snapshot,,https://doi.org/10.1016/j.coldregions.2022.103614,10.1016/j.coldregions.2022.103614,2026-09-24T06:40:21Z,HTTP GET following DOI redirects; landing page may be JavaScript/access-gate HTML,/home/ubuntu/research/crst-literature-2026-09-24/raw/publisher/2022_meteorological.html,2732,0434e3d192e7ecf77fcb558bb02c732821a83bbe6b04a2d41dc6c02d7ba46f0b,Publisher content retained locally only for scholarly verification; copyright remains with publisher/authors,,not_recovered
crst_literature_acquisition_ledger,DOI publisher landing-page snapshot,,https://doi.org/10.1016/j.coldregions.2022.103731,10.1016/j.coldregions.2022.103731,2026-09-24T06:40:21Z,HTTP GET following DOI redirects; landing page may be JavaScript/access-gate HTML,/home/ubuntu/research/crst-literature-2026-09-24/raw/publisher/2023_monoslope.html,2716,26997926713741d2df56180b6bba6546d5f25a8524755645442631f745103ae0,Publisher content retained locally only for scholarly verification; copyright remains with publisher/authors,,not_recovered
crst_literature_acquisition_ledger,DOI publisher landing-page snapshot,,https://doi.org/10.1016/j.coldregions.2022.103754,10.1016/j.coldregions.2022.103754,2026-09-24T06:40:22Z,HTTP GET following DOI redirects; landing page may be JavaScript/access-gate HTML,/home/ubuntu/research/crst-literature-2026-09-24/raw/publisher/2023_snow_melting.html,2703,0be9dcf524aae366dcaa5bd0a31b79859f2ed0071dc4f96772100c3e73a5e0ea,Publisher content retained locally only for scholarly verification; copyright remains with publisher/authors,,not_recovered
crst_literature_acquisition_ledger,DOI publisher landing-page snapshot,,https://doi.org/10.1016/j.coldregions.2025.104445,10.1016/j.coldregions.2025.104445,2026-09-24T06:40:22Z,HTTP GET following DOI redirects; landing page may be JavaScript/access-gate HTML,/home/ubuntu/research/crst-literature-2026-09-24/raw/publisher/2025_measurement.html,2715,b2a45880156d967975581eadd9e3ba875cbefea24c92e4a9a1b37401044ed3fe,Publisher content retained locally only for scholarly verification; copyright remains with publisher/authors,,not_recovered
crst_literature_acquisition_ledger,DOI publisher landing-page snapshot,,https://doi.org/10.1016/j.coldregions.2026.104971,10.1016/j.coldregions.2026.104971,2026-09-24T06:40:22Z,HTTP GET following DOI redirects; landing page may be JavaScript/access-gate HTML,/home/ubuntu/research/crst-literature-2026-09-24/raw/publisher/2026_adhesion.html,2681,e9704b4c87f111745c522a005479cffe33d04f0e1aaf4d445d7f04a96cf897ed,Publisher content retained locally only for scholarly verification; copyright remains with publisher/authors,,not_recovered
crst_literature_acquisition_ledger,Authoritative institutional source,,https://arc.lib.montana.edu/snow-science/objects/issw-1998-067-072.pdf,10.1016/S0165-232X(99)00021-X,2026-09-24T06:43:50Z,Direct HTTP GET from institutional repository/organization,/home/ubuntu/research/crst-literature-2026-09-24/raw/institutional/1999_thiis_gjessing_issw.pdf,3492154,0a51d9dffa5c6797148a397e180f76229535261e01908170917ca402e3d83dc4,Local scholarly verification; source copyright and terms apply,,not_recovered
crst_literature_acquisition_ledger,Authoritative institutional source,,https://www.rse-web.it/en/news/snow-adhesion-on-metallic-surfaces-a-new-study-published-from-the-collaboration-between-rse-slf-and-politecnico-di-milano/,10.1016/j.coldregions.2026.104971,2026-09-24T06:43:51Z,Direct HTTP GET from institutional repository/organization,/home/ubuntu/research/crst-literature-2026-09-24/raw/institutional/2026_rse_snow_adhesion.html,130054,66b43c1e2a6cb0af267224f01d28ecac0febf46d300f9d3967cb3a035ea43a16,Local scholarly verification; source copyright and terms apply,,not_recovered
crst_literature_acquisition_ledger,Devin web-search result snapshot,,,019a84af,2026-09-24T06:40:38Z,Search-result text snapshot; may contain truncated snippets and multiple sources; claims retained only with DOI/publisher/institutional corroboration,/home/ubuntu/research/crst-literature-2026-09-24/raw/search-snapshots/019a84af.txt,21980,509bbc0d16796fadc54b235b1246178df816b22e21a361fa7bb6e08b921997ca,Search snippets and linked content retain source copyrights; local scholarly verification only,,not_recovered
crst_literature_acquisition_ledger,Devin web-search result snapshot,,,07de5bdd,2026-09-24T06:40:38Z,Search-result text snapshot; may contain truncated snippets and multiple sources; claims retained only with DOI/publisher/institutional corroboration,/home/ubuntu/research/crst-literature-2026-09-24/raw/search-snapshots/07de5bdd.txt,17767,042275ced4b50884e3500d364ce952b9f55c8d466c9adf422d95b00bd2c2d6d3,Search snippets and linked content retain source copyrights; local scholarly verification only,,not_recovered
crst_literature_acquisition_ledger,Devin web-search result snapshot,,,12fca4ca,2026-09-24T06:40:38Z,Search-result text snapshot; may contain truncated snippets and multiple sources; claims retained only with DOI/publisher/institutional corroboration,/home/ubuntu/research/crst-literature-2026-09-24/raw/search-snapshots/12fca4ca.txt,6637,326409a3dcdd79eae0575660bcf1451a87dc1ebcdaffdf75802a88b319fa63ca,Search snippets and linked content retain source copyrights; local scholarly verification only,,not_recovered
crst_literature_acquisition_ledger,Devin web-search result snapshot,,,15f0959c,2026-09-24T06:40:38Z,Search-result text snapshot; may contain truncated snippets and multiple sources; claims retained only with DOI/publisher/institutional corroboration,/home/ubuntu/research/crst-literature-2026-09-24/raw/search-snapshots/15f0959c.txt,8139,fd9895f06091d1e131ff609fe32f89062aa3bedc6d2ce1a77e06c7971a1f37d5,Search snippets and linked content retain source copyrights; local scholarly verification only,,not_recovered
crst_literature_acquisition_ledger,Devin web-search result snapshot,,,184eb24d,2026-09-24T06:40:38Z,Search-result text snapshot; may contain truncated snippets and multiple sources; claims retained only with DOI/publisher/institutional corroboration,/home/ubuntu/research/crst-literature-2026-09-24/raw/search-snapshots/184eb24d.txt,15310,9df4545d4eb3179dc3945e8d1e087650f04fb95b47e452699ca99051dd4b9703,Search snippets and linked content retain source copyrights; local scholarly verification only,,not_recovered
crst_literature_acquisition_ledger,Devin web-search result snapshot,,,1917f94c,2026-09-24T06:43:58Z,Search-result text snapshot; may contain truncated snippets and multiple sources; claims retained only with DOI/publisher/institutional corroboration,/home/ubuntu/research/crst-literature-2026-09-24/raw/search-snapshots/1917f94c.txt,9768,c7237efe2dbd86dc571846ab00a31161fff76aa505c4c757a7054fbb8daf3886,Search snippets and linked content retain source copyrights; local scholarly verification only,,not_recovered
crst_literature_acquisition_ledger,Devin web-search result snapshot,,,275dd186,2026-09-24T06:40:38Z,Search-result text snapshot; may contain truncated snippets and multiple sources; claims retained only with DOI/publisher/institutional corroboration,/home/ubuntu/research/crst-literature-2026-09-24/raw/search-snapshots/275dd186.txt,5040,8ae42a44cb7904b73704e6d6a2c7bd47806954ffc274f5fad9470e54b8f38de3,Search snippets and linked content retain source copyrights; local scholarly verification only,,not_recovered
crst_literature_acquisition_ledger,Devin web-search result snapshot,,,28a0e7ec,2026-09-24T06:40:38Z,Search-result text snapshot; may contain truncated snippets and multiple sources; claims retained only with DOI/publisher/institutional corroboration,/home/ubuntu/research/crst-literature-2026-09-24/raw/search-snapshots/28a0e7ec.txt,6501,403f15882f25439248565caf0a923909cbb909ca19a538cfe47567d66257bd62,Search snippets and linked content retain source copyrights; local scholarly verification only,,not_recovered
crst_literature_acquisition_ledger,Devin web-search result snapshot,,,32a7ca2c,2026-09-24T06:40:38Z,Search-result text snapshot; may contain truncated snippets and multiple sources; claims retained only with DOI/publisher/institutional corroboration,/home/ubuntu/research/crst-literature-2026-09-24/raw/search-snapshots/32a7ca2c.txt,22108,8904b62d1ca648d176d3bc194668ac019aaac61005fae812473dd26d52f39849,Search snippets and linked content retain source copyrights; local scholarly verification only,,not_recovered
crst_literature_acquisition_ledger,Devin web-search result snapshot,,,55617bd6,2026-09-24T06:43:58Z,Search-result text snapshot; may contain truncated snippets and multiple sources; claims retained only with DOI/publisher/institutional corroboration,/home/ubuntu/research/crst-literature-2026-09-24/raw/search-snapshots/55617bd6.txt,6674,037d76851b8f93116629fecb66ae3df955181e69e4c004d09a6e04194c4246ba,Search snippets and linked content retain source copyrights; local scholarly verification only,,not_recovered
crst_literature_acquisition_ledger,Devin web-search result snapshot,,,607f5293,2026-09-24T06:40:38Z,Search-result text snapshot; may contain truncated snippets and multiple sources; claims retained only with DOI/publisher/institutional corroboration,/home/ubuntu/research/crst-literature-2026-09-24/raw/search-snapshots/607f5293.txt,22005,8ac06cf9e64a0538ccad0d832cae0a6fe944cf4a3a297d1dce34c93ee5b28e38,Search snippets and linked content retain source copyrights; local scholarly verification only,,not_recovered
crst_literature_acquisition_ledger,Devin web-search result snapshot,,,64768e4b,2026-09-24T06:40:38Z,Search-result text snapshot; may contain truncated snippets and multiple sources; claims retained only with DOI/publisher/institutional corroboration,/home/ubuntu/research/crst-literature-2026-09-24/raw/search-snapshots/64768e4b.txt,6194,b5b50b3aee812e79ed95dbe74a4070bfc48db29a6944f28e04e658bf58713db4,Search snippets and linked content retain source copyrights; local scholarly verification only,,not_recovered
crst_literature_acquisition_ledger,Devin web-search result snapshot,,,67e0ae48,2026-09-24T06:40:38Z,Search-result text snapshot; may contain truncated snippets and multiple sources; claims retained only with DOI/publisher/institutional corroboration,/home/ubuntu/research/crst-literature-2026-09-24/raw/search-snapshots/67e0ae48.txt,6565,6f591672e9c79c8549b9128e3948d45fcaca09e038e54dff46727d4e68235d25,Search snippets and linked content retain source copyrights; local scholarly verification only,,not_recovered
crst_literature_acquisition_ledger,Devin web-search result snapshot,,,6927a4fb,2026-09-24T06:40:38Z,Search-result text snapshot; may contain truncated snippets and multiple sources; claims retained only with DOI/publisher/institutional corroboration,/home/ubuntu/research/crst-literature-2026-09-24/raw/search-snapshots/6927a4fb.txt,20535,328c3ebc9ac444adab0834458376e73fe54f35c9a0092848c60f7bd92f188193,Search snippets and linked content retain source copyrights; local scholarly verification only,,not_recovered
crst_literature_acquisition_ledger,Devin web-search result snapshot,,,6cc65a49,2026-09-24T06:40:38Z,Search-result text snapshot; may contain truncated snippets and multiple sources; claims retained only with DOI/publisher/institutional corroboration,/home/ubuntu/research/crst-literature-2026-09-24/raw/search-snapshots/6cc65a49.txt,16277,beafe25d3b539e9a422bbf88a153330d7dfa83288b6cee3fff47fe75331d9480,Search snippets and linked content retain source copyrights; local scholarly verification only,,not_recovered
crst_literature_acquisition_ledger,Devin web-search result snapshot,,,73867c0a,2026-09-24T06:40:38Z,Search-result text snapshot; may contain truncated snippets and multiple sources; claims retained only with DOI/publisher/institutional corroboration,/home/ubuntu/research/crst-literature-2026-09-24/raw/search-snapshots/73867c0a.txt,11718,57a0d934f595b804873e55ca5471a3afd1c92ba35f4441e78730c5c4700c9d93,Search snippets and linked content retain source copyrights; local scholarly verification only,,not_recovered
crst_literature_acquisition_ledger,Devin web-search result snapshot,,,7619adb7,2026-09-24T06:40:38Z,Search-result text snapshot; may contain truncated snippets and multiple sources; claims retained only with DOI/publisher/institutional corroboration,/home/ubuntu/research/crst-literature-2026-09-24/raw/search-snapshots/7619adb7.txt,21970,7e3ef7ead783bc8ebb10ce51a852f8b7134cae8ce2bf9578373d0d092d35a36a,Search snippets and linked content retain source copyrights; local scholarly verification only,,not_recovered
crst_literature_acquisition_ledger,Devin web-search result snapshot,,,77735202,2026-09-24T06:40:38Z,Search-result text snapshot; may contain truncated snippets and multiple sources; claims retained only with DOI/publisher/institutional corroboration,/home/ubuntu/research/crst-literature-2026-09-24/raw/search-snapshots/77735202.txt,9565,8a2c0f952a98272f1cf8cdcd56005c21afc400eba30ce48d6eb7c4f0dbd91f5c,Search snippets and linked content retain source copyrights; local scholarly verification only,,not_recovered
crst_literature_acquisition_ledger,Devin web-search result snapshot,,,79ac8ca2,2026-09-24T06:40:38Z,Search-result text snapshot; may contain truncated snippets and multiple sources; claims retained only with DOI/publisher/institutional corroboration,/home/ubuntu/research/crst-literature-2026-09-24/raw/search-snapshots/79ac8ca2.txt,18577,306ac052af735814a3b4e630ea16f851592dac2a74874fce484814b80c83996a,Search snippets and linked content retain source copyrights; local scholarly verification only,,not_recovered
crst_literature_acquisition_ledger,Devin web-search result snapshot,,,7b93fe36,2026-09-24T06:40:38Z,Search-result text snapshot; may contain truncated snippets and multiple sources; claims retained only with DOI/publisher/institutional corroboration,/home/ubuntu/research/crst-literature-2026-09-24/raw/search-snapshots/7b93fe36.txt,7662,758f59cda81b026b82dee8369f17ede220720d871fa97f9249ce42b1251deca1,Search snippets and linked content retain source copyrights; local scholarly verification only,,not_recovered
crst_literature_acquisition_ledger,Devin web-search result snapshot,,,7c883793,2026-09-24T06:40:38Z,Search-result text snapshot; may contain truncated snippets and multiple sources; claims retained only with DOI/publisher/institutional corroboration,/home/ubuntu/research/crst-literature-2026-09-24/raw/search-snapshots/7c883793.txt,18302,03888d90291a0036bb7c4fe786b6bd01313d7ae8236a4249f3a7a5bb6b9d42e3,Search snippets and linked content retain source copyrights; local scholarly verification only,,not_recovered
crst_literature_acquisition_ledger,Devin web-search result snapshot,,,80055f3d,2026-09-24T06:40:38Z,Search-result text snapshot; may contain truncated snippets and multiple sources; claims retained only with DOI/publisher/institutional corroboration,/home/ubuntu/research/crst-literature-2026-09-24/raw/search-snapshots/80055f3d.txt,63912,406de0ce0cfda72b1aee50348ffc70d743a834506003e796691e325fdfa2d0d9,Search snippets and linked content retain source copyrights; local scholarly verification only,,not_recovered
crst_literature_acquisition_ledger,Devin web-search result snapshot,,,82109e4f,2026-09-24T06:40:38Z,Search-result text snapshot; may contain truncated snippets and multiple sources; claims retained only with DOI/publisher/institutional corroboration,/home/ubuntu/research/crst-literature-2026-09-24/raw/search-snapshots/82109e4f.txt,30677,09b9feb04922bcf9e73bcb0c568186462e6c267c93fe289f3dec471d7d02da96,Search snippets and linked content retain source copyrights; local scholarly verification only,,not_recovered
crst_literature_acquisition_ledger,Devin web-search result snapshot,,,82faad18,2026-09-24T06:43:58Z,Search-result text snapshot; may contain truncated snippets and multiple sources; claims retained only with DOI/publisher/institutional corroboration,/home/ubuntu/research/crst-literature-2026-09-24/raw/search-snapshots/82faad18.txt,5454,18c22f4625e820c7d3cac8349d94d17e6367589bbc2659b5d25d18440514acca,Search snippets and linked content retain source copyrights; local scholarly verification only,,not_recovered
crst_literature_acquisition_ledger,Devin web-search result snapshot,,,864c4916,2026-09-24T06:40:38Z,Search-result text snapshot; may contain truncated snippets and multiple sources; claims retained only with DOI/publisher/institutional corroboration,/home/ubuntu/research/crst-literature-2026-09-24/raw/search-snapshots/864c4916.txt,10296,94a0c851c2e4a16e873800dfe69dc7ef74c2d49d98d136e0801487bbec116da2,Search snippets and linked content retain source copyrights; local scholarly verification only,,not_recovered
crst_literature_acquisition_ledger,Devin web-search result snapshot,,,87bdaae4,2026-09-24T06:40:38Z,Search-result text snapshot; may contain truncated snippets and multiple sources; claims retained only with DOI/publisher/institutional corroboration,/home/ubuntu/research/crst-literature-2026-09-24/raw/search-snapshots/87bdaae4.txt,18321,eed41cedfa6f50337024bb1b968bc68bbe8424f11d34d2cb1880da37505cb14f,Search snippets and linked content retain source copyrights; local scholarly verification only,,not_recovered
crst_literature_acquisition_ledger,Devin web-search result snapshot,,,93075eb8,2026-09-24T06:40:38Z,Search-result text snapshot; may contain truncated snippets and multiple sources; claims retained only with DOI/publisher/institutional corroboration,/home/ubuntu/research/crst-literature-2026-09-24/raw/search-snapshots/93075eb8.txt,5649,7588af8ce32321fb8cf4053f1eaca8623d3f9146e0c8e3422288a5482f9f9002,Search snippets and linked content retain source copyrights; local scholarly verification only,,not_recovered
crst_literature_acquisition_ledger,Devin web-search result snapshot,,,9d30946f,2026-09-24T06:40:38Z,Search-result text snapshot; may contain truncated snippets and multiple sources; claims retained only with DOI/publisher/institutional corroboration,/home/ubuntu/research/crst-literature-2026-09-24/raw/search-snapshots/9d30946f.txt,22130,772f6fbc9928b6a3d7883b65b4133e4434d96023493d7b064e81b61a48ea21a4,Search snippets and linked content retain source copyrights; local scholarly verification only,,not_recovered
crst_literature_acquisition_ledger,Devin web-search result snapshot,,,a2b7052e,2026-09-24T06:40:38Z,Search-result text snapshot; may contain truncated snippets and multiple sources; claims retained only with DOI/publisher/institutional corroboration,/home/ubuntu/research/crst-literature-2026-09-24/raw/search-snapshots/a2b7052e.txt,15782,83db936304311379c4c423eb7418fd152f4d476b60144cf180f1f89114a96f70,Search snippets and linked content retain source copyrights; local scholarly verification only,,not_recovered
crst_literature_acquisition_ledger,Devin web-search result snapshot,,,a7c66921,2026-09-24T06:43:58Z,Search-result text snapshot; may contain truncated snippets and multiple sources; claims retained only with DOI/publisher/institutional corroboration,/home/ubuntu/research/crst-literature-2026-09-24/raw/search-snapshots/a7c66921.txt,14226,59ad092daa1273017d333977c77d9c725d0c269588ff44e57804e847d7c57f99,Search snippets and linked content retain source copyrights; local scholarly verification only,,not_recovered
crst_literature_acquisition_ledger,Devin web-search result snapshot,,,ae79f846,2026-09-24T06:40:38Z,Search-result text snapshot; may contain truncated snippets and multiple sources; claims retained only with DOI/publisher/institutional corroboration,/home/ubuntu/research/crst-literature-2026-09-24/raw/search-snapshots/ae79f846.txt,60225,9df223959ccd1a863159fc27dae4a36de3690db344f41cba65e82bc316340636,Search snippets and linked content retain source copyrights; local scholarly verification only,,not_recovered
crst_literature_acquisition_ledger,Devin web-search result snapshot,,,b3745f93,2026-09-24T06:40:38Z,Search-result text snapshot; may contain truncated snippets and multiple sources; claims retained only with DOI/publisher/institutional corroboration,/home/ubuntu/research/crst-literature-2026-09-24/raw/search-snapshots/b3745f93.txt,6465,723fa1f5fc43ed46a3e438ffedb2c9d181e9d4b943bfa73c515c990c73a68ac8,Search snippets and linked content retain source copyrights; local scholarly verification only,,not_recovered
crst_literature_acquisition_ledger,Devin web-search result snapshot,,,c0bd3ac9,2026-09-24T06:40:38Z,Search-result text snapshot; may contain truncated snippets and multiple sources; claims retained only with DOI/publisher/institutional corroboration,/home/ubuntu/research/crst-literature-2026-09-24/raw/search-snapshots/c0bd3ac9.txt,22057,7260804545a4de6d9cf6e3fee84d20b4b0e9550342c5047db9c670f2117ebb6d,Search snippets and linked content retain source copyrights; local scholarly verification only,,not_recovered
crst_literature_acquisition_ledger,Devin web-search result snapshot,,,c7e82214,2026-09-24T06:43:58Z,Search-result text snapshot; may contain truncated snippets and multiple sources; claims retained only with DOI/publisher/institutional corroboration,/home/ubuntu/research/crst-literature-2026-09-24/raw/search-snapshots/c7e82214.txt,11337,5f60404a4a560cae35678d3c139ccab23717fe60c02e695542694859c6c2c55e,Search snippets and linked content retain source copyrights; local scholarly verification only,,not_recovered
crst_literature_acquisition_ledger,Devin web-search result snapshot,,,c9de5145,2026-09-24T06:40:38Z,Search-result text snapshot; may contain truncated snippets and multiple sources; claims retained only with DOI/publisher/institutional corroboration,/home/ubuntu/research/crst-literature-2026-09-24/raw/search-snapshots/c9de5145.txt,12802,905674cbae313e8d68bd8712c9257959fbf43cef24bd916928d8a4ecd2fadfad,Search snippets and linked content retain source copyrights; local scholarly verification only,,not_recovered
crst_literature_acquisition_ledger,Devin web-search result snapshot,,,cbd1deda,2026-09-24T06:43:58Z,Search-result text snapshot; may contain truncated snippets and multiple sources; claims retained only with DOI/publisher/institutional corroboration,/home/ubuntu/research/crst-literature-2026-09-24/raw/search-snapshots/cbd1deda.txt,15399,545660afa50b2105cf66b442057cc7a92bd30a37e0f411fc2f82b3a236898c52,Search snippets and linked content retain source copyrights; local scholarly verification only,,not_recovered
crst_literature_acquisition_ledger,Devin web-search result snapshot,,,cccb560d,2026-09-24T06:40:38Z,Search-result text snapshot; may contain truncated snippets and multiple sources; claims retained only with DOI/publisher/institutional corroboration,/home/ubuntu/research/crst-literature-2026-09-24/raw/search-snapshots/cccb560d.txt,11336,447dde32500518eff6b9b5fe75abf1f21da2d12c1c556e406030d38bdfa7cbd2,Search snippets and linked content retain source copyrights; local scholarly verification only,,not_recovered
crst_literature_acquisition_ledger,Devin web-search result snapshot,,,d0ab2deb,2026-09-24T06:40:38Z,Search-result text snapshot; may contain truncated snippets and multiple sources; claims retained only with DOI/publisher/institutional corroboration,/home/ubuntu/research/crst-literature-2026-09-24/raw/search-snapshots/d0ab2deb.txt,63912,ac3f3735b34276d3db9db1a4a12d9f71897b6e6a2f79d98fd75fcc7567173bcb,Search snippets and linked content retain source copyrights; local scholarly verification only,,not_recovered
crst_literature_acquisition_ledger,Devin web-search result snapshot,,,e3c88b61,2026-09-24T06:40:38Z,Search-result text snapshot; may contain truncated snippets and multiple sources; claims retained only with DOI/publisher/institutional corroboration,/home/ubuntu/research/crst-literature-2026-09-24/raw/search-snapshots/e3c88b61.txt,70485,d8d94ba160236754111a86b808c1accf851b05529f6af510efb9d61f16d28b34,Search snippets and linked content retain source copyrights; local scholarly verification only,,not_recovered
crst_literature_acquisition_ledger,Devin web-search result snapshot,,,eb6b8481,2026-09-24T06:40:38Z,Search-result text snapshot; may contain truncated snippets and multiple sources; claims retained only with DOI/publisher/institutional corroboration,/home/ubuntu/research/crst-literature-2026-09-24/raw/search-snapshots/eb6b8481.txt,11307,582826a75ab1660fc731b83865c6aceef01dddf2b6bf39f2571617d094d7b1d7,Search snippets and linked content retain source copyrights; local scholarly verification only,,not_recovered
crst_literature_acquisition_ledger,Devin web-search result snapshot,,,f16aaf1d,2026-09-24T06:40:38Z,Search-result text snapshot; may contain truncated snippets and multiple sources; claims retained only with DOI/publisher/institutional corroboration,/home/ubuntu/research/crst-literature-2026-09-24/raw/search-snapshots/f16aaf1d.txt,19719,9678cbf1363a0272920b0c6841a5112e0a782f1e84f3feff6bc34b35fc64097c,Search snippets and linked content retain source copyrights; local scholarly verification only,,not_recovered
crst_literature_acquisition_ledger,Devin web-search result snapshot,,,f286416d,2026-09-24T06:40:38Z,Search-result text snapshot; may contain truncated snippets and multiple sources; claims retained only with DOI/publisher/institutional corroboration,/home/ubuntu/research/crst-literature-2026-09-24/raw/search-snapshots/f286416d.txt,8413,037db1a10d96e808aa462a0223027fa7e763df6ea80e90f571e560908a9bb02e,Search snippets and linked content retain source copyrights; local scholarly verification only,,not_recovered
crst_literature_acquisition_ledger,Devin web-search result snapshot,,,f2cec341,2026-09-24T06:40:38Z,Search-result text snapshot; may contain truncated snippets and multiple sources; claims retained only with DOI/publisher/institutional corroboration,/home/ubuntu/research/crst-literature-2026-09-24/raw/search-snapshots/f2cec341.txt,5783,8724b010d278f0431079ec0dead0e462028c73798d5f31c8ce149c031020c2cb,Search snippets and linked content retain source copyrights; local scholarly verification only,,not_recovered
crst_literature_acquisition_ledger,Devin web-search result snapshot,,,f8b388f6,2026-09-24T06:40:38Z,Search-result text snapshot; may contain truncated snippets and multiple sources; claims retained only with DOI/publisher/institutional corroboration,/home/ubuntu/research/crst-literature-2026-09-24/raw/search-snapshots/f8b388f6.txt,7230,ef55cd364ef524cdc1be46ec36c55390dd981e916816cf8b26730ee5c343a7d6,Search snippets and linked content retain source copyrights; local scholarly verification only,,not_recovered
crst_literature_acquisition_ledger,Devin web-search result snapshot,,,fe13cc6d,2026-09-24T06:40:38Z,Search-result text snapshot; may contain truncated snippets and multiple sources; claims retained only with DOI/publisher/institutional corroboration,/home/ubuntu/research/crst-literature-2026-09-24/raw/search-snapshots/fe13cc6d.txt,5750,162b334a8fef0b60ef6cb5abcaf4cd6bcae2600ee11e5378c51d6d14dd294fa4,Search snippets and linked content retain source copyrights; local scholarly verification only,,not_recovered
crst_literature_acquisition_ledger,Devin web-search result snapshot,,,shell-8db63c-b5358eda182b3e8c,2026-09-24T06:40:38Z,Search-result text snapshot; may contain truncated snippets and multiple sources; claims retained only with DOI/publisher/institutional corroboration,/home/ubuntu/research/crst-literature-2026-09-24/raw/search-snapshots/shell-8db63c-b5358eda182b3e8c.txt,3106,676e472ba5462ac97d1bf5f6030143dd92e00f4398e50f31f02e898bb4ef4a1a,Search snippets and linked content retain source copyrights; local scholarly verification only,,not_recovered
crst_literature_acquisition_ledger,Devin web-search result snapshot,,,shell-c84de3-7da49d11764a9efc,2026-09-24T06:40:38Z,Search-result text snapshot; may contain truncated snippets and multiple sources; claims retained only with DOI/publisher/institutional corroboration,/home/ubuntu/research/crst-literature-2026-09-24/raw/search-snapshots/shell-c84de3-7da49d11764a9efc.txt,4856,a6ba264e6953b6d057f3d072fa0093aa38f29ae5f0d0ea03d623aa9a7e2d9ef2,Search snippets and linked content retain source copyrights; local scholarly verification only,,not_recovered
crst_literature_acquisition_ledger,Devin web-search result snapshot,,,3520d4a7,2026-09-24T06:46:00Z,Search-result text snapshot; may contain truncated snippets and multiple sources; claims retained only with DOI/publisher/institutional corroboration,/home/ubuntu/research/crst-literature-2026-09-24/raw/search-snapshots/3520d4a7.txt,12387,0dc3ded92841f07714379ea294c3495d94a09143c0e3b7dd11ad3189dca84975,Search snippets and linked content retain source copyrights; local scholarly verification only,,not_recovered
crst-rules,record,Guide for authors - Cold Regions Science and Technology - ISSN 0165-232X | ScienceDirect.com by Elsevier,https://www.sciencedirect.com/journal/cold-regions-science-and-technology/publish/guide-for-authors,ISSN 0165-232X,,Rendered-page text captured from the official ScienceDirect page through Chrome,/home/ubuntu/research/crst-rules/raw/sciencedirect-guide-for-authors-browser-text.txt,55270,4fc83e880d08055a4b70679f4619c54da3bb22ac1b2be125179c8af7795016b3,Official public Elsevier page; retained locally for research verification,Full rendered page text captured,not_recovered
crst-rules,record,Generative AI policies for journals,https://www.elsevier.com/about/policies-and-standards/generative-ai-policies-for-journals,,,Rendered-page text captured from the official Elsevier page through Chrome,/home/ubuntu/research/crst-rules/raw/elsevier-generative-ai-policies-browser-text.txt,21489,f6cfb8a2295cc83b74db7469b467ece6d0ec7c7adc4964b01b48bbdd7b9be7e7,Official public Elsevier page; retained locally for research verification,Full rendered page text captured,not_recovered
crst-rules,record,What should be included in a cover letter? | Journal Article Publishing Support Center,https://www.elsevier.support/publishing/answer/what-should-be-included-in-a-cover-letter,,,Official Elsevier support content fetched with the web content tool,/home/ubuntu/research/crst-rules/raw/elsevier-support-cover-letter-checklist-files.txt,6754,01db94546f7ee5224c0e771547e287bdd85bb78470bab2a566c327bd214d13f1,Official public Elsevier support page; retained locally for research verification,Cover-letter page complete; same capture also contains adjacent official support pages,not_recovered
jma-weather,artifact,,https://www.data.jma.go.jp/risk/obsdl/,,2026-09-24T06:36:50Z,GET; download-tool landing page,raw/obsdl-index.html,18305,78e5d9e76d1e3dfb240cda4d837d9a870a8cbc3ae58a8b8ff20b4bee842ad2f9,,,not_recovered
jma-weather,artifact,,https://www.data.jma.go.jp/risk/obsdl/web/js/top.2.1.js,,2026-09-24T06:36:56Z,GET; download-tool client implementation,raw/obsdl-top.2.1.js,77179,01a025ef82e1eff3aaa68a8b03f6276adf382557e1c67e642d72623f984bb16c,,,not_recovered
jma-weather,artifact,,https://www.data.jma.go.jp/risk/obsdl/top/help1,,2026-09-24T06:36:57Z,GET; usage help,raw/obsdl-help1.html,36412,364a25d6bf9a9a88dea5bb04309bbb42bc03664fcbcccf3a2990635a7f8685fa,,,not_recovered
jma-weather,artifact,,https://www.data.jma.go.jp/risk/obsdl/top/help3,,2026-09-24T06:36:57Z,GET; CSV format and quality-code help,raw/obsdl-help3.html,31310,c020dcdae64a815484ef9a14f710a7978de742c338e63dd6e462d72cbc9f8b96,,,not_recovered
jma-weather,artifact,,https://www.data.jma.go.jp/risk/obsdl/top/faq,,2026-09-24T06:36:57Z,GET; download FAQ,raw/obsdl-faq.html,15361,9ce0029566eb2fc347c4ee63a0ba26e35712b1e0b791c407f6c404d0b432343a,,,not_recovered
jma-weather,artifact,,https://www.jma.go.jp/jma/kishou/info/coment.html,,2026-09-24T06:36:58Z,GET; JMA content-use terms,raw/jma-terms.html,23377,ff2b45042e6207053d8f6aa617656aa6a144e462db138f0b8138de6eefbeff48,,,not_recovered
jma-weather,artifact,,https://www.jma.go.jp/jma/kishou/know/amedas/kaisetsu.html,,2026-09-24T06:36:58Z,"GET; AMeDAS variables, units, and observation meanings",raw/amedas-explanation.html,11603,fb6039ef8b71be5deb426d65f3907b28582f85902a505dacc673029c4ec60d7e,,,not_recovered
jma-weather,artifact,,https://www.jma.go.jp/bosai/amedas/const/amedastable.json,,2026-09-24T06:36:58Z,GET; current AMeDAS station metadata,raw/amedastable.json,187742,319d215c6c9243ccb794e925dded2f849a0202f1b2cd74ce607b232f2bc2ddc5,,,not_recovered
jma-weather,artifact,,https://www.data.jma.go.jp/risk/obsdl/top/station,,2026-09-24T06:37:21Z,POST; pd=31,raw/obsdl-stations-aomori.html,39516,890c641627f9e1a05ccc5a936ebdd190832b062423f77eb8f8ebb47980aa83e3,,,not_recovered
jma-weather,artifact,,https://www.data.jma.go.jp/risk/obsdl/top/element,,2026-09-24T06:37:30Z,POST; aggrgPeriod=9,raw/obsdl-elements-hourly.html,14803,010e1422fccb223459d93122620cad5225ad25041497892e8e10e272758185e4,,,not_recovered
jma-weather,artifact,,https://www.data.jma.go.jp/risk/obsdl/top/station,,2026-09-24T06:37:45Z,POST; pd=14; exploratory station lookup,raw/obsdl-stations-ishikari.html,17713,3803bc164c63911bd2fcc40d168fd47a9616a58534a4243b5a87be3fc2659f42,,,not_recovered
jma-weather,artifact,,https://www.data.jma.go.jp/risk/obsdl/top/station,,2026-09-24T06:37:45Z,POST; pd=54,raw/obsdl-stations-niigata.html,59598,859efbd5ff6c06e948d80874bbb062bd48ade4dde979a8ed5d4257a6d79a3803,,,not_recovered
jma-weather,artifact,,https://www.data.jma.go.jp/risk/obsdl/top/station,,2026-09-24T06:37:53Z,POST; pd=16,raw/obsdl-stations-shiribeshi.html,17617,16457a10a56ac1d7bc4ddb1f177a3213d8bb335a4a68f33261c4443ef1b2b7fb,,,not_recovered
jma-weather,artifact,,https://www.data.jma.go.jp/risk/obsdl/top/element,,2026-09-24T06:38:03Z,POST; aggrgPeriod=1,raw/obsdl-elements-daily.html,34784,754cbee711944e1d72015625fd575016cd36413cf28be543d5ef600a2c979931,,,not_recovered
jma-weather,artifact,,https://www.data.jma.go.jp/risk/obsdl/show/table,,2026-09-24T06:38:33Z,"POST; station=a1079; aggrgPeriod=9; elements=201,101,503,501,301,401; 2024-01-15; numeric CSV; include quality and homogeneity columns",raw/obsdl-sample-hourly.csv,2353,0e9e75a55f68114edce11c861b2a0c7cc65a2f310091fef042cf536837a48aa4,,,not_recovered
jma-weather,artifact,,https://www.data.jma.go.jp/risk/obsdl/show/table,,2026-09-24T06:38:33Z,POST response headers; headers corresponding to raw/obsdl-sample-hourly.csv,raw/obsdl-sample-hourly.headers,1702,0f7a078bf17c53f9eb94fa35bd747a30aad3d891be34d84de731ad218e84d49e,,,not_recovered
jma-weather,artifact,,https://www.data.jma.go.jp/risk/obsdl/show/table,,2026-09-24T06:39:03Z,"POST; stations=s47433,s47575,a1079,a0543; aggrgPeriod=1; elements=201,202,203,101,501,503,301,302,401,610,605; 2024-01-15; numeric CSV; include quality and homogeneity columns",raw/obsdl-sample-daily.csv,4690,425e482de4871173ae07481378bff76da5569d943ee10fa4b23e643afc21b6e9,,,not_recovered
jma-weather,artifact,,https://www.data.jma.go.jp/risk/obsdl/show/table,,2026-09-24T06:39:03Z,POST response headers; headers corresponding to raw/obsdl-sample-daily.csv,raw/obsdl-sample-daily.headers,1702,6ee805f72dfd7a01bfcd9ee1a2ef6276c3ed2c5cb936b88650cbe9343639955b,,,not_recovered
jma-weather,artifact,,https://www.data.jma.go.jp/risk/obsdl/top/station,,2026-09-24T06:39:25Z,POST; pd=35,raw/obsdl-stations-yamagata.html,45794,1610c081db3e35dcfb77ca9b5731669728cbf67030942158b613923e720a3d64,,,not_recovered
jma-weather,artifact,,https://www.data.jma.go.jp/stats/etrn/view/nml_sfc_ym.php?prec_no=16&block_no=47433&year=&month=&day=&view=,,2026-09-24T06:39:37Z,GET; 1991-2020 monthly and annual normals,raw/normals-kutchan.html,22049,64ac406844efbd4106bf05aea18c11da02a8cf01a10a8996c2956caf231d2301,,,not_recovered
jma-weather,artifact,,https://www.data.jma.go.jp/stats/etrn/view/nml_sfc_ym.php?prec_no=31&block_no=47575&year=&month=&day=&view=,,2026-09-24T06:39:37Z,GET; 1991-2020 monthly and annual normals,raw/normals-aomori.html,22132,045f81575916e3d90bf8f6cac5eeedef714e2af54f664656cd98a64af611d6a9,,,not_recovered
jma-weather,artifact,,https://www.data.jma.go.jp/stats/etrn/view/nml_sfc_ym.php?prec_no=35&block_no=47520&year=&month=&day=&view=,,2026-09-24T06:39:37Z,GET; 1991-2020 monthly and annual normals,raw/normals-shinjo.html,21887,5278be3befee6dc845c65878db3e517a5d88403cdfb115f82505603b7254c3a3,,,not_recovered
jma-weather,artifact,,https://www.data.jma.go.jp/stats/etrn/view/nml_sfc_ym.php?prec_no=54&block_no=47612&year=&month=&day=&view=,,2026-09-24T06:39:38Z,GET; 1991-2020 monthly and annual normals,raw/normals-takada.html,22093,6e33d1220952391a03e3f239dc42449a41fe10d982e62f6333f4cde10e6ac1c8,,,not_recovered
jma-weather,artifact,,https://www.data.jma.go.jp/stats/etrn/view/nml_amd_ym.php?prec_no=31&block_no=1079&year=&month=&day=&view=,,2026-09-24T06:39:38Z,GET; 1991-2020 monthly and annual normals,raw/normals-sukayu.html,13854,80b390764c0481e902b7a8007aa90c9c10e7cbec579a3498ca75993a47ab1a93,,,not_recovered
jma-weather,artifact,,https://www.data.jma.go.jp/stats/etrn/view/nml_amd_ym.php?prec_no=54&block_no=0543&year=&month=&day=&view=,,2026-09-24T06:39:38Z,GET; 1991-2020 monthly and annual normals,raw/normals-tsunan.html,13848,97c250d7ab619faf6d7cfb95577736b2611e8f2d94176068400ae65d9e552436,,,not_recovered
jma-weather,derivative,,,,,,derived/obsdl-sample-hourly-utf8.csv,2612,ab341eb704de6343777bee1a406fa329ab09b0fb4c83c2ce49e11c83098cca53,,,not_recovered
jma-weather,derivative,,,,,,derived/obsdl-sample-daily-utf8.csv,6275,bc6af3c5217a7c133a7af326ce3e2b13ab64b0ce3d2df846a11e91e73d98cbdd,,,not_recovered
