generation,l_max_kg_per_m,s_max_kg_per_m,constraint,x_00,x_01,x_02,x_03
2,6416.968118859601,0.0,-9.190437095595826,36.59310244909174,44.538607323884435,22.9986250567858,2.7060360761393163
2,5122.832715491386,85.68719309228017,-7.9682557492293995,40.51946595637558,35.18977206277217,4.279732806864303,32.90869895538697
2,186.0479329502743,186.04793295027417,-10.088161582329214,36.60009176928257,27.262078128766817,41.91950599757612,44.94454969794974
2,4851.6906415329995,157.6692976377481,-6.508766304650855,5.367134406728539,30.796821306762077,2.5397498118127295,44.63920814282275
2,4857.227580928611,97.02874042467154,-7.789710507546648,5.707483346068681,37.98636945487772,8.356381723376703,35.03137671987837
2,6416.968118859602,0.0,-8.49295793133869,20.58909659648817,43.58052877620974,34.55223736441718,7.664914838013862
2,1239.8781626146988,191.94919508799993,-9.064309358312968,4.8347394956189955,27.3417010818862,32.24258437147569,33.053239995493584
2,201.56297515567007,201.56297515567007,-10.035778288802788,43.54225406189318,42.20663494667012,27.147601827491524,37.89545396971263
2,5896.022148021471,129.98831050318972,-9.583101868340213,18.550605707531208,22.490487329321883,3.9609349865968806,18.070107570583712
2,5375.076177183335,143.83191926775777,-7.890365569069477,19.62967888266784,37.835344500213964,6.328147196413331,22.540024794553748
2,6416.968118859603,0.0,-8.746722736284013,3.8923112752146363,28.834103630370485,26.409037149282067,4.579473306828406
2,4604.9869386631835,196.37883389871044,-9.442420610062673,13.154615715759697,15.38377272868764,12.087176835969107,31.695285492155257
2,2549.389256663443,201.4437400332564,-9.20101530190463,24.462514903387643,11.528003872323497,32.9868865577213,35.97057529571209
2,215.89149249041358,215.8914924904135,-9.973866183812383,39.47984140627991,38.731579278259375,28.486911021550373,44.02060361232208
2,6416.968118859604,0.0,-9.666541627204332,13.6766697921686,28.706009233511026,29.565793519652022,11.675945994885273
2,6416.968118859604,0.0,-10.57965318874584,27.31884530685349,17.067055951387264,21.67793275245419,10.788607199505655
2,6416.968118859604,0.0,-6.5214143385184045,2.777398467935649,44.7798885392945,31.58587202595048,11.868346120233706
2,4845.81638149669,201.28867879704543,-10.665758746892855,17.28059476724728,7.051411826759188,12.031193428525606,21.861499792186724
2,3007.082373044115,208.5121183800101,-8.948369294893592,14.590311745525257,6.768897070147557,30.164732475963316,42.81417367647792
2,2745.7940205743234,213.1451318334391,-8.836195732719482,4.554781713102521,9.551964174428338,33.80779689024561,38.7732956595386
2,237.0878398175053,226.22424416812183,-9.18985997952408,20.952177273058247,42.496584096706925,22.226879747987898,33.22886276222194
2,6416.968118859605,0.0,-7.668275711315523,34.735304043705405,21.035418212982666,41.287684888629556,8.077798675381942
2,6416.968118859605,0.0,-10.259828886271896,19.04256983718451,25.481966115967577,12.140654244052126,9.13806931812746
2,238.7519167115313,238.7519167115312,-10.397548966759949,33.01813904770393,24.553038544938367,36.838496466445385,28.222504093757138
2,3034.6054082317996,229.4612388186442,-8.489986837788116,12.883242282859445,5.2642184186952035,32.174319328986265,35.199740196151424
2,6416.968118859606,0.0,-7.841682639309077,11.33412742207398,26.4010510638396,40.335292114458795,8.454859015828479
2,3030.81930841172,243.6925737891054,-8.148998616310376,18.46650219371273,2.7041827537237997,32.2285266953442,20.75046193533423
2,1816.8858243536024,288.6846599327887,-9.481475284364272,4.758894897822413,17.81985868715601,24.16927750054527,43.47796698708581
2,440.8649771659452,324.56668605280754,-11.077934370306973,17.388213016764894,24.45738284441142,29.145136104971147,28.594980670988335
2,1022.3418101543277,290.9570098636,-10.501220489798035,11.770637966001178,23.261280877549567,31.790810971364483,39.56598202759906
2,2802.01417768468,282.41107847179,-8.76063727896215,7.986801700544544,8.112109837928285,32.94722403255176,18.45735636252749
2,6416.96811885961,0.0,-9.691399035100979,33.75660335068841,16.057329286462597,10.781867018718206,2.9396921896803363
2,6416.96811885961,0.0,-7.395852477410923,39.407353263812595,39.66146681692077,4.363002477071246,11.29998866194048
2,3310.7623840691886,251.85950703339492,-6.8386530461112045,44.42077347784826,4.850446831367537,25.8064838814678,27.684922885134903
2,967.7873995233174,380.4116410144874,-7.249737944844995,5.196982578227117,41.61565833441546,17.387887859521776,29.092327767763084
2,1497.7211238963823,319.0133777915623,-9.501186406172337,7.024318769651673,21.88248335658589,41.04005424259792,23.630590206367483
2,6416.968118859611,0.0,-9.922728324826508,19.79510589838882,5.804843193295564,20.93056529555985,5.004815785896451
2,5508.055515754071,270.88305787767393,-9.51179935117225,41.70711653603228,22.630911561686215,7.721321747971538,19.42220044716016
2,5794.007127076416,264.62989784332274,-9.141760538512099,10.142481933805513,28.36637622961667,6.4532070248761215,17.46532996229464
2,4500.60591313841,310.8679468372908,-8.562131467714043,27.167657114869655,8.05259809992019,12.364909015555657,38.721901096414605
2,4512.973157241757,282.915637856146,-9.914783084350393,15.156211783791282,4.452535866760251,13.288765671090795,29.275428691071085
2,3828.0375257904143,423.87542817075416,-8.132498612992023,41.749359325291294,12.098515358230154,15.915501769731241,36.28798184244387
2,1832.67272655691,598.9195572010058,-10.764801082656241,29.28140394002719,19.81154557372505,16.100946504217582,18.375720031386233
2,1747.0515340492132,758.0285533248339,-9.666822231085895,29.715627065718483,21.617837379331874,15.68049336234904,33.56818959069048
2,1859.6724781474386,887.3147760177064,-9.889835117879908,29.48312763877111,31.495930972457472,15.318000209536807,26.04053706568498
2,2406.363011547888,1251.086525657063,-8.238376426833455,33.238974122601164,44.906241460803386,16.067127399859913,15.902272594495
2,3600.6713401670113,3081.6757810724785,-10.746585741161567,13.778427870828217,23.387937188589525,13.980977277762474,21.69475457278679
2,3318.8372208370974,3128.164315795386,-7.966556238733091,19.646250372463683,36.72842613230842,13.583171954414487,44.50624079079406
3,6416.968118859601,0.0,-9.190437095595826,36.59310244909174,44.538607323884435,22.9986250567858,2.7060360761393163
3,5122.832715491386,85.68719309228017,-7.9682557492293995,40.51946595637558,35.18977206277217,4.279732806864303,32.90869895538697
3,4857.227580928611,97.02874042467154,-7.789710507546648,5.707483346068681,37.98636945487772,8.356381723376703,35.03137671987837
3,3011.621466112437,147.95652326693707,-9.06730936487416,14.656873144792222,6.762817026554213,29.246778562518948,43.13126317298242
3,6416.968118859601,0.0,-9.16981162654944,36.59310244909174,44.56249981147943,22.864388948358485,2.7060360761393163
3,180.0768732065004,180.07687320650047,-10.077355019554119,42.05372228256157,44.7798885392945,30.03961035587613,32.98212857998958
3,5122.832715491387,85.68719309228017,-7.822432214795395,44.527689546662955,36.3077524934329,4.279732806864303,32.90869895538697
3,4847.50724636172,155.4823310134031,-7.43268688739095,18.54414050822036,7.9858553774188925,4.116783031949199,39.132850228618494
3,6416.968118859602,0.0,-8.49295793133869,20.58909659648817,43.58052877620974,34.55223736441718,7.664914838013862
3,6416.968118859602,0.0,-9.35314056774176,36.59310244909174,29.511206238249276,22.9986250567858,2.7060360761393163
3,6416.968118859602,0.0,-8.151374994130173,24.725970129434923,16.802092049665344,40.335292114458795,10.829167069456846
3,186.0479329502743,186.04793295027417,-10.088161582329214,36.60009176928257,27.262078128766817,41.91950599757612,44.94454969794974
3,5375.076177183335,143.83191926775777,-7.890365569069477,19.62967888266784,37.835344500213964,6.328147196413331,22.540024794553748
3,5397.491294841573,111.53070399336286,-7.984659456765513,39.407353263812595,33.49532718864977,2.7110496905187613,26.86069563312842
3,4851.6906415329995,157.6692976377481,-6.508766304650855,5.367134406728539,30.796821306762077,2.5397498118127295,44.63920814282275
3,6416.968118859603,0.0,-8.746722736284013,3.8923112752146363,28.834103630370485,26.409037149282067,4.579473306828406
3,6416.968118859603,0.0,-8.092544182961909,13.6766697921686,43.633831056127285,29.565793519652022,11.675945994885273
3,6416.968118859603,0.0,-10.05172911548416,11.729271517659356,26.666014965614103,21.67793275245419,8.414299145877296
3,1239.8781626146988,191.94919508799993,-9.064309358312968,4.8347394956189955,27.3417010818862,32.24258437147569,33.053239995493584
3,201.56297515567007,201.56297515567007,-10.035778288802788,43.54225406189318,42.20663494667012,27.147601827491524,37.89545396971263
3,201.56297515567007,201.56297515567007,-9.399257321218514,43.42034342221309,42.20663494667012,22.267607742678774,37.89545396971263
3,201.56297515567007,201.56297515567007,-10.045528628069398,38.39681613165909,44.80244866777298,29.81816814963839,44.02060361232208
3,447.23519638920146,193.94201680206675,-8.205104823893308,14.25532088328692,43.34951723343819,36.641255657078595,44.881020254779756
3,5896.022148021471,129.98831050318972,-9.583101868340213,18.550605707531208,22.490487329321883,3.9609349865968806,18.070107570583712
3,6416.968118859604,0.0,-9.666541627204332,13.6766697921686,28.706009233511026,29.565793519652022,11.675945994885273
3,6416.968118859604,0.0,-10.57965318874584,27.31884530685349,17.067055951387264,21.67793275245419,10.788607199505655
3,6416.968118859604,0.0,-6.5214143385184045,2.777398467935649,44.7798885392945,31.58587202595048,11.868346120233706
3,6416.968118859604,0.0,-7.590331833272096,36.58196373258798,27.91942426863715,41.91950599757612,8.112050052662251
3,6416.968118859604,0.0,-6.5214143385184045,2.777398467935649,44.7798885392945,29.75078062320807,8.25878101145323
3,6416.968118859604,0.0,-8.78654900437908,29.48312763877111,39.440012143815714,14.803554510722039,11.451909448356666
3,212.09019144646805,212.09019144646805,-9.989497627316041,36.60009176928257,21.186240245372254,32.32458538377647,44.57175695094788
3,4604.9869386631835,196.37883389871044,-9.442420610062673,13.154615715759697,15.38377272868764,12.087176835969107,31.695285492155257
3,2544.200464809696,201.4437400332564,-9.210616269670624,24.462514903387643,11.601611291862792,32.9868865577213,33.54909068845186
3,865.2156800165089,203.17883552521207,-10.567564180281963,12.279272926377953,23.261280877549567,31.790810971364483,40.483972352571016
3,2739.5972465901787,198.04929976170308,-7.3691145388910435,12.883242282859445,6.265726579281473,41.76918178111674,35.4181086551278
3,6416.968118859605,0.0,-7.668275711315523,34.735304043705405,21.035418212982666,41.287684888629556,8.077798675381942
3,6416.968118859605,0.0,-10.259828886271896,19.04256983718451,25.481966115967577,12.140654244052126,9.13806931812746
3,6416.968118859605,0.0,-8.659161002777324,20.58909659648817,20.05120774993552,33.278013816720986,7.664914838013862
3,6416.968118859605,0.0,-10.828374938134427,19.04256983718451,25.481966115967577,16.49950730833153,9.13806931812746
3,6416.968118859605,0.0,-8.92300720086605,39.47984140627991,44.4504783686767,28.596260466361056,5.005982339667476
3,215.89149249041358,215.8914924904135,-9.973866183812383,39.47984140627991,38.731579278259375,28.486911021550373,44.02060361232208
3,2549.389256663443,201.4437400332564,-9.20101530190463,24.462514903387643,11.528003872323497,32.9868865577213,35.97057529571209
3,1230.387316000189,203.21385226499407,-9.0831554107273,4.979225897462193,27.3417010818862,35.0263164614903,31.649044048867207
3,4845.81638149669,201.28867879704543,-10.665758746892855,17.28059476724728,7.051411826759188,12.031193428525606,21.861499792186724
3,6416.968118859606,0.0,-7.841682639309077,11.33412742207398,26.4010510638396,40.335292114458795,8.454859015828479
3,228.69485349907876,228.6948534990788,-9.532754993320566,31.253287246917544,38.81118269614684,22.889275611975112,41.80482066318403
3,3007.082373044115,208.5121183800101,-8.948369294893592,14.590311745525257,6.768897070147557,30.164732475963316,42.81417367647792
3,1497.505619247539,215.96111485081684,-9.507423726465525,6.399136031820642,21.7844716971404,40.89422312757134,23.630590206367483
4,5122.832715491386,85.68719309228017,-7.9682557492293995,40.51946595637558,35.18977206277217,4.279732806864303,32.90869895538697
4,3011.621466112437,147.95652326693707,-9.06730936487416,14.656873144792222,6.762817026554213,29.246778562518948,43.13126317298242
4,180.0768732065004,180.07687320650047,-10.077355019554119,42.05372228256157,44.7798885392945,30.03961035587613,32.98212857998958
4,4851.678821664183,88.40429445782844,-6.5648243678724185,24.947318736464823,11.648617783254988,3.1652601079014655,44.83493995421281
4,6416.9681188596005,0.0,-9.291833872039422,34.94297114154696,27.34436444660386,23.468643057170386,2.7060360761393163
4,180.0768732065004,180.07687320650047,-10.074501325097756,42.05372228256157,44.80176686345994,30.03961035587613,32.825191176641994
4,4848.158505797138,97.03653045875765,-6.703854306289706,5.433518971759884,36.27584600273312,4.0354244910439165,44.63920814282275
4,5122.832715491387,85.68719309228017,-7.822432214795395,44.527689546662955,36.3077524934329,4.279732806864303,32.90869895538697
4,5122.832715491387,85.68719309228017,-7.822432214795395,44.94850464634543,36.3077524934329,4.279732806864303,32.90869895538697
4,4847.50724636172,155.4823310134031,-7.43268688739095,18.54414050822036,7.9858553774188925,4.116783031949199,39.132850228618494
4,4857.227580928611,97.02874042467154,-7.789710507546648,5.707483346068681,37.98636945487772,8.356381723376703,35.03137671987837
4,6416.968118859601,0.0,-9.190437095595826,36.59310244909174,44.538607323884435,22.9986250567858,2.7060360761393163
4,6416.968118859601,0.0,-9.16981162654944,36.59310244909174,44.56249981147943,22.864388948358485,2.7060360761393163
4,6416.968118859601,0.0,-9.272303289123741,36.680851806614356,43.78262972119181,22.87028827114056,2.9002679973691503
4,6416.968118859601,0.0,-9.370649625362711,36.59310244909174,40.33629036864891,22.864388948358485,2.7060360761393163
4,186.0479329502743,186.04793295027417,-10.088161582329214,36.60009176928257,27.262078128766817,41.91950599757612,44.94454969794974
4,186.0479329502743,186.04793295027417,-10.124791041488628,36.60009176928257,27.886216082890467,42.262818098144244,44.94454969794974
4,4847.507246361722,155.4823310134031,-7.43268688739095,18.37526426874758,21.055703331159435,4.116783031949199,39.132850228618494
4,5397.491294841573,111.53070399336286,-7.984659456765513,39.407353263812595,33.49532718864977,2.7110496905187613,26.86069563312842
4,4869.515419722602,130.0395866349254,-8.178095143884054,36.52652867244208,38.36562252629325,9.064351962737739,33.158678170203224
4,6416.968118859602,0.0,-8.49295793133869,20.58909659648817,43.58052877620974,34.55223736441718,7.664914838013862
4,6416.968118859602,0.0,-9.35314056774176,36.59310244909174,29.511206238249276,22.9986250567858,2.7060360761393163
4,6416.968118859602,0.0,-8.151374994130173,24.725970129434923,16.802092049665344,40.335292114458795,10.829167069456846
4,6416.968118859602,0.0,-8.49295793133869,19.47333638291157,42.62311924287037,34.55223736441718,7.664914838013862
4,6416.968118859602,0.0,-8.343055627787535,11.729271517659356,39.76584503795488,14.621386172684616,11.447098016210894
4,6416.968118859602,0.0,-9.066243800538825,43.54225406189318,43.15558452122128,20.663453658685647,8.546719981688922
4,6416.968118859602,0.0,-8.951003501214373,21.162967499861356,44.538607323884435,22.9986250567858,2.7060360761393163
4,1239.8781626146988,191.94919508799993,-9.064309358312968,4.8347394956189955,27.3417010818862,32.24258437147569,33.053239995493584
4,447.23519638920146,193.94201680206675,-8.205104823893308,14.25532088328692,43.34951723343819,36.641255657078595,44.881020254779756
4,196.18304292430608,196.18304292430614,-10.035778288802788,44.30430574305058,42.20663494667012,27.147601827491524,37.89545396971263
4,196.18304292430608,196.18304292430614,-10.870793937162702,34.692270751685584,43.34951723343819,44.18063268531336,44.63115154789911
4,4851.6906415329995,157.6692976377481,-6.508766304650855,5.367134406728539,30.796821306762077,2.5397498118127295,44.63920814282275
4,5896.022148021471,129.98831050318972,-9.583101868340213,18.550605707531208,22.490487329321883,3.9609349865968806,18.070107570583712
4,5375.076177183335,143.83191926775777,-7.890365569069477,19.62967888266784,37.835344500213964,6.328147196413331,22.540024794553748
4,5122.635331102727,151.94469984057673,-8.030394424025204,44.00633619863302,30.828727797451048,2.4750562062469132,32.90869895538697
4,6416.968118859603,0.0,-8.746722736284013,3.8923112752146363,28.834103630370485,26.409037149282067,4.579473306828406
4,6416.968118859603,0.0,-8.092544182961909,13.6766697921686,43.633831056127285,29.565793519652022,11.675945994885273
4,6416.968118859603,0.0,-10.05172911548416,11.729271517659356,26.666014965614103,21.67793275245419,8.414299145877296
4,6416.968118859603,0.0,-10.176938191615918,11.729271517659356,25.70607871527061,14.761493920682078,8.414299145877296
4,6416.968118859603,0.0,-8.746722736284013,3.8923112752146363,28.834103630370485,29.449904540163246,4.579473306828406
4,6416.968118859603,0.0,-8.49295793133869,36.019229171906964,43.87833102917953,34.55223736441718,7.664914838013862
4,201.56297515567007,201.56297515567007,-10.035778288802788,43.54225406189318,42.20663494667012,27.147601827491524,37.89545396971263
4,201.56297515567007,201.56297515567007,-9.399257321218514,43.42034342221309,42.20663494667012,22.267607742678774,37.89545396971263
4,201.56297515567007,201.56297515567007,-10.045528628069398,38.39681613165909,44.80244866777298,29.81816814963839,44.02060361232208
4,4604.9869386631835,196.37883389871044,-9.442420610062673,13.154615715759697,15.38377272868764,12.087176835969107,31.695285492155257
4,2544.200464809696,201.4437400332564,-9.210616269670624,24.462514903387643,11.601611291862792,32.9868865577213,33.54909068845186
4,2739.5972465901787,198.04929976170308,-7.3691145388910435,12.883242282859445,6.265726579281473,41.76918178111674,35.4181086551278
4,201.56297515567007,201.56297515567007,-9.443692354245176,43.42034342221309,41.865966360132376,22.267607742678774,32.682404403704815
5,5122.832715491386,85.68719309228017,-7.9682557492293995,40.51946595637558,35.18977206277217,4.279732806864303,32.90869895538697
5,3011.621466112437,147.95652326693707,-9.06730936487416,14.656873144792222,6.762817026554213,29.246778562518948,43.13126317298242
5,180.0768732065004,180.07687320650047,-10.077355019554119,42.05372228256157,44.7798885392945,30.03961035587613,32.98212857998958
5,4851.678821664183,88.40429445782844,-6.5648243678724185,24.947318736464823,11.648617783254988,3.1652601079014655,44.83493995421281
5,180.0768732065004,180.07687320650047,-10.074501325097756,42.05372228256157,44.80176686345994,30.03961035587613,32.825191176641994
5,4848.158505797137,91.62110974599426,-6.714655865350132,5.433518971759884,21.845030915118997,4.118236443840488,44.63920814282275
5,180.0768732065004,180.07687320650047,-9.632362822066597,42.05372228256157,44.99227239742293,26.840387366600186,32.235370164565026
5,6416.9681188596,0.0,-9.259585975476744,33.023381293051244,37.861061462228086,23.715876930817558,2.7060360761393163
5,180.0768732065004,180.07687320650047,-10.10648690315572,42.05372228256157,44.55654409834893,30.03961035587613,32.98212857998958
5,5122.832715491387,85.68719309228017,-7.822432214795395,44.527689546662955,36.3077524934329,4.279732806864303,32.90869895538697
5,5122.832715491387,85.68719309228017,-7.822432214795395,44.94850464634543,36.3077524934329,4.279732806864303,32.90869895538697
5,4847.50724636172,155.4823310134031,-7.43268688739095,18.54414050822036,7.9858553774188925,4.116783031949199,39.132850228618494
5,4848.158505797138,97.03653045875765,-6.703854306289706,5.433518971759884,36.27584600273312,4.0354244910439165,44.63920814282275
5,4857.227580928611,97.02874042467154,-7.789710507546648,5.707483346068681,37.98636945487772,8.356381723376703,35.03137671987837
5,6416.9681188596005,0.0,-9.291833872039422,34.94297114154696,27.34436444660386,23.468643057170386,2.7060360761393163
5,186.0479329502743,186.04793295027417,-10.088161582329214,36.60009176928257,27.262078128766817,41.91950599757612,44.94454969794974
5,186.0479329502743,186.04793295027417,-10.124791041488628,36.60009176928257,27.886216082890467,42.262818098144244,44.94454969794974
5,186.0479329502743,186.04793295027417,-10.293611665246985,36.60009176928257,27.886216082890467,40.9685266493302,44.94454969794974
5,186.0479329502743,186.04793295027417,-10.082105637775207,36.60023166864031,27.209744478997905,41.91360125605462,41.47663923852302
5,186.0479329502743,186.04793295027417,-10.059383011886695,36.60009176928257,27.041442422040834,41.91950599757612,42.73169574540899
5,4847.507246361722,155.4823310134031,-7.43268688739095,18.37526426874758,21.055703331159435,4.116783031949199,39.132850228618494
5,4849.8153411148105,145.8893600625349,-6.862039173338694,9.513143778051496,11.648617783254988,3.489464654214988,42.880497658618246
5,5397.491294841573,111.53070399336286,-7.984659456765513,39.407353263812595,33.49532718864977,2.7110496905187613,26.86069563312842
5,4869.515419722602,130.0395866349254,-8.178095143884054,36.52652867244208,38.36562252629325,9.064351962737739,33.158678170203224
5,6416.968118859601,0.0,-9.190437095595826,36.59310244909174,44.538607323884435,22.9986250567858,2.7060360761393163
5,6416.968118859601,0.0,-9.16981162654944,36.59310244909174,44.56249981147943,22.864388948358485,2.7060360761393163
5,6416.968118859601,0.0,-9.272303289123741,36.680851806614356,43.78262972119181,22.87028827114056,2.9002679973691503
5,6416.968118859601,0.0,-9.370649625362711,36.59310244909174,40.33629036864891,22.864388948358485,2.7060360761393163
5,6416.968118859601,0.0,-9.707565112860749,36.592962549734004,29.056786514903127,22.119916420507405,4.54458228577318
5,6416.968118859601,0.0,-9.370649625362711,43.38453284264605,42.233599421881806,22.864388948358485,2.7060360761393163
5,6416.968118859601,0.0,-8.813028519120877,15.902842348575698,40.33629036864891,23.286114466518065,2.414112786734881
5,1239.8781626146988,191.94919508799993,-9.064309358312968,4.8347394956189955,27.3417010818862,32.24258437147569,33.053239995493584
5,447.23519638920146,193.94201680206675,-8.205104823893308,14.25532088328692,43.34951723343819,36.641255657078595,44.881020254779756
5,196.18304292430608,196.18304292430614,-10.035778288802788,44.30430574305058,42.20663494667012,27.147601827491524,37.89545396971263
5,196.18304292430608,196.18304292430614,-10.870793937162702,34.692270751685584,43.34951723343819,44.18063268531336,44.63115154789911
5,196.18304292430608,196.18304292430614,-9.196553104109139,44.51473235648316,42.656703321676424,21.163610453179867,31.717631481319067
5,196.18304292430608,196.18304292430614,-10.007000326643293,44.30430574305058,42.42726598989288,27.147601827491524,37.89545396971263
5,196.18304292430608,196.18304292430614,-10.927834297404772,44.527689546662955,36.3077524934329,33.19878415482769,32.912401365285696
5,201.56297515567007,201.56297515567007,-9.882100116629118,43.22788899171012,42.1640944318065,28.14200677997086,44.37923921914761
5,6416.968118859602,0.0,-8.49295793133869,20.58909659648817,43.58052877620974,34.55223736441718,7.664914838013862
5,201.56297515567007,201.56297515567007,-10.035778288802788,43.54225406189318,42.20663494667012,27.147601827491524,37.89545396971263
5,6416.968118859602,0.0,-9.299807232474627,36.680851806614356,15.97937392225318,22.834586235171216,2.9002679973691503
5,5896.022148021471,129.98831050318972,-9.583101868340213,18.550605707531208,22.490487329321883,3.9609349865968806,18.070107570583712
5,2739.5972465901787,198.04929976170308,-7.3691145388910435,12.883242282859445,6.265726579281473,41.76918178111674,35.4181086551278
5,4604.9869386631835,196.37883389871044,-9.442420610062673,13.154615715759697,15.38377272868764,12.087176835969107,31.695285492155257
5,949.1568961679654,199.10592437838173,-7.789710507546648,5.707483346068681,37.98636945487772,34.47586216665053,35.03137671987837
5,4851.6906415329995,157.6692976377481,-6.508766304650855,5.367134406728539,30.796821306762077,2.5397498118127295,44.63920814282275
5,5123.615835859926,141.2563466091059,-7.977433101427316,44.70233607739321,33.555016231637204,2.7153366759133477,32.67694751974471
6,5122.832715491386,85.68719309228017,-7.9682557492293995,40.51946595637558,35.18977206277217,4.279732806864303,32.90869895538697
6,3011.621466112437,147.95652326693707,-9.06730936487416,14.656873144792222,6.762817026554213,29.246778562518948,43.13126317298242
6,180.0768732065004,180.07687320650047,-10.077355019554119,42.05372228256157,44.7798885392945,30.03961035587613,32.98212857998958
6,4851.678821664183,88.40429445782844,-6.5648243678724185,24.947318736464823,11.648617783254988,3.1652601079014655,44.83493995421281
6,180.0768732065004,180.07687320650047,-10.074501325097756,42.05372228256157,44.80176686345994,30.03961035587613,32.825191176641994
6,4848.158505797137,91.62110974599426,-6.714655865350132,5.433518971759884,21.845030915118997,4.118236443840488,44.63920814282275
6,180.0768732065004,180.07687320650047,-9.632362822066597,42.05372228256157,44.99227239742293,26.840387366600186,32.235370164565026
6,6416.9681188596,0.0,-9.259585975476744,33.023381293051244,37.861061462228086,23.715876930817558,2.7060360761393163
6,180.0768732065004,180.07687320650047,-10.10648690315572,42.05372228256157,44.55654409834893,30.03961035587613,32.98212857998958
6,180.0768732065004,180.07687320650047,-9.812629813459154,42.084232724107444,44.91184487678398,28.14200677997086,44.37923921914761
6,180.0768732065004,180.07687320650047,-10.010385569530158,41.84469715534486,44.7798885392945,29.52617790569244,38.879085540285956
6,4848.158505797137,91.62110974599426,-6.714655865350132,7.831191744875856,21.845030915118997,4.118236443840488,44.63920814282275
6,5122.832715491387,85.68719309228017,-7.822432214795395,44.527689546662955,36.3077524934329,4.279732806864303,32.90869895538697
6,5122.832715491387,85.68719309228017,-7.822432214795395,44.94850464634543,36.3077524934329,4.279732806864303,32.90869895538697
6,4847.50724636172,155.4823310134031,-7.43268688739095,18.54414050822036,7.9858553774188925,4.116783031949199,39.132850228618494
6,4847.50724636172,155.4823310134031,-7.432949072763314,18.54414050822036,7.9858553774188925,4.1129809580352905,39.12703806684981
6,6416.9681188596005,0.0,-9.291833872039422,34.94297114154696,27.34436444660386,23.468643057170386,2.7060360761393163
6,6416.9681188596005,0.0,-9.422886579662043,37.28722709182003,40.38826441537936,22.87273882697655,3.114869271052266
6,184.46308356381252,184.4630835638124,-11.179280255966376,36.915732462759756,35.63629634756049,41.92848105181828,44.94454969794974
6,4848.158505797138,97.03653045875765,-6.703854306289706,5.433518971759884,36.27584600273312,4.0354244910439165,44.63920814282275
6,4857.227580928611,97.02874042467154,-7.789710507546648,5.707483346068681,37.98636945487772,8.356381723376703,35.03137671987837
6,4848.158505797138,97.03653045875765,-6.705238322847531,5.433518971759884,36.27584600273312,4.039226564957826,44.63239942312668
6,4847.507246361722,155.4823310134031,-7.43268688739095,18.37526426874758,21.055703331159435,4.116783031949199,39.132850228618494
6,6416.968118859601,0.0,-9.190437095595826,36.59310244909174,44.538607323884435,22.9986250567858,2.7060360761393163
6,6416.968118859601,0.0,-9.16981162654944,36.59310244909174,44.56249981147943,22.864388948358485,2.7060360761393163
6,6416.968118859601,0.0,-9.272303289123741,36.680851806614356,43.78262972119181,22.87028827114056,2.9002679973691503
6,6416.968118859601,0.0,-9.370649625362711,36.59310244909174,40.33629036864891,22.864388948358485,2.7060360761393163
6,6416.968118859601,0.0,-9.707565112860749,36.592962549734004,29.056786514903127,22.119916420507405,4.54458228577318
6,6416.968118859601,0.0,-9.370649625362711,43.38453284264605,42.233599421881806,22.864388948358485,2.7060360761393163
6,6416.968118859601,0.0,-8.813028519120877,15.902842348575698,40.33629036864891,23.286114466518065,2.414112786734881
6,6416.968118859601,0.0,-9.707565112860749,36.60059136611866,29.056786514903127,22.119916420507405,4.54458228577318
6,186.0479329502743,186.04793295027417,-10.088161582329214,36.60009176928257,27.262078128766817,41.91950599757612,44.94454969794974
6,186.0479329502743,186.04793295027417,-10.124791041488628,36.60009176928257,27.886216082890467,42.262818098144244,44.94454969794974
6,186.0479329502743,186.04793295027417,-10.293611665246985,36.60009176928257,27.886216082890467,40.9685266493302,44.94454969794974
6,186.0479329502743,186.04793295027417,-10.082105637775207,36.60023166864031,27.209744478997905,41.91360125605462,41.47663923852302
6,186.0479329502743,186.04793295027417,-10.059383011886695,36.60009176928257,27.041442422040834,41.91950599757612,42.73169574540899
6,186.0479329502743,186.04793295027417,-11.254621077436745,36.60023166864031,42.3148034082919,44.27097579773479,41.47663923852302
6,186.0479329502743,186.04793295027417,-10.006264271288174,36.60009176928257,26.634198744118823,41.91950599757612,41.80046517342553
6,186.0479329502743,186.04793295027417,-10.087785606155379,36.60009176928257,27.259195644767434,41.91950599757612,44.94454969794974
6,186.0479329502743,186.04793295027417,-10.27549359617528,36.60009176928257,27.886216082890467,41.107431845546635,44.94454969794974
6,4849.8153411148105,145.8893600625349,-6.862039173338694,9.513143778051496,11.648617783254988,3.489464654214988,42.880497658618246
6,5397.491294841573,111.53070399336286,-7.984659456765513,39.407353263812595,33.49532718864977,2.7110496905187613,26.86069563312842
6,4859.886675306598,129.189490236526,-6.7928998631169435,18.47752578746018,21.926453804990217,4.718107093386067,44.63920814282275
6,6416.968118859602,0.0,-9.236555057359872,37.16578514916081,15.97937392225318,23.502122715811105,2.9002679973691503
6,190.96291771356886,190.9629177135688,-10.390215813015558,36.59246295289791,26.545623212436844,38.88730197931754,44.69665901397601
6,6416.968118859602,0.0,-8.49295793133869,20.58909659648817,43.58052877620974,34.55223736441718,7.664914838013862
6,4849.815341114812,145.8893600625349,-6.72493048328235,9.513143778051496,43.93166428238355,3.489464654214988,42.880497658618246
6,5896.022148021471,129.98831050318972,-9.583101868340213,18.550605707531208,22.490487329321883,3.9609349865968806,18.070107570583712
7,5122.832715491386,85.68719309228017,-7.9682557492293995,40.51946595637558,35.18977206277217,4.279732806864303,32.90869895538697
7,3011.621466112437,147.95652326693707,-9.06730936487416,14.656873144792222,6.762817026554213,29.246778562518948,43.13126317298242
7,180.0768732065004,180.07687320650047,-10.077355019554119,42.05372228256157,44.7798885392945,30.03961035587613,32.98212857998958
7,4851.678821664183,88.40429445782844,-6.5648243678724185,24.947318736464823,11.648617783254988,3.1652601079014655,44.83493995421281
7,180.0768732065004,180.07687320650047,-10.074501325097756,42.05372228256157,44.80176686345994,30.03961035587613,32.825191176641994
7,4848.158505797137,91.62110974599426,-6.714655865350132,5.433518971759884,21.845030915118997,4.118236443840488,44.63920814282275
7,180.0768732065004,180.07687320650047,-9.632362822066597,42.05372228256157,44.99227239742293,26.840387366600186,32.235370164565026
7,6416.9681188596,0.0,-9.259585975476744,33.023381293051244,37.861061462228086,23.715876930817558,2.7060360761393163
7,180.0768732065004,180.07687320650047,-10.10648690315572,42.05372228256157,44.55654409834893,30.03961035587613,32.98212857998958
7,180.0768732065004,180.07687320650047,-9.812629813459154,42.084232724107444,44.91184487678398,28.14200677997086,44.37923921914761
7,180.0768732065004,180.07687320650047,-10.010385569530158,41.84469715534486,44.7798885392945,29.52617790569244,38.879085540285956
7,4848.158505797137,91.62110974599426,-6.714655865350132,7.831191744875856,21.845030915118997,4.118236443840488,44.63920814282275
7,180.0768732065004,180.07687320650047,-10.007337988314248,41.84996966933129,44.7798885392945,29.502813116370483,38.879085540285956
7,4851.678821664183,88.40429445782844,-6.574581206605373,28.840415146567352,11.648617783254988,3.1652601079014655,44.76013752392683
7,4859.266701745999,88.26746160090505,-6.8688393786776345,21.20672520049227,22.09959399680051,5.300310046018067,44.63920814282275
7,4845.636751861959,91.69236697343321,-6.839612501215409,34.25527251363535,21.845030915118997,4.118236443840488,43.681207267855626
7,180.0768732065004,180.07687320650047,-10.080402600770029,42.04844976857514,44.7798885392945,30.062975145198088,32.973931818582095
7,5122.832715491387,85.68719309228017,-7.822432214795395,44.527689546662955,36.3077524934329,4.279732806864303,32.90869895538697
7,5122.832715491387,85.68719309228017,-7.822432214795395,44.94850464634543,36.3077524934329,4.279732806864303,32.90869895538697
7,6416.9681188596005,0.0,-9.291833872039422,34.94297114154696,27.34436444660386,23.468643057170386,2.7060360761393163
7,6416.9681188596005,0.0,-9.422886579662043,37.28722709182003,40.38826441537936,22.87273882697655,3.114869271052266
7,4848.158505797138,91.62110974599426,-6.714655865350132,5.433518971759884,24.904005995031326,4.118236443840488,44.63920814282275
7,4847.1519817187245,112.89207842793132,-6.7930131208853055,37.06840719262558,27.871695919756817,5.024316958070528,44.94454969794974
7,4848.158505797136,97.03653045875765,-6.705238322847531,10.442819584660008,36.27584600273312,4.039226564957826,44.63239942312668
7,184.46308356381252,184.4630835638124,-11.179280255966376,36.915732462759756,35.63629634756049,41.92848105181828,44.94454969794974
7,184.46308356381252,184.4630835638124,-11.179280255966376,36.91619487789077,35.63629634756049,41.92848105181828,44.94454969794974
7,186.0479329502743,186.04793295027417,-10.088161582329214,36.60009176928257,27.262078128766817,41.91950599757612,44.94454969794974
7,6416.968118859601,0.0,-9.406747501786787,44.94850464634543,33.88061762563482,23.367807772435256,3.4862052861339894
7,6416.968118859601,0.0,-9.190437095595826,36.59310244909174,44.538607323884435,22.9986250567858,2.7060360761393163
7,186.0479329502743,186.04793295027417,-10.302655349989166,35.752286173267784,27.886216082890467,40.899191732973485,44.94454969794974
7,4847.50724636172,155.4823310134031,-7.43268688739095,18.54414050822036,7.9858553774188925,4.116783031949199,39.132850228618494
7,4858.559037739714,91.99720769308047,-6.854048724772397,18.11698295657154,21.89110526374547,5.336983058128096,44.789276168206314
7,4848.158505797138,97.03653045875765,-6.705238322847531,5.433518971759884,36.27584600273312,4.039226564957826,44.63239942312668
7,4847.50724636172,155.4823310134031,-7.432949072763314,18.54414050822036,7.9858553774188925,4.1129809580352905,39.12703806684981
7,4857.227580928611,97.02874042467154,-7.789710507546648,5.707483346068681,37.98636945487772,8.356381723376703,35.03137671987837
7,4848.158505797138,97.03653045875765,-6.703854306289706,5.433518971759884,36.27584600273312,4.0354244910439165,44.63920814282275
7,186.0479329502743,186.04793295027417,-10.293611665246985,36.60009176928257,27.886216082890467,40.9685266493302,44.94454969794974
7,186.0479329502743,186.04793295027417,-10.006264271288174,36.60009176928257,26.634198744118823,41.91950599757612,41.80046517342553
7,6416.968118859601,0.0,-9.272303289123741,36.680851806614356,43.78262972119181,22.87028827114056,2.9002679973691503
7,186.0479329502743,186.04793295027417,-10.124791041488628,36.60009176928257,27.886216082890467,42.262818098144244,44.94454969794974
7,186.0479329502743,186.04793295027417,-11.211389436415622,36.56112631719221,35.882466731004776,41.92848105181828,42.59744271489009
7,186.0479329502743,186.04793295027417,-10.087785606155379,36.60009176928257,27.259195644767434,41.91950599757612,44.94454969794974
7,186.0479329502743,186.04793295027417,-10.087785606155379,36.60009176928257,27.259195644767434,41.91950599757612,44.87914777046676
7,6416.968118859601,0.0,-8.813028519120877,15.902842348575698,40.33629036864891,23.286114466518065,2.414112786734881
7,186.0479329502743,186.04793295027417,-10.082105637775207,36.60023166864031,27.209744478997905,41.91360125605462,41.47663923852302
7,6416.968118859601,0.0,-9.707565112860749,36.592962549734004,29.056786514903127,22.119916420507405,4.54458228577318
7,186.0479329502743,186.04793295027417,-10.27549359617528,36.60009176928257,27.886216082890467,41.107431845546635,44.94454969794974
7,6416.968118859601,0.0,-9.707565112860749,36.60059136611866,29.056786514903127,22.119916420507405,4.54458228577318
8,5122.832715491386,85.68719309228017,-7.9682557492293995,40.51946595637558,35.18977206277217,4.279732806864303,32.90869895538697
8,3011.621466112437,147.95652326693707,-9.06730936487416,14.656873144792222,6.762817026554213,29.246778562518948,43.13126317298242
8,180.0768732065004,180.07687320650047,-10.077355019554119,42.05372228256157,44.7798885392945,30.03961035587613,32.98212857998958
8,180.0768732065004,180.07687320650047,-10.074501325097756,42.05372228256157,44.80176686345994,30.03961035587613,32.825191176641994
8,180.0768732065004,180.07687320650047,-9.632362822066597,42.05372228256157,44.99227239742293,26.840387366600186,32.235370164565026
8,6416.9681188596,0.0,-9.259585975476744,33.023381293051244,37.861061462228086,23.715876930817558,2.7060360761393163
8,180.0768732065004,180.07687320650047,-10.10648690315572,42.05372228256157,44.55654409834893,30.03961035587613,32.98212857998958
8,180.0768732065004,180.07687320650047,-9.812629813459154,42.084232724107444,44.91184487678398,28.14200677997086,44.37923921914761
8,180.0768732065004,180.07687320650047,-10.010385569530158,41.84469715534486,44.7798885392945,29.52617790569244,38.879085540285956
8,180.0768732065004,180.07687320650047,-10.007337988314248,41.84996966933129,44.7798885392945,29.502813116370483,38.879085540285956
8,4859.266701745999,88.26746160090505,-6.8688393786776345,21.20672520049227,22.09959399680051,5.300310046018067,44.63920814282275
8,4845.636751861959,91.69236697343321,-6.839612501215409,34.25527251363535,21.845030915118997,4.118236443840488,43.681207267855626
8,180.0768732065004,180.07687320650047,-10.080402600770029,42.04844976857514,44.7798885392945,30.062975145198088,32.973931818582095
8,180.0768732065004,180.07687320650047,-10.027629817752,42.144649283480895,44.63950400676691,29.51799927619899,43.13126317298242
8,180.0768732065004,180.07687320650047,-10.04114681803894,42.04844976857514,44.7798885392945,29.76201414425976,32.973931818582095
8,4848.158505797136,91.62110974599426,-6.714655865350132,29.138915876316677,21.845030915118997,4.118236443840488,44.63920814282275
8,4849.815341114811,88.40429445782844,-6.963401712042394,38.057808000241,36.06666498820934,4.135970542137105,42.74989074981201
8,5122.832715491387,85.68719309228017,-7.822432214795395,44.527689546662955,36.3077524934329,4.279732806864303,32.90869895538697
8,5122.832715491387,85.68719309228017,-7.822432214795395,44.94850464634543,36.3077524934329,4.279732806864303,32.90869895538697
8,6416.9681188596005,0.0,-9.291833872039422,34.94297114154696,27.34436444660386,23.468643057170386,2.7060360761393163
8,6416.9681188596005,0.0,-9.422886579662043,37.28722709182003,40.38826441537936,22.87273882697655,3.114869271052266
8,6416.9681188596005,0.0,-9.38642349289951,34.94297114154696,27.34436444660386,23.264361193089613,3.2269413053192153
8,4845.636751861959,98.07439562226561,-6.511374225473325,34.05153491032902,27.262078128766817,2.779878559911822,44.85934283128289
8,184.46308356381252,184.4630835638124,-11.179280255966376,36.915732462759756,35.63629634756049,41.92848105181828,44.94454969794974
8,184.46308356381252,184.4630835638124,-11.179280255966376,36.91619487789077,35.63629634756049,41.92848105181828,44.94454969794974
8,4848.158505797137,91.62110974599426,-6.714655865350132,5.433518971759884,21.845030915118997,4.118236443840488,44.63920814282275
8,4848.158505797137,91.62110974599426,-6.714655865350132,7.831191744875856,21.845030915118997,4.118236443840488,44.63920814282275
8,4848.158505797136,97.03653045875765,-6.705238322847531,10.442819584660008,36.27584600273312,4.039226564957826,44.63239942312668
8,4851.678821664179,88.40429445782844,-6.5648243678724185,26.02879131437081,37.907228663165796,3.1652601079014655,44.83493995421281
8,186.0479329502743,186.04793295027417,-10.17276772994088,36.60009176928257,27.91072526045621,41.91950599757612,44.87914777046676
8,6416.968118859601,0.0,-9.406747501786787,44.45856229721186,33.58509813601892,23.367807772435256,3.4862052861339894
8,6416.968118859601,0.0,-9.406747501786787,44.94850464634543,33.88061762563482,23.367807772435256,3.4862052861339894
8,186.0479329502743,186.04793295027417,-10.088161582329214,36.60009176928257,27.262078128766817,41.91950599757612,44.94454969794974
8,4847.151981718724,112.89207842793132,-6.7930131208853055,37.06840719262558,28.29067196717151,5.024316958070528,44.94454969794974
8,5122.8327154913895,85.68719309228017,-7.729025345302134,40.51946595637558,7.775326937025303,4.279732806864303,32.90869895538697
8,4848.158505797137,94.40470018276497,-6.671833648625146,2.6116474202224857,36.27584600273312,4.0354244910439165,44.8846998515844
8,4851.678821664181,88.40429445782844,-6.574581206605373,5.86210616231846,12.939894465781173,3.1652601079014655,44.76013752392683
8,4848.158505797138,91.62110974599426,-6.714655865350132,5.433518971759884,24.904005995031326,4.118236443840488,44.63920814282275
8,186.0479329502743,186.04793295027417,-11.211389436415622,36.56112631719221,35.882466731004776,41.92848105181828,42.59744271489009
8,186.0479329502743,186.04793295027417,-10.27549359617528,36.60009176928257,27.886216082890467,41.107431845546635,44.94454969794974
8,186.0479329502743,186.04793295027417,-10.124791041488628,36.60009176928257,27.886216082890467,42.262818098144244,44.94454969794974
8,6416.968118859601,0.0,-9.707565112860749,36.60059136611866,29.056786514903127,22.119916420507405,4.54458228577318
8,186.0479329502743,186.04793295027417,-10.006264271288174,36.60009176928257,26.634198744118823,41.91950599757612,41.80046517342553
8,186.0479329502743,186.04793295027417,-10.087785606155379,36.60009176928257,27.259195644767434,41.91950599757612,44.87914777046676
8,186.0479329502743,186.04793295027417,-10.082105637775207,36.60023166864031,27.209744478997905,41.91360125605462,41.47663923852302
8,6416.968118859601,0.0,-9.190437095595826,36.59310244909174,44.538607323884435,22.9986250567858,2.7060360761393163
8,186.0479329502743,186.04793295027417,-10.293611665246985,36.60009176928257,27.886216082890467,40.9685266493302,44.94454969794974
8,186.0479329502743,186.04793295027417,-10.087785606155379,36.60009176928257,27.259195644767434,41.91950599757612,44.27044289005318
9,3011.621466112437,147.95652326693707,-9.06730936487416,14.656873144792222,6.762817026554213,29.246778562518948,43.13126317298242
9,180.0768732065004,180.07687320650047,-10.077355019554119,42.05372228256157,44.7798885392945,30.03961035587613,32.98212857998958
9,180.0768732065004,180.07687320650047,-10.074501325097756,42.05372228256157,44.80176686345994,30.03961035587613,32.825191176641994
9,180.0768732065004,180.07687320650047,-9.632362822066597,42.05372228256157,44.99227239742293,26.840387366600186,32.235370164565026
9,6416.9681188596,0.0,-9.259585975476744,33.023381293051244,37.861061462228086,23.715876930817558,2.7060360761393163
9,180.0768732065004,180.07687320650047,-10.10648690315572,42.05372228256157,44.55654409834893,30.03961035587613,32.98212857998958
9,180.0768732065004,180.07687320650047,-9.812629813459154,42.084232724107444,44.91184487678398,28.14200677997086,44.37923921914761
9,180.0768732065004,180.07687320650047,-10.010385569530158,41.84469715534486,44.7798885392945,29.52617790569244,38.879085540285956
9,180.0768732065004,180.07687320650047,-10.007337988314248,41.84996966933129,44.7798885392945,29.502813116370483,38.879085540285956
9,4845.636751861959,91.69236697343321,-6.839612501215409,34.25527251363535,21.845030915118997,4.118236443840488,43.681207267855626
9,180.0768732065004,180.07687320650047,-10.080402600770029,42.04844976857514,44.7798885392945,30.062975145198088,32.973931818582095
9,180.0768732065004,180.07687320650047,-10.027629817752,42.144649283480895,44.63950400676691,29.51799927619899,43.13126317298242
9,180.0768732065004,180.07687320650047,-10.04114681803894,42.04844976857514,44.7798885392945,29.76201414425976,32.973931818582095
9,4833.040493502703,92.06594040233693,-6.8927535715840165,34.94297114154696,27.34436444660386,5.831216001868594,44.98677195305774
9,180.0768732065004,180.07687320650047,-10.12296591309385,42.04844976857514,44.7798885392945,30.389293873014072,32.68484707282431
9,180.0768732065004,180.07687320650047,-10.03014139613699,41.84469715534486,44.62842720197548,29.52617790569244,38.879085540285956
9,180.0768732065004,180.07687320650047,-10.05795038133671,42.04844976857514,44.61130062812906,29.722253551710555,33.946417008632835
9,180.0768732065004,180.07687320650047,-10.072569010923075,42.05372228256157,44.7798885392945,30.002917623038098,32.98212857998958
9,4845.636751861959,91.69236697343321,-6.839612501215409,34.25527251363535,36.039349802488886,4.118236443840488,43.681207267855626
9,4848.158505797136,81.96013432205963,-6.714079666276284,41.55736698373104,35.690988740120694,4.234748298711732,44.76013752392683
9,6416.9681188596005,0.0,-9.291833872039422,34.94297114154696,27.34436444660386,23.468643057170386,2.7060360761393163
9,6416.9681188596005,0.0,-9.422886579662043,37.28722709182003,40.38826441537936,22.87273882697655,3.114869271052266
9,6416.9681188596005,0.0,-9.38642349289951,34.94297114154696,27.34436444660386,23.264361193089613,3.2269413053192153
9,6416.9681188596005,0.0,-9.291833872039422,34.94297114154696,27.263775917829626,23.468643057170386,2.7060360761393163
9,6416.9681188596005,0.0,-9.291833872039422,34.94297114154696,26.487959366919668,23.468643057170386,2.7060360761393163
9,184.46308356381252,184.4630835638124,-11.179280255966376,36.915732462759756,35.63629634756049,41.92848105181828,44.94454969794974
9,184.46308356381252,184.4630835638124,-11.179280255966376,36.91619487789077,35.63629634756049,41.92848105181828,44.94454969794974
9,184.46308356381252,184.4630835638124,-11.161357042061852,36.91818307358926,35.49888504095914,41.92848105181828,44.94454969794974
9,4845.636751861959,98.07439562226561,-6.511374225473325,34.05153491032902,27.262078128766817,2.779878559911822,44.85934283128289
9,4845.636751861961,91.69236697343321,-6.839612501215409,34.25527251363535,21.27129342495082,4.118236443840488,43.681207267855626
9,5122.832715491386,85.68719309228017,-7.9682557492293995,40.51946595637558,35.18977206277217,4.279732806864303,32.90869895538697
9,4848.158505797136,91.62110974599426,-6.714655865350132,29.138915876316677,21.845030915118997,4.118236443840488,44.63920814282275
9,4848.158505797136,91.62110974599426,-6.715433574514321,10.442819584660008,36.36866623872034,4.117074289680738,44.63208355173754
9,4848.158505797136,91.62110974599426,-6.71479049463376,34.55102500775411,24.904005995031326,4.118236443840488,44.63817598498159
9,4848.158505797138,87.56804749324691,-6.761873451958152,40.51946595637558,7.775326937025303,4.267237062937728,44.426207264591795
9,186.0479329502743,186.04793295027417,-11.26947288812395,36.60009176928257,36.00482915257413,41.60553701029051,44.94454969794974
9,6416.968118859601,0.0,-9.406747501786787,44.45856229721186,33.58509813601892,23.367807772435256,3.4862052861339894
9,186.0479329502743,186.04793295027417,-10.17276772994088,36.60009176928257,27.91072526045621,41.91950599757612,44.87914777046676
9,6416.968118859601,0.0,-9.399365442604056,44.45856229721186,33.58509813601892,23.424403559502846,3.4862052861339894
9,4847.151981718724,112.89207842793132,-6.7930131208853055,37.06840719262558,28.29067196717151,5.024316958070528,44.94454969794974
9,5122.832715491387,85.68719309228017,-7.822432214795395,44.527689546662955,36.3077524934329,4.279732806864303,32.90869895538697
9,5122.832715491387,85.68719309228017,-7.822432214795395,44.94850464634543,36.3077524934329,4.279732806864303,32.90869895538697
9,4848.158505797136,97.03653045875765,-6.629438260720391,35.327715244306894,28.29067196717151,3.791172214585128,44.96547888239535
9,4859.266701745999,88.26746160090505,-6.8688393786776345,21.20672520049227,22.09959399680051,5.300310046018067,44.63920814282275
9,4848.158505797137,91.62110974599426,-6.714655865350132,7.831191744875856,21.845030915118997,4.118236443840488,44.63920814282275
9,4848.158505797136,97.03653045875765,-6.705238322847531,10.442819584660008,36.27584600273312,4.039226564957826,44.63239942312668
9,4849.806263775416,88.40429445782844,-7.003075793313613,38.057808000241,36.06666498820934,4.4401384985497945,42.74989074981201
9,4848.158505797137,91.62110974599426,-6.714655865350132,5.433518971759884,21.845030915118997,4.118236443840488,44.63920814282275
10,3011.621466112437,147.95652326693707,-9.06730936487416,14.656873144792222,6.762817026554213,29.246778562518948,43.13126317298242
10,180.0768732065004,180.07687320650047,-10.077355019554119,42.05372228256157,44.7798885392945,30.03961035587613,32.98212857998958
10,180.0768732065004,180.07687320650047,-10.074501325097756,42.05372228256157,44.80176686345994,30.03961035587613,32.825191176641994
10,180.0768732065004,180.07687320650047,-9.632362822066597,42.05372228256157,44.99227239742293,26.840387366600186,32.235370164565026
10,6416.9681188596,0.0,-9.259585975476744,33.023381293051244,37.861061462228086,23.715876930817558,2.7060360761393163
10,180.0768732065004,180.07687320650047,-10.10648690315572,42.05372228256157,44.55654409834893,30.03961035587613,32.98212857998958
10,180.0768732065004,180.07687320650047,-9.812629813459154,42.084232724107444,44.91184487678398,28.14200677997086,44.37923921914761
10,180.0768732065004,180.07687320650047,-10.010385569530158,41.84469715534486,44.7798885392945,29.52617790569244,38.879085540285956
10,180.0768732065004,180.07687320650047,-10.007337988314248,41.84996966933129,44.7798885392945,29.502813116370483,38.879085540285956
10,4845.636751861959,91.69236697343321,-6.839612501215409,34.25527251363535,21.845030915118997,4.118236443840488,43.681207267855626
10,180.0768732065004,180.07687320650047,-10.080402600770029,42.04844976857514,44.7798885392945,30.062975145198088,32.973931818582095
10,180.0768732065004,180.07687320650047,-10.027629817752,42.144649283480895,44.63950400676691,29.51799927619899,43.13126317298242
10,180.0768732065004,180.07687320650047,-10.04114681803894,42.04844976857514,44.7798885392945,29.76201414425976,32.973931818582095
10,4833.040493502703,92.06594040233693,-6.8927535715840165,34.94297114154696,27.34436444660386,5.831216001868594,44.98677195305774
10,180.0768732065004,180.07687320650047,-10.12296591309385,42.04844976857514,44.7798885392945,30.389293873014072,32.68484707282431
10,180.0768732065004,180.07687320650047,-10.03014139613699,41.84469715534486,44.62842720197548,29.52617790569244,38.879085540285956
10,180.0768732065004,180.07687320650047,-10.05795038133671,42.04844976857514,44.61130062812906,29.722253551710555,33.946417008632835
10,180.0768732065004,180.07687320650047,-10.072569010923075,42.05372228256157,44.7798885392945,30.002917623038098,32.98212857998958
10,4845.636751861959,91.69236697343321,-6.839612501215409,34.25527251363535,36.039349802488886,4.118236443840488,43.681207267855626
10,4848.158505797136,81.96013432205963,-6.714079666276284,41.55736698373104,35.690988740120694,4.234748298711732,44.76013752392683
10,180.0768732065004,180.07687320650047,-10.003037132179884,41.84469715534486,44.82455372789252,29.51450507460497,38.552857674431074
10,190.56442786389567,176.9401435773452,-10.196043848431493,31.39960677892492,28.08917550221757,41.91950599757612,44.4968509836694
10,180.0768732065004,180.07687320650047,-10.049712918169178,42.05372228256157,44.99181131657909,30.03961035587613,33.06786459303509
10,180.0768732065004,180.07687320650047,-10.57154653140541,42.05372228256157,44.7798885392945,33.82841194673598,33.30835644456849
10,4833.040493502703,92.06594040233693,-6.8938189737466615,33.46212249215884,25.38778965730919,5.831216001868594,44.97860386981076
10,180.0768732065004,180.07687320650047,-9.659751528583175,42.05372228256157,44.78229231412913,26.840387366600186,32.149634151519514
10,6416.9681188596005,0.0,-9.291833872039422,34.94297114154696,27.34436444660386,23.468643057170386,2.7060360761393163
10,6416.9681188596005,0.0,-9.422886579662043,37.28722709182003,40.38826441537936,22.87273882697655,3.114869271052266
10,6416.9681188596005,0.0,-9.38642349289951,34.94297114154696,27.34436444660386,23.264361193089613,3.2269413053192153
10,6416.9681188596005,0.0,-9.291833872039422,34.94297114154696,27.263775917829626,23.468643057170386,2.7060360761393163
10,6416.9681188596005,0.0,-9.291833872039422,34.94297114154696,26.487959366919668,23.468643057170386,2.7060360761393163
10,6416.9681188596005,0.0,-9.291833872039422,34.94297114154696,26.54658926751961,23.468643057170386,2.7060360761393163
10,6416.9681188596005,0.0,-9.291833872039422,34.94297114154696,26.9533969789188,23.468643057170386,2.7060360761393163
10,4845.63675186196,91.69236697343321,-6.839612501215409,34.27093818427605,23.911631797178337,4.118236443840488,43.681207267855626
10,4848.158505797136,91.62110974599426,-6.714655865350132,29.138915876316677,21.845030915118997,4.118236443840488,44.63920814282275
10,4848.158505797136,91.62110974599426,-6.715433574514321,10.442819584660008,36.36866623872034,4.117074289680738,44.63208355173754
10,4848.158505797136,91.62110974599426,-6.71479049463376,34.55102500775411,24.904005995031326,4.118236443840488,44.63817598498159
10,4848.158505797138,87.56804749324691,-6.761873451958152,40.51946595637558,7.775326937025303,4.267237062937728,44.426207264591795
10,4859.886675306597,83.35021520987742,-6.70683482680667,41.55736698373104,35.63235883660269,4.234748298711732,44.815681293193826
10,4851.678821664182,86.91889912798717,-6.624883834246077,41.947284917949474,24.904005995031326,3.4289520475349438,44.63817598498159
10,4845.636751861959,98.07439562226561,-6.511374225473325,34.05153491032902,27.262078128766817,2.779878559911822,44.85934283128289
10,4845.636751861959,98.07439562226561,-6.510320036952017,34.0230099726361,27.262078128766817,2.779878559911822,44.86742494327958
10,181.41841075484663,181.4184107548467,-10.940169248412843,36.91818307358926,35.03344742730138,43.15881652280289,44.94454969794974
10,181.41841075484663,181.4184107548467,-11.179280255966376,36.915732462759756,35.63629634756049,41.92848105181828,44.99619127637837
10,6416.968118859601,0.0,-9.406747501786787,44.45856229721186,33.58509813601892,23.367807772435256,3.4862052861339894
10,184.46308356381252,184.4630835638124,-11.174394222484509,36.91818307358926,35.598836757532865,41.92848105181828,44.94454969794974
10,6416.968118859601,0.0,-9.399365442604056,44.45856229721186,33.58509813601892,23.424403559502846,3.4862052861339894
10,184.46308356381252,184.4630835638124,-11.179280255966376,36.915732462759756,35.63629634756049,41.92848105181828,44.94454969794974
11,180.0768732065004,180.07687320650047,-10.077355019554119,42.05372228256157,44.7798885392945,30.03961035587613,32.98212857998958
11,180.0768732065004,180.07687320650047,-10.074501325097756,42.05372228256157,44.80176686345994,30.03961035587613,32.825191176641994
11,180.0768732065004,180.07687320650047,-9.632362822066597,42.05372228256157,44.99227239742293,26.840387366600186,32.235370164565026
11,6416.9681188596,0.0,-9.259585975476744,33.023381293051244,37.861061462228086,23.715876930817558,2.7060360761393163
11,180.0768732065004,180.07687320650047,-10.10648690315572,42.05372228256157,44.55654409834893,30.03961035587613,32.98212857998958
11,180.0768732065004,180.07687320650047,-9.812629813459154,42.084232724107444,44.91184487678398,28.14200677997086,44.37923921914761
11,180.0768732065004,180.07687320650047,-10.010385569530158,41.84469715534486,44.7798885392945,29.52617790569244,38.879085540285956
11,180.0768732065004,180.07687320650047,-10.007337988314248,41.84996966933129,44.7798885392945,29.502813116370483,38.879085540285956
11,4845.636751861959,91.69236697343321,-6.839612501215409,34.25527251363535,21.845030915118997,4.118236443840488,43.681207267855626
11,180.0768732065004,180.07687320650047,-10.080402600770029,42.04844976857514,44.7798885392945,30.062975145198088,32.973931818582095
11,180.0768732065004,180.07687320650047,-10.027629817752,42.144649283480895,44.63950400676691,29.51799927619899,43.13126317298242
11,180.0768732065004,180.07687320650047,-10.04114681803894,42.04844976857514,44.7798885392945,29.76201414425976,32.973931818582095
11,4833.040493502703,92.06594040233693,-6.8927535715840165,34.94297114154696,27.34436444660386,5.831216001868594,44.98677195305774
11,180.0768732065004,180.07687320650047,-10.12296591309385,42.04844976857514,44.7798885392945,30.389293873014072,32.68484707282431
11,180.0768732065004,180.07687320650047,-10.03014139613699,41.84469715534486,44.62842720197548,29.52617790569244,38.879085540285956
11,180.0768732065004,180.07687320650047,-10.05795038133671,42.04844976857514,44.61130062812906,29.722253551710555,33.946417008632835
11,180.0768732065004,180.07687320650047,-10.072569010923075,42.05372228256157,44.7798885392945,30.002917623038098,32.98212857998958
11,4845.636751861959,91.69236697343321,-6.839612501215409,34.25527251363535,36.039349802488886,4.118236443840488,43.681207267855626
11,4848.158505797136,81.96013432205963,-6.714079666276284,41.55736698373104,35.690988740120694,4.234748298711732,44.76013752392683
11,180.0768732065004,180.07687320650047,-10.003037132179884,41.84469715534486,44.82455372789252,29.51450507460497,38.552857674431074
11,180.0768732065004,180.07687320650047,-10.049712918169178,42.05372228256157,44.99181131657909,30.03961035587613,33.06786459303509
11,180.0768732065004,180.07687320650047,-10.57154653140541,42.05372228256157,44.7798885392945,33.82841194673598,33.30835644456849
11,4833.040493502703,92.06594040233693,-6.8938189737466615,33.46212249215884,25.38778965730919,5.831216001868594,44.97860386981076
11,180.0768732065004,180.07687320650047,-9.659751528583175,42.05372228256157,44.78229231412913,26.840387366600186,32.149634151519514
11,180.0768732065004,180.07687320650047,-10.03014139613699,41.98323742055752,44.62842720197548,29.52617790569244,43.752156465454135
11,180.0768732065004,180.07687320650047,-9.328941768058378,42.05372228256157,44.01412553499229,23.536012423439885,31.208412392298314
11,190.56442786389567,176.80665558572716,-10.169484801501852,31.39960677892492,28.08917550221757,42.12312535736999,44.4968509836694
11,4833.040493502703,92.06594040233693,-6.8927535715840165,34.94297114154696,27.313742422278974,5.831216001868594,44.98677195305774
11,180.0768732065004,180.07687320650047,-9.830083959567876,42.14928391342462,44.784127033538184,28.148104056891945,43.2826151214619
11,2723.144186297303,143.5528049018182,-7.434775594638133,14.681232056020042,6.928427277377374,41.92848105181828,44.99990519959807
11,4848.158505797137,81.01093792831249,-6.734435326647954,40.29698031380136,29.241482619041683,4.268846822616016,44.63817598498159
11,6416.9681188596005,0.0,-9.291833872039422,34.94297114154696,27.34436444660386,23.468643057170386,2.7060360761393163
11,6416.9681188596005,0.0,-9.38642349289951,34.9441618201296,27.34389311928915,23.264361193089613,3.2269413053192153
11,181.41841075484663,181.4184107548467,-10.940169248412843,36.91818307358926,35.03344742730138,43.15881652280289,44.94454969794974
11,181.41841075484663,181.4184107548467,-11.179280255966376,36.915732462759756,35.63629634756049,41.92848105181828,44.99619127637837
11,3011.621466112437,147.95652326693707,-9.06730936487416,14.656873144792222,6.762817026554213,29.246778562518948,43.13126317298242
11,4859.886675306597,83.35021520987742,-6.70683482680667,41.55736698373104,35.63235883660269,4.234748298711732,44.815681293193826
11,190.56442786389567,176.9401435773452,-10.196043848431493,31.39960677892492,28.08917550221757,41.91950599757612,44.4968509836694
11,4845.636751861959,98.07439562226561,-6.511374225473325,34.05153491032902,27.262078128766817,2.779878559911822,44.85934283128289
11,4845.636751861959,98.07439562226561,-6.511374225473325,34.05034423174639,27.515895320128138,2.779878559911822,44.85934283128289
11,4845.63675186196,91.69236697343321,-6.839612501215409,34.27093818427605,23.911631797178337,4.118236443840488,43.681207267855626
11,4848.158505797138,87.56804749324691,-6.761873451958152,40.51946595637558,7.775326937025303,4.267237062937728,44.426207264591795
11,4851.678821664182,86.91889912798717,-6.624883834246077,41.947284917949474,24.904005995031326,3.4289520475349438,44.63817598498159
11,4848.158505797136,91.62110974599426,-6.714655865350132,29.138915876316677,21.845030915118997,4.118236443840488,44.63920814282275
11,4848.158505797136,91.62110974599426,-6.715515860027637,34.55102500775411,24.904005995031326,4.118219142600056,44.63259754905474
11,6416.9681188596005,0.0,-9.291833872039422,34.94297114154696,26.487959366919668,23.468643057170386,2.7060360761393163
11,4848.158505797136,91.62110974599426,-6.71479049463376,34.55102500775411,24.904005995031326,4.118236443840488,44.63817598498159
11,4848.158505797136,91.62110974599426,-6.714708209120442,10.442819584660008,36.36866623872034,4.11709159092117,44.63766198766438
12,180.0768732065004,180.07687320650047,-10.077355019554119,42.05372228256157,44.7798885392945,30.03961035587613,32.98212857998958
12,180.0768732065004,180.07687320650047,-10.074501325097756,42.05372228256157,44.80176686345994,30.03961035587613,32.825191176641994
12,180.0768732065004,180.07687320650047,-9.632362822066597,42.05372228256157,44.99227239742293,26.840387366600186,32.235370164565026
12,6416.9681188596,0.0,-9.259585975476744,33.023381293051244,37.861061462228086,23.715876930817558,2.7060360761393163
12,180.0768732065004,180.07687320650047,-10.10648690315572,42.05372228256157,44.55654409834893,30.03961035587613,32.98212857998958
12,180.0768732065004,180.07687320650047,-9.812629813459154,42.084232724107444,44.91184487678398,28.14200677997086,44.37923921914761
12,180.0768732065004,180.07687320650047,-10.010385569530158,41.84469715534486,44.7798885392945,29.52617790569244,38.879085540285956
12,180.0768732065004,180.07687320650047,-10.007337988314248,41.84996966933129,44.7798885392945,29.502813116370483,38.879085540285956
12,4845.636751861959,91.69236697343321,-6.839612501215409,34.25527251363535,21.845030915118997,4.118236443840488,43.681207267855626
12,180.0768732065004,180.07687320650047,-10.080402600770029,42.04844976857514,44.7798885392945,30.062975145198088,32.973931818582095
12,180.0768732065004,180.07687320650047,-10.027629817752,42.144649283480895,44.63950400676691,29.51799927619899,43.13126317298242
12,180.0768732065004,180.07687320650047,-10.04114681803894,42.04844976857514,44.7798885392945,29.76201414425976,32.973931818582095
12,4833.040493502703,92.06594040233693,-6.8927535715840165,34.94297114154696,27.34436444660386,5.831216001868594,44.98677195305774
12,180.0768732065004,180.07687320650047,-10.12296591309385,42.04844976857514,44.7798885392945,30.389293873014072,32.68484707282431
12,180.0768732065004,180.07687320650047,-10.03014139613699,41.84469715534486,44.62842720197548,29.52617790569244,38.879085540285956
12,180.0768732065004,180.07687320650047,-10.05795038133671,42.04844976857514,44.61130062812906,29.722253551710555,33.946417008632835
12,180.0768732065004,180.07687320650047,-10.072569010923075,42.05372228256157,44.7798885392945,30.002917623038098,32.98212857998958
12,4845.636751861959,91.69236697343321,-6.839612501215409,34.25527251363535,36.039349802488886,4.118236443840488,43.681207267855626
12,4848.158505797136,81.96013432205963,-6.714079666276284,41.55736698373104,35.690988740120694,4.234748298711732,44.76013752392683
12,180.0768732065004,180.07687320650047,-10.003037132179884,41.84469715534486,44.82455372789252,29.51450507460497,38.552857674431074
12,180.0768732065004,180.07687320650047,-10.049712918169178,42.05372228256157,44.99181131657909,30.03961035587613,33.06786459303509
12,180.0768732065004,180.07687320650047,-10.57154653140541,42.05372228256157,44.7798885392945,33.82841194673598,33.30835644456849
12,4833.040493502703,92.06594040233693,-6.8938189737466615,33.46212249215884,25.38778965730919,5.831216001868594,44.97860386981076
12,180.0768732065004,180.07687320650047,-9.659751528583175,42.05372228256157,44.78229231412913,26.840387366600186,32.149634151519514
12,180.0768732065004,180.07687320650047,-10.03014139613699,41.98323742055752,44.62842720197548,29.52617790569244,43.752156465454135
12,180.0768732065004,180.07687320650047,-9.328941768058378,42.05372228256157,44.01412553499229,23.536012423439885,31.208412392298314
12,190.56442786389567,176.80665558572716,-10.169484801501852,31.39960677892492,28.08917550221757,42.12312535736999,44.4968509836694
12,4833.040493502703,92.06594040233693,-6.8927535715840165,34.94297114154696,27.313742422278974,5.831216001868594,44.98677195305774
12,180.0768732065004,180.07687320650047,-9.830083959567876,42.14928391342462,44.784127033538184,28.148104056891945,43.2826151214619
12,2723.144186297303,143.5528049018182,-7.434775594638133,14.681232056020042,6.928427277377374,41.92848105181828,44.99990519959807
12,4848.158505797137,81.01093792831249,-6.734435326647954,40.29698031380136,29.241482619041683,4.268846822616016,44.63817598498159
12,4848.158505797136,81.96013432205963,-6.710900922386713,34.26273651189511,36.07290375862886,4.2232354384076904,44.772995033442776
12,180.0768732065004,180.07687320650047,-10.04821321840722,42.04844976857514,44.78718761585947,29.823488956981514,32.68484707282431
12,4833.040493502703,92.06594040233693,-6.8927535715840165,14.444413429575162,27.313742422278974,5.831216001868594,44.98677195305774
12,2723.144186297303,143.5528049018182,-7.434775594638133,14.386517620303925,6.928427277377374,41.92848105181828,43.13995988412411
12,180.0768732065004,180.07687320650047,-9.989171942876766,41.84469715534486,44.94252634363719,29.52617790569244,38.879085540285956
12,194.52477958113568,170.69670291659958,-10.374767527836262,30.263239480387988,29.663009737448018,42.12312535736999,44.49643280435331
12,180.0768732065004,180.07687320650047,-10.0727081396956,42.0536040427908,44.7798885392945,30.003984276960765,32.98212857998958
12,180.0768732065004,180.07687320650047,-10.007337988314248,41.84996966933129,44.7798885392945,29.502813116370483,39.613632363699736
12,180.0768732065004,180.07687320650047,-9.861170721644953,41.84469715534486,44.7798885392945,28.382197405239154,38.879085540285956
12,6416.9681188596005,0.0,-9.291833872039422,34.94297114154696,26.487959366919668,23.468643057170386,2.7060360761393163
12,6416.9681188596005,0.0,-9.291833872039422,34.94297114154696,27.34436444660386,23.468643057170386,2.7060360761393163
12,181.41841075484663,181.4184107548467,-9.163002887204314,36.91818307358926,21.99089203189251,43.74120322999272,44.91394987951489
12,181.41841075484663,181.4184107548467,-10.940169248412843,36.91818307358926,35.03344742730138,43.15881652280289,44.94454969794974
12,2723.1441862973047,143.5528049018182,-7.434775594638133,35.17978124337461,6.928427277377374,41.92848105181828,44.99990519959807
12,4858.9042002117,81.88152234642699,-6.969193796867511,34.94297114154696,26.632957461519823,5.831216001868594,44.400730225884274
12,190.56442786389567,176.9401435773452,-10.196043848431493,31.39960677892492,28.08917550221757,41.91950599757612,44.4968509836694
12,4845.636751861959,98.07439562226561,-6.511374225473325,34.05153491032902,27.262078128766817,2.779878559911822,44.85934283128289
13,6416.9681188596,0.0,-9.259585975476744,33.023381293051244,37.861061462228086,23.715876930817558,2.7060360761393163
13,4845.636751861959,91.69236697343321,-6.839612501215409,34.25527251363535,21.845030915118997,4.118236443840488,43.681207267855626
13,4833.040493502703,92.06594040233693,-6.8927535715840165,34.94297114154696,27.34436444660386,5.831216001868594,44.98677195305774
13,4845.636751861959,91.69236697343321,-6.839612501215409,34.25527251363535,36.039349802488886,4.118236443840488,43.681207267855626
13,4848.158505797136,81.96013432205963,-6.714079666276284,41.55736698373104,35.690988740120694,4.234748298711732,44.76013752392683
13,4833.040493502703,92.06594040233693,-6.8938189737466615,33.46212249215884,25.38778965730919,5.831216001868594,44.97860386981076
13,4833.040493502703,92.06594040233693,-6.8927535715840165,34.94297114154696,27.313742422278974,5.831216001868594,44.98677195305774
13,2723.144186297303,143.5528049018182,-7.434775594638133,14.681232056020042,6.928427277377374,41.92848105181828,44.99990519959807
13,4848.158505797137,81.01093792831249,-6.734435326647954,40.29698031380136,29.241482619041683,4.268846822616016,44.63817598498159
13,4848.158505797136,81.96013432205963,-6.710900922386713,34.26273651189511,36.07290375862886,4.2232354384076904,44.772995033442776
13,4833.040493502703,92.06594040233693,-6.8927535715840165,14.444413429575162,27.313742422278974,5.831216001868594,44.98677195305774
13,2723.144186297303,143.5528049018182,-7.434775594638133,14.386517620303925,6.928427277377374,41.92848105181828,43.13995988412411
13,6416.9681188596,0.0,-9.281789365651413,40.52049644253467,25.029101340476537,23.535145137608485,2.6955302742693625
13,4845.636751861959,91.69236697343321,-6.839612501215409,34.25527251363535,37.27230646109764,4.118236443840488,43.681207267855626
13,175.3224421866214,169.76019361517757,-10.137106707550238,30.1185852701573,29.663009737448018,43.94519164622946,44.49643280435331
13,4833.040493502703,92.06594040233693,-6.8938189737466615,25.531812660061448,29.265858807549712,5.831216001868594,44.97860386981076
13,6416.9681188596,0.0,-9.259585975476744,33.02327308817988,37.82681870204287,23.715876930817558,2.7060360761393163
13,181.41841075484663,162.68597517761947,-10.374767527836262,26.432135903611254,29.663009737448018,42.12312535736999,44.80046395022853
13,6416.9681188596005,0.0,-9.291833872039422,34.94297114154696,27.34436444660386,23.468643057170386,2.7060360761393163
13,180.0768732065004,180.07687320650047,-9.877611862056696,41.84469715534486,44.7798885392945,28.5082461483959,44.48160053885079
13,6416.9681188596005,0.0,-9.291833872039422,34.94297114154696,26.487959366919668,23.468643057170386,2.7060360761393163
13,180.0768732065004,180.07687320650047,-10.077355019554119,42.05372228256157,44.7798885392945,30.03961035587613,32.98212857998958
13,2723.1441862973043,143.5528049018182,-7.434775594638133,33.063146810426964,6.928427277377374,41.92848105181828,44.99990519959807
13,4858.9042002117,81.88152234642699,-6.969193796867511,34.94297114154696,26.632957461519823,5.831216001868594,44.400730225884274
13,4845.636751861959,96.81827795641757,-6.795725195402767,34.25527251363535,21.845030915118997,4.118236443840488,44.017676612419216
13,194.52477958113568,170.69670291659958,-10.374767527836262,30.263239480387988,29.663009737448018,42.12312535736999,44.49643280435331
13,4851.690641533,88.40429445782844,-6.746184885607612,14.444413429575162,43.578042398034306,3.5620759729001934,43.84132518324173
13,4845.63675186196,91.69236697343321,-6.887859814881118,34.26284471676648,36.107146518814076,4.2232354384076904,43.416310190985676
13,190.56442786389567,176.80665558572716,-10.169484801501852,31.39960677892492,28.08917550221757,42.12312535736999,44.4968509836694
13,190.56442786389567,176.80665558572716,-10.169484801501852,31.366600272877704,28.08917550221757,42.12312535736999,44.99573158994141
13,180.0768732065004,180.07687320650047,-9.936498151381453,42.05372228256157,44.78254735581549,28.96236651640669,32.98212857998958
13,180.0768732065004,180.07687320650047,-10.007337988314248,41.84996966933129,44.7798885392945,29.502813116370483,38.879085540285956
13,180.0768732065004,180.07687320650047,-10.03014139613699,41.98323742055752,44.62842720197548,29.52617790569244,43.752156465454135
13,180.0768732065004,180.07687320650047,-10.03014139613699,41.84469715534486,44.62842720197548,29.52617790569244,38.879085540285956
13,180.0768732065004,180.07687320650047,-10.081386524808849,41.84469715534486,44.7394227566189,30.030052780153454,38.879085540285956
13,180.0768732065004,180.07687320650047,-10.563639299036986,42.05372228256157,44.84051065411908,33.82841194673598,33.03931849367376
13,180.0768732065004,180.07687320650047,-10.05795038133671,42.04844976857514,44.61130062812906,29.722253551710555,33.946417008632835
13,180.0768732065004,180.07687320650047,-10.12296591309385,42.04844976857514,44.7798885392945,30.389293873014072,32.68484707282431
13,180.0768732065004,180.07687320650047,-9.328941768058378,42.05372228256157,44.01412553499229,23.536012423439885,31.208412392298314
13,180.0768732065004,180.07687320650047,-10.080402600770029,42.04844976857514,44.7798885392945,30.062975145198088,32.973931818582095
13,180.0768732065004,180.07687320650047,-10.027629817752,42.144649283480895,44.63950400676691,29.51799927619899,43.13126317298242
13,180.0768732065004,180.07687320650047,-9.989171942876766,41.87760016264647,44.94252634363719,29.52617790569244,37.64610527252961
13,180.0768732065004,180.07687320650047,-10.007337988314248,41.84208189601791,44.7798885392945,29.502813116370483,37.39635548235441
13,180.0768732065004,180.07687320650047,-9.812629813459154,42.084232724107444,44.91184487678398,28.14200677997086,44.37923921914761
13,180.0768732065004,180.07687320650047,-10.074501325097756,42.05372228256157,44.80176686345994,30.03961035587613,32.825191176641994
13,180.0768732065004,180.07687320650047,-10.0727081396956,42.0536040427908,44.7798885392945,30.003984276960765,32.98212857998958
13,180.0768732065004,180.07687320650047,-10.004018852573687,41.84469715534486,44.82455372789252,29.522031597624142,38.552857674431074
13,180.0768732065004,180.07687320650047,-10.10648690315572,42.05372228256157,44.55654409834893,30.03961035587613,32.98212857998958
14,6416.9681188596,0.0,-9.259585975476744,33.023381293051244,37.861061462228086,23.715876930817558,2.7060360761393163
14,4845.636751861959,91.69236697343321,-6.839612501215409,34.25527251363535,21.845030915118997,4.118236443840488,43.681207267855626
14,4833.040493502703,92.06594040233693,-6.8927535715840165,34.94297114154696,27.34436444660386,5.831216001868594,44.98677195305774
14,4845.636751861959,91.69236697343321,-6.839612501215409,34.25527251363535,36.039349802488886,4.118236443840488,43.681207267855626
14,4848.158505797136,81.96013432205963,-6.714079666276284,41.55736698373104,35.690988740120694,4.234748298711732,44.76013752392683
14,4833.040493502703,92.06594040233693,-6.8938189737466615,33.46212249215884,25.38778965730919,5.831216001868594,44.97860386981076
14,4833.040493502703,92.06594040233693,-6.8927535715840165,34.94297114154696,27.313742422278974,5.831216001868594,44.98677195305774
14,2723.144186297303,143.5528049018182,-7.434775594638133,14.681232056020042,6.928427277377374,41.92848105181828,44.99990519959807
14,4848.158505797137,81.01093792831249,-6.734435326647954,40.29698031380136,29.241482619041683,4.268846822616016,44.63817598498159
14,4848.158505797136,81.96013432205963,-6.710900922386713,34.26273651189511,36.07290375862886,4.2232354384076904,44.772995033442776
14,4833.040493502703,92.06594040233693,-6.8927535715840165,14.444413429575162,27.313742422278974,5.831216001868594,44.98677195305774
14,2723.144186297303,143.5528049018182,-7.434775594638133,14.386517620303925,6.928427277377374,41.92848105181828,43.13995988412411
14,6416.9681188596,0.0,-9.281789365651413,40.52049644253467,25.029101340476537,23.535145137608485,2.6955302742693625
14,4845.636751861959,91.69236697343321,-6.839612501215409,34.25527251363535,37.27230646109764,4.118236443840488,43.681207267855626
14,175.3224421866214,169.76019361517757,-10.137106707550238,30.1185852701573,29.663009737448018,43.94519164622946,44.49643280435331
14,4833.040493502703,92.06594040233693,-6.8938189737466615,25.531812660061448,29.265858807549712,5.831216001868594,44.97860386981076
14,6416.9681188596,0.0,-9.259585975476744,33.02327308817988,37.82681870204287,23.715876930817558,2.7060360761393163
14,181.41841075484663,162.68597517761947,-10.374767527836262,26.432135903611254,29.663009737448018,42.12312535736999,44.80046395022853
14,186.04793295027292,155.03994412522735,-9.604165988348882,26.411827783302634,44.7798885392945,30.03961035587613,30.241198645739118
14,186.0479329502743,145.17359628735085,-10.041823135708619,25.315040864909594,29.265858807549712,44.27854810045028,44.97860386981076
14,4848.158505797135,91.62110974599426,-6.679601537100488,34.26273651189511,36.07290375862886,3.983273484546635,44.772995033442776
14,6416.9681188596005,0.0,-9.291833872039422,34.94297114154696,27.34436444660386,23.468643057170386,2.7060360761393163
14,180.0768732065004,180.07687320650047,-9.877611862056696,41.84469715534486,44.7798885392945,28.5082461483959,44.48160053885079
14,6416.9681188596005,0.0,-9.291833872039422,34.94297114154696,26.487959366919668,23.468643057170386,2.7060360761393163
14,180.0768732065004,180.07687320650047,-10.134635329977954,42.0450369103222,44.64363617377722,30.37774791263161,44.67887704946723
14,2723.1441862973043,143.5528049018182,-7.434775594638133,33.063146810426964,6.928427277377374,41.92848105181828,44.99990519959807
14,4833.040493502704,92.06594040233693,-6.8927535715840165,41.166197941942,27.34436444660386,5.831216001868594,44.98677195305774
14,205.56415498727208,167.83828504021272,-10.137106707550238,30.573201928461543,29.663009737448018,43.94519164622946,32.925966525618236
14,4858.9042002117,81.88152234642699,-6.969193796867511,34.94297114154696,26.632957461519823,5.831216001868594,44.400730225884274
14,4858.9042002117,81.88152234642699,-6.969193796867511,34.98700340727286,26.590704902565534,5.831216001868594,44.400730225884274
14,194.52477958113568,170.69670291659958,-10.374767527836262,30.263239480387988,29.663009737448018,42.12312535736999,44.49643280435331
14,4851.690641533,88.40429445782844,-6.746184885607612,14.444413429575162,43.578042398034306,3.5620759729001934,43.84132518324173
14,190.56442786389567,176.80665558572716,-10.169484801501852,31.39960677892492,28.08917550221757,42.12312535736999,44.4968509836694
14,4845.63675186196,91.69236697343321,-6.887859814881118,34.26284471676648,36.107146518814076,4.2232354384076904,43.416310190985676
14,4851.690641533,88.40429445782844,-6.746184885607612,14.444413429575162,43.68150031082613,3.5620759729001934,43.84132518324173
14,190.56442786389567,176.80665558572716,-10.169484801501852,31.366600272877704,28.08917550221757,42.12312535736999,44.99573158994141
14,4845.63675186196,91.69236697343321,-6.839612501215409,33.77301953360574,36.039349802488886,4.118236443840488,43.681207267855626
14,180.0768732065004,180.07687320650047,-10.12296591309385,42.04844976857514,44.7798885392945,30.389293873014072,32.68484707282431
14,180.0768732065004,180.07687320650047,-10.081386524808849,41.84469715534486,44.7394227566189,30.030052780153454,38.879085540285956
14,180.0768732065004,180.07687320650047,-9.328941768058378,42.05372228256157,44.01412553499229,23.536012423439885,34.37718323910782
14,180.0768732065004,180.07687320650047,-10.03014139613699,41.84469715534486,44.62842720197548,29.52617790569244,38.879085540285956
14,180.0768732065004,180.07687320650047,-10.03014139613699,41.98323742055752,44.62842720197548,29.52617790569244,43.752156465454135
14,180.0768732065004,180.07687320650047,-10.080402600770029,42.04844976857514,44.7798885392945,30.062975145198088,32.973931818582095
14,180.0768732065004,180.07687320650047,-10.007337988314248,41.84996966933129,44.7798885392945,29.502813116370483,38.879085540285956
14,180.0768732065004,180.07687320650047,-9.989171942876766,41.87760016264647,44.94252634363719,29.52617790569244,37.64610527252961
14,180.0768732065004,180.07687320650047,-9.879117856889195,41.8481100135978,44.7798885392945,28.519792108778365,32.31749328811961
14,180.0768732065004,180.07687320650047,-10.004018852573687,41.84469715534486,44.82455372789252,29.522031597624142,38.552857674431074
14,180.0768732065004,180.07687320650047,-10.077355019554119,41.59882500567829,44.7798885392945,30.03961035587613,44.49439476639002
15,6416.9681188596,0.0,-9.259585975476744,33.023381293051244,37.861061462228086,23.715876930817558,2.7060360761393163
15,4845.636751861959,91.69236697343321,-6.839612501215409,34.25527251363535,21.845030915118997,4.118236443840488,43.681207267855626
15,4845.636751861959,91.69236697343321,-6.839612501215409,34.25527251363535,36.039349802488886,4.118236443840488,43.681207267855626
15,4848.158505797136,81.96013432205963,-6.714079666276284,41.55736698373104,35.690988740120694,4.234748298711732,44.76013752392683
15,2723.144186297303,143.5528049018182,-7.434775594638133,14.681232056020042,6.928427277377374,41.92848105181828,44.99990519959807
15,4848.158505797137,81.01093792831249,-6.734435326647954,40.29698031380136,29.241482619041683,4.268846822616016,44.63817598498159
15,4848.158505797136,81.96013432205963,-6.710900922386713,34.26273651189511,36.07290375862886,4.2232354384076904,44.772995033442776
15,2723.144186297303,143.5528049018182,-7.434775594638133,14.386517620303925,6.928427277377374,41.92848105181828,43.13995988412411
15,6416.9681188596,0.0,-9.281789365651413,40.52049644253467,25.029101340476537,23.535145137608485,2.6955302742693625
15,4845.636751861959,91.69236697343321,-6.839612501215409,34.25527251363535,37.27230646109764,4.118236443840488,43.681207267855626
15,175.3224421866214,169.76019361517757,-10.137106707550238,30.1185852701573,29.663009737448018,43.94519164622946,44.49643280435331
15,6416.9681188596,0.0,-9.259585975476744,33.02327308817988,37.82681870204287,23.715876930817558,2.7060360761393163
15,181.41841075484663,162.68597517761947,-10.374767527836262,26.432135903611254,29.663009737448018,42.12312535736999,44.80046395022853
15,186.04793295027292,155.03994412522735,-9.604165988348882,26.411827783302634,44.7798885392945,30.03961035587613,30.241198645739118
15,186.0479329502743,145.17359628735085,-10.041823135708619,25.315040864909594,29.265858807549712,44.27854810045028,44.97860386981076
15,4848.158505797135,91.62110974599426,-6.679601537100488,34.26273651189511,36.07290375862886,3.983273484546635,44.772995033442776
15,2723.144186297303,143.5528049018182,-7.434775594638133,14.386517620303925,6.928427277377374,41.92848105181828,43.106024355363935
15,4833.040493502702,92.06594040233693,-6.8933864384070205,14.474375054558015,30.520339092153268,5.831216001868594,44.98191997408135
15,186.0479329502743,145.17359628735085,-10.36071180416085,25.315040864909594,29.265858807549712,41.83373497564984,44.98551337374096
15,4848.158505797137,81.01093792831249,-6.7328670938548925,40.53774549518327,29.241482619041683,4.268846822616016,44.650199103061716
15,4848.158505797136,81.96013432205963,-6.710900922386713,34.26273651189511,36.00600597128762,4.2232354384076904,44.772995033442776
15,4845.63675186196,91.69236697343321,-6.887859814881118,34.26284471676648,36.107146518814076,4.2232354384076904,43.416310190985676
15,4845.63675186196,91.69236697343321,-6.839612501215409,33.77301953360574,36.039349802488886,4.118236443840488,43.681207267855626
15,178.85777985491862,178.8577798549186,-9.607109733726965,30.1185852701573,26.640707524654907,44.98619956608147,44.49643280435331
15,6416.9681188596005,0.0,-9.291833872039422,34.94297114154696,27.34436444660386,23.468643057170386,2.7060360761393163
15,6416.9681188596005,0.0,-9.291833872039422,34.94297114154696,26.487959366919668,23.468643057170386,2.7060360761393163
15,6416.9681188596005,0.0,-9.285522195266543,34.94297114154696,27.30159601867492,23.51703257909577,2.7060360761393163
15,6416.9681188596005,0.0,-9.292427559116156,33.023381293051244,37.94284436181792,23.464091456248738,2.7060360761393163
15,6416.9681188596005,0.0,-9.291833872039422,34.8602826742105,27.42178070935356,23.468643057170386,2.7060360761393163
15,181.41841075484663,178.46082241384477,-9.78788704538826,26.44763054913641,27.34436444660386,44.30389709862718,44.80419153072569
15,2723.1441862973043,143.5528049018182,-7.434775594638133,33.063146810426964,6.928427277377374,41.92848105181828,44.99990519959807
15,4833.040493502703,92.06594040233693,-6.8927535715840165,34.94297114154696,27.34436444660386,5.831216001868594,44.98677195305774
15,4833.040493502703,92.06594040233693,-6.8938189737466615,33.46212249215884,25.38778965730919,5.831216001868594,44.97860386981076
15,4833.040493502703,92.06594040233693,-6.8927535715840165,34.94297114154696,27.313742422278974,5.831216001868594,44.98677195305774
15,4833.040493502703,92.06594040233693,-6.8927535715840165,14.444413429575162,27.313742422278974,5.831216001868594,44.98677195305774
15,4833.040493502703,92.06594040233693,-6.8938189737466615,25.531812660061448,29.265858807549712,5.831216001868594,44.97860386981076
15,190.56442786389567,166.7438743809087,-10.159884600708565,30.672337144726864,44.7798885392945,32.95389351658155,29.416178168018927
15,4858.9042002117,81.88152234642699,-6.969193796867511,34.94297114154696,26.632957461519823,5.831216001868594,44.400730225884274
15,4858.9042002117,81.88152234642699,-6.969193796867511,34.98700340727286,26.590704902565534,5.831216001868594,44.400730225884274
15,4851.690641533,88.40429445782844,-6.746184885607612,14.444413429575162,43.578042398034306,3.5620759729001934,43.84132518324173
15,4851.690641533,88.40429445782844,-6.746184885607612,14.444413429575162,43.68150031082613,3.5620759729001934,43.84132518324173
15,4851.690641533,88.40429445782844,-6.750762950410877,14.444413429575162,43.578042398034306,3.5953552885548903,43.8395060020714
15,4857.527782608194,83.81096679455383,-6.8380023155672305,25.47291672743268,29.65515702621786,5.403288289159639,44.97860386981076
15,6416.968118859602,0.0,-8.762519206124164,33.023381293051244,37.861061462228086,30.180336678430134,5.359650592048791
15,180.0768732065004,180.07687320650047,-9.877611862056696,41.84469715534486,44.7798885392945,28.5082461483959,44.48160053885079
15,6416.968118859602,0.0,-9.058589252812837,34.94297114154696,35.813553976914456,25.104909064611228,2.554093336176357
15,180.0768732065004,180.07687320650047,-10.028017326100404,41.84469715534486,44.644711738922666,29.52617790569244,38.879085540285956
15,2729.1414638363435,143.999251810167,-7.256692808207518,33.063146810426964,7.766962151634788,44.132317288710446,44.99990519959807
16,6416.9681188596,0.0,-9.259585975476744,33.023381293051244,37.861061462228086,23.715876930817558,2.7060360761393163
16,4845.636751861959,91.69236697343321,-6.839612501215409,34.25527251363535,21.845030915118997,4.118236443840488,43.681207267855626
16,4845.636751861959,91.69236697343321,-6.839612501215409,34.25527251363535,36.039349802488886,4.118236443840488,43.681207267855626
16,4848.158505797136,81.96013432205963,-6.714079666276284,41.55736698373104,35.690988740120694,4.234748298711732,44.76013752392683
16,4848.158505797137,81.01093792831249,-6.734435326647954,40.29698031380136,29.241482619041683,4.268846822616016,44.63817598498159
16,4848.158505797136,81.96013432205963,-6.710900922386713,34.26273651189511,36.07290375862886,4.2232354384076904,44.772995033442776
16,6416.9681188596,0.0,-9.281789365651413,40.52049644253467,25.029101340476537,23.535145137608485,2.6955302742693625
16,4845.636751861959,91.69236697343321,-6.839612501215409,34.25527251363535,37.27230646109764,4.118236443840488,43.681207267855626
16,175.3224421866214,169.76019361517757,-10.137106707550238,30.1185852701573,29.663009737448018,43.94519164622946,44.49643280435331
16,6416.9681188596,0.0,-9.259585975476744,33.02327308817988,37.82681870204287,23.715876930817558,2.7060360761393163
16,181.41841075484663,162.68597517761947,-10.374767527836262,26.432135903611254,29.663009737448018,42.12312535736999,44.80046395022853
16,186.0479329502743,145.17359628735085,-10.041823135708619,25.315040864909594,29.265858807549712,44.27854810045028,44.97860386981076
16,4848.158505797135,91.62110974599426,-6.679601537100488,34.26273651189511,36.07290375862886,3.983273484546635,44.772995033442776
16,4833.040493502702,92.06594040233693,-6.8933864384070205,14.474375054558015,30.520339092153268,5.831216001868594,44.98191997408135
16,186.0479329502743,145.17359628735085,-10.36071180416085,25.315040864909594,29.265858807549712,41.83373497564984,44.98551337374096
16,4848.158505797137,81.01093792831249,-6.7328670938548925,40.53774549518327,29.241482619041683,4.268846822616016,44.650199103061716
16,4848.158505797136,81.96013432205963,-6.710900922386713,34.26273651189511,36.00600597128762,4.2232354384076904,44.772995033442776
16,181.41841075484663,162.68597517761947,-10.022914624047324,26.44763054913641,29.537570182256054,44.695224731226524,44.633368285660275
16,2723.144186297303,127.54495553938119,-7.4717464133001315,11.319884424173221,7.2118702204527,41.92848105181828,43.106024355363935
16,186.0479329502743,145.17359628735085,-10.350900670356879,25.315040864909594,29.265858807549712,41.90895366814696,44.48833495468512
16,181.41841075484663,162.68597517761947,-10.36127037164782,26.432135903611254,29.559531540003302,42.12312535736999,44.80046395022853
16,4848.158505797137,81.01093792831249,-6.734215958229708,41.336042420453225,29.241482619041683,4.268846822616016,44.63985780952152
16,175.3224421866214,169.76019361517757,-10.051767597510931,30.1185852701573,29.663009737448018,44.59945815653084,44.49643280435331
16,186.04793295027292,153.42384994372267,-10.20008949247488,26.432135903611254,29.663009737448018,43.46232362847389,43.091633127077124
16,4848.158505797137,81.01093792831249,-6.734435326647954,39.68729965977014,29.241482619041683,4.268846822616016,44.63817598498159
16,178.85777985491862,178.8577798549186,-9.623781944809195,30.1185852701573,26.640707524654907,44.858379281117685,44.987584835561556
16,178.85777985491862,178.8577798549186,-9.607109733726965,30.1185852701573,26.640707524654907,44.98619956608147,44.49643280435331
16,6416.9681188596005,0.0,-9.291833872039422,34.94297114154696,27.34436444660386,23.468643057170386,2.7060360761393163
16,6416.9681188596005,0.0,-9.291833872039422,34.94297114154696,32.80256163484542,23.468643057170386,2.7060360761393163
16,2759.0559740537064,134.31366540995114,-7.270392617106083,11.559541971106922,6.928427277377374,43.18875054623068,44.988267896894534
16,186.04793295027292,155.03994412522735,-9.604165988348882,26.411827783302634,44.7798885392945,30.03961035587613,30.241198645739118
16,4858.9042002117,81.88152234642699,-6.969193796867511,34.94297114154696,26.632957461519823,5.831216001868594,44.400730225884274
16,2723.144186297303,143.5528049018182,-7.434775594638133,14.681232056020042,6.928427277377374,41.92848105181828,44.99990519959807
16,4833.040493502703,92.06594040233693,-6.8927535715840165,34.94297114154696,27.34436444660386,5.831216001868594,44.98677195305774
16,4858.9042002117,81.88152234642699,-6.969193796867511,33.05609412036145,26.632957461519823,5.831216001868594,44.400730225884274
16,4833.040493502703,92.06594040233693,-6.8938189737466615,25.531812660061448,29.265858807549712,5.831216001868594,44.97860386981076
16,181.41841075484663,178.46082241384477,-9.78788704538826,26.44763054913641,27.34436444660386,44.30389709862718,44.80419153072569
16,2723.144186297303,143.5528049018182,-7.434775594638133,14.386517620303925,6.928427277377374,41.92848105181828,43.106024355363935
16,4848.158505797138,81.96013432205963,-6.710900922386713,34.26273651189511,4.309130145367515,4.2232354384076904,44.772995033442776
16,4845.63675186196,91.69236697343321,-6.887859814881118,34.26284471676648,36.107146518814076,4.2232354384076904,43.416310190985676
16,4845.63675186196,91.69236697343321,-6.839612501215409,33.77301953360574,36.039349802488886,4.118236443840488,43.681207267855626
16,6416.9681188596005,0.0,-9.291833872039422,34.8602826742105,27.42178070935356,23.468643057170386,2.7060360761393163
16,4833.040493502703,92.06594040233693,-6.8938189737466615,33.46212249215884,25.38778965730919,5.831216001868594,44.97860386981076
16,4833.040493502703,92.06594040233693,-6.8927535715840165,34.94297114154696,27.313742422278974,5.831216001868594,44.98677195305774
16,2723.144186297303,143.5528049018182,-7.434775594638133,14.386517620303925,6.928427277377374,41.92848105181828,43.13995988412411
16,6416.9681188596005,0.0,-9.204670326748117,34.94297114154696,27.34436444660386,23.982946402916934,2.552085574652521
16,4858.9042002117,81.88152234642699,-6.969193796867511,34.98700340727286,26.590704902565534,5.831216001868594,44.400730225884274
16,6416.9681188596005,0.0,-9.292427559116156,33.023381293051244,37.94284436181792,23.464091456248738,2.7060360761393163
17,6416.9681188596,0.0,-9.259585975476744,33.023381293051244,37.861061462228086,23.715876930817558,2.7060360761393163
17,6416.9681188596,0.0,-9.281789365651413,40.52049644253467,25.029101340476537,23.535145137608485,2.6955302742693625
17,175.3224421866214,169.76019361517757,-10.137106707550238,30.1185852701573,29.663009737448018,43.94519164622946,44.49643280435331
17,6416.9681188596,0.0,-9.259585975476744,33.02327308817988,37.82681870204287,23.715876930817558,2.7060360761393163
17,175.3224421866214,169.76019361517757,-10.051767597510931,30.1185852701573,29.663009737448018,44.59945815653084,44.49643280435331
17,175.3224421866214,169.76019361517757,-10.05152468415023,29.9755029042163,29.265858807549712,44.204169562397894,44.97860386981076
17,4833.040493502702,82.59588182266711,-6.894829891705932,25.93243165410791,26.640707524654907,5.847947338640437,44.987584835561556
17,4848.158505797135,81.01093792831249,-6.734435326647954,34.3495946644363,21.579764024231288,4.268846822616016,44.63817598498159
17,4848.158505797135,81.01093792831249,-6.734435326647954,39.47723784873367,29.98059188242985,4.268846822616016,44.63817598498159
17,175.32244227112133,124.98374346686055,-10.04166709092054,23.849930158337635,29.2646624641745,44.27854810045028,44.97860386981076
17,6416.9681188596005,0.0,-9.291833872039422,34.94297114154696,27.34436444660386,23.468643057170386,2.7060360761393163
17,6416.9681188596005,0.0,-9.291833872039422,34.94297114154696,32.80256163484542,23.468643057170386,2.7060360761393163
17,6416.9681188596005,0.0,-9.291833872039422,34.8602826742105,27.42178070935356,23.468643057170386,2.7060360761393163
17,6416.9681188596005,0.0,-9.204670326748117,34.94297114154696,27.34436444660386,23.982946402916934,2.552085574652521
17,6416.9681188596005,0.0,-9.292427559116156,33.023381293051244,37.94284436181792,23.464091456248738,2.7060360761393163
17,4845.636751861959,91.69236697343321,-6.839612501215409,34.25527251363535,21.845030915118997,4.118236443840488,43.681207267855626
17,4845.636751861959,91.69236697343321,-6.839612501215409,34.25527251363535,36.039349802488886,4.118236443840488,43.681207267855626
17,4845.636751861959,91.69236697343321,-6.839612501215409,34.25527251363535,37.27230646109764,4.118236443840488,43.681207267855626
17,4833.040493502702,92.06594040233693,-6.8933864384070205,14.474375054558015,30.520339092153268,5.831216001868594,44.98191997408135
17,4845.636751861959,91.69236697343321,-6.839612501215409,34.25527251363535,21.81246935140634,4.118236443840488,43.681207267855626
17,4845.636751861959,91.69236697343321,-6.839612501215409,33.76678012732542,34.66954588481032,4.118236443840488,43.681207267855626
17,4848.158505797135,91.62110974599426,-6.679601537100488,34.26273651189511,36.07290375862886,3.983273484546635,44.772995033442776
17,4848.158505797135,91.62110974599426,-6.645164342208599,12.15066144184472,6.928427277377374,3.934527853827195,44.988267896894534
17,4848.158505797136,81.01093792831249,-6.667488931545705,25.52323776227963,29.86861917056216,4.096019011661207,44.97860386981076
17,186.0479329502743,145.17359628735085,-10.041823135708619,25.315040864909594,29.265858807549712,44.27854810045028,44.97860386981076
17,186.0479329502743,145.17359628735085,-10.36071180416085,25.315040864909594,29.265858807549712,41.83373497564984,44.98551337374096
17,186.0479329502743,145.17359628735085,-10.350900670356879,25.315040864909594,29.265858807549712,41.90895366814696,44.48833495468512
17,178.85777985491862,178.8577798549186,-9.623781944809195,30.1185852701573,26.640707524654907,44.858379281117685,44.987584835561556
17,178.85777985491862,178.8577798549186,-9.607109733726965,30.1185852701573,26.640707524654907,44.98619956608147,44.49643280435331
17,2721.1044389679128,127.54495553938119,-7.470094210854011,11.319884424173221,7.2118702204527,41.94114793723857,43.106024355363935
17,178.85777985491862,178.8577798549186,-9.607109733726965,30.1185852701573,26.640707524654907,44.98619956608147,44.05671251218427
17,181.41841075484663,153.42384994372267,-10.221658034810623,26.44071080139307,29.663009737448018,43.296964803899876,44.75036393945116
17,181.41841075484663,162.68597517761947,-10.374767527836262,26.432135903611254,29.663009737448018,42.12312535736999,44.80046395022853
17,181.41841075484663,162.68597517761947,-10.36127037164782,26.432135903611254,29.559531540003302,42.12312535736999,44.80046395022853
17,6416.968118859602,0.0,-8.501830436608294,32.3568013637772,37.82681870204287,29.52533606214234,2.7060360761393163
17,6416.968118859602,0.0,-9.017855130013508,33.02327308817988,37.82681870204287,25.348708027336002,2.485597357439617
17,2723.144186297303,127.54495553938119,-7.4717464133001315,11.319884424173221,7.2118702204527,41.92848105181828,43.106024355363935
17,186.04793295027292,153.42384994372267,-10.20008949247488,26.432135903611254,29.663009737448018,43.46232362847389,43.091633127077124
17,4848.158505797137,81.01093792831249,-6.734435326647954,40.29698031380136,29.241482619041683,4.268846822616016,44.63817598498159
17,4833.040493502703,92.06594040233693,-6.8927535715840165,34.94297114154696,27.34436444660386,5.831216001868594,44.98677195305774
17,4848.158505797137,81.01093792831249,-6.734435326647954,39.68729965977014,29.241482619041683,4.268846822616016,44.63817598498159
17,4833.040493502703,92.06594040233693,-6.8927535715840165,34.94297114154696,27.313742422278974,5.831216001868594,44.98677195305774
17,4845.63675186196,91.69236697343321,-6.887859814881118,34.26284471676648,36.107146518814076,4.2232354384076904,43.416310190985676
17,4848.158505797136,81.96013432205963,-6.710900922386713,34.26273651189511,36.00600597128762,4.2232354384076904,44.772995033442776
17,4848.158505797136,81.96013432205963,-6.714079666276284,41.55736698373104,35.690988740120694,4.234748298711732,44.76013752392683
17,4845.63675186196,91.69236697343321,-6.839612501215409,33.77301953360574,36.039349802488886,4.118236443840488,43.681207267855626
17,4848.158505797136,81.96013432205963,-6.710900922386713,34.26273651189511,36.07290375862886,4.2232354384076904,44.772995033442776
17,4848.158505797137,81.01093792831249,-6.7328670938548925,40.53774549518327,29.241482619041683,4.268846822616016,44.650199103061716
18,6416.9681188596,0.0,-9.259585975476744,33.023381293051244,37.861061462228086,23.715876930817558,2.7060360761393163
18,6416.9681188596,0.0,-9.281789365651413,40.52049644253467,25.029101340476537,23.535145137608485,2.6955302742693625
18,6416.9681188596,0.0,-9.259585975476744,33.02327308817988,37.82681870204287,23.715876930817558,2.7060360761393163
18,4833.040493502702,82.59588182266711,-6.894829891705932,25.93243165410791,26.640707524654907,5.847947338640437,44.987584835561556
18,4848.158505797135,81.01093792831249,-6.734435326647954,34.3495946644363,21.579764024231288,4.268846822616016,44.63817598498159
18,4848.158505797135,81.01093792831249,-6.734435326647954,39.47723784873367,29.98059188242985,4.268846822616016,44.63817598498159
18,175.32244227112133,124.98374346686055,-10.04166709092054,23.849930158337635,29.2646624641745,44.27854810045028,44.97860386981076
18,175.3224421866214,160.66260737543655,-10.373917839028621,30.1185852701573,31.47856174544894,43.94519164622946,44.49643280435331
18,2744.141939203926,117.06480907611238,-7.548779761450234,30.1185852701573,7.987711975783965,42.11373380466544,44.03716427598573
18,175.32244227112133,124.98374346686055,-10.051556514547364,23.835424399512124,29.265858368352532,44.20392509015603,44.97860386981076
18,4848.158505797135,81.01093792831249,-6.734435326647954,39.397776098898994,21.579764024231288,4.268846822616016,44.63817598498159
18,166.479644633136,164.63138558128963,-10.041635260523414,22.858008608247196,29.26466290337168,44.27879257269215,44.97860386981076
18,6416.9681188596005,0.0,-9.291833872039422,34.94297114154696,27.34436444660386,23.468643057170386,2.7060360761393163
18,6416.9681188596005,0.0,-9.291833872039422,34.94297114154696,32.80256163484542,23.468643057170386,2.7060360761393163
18,6416.9681188596005,0.0,-9.291833872039422,34.8602826742105,27.42178070935356,23.468643057170386,2.7060360761393163
18,6416.9681188596005,0.0,-9.204670326748117,34.94297114154696,27.34436444660386,23.982946402916934,2.552085574652521
18,6416.9681188596005,0.0,-9.292427559116156,33.023381293051244,37.94284436181792,23.464091456248738,2.7060360761393163
18,6416.9681188596005,0.0,-9.149578839168829,34.835120009456745,27.444660720546842,24.01384387485357,2.1606149751479644
18,4845.636751861959,91.69236697343321,-6.839612501215409,34.25527251363535,21.845030915118997,4.118236443840488,43.681207267855626
18,4845.636751861959,91.69236697343321,-6.839612501215409,34.25527251363535,36.039349802488886,4.118236443840488,43.681207267855626
18,4845.636751861959,91.69236697343321,-6.839612501215409,34.25527251363535,37.27230646109764,4.118236443840488,43.681207267855626
18,4833.040493502702,92.06594040233693,-6.8933864384070205,14.474375054558015,30.520339092153268,5.831216001868594,44.98191997408135
18,4845.636751861959,91.69236697343321,-6.839612501215409,34.25527251363535,21.81246935140634,4.118236443840488,43.681207267855626
18,4845.636751861959,91.69236697343321,-6.839612501215409,33.76678012732542,34.66954588481032,4.118236443840488,43.681207267855626
18,4845.636751861959,91.69236697343321,-6.839612501215409,42.04074409213421,34.66954588481032,4.118236443840488,43.681207267855626
18,4845.636751861959,91.69236697343321,-6.848461006686179,33.64633270645399,21.749699117265173,4.118236443840488,43.613368725913034
18,181.41841075484663,127.24093237788308,-10.793382477646926,26.432135903611254,35.68287024165147,42.12312535736999,44.80046395022853
18,4848.158505797135,91.62110974599426,-6.679601537100488,34.26273651189511,36.07290375862886,3.983273484546635,44.772995033442776
18,4848.158505797135,91.62110974599426,-6.645164342208599,12.15066144184472,6.928427277377374,3.934527853827195,44.988267896894534
18,4848.158505797136,81.01093792831249,-6.667488931545705,25.52323776227963,29.86861917056216,4.096019011661207,44.97860386981076
18,4848.158505797136,81.01093792831249,-6.666423836954003,25.52323776227963,29.829116704944003,4.096019011661207,44.986769595013776
18,4848.158505797136,81.01093792831249,-6.734435326647954,34.429056413461836,29.98059188242985,4.268846822616016,44.63817598498159
18,175.3224421866214,167.84744198169827,-10.155062968807172,29.9755029042163,30.059652323252898,44.204169562397894,44.97860386981076
18,175.3224421866214,169.76019361517757,-10.137106707550238,30.1185852701573,29.663009737448018,43.94519164622946,44.49643280435331
18,6416.968118859602,0.0,-9.030544235102733,33.131124220270095,37.72652226441716,25.31781055539937,2.551983024520353
18,175.3224421866214,169.76019361517757,-9.976512802064526,30.1185852701573,29.344977430279105,44.858379281117685,44.987584835561556
18,6416.968118859602,0.0,-8.501830436608294,32.3568013637772,37.82681870204287,29.52533606214234,2.7060360761393163
18,2721.1044389679128,127.54495553938119,-7.470094210854011,11.319884424173221,7.2118702204527,41.94114793723857,43.106024355363935
18,196.18304292430608,133.81804205089696,-10.050368873987487,24.458869963155752,29.359994262027623,44.3071662281235,44.99103651459379
18,4848.158505797137,81.01093792831249,-6.734435326647954,40.29698031380136,29.241482619041683,4.268846822616016,44.63817598498159
18,4833.040493502703,92.06594040233693,-6.8927535715840165,34.94297114154696,27.34436444660386,5.831216001868594,44.98677195305774
18,4848.158505797137,81.01093792831249,-6.7328670938548925,40.53774549518327,29.241482619041683,4.268846822616016,44.650199103061716
18,4833.040493502703,92.06594040233693,-6.8938186661757115,34.94297114154696,27.383866912222015,5.831216001868594,44.97860622785472
18,181.41841075484663,153.42384994372267,-10.221658034810623,26.44071080139307,29.663009737448018,43.296964803899876,44.75036393945116
18,186.0479329502743,145.17359628735085,-10.041823135708619,25.315040864909594,29.265858807549712,44.27854810045028,44.97860386981076
18,4845.63675186196,91.69236697343321,-6.887859814881118,34.26284471676648,36.107146518814076,4.2232354384076904,43.416310190985676
18,4848.158505797136,81.96013432205963,-6.710900922386713,34.26273651189511,36.07290375862886,4.2232354384076904,44.772995033442776
18,186.0479329502743,145.17359628735085,-10.350900670356879,25.315040864909594,29.265858807549712,41.90895366814696,44.48833495468512
19,6416.9681188596,0.0,-9.259585975476744,33.023381293051244,37.861061462228086,23.715876930817558,2.7060360761393163
19,6416.9681188596,0.0,-9.281789365651413,40.52049644253467,25.029101340476537,23.535145137608485,2.6955302742693625
19,6416.9681188596,0.0,-9.259585975476744,33.02327308817988,37.82681870204287,23.715876930817558,2.7060360761393163
19,4833.040493502702,82.59588182266711,-6.894829891705932,25.93243165410791,26.640707524654907,5.847947338640437,44.987584835561556
19,4848.158505797135,81.01093792831249,-6.734435326647954,34.3495946644363,21.579764024231288,4.268846822616016,44.63817598498159
19,4848.158505797135,81.01093792831249,-6.734435326647954,39.47723784873367,29.98059188242985,4.268846822616016,44.63817598498159
19,175.32244227112133,124.98374346686055,-10.04166709092054,23.849930158337635,29.2646624641745,44.27854810045028,44.97860386981076
19,175.3224421866214,160.66260737543655,-10.373917839028621,30.1185852701573,31.47856174544894,43.94519164622946,44.49643280435331
19,2744.141939203926,117.06480907611238,-7.548779761450234,30.1185852701573,7.987711975783965,42.11373380466544,44.03716427598573
19,175.32244227112133,124.98374346686055,-10.051556514547364,23.835424399512124,29.265858368352532,44.20392509015603,44.97860386981076
19,4848.158505797135,81.01093792831249,-6.734435326647954,39.397776098898994,21.579764024231288,4.268846822616016,44.63817598498159
19,166.479644633136,164.63138558128963,-10.041635260523414,22.858008608247196,29.26466290337168,44.27879257269215,44.97860386981076
19,175.32244227112133,124.98374346686055,-10.05156099396686,23.835424399512124,29.265892710568657,44.20392509015603,42.81949140863993
19,6416.9681188596,0.0,-9.259585975476744,33.023381293051244,37.72416610957918,23.715876930817558,2.7060360761393163
19,4845.636751861959,91.69236697343321,-6.839612501215409,34.25527251363535,21.845030915118997,4.118236443840488,43.681207267855626
19,4845.636751861959,91.69236697343321,-6.839612501215409,34.25527251363535,36.039349802488886,4.118236443840488,43.681207267855626
19,4845.636751861959,91.69236697343321,-6.839612501215409,34.25527251363535,37.27230646109764,4.118236443840488,43.681207267855626
19,4833.040493502702,92.06594040233693,-6.8933864384070205,14.474375054558015,30.520339092153268,5.831216001868594,44.98191997408135
19,4845.636751861959,91.69236697343321,-6.839612501215409,34.25527251363535,21.81246935140634,4.118236443840488,43.681207267855626
19,4845.636751861959,91.69236697343321,-6.839612501215409,33.76678012732542,34.66954588481032,4.118236443840488,43.681207267855626
19,4845.636751861959,91.69236697343321,-6.839612501215409,42.04074409213421,34.66954588481032,4.118236443840488,43.681207267855626
19,4845.636751861959,91.69236697343321,-6.848461006686179,33.64633270645399,21.749699117265173,4.118236443840488,43.613368725913034
19,4845.636751861959,91.69236697343321,-6.844726319378822,34.110722353906304,33.76127803716462,4.118236443840488,43.642001328602774
19,4848.158505797135,91.62110974599426,-6.679601537100488,34.26273651189511,36.07290375862886,3.983273484546635,44.772995033442776
19,4848.158505797135,91.62110974599426,-6.645164342208599,12.15066144184472,6.928427277377374,3.934527853827195,44.988267896894534
19,4848.158505797136,81.01093792831249,-6.667488931545705,25.52323776227963,29.86861917056216,4.096019011661207,44.97860386981076
19,4848.158505797136,81.01093792831249,-6.666423836954003,25.52323776227963,29.829116704944003,4.096019011661207,44.986769595013776
19,4848.158505797136,81.01093792831249,-6.734435326647954,34.429056413461836,29.98059188242985,4.268846822616016,44.63817598498159
19,175.3224421866214,167.84744198169827,-10.155062968807172,29.9755029042163,30.059652323252898,44.204169562397894,44.97860386981076
19,181.41841075484663,127.24093237788308,-10.793382477646926,26.432135903611254,35.68287024165147,42.12312535736999,44.80046395022853
19,180.17450024719113,161.58890491455045,-10.7049600571207,30.1185852701573,31.80057983157183,41.729219393646424,44.98741938782477
19,6416.9681188596005,0.0,-9.291833872039422,34.94297114154696,27.34436444660386,23.468643057170386,2.7060360761393163
19,6416.9681188596005,0.0,-9.291833872039422,34.94297114154696,32.80256163484542,23.468643057170386,2.7060360761393163
19,6416.9681188596005,0.0,-9.291833872039422,34.8602826742105,27.42178070935356,23.468643057170386,2.7060360761393163
19,6416.9681188596005,0.0,-9.204670326748117,34.94297114154696,27.34436444660386,23.982946402916934,2.552085574652521
19,6416.9681188596005,0.0,-9.292427559116156,33.023381293051244,37.94284436181792,23.464091456248738,2.7060360761393163
19,6416.9681188596005,0.0,-9.149578839168829,34.835120009456745,27.444660720546842,24.01384387485357,2.1606149751479644
19,6416.9681188596005,0.0,-9.259585975476744,33.02327308817988,38.478582220488015,23.715876930817558,2.7060360761393163
19,175.3224421866214,169.76019361517757,-10.137106707550238,30.1185852701573,29.663009737448018,43.94519164622946,44.49643280435331
19,175.3224421866214,169.76019361517757,-9.976512802064526,30.1185852701573,29.344977430279105,44.858379281117685,44.987584835561556
19,6416.968118859601,0.0,-9.18858279596323,32.848718427879966,39.076908545366564,24.106181588802215,2.551983024520353
19,2721.1044389679128,127.54495553938119,-7.470094210854011,11.319884424173221,7.2118702204527,41.94114793723857,43.106024355363935
19,196.18304292430608,133.81804205089696,-10.050368873987487,24.458869963155752,29.359994262027623,44.3071662281235,44.99103651459379
19,4848.158505797137,81.01093792831249,-6.734435326647954,40.29698031380136,29.241482619041683,4.268846822616016,44.63817598498159
19,4833.040493502703,92.06594040233693,-6.8927535715840165,34.94297114154696,27.34436444660386,5.831216001868594,44.98677195305774
19,4848.158505797137,81.01093792831249,-6.7328670938548925,40.53774549518327,29.241482619041683,4.268846822616016,44.650199103061716
19,4833.040493502703,92.06594040233693,-6.8927535715840165,34.902798546376445,27.34436444660386,5.831216001868594,44.98677195305774
19,181.41841075484663,153.42384994372267,-10.221658034810623,26.44071080139307,29.663009737448018,43.296964803899876,44.75036393945116
20,6416.9681188596,0.0,-9.259585975476744,33.023381293051244,37.861061462228086,23.715876930817558,2.7060360761393163
20,6416.9681188596,0.0,-9.281789365651413,40.52049644253467,25.029101340476537,23.535145137608485,2.6955302742693625
20,6416.9681188596,0.0,-9.259585975476744,33.02327308817988,37.82681870204287,23.715876930817558,2.7060360761393163
20,4833.040493502702,82.59588182266711,-6.894829891705932,25.93243165410791,26.640707524654907,5.847947338640437,44.987584835561556
20,4848.158505797135,81.01093792831249,-6.734435326647954,34.3495946644363,21.579764024231288,4.268846822616016,44.63817598498159
20,4848.158505797135,81.01093792831249,-6.734435326647954,39.47723784873367,29.98059188242985,4.268846822616016,44.63817598498159
20,175.32244227112133,124.98374346686055,-10.04166709092054,23.849930158337635,29.2646624641745,44.27854810045028,44.97860386981076
20,2744.141939203926,117.06480907611238,-7.548779761450234,30.1185852701573,7.987711975783965,42.11373380466544,44.03716427598573
20,175.32244227112133,124.98374346686055,-10.051556514547364,23.835424399512124,29.265858368352532,44.20392509015603,44.97860386981076
20,4848.158505797135,81.01093792831249,-6.734435326647954,39.397776098898994,21.579764024231288,4.268846822616016,44.63817598498159
20,166.479644633136,164.63138558128963,-10.041635260523414,22.858008608247196,29.26466290337168,44.27879257269215,44.97860386981076
20,175.32244227112133,124.98374346686055,-10.05156099396686,23.835424399512124,29.265892710568657,44.20392509015603,42.81949140863993
20,6416.9681188596,0.0,-9.259585975476744,33.023381293051244,37.72416610957918,23.715876930817558,2.7060360761393163
20,166.479644633136,164.63138558128963,-10.03843733672305,22.872861480995834,29.26466290337168,44.30330998849495,44.998565028714836
20,175.3224421866214,153.5663566676602,-10.301746139346356,30.189913117429228,31.864886273762025,44.88483253877323,44.75364092812682
20,166.479644633136,164.63138558128963,-10.035501354476125,22.858008608247196,29.26466290337168,44.325819185721336,44.97860386981076
20,175.32244227112133,124.98374346686055,-10.05300654166195,23.835424399512124,29.265892710568657,44.19284255782699,42.81949140863993
20,4848.158505797135,81.01093792831249,-6.733156551408186,33.28744686845812,27.38577792991267,4.268846822616016,44.64797992848648
20,4833.040493502702,92.06594040233693,-6.8933864384070205,14.474375054558015,30.520339092153268,5.831216001868594,44.98191997408135
20,4833.040493502704,82.59588182266711,-6.894829891705932,27.127005270991205,26.640707524654907,5.847947338640437,44.987584835561556
20,6416.9681188596005,0.0,-9.291833872039422,34.94297114154696,27.34436444660386,23.468643057170386,2.7060360761393163
20,6416.9681188596005,0.0,-9.291833872039422,34.94297114154696,32.80256163484542,23.468643057170386,2.7060360761393163
20,6416.9681188596005,0.0,-9.291833872039422,34.8602826742105,27.42178070935356,23.468643057170386,2.7060360761393163
20,6416.9681188596005,0.0,-9.204670326748117,34.94297114154696,27.34436444660386,23.982946402916934,2.552085574652521
20,6416.9681188596005,0.0,-9.292427559116156,33.023381293051244,37.94284436181792,23.464091456248738,2.7060360761393163
20,6416.9681188596005,0.0,-9.149578839168829,34.835120009456745,27.444660720546842,24.01384387485357,2.1606149751479644
20,6416.9681188596005,0.0,-9.259585975476744,33.02327308817988,38.478582220488015,23.715876930817558,2.7060360761393163
20,6416.9681188596005,0.0,-9.291833872039422,34.901107040935834,27.42178070935356,23.468643057170386,2.7060360761393163
20,175.3224421866214,160.66260737543655,-10.373917839028621,30.1185852701573,31.47856174544894,43.94519164622946,44.49643280435331
20,181.41841075484663,127.24093237788308,-10.793382477646926,26.432135903611254,35.68287024165147,42.12312535736999,44.80046395022853
20,181.41841075484663,127.24093237788308,-10.791445146418845,26.417283030862617,35.68287024165147,42.09859022253429,44.79927894400585
20,4848.158505797136,81.01093792831249,-6.667488931545705,25.52323776227963,29.86861917056216,4.096019011661207,44.97860386981076
20,4848.158505797136,81.01093792831249,-6.666423836954003,25.52323776227963,29.829116704944003,4.096019011661207,44.986769595013776
20,4848.158505797136,81.01093792831249,-6.734435326647954,34.429056413461836,29.98059188242985,4.268846822616016,44.63817598498159
20,4848.158505797136,81.01093792831249,-6.6649532169157055,34.76865990075884,21.845030915118997,4.094615275131401,44.99664061211093
20,6416.968118859601,0.0,-9.18858279596323,32.848718427879966,39.076908545366564,24.106181588802215,2.551983024520353
20,175.3224421866214,167.84744198169827,-10.155062968807172,29.9755029042163,30.059652323252898,44.204169562397894,44.97860386981076
20,175.3224421866214,167.84744198169827,-10.141005708267102,30.032199180921147,30.059652323252898,44.311941893205045,44.999323225849786
20,6416.968118859601,0.0,-9.573078568264535,33.02327308817988,38.478582220488015,21.31243371944451,2.7060360761393163
20,2721.1044389679128,127.54495553938119,-7.470094210854011,11.319884424173221,7.2118702204527,41.94114793723857,43.106024355363935
20,196.18304292430608,133.81804205089696,-10.050368873987487,24.458869963155752,29.359994262027623,44.3071662281235,44.99103651459379
20,4848.158505797137,81.01093792831249,-6.734435326647954,40.29698031380136,29.241482619041683,4.268846822616016,44.63817598498159
20,4833.040493502703,92.06594040233693,-6.8927535715840165,34.94297114154696,27.34436444660386,5.831216001868594,44.98677195305774
20,4848.158505797137,81.01093792831249,-6.7328670938548925,40.53774549518327,29.241482619041683,4.268846822616016,44.650199103061716
20,4833.040493502703,92.06594040233693,-6.8927535715840165,34.86197417965111,27.34436444660386,5.831216001868594,44.98677195305774
20,181.41841075484663,153.42384994372267,-10.221658034810623,26.44071080139307,29.663009737448018,43.296964803899876,44.75036393945116
20,180.17450024719113,161.58890491455045,-10.7049600571207,30.1185852701573,31.80057983157183,41.729219393646424,44.98741938782477
20,4848.158505797135,91.62110974599426,-6.679601537100488,34.26273651189511,36.07290375862886,3.983273484546635,44.772995033442776
21,6416.9681188596,0.0,-9.259585975476744,33.023381293051244,37.861061462228086,23.715876930817558,2.7060360761393163
21,6416.9681188596,0.0,-9.281789365651413,40.52049644253467,25.029101340476537,23.535145137608485,2.6955302742693625
21,6416.9681188596,0.0,-9.259585975476744,33.02327308817988,37.82681870204287,23.715876930817558,2.7060360761393163
21,4833.040493502702,82.59588182266711,-6.894829891705932,25.93243165410791,26.640707524654907,5.847947338640437,44.987584835561556
21,4848.158505797135,81.01093792831249,-6.734435326647954,34.3495946644363,21.579764024231288,4.268846822616016,44.63817598498159
21,4848.158505797135,81.01093792831249,-6.734435326647954,39.47723784873367,29.98059188242985,4.268846822616016,44.63817598498159
21,175.32244227112133,124.98374346686055,-10.04166709092054,23.849930158337635,29.2646624641745,44.27854810045028,44.97860386981076
21,2744.141939203926,117.06480907611238,-7.548779761450234,30.1185852701573,7.987711975783965,42.11373380466544,44.03716427598573
21,175.32244227112133,124.98374346686055,-10.051556514547364,23.835424399512124,29.265858368352532,44.20392509015603,44.97860386981076
21,4848.158505797135,81.01093792831249,-6.734435326647954,39.397776098898994,21.579764024231288,4.268846822616016,44.63817598498159
21,175.32244227112133,124.98374346686055,-10.05156099396686,23.835424399512124,29.265892710568657,44.20392509015603,42.81949140863993
21,6416.9681188596,0.0,-9.259585975476744,33.023381293051244,37.72416610957918,23.715876930817558,2.7060360761393163
21,175.32244227112133,124.98374346686055,-10.05300654166195,23.835424399512124,29.265892710568657,44.19284255782699,42.81949140863993
21,4848.158505797135,81.01093792831249,-6.733156551408186,33.28744686845812,27.38577792991267,4.268846822616016,44.64797992848648
21,175.32244227112133,124.98374346686055,-10.053488708230269,23.821075517715617,29.265892710568657,44.189145947469896,42.81949140863993
21,165.8198029051386,164.63138558128963,-10.009120372233099,22.858008608247196,29.373850200696463,44.63726068024264,44.99371408732936
21,175.32244227112133,124.98374346686055,-10.06738996233954,23.835424399512124,29.37616560243018,44.19284255782699,42.81949140863993
21,175.3224421866214,148.93320386193474,-10.72623618984585,29.9755029042163,34.438647017882744,44.204169562397894,44.97860386981076
21,165.8198029051386,164.63138558128963,-10.021840595936396,22.872357490043708,29.26466290337168,44.430551667859255,44.97860386981076
21,4833.040493502702,82.59588182266711,-6.894829891705932,25.921784563974466,26.640707524654907,5.847947338640437,44.987584835561556
21,6416.9681188596005,0.0,-9.291833872039422,34.94297114154696,27.34436444660386,23.468643057170386,2.7060360761393163
21,6416.9681188596005,0.0,-9.291833872039422,34.94297114154696,32.80256163484542,23.468643057170386,2.7060360761393163
21,6416.9681188596005,0.0,-9.291833872039422,34.8602826742105,27.42178070935356,23.468643057170386,2.7060360761393163
21,6416.9681188596005,0.0,-9.204670326748117,34.94297114154696,27.34436444660386,23.982946402916934,2.552085574652521
21,6416.9681188596005,0.0,-9.292427559116156,33.023381293051244,37.94284436181792,23.464091456248738,2.7060360761393163
21,6416.9681188596005,0.0,-9.149578839168829,34.835120009456745,27.444660720546842,24.01384387485357,2.1606149751479644
21,6416.9681188596005,0.0,-9.259585975476744,33.02327308817988,38.478582220488015,23.715876930817558,2.7060360761393163
21,6416.9681188596005,0.0,-9.291833872039422,34.901107040935834,27.42178070935356,23.468643057170386,2.7060360761393163
21,6416.9681188596005,0.0,-9.21854881537925,35.252115995323166,27.34436444660386,24.030495158231673,2.7060360761393163
21,6416.9681188596005,0.0,-9.231068928404575,35.8349312638391,36.491813988258514,23.468643057170386,2.2401715082721765
21,6416.9681188596005,0.0,-9.259585975476744,33.023381293051244,38.24563731768352,23.715876930817558,2.7060360761393163
21,4848.158505797136,81.01093792831249,-6.667488931545705,25.52323776227963,29.86861917056216,4.096019011661207,44.97860386981076
21,4848.158505797136,81.01093792831249,-6.666423836954003,25.52323776227963,29.829116704944003,4.096019011661207,44.986769595013776
21,4848.158505797136,81.01093792831249,-6.734435326647954,34.429056413461836,29.98059188242985,4.268846822616016,44.63817598498159
21,4848.158505797136,81.01093792831249,-6.6649532169157055,34.76865990075884,21.845030915118997,4.094615275131401,44.99664061211093
21,181.41841075484663,127.24093237788308,-10.793382477646926,26.432135903611254,35.68287024165147,42.12312535736999,44.80046395022853
21,181.41841075484663,127.24093237788308,-10.791445146418845,26.417283030862617,35.68287024165147,42.09859022253429,44.79927894400585
21,185.36364877146667,126.9197886724113,-10.049840889820487,23.485368481542096,29.252701964639815,44.20392180934937,44.85412077166982
21,175.3224421866214,153.5663566676602,-10.301746139346356,30.189913117429228,31.864886273762025,44.88483253877323,44.75364092812682
21,166.479644633136,164.63138558128963,-10.041635260523414,22.858008608247196,29.26466290337168,44.27879257269215,44.97860386981076
21,166.479644633136,164.63138558128963,-10.03843733672305,22.872861480995834,29.26466290337168,44.30330998849495,44.998565028714836
21,166.479644633136,164.63138558128963,-10.035501354476125,22.858008608247196,29.26466290337168,44.325819185721336,44.97860386981076
21,4833.040493502702,92.06594040233693,-6.8933864384070205,14.474375054558015,30.520339092153268,5.831216001868594,44.98191997408135
21,4833.040493502702,92.06594040233693,-6.8933864384070205,14.474375054558015,30.55782721669788,5.831216001868594,44.98191997408135
21,4833.040493502703,82.59588182266711,-6.894829891705932,34.68056672157775,26.620772938615065,5.847947338640437,44.987584835561556
21,173.8191428460043,164.63138558128963,-10.129664298508033,22.872861480995834,29.26466290337168,43.60390328147671,44.99925387935984
21,6416.968118859601,0.0,-9.18858279596323,32.848718427879966,39.076908545366564,24.106181588802215,2.551983024520353
21,6416.968118859601,0.0,-9.259585975476744,33.023381293051244,37.613893203412694,23.715876930817558,2.7060360761393163
22,4833.040493502702,82.59588182266711,-6.894829891705932,25.93243165410791,26.640707524654907,5.847947338640437,44.987584835561556
22,4848.158505797135,81.01093792831249,-6.734435326647954,34.3495946644363,21.579764024231288,4.268846822616016,44.63817598498159
22,4848.158505797135,81.01093792831249,-6.734435326647954,39.47723784873367,29.98059188242985,4.268846822616016,44.63817598498159
22,175.32244227112133,124.98374346686055,-10.04166709092054,23.849930158337635,29.2646624641745,44.27854810045028,44.97860386981076
22,2744.141939203926,117.06480907611238,-7.548779761450234,30.1185852701573,7.987711975783965,42.11373380466544,44.03716427598573
22,175.32244227112133,124.98374346686055,-10.051556514547364,23.835424399512124,29.265858368352532,44.20392509015603,44.97860386981076
22,4848.158505797135,81.01093792831249,-6.734435326647954,39.397776098898994,21.579764024231288,4.268846822616016,44.63817598498159
22,175.32244227112133,124.98374346686055,-10.05156099396686,23.835424399512124,29.265892710568657,44.20392509015603,42.81949140863993
22,175.32244227112133,124.98374346686055,-10.05300654166195,23.835424399512124,29.265892710568657,44.19284255782699,42.81949140863993
22,4848.158505797135,81.01093792831249,-6.733156551408186,33.28744686845812,27.38577792991267,4.268846822616016,44.64797992848648
22,175.32244227112133,124.98374346686055,-10.053488708230269,23.821075517715617,29.265892710568657,44.189145947469896,42.81949140863993
22,175.32244227112133,124.98374346686055,-10.06738996233954,23.835424399512124,29.37616560243018,44.19284255782699,42.81949140863993
22,175.3224421866214,148.93320386193474,-10.72623618984585,29.9755029042163,34.438647017882744,44.204169562397894,44.97860386981076
22,4833.040493502702,82.59588182266711,-6.894829891705932,25.921784563974466,26.640707524654907,5.847947338640437,44.987584835561556
22,164.90672393087888,164.63138558128963,-10.174507551097633,22.872357490043708,30.435109559607827,44.430551667859255,44.97860386981076
22,6416.968118859599,0.0,-9.567676785485913,40.52049644253467,25.029101340476537,22.9482472428925,4.300435931617876
22,4848.158505797135,81.01093792831249,-6.734435326647954,32.4634169707041,21.579764024231288,4.268846822616016,44.63817598498159
22,175.32244227112133,124.98374346686055,-10.04166879032011,23.849930158337635,29.264662898533658,44.278535506079464,44.99715472627591
22,175.3224421866214,153.5663566676602,-10.301746139346356,30.189913117429228,31.864886273762025,44.88483253877323,44.75364092812682
22,4833.040493502702,92.06594040233693,-6.8933864384070205,14.474375054558015,30.520339092153268,5.831216001868594,44.98191997408135
22,4833.040493502702,92.06594040233693,-6.8933864384070205,14.474375054558015,30.55782721669788,5.831216001868594,44.98191997408135
22,4833.040493502703,82.59588182266711,-6.894829891705932,34.68056672157775,26.620772938615065,5.847947338640437,44.987584835561556
22,4833.040493502703,82.59588182266711,-6.8945216505142355,25.55852058316592,27.773625468229653,5.847955610656255,44.98995629004704
22,165.8198029051386,164.63138558128963,-10.009120372233099,22.858008608247196,29.373850200696463,44.63726068024264,44.99371408732936
22,165.8198029051386,164.63138558128963,-10.021840595936396,22.872357490043708,29.26466290337168,44.430551667859255,44.97860386981076
22,165.8198029051386,164.63138558128963,-10.009120372233099,22.872588676013052,29.373850200696463,44.63726068024264,44.99393265806391
22,165.8198029051386,164.63138558128963,-9.965033550699879,22.858008608247196,29.26466246901252,44.86607191364675,44.97860386981076
22,6416.9681188596,0.0,-9.259585975476744,33.023381293051244,37.861061462228086,23.715876930817558,2.7060360761393163
22,6416.9681188596,0.0,-9.281789365651413,40.52049644253467,25.029101340476537,23.535145137608485,2.6955302742693625
22,6416.9681188596,0.0,-9.259585975476744,33.02327308817988,37.82681870204287,23.715876930817558,2.7060360761393163
22,6416.9681188596,0.0,-9.259585975476744,33.023381293051244,37.72416610957918,23.715876930817558,2.7060360761393163
22,6416.9681188596,0.0,-9.226675427727454,33.023381293051244,37.725546759419124,23.715876930817558,2.4537218767280793
22,6416.9681188596,0.0,-9.259585975476744,33.02327308817988,37.82543805220292,23.715876930817558,2.7060360761393163
22,4848.158505797136,81.01093792831249,-6.667488931545705,25.52323776227963,29.86861917056216,4.096019011661207,44.97860386981076
22,4848.158505797136,81.01093792831249,-6.666423836954003,25.52323776227963,29.829116704944003,4.096019011661207,44.986769595013776
22,4848.158505797136,81.01093792831249,-6.734435326647954,34.429056413461836,29.98059188242985,4.268846822616016,44.63817598498159
22,4848.158505797136,81.01093792831249,-6.6649532169157055,34.76865990075884,21.845030915118997,4.094615275131401,44.99664061211093
22,4848.158505797136,81.01093792831249,-6.734435326647954,34.429056413461836,30.057440542058917,4.268846822616016,44.63817598498159
22,181.41841075484663,127.24093237788308,-10.793382477646926,26.432135903611254,35.68287024165147,42.12312535736999,44.80046395022853
22,181.41841075484663,127.24093237788308,-10.791445146418845,26.417283030862617,35.68287024165147,42.09859022253429,44.79927894400585
22,185.36364877146667,126.9197886724113,-10.049840889820487,23.485368481542096,29.252701964639815,44.20392180934937,44.85412077166982
22,175.32244227112133,131.3461311030235,-10.526667871494475,23.732467873848684,32.90837549080703,44.20392180934937,44.85412077166982
22,180.0768732065004,130.85015248613544,-10.021840595936396,24.56953385199383,29.26466290337168,44.430551667859255,44.998972255829386
22,6416.9681188596005,0.0,-9.227564671310539,34.509107189142654,27.542228350821333,23.96021766814344,2.7048801481909392
22,166.479644633136,164.63138558128963,-10.035501354476125,22.858008608247196,29.26466290337168,44.325819185721336,44.97860386981076
22,166.479644633136,164.63138558128963,-10.041635260523414,22.858008608247196,29.26466290337168,44.27879257269215,44.97860386981076
22,6416.9681188596005,0.0,-9.291833872039422,34.94297114154696,27.34436444660386,23.468643057170386,2.7060360761393163
22,177.76039620958466,137.49363361525798,-9.885532626865597,23.849930158337635,28.044266554489894,44.255183081853595,44.97860386981076
23,4833.040493502702,82.59588182266711,-6.894829891705932,25.93243165410791,26.640707524654907,5.847947338640437,44.987584835561556
23,4848.158505797135,81.01093792831249,-6.734435326647954,34.3495946644363,21.579764024231288,4.268846822616016,44.63817598498159
23,4848.158505797135,81.01093792831249,-6.734435326647954,39.47723784873367,29.98059188242985,4.268846822616016,44.63817598498159
23,175.32244227112133,124.98374346686055,-10.04166709092054,23.849930158337635,29.2646624641745,44.27854810045028,44.97860386981076
23,2744.141939203926,117.06480907611238,-7.548779761450234,30.1185852701573,7.987711975783965,42.11373380466544,44.03716427598573
23,175.32244227112133,124.98374346686055,-10.051556514547364,23.835424399512124,29.265858368352532,44.20392509015603,44.97860386981076
23,4848.158505797135,81.01093792831249,-6.734435326647954,39.397776098898994,21.579764024231288,4.268846822616016,44.63817598498159
23,175.32244227112133,124.98374346686055,-10.05156099396686,23.835424399512124,29.265892710568657,44.20392509015603,42.81949140863993
23,175.32244227112133,124.98374346686055,-10.05300654166195,23.835424399512124,29.265892710568657,44.19284255782699,42.81949140863993
23,4848.158505797135,81.01093792831249,-6.733156551408186,33.28744686845812,27.38577792991267,4.268846822616016,44.64797992848648
23,175.32244227112133,124.98374346686055,-10.053488708230269,23.821075517715617,29.265892710568657,44.189145947469896,42.81949140863993
23,175.32244227112133,124.98374346686055,-10.06738996233954,23.835424399512124,29.37616560243018,44.19284255782699,42.81949140863993
23,4833.040493502702,82.59588182266711,-6.894829891705932,25.921784563974466,26.640707524654907,5.847947338640437,44.987584835561556
23,164.90672393087888,164.63138558128963,-10.174507551097633,22.872357490043708,30.435109559607827,44.430551667859255,44.97860386981076
23,6416.968118859599,0.0,-9.567676785485913,40.52049644253467,25.029101340476537,22.9482472428925,4.300435931617876
23,4848.158505797135,81.01093792831249,-6.734435326647954,32.4634169707041,21.579764024231288,4.268846822616016,44.63817598498159
23,175.32244227112133,124.98374346686055,-10.04166879032011,23.849930158337635,29.264662898533658,44.278535506079464,44.99715472627591
23,175.32244227112133,124.98374346686055,-10.052414241539168,23.89089764201666,29.26475341391279,44.19624422877914,44.98277993450152
23,175.32244227112133,124.98374346686055,-10.038458611395612,23.8476130592056,29.238993735700653,44.27747771500094,44.856007208560655
23,175.3224421866214,142.6053533356269,-11.007758044041438,30.116643769355488,36.61917834633564,44.226366675351265,44.03716427598573
23,164.90672393087888,164.63138558128963,-10.19437345345353,22.872189779294004,30.435109559607827,44.27824641646409,44.97860386981076
23,165.8198029051386,164.63138558128963,-10.009120372233099,22.858008608247196,29.373850200696463,44.63726068024264,44.99371408732936
23,165.8198029051386,164.63138558128963,-9.96611453957609,22.788186483946156,29.26580176566839,44.858923628918355,42.74207540828843
23,6416.9681188596,0.0,-9.259585975476744,33.023381293051244,37.861061462228086,23.715876930817558,2.7060360761393163
23,6416.9681188596,0.0,-9.259585975476744,33.02327308817988,37.82543805220292,23.715876930817558,2.7060360761393163
23,4833.040493502702,92.06594040233693,-6.8933864384070205,14.474375054558015,30.520339092153268,5.831216001868594,44.98191997408135
23,185.36364877146667,126.9197886724113,-10.044904097028855,23.49274105149174,29.235463543542462,44.22453213298786,44.84970359896561
23,4848.158505797136,81.01093792831249,-6.667488931545705,25.52323776227963,29.86861917056216,4.096019011661207,44.97860386981076
23,4848.158505797136,81.01093792831249,-6.666423836954003,40.68902730870134,29.829116704944003,4.096019011661207,44.986769595013776
23,185.36364877146667,126.9197886724113,-10.049840889820487,23.485368481542096,29.252701964639815,44.20392180934937,44.85412077166982
23,4833.040493502702,92.06594040233693,-6.8933864384070205,14.474375054558015,30.55782721669788,5.831216001868594,44.98191997408135
23,175.3224421866214,148.93320386193474,-10.72623618984585,29.9755029042163,34.438647017882744,44.204169562397894,44.97860386981076
23,175.32244227112133,131.3461311030235,-10.435634893101906,23.73478497298072,32.934044653640036,44.92751047319201,44.99392468528693
23,4833.040493502703,82.59588182266711,-6.8945216505142355,25.55852058316592,27.773625468229653,5.847955610656255,44.98995629004704
23,180.0768732065004,130.85015248613544,-10.021840595936396,24.56953385199383,29.26466290337168,44.430551667859255,44.998972255829386
23,181.41841075484663,127.24093237788308,-10.791445146418845,26.417283030862617,35.68287024165147,42.09859022253429,44.79927894400585
23,4833.040493502703,82.59588182266711,-6.894829891705932,34.68056672157775,26.620772938615065,5.847947338640437,44.987584835561556
23,180.0768732065004,130.85015248613544,-10.036568754112189,24.56953385199383,29.377578782719368,44.430551667859255,44.998972255829386
23,175.32244227112133,131.3461311030235,-10.526667871494475,23.732467873848684,32.90837549080703,44.20392180934937,44.85412077166982
23,181.41841075484663,127.24093237788308,-10.793382477646926,26.432135903611254,35.68287024165147,42.12312535736999,44.80046395022853
23,6416.9681188596,0.0,-9.281789365651413,40.52049644253467,25.029101340476537,23.535145137608485,2.6955302742693625
23,165.8198029051386,164.63138558128963,-9.965033550699879,22.858008608247196,29.26466246901252,44.86607191364675,44.97860386981076
23,165.8198029051386,164.63138558128963,-10.009120372233099,22.872588676013052,29.373850200696463,44.63726068024264,44.99393265806391
23,4848.158505797136,81.01093792831249,-6.666423836954003,25.52323776227963,29.829116704944003,4.096019011661207,44.986769595013776
23,6416.9681188596,0.0,-9.259585975476744,33.02327308817988,37.82681870204287,23.715876930817558,2.7060360761393163
23,4848.158505797136,81.01093792831249,-6.734435326647954,34.429056413461836,30.057440542058917,4.268846822616016,44.63817598498159
23,4848.158505797136,81.01093792831249,-6.734435326647954,34.429056413461836,29.98059188242985,4.268846822616016,44.63817598498159
23,165.8198029051386,164.63138558128963,-10.021840595936396,22.872357490043708,29.26466290337168,44.430551667859255,44.97860386981076
24,4833.040493502702,82.59588182266711,-6.894829891705932,25.93243165410791,26.640707524654907,5.847947338640437,44.987584835561556
24,4848.158505797135,81.01093792831249,-6.734435326647954,34.3495946644363,21.579764024231288,4.268846822616016,44.63817598498159
24,4848.158505797135,81.01093792831249,-6.734435326647954,39.47723784873367,29.98059188242985,4.268846822616016,44.63817598498159
24,175.32244227112133,124.98374346686055,-10.04166709092054,23.849930158337635,29.2646624641745,44.27854810045028,44.97860386981076
24,2744.141939203926,117.06480907611238,-7.548779761450234,30.1185852701573,7.987711975783965,42.11373380466544,44.03716427598573
24,175.32244227112133,124.98374346686055,-10.051556514547364,23.835424399512124,29.265858368352532,44.20392509015603,44.97860386981076
24,4848.158505797135,81.01093792831249,-6.734435326647954,39.397776098898994,21.579764024231288,4.268846822616016,44.63817598498159
24,175.32244227112133,124.98374346686055,-10.05156099396686,23.835424399512124,29.265892710568657,44.20392509015603,42.81949140863993
24,175.32244227112133,124.98374346686055,-10.05300654166195,23.835424399512124,29.265892710568657,44.19284255782699,42.81949140863993
24,4848.158505797135,81.01093792831249,-6.733156551408186,33.28744686845812,27.38577792991267,4.268846822616016,44.64797992848648
24,175.32244227112133,124.98374346686055,-10.053488708230269,23.821075517715617,29.265892710568657,44.189145947469896,42.81949140863993
24,175.32244227112133,124.98374346686055,-10.06738996233954,23.835424399512124,29.37616560243018,44.19284255782699,42.81949140863993
24,4833.040493502702,82.59588182266711,-6.894829891705932,25.921784563974466,26.640707524654907,5.847947338640437,44.987584835561556
24,164.90672393087888,164.63138558128963,-10.174507551097633,22.872357490043708,30.435109559607827,44.430551667859255,44.97860386981076
24,6416.968118859599,0.0,-9.567676785485913,40.52049644253467,25.029101340476537,22.9482472428925,4.300435931617876
24,4848.158505797135,81.01093792831249,-6.734435326647954,32.4634169707041,21.579764024231288,4.268846822616016,44.63817598498159
24,175.32244227112133,124.98374346686055,-10.04166879032011,23.849930158337635,29.264662898533658,44.278535506079464,44.99715472627591
24,175.32244227112133,124.98374346686055,-10.052414241539168,23.89089764201666,29.26475341391279,44.19624422877914,44.98277993450152
24,175.32244227112133,124.98374346686055,-10.038458611395612,23.8476130592056,29.238993735700653,44.27747771500094,44.856007208560655
24,164.90672393087888,164.63138558128963,-10.19437345345353,22.872189779294004,30.435109559607827,44.27824641646409,44.97860386981076
24,164.90672393087888,164.63138558128963,-10.195848657567154,22.872189779294004,30.44641945781233,44.27824641646409,42.86630964610094
24,181.41841075484663,121.68774223039495,-10.791445146418845,26.417283030862617,35.68287024165147,42.76639918946024,44.79927894400585
24,169.48064571850188,128.40989484929256,-10.045636833541401,22.752538413714703,29.25197817291349,44.235429115762706,44.85825140156202
24,175.32244227112133,124.98374346686055,-10.04166709092054,23.849930158337635,29.2646624641745,44.27854810045028,41.642038996744645
24,175.32244227112133,124.98374346686055,-10.066205699830434,23.835424399512124,29.37816878885608,44.20392509015603,44.97860386981076
24,4833.040493502702,82.59588182266711,-6.894829891705932,25.921784563974466,27.084868432466664,5.847947338640437,44.987584835561556
24,175.32244227112133,124.98374346686055,-10.113536603949385,23.893406695555903,29.247077925010913,43.709963961398955,42.81949140863993
24,175.32244227112133,124.98374346686055,-10.05156099396686,23.835424399512124,29.265892710568657,44.20392509015603,44.6102480591493
24,175.32244227112133,124.98374346686055,-10.065914758225915,23.835424399512124,29.36485570422568,44.19284255782699,44.90286002281493
24,164.90672393087888,164.63138558128963,-10.174507551097633,22.872357490043708,30.435109559607827,44.430551667859255,41.01665341909732
24,6416.9681188596,0.0,-9.259585975476744,33.02327308817988,37.82681870204287,23.715876930817558,2.7060360761393163
24,6416.9681188596,0.0,-9.259585975476744,33.023381293051244,37.861061462228086,23.715876930817558,2.7060360761393163
24,165.8198029051386,164.63138558128963,-10.021840595936396,22.856245528963143,29.26466290337168,44.430551667859255,44.998972255829386
24,165.8198029051386,164.63138558128963,-10.009120372233099,22.858008608247196,29.373850200696463,44.63726068024264,44.99371408732936
24,4833.040493502702,92.06594040233693,-6.8933864384070205,14.474375054558015,30.520339092153268,5.831216001868594,44.98191997408135
24,185.36364877146667,126.9197886724113,-10.049840889820487,23.485368481542096,29.252701964639815,44.20392180934937,44.85412077166982
24,4848.158505797136,81.01093792831249,-6.667488931545705,25.52323776227963,29.86861917056216,4.096019011661207,44.97860386981076
24,4848.158505797136,81.01093792831249,-6.734435326647954,39.397776098898994,21.46745360372651,4.268846822616016,44.63817598498159
24,185.36364877146667,126.9197886724113,-10.044904097028855,23.49274105149174,29.235463543542462,44.22453213298786,44.84970359896561
24,4833.040493502702,92.06594040233693,-6.8938232879840555,14.474375054558015,30.55782721669788,5.831216001868594,44.97857079399076
24,169.48590053504543,154.23939667923565,-10.12002888647693,21.857198443700128,29.81328018611319,44.22639205645669,44.064142109343784
24,172.731154944562,131.99889859225843,-10.021840595936396,24.585645813074393,29.26466290337168,44.430551667859255,44.97860386981076
24,4833.040493502703,82.59588182266711,-6.894829891705932,34.68056672157775,26.620772938615065,5.847947338640437,44.987584835561556
24,180.0768732065004,130.85015248613544,-10.021840595936396,24.56953385199383,29.26466290337168,44.430551667859255,44.998972255829386
24,181.41841075484663,127.24093237788308,-10.793382477646926,26.432135903611254,35.68287024165147,42.12312535736999,44.80046395022853
24,4833.040493502703,82.59588182266711,-6.8945216505142355,25.55852058316592,27.773625468229653,5.847955610656255,44.98995629004704
24,175.32244227112133,131.3461311030235,-10.526667871494475,23.732467873848684,32.90837549080703,44.20392180934937,44.85412077166982
24,175.32244227112133,131.3461311030235,-10.435634893101906,23.73478497298072,32.934044653640036,44.92751047319201,44.99392468528693
25,4833.040493502702,82.59588182266711,-6.894829891705932,25.93243165410791,26.640707524654907,5.847947338640437,44.987584835561556
25,4848.158505797135,81.01093792831249,-6.734435326647954,34.3495946644363,21.579764024231288,4.268846822616016,44.63817598498159
25,4848.158505797135,81.01093792831249,-6.734435326647954,39.47723784873367,29.98059188242985,4.268846822616016,44.63817598498159
25,2744.141939203926,117.06480907611238,-7.548779761450234,30.1185852701573,7.987711975783965,42.11373380466544,44.03716427598573
25,4848.158505797135,81.01093792831249,-6.734435326647954,39.397776098898994,21.579764024231288,4.268846822616016,44.63817598498159
25,4848.158505797135,81.01093792831249,-6.733156551408186,33.28744686845812,27.38577792991267,4.268846822616016,44.64797992848648
25,4833.040493502702,82.59588182266711,-6.894829891705932,25.921784563974466,26.640707524654907,5.847947338640437,44.987584835561556
25,164.90672393087888,164.63138558128963,-10.174507551097633,22.872357490043708,30.435109559607827,44.430551667859255,44.97860386981076
25,6416.968118859599,0.0,-9.567676785485913,40.52049644253467,25.029101340476537,22.9482472428925,4.300435931617876
25,4848.158505797135,81.01093792831249,-6.734435326647954,32.4634169707041,21.579764024231288,4.268846822616016,44.63817598498159
25,164.90672393087888,164.63138558128963,-10.19437345345353,22.872189779294004,30.435109559607827,44.27824641646409,44.97860386981076
25,164.90672393087888,164.63138558128963,-10.195848657567154,22.872189779294004,30.44641945781233,44.27824641646409,42.86630964610094
25,169.48064571850188,128.40989484929256,-10.045636833541401,22.752538413714703,29.25197817291349,44.235429115762706,44.85825140156202
25,4833.040493502702,82.59588182266711,-6.894829891705932,25.921784563974466,27.084868432466664,5.847947338640437,44.987584835561556
25,164.90672393087888,164.63138558128963,-10.174507551097633,22.872357490043708,30.435109559607827,44.430551667859255,41.01665341909732
25,2744.141939203926,117.06480907611238,-7.548779761450234,27.708336254102136,7.987711975783965,42.11373380466544,44.03716427598573
25,167.53656890031243,153.88222766745918,-10.071850871837029,22.747164009929374,29.647618207431982,44.43009485668137,44.979385713961584
25,2744.141939203926,117.06480907611238,-7.548779761450234,30.1185852701573,7.987711975783965,42.11373380466544,43.985673492236316
25,4833.040493502702,82.59588182266711,-6.893962376610226,25.738131392995093,27.084868432466664,5.847947338640437,44.99423578462863
25,175.32244227112133,117.70123171718629,-10.174507551097633,23.95832429719444,30.435109559607827,44.430551667859255,41.01665341909732
25,164.90672393087888,164.63138558128963,-10.162926257846827,22.87773189382904,30.39025742420713,44.47448944738142,44.857448030749204
25,4848.158505797135,81.01093792831249,-6.734435326647954,34.58009168335926,21.553985162531042,4.268846822616016,44.63817598498159
25,165.8198029051386,164.63138558128963,-10.021840595936396,22.856245528963143,29.26466290337168,44.430551667859255,44.998972255829386
25,165.8198029051386,164.63138558128963,-10.009120372233099,22.858008608247196,29.373850200696463,44.63726068024264,44.995978764994746
25,6416.9681188596,0.0,-9.259585975476744,33.02327308817988,37.82681870204287,23.715876930817558,2.7060360761393163
25,6416.9681188596,0.0,-9.259585975476744,33.023381293051244,37.861061462228086,23.715876930817558,2.7060360761393163
25,181.41841075484663,118.05670932685409,-10.208155446325577,23.318048445520247,30.466446897845515,44.20392180934937,44.85412077166982
25,4833.040493502702,92.06594040233693,-6.8933864384070205,14.474375054558015,30.520339092153268,5.831216001868594,44.98191997408135
25,4848.158505797136,81.01093792831249,-6.667488931545705,25.52323776227963,29.86861917056216,4.096019011661207,44.97860386981076
25,4848.158505797136,81.01093792831249,-6.734435326647954,39.397776098898994,21.46745360372651,4.268846822616016,44.63817598498159
25,169.48590053504543,154.23939667923565,-10.12002888647693,21.857198443700128,29.81328018611319,44.22639205645669,44.064142109343784
25,172.731154944562,131.99889859225843,-10.021840595936396,24.585645813074393,29.26466290337168,44.430551667859255,44.97860386981076
25,4833.040493502702,92.06594040233693,-6.8938232879840555,14.474375054558015,30.55782721669788,5.831216001868594,44.97857079399076
25,4833.040493502703,82.59588182266711,-6.8945216505142355,25.55852058316592,27.773625468229653,5.847955610656255,44.98995629004704
25,175.32244227112133,124.98374346686055,-10.113536603949385,23.9026179406519,29.247077925010913,43.709963961398955,44.038768147852444
25,175.32244227112133,124.98374346686055,-10.04166709092054,23.849930158337635,29.2646624641745,44.27854810045028,44.97860386981076
25,4833.040493502703,82.59588182266711,-6.894829891705932,34.68056672157775,26.620772938615065,5.847947338640437,44.987584835561556
25,175.32244227112133,124.98374346686055,-10.113536603949385,23.893406695555903,29.247077925010913,43.709963961398955,42.81949140863993
25,175.32244227112133,124.98374346686055,-10.04166709092054,23.849930158337635,29.2646624641745,44.27854810045028,41.642038996744645
25,175.32244227112133,124.98374346686055,-10.066205699830434,23.835424399512124,29.37816878885608,44.20392509015603,44.97860386981076
25,175.32244227112133,124.98374346686055,-10.065914758225915,23.835424399512124,29.36485570422568,44.19284255782699,44.90286002281493
25,165.8198029051386,164.63138558128963,-10.009120372233099,22.858008608247196,29.373850200696463,44.63726068024264,44.99371408732936
25,175.32244227112133,124.98374346686055,-10.041668790941046,23.849930158337635,29.26466290329418,44.278535506079464,44.99855321239238
25,175.32244227112133,124.98374346686055,-10.05300654166195,23.835424399512124,29.265892710568657,44.19284255782699,42.81949140863993
25,175.32244227112133,124.98374346686055,-10.05156099396686,23.835424399512124,29.265892710568657,44.20392509015603,44.6102480591493
25,175.32244227112133,124.98374346686055,-10.04166879032011,23.849930158337635,29.264662898533658,44.278535506079464,44.99715472627591
25,175.32244227112133,124.98374346686055,-10.038458611395612,23.8476130592056,29.238993735700653,44.27747771500094,44.856007208560655
25,175.32244227112133,124.98374346686055,-10.05156099396686,23.835424399512124,29.265892710568657,44.20392509015603,42.81949140863993
26,4833.040493502702,82.59588182266711,-6.894829891705932,25.93243165410791,26.640707524654907,5.847947338640437,44.987584835561556
26,4848.158505797135,81.01093792831249,-6.734435326647954,34.3495946644363,21.579764024231288,4.268846822616016,44.63817598498159
26,4848.158505797135,81.01093792831249,-6.734435326647954,39.47723784873367,29.98059188242985,4.268846822616016,44.63817598498159
26,4848.158505797135,81.01093792831249,-6.734435326647954,39.397776098898994,21.579764024231288,4.268846822616016,44.63817598498159
26,4848.158505797135,81.01093792831249,-6.733156551408186,33.28744686845812,27.38577792991267,4.268846822616016,44.64797992848648
26,4833.040493502702,82.59588182266711,-6.894829891705932,25.921784563974466,26.640707524654907,5.847947338640437,44.987584835561556
26,164.90672393087888,164.63138558128963,-10.174507551097633,22.872357490043708,30.435109559607827,44.430551667859255,44.97860386981076
26,6416.968118859599,0.0,-9.567676785485913,40.52049644253467,25.029101340476537,22.9482472428925,4.300435931617876
26,4848.158505797135,81.01093792831249,-6.734435326647954,32.4634169707041,21.579764024231288,4.268846822616016,44.63817598498159
26,164.90672393087888,164.63138558128963,-10.19437345345353,22.872189779294004,30.435109559607827,44.27824641646409,44.97860386981076
26,164.90672393087888,164.63138558128963,-10.195848657567154,22.872189779294004,30.44641945781233,44.27824641646409,42.86630964610094
26,169.48064571850188,128.40989484929256,-10.045636833541401,22.752538413714703,29.25197817291349,44.235429115762706,44.85825140156202
26,4833.040493502702,82.59588182266711,-6.894829891705932,25.921784563974466,27.084868432466664,5.847947338640437,44.987584835561556
26,164.90672393087888,164.63138558128963,-10.174507551097633,22.872357490043708,30.435109559607827,44.430551667859255,41.01665341909732
26,4833.040493502702,82.59588182266711,-6.893962376610226,25.738131392995093,27.084868432466664,5.847947338640437,44.99423578462863
26,164.90672393087888,164.63138558128963,-10.162926257846827,22.87773189382904,30.39025742420713,44.47448944738142,44.857448030749204
26,4848.158505797135,81.01093792831249,-6.734435326647954,34.58009168335926,21.553985162531042,4.268846822616016,44.63817598498159
26,170.4867265520925,112.00794613639579,-10.208155446325577,23.29180356439469,30.466446897845515,44.20392180934937,44.85412077166982
26,164.90672393087888,164.63138558128963,-10.194399119913058,22.87222276361066,30.435109559607827,44.27804964027438,44.97860386981076
26,166.479644633136,140.2074120124828,-10.045611167081873,22.93471752167497,29.25197817291349,44.23562589195242,42.15738813419495
26,164.90672393087888,164.63138558128963,-10.298148445123466,22.821124624610803,31.426960859994693,44.47448944738142,44.03294240356133
26,4848.158505797135,81.01093792831249,-6.734379964003068,33.28744686845812,26.99450553769296,4.268846822616016,44.638600431925695
26,4596.396835505531,95.97310283398826,-7.485128166290963,34.68056672157775,26.181150186259657,10.373567443792364,44.987584835561556
26,6416.9681188596,0.0,-9.259585975476744,33.02327308817988,37.82681870204287,23.715876930817558,2.7060360761393163
26,6416.9681188596,0.0,-9.259585975476744,33.023381293051244,37.861061462228086,23.715876930817558,2.7060360761393163
26,4833.040493502702,92.06594040233693,-6.8933864384070205,14.474375054558015,30.520339092153268,5.831216001868594,44.98191997408135
26,4833.040493502702,92.06594040233693,-6.8938232879840555,14.474375054558015,30.55782721669788,5.831216001868594,44.97857079399076
26,4833.040493502703,82.59588182266711,-6.8945216505142355,25.55852058316592,27.773625468229653,5.847955610656255,44.98995629004704
26,4833.040493502703,82.59588182266711,-6.894829891705932,34.68056672157775,26.620772938615065,5.847947338640437,44.987584835561556
26,2744.141939203926,117.06480907611238,-7.548779761450234,30.1185852701573,7.987711975783965,42.11373380466544,44.03716427598573
26,2744.141939203926,117.06480907611238,-7.548779761450234,27.708336254102136,7.987711975783965,42.11373380466544,44.03716427598573
26,2744.141939203926,117.06480907611238,-7.548779761450234,30.1185852701573,7.987711975783965,42.11373380466544,43.985673492236316
26,175.32244227112133,117.70123171718629,-10.174507551097633,23.95832429719444,30.435109559607827,44.430551667859255,41.01665341909732
26,172.731154944562,131.99889859225843,-10.021840595936396,24.585645813074393,29.26466290337168,44.430551667859255,44.97860386981076
26,175.32244227112133,117.70123171718629,-10.256246378722857,23.835424399512124,30.835147327031297,44.20392509015603,42.81949140863993
26,167.53656890031243,153.88222766745918,-10.071850871837029,22.747164009929374,29.647618207431982,44.43009485668137,44.979385713961584
26,165.8198029051386,164.63138558128963,-10.021840595936396,22.856245528963143,29.26466290337168,44.430551667859255,44.998972255829386
26,165.8198029051386,164.63138558128963,-10.009120372233099,22.858008608247196,29.373850200696463,44.63726068024264,44.995978764994746
26,165.8198029051386,164.63138558128963,-10.009120372233099,22.858008608247196,29.373850200696463,44.63726068024264,44.99371408732936
26,4848.158505797136,81.01093792831249,-6.667488931545705,25.52323776227963,29.86861917056216,4.096019011661207,44.97860386981076
26,4848.158505797136,81.01093792831249,-6.734435326647954,39.397776098898994,21.46745360372651,4.268846822616016,44.63817598498159
26,166.479644633136,164.63138558128963,-10.27222607508083,22.871739587135814,30.435109559607827,43.68137631732141,44.97860386981076
26,6416.968118859602,0.0,-9.612887824745757,32.891869396138816,37.532114703364904,20.89592972287514,2.594736379259301
26,6416.968118859602,0.0,-9.570055869997027,33.889004556968544,37.03593675100111,23.01784909348789,4.388277430131783
26,166.479644633136,164.63138558128963,-10.041668711015696,22.80451886495543,29.264662914135563,44.278536129681896,41.62102967450678
26,4833.0404935027045,82.59588182266711,-6.90109405914874,40.43483844366858,27.084868432466664,5.902623571435733,44.99423578462863
26,185.20987301962654,117.70123171718629,-10.597686688217209,23.835424399512124,29.94264722233668,40.69371594600474,42.81949140863993
26,4833.0404935027045,82.59588182266711,-6.8977964445624025,24.01460320182806,28.618479176756477,5.865026049059878,44.98191997408135
27,4833.040493502702,82.59588182266711,-6.894829891705932,25.93243165410791,26.640707524654907,5.847947338640437,44.987584835561556
27,4848.158505797135,81.01093792831249,-6.734435326647954,34.3495946644363,21.579764024231288,4.268846822616016,44.63817598498159
27,4848.158505797135,81.01093792831249,-6.734435326647954,39.47723784873367,29.98059188242985,4.268846822616016,44.63817598498159
27,4848.158505797135,81.01093792831249,-6.734435326647954,39.397776098898994,21.579764024231288,4.268846822616016,44.63817598498159
27,4848.158505797135,81.01093792831249,-6.733156551408186,33.28744686845812,27.38577792991267,4.268846822616016,44.64797992848648
27,4833.040493502702,82.59588182266711,-6.894829891705932,25.921784563974466,26.640707524654907,5.847947338640437,44.987584835561556
27,164.90672393087888,164.63138558128963,-10.174507551097633,22.872357490043708,30.435109559607827,44.430551667859255,44.97860386981076
27,6416.968118859599,0.0,-9.567676785485913,40.52049644253467,25.029101340476537,22.9482472428925,4.300435931617876
27,4848.158505797135,81.01093792831249,-6.734435326647954,32.4634169707041,21.579764024231288,4.268846822616016,44.63817598498159
27,164.90672393087888,164.63138558128963,-10.19437345345353,22.872189779294004,30.435109559607827,44.27824641646409,44.97860386981076
27,164.90672393087888,164.63138558128963,-10.195848657567154,22.872189779294004,30.44641945781233,44.27824641646409,42.86630964610094
27,4833.040493502702,82.59588182266711,-6.894829891705932,25.921784563974466,27.084868432466664,5.847947338640437,44.987584835561556
27,164.90672393087888,164.63138558128963,-10.174507551097633,22.872357490043708,30.435109559607827,44.430551667859255,41.01665341909732
27,4833.040493502702,82.59588182266711,-6.893962376610226,25.738131392995093,27.084868432466664,5.847947338640437,44.99423578462863
27,164.90672393087888,164.63138558128963,-10.162926257846827,22.87773189382904,30.39025742420713,44.47448944738142,44.857448030749204
27,4848.158505797135,81.01093792831249,-6.734435326647954,34.58009168335926,21.553985162531042,4.268846822616016,44.63817598498159
27,170.4867265520925,112.00794613639579,-10.208155446325577,23.29180356439469,30.466446897845515,44.20392180934937,44.85412077166982
27,164.90672393087888,164.63138558128963,-10.194399119913058,22.87222276361066,30.435109559607827,44.27804964027438,44.97860386981076
27,166.479644633136,140.2074120124828,-10.045611167081873,22.93471752167497,29.25197817291349,44.23562589195242,42.15738813419495
27,164.90672393087888,164.63138558128963,-10.298148445123466,22.821124624610803,31.426960859994693,44.47448944738142,44.03294240356133
27,4848.158505797135,81.01093792831249,-6.734379964003068,33.28744686845812,26.99450553769296,4.268846822616016,44.638600431925695
27,4596.396835505531,95.97310283398826,-7.485128166290963,34.68056672157775,26.181150186259657,10.373567443792364,44.987584835561556
27,167.53656890031243,128.40989484929256,-10.08827283842426,22.67597712622848,29.77351995126742,44.43009485668137,44.979385713961584
27,4596.396835505531,95.97310283398826,-7.484668727692949,34.766980718304694,26.16834204749339,10.373567443792364,44.99110719814635
27,164.90672393087888,164.63138558128963,-10.332172162710826,22.856245528963143,30.89103047625976,43.677710562143396,44.998972255829386
27,166.479644633136,140.2074120124828,-10.045611167081873,22.93471752167497,29.25197817291349,44.23562589195242,44.49211684105241
27,4848.158505797135,81.01093792831249,-6.734379964003068,33.20103287173117,27.007313676459226,4.268846822616016,44.638600431925695
27,165.8198029051386,164.63138558128963,-10.021840595936396,22.856245528963143,29.26466290337168,44.430551667859255,44.998972255829386
27,6416.9681188596,0.0,-9.259585975476744,33.02327308817988,37.82681870204287,23.715876930817558,2.7060360761393163
27,6416.9681188596,0.0,-9.557401886095686,40.52049644253467,30.000756885938777,23.02702147155091,4.300435931617876
27,165.8198029051386,164.63138558128963,-10.189424149601912,22.87773189382904,30.257847020792667,44.13892854051133,44.99645532242639
27,2744.141939203926,117.06480907611238,-7.548779761450234,30.1185852701573,7.987711975783965,42.11373380466544,44.03716427598573
27,4848.158505797136,81.01093792831249,-6.667488931545705,25.52323776227963,29.86861917056216,4.096019011661207,44.97860386981076
27,4596.396835505532,95.97310283398826,-7.485128166290963,34.68056672157775,23.255145397459138,10.373567443792364,44.987584835561556
27,175.32244227112133,117.70123171718629,-10.403609322189737,23.95832429719444,30.435109559607827,42.674104756153156,44.516220087984735
27,2744.141939203926,117.06480907611238,-7.548779761450234,30.292467594992473,7.987711975783965,42.11373380466544,44.98324149530986
27,4848.158505797136,81.01093792831249,-6.734435326647954,39.397776098898994,21.46745360372651,4.268846822616016,44.63817598498159
27,169.48064571850188,128.40989484929256,-10.045636833541401,22.752538413714703,29.25197817291349,44.235429115762706,44.85825140156202
27,167.53656890031243,153.88222766745918,-10.071850871837029,22.747164009929374,29.647618207431982,44.43009485668137,44.979385713961584
27,4833.040493502702,92.06594040233693,-6.8933864384070205,14.474375054558015,30.520339092153268,5.831216001868594,44.98191997408135
27,4833.040493502703,82.59588182266711,-6.8938484534238995,23.113372686411168,26.270524593149847,5.847947338640437,44.99510919572378
27,4833.040493502702,92.06594040233693,-6.8938232879840555,14.474375054558015,30.55782721669788,5.831216001868594,44.97857079399076
27,4833.040493502703,82.59588182266711,-6.8945216505142355,25.55852058316592,27.773625468229653,5.847955610656255,44.98995629004704
27,175.32244227112133,117.70123171718629,-10.174507551097633,23.95832429719444,30.435109559607827,44.430551667859255,41.01665341909732
27,165.8198029051386,164.63138558128963,-10.069518411672675,22.871739587135814,29.6338585732258,44.43421741706863,44.97860386981076
27,175.32244227112133,117.70123171718629,-10.256246378722857,23.835424399512124,30.835147327031297,44.20392509015603,42.81949140863993
27,4833.040493502703,82.59588182266711,-6.894829891705932,34.68056672157775,26.620772938615065,5.847947338640437,44.987584835561556
27,6416.9681188596,0.0,-9.259585975476744,33.023381293051244,37.861061462228086,23.715876930817558,2.7060360761393163
28,4833.040493502702,82.59588182266711,-6.894829891705932,25.93243165410791,26.640707524654907,5.847947338640437,44.987584835561556
28,4848.158505797135,81.01093792831249,-6.734435326647954,34.3495946644363,21.579764024231288,4.268846822616016,44.63817598498159
28,4848.158505797135,81.01093792831249,-6.734435326647954,39.47723784873367,29.98059188242985,4.268846822616016,44.63817598498159
28,4848.158505797135,81.01093792831249,-6.734435326647954,39.397776098898994,21.579764024231288,4.268846822616016,44.63817598498159
28,4848.158505797135,81.01093792831249,-6.733156551408186,33.28744686845812,27.38577792991267,4.268846822616016,44.64797992848648
28,4833.040493502702,82.59588182266711,-6.894829891705932,25.921784563974466,26.640707524654907,5.847947338640437,44.987584835561556
28,164.90672393087888,164.63138558128963,-10.174507551097633,22.872357490043708,30.435109559607827,44.430551667859255,44.97860386981076
28,6416.968118859599,0.0,-9.567676785485913,40.52049644253467,25.029101340476537,22.9482472428925,4.300435931617876
28,4848.158505797135,81.01093792831249,-6.734435326647954,32.4634169707041,21.579764024231288,4.268846822616016,44.63817598498159
28,164.90672393087888,164.63138558128963,-10.19437345345353,22.872189779294004,30.435109559607827,44.27824641646409,44.97860386981076
28,164.90672393087888,164.63138558128963,-10.195848657567154,22.872189779294004,30.44641945781233,44.27824641646409,42.86630964610094
28,4833.040493502702,82.59588182266711,-6.894829891705932,25.921784563974466,27.084868432466664,5.847947338640437,44.987584835561556
28,164.90672393087888,164.63138558128963,-10.174507551097633,22.872357490043708,30.435109559607827,44.430551667859255,41.01665341909732
28,4833.040493502702,82.59588182266711,-6.893962376610226,25.738131392995093,27.084868432466664,5.847947338640437,44.99423578462863
28,164.90672393087888,164.63138558128963,-10.162926257846827,22.87773189382904,30.39025742420713,44.47448944738142,44.857448030749204
28,4848.158505797135,81.01093792831249,-6.734435326647954,34.58009168335926,21.553985162531042,4.268846822616016,44.63817598498159
28,170.4867265520925,112.00794613639579,-10.208155446325577,23.29180356439469,30.466446897845515,44.20392180934937,44.85412077166982
28,164.90672393087888,164.63138558128963,-10.194399119913058,22.87222276361066,30.435109559607827,44.27804964027438,44.97860386981076
28,166.479644633136,140.2074120124828,-10.045611167081873,22.93471752167497,29.25197817291349,44.23562589195242,42.15738813419495
28,164.90672393087888,164.63138558128963,-10.298148445123466,22.821124624610803,31.426960859994693,44.47448944738142,44.03294240356133
28,4848.158505797135,81.01093792831249,-6.734379964003068,33.28744686845812,26.99450553769296,4.268846822616016,44.638600431925695
28,4596.396835505531,95.97310283398826,-7.485128166290963,34.68056672157775,26.181150186259657,10.373567443792364,44.987584835561556
28,167.53656890031243,128.40989484929256,-10.08827283842426,22.67597712622848,29.77351995126742,44.43009485668137,44.979385713961584
28,4596.396835505531,95.97310283398826,-7.484668727692949,34.766980718304694,26.16834204749339,10.373567443792364,44.99110719814635
28,164.90672393087888,164.63138558128963,-10.332172162710826,22.856245528963143,30.89103047625976,43.677710562143396,44.998972255829386
28,166.479644633136,140.2074120124828,-10.045611167081873,22.93471752167497,29.25197817291349,44.23562589195242,44.49211684105241
28,4848.158505797135,81.01093792831249,-6.734379964003068,33.20103287173117,27.007313676459226,4.268846822616016,44.638600431925695
28,4848.158505797135,81.01093792831249,-6.667488931545705,25.52323776227963,20.4471211440248,4.096019011661207,44.97860386981076
28,166.479644633136,140.2074120124828,-10.045611167081873,22.93471752167497,29.25197817291349,44.23562589195242,44.74596496334042
28,4848.158505797135,81.01093792831249,-6.732907330441904,33.28744686845812,26.99450553769296,4.268846822616016,44.64989062256129
28,6416.968118859599,0.0,-9.54691730288908,40.52049644253467,30.000756885938777,23.02702147155091,4.220054127033895
28,164.90672393087888,164.63138558128963,-10.332172162710826,22.856245528963143,30.89103047625976,43.677710562143396,44.42690581342664
28,4596.396835505531,95.97310283398826,-7.491306055331236,34.766980718304694,26.172866874149815,10.428682147467386,44.99533572326114
28,164.90672393087888,164.63138558128963,-10.1924630079765,22.87222276361066,30.42026603476093,44.27804964027438,44.97860386981076
28,6416.9681188596,0.0,-9.259585975476744,33.023381293051244,37.861061462228086,23.715876930817558,2.7060360761393163
28,165.8198029051386,164.63138558128963,-10.021840595936396,22.856245528963143,29.26466290337168,44.430551667859255,44.998972255829386
28,165.8198029051386,164.63138558128963,-10.069518411672675,22.871739587135814,29.6338585732258,44.43421741706863,44.161540621572634
28,6416.9681188596,0.0,-9.259585975476744,33.02327308817988,37.82681870204287,23.715876930817558,2.7060360761393163
28,4596.396835505532,95.97310283398826,-7.485128166290963,34.68056672157775,23.255145397459138,10.373567443792364,44.987584835561556
28,178.95306216729222,114.32656427875484,-10.651798280315901,23.29180356439469,30.43110457209694,40.7673177563417,44.85412077166982
28,4848.158505797136,81.01093792831249,-6.667488931545705,25.52323776227963,29.86861917056216,4.096019011661207,44.97860386981076
28,4848.158505797136,81.01093792831249,-6.734435326647954,39.397776098898994,21.46745360372651,4.268846822616016,44.63817598498159
28,167.53656890031243,153.88222766745918,-10.071850871837029,22.747164009929374,29.647618207431982,44.43009485668137,44.979385713961584
28,169.48064571850188,128.40989484929256,-10.047572945477953,22.752538413714703,29.26682169776039,44.235429115762706,44.85825140156202
28,4833.040493502702,92.06594040233693,-6.8933864384070205,14.474375054558015,30.520339092153268,5.831216001868594,44.98191997408135
28,173.8191428460043,124.00340726979702,-10.03899947441684,23.29180356439469,29.16958444654517,44.20392180934937,44.85412077166982
28,4833.040493502703,82.59588182266711,-6.894521653505041,25.55852058316592,27.773625468229653,5.8479556335857525,44.98995629004704
28,175.32244227112133,117.70123171718629,-10.256246378722857,23.835424399512124,30.835147327031297,44.20392509015603,42.81949140863993
29,4833.040493502702,82.59588182266711,-6.894829891705932,25.93243165410791,26.640707524654907,5.847947338640437,44.987584835561556
29,4848.158505797135,81.01093792831249,-6.734435326647954,34.3495946644363,21.579764024231288,4.268846822616016,44.63817598498159
29,4848.158505797135,81.01093792831249,-6.734435326647954,39.47723784873367,29.98059188242985,4.268846822616016,44.63817598498159
29,4848.158505797135,81.01093792831249,-6.734435326647954,39.397776098898994,21.579764024231288,4.268846822616016,44.63817598498159
29,4848.158505797135,81.01093792831249,-6.733156551408186,33.28744686845812,27.38577792991267,4.268846822616016,44.64797992848648
29,4833.040493502702,82.59588182266711,-6.894829891705932,25.921784563974466,26.640707524654907,5.847947338640437,44.987584835561556
29,6416.968118859599,0.0,-9.567676785485913,40.52049644253467,25.029101340476537,22.9482472428925,4.300435931617876
29,4848.158505797135,81.01093792831249,-6.734435326647954,32.4634169707041,21.579764024231288,4.268846822616016,44.63817598498159
29,4833.040493502702,82.59588182266711,-6.894829891705932,25.921784563974466,27.084868432466664,5.847947338640437,44.987584835561556
29,4833.040493502702,82.59588182266711,-6.893962376610226,25.738131392995093,27.084868432466664,5.847947338640437,44.99423578462863
29,4848.158505797135,81.01093792831249,-6.734435326647954,34.58009168335926,21.553985162531042,4.268846822616016,44.63817598498159
29,170.4867265520925,112.00794613639579,-10.208155446325577,23.29180356439469,30.466446897845515,44.20392180934937,44.85412077166982
29,166.479644633136,140.2074120124828,-10.045611167081873,22.93471752167497,29.25197817291349,44.23562589195242,42.15738813419495
29,4848.158505797135,81.01093792831249,-6.734379964003068,33.28744686845812,26.99450553769296,4.268846822616016,44.638600431925695
29,167.53656890031243,128.40989484929256,-10.08827283842426,22.67597712622848,29.77351995126742,44.43009485668137,44.979385713961584
29,166.479644633136,140.2074120124828,-10.045611167081873,22.93471752167497,29.25197817291349,44.23562589195242,44.49211684105241
29,4848.158505797135,81.01093792831249,-6.734379964003068,33.20103287173117,27.007313676459226,4.268846822616016,44.638600431925695
29,4848.158505797135,81.01093792831249,-6.667488931545705,25.52323776227963,20.4471211440248,4.096019011661207,44.97860386981076
29,166.479644633136,140.2074120124828,-10.045611167081873,22.93471752167497,29.25197817291349,44.23562589195242,44.74596496334042
29,4848.158505797135,81.01093792831249,-6.732907330441904,33.28744686845812,26.99450553769296,4.268846822616016,44.64989062256129
29,6416.968118859599,0.0,-9.54691730288908,40.52049644253467,30.000756885938777,23.02702147155091,4.220054127033895
29,4596.39683550553,95.97310283398826,-7.483708495990022,31.788339271854312,21.02583183750116,10.373567443792364,44.99846897453546
29,164.74738558128962,164.63138558128963,-10.512186097054297,22.827226153365107,32.871476384357365,44.27804964027438,44.02605509590274
29,164.74738558128962,164.63138558128963,-10.51206633577329,22.884258835316235,32.796430383611295,44.20392180934937,44.988943663297256
29,4848.158505797135,81.01093792831249,-6.732907330441904,33.08743610492866,26.99450553769296,4.268846822616016,44.64989062256129
29,166.479644633136,140.2074120124828,-10.045694715377913,22.93471752167497,29.25197817291349,44.23498535501611,42.660577233628416
29,167.53656890031243,128.40989484929256,-10.071850871837029,22.680314688179802,29.647618207431982,44.43009485668137,44.979385713961584
29,164.90672393087888,153.50798797437048,-10.260670456303124,22.936198910384356,30.900766056943066,44.23562589195242,42.15738813419495
29,164.90672393087888,164.63138558128963,-10.174507551097633,22.872357490043708,30.435109559607827,44.430551667859255,44.97860386981076
29,6416.9681188596,0.0,-9.259585975476744,33.02327308817988,37.82681870204287,23.715876930817558,2.7060360761393163
29,164.90672393087888,164.63138558128963,-10.298064896827427,22.821124624610803,31.426960859994693,44.47512998431772,44.74653651538338
29,6416.9681188596,0.0,-9.259585975476744,33.023381293051244,37.861061462228086,23.715876930817558,2.7060360761393163
29,178.95306216729222,114.32656427875484,-10.651798280315901,23.29180356439469,30.43110457209694,40.7673177563417,44.85412077166982
29,4596.396835505531,95.97310283398826,-7.485128166290963,34.68056672157775,26.181150186259657,10.373567443792364,44.987584835561556
29,4848.158505797136,81.01093792831249,-6.667488931545705,25.52323776227963,29.86861917056216,4.096019011661207,44.97860386981076
29,4848.158505797136,81.01093792831249,-6.734435326647954,33.499118462190765,29.278793605848776,4.268846822616016,44.63817598498159
29,167.53656890031243,153.88222766745918,-10.071850871837029,22.747164009929374,29.647618207431982,44.43009485668137,44.979385713961584
29,169.48064571850188,128.40989484929256,-10.047572945477953,22.752538413714703,29.26682169776039,44.235429115762706,44.85825140156202
29,4596.396835505531,95.97310283398826,-7.5106186035266305,34.85587304090524,26.172866874149815,10.580395107050522,44.998985813346295
29,4833.040493502702,92.06594040233693,-6.8933864384070205,14.474375054558015,30.520339092153268,5.831216001868594,44.98191997408135
29,173.8191428460043,124.00340726979702,-10.03899947441684,23.29180356439469,29.16958444654517,44.20392180934937,44.85412077166982
29,4833.040493502703,82.59588182266711,-6.894521653505041,25.55852058316592,30.478977521602054,5.8479556335857525,44.98995629004704
29,175.32244227112133,117.70123171718629,-10.256246378722857,23.835424399512124,30.835147327031297,44.20392509015603,42.81949140863993
29,4833.040493502703,82.59588182266711,-6.894521653505041,25.55852058316592,27.773625468229653,5.8479556335857525,44.98995629004704
29,4596.396835505531,95.97310283398826,-7.484250654315698,36.97003746661519,27.077447479574506,10.373567443792364,44.994312427371966
29,4596.396835505531,95.97310283398826,-7.491306055331236,34.766980718304694,26.172866874149815,10.428682147467386,44.99533572326114
29,164.90672393087888,164.63138558128963,-10.332172162710826,22.856245528963143,30.89103047625976,43.677710562143396,44.998972255829386
29,164.90672393087888,164.63138558128963,-10.195848657567154,22.872189779294004,30.44641945781233,44.27824641646409,42.86630964610094
30,4833.040493502702,82.59588182266711,-6.894829891705932,25.93243165410791,26.640707524654907,5.847947338640437,44.987584835561556
30,4848.158505797135,81.01093792831249,-6.734435326647954,34.3495946644363,21.579764024231288,4.268846822616016,44.63817598498159
30,4848.158505797135,81.01093792831249,-6.734435326647954,39.47723784873367,29.98059188242985,4.268846822616016,44.63817598498159
30,4848.158505797135,81.01093792831249,-6.734435326647954,39.397776098898994,21.579764024231288,4.268846822616016,44.63817598498159
30,4848.158505797135,81.01093792831249,-6.733156551408186,33.28744686845812,27.38577792991267,4.268846822616016,44.64797992848648
30,4833.040493502702,82.59588182266711,-6.894829891705932,25.921784563974466,26.640707524654907,5.847947338640437,44.987584835561556
30,6416.968118859599,0.0,-9.567676785485913,40.52049644253467,25.029101340476537,22.9482472428925,4.300435931617876
30,4848.158505797135,81.01093792831249,-6.734435326647954,32.4634169707041,21.579764024231288,4.268846822616016,44.63817598498159
30,4833.040493502702,82.59588182266711,-6.894829891705932,25.921784563974466,27.084868432466664,5.847947338640437,44.987584835561556
30,4833.040493502702,82.59588182266711,-6.893962376610226,25.738131392995093,27.084868432466664,5.847947338640437,44.99423578462863
30,4848.158505797135,81.01093792831249,-6.734435326647954,34.58009168335926,21.553985162531042,4.268846822616016,44.63817598498159
30,170.4867265520925,112.00794613639579,-10.208155446325577,23.29180356439469,30.466446897845515,44.20392180934937,44.85412077166982
30,166.479644633136,140.2074120124828,-10.045611167081873,22.93471752167497,29.25197817291349,44.23562589195242,42.15738813419495
30,4848.158505797135,81.01093792831249,-6.734379964003068,33.28744686845812,26.99450553769296,4.268846822616016,44.638600431925695
30,167.53656890031243,128.40989484929256,-10.08827283842426,22.67597712622848,29.77351995126742,44.43009485668137,44.979385713961584
30,166.479644633136,140.2074120124828,-10.045611167081873,22.93471752167497,29.25197817291349,44.23562589195242,44.49211684105241
30,4848.158505797135,81.01093792831249,-6.734379964003068,33.20103287173117,27.007313676459226,4.268846822616016,44.638600431925695
30,4848.158505797135,81.01093792831249,-6.667488931545705,25.52323776227963,20.4471211440248,4.096019011661207,44.97860386981076
30,166.479644633136,140.2074120124828,-10.045611167081873,22.93471752167497,29.25197817291349,44.23562589195242,44.74596496334042
30,4848.158505797135,81.01093792831249,-6.732907330441904,33.28744686845812,26.99450553769296,4.268846822616016,44.64989062256129
30,6416.968118859599,0.0,-9.54691730288908,40.52049644253467,30.000756885938777,23.02702147155091,4.220054127033895
30,4596.39683550553,95.97310283398826,-7.483708495990022,31.788339271854312,21.02583183750116,10.373567443792364,44.99846897453546
30,164.74738558128962,164.63138558128963,-10.512186097054297,22.827226153365107,32.871476384357365,44.27804964027438,44.02605509590274
30,164.74738558128962,164.63138558128963,-10.51206633577329,22.884258835316235,32.796430383611295,44.20392180934937,44.988943663297256
30,4848.158505797135,81.01093792831249,-6.732907330441904,33.08743610492866,26.99450553769296,4.268846822616016,44.64989062256129
30,166.479644633136,140.2074120124828,-10.045694715377913,22.93471752167497,29.25197817291349,44.23498535501611,42.660577233628416
30,167.53656890031243,128.40989484929256,-10.071850871837029,22.680314688179802,29.647618207431982,44.43009485668137,44.979385713961584
30,164.90672393087888,153.50798797437048,-10.260670456303124,22.936198910384356,30.900766056943066,44.23562589195242,42.15738813419495
30,164.74738558128962,164.63138558128963,-10.511697489696544,22.827226153365107,32.871476384357365,44.28179563001715,44.02605509590274
30,170.4867265520925,112.00794613639579,-10.172726577161363,23.29180356439469,30.466446897845515,44.4755431396084,44.74113227070914
30,167.53656890031243,128.40989484929256,-10.08827283842426,22.67597712622848,29.77351995126742,44.43009485668137,44.99488821869309
30,166.479644633136,140.2074120124828,-10.04604000381083,22.93471752167497,29.25197817291349,44.23233814369707,42.660577233628416
30,170.4867265520925,112.00794613639579,-10.210746940383125,23.29180356439469,30.486315018953327,44.20392180934937,44.88788066494731
30,166.479644633136,140.2074120124828,-10.045694715377913,22.93471752167497,29.25197817291349,44.23498535501611,43.76807523054475
30,164.90672393087888,164.63138558128963,-10.174507551097633,22.872357490043708,30.435109559607827,44.430551667859255,44.97860386981076
30,6416.9681188596,0.0,-9.259585975476744,33.023381293051244,37.861061462228086,23.715876930817558,2.7060360761393163
30,164.90672393087888,164.63138558128963,-10.195848657567154,22.872189779294004,30.44641945781233,44.27824641646409,42.86630964610094
30,6416.9681188596,0.0,-9.259585975476744,33.02327308817988,37.82681870204287,23.715876930817558,2.7060360761393163
30,178.95306216729222,114.32656427875484,-10.651798280315901,23.29180356439469,30.43110457209694,40.7673177563417,44.85412077166982
30,4596.396835505531,95.97310283398826,-7.485128166290963,34.68056672157775,26.181150186259657,10.373567443792364,44.987584835561556
30,4848.158505797136,81.01093792831249,-6.667488931545705,25.52323776227963,29.86861917056216,4.096019011661207,44.97860386981076
30,4848.158505797136,81.01093792831249,-6.734435326647954,32.56762680425551,27.02613591428319,4.268846822616016,44.63817598498159
30,167.53656890031243,153.88222766745918,-10.071850871837029,22.747164009929374,29.647618207431982,44.43009485668137,44.979385713961584
30,169.48064571850188,128.40989484929256,-10.047572945477953,22.752538413714703,29.26682169776039,44.235429115762706,44.85825140156202
30,4596.396835505531,95.97310283398826,-7.483708495990022,22.94495481329706,22.48251897775841,10.373567443792364,44.99846897453546
30,4833.040493502702,92.06594040233693,-6.8933864384070205,14.474375054558015,30.520339092153268,5.831216001868594,44.98191997408135
30,173.8191428460043,124.00340726979702,-10.03899947441684,23.29180356439469,29.16958444654517,44.20392180934937,44.85412077166982
30,4833.040493502703,82.59588182266711,-6.894521653505041,25.55852058316592,27.773625468229653,5.8479556335857525,44.98995629004704
31,4833.040493502702,82.59588182266711,-6.894829891705932,25.93243165410791,26.640707524654907,5.847947338640437,44.987584835561556
31,4848.158505797135,81.01093792831249,-6.734435326647954,34.3495946644363,21.579764024231288,4.268846822616016,44.63817598498159
31,4848.158505797135,81.01093792831249,-6.734435326647954,39.47723784873367,29.98059188242985,4.268846822616016,44.63817598498159
31,4848.158505797135,81.01093792831249,-6.734435326647954,39.397776098898994,21.579764024231288,4.268846822616016,44.63817598498159
31,4848.158505797135,81.01093792831249,-6.733156551408186,33.28744686845812,27.38577792991267,4.268846822616016,44.64797992848648
31,4833.040493502702,82.59588182266711,-6.894829891705932,25.921784563974466,26.640707524654907,5.847947338640437,44.987584835561556
31,6416.968118859599,0.0,-9.567676785485913,40.52049644253467,25.029101340476537,22.9482472428925,4.300435931617876
31,4848.158505797135,81.01093792831249,-6.734435326647954,32.4634169707041,21.579764024231288,4.268846822616016,44.63817598498159
31,4833.040493502702,82.59588182266711,-6.894829891705932,25.921784563974466,27.084868432466664,5.847947338640437,44.987584835561556
31,4833.040493502702,82.59588182266711,-6.893962376610226,25.738131392995093,27.084868432466664,5.847947338640437,44.99423578462863
31,4848.158505797135,81.01093792831249,-6.734435326647954,34.58009168335926,21.553985162531042,4.268846822616016,44.63817598498159
31,170.4867265520925,112.00794613639579,-10.208155446325577,23.29180356439469,30.466446897845515,44.20392180934937,44.85412077166982
31,4848.158505797135,81.01093792831249,-6.734379964003068,33.28744686845812,26.99450553769296,4.268846822616016,44.638600431925695
31,4848.158505797135,81.01093792831249,-6.734379964003068,33.20103287173117,27.007313676459226,4.268846822616016,44.638600431925695
31,4848.158505797135,81.01093792831249,-6.667488931545705,25.52323776227963,20.4471211440248,4.096019011661207,44.97860386981076
31,4848.158505797135,81.01093792831249,-6.732907330441904,33.28744686845812,26.99450553769296,4.268846822616016,44.64989062256129
31,6416.968118859599,0.0,-9.54691730288908,40.52049644253467,30.000756885938777,23.02702147155091,4.220054127033895
31,4596.39683550553,95.97310283398826,-7.483708495990022,31.788339271854312,21.02583183750116,10.373567443792364,44.99846897453546
31,164.74738558128962,164.63138558128963,-10.512186097054297,22.827226153365107,32.871476384357365,44.27804964027438,44.02605509590274
31,164.74738558128962,164.63138558128963,-10.51206633577329,22.884258835316235,32.796430383611295,44.20392180934937,44.988943663297256
31,4848.158505797135,81.01093792831249,-6.732907330441904,33.08743610492866,26.99450553769296,4.268846822616016,44.64989062256129
31,164.90672393087888,153.50798797437048,-10.260670456303124,22.936198910384356,30.900766056943066,44.23562589195242,42.15738813419495
31,164.74738558128962,164.63138558128963,-10.511697489696544,22.827226153365107,32.871476384357365,44.28179563001715,44.02605509590274
31,170.4867265520925,112.00794613639579,-10.172726577161363,23.29180356439469,30.466446897845515,44.4755431396084,44.74113227070914
31,170.4867265520925,112.00794613639579,-10.210746940383125,23.29180356439469,30.486315018953327,44.20392180934937,44.88788066494731
31,4592.05750212031,103.75872980180134,-7.923876930013883,38.39858900448415,25.029101340476537,11.613246570979133,42.86352344087264
31,166.0343429367241,150.9475520349412,-10.253883729626224,22.631971835040847,30.891158234075448,44.27804964027438,43.991807150109175
31,164.74738558128962,164.63138558128963,-10.512001114035698,22.827643693391035,32.796430383611295,44.204421842670875,44.548409666108185
31,4596.39683550553,95.97310283398826,-7.501277634217168,31.788339271854312,29.89233717138812,10.488518536127282,44.97872334046226
31,166.479644633136,125.71584414181265,-10.045694715377913,22.99423918286537,29.25197817291349,44.23498535501611,43.76807523054475
31,164.74738558128962,164.63138558128963,-10.512251318791883,22.883841295290306,32.871476384357365,44.27754960695288,40.19040735436449
31,6416.9681188596,0.0,-9.259585975476744,33.023381293051244,37.861061462228086,23.715876930817558,2.7060360761393163
31,6416.9681188596,0.0,-9.259585975476744,33.02327308817988,37.82681870204287,23.715876930817558,2.7060360761393163
31,164.90672393087888,164.63138558128963,-10.204467614411534,22.89400770565086,30.466446897845515,44.23219518735704,44.85412077166982
31,164.90672393087888,164.63138558128963,-10.174507551097633,22.872357490043708,30.435109559607827,44.430551667859255,44.97860386981076
31,178.95306216729222,114.32656427875484,-10.651798280315901,23.29180356439469,30.43110457209694,40.7673177563417,44.85412077166982
31,4596.396835505531,95.97310283398826,-7.485128166290963,34.68056672157775,26.181150186259657,10.373567443792364,44.987584835561556
31,4848.158505797136,81.01093792831249,-6.667488931545705,25.52323776227963,29.86861917056216,4.096019011661207,44.97860386981076
31,4848.158505797136,81.01093792831249,-6.73574885882649,34.58009168335926,26.614209123283107,4.268846822616016,44.628105571612835
31,4596.396835505531,95.97310283398826,-7.483708495990022,22.94495481329706,22.48251897775841,10.373567443792364,44.99846897453546
31,166.479644633136,140.2074120124828,-10.045611167081873,22.93471752167497,29.25197817291349,44.23562589195242,43.41768255368636
31,4833.040493502702,92.06594040233693,-6.8933864384070205,14.474375054558015,30.520339092153268,5.831216001868594,44.98191997408135
31,173.8191428460043,124.00340726979702,-10.03899947441684,23.29180356439469,29.16958444654517,44.20392180934937,44.85412077166982
31,167.53656890031243,128.40989484929256,-10.08827283842426,22.67597712622848,29.77351995126742,44.43009485668137,44.99507893719313
31,166.479644633136,140.2074120124828,-10.045611167081873,22.93471752167497,29.25197817291349,44.23562589195242,42.15738813419495
31,4833.040493502703,82.59588182266711,-6.894521653505041,25.55852058316592,27.773625468229653,5.8479556335857525,44.98995629004704
31,172.731154944562,127.53366001040034,-10.08827283842426,24.75170012254471,29.77351995126742,44.43009485668137,44.979194849052
31,167.53656890031243,128.40989484929256,-10.08827283842426,22.67597712622848,29.77351995126742,44.43009485668137,44.979385713961584
32,4833.040493502702,82.59588182266711,-6.894829891705932,25.93243165410791,26.640707524654907,5.847947338640437,44.987584835561556
32,4848.158505797135,81.01093792831249,-6.734435326647954,34.3495946644363,21.579764024231288,4.268846822616016,44.63817598498159
32,4848.158505797135,81.01093792831249,-6.734435326647954,39.47723784873367,29.98059188242985,4.268846822616016,44.63817598498159
32,4848.158505797135,81.01093792831249,-6.734435326647954,39.397776098898994,21.579764024231288,4.268846822616016,44.63817598498159
32,4848.158505797135,81.01093792831249,-6.733156551408186,33.28744686845812,27.38577792991267,4.268846822616016,44.64797992848648
32,4833.040493502702,82.59588182266711,-6.894829891705932,25.921784563974466,26.640707524654907,5.847947338640437,44.987584835561556
32,6416.968118859599,0.0,-9.567676785485913,40.52049644253467,25.029101340476537,22.9482472428925,4.300435931617876
32,4848.158505797135,81.01093792831249,-6.734435326647954,32.4634169707041,21.579764024231288,4.268846822616016,44.63817598498159
32,4833.040493502702,82.59588182266711,-6.894829891705932,25.921784563974466,27.084868432466664,5.847947338640437,44.987584835561556
32,4833.040493502702,82.59588182266711,-6.893962376610226,25.738131392995093,27.084868432466664,5.847947338640437,44.99423578462863
32,4848.158505797135,81.01093792831249,-6.734435326647954,34.58009168335926,21.553985162531042,4.268846822616016,44.63817598498159
32,170.4867265520925,112.00794613639579,-10.208155446325577,23.29180356439469,30.466446897845515,44.20392180934937,44.85412077166982
32,4848.158505797135,81.01093792831249,-6.734379964003068,33.28744686845812,26.99450553769296,4.268846822616016,44.638600431925695
32,4848.158505797135,81.01093792831249,-6.734379964003068,33.20103287173117,27.007313676459226,4.268846822616016,44.638600431925695
32,4848.158505797135,81.01093792831249,-6.667488931545705,25.52323776227963,20.4471211440248,4.096019011661207,44.97860386981076
32,4848.158505797135,81.01093792831249,-6.732907330441904,33.28744686845812,26.99450553769296,4.268846822616016,44.64989062256129
32,6416.968118859599,0.0,-9.54691730288908,40.52049644253467,30.000756885938777,23.02702147155091,4.220054127033895
32,4596.39683550553,95.97310283398826,-7.483708495990022,31.788339271854312,21.02583183750116,10.373567443792364,44.99846897453546
32,164.74738558128962,164.63138558128963,-10.512186097054297,22.827226153365107,32.871476384357365,44.27804964027438,44.02605509590274
32,164.74738558128962,164.63138558128963,-10.51206633577329,22.884258835316235,32.796430383611295,44.20392180934937,44.988943663297256
32,4848.158505797135,81.01093792831249,-6.732907330441904,33.08743610492866,26.99450553769296,4.268846822616016,44.64989062256129
32,164.90672393087888,153.50798797437048,-10.260670456303124,22.936198910384356,30.900766056943066,44.23562589195242,42.15738813419495
32,164.74738558128962,164.63138558128963,-10.511697489696544,22.827226153365107,32.871476384357365,44.28179563001715,44.02605509590274
32,170.4867265520925,112.00794613639579,-10.172726577161363,23.29180356439469,30.466446897845515,44.4755431396084,44.74113227070914
32,170.4867265520925,112.00794613639579,-10.210746940383125,23.29180356439469,30.486315018953327,44.20392180934937,44.88788066494731
32,4592.05750212031,103.75872980180134,-7.923876930013883,38.39858900448415,25.029101340476537,11.613246570979133,42.86352344087264
32,166.0343429367241,150.9475520349412,-10.253883729626224,22.631971835040847,30.891158234075448,44.27804964027438,43.991807150109175
32,164.74738558128962,164.63138558128963,-10.512001114035698,22.827643693391035,32.796430383611295,44.204421842670875,44.548409666108185
32,4596.39683550553,95.97310283398826,-7.501277634217168,31.788339271854312,29.89233717138812,10.488518536127282,44.97872334046226
32,166.479644633136,125.71584414181265,-10.045694715377913,22.99423918286537,29.25197817291349,44.23498535501611,43.76807523054475
32,164.74738558128962,164.63138558128963,-10.512251318791883,22.883841295290306,32.871476384357365,44.27754960695288,40.19040735436449
32,170.4867265520925,112.00794613639579,-10.210746940383125,23.29180356439469,30.486315018953327,44.20392180934937,44.53333526642465
32,166.479644633136,125.71584414181265,-10.049718854007445,22.99423918286537,29.25197817291349,44.204133625523035,43.649445945890214
32,4848.158505797135,81.01093792831249,-6.666419825748889,25.522134940288854,30.93552149002862,4.096019011661207,44.986800347586296
32,170.4867265520925,112.00794613639579,-10.238856822834911,23.300572296435224,30.905854524742896,44.40795221634187,43.68841465531537
32,4596.39683550553,95.97310283398826,-7.505746032563785,31.788339271854312,29.89233717138812,10.523383886357383,44.97933097003497
32,176.65729632856016,111.60452431413084,-10.797388459914856,23.29180356439469,31.547295949022306,40.7673177563417,44.85412077166982
32,164.90672393087888,164.63138558128963,-10.204467614411534,22.89400770565086,30.466446897845515,44.23219518735704,44.85412077166982
32,6416.9681188596,0.0,-9.259585975476744,33.023381293051244,37.861061462228086,23.715876930817558,2.7060360761393163
32,164.90672393087888,164.63138558128963,-10.158778490901945,22.89400770565086,30.580850054255446,44.6968816240072,44.85320377390471
32,6416.9681188596,0.0,-9.259585975476744,33.02327308817988,37.82681870204287,23.715876930817558,2.7060360761393163
32,178.95306216729222,114.32656427875484,-10.651798280315901,23.29180356439469,30.43110457209694,40.7673177563417,44.85412077166982
32,4592.057502120315,103.75872980180134,-7.923876930013883,38.39858900448415,24.2217497758696,11.613246570979133,42.86352344087264
32,4848.158505797136,81.01093792831249,-6.667488931545705,25.52323776227963,29.86861917056216,4.096019011661207,44.97860386981076
32,4848.158505797136,81.01093792831249,-6.73574885882649,34.58009168335926,26.614209123283107,4.268846822616016,44.628105571612835
32,166.479644633136,140.2074120124828,-10.045611167081873,22.93471752167497,29.25197817291349,44.23562589195242,37.34529425205235
32,4833.040493502702,92.06594040233693,-6.8933864384070205,14.474375054558015,30.520339092153268,5.831216001868594,44.98191997408135
32,4596.396835505531,95.97310283398826,-7.483708495990022,22.94495481329706,22.48251897775841,10.373567443792364,44.99846897453546
33,4833.040493502702,82.59588182266711,-6.894829891705932,25.93243165410791,26.640707524654907,5.847947338640437,44.987584835561556
33,4848.158505797135,81.01093792831249,-6.734435326647954,34.3495946644363,21.579764024231288,4.268846822616016,44.63817598498159
33,4848.158505797135,81.01093792831249,-6.734435326647954,39.47723784873367,29.98059188242985,4.268846822616016,44.63817598498159
33,4848.158505797135,81.01093792831249,-6.734435326647954,39.397776098898994,21.579764024231288,4.268846822616016,44.63817598498159
33,4848.158505797135,81.01093792831249,-6.733156551408186,33.28744686845812,27.38577792991267,4.268846822616016,44.64797992848648
33,4833.040493502702,82.59588182266711,-6.894829891705932,25.921784563974466,26.640707524654907,5.847947338640437,44.987584835561556
33,6416.968118859599,0.0,-9.567676785485913,40.52049644253467,25.029101340476537,22.9482472428925,4.300435931617876
33,4848.158505797135,81.01093792831249,-6.734435326647954,32.4634169707041,21.579764024231288,4.268846822616016,44.63817598498159
33,4833.040493502702,82.59588182266711,-6.894829891705932,25.921784563974466,27.084868432466664,5.847947338640437,44.987584835561556
33,4833.040493502702,82.59588182266711,-6.893962376610226,25.738131392995093,27.084868432466664,5.847947338640437,44.99423578462863
33,4848.158505797135,81.01093792831249,-6.734435326647954,34.58009168335926,21.553985162531042,4.268846822616016,44.63817598498159
33,170.4867265520925,112.00794613639579,-10.208155446325577,23.29180356439469,30.466446897845515,44.20392180934937,44.85412077166982
33,4848.158505797135,81.01093792831249,-6.734379964003068,33.28744686845812,26.99450553769296,4.268846822616016,44.638600431925695
33,4848.158505797135,81.01093792831249,-6.734379964003068,33.20103287173117,27.007313676459226,4.268846822616016,44.638600431925695
33,4848.158505797135,81.01093792831249,-6.667488931545705,25.52323776227963,20.4471211440248,4.096019011661207,44.97860386981076
33,4848.158505797135,81.01093792831249,-6.732907330441904,33.28744686845812,26.99450553769296,4.268846822616016,44.64989062256129
33,6416.968118859599,0.0,-9.54691730288908,40.52049644253467,30.000756885938777,23.02702147155091,4.220054127033895
33,4596.39683550553,95.97310283398826,-7.483708495990022,31.788339271854312,21.02583183750116,10.373567443792364,44.99846897453546
33,164.74738558128962,164.63138558128963,-10.512186097054297,22.827226153365107,32.871476384357365,44.27804964027438,44.02605509590274
33,164.74738558128962,164.63138558128963,-10.51206633577329,22.884258835316235,32.796430383611295,44.20392180934937,44.988943663297256
33,4848.158505797135,81.01093792831249,-6.732907330441904,33.08743610492866,26.99450553769296,4.268846822616016,44.64989062256129
33,164.90672393087888,153.50798797437048,-10.260670456303124,22.936198910384356,30.900766056943066,44.23562589195242,42.15738813419495
33,164.74738558128962,164.63138558128963,-10.511697489696544,22.827226153365107,32.871476384357365,44.28179563001715,44.02605509590274
33,170.4867265520925,112.00794613639579,-10.172726577161363,23.29180356439469,30.466446897845515,44.4755431396084,44.74113227070914
33,170.4867265520925,112.00794613639579,-10.210746940383125,23.29180356439469,30.486315018953327,44.20392180934937,44.88788066494731
33,166.0343429367241,150.9475520349412,-10.253883729626224,22.631971835040847,30.891158234075448,44.27804964027438,43.991807150109175
33,164.74738558128962,164.63138558128963,-10.512001114035698,22.827643693391035,32.796430383611295,44.204421842670875,44.548409666108185
33,4596.39683550553,95.97310283398826,-7.501277634217168,31.788339271854312,29.89233717138812,10.488518536127282,44.97872334046226
33,166.479644633136,125.71584414181265,-10.045694715377913,22.99423918286537,29.25197817291349,44.23498535501611,43.76807523054475
33,164.74738558128962,164.63138558128963,-10.512251318791883,22.883841295290306,32.871476384357365,44.27754960695288,40.19040735436449
33,170.4867265520925,112.00794613639579,-10.210746940383125,23.29180356439469,30.486315018953327,44.20392180934937,44.53333526642465
33,166.479644633136,125.71584414181265,-10.049718854007445,22.99423918286537,29.25197817291349,44.204133625523035,43.649445945890214
33,4848.158505797135,81.01093792831249,-6.666419825748889,25.522134940288854,30.93552149002862,4.096019011661207,44.986800347586296
33,170.4867265520925,112.00794613639579,-10.238856822834911,23.300572296435224,30.905854524742896,44.40795221634187,43.68841465531537
33,4596.39683550553,95.97310283398826,-7.505746032563785,31.788339271854312,29.89233717138812,10.523383886357383,44.97933097003497
33,176.65729632856016,111.60452431413084,-10.797388459914856,23.29180356439469,31.547295949022306,40.7673177563417,44.85412077166982
33,4580.8706277283145,98.81960234357821,-7.449884643008829,22.895515256610423,25.024883044135926,10.035769086865347,44.91998682379759
33,170.4867265520925,112.00794613639579,-10.25453652652915,23.29180356439469,30.486315018953327,43.86820164889645,44.67324151044826
33,166.0343429367241,150.9475520349412,-10.214499037651123,22.631971835040847,30.891158234075448,44.57999894541683,43.98619577073667
33,4848.158505797135,81.01093792831249,-6.734379964003068,33.305369563870684,28.359721041927994,4.268846822616016,44.638600431925695
33,170.4867265520925,112.00794613639579,-10.049678649529127,23.288232096041618,29.251669938579727,44.204133625523035,44.85646784603456
33,4848.158505797135,81.01093792831249,-6.733156551408186,34.92182394545996,27.008558714325993,4.268846822616016,44.64797992848648
33,6416.9681188596,0.0,-9.587888146598736,40.52049644253467,30.000756885938777,22.71291166977688,4.220054127033895
33,6416.9681188596,0.0,-9.259585975476744,33.023381293051244,37.861061462228086,23.715876930817558,2.7060360761393163
33,164.90672393087888,164.63138558128963,-10.204467614411534,22.89400770565086,30.466446897845515,44.23219518735704,44.85412077166982
33,164.90672393087888,164.63138558128963,-10.158778490901945,22.8558752037078,30.580850054255446,44.6968816240072,44.98581434825696
33,178.95306216729222,114.32656427875484,-10.651798280315901,23.29180356439469,30.43110457209694,40.7673177563417,44.85412077166982
33,4592.057502120307,103.75872980180134,-7.923876930013883,38.32863710564299,26.797216065792803,11.613246570979133,42.86352344087264
34,4833.040493502702,82.59588182266711,-6.894829891705932,25.93243165410791,26.640707524654907,5.847947338640437,44.987584835561556
34,4848.158505797135,81.01093792831249,-6.734435326647954,34.3495946644363,21.579764024231288,4.268846822616016,44.63817598498159
34,4848.158505797135,81.01093792831249,-6.734435326647954,39.47723784873367,29.98059188242985,4.268846822616016,44.63817598498159
34,4848.158505797135,81.01093792831249,-6.734435326647954,39.397776098898994,21.579764024231288,4.268846822616016,44.63817598498159
34,4848.158505797135,81.01093792831249,-6.733156551408186,33.28744686845812,27.38577792991267,4.268846822616016,44.64797992848648
34,4833.040493502702,82.59588182266711,-6.894829891705932,25.921784563974466,26.640707524654907,5.847947338640437,44.987584835561556
34,6416.968118859599,0.0,-9.567676785485913,40.52049644253467,25.029101340476537,22.9482472428925,4.300435931617876
34,4848.158505797135,81.01093792831249,-6.734435326647954,32.4634169707041,21.579764024231288,4.268846822616016,44.63817598498159
34,4833.040493502702,82.59588182266711,-6.894829891705932,25.921784563974466,27.084868432466664,5.847947338640437,44.987584835561556
34,4833.040493502702,82.59588182266711,-6.893962376610226,25.738131392995093,27.084868432466664,5.847947338640437,44.99423578462863
34,4848.158505797135,81.01093792831249,-6.734435326647954,34.58009168335926,21.553985162531042,4.268846822616016,44.63817598498159
34,170.4867265520925,112.00794613639579,-10.208155446325577,23.29180356439469,30.466446897845515,44.20392180934937,44.85412077166982
34,4848.158505797135,81.01093792831249,-6.734379964003068,33.28744686845812,26.99450553769296,4.268846822616016,44.638600431925695
34,4848.158505797135,81.01093792831249,-6.734379964003068,33.20103287173117,27.007313676459226,4.268846822616016,44.638600431925695
34,4848.158505797135,81.01093792831249,-6.667488931545705,25.52323776227963,20.4471211440248,4.096019011661207,44.97860386981076
34,4848.158505797135,81.01093792831249,-6.732907330441904,33.28744686845812,26.99450553769296,4.268846822616016,44.64989062256129
34,6416.968118859599,0.0,-9.54691730288908,40.52049644253467,30.000756885938777,23.02702147155091,4.220054127033895
34,4596.39683550553,95.97310283398826,-7.483708495990022,31.788339271854312,21.02583183750116,10.373567443792364,44.99846897453546
34,4848.158505797135,81.01093792831249,-6.732907330441904,33.08743610492866,26.99450553769296,4.268846822616016,44.64989062256129
34,170.4867265520925,112.00794613639579,-10.172726577161363,23.29180356439469,30.466446897845515,44.4755431396084,44.74113227070914
34,170.4867265520925,112.00794613639579,-10.210746940383125,23.29180356439469,30.486315018953327,44.20392180934937,44.88788066494731
34,4596.39683550553,95.97310283398826,-7.501277634217168,31.788339271854312,29.89233717138812,10.488518536127282,44.97872334046226
34,166.479644633136,125.71584414181265,-10.045694715377913,22.99423918286537,29.25197817291349,44.23498535501611,43.76807523054475
34,170.4867265520925,112.00794613639579,-10.210746940383125,23.29180356439469,30.486315018953327,44.20392180934937,44.53333526642465
34,166.479644633136,125.71584414181265,-10.049718854007445,22.99423918286537,29.25197817291349,44.204133625523035,43.649445945890214
34,4848.158505797135,81.01093792831249,-6.666419825748889,25.522134940288854,30.93552149002862,4.096019011661207,44.986800347586296
34,170.4867265520925,112.00794613639579,-10.238856822834911,23.300572296435224,30.905854524742896,44.40795221634187,43.68841465531537
34,4596.39683550553,95.97310283398826,-7.505746032563785,31.788339271854312,29.89233717138812,10.523383886357383,44.97933097003497
34,176.65729632856016,111.60452431413084,-10.797388459914856,23.29180356439469,31.547295949022306,40.7673177563417,44.85412077166982
34,170.4867265520925,112.00794613639579,-10.25453652652915,23.29180356439469,30.486315018953327,43.86820164889645,44.67324151044826
34,4848.158505797135,81.01093792831249,-6.734379964003068,33.305369563870684,28.359721041927994,4.268846822616016,44.638600431925695
34,170.4867265520925,112.00794613639579,-10.049678649529127,23.288232096041618,29.251669938579727,44.204133625523035,44.85646784603456
34,4848.158505797135,81.01093792831249,-6.733156551408186,34.92182394545996,27.008558714325993,4.268846822616016,44.64797992848648
34,163.06856540849805,150.9475520349412,-10.22988620908589,22.631971835040847,31.19379663368081,44.764669030688964,43.99775161982059
34,170.4867265520925,112.00794613639579,-10.251883890472712,23.29180356439469,30.465978142520616,43.86820164889645,44.6833238904463
34,170.4867265520925,112.00794613639579,-10.01330449856139,23.29154814344135,29.251669938579727,44.48300211627571,44.85646784603456
34,166.74282227534127,122.3321889056761,-10.491183864130136,25.11716623196132,32.86470882454242,44.43229919954469,44.02751083592681
34,170.4867265520925,112.00794613639579,-10.210746940383125,23.29180356439469,30.486315018953327,44.20392180934937,44.96242395237714
34,4579.685006162188,98.81960234357821,-7.456164758898346,27.35068267461004,25.024883044135926,10.035769086865347,44.87183926864462
34,164.74738558128962,164.63138558128963,-10.347659890324366,22.884258835316235,35.55219967616276,44.19846590957657,44.96425205261488
34,6416.9681188596,0.0,-9.259585975476744,33.023381293051244,37.861061462228086,23.715876930817558,2.7060360761393163
34,164.74738558128962,164.63138558128963,-10.512186097054297,22.827226153365107,32.871476384357365,44.27804964027438,44.02605509590274
34,6416.9681188596,0.0,-9.587888146598736,40.52049644253467,30.000756885938777,22.71291166977688,4.220054127033895
34,4580.8706277283145,98.81960234357821,-7.449884643008829,22.895515256610423,25.024883044135926,10.035769086865347,44.91998682379759
34,4833.0404935027045,82.59588182266711,-6.894829891705932,23.282319408200472,27.146861070162252,5.847947338640437,44.987584835561556
34,181.41841075484663,111.65935339483818,-10.178998076029501,23.37007031779742,30.900766056943066,44.86178080738348,42.15738813419495
34,172.3412124301313,114.32656427875484,-10.417953653009498,23.29180356439469,30.43110457209694,42.56012656569079,44.92528391132796
34,166.0343429367241,150.9475520349412,-10.253883729626224,22.631971835040847,30.891158234075448,44.27804964027438,43.991807150109175
35,4833.040493502702,82.59588182266711,-6.894829891705932,25.93243165410791,26.640707524654907,5.847947338640437,44.987584835561556
35,4848.158505797135,81.01093792831249,-6.734435326647954,34.3495946644363,21.579764024231288,4.268846822616016,44.63817598498159
35,4848.158505797135,81.01093792831249,-6.734435326647954,39.47723784873367,29.98059188242985,4.268846822616016,44.63817598498159
35,4848.158505797135,81.01093792831249,-6.734435326647954,39.397776098898994,21.579764024231288,4.268846822616016,44.63817598498159
35,4848.158505797135,81.01093792831249,-6.733156551408186,33.28744686845812,27.38577792991267,4.268846822616016,44.64797992848648
35,4833.040493502702,82.59588182266711,-6.894829891705932,25.921784563974466,26.640707524654907,5.847947338640437,44.987584835561556
35,6416.968118859599,0.0,-9.567676785485913,40.52049644253467,25.029101340476537,22.9482472428925,4.300435931617876
35,4848.158505797135,81.01093792831249,-6.734435326647954,32.4634169707041,21.579764024231288,4.268846822616016,44.63817598498159
35,4833.040493502702,82.59588182266711,-6.894829891705932,25.921784563974466,27.084868432466664,5.847947338640437,44.987584835561556
35,4833.040493502702,82.59588182266711,-6.893962376610226,25.738131392995093,27.084868432466664,5.847947338640437,44.99423578462863
35,4848.158505797135,81.01093792831249,-6.734435326647954,34.58009168335926,21.553985162531042,4.268846822616016,44.63817598498159
35,4848.158505797135,81.01093792831249,-6.734379964003068,33.28744686845812,26.99450553769296,4.268846822616016,44.638600431925695
35,4848.158505797135,81.01093792831249,-6.734379964003068,33.20103287173117,27.007313676459226,4.268846822616016,44.638600431925695
35,4848.158505797135,81.01093792831249,-6.667488931545705,25.52323776227963,20.4471211440248,4.096019011661207,44.97860386981076
35,4848.158505797135,81.01093792831249,-6.732907330441904,33.28744686845812,26.99450553769296,4.268846822616016,44.64989062256129
35,6416.968118859599,0.0,-9.54691730288908,40.52049644253467,30.000756885938777,23.02702147155091,4.220054127033895
35,4596.39683550553,95.97310283398826,-7.483708495990022,31.788339271854312,21.02583183750116,10.373567443792364,44.99846897453546
35,4848.158505797135,81.01093792831249,-6.732907330441904,33.08743610492866,26.99450553769296,4.268846822616016,44.64989062256129
35,4596.39683550553,95.97310283398826,-7.501277634217168,31.788339271854312,29.89233717138812,10.488518536127282,44.97872334046226
35,4848.158505797135,81.01093792831249,-6.666419825748889,25.522134940288854,30.93552149002862,4.096019011661207,44.986800347586296
35,4596.39683550553,95.97310283398826,-7.505746032563785,31.788339271854312,29.89233717138812,10.523383886357383,44.97933097003497
35,4848.158505797135,81.01093792831249,-6.734379964003068,33.305369563870684,28.359721041927994,4.268846822616016,44.638600431925695
35,4848.158505797135,81.01093792831249,-6.733156551408186,34.92182394545996,27.008558714325993,4.268846822616016,44.64797992848648
35,163.06856540849805,150.9475520349412,-10.22988620908589,22.631971835040847,31.19379663368081,44.764669030688964,43.99775161982059
35,166.74282227534127,122.3321889056761,-10.491183864130136,25.11716623196132,32.86470882454242,44.43229919954469,44.02751083592681
35,4579.685006162188,98.81960234357821,-7.456164758898346,27.35068267461004,25.024883044135926,10.035769086865347,44.87183926864462
35,6416.968118859599,0.0,-9.54691730288908,39.865564712774884,29.97989322091753,23.02702147155091,4.220054127033895
35,4587.512809506568,97.53512508928969,-7.499923043842376,27.470682954658397,25.024883044135926,10.035769086865347,44.53635908407374
35,4833.040493502702,82.59588182266711,-6.893947282706378,25.738131392995093,27.084868432466664,5.847947338640437,44.994351504558104
35,163.06856540849805,150.9475520349412,-10.22988620908589,22.631971835040847,31.19379663368081,44.764669030688964,44.68278554072466
35,170.4867265520925,111.60452431413084,-10.312188113969796,23.296319550252907,31.205450425589273,44.145341551820835,43.99775161982059
35,165.8198029051386,125.71584414181265,-10.021830512590455,23.00649572700588,29.25197817291349,44.417944243053306,40.397976345593925
35,164.74738558128962,164.63138558128963,-10.347659890324366,22.884258835316235,35.55219967616276,44.19846590957657,44.96425205261488
35,6416.9681188596,0.0,-9.587888146598736,40.52049644253467,30.000756885938777,22.71291166977688,4.220054127033895
35,164.74738558128962,164.63138558128963,-10.470829615707167,22.827226153365107,32.81598951686663,44.53962912977831,44.02753126399707
35,6416.9681188596,0.0,-9.259585975476744,33.023381293051244,37.861061462228086,23.715876930817558,2.7060360761393163
35,4580.870627728314,98.81960234357821,-7.444379958900772,22.835578532166974,24.568991470819004,10.035769086865347,44.962189401959364
35,176.65729632856016,111.60452431413084,-10.797388459914856,23.29180356439469,31.547295949022306,40.7673177563417,44.85412077166982
35,4848.158505797136,81.01093792831249,-6.734435326647954,33.26250372127017,21.579764024231288,4.268846822616016,44.63817598498159
35,166.0343429367241,150.9475520349412,-10.253883729626224,22.631971835040847,30.891158234075448,44.27804964027438,43.991807150109175
35,166.479644633136,125.71584414181265,-10.049718854007445,22.99423918286537,29.25197817291349,44.204133625523035,43.649445945890214
35,4596.396835505531,95.97310283398826,-7.482017131721534,27.35068267461004,25.024883044135926,10.361482439782511,44.999351096584
35,4833.040493502704,82.59588182266711,-6.894829891705932,25.97148075483735,28.567702243011357,5.847947338640437,44.987584835561556
35,170.4867265520925,112.00794613639579,-10.210746940383125,23.29180356439469,30.486315018953327,44.20392180934937,44.923191319255
35,166.479644633136,125.71584414181265,-10.045694715377913,22.99423918286537,29.25197817291349,44.23498535501611,43.76807523054475
35,170.4867265520925,112.00794613639579,-10.208155446325577,23.29180356439469,30.466446897845515,44.20392180934937,44.85412077166982
35,170.4867265520925,112.00794613639579,-10.049678649529127,23.288232096041618,29.251669938579727,44.204133625523035,44.85646784603456
35,164.74738558128962,164.63138558128963,-10.455012751423716,22.827226153365107,32.43314740118957,44.27804964027438,44.02605509590274
36,4833.040493502702,82.59588182266711,-6.894829891705932,25.93243165410791,26.640707524654907,5.847947338640437,44.987584835561556
36,4848.158505797135,81.01093792831249,-6.734435326647954,34.3495946644363,21.579764024231288,4.268846822616016,44.63817598498159
36,4848.158505797135,81.01093792831249,-6.734435326647954,39.47723784873367,29.98059188242985,4.268846822616016,44.63817598498159
36,4848.158505797135,81.01093792831249,-6.734435326647954,39.397776098898994,21.579764024231288,4.268846822616016,44.63817598498159
36,4848.158505797135,81.01093792831249,-6.733156551408186,33.28744686845812,27.38577792991267,4.268846822616016,44.64797992848648
36,4833.040493502702,82.59588182266711,-6.894829891705932,25.921784563974466,26.640707524654907,5.847947338640437,44.987584835561556
36,6416.968118859599,0.0,-9.567676785485913,40.52049644253467,25.029101340476537,22.9482472428925,4.300435931617876
36,4848.158505797135,81.01093792831249,-6.734435326647954,32.4634169707041,21.579764024231288,4.268846822616016,44.63817598498159
36,4833.040493502702,82.59588182266711,-6.894829891705932,25.921784563974466,27.084868432466664,5.847947338640437,44.987584835561556
36,4833.040493502702,82.59588182266711,-6.893962376610226,25.738131392995093,27.084868432466664,5.847947338640437,44.99423578462863
36,4848.158505797135,81.01093792831249,-6.734435326647954,34.58009168335926,21.553985162531042,4.268846822616016,44.63817598498159
36,4848.158505797135,81.01093792831249,-6.734379964003068,33.28744686845812,26.99450553769296,4.268846822616016,44.638600431925695
36,4848.158505797135,81.01093792831249,-6.734379964003068,33.20103287173117,27.007313676459226,4.268846822616016,44.638600431925695
36,4848.158505797135,81.01093792831249,-6.667488931545705,25.52323776227963,20.4471211440248,4.096019011661207,44.97860386981076
36,4848.158505797135,81.01093792831249,-6.732907330441904,33.28744686845812,26.99450553769296,4.268846822616016,44.64989062256129
36,6416.968118859599,0.0,-9.54691730288908,40.52049644253467,30.000756885938777,23.02702147155091,4.220054127033895
36,4596.39683550553,95.97310283398826,-7.483708495990022,31.788339271854312,21.02583183750116,10.373567443792364,44.99846897453546
36,4848.158505797135,81.01093792831249,-6.732907330441904,33.08743610492866,26.99450553769296,4.268846822616016,44.64989062256129
36,4596.39683550553,95.97310283398826,-7.501277634217168,31.788339271854312,29.89233717138812,10.488518536127282,44.97872334046226
36,4848.158505797135,81.01093792831249,-6.666419825748889,25.522134940288854,30.93552149002862,4.096019011661207,44.986800347586296
36,4596.39683550553,95.97310283398826,-7.505746032563785,31.788339271854312,29.89233717138812,10.523383886357383,44.97933097003497
36,4848.158505797135,81.01093792831249,-6.734379964003068,33.305369563870684,28.359721041927994,4.268846822616016,44.638600431925695
36,4848.158505797135,81.01093792831249,-6.733156551408186,34.92182394545996,27.008558714325993,4.268846822616016,44.64797992848648
36,163.06856540849805,150.9475520349412,-10.22988620908589,22.631971835040847,31.19379663368081,44.764669030688964,43.99775161982059
36,166.74282227534127,122.3321889056761,-10.491183864130136,25.11716623196132,32.86470882454242,44.43229919954469,44.02751083592681
36,4579.685006162188,98.81960234357821,-7.456164758898346,27.35068267461004,25.024883044135926,10.035769086865347,44.87183926864462
36,6416.968118859599,0.0,-9.54691730288908,39.865564712774884,29.97989322091753,23.02702147155091,4.220054127033895
36,4587.512809506568,97.53512508928969,-7.499923043842376,27.470682954658397,25.024883044135926,10.035769086865347,44.53635908407374
36,4833.040493502702,82.59588182266711,-6.893947282706378,25.738131392995093,27.084868432466664,5.847947338640437,44.994351504558104
36,163.06856540849805,150.9475520349412,-10.22988620908589,22.631971835040847,31.19379663368081,44.764669030688964,44.68278554072466
36,170.4867265520925,111.60452431413084,-10.312188113969796,23.296319550252907,31.205450425589273,44.145341551820835,43.99775161982059
36,165.8198029051386,125.71584414181265,-10.021830512590455,23.00649572700588,29.25197817291349,44.417944243053306,40.397976345593925
36,4596.39683550553,95.97310283398826,-7.482017131721534,26.27951304291329,25.01588135307912,10.361482439782511,44.999351096584
36,4848.158505797135,81.01093792831249,-6.758625238354476,33.28744686845812,28.56284504810921,4.332959440986128,44.51683261360172
36,4833.040493502702,82.59588182266711,-6.894829891705932,25.93309618988343,26.640707524654907,5.847947338640437,44.987584835561556
36,165.8198029051386,125.71584414181265,-10.004117975523613,23.00649572700588,29.25197817291349,44.55374036056577,40.397976345593925
36,165.8198029051386,125.71584414181265,-10.021830512590455,23.00649572700588,29.25197817291349,44.417944243053306,44.002867538554995
36,4848.158505797135,81.01093792831249,-6.733156551408186,34.92182394545996,26.73110750414676,4.268846822616016,44.64797992848648
36,163.06856540849805,150.9475520349412,-10.247241917573248,22.631971835040847,31.19379663368081,44.63160859895253,43.99775161982059
36,165.8198029051386,125.71584414181265,-9.972688579551942,23.00649572700588,29.25197817291349,44.79469906301523,40.397976345593925
36,6416.9681188596,0.0,-9.259585975476744,33.023381293051244,37.861061462228086,23.715876930817558,2.7060360761393163
36,164.74738558128962,164.63138558128963,-10.347659890324366,22.884258835316235,35.55219967616276,44.19846590957657,44.96425205261488
36,6416.9681188596,0.0,-9.587888146598736,40.52049644253467,30.000756885938777,22.71291166977688,4.220054127033895
36,164.74738558128962,164.63138558128963,-10.347659890324366,22.884258835316235,35.55219967616276,44.19846590957657,39.21803079522384
36,4579.685006162189,98.81960234357821,-7.456164758898346,25.868868366433357,30.123411989603753,10.035769086865347,44.87183926864462
36,176.65729632856016,111.60452431413084,-10.797388459914856,23.29180356439469,31.547295949022306,40.7673177563417,44.85412077166982
36,4848.158505797136,81.01093792831249,-6.734435326647954,33.26250372127017,21.579764024231288,4.268846822616016,44.63817598498159
36,4848.158505797136,81.01093792831249,-6.734379964003068,33.90680879710082,28.359721041927994,4.268846822616016,44.638600431925695
37,4833.040493502702,82.59588182266711,-6.894829891705932,25.93243165410791,26.640707524654907,5.847947338640437,44.987584835561556
37,4848.158505797135,81.01093792831249,-6.734435326647954,34.3495946644363,21.579764024231288,4.268846822616016,44.63817598498159
37,4848.158505797135,81.01093792831249,-6.734435326647954,39.47723784873367,29.98059188242985,4.268846822616016,44.63817598498159
37,4848.158505797135,81.01093792831249,-6.734435326647954,39.397776098898994,21.579764024231288,4.268846822616016,44.63817598498159
37,4848.158505797135,81.01093792831249,-6.733156551408186,33.28744686845812,27.38577792991267,4.268846822616016,44.64797992848648
37,4833.040493502702,82.59588182266711,-6.894829891705932,25.921784563974466,26.640707524654907,5.847947338640437,44.987584835561556
37,6416.968118859599,0.0,-9.567676785485913,40.52049644253467,25.029101340476537,22.9482472428925,4.300435931617876
37,4848.158505797135,81.01093792831249,-6.734435326647954,32.4634169707041,21.579764024231288,4.268846822616016,44.63817598498159
37,4833.040493502702,82.59588182266711,-6.894829891705932,25.921784563974466,27.084868432466664,5.847947338640437,44.987584835561556
37,4833.040493502702,82.59588182266711,-6.893962376610226,25.738131392995093,27.084868432466664,5.847947338640437,44.99423578462863
37,4848.158505797135,81.01093792831249,-6.734435326647954,34.58009168335926,21.553985162531042,4.268846822616016,44.63817598498159
37,4848.158505797135,81.01093792831249,-6.734379964003068,33.28744686845812,26.99450553769296,4.268846822616016,44.638600431925695
37,4848.158505797135,81.01093792831249,-6.734379964003068,33.20103287173117,27.007313676459226,4.268846822616016,44.638600431925695
37,4848.158505797135,81.01093792831249,-6.667488931545705,25.52323776227963,20.4471211440248,4.096019011661207,44.97860386981076
37,4848.158505797135,81.01093792831249,-6.732907330441904,33.28744686845812,26.99450553769296,4.268846822616016,44.64989062256129
37,6416.968118859599,0.0,-9.54691730288908,40.52049644253467,30.000756885938777,23.02702147155091,4.220054127033895
37,4596.39683550553,95.97310283398826,-7.483708495990022,31.788339271854312,21.02583183750116,10.373567443792364,44.99846897453546
37,4848.158505797135,81.01093792831249,-6.732907330441904,33.08743610492866,26.99450553769296,4.268846822616016,44.64989062256129
37,4596.39683550553,95.97310283398826,-7.501277634217168,31.788339271854312,29.89233717138812,10.488518536127282,44.97872334046226
37,4848.158505797135,81.01093792831249,-6.666419825748889,25.522134940288854,30.93552149002862,4.096019011661207,44.986800347586296
37,4596.39683550553,95.97310283398826,-7.505746032563785,31.788339271854312,29.89233717138812,10.523383886357383,44.97933097003497
37,4848.158505797135,81.01093792831249,-6.734379964003068,33.305369563870684,28.359721041927994,4.268846822616016,44.638600431925695
37,4848.158505797135,81.01093792831249,-6.733156551408186,34.92182394545996,27.008558714325993,4.268846822616016,44.64797992848648
37,163.06856540849805,150.9475520349412,-10.22988620908589,22.631971835040847,31.19379663368081,44.764669030688964,43.99775161982059
37,166.74282227534127,122.3321889056761,-10.491183864130136,25.11716623196132,32.86470882454242,44.43229919954469,44.02751083592681
37,4579.685006162188,98.81960234357821,-7.456164758898346,27.35068267461004,25.024883044135926,10.035769086865347,44.87183926864462
37,6416.968118859599,0.0,-9.54691730288908,39.865564712774884,29.97989322091753,23.02702147155091,4.220054127033895
37,4587.512809506568,97.53512508928969,-7.499923043842376,27.470682954658397,25.024883044135926,10.035769086865347,44.53635908407374
37,4833.040493502702,82.59588182266711,-6.893947282706378,25.738131392995093,27.084868432466664,5.847947338640437,44.994351504558104
37,163.06856540849805,150.9475520349412,-10.22988620908589,22.631971835040847,31.19379663368081,44.764669030688964,44.68278554072466
37,170.4867265520925,111.60452431413084,-10.312188113969796,23.296319550252907,31.205450425589273,44.145341551820835,43.99775161982059
37,165.8198029051386,125.71584414181265,-10.021830512590455,23.00649572700588,29.25197817291349,44.417944243053306,40.397976345593925
37,4596.39683550553,95.97310283398826,-7.482017131721534,26.27951304291329,25.01588135307912,10.361482439782511,44.999351096584
37,4848.158505797135,81.01093792831249,-6.758625238354476,33.28744686845812,28.56284504810921,4.332959440986128,44.51683261360172
37,4833.040493502702,82.59588182266711,-6.894829891705932,25.93309618988343,26.640707524654907,5.847947338640437,44.987584835561556
37,165.8198029051386,125.71584414181265,-10.004117975523613,23.00649572700588,29.25197817291349,44.55374036056577,40.397976345593925
37,165.8198029051386,125.71584414181265,-10.021830512590455,23.00649572700588,29.25197817291349,44.417944243053306,44.002867538554995
37,4848.158505797135,81.01093792831249,-6.733156551408186,34.92182394545996,26.73110750414676,4.268846822616016,44.64797992848648
37,163.06856540849805,150.9475520349412,-10.247241917573248,22.631971835040847,31.19379663368081,44.63160859895253,43.99775161982059
37,165.8198029051386,125.71584414181265,-9.972688579551942,23.00649572700588,29.25197817291349,44.79469906301523,40.397976345593925
37,170.4867265520925,111.60452431413084,-10.416734205151094,23.296319550252907,31.20540832441634,43.34377941825794,42.73854953515659
37,163.06856540849805,150.9475520349412,-10.247247409030585,22.631971835040847,31.193838734853742,44.63160859895253,44.70887792712427
37,4848.158505797135,81.01093792831249,-6.734379063487296,33.305369563870684,28.08087568208093,4.268846822616016,44.63860733587995
37,164.90672393087888,139.01642010370028,-10.224496706987587,23.02131630377966,30.92972481194787,44.54191672504301,44.89918942463482
37,165.8198029051386,125.71584414181265,-9.972688579551942,23.00649572700588,29.25197817291349,44.79469906301523,44.392877114122705
37,6416.9681188596,0.0,-9.539079603550633,40.554303035983494,30.000756885938777,23.087110499812326,4.220054127033895
37,6416.9681188596,0.0,-9.259585975476744,33.023381293051244,37.861061462228086,23.715876930817558,2.7060360761393163
37,164.74738558128962,164.63138558128963,-10.38876213561242,22.797545509698022,35.15036913666944,44.49675247836058,44.96425205261488
38,4833.040493502702,82.59588182266711,-6.894829891705932,25.93243165410791,26.640707524654907,5.847947338640437,44.987584835561556
38,4848.158505797135,81.01093792831249,-6.734435326647954,34.3495946644363,21.579764024231288,4.268846822616016,44.63817598498159
38,4848.158505797135,81.01093792831249,-6.734435326647954,39.47723784873367,29.98059188242985,4.268846822616016,44.63817598498159
38,4848.158505797135,81.01093792831249,-6.734435326647954,39.397776098898994,21.579764024231288,4.268846822616016,44.63817598498159
38,4848.158505797135,81.01093792831249,-6.733156551408186,33.28744686845812,27.38577792991267,4.268846822616016,44.64797992848648
38,4833.040493502702,82.59588182266711,-6.894829891705932,25.921784563974466,26.640707524654907,5.847947338640437,44.987584835561556
38,6416.968118859599,0.0,-9.567676785485913,40.52049644253467,25.029101340476537,22.9482472428925,4.300435931617876
38,4848.158505797135,81.01093792831249,-6.734435326647954,32.4634169707041,21.579764024231288,4.268846822616016,44.63817598498159
38,4833.040493502702,82.59588182266711,-6.894829891705932,25.921784563974466,27.084868432466664,5.847947338640437,44.987584835561556
38,4833.040493502702,82.59588182266711,-6.893962376610226,25.738131392995093,27.084868432466664,5.847947338640437,44.99423578462863
38,4848.158505797135,81.01093792831249,-6.734435326647954,34.58009168335926,21.553985162531042,4.268846822616016,44.63817598498159
38,4848.158505797135,81.01093792831249,-6.734379964003068,33.28744686845812,26.99450553769296,4.268846822616016,44.638600431925695
38,4848.158505797135,81.01093792831249,-6.734379964003068,33.20103287173117,27.007313676459226,4.268846822616016,44.638600431925695
38,4848.158505797135,81.01093792831249,-6.667488931545705,25.52323776227963,20.4471211440248,4.096019011661207,44.97860386981076
38,4848.158505797135,81.01093792831249,-6.732907330441904,33.28744686845812,26.99450553769296,4.268846822616016,44.64989062256129
38,6416.968118859599,0.0,-9.54691730288908,40.52049644253467,30.000756885938777,23.02702147155091,4.220054127033895
38,4848.158505797135,81.01093792831249,-6.732907330441904,33.08743610492866,26.99450553769296,4.268846822616016,44.64989062256129
38,4848.158505797135,81.01093792831249,-6.666419825748889,25.522134940288854,30.93552149002862,4.096019011661207,44.986800347586296
38,4848.158505797135,81.01093792831249,-6.734379964003068,33.305369563870684,28.359721041927994,4.268846822616016,44.638600431925695
38,4848.158505797135,81.01093792831249,-6.733156551408186,34.92182394545996,27.008558714325993,4.268846822616016,44.64797992848648
38,163.06856540849805,150.9475520349412,-10.22988620908589,22.631971835040847,31.19379663368081,44.764669030688964,43.99775161982059
38,4579.685006162188,98.81960234357821,-7.456164758898346,27.35068267461004,25.024883044135926,10.035769086865347,44.87183926864462
38,6416.968118859599,0.0,-9.54691730288908,39.865564712774884,29.97989322091753,23.02702147155091,4.220054127033895
38,4587.512809506568,97.53512508928969,-7.499923043842376,27.470682954658397,25.024883044135926,10.035769086865347,44.53635908407374
38,4833.040493502702,82.59588182266711,-6.893947282706378,25.738131392995093,27.084868432466664,5.847947338640437,44.994351504558104
38,163.06856540849805,150.9475520349412,-10.22988620908589,22.631971835040847,31.19379663368081,44.764669030688964,44.68278554072466
38,170.4867265520925,111.60452431413084,-10.312188113969796,23.296319550252907,31.205450425589273,44.145341551820835,43.99775161982059
38,4848.158505797135,81.01093792831249,-6.758625238354476,33.28744686845812,28.56284504810921,4.332959440986128,44.51683261360172
38,4833.040493502702,82.59588182266711,-6.894829891705932,25.93309618988343,26.640707524654907,5.847947338640437,44.987584835561556
38,4848.158505797135,81.01093792831249,-6.733156551408186,34.92182394545996,26.73110750414676,4.268846822616016,44.64797992848648
38,163.06856540849805,150.9475520349412,-10.247241917573248,22.631971835040847,31.19379663368081,44.63160859895253,43.99775161982059
38,170.4867265520925,111.60452431413084,-10.416734205151094,23.296319550252907,31.20540832441634,43.34377941825794,42.73854953515659
38,163.06856540849805,150.9475520349412,-10.247247409030585,22.631971835040847,31.193838734853742,44.63160859895253,44.70887792712427
38,4848.158505797135,81.01093792831249,-6.734379063487296,33.305369563870684,28.08087568208093,4.268846822616016,44.63860733587995
38,164.90672393087888,139.01642010370028,-10.224496706987587,23.02131630377966,30.92972481194787,44.54191672504301,44.89918942463482
38,164.90672393087888,139.01642010370028,-10.238585676787316,23.02131630377966,30.92972481194787,44.43390128991174,44.01279510426979
38,163.06856540849805,150.9475520349412,-10.230554070968637,22.631971835040847,31.193838734853742,44.75959085742749,44.70887792712427
38,165.29646526070198,122.3321889056761,-10.477094894330406,25.11716623196132,32.86470882454242,44.54031463467596,44.912720370762976
38,4596.396835505529,95.97310283398826,-7.505746032563785,29.450281353071137,32.65826207807815,10.523383886357383,44.97933097003497
38,164.74738558128962,164.63138558128963,-10.38876213561242,22.797545509698022,35.15036913666944,44.49675247836058,44.96425205261488
38,6416.9681188596,0.0,-9.259585975476744,33.023381293051244,37.861061462228086,23.715876930817558,2.7060360761393163
38,6416.9681188596,0.0,-9.539079603550633,40.554303035983494,30.000756885938777,23.087110499812326,4.220054127033895
38,4833.040493502704,82.59588182266711,-6.893962376610226,31.494929376167363,27.295864940753862,5.847947338640437,44.99423578462863
38,166.74282227534127,122.3321889056761,-10.491183864130136,25.11716623196132,32.86470882454242,44.43229919954469,44.02751083592681
38,4580.8706277283145,98.81960234357821,-7.4505783671707135,26.87502012547,25.024883044135926,10.035769086865347,44.914668271889816
38,165.8198029051386,125.71584414181265,-10.003951132478221,23.00649572700588,29.25197817291349,44.5550194905804,44.49552868016021
38,4596.39683550553,95.97310283398826,-7.483708495990022,31.788339271854312,21.02583183750116,10.373567443792364,44.99846897453546
38,4596.39683550553,95.97310283398826,-7.483186233750601,26.27951304291329,25.01588135307912,10.362768594140874,44.991674135386155
39,4833.040493502702,82.59588182266711,-6.894829891705932,25.93243165410791,26.640707524654907,5.847947338640437,44.987584835561556
39,4848.158505797135,81.01093792831249,-6.734435326647954,34.3495946644363,21.579764024231288,4.268846822616016,44.63817598498159
39,4848.158505797135,81.01093792831249,-6.734435326647954,39.47723784873367,29.98059188242985,4.268846822616016,44.63817598498159
39,4848.158505797135,81.01093792831249,-6.734435326647954,39.397776098898994,21.579764024231288,4.268846822616016,44.63817598498159
39,4848.158505797135,81.01093792831249,-6.733156551408186,33.28744686845812,27.38577792991267,4.268846822616016,44.64797992848648
39,4833.040493502702,82.59588182266711,-6.894829891705932,25.921784563974466,26.640707524654907,5.847947338640437,44.987584835561556
39,6416.968118859599,0.0,-9.567676785485913,40.52049644253467,25.029101340476537,22.9482472428925,4.300435931617876
39,4848.158505797135,81.01093792831249,-6.734435326647954,32.4634169707041,21.579764024231288,4.268846822616016,44.63817598498159
39,4833.040493502702,82.59588182266711,-6.894829891705932,25.921784563974466,27.084868432466664,5.847947338640437,44.987584835561556
39,4833.040493502702,82.59588182266711,-6.893962376610226,25.738131392995093,27.084868432466664,5.847947338640437,44.99423578462863
39,4848.158505797135,81.01093792831249,-6.734435326647954,34.58009168335926,21.553985162531042,4.268846822616016,44.63817598498159
39,4848.158505797135,81.01093792831249,-6.734379964003068,33.28744686845812,26.99450553769296,4.268846822616016,44.638600431925695
39,4848.158505797135,81.01093792831249,-6.734379964003068,33.20103287173117,27.007313676459226,4.268846822616016,44.638600431925695
39,4848.158505797135,81.01093792831249,-6.667488931545705,25.52323776227963,20.4471211440248,4.096019011661207,44.97860386981076
39,4848.158505797135,81.01093792831249,-6.732907330441904,33.28744686845812,26.99450553769296,4.268846822616016,44.64989062256129
39,6416.968118859599,0.0,-9.54691730288908,40.52049644253467,30.000756885938777,23.02702147155091,4.220054127033895
39,4848.158505797135,81.01093792831249,-6.732907330441904,33.08743610492866,26.99450553769296,4.268846822616016,44.64989062256129
39,4848.158505797135,81.01093792831249,-6.666419825748889,25.522134940288854,30.93552149002862,4.096019011661207,44.986800347586296
39,4848.158505797135,81.01093792831249,-6.734379964003068,33.305369563870684,28.359721041927994,4.268846822616016,44.638600431925695
39,4848.158505797135,81.01093792831249,-6.733156551408186,34.92182394545996,27.008558714325993,4.268846822616016,44.64797992848648
39,163.06856540849805,150.9475520349412,-10.22988620908589,22.631971835040847,31.19379663368081,44.764669030688964,43.99775161982059
39,4579.685006162188,98.81960234357821,-7.456164758898346,27.35068267461004,25.024883044135926,10.035769086865347,44.87183926864462
39,6416.968118859599,0.0,-9.54691730288908,39.865564712774884,29.97989322091753,23.02702147155091,4.220054127033895
39,4587.512809506568,97.53512508928969,-7.499923043842376,27.470682954658397,25.024883044135926,10.035769086865347,44.53635908407374
39,4833.040493502702,82.59588182266711,-6.893947282706378,25.738131392995093,27.084868432466664,5.847947338640437,44.994351504558104
39,163.06856540849805,150.9475520349412,-10.22988620908589,22.631971835040847,31.19379663368081,44.764669030688964,44.68278554072466
39,170.4867265520925,111.60452431413084,-10.312188113969796,23.296319550252907,31.205450425589273,44.145341551820835,43.99775161982059
39,4848.158505797135,81.01093792831249,-6.758625238354476,33.28744686845812,28.56284504810921,4.332959440986128,44.51683261360172
39,4833.040493502702,82.59588182266711,-6.894829891705932,25.93309618988343,26.640707524654907,5.847947338640437,44.987584835561556
39,4848.158505797135,81.01093792831249,-6.733156551408186,34.92182394545996,26.73110750414676,4.268846822616016,44.64797992848648
39,163.06856540849805,150.9475520349412,-10.247241917573248,22.631971835040847,31.19379663368081,44.63160859895253,43.99775161982059
39,170.4867265520925,111.60452431413084,-10.416734205151094,23.296319550252907,31.20540832441634,43.34377941825794,42.73854953515659
39,163.06856540849805,150.9475520349412,-10.247247409030585,22.631971835040847,31.193838734853742,44.63160859895253,44.70887792712427
39,4848.158505797135,81.01093792831249,-6.734379063487296,33.305369563870684,28.08087568208093,4.268846822616016,44.63860733587995
39,164.90672393087888,139.01642010370028,-10.224496706987587,23.02131630377966,30.92972481194787,44.54191672504301,44.89918942463482
39,164.90672393087888,139.01642010370028,-10.238585676787316,23.02131630377966,30.92972481194787,44.43390128991174,44.01279510426979
39,163.06856540849805,150.9475520349412,-10.230554070968637,22.631971835040847,31.193838734853742,44.75959085742749,44.70887792712427
39,165.29646526070198,122.3321889056761,-10.477094894330406,25.11716623196132,32.86470882454242,44.54031463467596,44.912720370762976
39,4596.396835505529,95.97310283398826,-7.505746032563785,29.450281353071137,32.65826207807815,10.523383886357383,44.97933097003497
39,6416.968118859599,0.0,-9.54691730288908,40.63817997678692,30.000756885938777,23.02702147155091,4.220054127033895
39,163.06856540849805,150.9475520349412,-10.234413620786754,22.631971835040847,31.180984169540444,44.71714641017526,44.70887792712427
39,4579.685006162188,98.81960234357821,-7.456164758898346,27.232913234963206,25.024883044135926,10.035769086865347,44.87183926864462
39,4848.158505797135,81.01093792831249,-6.734435326647954,39.404890856585496,21.41313282997181,4.268846822616016,44.63817598498159
39,163.06856540849805,150.9475520349412,-10.20051759412835,22.631971835040847,31.193838734853742,44.98987051320299,44.70887792712427
39,161.85997903089412,161.85997903089418,-10.377029431659238,22.6387962742094,35.081570631488546,44.49688653721389,44.211176764476505
39,4579.685006162188,98.81960234357821,-7.456164758898346,27.35068267461004,25.088956704354544,10.035769086865347,44.87183926864462
39,6416.9681188596,0.0,-9.259585975476744,33.023381293051244,37.861061462228086,23.715876930817558,2.7060360761393163
39,6416.9681188596,0.0,-9.341268518893841,40.52049644253467,20.13688842072079,23.014118823070653,4.0826469248114075
40,6416.968118859599,0.0,-9.54691730288908,40.63817997678692,30.000756885938777,23.02702147155091,4.220054127033895
40,6416.968118859599,0.0,-9.567676785485913,40.52049644253467,25.029101340476537,22.9482472428925,4.300435931617876
40,161.85997903089412,161.85997903089418,-10.377029431659238,22.6387962742094,35.081570631488546,44.49688653721389,44.211176764476505
40,4579.685006162184,98.81960234357821,-7.456074781157017,27.35068267461004,33.04532145287808,10.035769086865347,44.8725290979948
40,170.4867265520925,111.60452431413084,-10.416734205151094,23.296319550252907,31.20540832441634,43.34377941825794,42.73854953515659
40,4848.158505797135,81.01093792831249,-6.734435326647954,34.3495946644363,21.579764024231288,4.268846822616016,44.63817598498159
40,4848.158505797135,81.01093792831249,-6.734435326647954,34.58009168335926,21.53272233661734,4.268846822616016,44.63817598498159
40,165.29646526070198,122.3321889056761,-10.477094894330406,25.11716623196132,32.86470882454242,44.54031463467596,44.912720370762976
40,4596.396835505529,95.97310283398826,-7.505746032563785,29.450281353071137,32.65826207807815,10.523383886357383,44.97933097003497
40,164.90672393087888,139.01642010370028,-10.224496706987587,23.02131630377966,30.92972481194787,44.54191672504301,44.89918942463482
40,4833.040493502702,82.59588182266711,-6.894829891705932,25.93309618988343,26.640707524654907,5.847947338640437,44.987584835561556
40,170.4867265520925,111.60452431413084,-10.312188113969796,23.296319550252907,31.205450425589273,44.145341551820835,43.99775161982059
40,163.06856540849805,150.9475520349412,-10.22988620908589,22.631971835040847,31.19379663368081,44.764669030688964,43.99775161982059
40,164.90672393087888,139.01642010370028,-10.228491092115185,23.02131630377966,30.92972481194787,44.51129310573139,44.01279510426979
40,163.06856540849805,150.9475520349412,-10.317267522299801,22.631971835040847,31.94166784383407,44.84261683953558,44.27927407078572
40,4833.040493502702,82.59588182266711,-6.894829891705932,25.93243165410791,26.640707524654907,5.847947338640437,44.987584835561556
40,4587.5128095065675,97.53512508928969,-7.5045922369456335,33.05492919032714,28.552404688085335,10.035769086865347,44.500561936948735
40,4848.158505797135,81.01093792831249,-6.734379964003068,33.305369563870684,28.359721041927994,4.268846822616016,44.638600431925695
40,4848.158505797135,81.01093792831249,-6.734435326647954,39.47723784873367,29.98059188242985,4.268846822616016,44.63817598498159
40,4848.158505797135,81.01093792831249,-6.733156551408186,33.28744686845812,27.38577792991267,4.268846822616016,44.64797992848648
40,4848.158505797135,81.01093792831249,-6.734379063487296,33.305369563870684,28.08087568208093,4.268846822616016,44.63860733587995
40,4848.158505797135,81.01093792831249,-6.734379964003068,33.28744686845812,26.99450553769296,4.268846822616016,44.638600431925695
40,4833.040493502702,82.59588182266711,-6.893947282706378,25.738131392995093,27.084868432466664,5.847947338640437,44.994351504558104
40,4848.158505797135,81.01093792831249,-6.734379964003068,33.28744686845812,25.83517361955218,4.268846822616016,44.638600431925695
40,4833.040493502702,82.59588182266711,-6.894829891705932,25.921784563974466,26.640707524654907,5.847947338640437,44.987584835561556
40,4848.158505797135,81.01093792831249,-6.758625238354476,33.28744686845812,28.56284504810921,4.332959440986128,44.51683261360172
40,163.06856540849805,150.9475520349412,-10.234413620786754,22.631971835040847,31.180984169540444,44.71714641017526,44.70887792712427
40,163.06856540849805,150.9475520349412,-10.200302592353431,22.631971835040847,31.193838734853742,44.9915188601441,44.70887792712427
40,4848.158505797135,81.01093792831249,-6.734435326647954,39.404890856585496,21.41313282997181,4.268846822616016,44.63817598498159
40,4848.158505797135,81.01093792831249,-6.734379964003068,33.20103287173117,27.007313676459226,4.268846822616016,44.638600431925695
40,163.06856540849805,150.9475520349412,-10.230554070968637,22.631971835040847,31.193838734853742,44.75959085742749,44.70887792712427
40,4833.040493502702,82.59588182266711,-6.893962376610226,25.738131392995093,27.084868432466664,5.847947338640437,44.99423578462863
40,4848.158505797135,81.01093792831249,-6.733156551408186,34.92182394545996,26.73110750414676,4.268846822616016,44.64797992848648
40,163.06856540849805,150.9475520349412,-10.22988620908589,22.631971835040847,31.19379663368081,44.764669030688964,44.68278554072466
40,4848.158505797135,81.01093792831249,-6.732907330441904,33.28744686845812,26.99450553769296,4.268846822616016,44.64989062256129
40,4848.158505797135,81.01093792831249,-6.667488931545705,25.52323776227963,20.4471211440248,4.096019011661207,44.97860386981076
40,163.06856540849805,150.9475520349412,-10.377254691368655,22.631971835040847,32.276099044001654,44.71714641017526,44.70887792712427
40,4833.040493502702,82.59588182266711,-6.894829891705932,25.921784563974466,27.084868432466664,5.847947338640437,44.987584835561556
40,163.06856540849805,150.9475520349412,-10.20051759412835,22.631971835040847,31.193838734853742,44.98987051320299,44.70887792712427
40,4848.158505797135,81.01093792831249,-6.734435326647954,32.4634169707041,21.579764024231288,4.268846822616016,44.63817598498159
40,6416.968118859599,0.0,-9.54691730288908,39.865564712774884,29.97989322091753,23.02702147155091,4.220054127033895
40,4848.158505797135,81.01093792831249,-6.666419825748889,25.522134940288854,30.93552149002862,4.096019011661207,44.986800347586296
40,4848.158505797135,81.01093792831249,-6.734435326647954,39.397776098898994,21.579764024231288,4.268846822616016,44.63817598498159
40,6416.968118859599,0.0,-9.54691730288908,40.52049644253467,30.000756885938777,23.02702147155091,4.220054127033895
40,163.06856540849805,150.9475520349412,-10.247241917573248,22.631971835040847,31.19379663368081,44.63160859895253,43.99775161982059
40,164.90672393087888,139.01642010370028,-10.238585676787316,23.02131630377966,30.92972481194787,44.43390128991174,44.01279510426979
40,163.06856540849805,150.9475520349412,-10.247247409030585,22.631971835040847,31.193838734853742,44.63160859895253,44.70887792712427
40,4848.158505797135,81.01093792831249,-6.733156551408186,34.92182394545996,27.008558714325993,4.268846822616016,44.64797992848648
41,6416.968118859599,0.0,-9.54691730288908,40.63817997678692,30.000756885938777,23.02702147155091,4.220054127033895
41,160.22526847994345,154.84583386320494,-10.510304679186689,23.02131630377966,33.12091926547436,44.54191672504301,44.89918942463482
41,6416.968118859599,0.0,-9.54691730288908,40.52049644253467,30.000756885938777,23.02702147155091,4.220054127033895
41,4579.685006162184,98.81960234357821,-7.456074781157017,27.35068267461004,33.04532145287808,10.035769086865347,44.8725290979948
41,170.4867265520925,111.60452431413084,-10.41221807384921,23.296319550252907,31.205450269724963,43.37844503688101,42.68930623565486
41,4848.158505797135,81.01093792831249,-6.734435326647954,34.3495946644363,21.579764024231288,4.268846822616016,44.63817598498159
41,4848.158505797135,81.01093792831249,-6.734867151404497,33.305369563870684,30.40042277605149,4.268846822616016,44.6348653285148
41,165.29646526070198,122.3321889056761,-10.477094894330406,25.11716623196132,32.86470882454242,44.54031463467596,44.912720370762976
41,4596.396835505529,95.97310283398826,-7.505746032563785,29.450281353071137,32.65826207807815,10.523383886357383,44.97933097003497
41,164.90672393087888,139.01642010370028,-10.224496706987587,23.02131630377966,30.92972481194787,44.54191672504301,44.89918942463482
41,4833.040493502702,82.59588182266711,-6.894829891705932,25.921784563974466,27.084868432466664,5.847947338640437,44.987584835561556
41,170.4867265520925,111.60452431413084,-10.416734205151094,23.296319550252907,31.20540832441634,43.34377941825794,42.73854953515659
41,163.06856540849805,150.9475520349412,-10.22988620908589,22.631971835040847,31.19379663368081,44.764669030688964,43.99775161982059
41,164.90672393087888,139.01642010370028,-10.238585676787316,23.02131630377966,30.92972481194787,44.43390128991174,44.01279510426979
41,4833.040493502702,82.59588182266711,-6.894829891705932,25.93309618988343,26.640707524654907,5.847947338640437,44.987584835561556
41,163.06856540849805,150.9475520349412,-10.315777658323064,22.631971835040847,31.930245553345813,44.84261683953558,44.63792927260004
41,4587.5128095065675,97.53512508928969,-7.5045922369456335,33.05492919032714,28.552404688085335,10.035769086865347,44.500561936948735
41,163.06856540849805,150.9475520349412,-10.20051759412835,22.631971835040847,31.193838734853742,44.98987051320299,44.70887792712427
41,163.06856540849805,150.9475520349412,-10.247241917573248,22.631971835040847,31.19379663368081,44.63160859895253,43.99775161982059
41,163.06856540849805,150.9475520349412,-10.317267522299801,22.631971835040847,31.94166784383407,44.84261683953558,44.27927407078572
41,4848.158505797135,81.01093792831249,-6.734379964003068,33.28744686845812,25.83517361955218,4.268846822616016,44.638600431925695
41,6416.968118859599,0.0,-9.54691730288908,39.865564712774884,29.97989322091753,23.02702147155091,4.220054127033895
41,4848.158505797135,81.01093792831249,-6.734379964003068,33.305369563870684,28.359721041927994,4.268846822616016,44.638600431925695
41,6416.968118859599,0.0,-9.567676785485913,40.52049644253467,25.029101340476537,22.9482472428925,4.300435931617876
41,4833.040493502702,82.59588182266711,-6.893947282706378,25.738131392995093,27.084868432466664,5.847947338640437,44.994351504558104
41,4848.158505797135,81.01093792831249,-6.667488931545705,25.52323776227963,20.4471211440248,4.096019011661207,44.97860386981076
41,163.06856540849805,150.9475520349412,-10.247241917573248,22.631793103511527,31.19379663368081,44.63160859895253,43.99775161982059
41,4848.158505797135,81.01093792831249,-6.733156551408186,34.92182394545996,26.73110750414676,4.268846822616016,44.64797992848648
41,4833.040493502702,82.59588182266711,-6.894829891705932,25.93243165410791,26.640707524654907,5.847947338640437,44.987584835561556
41,4848.158505797135,81.01093792831249,-6.733156551408186,34.92182394545996,27.008558714325993,4.268846822616016,44.64797992848648
41,163.06856540849805,150.9475520349412,-10.22988620908589,22.631971835040847,31.19379663368081,44.764669030688964,44.68278554072466
41,163.06856540849805,150.9475520349412,-10.230554070968637,22.631971835040847,31.193838734853742,44.75959085742749,44.70887792712427
41,4848.158505797135,81.01093792831249,-6.666419825748889,25.522134940288854,30.93552149002862,4.096019011661207,44.986800347586296
41,4833.040493502702,82.59588182266711,-6.893962376610226,25.738131392995093,27.084868432466664,5.847947338640437,44.99423578462863
41,170.4867265520925,111.60452431413084,-10.312188113969796,23.296319550252907,31.205450425589273,44.145341551820835,43.99775161982059
41,4848.158505797135,81.01093792831249,-6.734435326647954,34.58009168335926,21.53272233661734,4.268846822616016,44.63817598498159
41,163.06856540849805,150.9475520349412,-10.200302592353431,22.631971835040847,31.193838734853742,44.9915188601441,44.70887792712427
41,163.06856540849805,150.9475520349412,-10.247247409030585,22.631971835040847,31.193838734853742,44.63160859895253,44.70887792712427
41,4848.158505797135,81.01093792831249,-6.734379964003068,33.28744686845812,26.99450553769296,4.268846822616016,44.638600431925695
41,4848.158505797135,81.01093792831249,-6.732907330441904,33.28744686845812,26.99450553769296,4.268846822616016,44.64989062256129
41,4848.158505797135,81.01093792831249,-6.733156551408186,33.28744686845812,27.38577792991267,4.268846822616016,44.64797992848648
41,4848.158505797135,81.01093792831249,-6.734379964003068,33.20103287173117,27.007313676459226,4.268846822616016,44.638600431925695
41,4848.158505797135,81.01093792831249,-6.734379063487296,33.305369563870684,28.08087568208093,4.268846822616016,44.63860733587995
41,4848.158505797135,81.01093792831249,-6.734435326647954,39.404890856585496,21.41313282997181,4.268846822616016,44.63817598498159
41,4848.158505797135,81.01093792831249,-6.758625238354476,33.28744686845812,28.56284504810921,4.332959440986128,44.51683261360172
41,164.90672393087888,139.01642010370028,-10.228491092115185,23.02131630377966,30.92972481194787,44.51129310573139,44.01279510426979
41,4848.158505797135,81.01093792831249,-6.734435326647954,39.397776098898994,21.579764024231288,4.268846822616016,44.63817598498159
41,4848.158505797135,81.01093792831249,-6.734435326647954,39.47723784873367,29.98059188242985,4.268846822616016,44.63817598498159
42,160.22526847994345,154.84583386320494,-10.510304679186689,23.02131630377966,33.12091926547436,44.54191672504301,44.89918942463482
42,6416.968118859599,0.0,-9.54691730288908,40.63817997678692,28.921913007744646,23.02702147155091,4.220054127033895
42,6416.968118859599,0.0,-9.54691730288908,40.63817997678692,30.000756885938777,23.02702147155091,4.220054127033895
42,4579.685006162183,98.81960234357821,-7.456405487952814,33.52048195138334,33.18278367514043,10.035769086865347,44.869993679227036
42,170.4867265520925,111.60452431413084,-10.312188113969796,23.296319550252907,31.205450425589273,44.145341551820835,43.99775161982059
42,4848.158505797135,81.01093792831249,-6.734435326647954,34.3495946644363,21.579764024231288,4.268846822616016,44.63817598498159
42,4848.158505797135,81.01093792831249,-6.734046592556332,26.07874679780252,36.69836111042699,4.267631671281239,44.63994112834928
42,165.29646526070198,122.3321889056761,-10.477094894330406,25.11716623196132,32.86470882454242,44.54031463467596,44.912720370762976
42,4596.396835505529,95.97310283398826,-7.505746032563785,29.450281353071137,32.65826207807815,10.523383886357383,44.97933097003497
42,164.90672393087888,139.01642010370028,-10.224496706987587,23.02131630377966,30.92972481194787,44.54191672504301,44.89918942463482
42,4833.040493502702,82.59588182266711,-6.893962376610226,25.738131392995093,27.084868432466664,5.847947338640437,44.99423578462863
42,170.4867265520925,111.60452431413084,-10.41221807384921,23.296319550252907,31.205450269724963,43.37844503688101,42.68930623565486
42,163.06856540849805,150.9475520349412,-10.22988620908589,22.631971835040847,31.19379663368081,44.764669030688964,43.99775161982059
42,164.90672393087888,139.01642010370028,-10.2193593170974,23.02131630377966,30.890338156123075,44.54191672504301,42.42342829600014
42,4833.040493502702,82.59588182266711,-6.894829891705932,25.921784563974466,27.084868432466664,5.847947338640437,44.987584835561556
42,163.06856540849805,150.9475520349412,-10.327642408470417,22.631971835040847,32.021208637808826,44.84261683953558,44.600293741615545
42,4587.5128095065675,97.53512508928969,-7.5045922369456335,33.05492919032714,28.552404688085335,10.035769086865347,44.500561936948735
42,6416.968118859599,0.0,-9.54691730288908,40.52049644253467,30.000756885938777,23.02702147155091,4.220054127033895
42,4848.158505797135,81.01093792831249,-6.734379964003068,33.28744686845812,26.99450553769296,4.268846822616016,44.638600431925695
42,4848.158505797135,81.01093792831249,-6.734435326647954,34.58009168335926,21.53272233661734,4.268846822616016,44.63817598498159
42,164.90672393087888,139.01642010370028,-10.238585676787316,23.02131630377966,30.92972481194787,44.43390128991174,44.01279510426979
42,4848.158505797135,81.01093792831249,-6.734379964003068,33.28744686845812,25.83517361955218,4.268846822616016,44.638600431925695
42,163.06856540849805,150.9475520349412,-10.317267522299801,22.631971835040847,31.94166784383407,44.84261683953558,44.27927407078572
42,4833.040493502702,82.59588182266711,-6.893947282706378,25.738131392995093,27.084868432466664,5.847947338640437,44.994351504558104
42,4848.158505797135,81.01093792831249,-6.732907330441904,33.28744686845812,26.99450553769296,4.268846822616016,44.64989062256129
42,164.90672393087888,139.01642010370028,-10.224496706987587,23.02131630377966,30.92972481194787,44.54191672504301,44.82865335333459
42,164.90672393087888,139.01642010370028,-10.228491092115185,23.02131630377966,30.92972481194787,44.51129310573139,44.01279510426979
42,6416.968118859599,0.0,-9.54691730288908,39.865564712774884,29.97989322091753,23.02702147155091,4.220054127033895
42,4833.040493502702,82.59588182266711,-6.894829891705932,25.93309618988343,26.640707524654907,5.847947338640437,44.987584835561556
42,4848.158505797135,81.01093792831249,-6.734435326647954,39.404890856585496,21.41313282997181,4.268846822616016,44.63817598498159
42,4848.158505797135,81.01093792831249,-6.733156551408186,34.92182394545996,27.008558714325993,4.268846822616016,44.64797992848648
42,4848.158505797135,81.01093792831249,-6.734867151404497,33.305369563870684,30.40042277605149,4.268846822616016,44.6348653285148
42,6416.968118859599,0.0,-9.567676785485913,40.52049644253467,25.029101340476537,22.9482472428925,4.300435931617876
42,163.06856540849805,150.9475520349412,-10.20051759412835,22.631971835040847,31.193838734853742,44.98987051320299,44.70887792712427
42,163.06856540849805,150.9475520349412,-10.317267522299801,22.631971835040847,31.94166784383407,44.84261683953558,43.85446170094172
42,4848.158505797135,81.01093792831249,-6.758625238354476,33.28744686845812,28.56284504810921,4.332959440986128,44.51683261360172
42,4848.158505797135,81.01093792831249,-6.734435326647954,39.47723784873367,29.98059188242985,4.268846822616016,44.63817598498159
42,163.06856540849805,150.9475520349412,-10.230554070968637,22.631971835040847,31.193838734853742,44.75959085742749,44.70887792712427
42,163.06856540849805,150.9475520349412,-10.247241917573248,22.631971835040847,31.19379663368081,44.63160859895253,43.99775161982059
42,4848.158505797135,81.01093792831249,-6.733156551408186,33.28744686845812,27.38577792991267,4.268846822616016,44.64797992848648
42,163.06856540849805,150.9475520349412,-10.22988620908589,22.631971835040847,31.19379663368081,44.764669030688964,44.68278554072466
42,4833.040493502702,82.59588182266711,-6.894829891705932,25.93243165410791,26.640707524654907,5.847947338640437,44.987584835561556
42,163.06856540849805,150.9475520349412,-10.200302592353431,22.631971835040847,31.193838734853742,44.9915188601441,44.70887792712427
42,4848.158505797135,81.01093792831249,-6.666419825748889,25.522134940288854,30.93552149002862,4.096019011661207,44.986800347586296
42,4848.158505797135,81.01093792831249,-6.733156551408186,34.92182394545996,26.73110750414676,4.268846822616016,44.64797992848648
42,163.06856540849805,150.9475520349412,-10.247247409030585,22.631971835040847,31.193838734853742,44.63160859895253,44.70887792712427
42,4848.158505797135,81.01093792831249,-6.734435326647954,39.397776098898994,21.579764024231288,4.268846822616016,44.63817598498159
42,170.4867265520925,111.60452431413084,-10.416734205151094,23.296319550252907,31.20540832441634,43.34377941825794,42.73854953515659
43,6416.968118859599,0.0,-9.54691730288908,40.63817997678692,28.921913007744646,23.02702147155091,4.220054127033895
43,6416.968118859599,0.0,-9.567676785485913,40.52049644253467,25.029101340476537,22.9482472428925,4.300435931617876
43,160.22526847994345,154.84583386320494,-10.505810954504355,23.02131630377966,33.08646737624311,44.54191672504301,44.89918942463482
43,160.22526847994345,154.84583386320494,-10.510304679186689,23.02131630377966,33.12091926547436,44.54191672504301,44.89918942463482
43,4579.685006162183,98.81960234357821,-7.456405487952814,33.52048195138334,33.18278367514043,10.035769086865347,44.869993679227036
43,170.4867265520925,111.60452431413084,-10.222934415454468,23.296319550252907,31.221506662554955,44.84567614407064,43.99775161982059
43,4848.158505797135,81.01093792831249,-6.734435326647954,34.3495946644363,21.579764024231288,4.268846822616016,44.63817598498159
43,4848.158505797135,81.01093792831249,-6.734435326647954,42.1889410669681,23.081801250046563,4.268846822616016,44.63817598498159
43,165.29646526070198,122.3321889056761,-10.477094894330406,25.11716623196132,32.86470882454242,44.54031463467596,44.912720370762976
43,4596.396835505529,95.97310283398826,-7.505746032563785,29.450281353071137,32.65826207807815,10.523383886357383,44.97933097003497
43,164.90672393087888,139.01642010370028,-10.224496706987587,23.02131630377966,30.92972481194787,44.54191672504301,44.89918942463482
43,4833.040493502702,82.59588182266711,-6.893941238023714,25.93243165410791,26.64360416915295,5.847947338640437,44.994397847125214
43,170.4867265520925,111.60452431413084,-10.312188113969796,23.296319550252907,31.205450425589273,44.145341551820835,43.99775161982059
43,163.06856540849805,150.9475520349412,-10.22988620908589,22.631971835040847,31.19379663368081,44.764669030688964,43.99775161982059
43,164.90672393087888,139.01642010370028,-10.260427125871416,23.03240903858646,31.210422042930293,44.54714741124943,44.89235736890841
43,4833.040493502702,82.59588182266711,-6.893962376610226,25.738131392995093,27.084868432466664,5.847947338640437,44.99423578462863
43,163.06856540849805,150.9475520349412,-10.5246627762358,22.631971835040847,32.83132661495808,44.14224533048359,44.600293741615545
43,4587.5128095065675,97.53512508928969,-7.5045922369456335,33.05492919032714,28.552404688085335,10.035769086865347,44.500561936948735
43,163.06856540849805,150.9475520349412,-10.247247409030585,22.631971835040847,31.193838734853742,44.63160859895253,44.70887792712427
43,4848.158505797135,81.01093792831249,-6.734867151404497,33.305369563870684,30.40042277605149,4.268846822616016,44.6348653285148
43,4833.040493502702,82.59588182266711,-6.894829891705932,25.921784563974466,27.084868432466664,5.847947338640437,44.987584835561556
43,4848.158505797135,81.01093792831249,-6.733156551408186,34.92182394545996,26.73110750414676,4.268846822616016,44.64797992848648
43,6416.968118859599,0.0,-9.54691730288908,39.865564712774884,29.97989322091753,23.02702147155091,4.220054127033895
43,4848.158505797135,81.01093792831249,-6.734435326647954,34.58009168335926,21.53272233661734,4.268846822616016,44.63817598498159
43,163.06856540849805,150.9475520349412,-10.22988620908589,22.631971835040847,31.19379663368081,44.764669030688964,43.63217606892737
43,6416.968118859599,0.0,-9.54691730288908,40.52049644253467,30.000756885938777,23.02702147155091,4.220054127033895
43,4848.158505797135,81.01093792831249,-6.734379964003068,33.28744686845812,25.83517361955218,4.268846822616016,44.638600431925695
43,4848.158505797135,81.01093792831249,-6.733156551408186,34.92182394545996,27.008558714325993,4.268846822616016,44.64797992848648
43,4848.158505797135,81.01093792831249,-6.734379964003068,33.28744686845812,26.99450553769296,4.268846822616016,44.638600431925695
43,163.06856540849805,150.9475520349412,-10.327642408470417,22.631971835040847,32.021208637808826,44.84261683953558,44.600293741615545
43,4848.158505797135,81.01093792831249,-6.734435326647954,39.404890856585496,21.41313282997181,4.268846822616016,44.63817598498159
43,4848.158505797135,81.01093792831249,-6.732907330441904,33.28744686845812,26.99450553769296,4.268846822616016,44.64989062256129
43,170.4867265520925,111.60452431413084,-10.416734205151094,23.296319550252907,31.20540832441634,43.34377941825794,42.73854953515659
43,4848.158505797135,81.01093792831249,-6.734435326647954,39.397776098898994,21.579764024231288,4.268846822616016,44.63817598498159
43,163.06856540849805,150.9475520349412,-10.22988620908589,22.631971835040847,31.19379663368081,44.764669030688964,44.68278554072466
43,4848.158505797135,81.01093792831249,-6.733868141560674,34.3495946644363,21.579764024231288,4.268846822616016,44.64252440398411
43,4848.158505797135,81.01093792831249,-6.758625238354476,33.28744686845812,28.56284504810921,4.332959440986128,44.51683261360172
43,4848.158505797135,81.01093792831249,-6.733156551408186,33.28744686845812,27.38577792991267,4.268846822616016,44.64797992848648
43,170.4867265520925,111.60452431413084,-10.41221807384921,23.296319550252907,31.205450269724963,43.37844503688101,42.68930623565486
43,163.06856540849805,150.9475520349412,-10.317267522299801,22.631971835040847,31.94166784383407,44.84261683953558,43.85446170094172
43,163.06856540849805,150.9475520349412,-10.230554070968637,22.631971835040847,31.193838734853742,44.75959085742749,44.70887792712427
43,164.90672393087888,139.01642010370028,-10.2193593170974,23.02131630377966,30.890338156123075,44.54191672504301,42.42342829600014
43,4848.158505797135,81.01093792831249,-6.734435326647954,39.27148235665776,21.630803267130293,4.268846822616016,44.63817598498159
43,4848.158505797135,81.01093792831249,-6.666419825748889,25.522134940288854,30.93552149002862,4.096019011661207,44.986800347586296
43,4848.158505797135,81.01093792831249,-6.734435326647954,39.47723784873367,29.98059188242985,4.268846822616016,44.63817598498159
43,4848.158505797135,81.01093792831249,-6.734379964003068,34.491065479171645,26.99450553769296,4.268846822616016,44.638600431925695
43,4848.158505797135,81.01093792831249,-6.759870147361774,33.28744686845812,28.83163688764914,4.332959440986128,44.507288311212456
43,163.06856540849805,150.9475520349412,-10.247241917573248,22.631971835040847,31.19379663368081,44.63160859895253,43.99775161982059
44,6416.968118859599,0.0,-9.54691730288908,40.63817997678692,28.921913007744646,23.02702147155091,4.220054127033895
44,160.22526847994345,154.84583386320494,-10.505810954504355,23.02131630377966,33.08646737624311,44.54191672504301,44.89918942463482
44,160.22526847994345,154.84583386320494,-10.510304679186689,23.02131630377966,33.12091926547436,44.54191672504301,44.89918942463482
44,6416.968118859599,0.0,-9.54691730288908,40.52049644253467,30.000756885938777,23.02702147155091,4.220054127033895
44,4579.685006162183,98.81960234357821,-7.456405487952814,33.52048195138334,33.18278367514043,10.035769086865347,44.869993679227036
44,170.4867265520925,111.60452431413084,-10.41221807384921,23.296319550252907,31.205450269724963,43.37844503688101,42.68930623565486
44,4848.158505797135,81.01093792831249,-6.734435326647954,34.3495946644363,21.579764024231288,4.268846822616016,44.63817598498159
44,4848.158505797135,81.01093792831249,-6.734460916910066,34.17225200772815,22.448483027431585,4.268846822616016,44.63797979297206
44,165.29646526070198,122.3321889056761,-10.477094894330406,25.11716623196132,32.86470882454242,44.54031463467596,44.912720370762976
44,4596.396835505529,95.97310283398826,-7.505746032563785,29.450281353071137,32.65826207807815,10.523383886357383,44.97933097003497
44,164.90672393087888,139.01642010370028,-10.224496706987587,23.02131630377966,30.92972481194787,44.54191672504301,44.89918942463482
44,4833.040493502702,82.59588182266711,-6.894829891705932,25.921784563974466,27.084868432466664,5.847947338640437,44.987584835561556
44,170.4867265520925,111.60452431413084,-10.222934415454468,23.296319550252907,31.221506662554955,44.84567614407064,43.99775161982059
44,163.06856540849805,150.9475520349412,-10.22988620908589,22.631971835040847,31.19379663368081,44.764669030688964,43.99775161982059
44,164.90672393087888,139.01642010370028,-10.2193593170974,23.02131630377966,30.890338156123075,44.54191672504301,42.42342829600014
44,4833.040493502702,82.59588182266711,-6.893941238023714,25.93243165410791,26.64360416915295,5.847947338640437,44.994397847125214
44,163.06856540849805,150.9475520349412,-10.220780355387127,22.631971835040847,31.1173939119929,44.75807785402489,44.766810062733796
44,4587.5128095065675,97.53512508928969,-7.5045922369456335,33.05492919032714,28.552404688085335,10.035769086865347,44.500561936948735
44,6416.968118859599,0.0,-9.567676785485913,40.52049644253467,25.029101340476537,22.9482472428925,4.300435931617876
44,163.06856540849805,150.9475520349412,-10.230554070968637,22.631971835040847,31.193838734853742,44.75959085742749,44.70887792712427
44,4848.158505797135,81.01093792831249,-6.734435326647954,39.404890856585496,21.41313282997181,4.268846822616016,44.63817598498159
44,170.4867265520925,111.60452431413084,-10.312188113969796,23.296319550252907,31.205450425589273,44.145341551820835,43.99775161982059
44,4848.158505797135,81.01093792831249,-6.734435326647954,39.27148235665776,21.630803267130293,4.268846822616016,44.63817598498159
44,4848.158505797135,81.01093792831249,-6.733868141560674,34.3495946644363,21.579764024231288,4.268846822616016,44.64252440398411
44,4848.158505797135,81.01093792831249,-6.732907330441904,33.28744686845812,26.99450553769296,4.268846822616016,44.64989062256129
44,163.06856540849805,150.9475520349412,-10.327642408470417,22.631971835040847,32.021208637808826,44.84261683953558,44.600293741615545
44,4848.158505797135,81.01093792831249,-6.733156551408186,34.92182394545996,27.008558714325993,4.268846822616016,44.64797992848648
44,4848.158505797135,81.01093792831249,-6.734435326647954,42.1889410669681,23.081801250046563,4.268846822616016,44.63817598498159
44,163.06856540849805,150.9475520349412,-10.247241917573248,22.631971835040847,31.19379663368081,44.63160859895253,43.99775161982059
44,163.06856540849805,150.9475520349412,-10.22988620908589,22.631971835040847,31.19379663368081,44.764669030688964,43.63217606892737
44,170.4867265520925,111.60452431413084,-10.416734205151094,23.296319550252907,31.20540832441634,43.34377941825794,42.73854953515659
44,4848.158505797135,81.01093792831249,-6.734867151404497,33.305369563870684,30.40042277605149,4.268846822616016,44.6348653285148
44,4848.158505797135,81.01093792831249,-6.758625238354476,33.28744686845812,28.56284504810921,4.332959440986128,44.51683261360172
44,4848.158505797135,81.01093792831249,-6.733156551408186,33.28744686845812,27.38577792991267,4.268846822616016,44.64797992848648
44,163.06856540849805,150.9475520349412,-10.22988620908589,22.631971835040847,31.19379663368081,44.764669030688964,44.68278554072466
44,163.06856540849805,150.9475520349412,-10.317267522299801,22.631971835040847,31.94166784383407,44.84261683953558,43.85446170094172
44,4848.158505797135,81.01093792831249,-6.734435326647954,39.47723784873367,29.98059188242985,4.268846822616016,44.63817598498159
44,4848.158505797135,81.01093792831249,-6.734379964003068,34.491065479171645,26.99450553769296,4.268846822616016,44.638600431925695
44,163.06856540849805,150.9475520349412,-10.5246627762358,22.631971835040847,32.83132661495808,44.14224533048359,44.600293741615545
44,163.06856540849805,150.9475520349412,-10.247247409030585,22.631971835040847,31.193838734853742,44.63160859895253,44.70887792712427
44,4848.158505797135,81.01093792831249,-6.734900079140296,33.28710510176731,28.577690091269922,4.268846822616016,44.634612882540374
44,4848.158505797135,81.01093792831249,-6.666419825748889,25.522134940288854,30.93552149002862,4.096019011661207,44.986800347586296
44,4848.158505797135,81.01093792831249,-6.734379964003068,33.28744686845812,25.83517361955218,4.268846822616016,44.638600431925695
44,4848.158505797135,81.01093792831249,-6.734435326647954,34.58009168335926,21.53272233661734,4.268846822616016,44.63817598498159
44,4848.158505797135,81.01093792831249,-6.733156551408186,34.92182394545996,26.73110750414676,4.268846822616016,44.64797992848648
44,164.90672393087888,139.01642010370028,-10.260427125871416,23.03240903858646,31.210422042930293,44.54714741124943,44.89235736890841
44,6416.968118859599,0.0,-9.54691730288908,39.865564712774884,29.97989322091753,23.02702147155091,4.220054127033895
44,4848.158505797135,81.01093792831249,-6.759870147361774,33.28744686845812,28.83163688764914,4.332959440986128,44.507288311212456
45,6416.968118859599,0.0,-9.54691730288908,40.63817997678692,28.921913007744646,23.02702147155091,4.220054127033895
45,6416.968118859599,0.0,-9.54691730288908,40.52049644253467,30.000756885938777,23.02702147155091,4.220054127033895
45,4579.685006162183,98.81960234357821,-7.456405487952814,33.52048195138334,33.18278367514043,10.035769086865347,44.869993679227036
45,170.4867265520925,111.60452431413084,-10.41221807384921,23.296319550252907,31.205450269724963,43.37844503688101,42.68930623565486
45,4848.158505797135,81.01093792831249,-6.734435326647954,34.3495946644363,21.579764024231288,4.268846822616016,44.63817598498159
45,4848.158505797135,81.01093792831249,-6.734460916910066,34.17225200772815,22.448483027431585,4.268846822616016,44.63797979297206
45,4596.396835505529,95.97310283398826,-7.505746032563785,29.450281353071137,32.65826207807815,10.523383886357383,44.97933097003497
45,4833.040493502702,82.59588182266711,-6.894829891705932,25.921784563974466,27.084868432466664,5.847947338640437,44.987584835561556
45,170.4867265520925,111.60452431413084,-10.222934415454468,23.296319550252907,31.221506662554955,44.84567614407064,43.99775161982059
45,4833.040493502702,82.59588182266711,-6.893941238023714,25.93243165410791,26.64360416915295,5.847947338640437,44.994397847125214
45,4587.5128095065675,97.53512508928969,-7.5045922369456335,33.05492919032714,28.552404688085335,10.035769086865347,44.500561936948735
45,6416.968118859599,0.0,-9.567676785485913,40.52049644253467,25.029101340476537,22.9482472428925,4.300435931617876
45,4848.158505797135,81.01093792831249,-6.734435326647954,39.404890856585496,21.41313282997181,4.268846822616016,44.63817598498159
45,170.4867265520925,111.60452431413084,-10.312188113969796,23.296319550252907,31.205450425589273,44.145341551820835,43.99775161982059
45,4848.158505797135,81.01093792831249,-6.734435326647954,39.27148235665776,21.630803267130293,4.268846822616016,44.63817598498159
45,4848.158505797135,81.01093792831249,-6.733868141560674,34.3495946644363,21.579764024231288,4.268846822616016,44.64252440398411
45,4848.158505797135,81.01093792831249,-6.732907330441904,33.28744686845812,26.99450553769296,4.268846822616016,44.64989062256129
45,4848.158505797135,81.01093792831249,-6.733156551408186,34.92182394545996,27.008558714325993,4.268846822616016,44.64797992848648
45,4848.158505797135,81.01093792831249,-6.734435326647954,42.1889410669681,23.081801250046563,4.268846822616016,44.63817598498159
45,170.4867265520925,111.60452431413084,-10.416734205151094,23.296319550252907,31.20540832441634,43.34377941825794,42.73854953515659
45,4848.158505797135,81.01093792831249,-6.734867151404497,33.305369563870684,30.40042277605149,4.268846822616016,44.6348653285148
45,4848.158505797135,81.01093792831249,-6.758625238354476,33.28744686845812,28.56284504810921,4.332959440986128,44.51683261360172
45,4848.158505797135,81.01093792831249,-6.733156551408186,33.28744686845812,27.38577792991267,4.268846822616016,44.64797992848648
45,4848.158505797135,81.01093792831249,-6.734435326647954,39.47723784873367,29.98059188242985,4.268846822616016,44.63817598498159
45,4848.158505797135,81.01093792831249,-6.734379964003068,34.491065479171645,26.99450553769296,4.268846822616016,44.638600431925695
45,4848.158505797135,81.01093792831249,-6.734900079140296,33.28710510176731,28.577690091269922,4.268846822616016,44.634612882540374
45,4848.158505797135,81.01093792831249,-6.666419825748889,25.522134940288854,30.93552149002862,4.096019011661207,44.986800347586296
45,4848.158505797135,81.01093792831249,-6.734379964003068,33.28744686845812,25.83517361955218,4.268846822616016,44.638600431925695
45,4848.158505797135,81.01093792831249,-6.734435326647954,34.58009168335926,21.53272233661734,4.268846822616016,44.63817598498159
45,4848.158505797135,81.01093792831249,-6.733156551408186,34.92182394545996,26.73110750414676,4.268846822616016,44.64797992848648
45,6416.968118859599,0.0,-9.54691730288908,39.865564712774884,29.97989322091753,23.02702147155091,4.220054127033895
45,4848.158505797135,81.01093792831249,-6.759870147361774,33.28744686845812,28.83163688764914,4.332959440986128,44.507288311212456
45,4848.158505797135,81.01093792831249,-6.734435326647954,34.58009168335926,22.934366910226114,4.268846822616016,44.63817598498159
45,164.90672393087888,121.44084769960182,-10.218429258139203,23.10354814379373,30.883289796331017,44.541998817263746,42.42342829600014
45,170.4867265520925,111.60452431413084,-10.260483316968724,23.296319550252907,31.221506662554955,44.55780123246136,43.99775161982059
45,160.22526847994345,122.35157505748188,-10.510304679186689,23.08434684407554,33.12091926547436,44.54191672504301,41.41595533276943
45,160.22526847994345,154.84583386320494,-10.511336979590602,23.024746430238377,33.12883356857097,44.54191672504301,44.89918942463482
45,160.22526847994345,154.84583386320494,-10.505810954504355,23.02131630377966,33.08646737624311,44.54191672504301,44.89918942463482
45,6416.968118859602,0.0,-6.711956244594919,23.604468029374562,29.97989322091753,44.88333499540122,4.341666203962356
45,6416.968118859602,0.0,-6.933257858681291,40.52049644253467,30.000756885938777,43.06507721047724,4.220054127033895
45,181.24310658351493,118.30729640399471,-10.478024953288589,25.034934391947246,32.871757184334484,44.54023254245523,44.912720370762976
45,4580.870627728308,98.81960234357821,-7.446775880366957,30.14643848017297,33.18278367514043,10.035769086865347,44.94382067071859
45,4848.158505797136,81.01093792831249,-6.734418365995012,34.339404875643815,26.99484010167235,4.268846822616016,44.638306016654205
45,165.29646526070198,122.3321889056761,-10.477094894330406,25.11716623196132,32.86470882454242,44.54031463467596,44.912720370762976
45,4833.040493502703,92.06594040233693,-6.961157533078364,34.93201373425246,21.593482636884932,6.0167243170813824,44.64784989681386
45,164.90672393087888,139.01642010370028,-10.224496706987587,23.02131630377966,30.92972481194787,44.54191672504301,44.89918942463482
45,4587.512809506569,97.53512508928969,-7.507782592290837,33.05492919032714,33.14935625332796,10.035769086865347,44.47610254596885
45,163.06856540849805,150.9475520349412,-10.22988620908589,22.631971835040847,31.19379663368081,44.764669030688964,43.99775161982059
46,6416.968118859599,0.0,-9.54691730288908,40.63817997678692,28.921913007744646,23.02702147155091,4.220054127033895
46,6416.968118859599,0.0,-9.54691730288908,40.52049644253467,30.000756885938777,23.02702147155091,4.220054127033895
46,4579.685006162183,98.81960234357821,-7.456405487952814,33.52048195138334,33.18278367514043,10.035769086865347,44.869993679227036
46,170.4867265520925,111.60452431413084,-10.41221807384921,23.296319550252907,31.205450269724963,43.37844503688101,42.68930623565486
46,4848.158505797135,81.01093792831249,-6.734435326647954,34.3495946644363,21.579764024231288,4.268846822616016,44.63817598498159
46,4848.158505797135,81.01093792831249,-6.734460916910066,34.17225200772815,22.448483027431585,4.268846822616016,44.63797979297206
46,4596.396835505529,95.97310283398826,-7.505746032563785,29.450281353071137,32.65826207807815,10.523383886357383,44.97933097003497
46,4833.040493502702,82.59588182266711,-6.894829891705932,25.921784563974466,27.084868432466664,5.847947338640437,44.987584835561556
46,170.4867265520925,111.60452431413084,-10.222934415454468,23.296319550252907,31.221506662554955,44.84567614407064,43.99775161982059
46,4833.040493502702,82.59588182266711,-6.893941238023714,25.93243165410791,26.64360416915295,5.847947338640437,44.994397847125214
46,4587.5128095065675,97.53512508928969,-7.5045922369456335,33.05492919032714,28.552404688085335,10.035769086865347,44.500561936948735
46,6416.968118859599,0.0,-9.567676785485913,40.52049644253467,25.029101340476537,22.9482472428925,4.300435931617876
46,4848.158505797135,81.01093792831249,-6.734435326647954,39.404890856585496,21.41313282997181,4.268846822616016,44.63817598498159
46,170.4867265520925,111.60452431413084,-10.312188113969796,23.296319550252907,31.205450425589273,44.145341551820835,43.99775161982059
46,4848.158505797135,81.01093792831249,-6.734435326647954,39.27148235665776,21.630803267130293,4.268846822616016,44.63817598498159
46,4848.158505797135,81.01093792831249,-6.733868141560674,34.3495946644363,21.579764024231288,4.268846822616016,44.64252440398411
46,4848.158505797135,81.01093792831249,-6.732907330441904,33.28744686845812,26.99450553769296,4.268846822616016,44.64989062256129
46,4848.158505797135,81.01093792831249,-6.733156551408186,34.92182394545996,27.008558714325993,4.268846822616016,44.64797992848648
46,4848.158505797135,81.01093792831249,-6.734435326647954,42.1889410669681,23.081801250046563,4.268846822616016,44.63817598498159
46,170.4867265520925,111.60452431413084,-10.416734205151094,23.296319550252907,31.20540832441634,43.34377941825794,42.73854953515659
46,4848.158505797135,81.01093792831249,-6.734867151404497,33.305369563870684,30.40042277605149,4.268846822616016,44.6348653285148
46,4848.158505797135,81.01093792831249,-6.758625238354476,33.28744686845812,28.56284504810921,4.332959440986128,44.51683261360172
46,4848.158505797135,81.01093792831249,-6.733156551408186,33.28744686845812,27.38577792991267,4.268846822616016,44.64797992848648
46,4848.158505797135,81.01093792831249,-6.734435326647954,39.47723784873367,29.98059188242985,4.268846822616016,44.63817598498159
46,4848.158505797135,81.01093792831249,-6.734379964003068,34.491065479171645,26.99450553769296,4.268846822616016,44.638600431925695
46,4848.158505797135,81.01093792831249,-6.734900079140296,33.28710510176731,28.577690091269922,4.268846822616016,44.634612882540374
46,4848.158505797135,81.01093792831249,-6.666419825748889,25.522134940288854,30.93552149002862,4.096019011661207,44.986800347586296
46,4848.158505797135,81.01093792831249,-6.734379964003068,33.28744686845812,25.83517361955218,4.268846822616016,44.638600431925695
46,4848.158505797135,81.01093792831249,-6.734435326647954,34.58009168335926,21.53272233661734,4.268846822616016,44.63817598498159
46,4848.158505797135,81.01093792831249,-6.733156551408186,34.92182394545996,26.73110750414676,4.268846822616016,44.64797992848648
46,6416.968118859599,0.0,-9.54691730288908,39.865564712774884,29.97989322091753,23.02702147155091,4.220054127033895
46,4848.158505797135,81.01093792831249,-6.759870147361774,33.28744686845812,28.83163688764914,4.332959440986128,44.507288311212456
46,4848.158505797135,81.01093792831249,-6.734435326647954,34.58009168335926,22.934366910226114,4.268846822616016,44.63817598498159
46,164.90672393087888,121.44084769960182,-10.218429258139203,23.10354814379373,30.883289796331017,44.541998817263746,42.42342829600014
46,170.4867265520925,111.60452431413084,-10.260483316968724,23.296319550252907,31.221506662554955,44.55780123246136,43.99775161982059
46,160.22526847994345,122.35157505748188,-10.510304679186689,23.08434684407554,33.12091926547436,44.54191672504301,41.41595533276943
46,164.90672393087888,121.44084769960182,-10.25987176833656,23.10354814379373,30.883289796331017,44.22427290575071,42.42342829600014
46,4579.685006162183,98.81960234357821,-7.456351557494241,33.52048195138334,33.18278367514043,10.035769086865347,44.8704071460761
46,4848.158505797135,81.01093792831249,-6.733156551408186,34.92182394545996,26.94112798836703,4.268846822616016,44.64797992848648
46,4848.158505797135,81.01093792831249,-6.734435326647954,34.58009168335926,23.001797636185074,4.268846822616016,44.63817598498159
46,160.22526847994345,154.84583386320494,-10.511336979590602,23.024746430238377,33.12883356857097,44.54191672504301,44.89918942463482
46,6416.9681188596005,0.0,-9.54691730288908,37.9680685130162,28.921913007744646,23.02702147155091,4.220054127033895
46,160.22526847994345,154.84583386320494,-10.505810954504355,22.95395439544456,33.08646737624311,44.54191672504301,44.898202582547185
46,170.4867265520925,115.2511162084933,-10.224496706987587,23.234717606742215,30.92972481194787,44.54191672504301,44.68900908926028
46,4580.870627728307,98.81960234357821,-7.446775880366957,29.862725715506397,33.18278367514043,10.035769086865347,44.94382067071859
46,4848.158505797136,81.01093792831249,-6.734418365995012,34.339404875643815,26.99484010167235,4.268846822616016,44.638306016654205
46,4848.158505797136,81.01093792831249,-6.733887104896425,37.399653432705904,21.37398449995176,4.268846822616016,44.642379018409954
46,164.90672393087888,139.01642010370028,-10.224496706987587,23.02131630377966,30.92972481194787,44.54191672504301,44.89918942463482
