generation,l_max_kg_per_m,s_max_kg_per_m,constraint,x_00,x_01,x_02,x_03,source,design,mean_ssci,mean_input_snow_kg_per_m,mean_total_shed_kg_per_m,mean_event_count,mean_event_mass_kg_per_m,median_event_mass_kg_per_m,mean_kinetic_energy_proxy_j_per_m,mean_time_above_intervention_h,mean_manual_triggers,mean_residual_mass_kg_per_m,maximum_snow_depth_m,max_abs_mass_balance_error_kg_per_m,slope_total_variation_deg,surface_total_variation,slope_transition_count,surface_transition_count
22,159.67537858397307,122.35157505748188,-9.318287918280715,23.173300575200944,33.34886192893657,44.99736176441444,24.437569137899985,geometry_seed_4517_pareto,geometry_knee,0.021698426668261866,3689.7566881589555,3631.4549921116304,63.0,54.91831935042851,54.23469597137901,107664.70741910038,0.0,0.0,28.12325064644042,0.5733343134538045,2.000177801164682e-12,41.37094078655598,0.0,23,0
23,159.67537858397307,122.35157505748188,-9.334974245499922,23.173300575200944,33.34886192893657,44.86943325573388,24.437569137899985,geometry_seed_4517_pareto,geometry_knee,0.02170289749637667,3689.7566881589555,3631.4549921116304,63.0,54.91831935042851,54.55106010764532,107482.01657150449,0.0,0.0,28.12325064644042,0.5733343134538045,2.000177801164682e-12,41.12620798734099,0.0,23,0
24,159.67537858397307,122.35157505748188,-9.334974245499922,23.14426463405427,33.34886192893657,44.86943325573388,24.437569137899985,geometry_seed_4517_pareto,geometry_knee,0.021713620929789273,3689.7566881589555,3626.4787210019417,62.666666666666664,55.088009810502136,54.72124767491852,107297.85172193858,0.0,0.0,33.07931969584488,0.5733343134538045,2.5934809855243657e-12,41.155243928487664,0.0,23,0
24,159.67537858397307,122.35157505748188,-8.815290210309307,23.173300575200944,33.07112179131938,44.99736176441444,20.58125337678584,geometry_seed_4517_pareto,geometry_knee,0.022605879360727745,3689.7566881589555,3623.9289992470167,57.666666666666664,60.176401828573994,56.60216550733322,103649.84775580249,0.0,0.0,32.78396987798053,0.7642892500912399,2.3590018827235326e-12,45.20310523135558,0.0,23,0
26,159.67537858397307,122.35157505748188,-9.345880515137324,23.173300575200944,33.34886192893657,44.78581852184711,24.437569137899985,geometry_seed_4517_pareto,geometry_knee,0.02170316786780625,3689.7566881589555,3631.4549921116304,63.0,54.91831935042851,54.55106010764532,107362.51250096921,0.0,0.0,28.12325064644042,0.5733343134538045,2.000177801164682e-12,40.96624936599237,0.0,23,0
27,159.67537858397307,122.35157505748188,-10.496949649947156,23.173300575200944,33.34886192893657,44.87224794600835,40.59539721003679,geometry_seed_4517_pareto,geometry_knee,0.021680698520895308,3689.7566881589555,3631.4549921116304,65.0,53.683694424891165,53.6551898878295,120974.68210742141,0.0,0.0,28.12325064644042,0.5733343134538045,2.000177801164682e-12,25.231997978783905,0.0,23,0
27,159.67537858397307,122.35157505748188,-9.319595849954066,23.173300575200944,33.35596731542857,44.987334288252114,24.437569137899985,geometry_seed_4517_pareto,geometry_knee,0.021698426668261866,3689.7566881589555,3631.4549921116304,63.0,54.91831935042851,54.23469597137901,107661.04056702573,0.0,0.0,28.12325064644042,0.5733343134538045,2.000177801164682e-12,41.35237564837517,0.0,23,0
29,159.67537858397307,122.35157505748188,-8.963475636463194,23.155390735607885,33.07112179131938,44.99010608257282,21.71008596212406,geometry_seed_4517_pareto,geometry_knee,0.022314956115246184,3689.7566881589555,3623.6706611341137,59.333333333333336,58.39298964851391,55.13797664418388,104611.72411298472,0.0,0.0,32.77742337686491,0.6092997927081808,2.1813661987835076e-12,44.07830205078297,0.0,23,0
29,159.67537858397307,122.35157505748188,-9.13542918304598,23.173300575200944,33.4277318314403,44.987334288252114,23.02562469160468,geometry_seed_4517_pareto,geometry_knee,0.021924147627351964,3689.7566881589555,3626.8038087440586,61.333333333333336,56.49205791533677,55.11350396709141,106391.52870784386,0.0,0.0,29.915543300864176,0.5733343134538045,2.1813661987835076e-12,42.77056048736715,0.0,23,0
29,159.67537858397307,122.35157505748188,-10.481772369373497,23.173300575200944,33.34886192893657,44.98860709707309,44.77441902158219,geometry_seed_4517_pareto,geometry_knee,0.021487708045419347,3689.7566881589555,3631.4549921116304,65.66666666666667,53.17486324477672,52.24703045498018,124410.63977413923,0.0,0.0,28.12325064644042,0.5733343134538045,2.000177801164682e-12,21.992244497277678,0.0,23,0
30,159.67537858397307,122.35157505748188,-10.481772369373497,23.173300575200944,33.34886192893657,44.98860709707309,44.98954055749334,geometry_seed_4517_pareto,geometry_knee,0.021487708045419347,3689.7566881589555,3631.4549921116304,65.66666666666667,53.17486324477672,52.24703045498018,124576.2797427919,0.0,0.0,28.12325064644042,0.5733343134538045,2.000177801164682e-12,21.816239982292398,0.0,23,0
30,159.67537858397307,122.35157505748188,-10.4881766318111,23.174307671808307,33.398061801779214,44.98870762456076,44.06288682688717,geometry_seed_4517_pareto,geometry_knee,0.021517707360287172,3689.7566881589555,3631.4549921116304,65.33333333333333,53.491512243085815,52.50649649385386,123933.68072988743,0.0,0.0,28.12325064644042,0.5733343134538045,2.000177801164682e-12,22.579208437787152,0.0,23,0
30,159.67537858397307,122.35157505748188,-9.322028990232546,23.172921417724485,33.35243363964258,44.987310947181946,24.456199872298203,geometry_seed_4517_pareto,geometry_knee,0.021698426668261866,3689.7566881589555,3631.4549921116304,63.0,54.91831935042851,54.23469597137901,107671.54488744063,0.0,0.0,28.12325064644042,0.5733343134538045,2.000177801164682e-12,41.33377214281606,0.0,23,0
30,159.67537858397307,122.35157505748188,-9.534279295402406,23.143684695373352,33.20184319528536,44.9788120189265,26.0749532836783,geometry_seed_4517_pareto,geometry_knee,0.021675880105252742,3689.7566881589555,3626.485054150471,63.666666666666664,54.44127172315162,53.531963823725825,108669.87223300982,0.0,0.0,33.07931969584488,0.5733343134538045,2.000177801164682e-12,39.71490181326733,0.0,23,0
31,159.67537858397307,122.35157505748188,-10.481772369373497,23.168947086673302,33.34886192893657,44.98860709707309,44.278558012971,geometry_seed_4517_pareto,geometry_knee,0.021487708045419347,3689.7566881589555,3631.4549921116304,65.66666666666667,53.17486324477672,52.24703045498018,124023.86654604186,0.0,0.0,28.12325064644042,0.5733343134538045,2.000177801164682e-12,22.40622229726674,0.0,23,0
31,159.67537858397307,122.35157505748188,-10.48171964218215,23.173300575200944,33.34886192893657,44.98901133887342,44.93378346034444,geometry_seed_4517_pareto,geometry_knee,0.021487708045419347,3689.7566881589555,3631.4549921116304,65.66666666666667,53.17486324477672,52.24703045498018,124533.9340435088,0.0,0.0,28.12325064644042,0.5733343134538045,2.000177801164682e-12,21.861333793761627,0.0,23,0
31,159.67537858397307,122.35157505748188,-10.480879807508371,23.173300575200944,33.34886192893657,44.99545007137237,44.98954055749334,geometry_seed_4517_pareto,geometry_knee,0.021487708045419347,3689.7566881589555,3631.4549921116304,65.66666666666667,53.17486324477672,52.24703045498018,124585.73597084236,0.0,0.0,28.12325064644042,0.5733343134538045,2.000177801164682e-12,21.82703126850627,0.0,23,0
31,159.67537858397307,122.35157505748188,-9.672901098821884,23.15855839272802,33.365699757027734,44.78581852184711,26.94472694614829,geometry_seed_4517_pareto,geometry_knee,0.02172383081648503,3689.7566881589555,3631.4549921116304,64.33333333333333,54.20941512445703,53.03312367306345,109539.34652698657,0.0,0.0,28.12325064644042,0.5733343134538045,2.000177801164682e-12,38.475297899181456,0.0,23,0
32,159.67537858397307,122.35157505748188,-10.480925909861668,23.14537659919897,33.34886192893657,44.99509661999709,44.98365755489734,geometry_seed_4517_pareto,geometry_knee,0.02149830601002645,3689.7566881589555,3626.4787210019417,65.33333333333333,53.31965236839455,53.00512717766015,124374.64208416834,0.0,0.0,33.07931969584488,0.5733343134538045,2.5934809855243657e-12,21.859169683271837,0.0,23,0
33,159.67537858397307,122.35157505748188,-9.262531184455211,23.14680151857955,33.35596731542857,44.98803524035161,24.00077432117496,geometry_seed_4517_pareto,geometry_knee,0.021704605055653303,3689.7566881589555,3631.454490714405,62.666666666666664,55.138775857931,54.40488353865222,107252.23427244218,0.0,0.0,28.12325064644042,0.5733343134538045,2.000177801164682e-12,41.817010473564096,0.0,23,0
34,159.67537858397307,122.35157505748188,-10.47813075330992,23.147498790467072,33.3273676176302,44.99503184225411,44.47729050250928,geometry_seed_4517_pareto,geometry_knee,0.021476831519781952,3689.7566881589555,3631.4549921116304,65.66666666666667,53.17486324477672,52.716528819285905,124139.62000661145,0.0,0.0,28.12325064644042,0.5733343134538045,2.000177801164682e-12,22.275232419402325,0.0,23,0
34,159.67537858397307,122.35157505748188,-10.479574854080049,23.144272090086787,33.338505127822344,44.9950979132086,36.0647819656904,geometry_seed_4517_pareto,geometry_knee,0.02167132619504233,3689.7566881589555,3626.4787210019417,64.66666666666667,53.83172365721498,52.90599493577463,117278.17913154967,0.0,0.0,33.07931969584488,0.5733343134538045,2.5934809855243657e-12,29.76752500669339,0.0,23,0
35,159.67537858397307,122.35157505748188,-8.893217185904849,23.155390735607885,33.158034791799274,44.99010608257282,21.17143784117672,geometry_seed_4517_pareto,geometry_knee,0.022264302313995038,3689.7566881589555,3621.569199521467,59.333333333333336,58.345229157317384,55.189883180947355,104205.14671660808,0.0,0.0,34.87888498951186,0.659203496479454,2.1813661987835076e-12,44.62450782394595,0.0,23,0
35,159.67537858397307,122.35157505748188,-10.47814509744952,23.147641944877087,33.3273676176302,44.9949218705172,40.8224945173761,geometry_seed_4517_pareto,geometry_knee,0.02165740073684279,3689.7566881589555,3631.4549921116304,65.33333333333333,53.491512243085815,53.07000922306688,121276.00264976035,0.0,0.0,28.12325064644042,0.5733343134538045,2.000177801164682e-12,25.2940677391045,0.0,23,0
35,159.67537858397307,122.35157505748188,-10.463847829806753,23.143684695373352,33.20184319528536,44.97900983343355,44.54477451739196,geometry_seed_4517_pareto,geometry_knee,0.02148302346938528,3689.7566881589555,3626.485054150471,65.33333333333333,53.31971268409484,52.78142095502164,123811.81911373795,0.0,0.0,33.07931969584488,0.5733343134538045,2.000177801164682e-12,22.19404126870326,0.0,23,0
35,159.67537858397307,122.35157505748188,-10.468318758355466,23.14429634423198,33.253746321119614,44.99663584039434,42.936283134615095,geometry_seed_4517_pareto,geometry_knee,0.021651027735467367,3689.7566881589555,3626.478721001941,65.0,53.63630136670364,53.13490135880263,122652.31348787986,0.0,0.0,33.07931969584488,0.5733343134538045,2.000177801164682e-12,23.55436999224086,0.0,23,0
35,159.67537858397307,122.35157505748188,-9.31683744806964,23.14440992359537,33.34886192893657,44.99843038451503,24.42751748638232,geometry_seed_4517_pareto,geometry_knee,0.02170916540676025,3689.7566881589555,3626.4787210019417,62.666666666666664,55.088009810502136,54.40488353865222,107473.23840905442,0.0,0.0,33.07931969584488,0.5733343134538045,2.5934809855243657e-12,41.411927406393374,0.0,23,0
35,159.67537858397307,122.35157505748188,-8.852144927688848,23.17329905999436,33.35596731542857,44.98767446699989,20.85411891261443,geometry_seed_4517_pareto,geometry_knee,0.022288038729894096,3689.7566881589555,3621.5628663729367,59.333333333333336,58.34516249259601,56.07583711979387,104212.08141718386,0.0,0.0,34.885218138041665,0.7090232076818331,2.1813661987835076e-12,44.936478165602175,0.0,23,0
36,159.67537858397307,122.35157505748188,-9.303573218055472,23.137005062195275,33.34886192893657,44.99736176441444,24.32475643617312,geometry_seed_4517_pareto,geometry_knee,0.02169599309849494,3689.7566881589555,3626.4787210019417,62.333333333333336,55.31250080696583,54.575071105925424,107366.93054336926,0.0,0.0,33.07931969584488,0.5733343134538045,2.5934809855243657e-12,41.520049001288506,0.0,23,0
36,159.67537858397307,122.35157505748188,-8.850738198578483,23.173573064447087,33.35497140846394,44.99845939017934,20.85411891261443,geometry_seed_4517_pareto,geometry_knee,0.022288038729894096,3689.7566881589555,3621.5628663729367,59.333333333333336,58.34516249259601,56.07583711979387,104226.25736182381,0.0,0.0,34.885218138041665,0.7090232076818331,2.1813661987835076e-12,44.956749587495814,0.0,23,0
36,159.67537858397307,122.35157505748188,-9.314540333311776,23.14680151857955,33.24470814531492,44.98803524035161,24.39951112907525,geometry_seed_4517_pareto,geometry_knee,0.02166723312461334,3689.7566881589555,3631.4549921116304,63.0,54.91831935042851,54.28028348748541,107446.52701694197,0.0,0.0,28.12325064644042,0.5733343134538045,2.000177801164682e-12,41.408598955219134,0.0,23,0
36,159.67537858397307,122.35157505748188,-9.296666528296932,23.14680151857955,33.35596731542857,44.98803524035161,24.26247862396148,geometry_seed_4517_pareto,geometry_knee,0.02170521332177018,3689.7566881589555,3631.4549921116304,62.666666666666664,55.138788087131616,54.40488353865222,107477.38355730842,0.0,0.0,28.12325064644042,0.5733343134538045,2.000177801164682e-12,41.55530617077757,0.0,23,0
36,159.67537858397307,122.35157505748188,-8.892477948457707,23.172698348859026,33.07160033375292,44.99577356966759,21.17143784117672,geometry_seed_4517_pareto,geometry_knee,0.022245816294696973,3689.7566881589555,3623.664327985584,59.333333333333336,58.39292298379254,55.189883180947355,104153.41754827788,0.0,0.0,32.783756525394715,0.659203496479454,2.1813661987835076e-12,44.61052632008948,0.0,23,0
37,159.67537858397307,122.35157505748188,-9.444383509087928,23.14680151857955,33.825526922132816,44.98632880455415,25.39326904089497,geometry_seed_4517_pareto,geometry_knee,0.02175021155017093,3689.7566881589555,3631.4549921116304,63.333333333333336,54.820321736269726,55.07422342958743,109163.9025133933,0.0,0.0,28.12325064644042,0.5733343134538045,2.000177801164682e-12,40.462082538118885,0.0,23,0
37,159.67537858397307,122.35157505748188,-8.946022382387177,23.172613308559026,33.07160033375292,44.99520111978926,21.58137271809097,geometry_seed_4517_pareto,geometry_knee,0.02231604780073893,3689.7566881589555,3623.664327985584,59.333333333333336,58.39292298379254,55.13797664418388,104507.40702673684,0.0,0.0,32.783756525394715,0.6092997927081808,2.1813661987835076e-12,44.19958136196884,0.0,23,0
38,159.67537858397307,122.35157505748188,-9.44396025065798,23.14680151857955,33.36365455342161,44.98632880455415,25.390024059598705,geometry_seed_4517_pareto,geometry_knee,0.021683570601422786,3689.7566881589555,3631.4549921116304,63.666666666666664,54.49047902969775,53.73588821648641,108468.91065095675,0.0,0.0,28.12325064644042,0.5733343134538045,2.000177801164682e-12,40.425164704744596,0.0,23,0
38,159.67537858397307,122.35157505748188,-9.341868908412778,23.14680151857955,33.817839684139784,44.3830243379732,24.00401930247123,geometry_seed_4517_pareto,geometry_knee,0.021938747876844345,3689.7566881589555,3631.4544907144045,62.0,55.81249713092907,55.85735257630893,107082.30044766954,0.0,0.0,28.12325064644042,0.5733343134538045,2.000177801164682e-12,40.69651614586661,0.0,23,0
39,159.67537858397307,122.35157505748188,-8.852118022591405,23.173573064447087,33.35497140846394,44.9878807394136,20.85411891261443,geometry_seed_4517_pareto,geometry_knee,0.022288038729894096,3689.7566881589555,3621.5628663729367,59.333333333333336,58.34516249259601,56.07583711979387,104211.13162020598,0.0,0.0,34.885218138041665,0.7090232076818331,2.1813661987835076e-12,44.936512168639624,0.0,23,0
39,159.67537858397307,122.35157505748188,-9.313161263134653,23.14680151857955,33.24470814531492,44.99860811170955,24.39951112907525,geometry_seed_4517_pareto,geometry_knee,0.02166723312461334,3689.7566881589555,3631.4549921116304,63.0,54.91831935042851,54.28028348748541,107461.62027684535,0.0,0.0,28.12325064644042,0.5733343134538045,2.000177801164682e-12,41.428825317816944,0.0,23,0
40,159.67537858397307,122.35157505748188,-9.44433154037943,23.144355072437826,33.825526922132816,44.9867272313193,25.39326904089497,geometry_seed_4517_pareto,geometry_knee,0.021766423301848987,3689.7566881589555,3626.478721001941,63.0,54.98233998393456,55.21083731798641,109001.62725201751,0.0,0.0,33.07931969584488,0.5733343134538045,2.000177801164682e-12,40.465291191985244,0.0,23,0
40,159.67537858397307,122.35157505748188,-10.470324504693892,23.14429677180228,33.25919972461928,44.98671185529941,42.92918910949169,geometry_seed_4517_pareto,geometry_knee,0.021651027735467367,3689.7566881589555,3626.478721001941,65.0,53.63630136670364,53.13490135880263,122641.18896130635,0.0,0.0,33.07931969584488,0.5733343134538045,2.000177801164682e-12,23.542107786555682,0.0,23,0
40,159.67537858397307,122.35157505748188,-9.41704044063706,23.17472928108469,33.35497140846394,44.99845939017934,25.19576943506352,geometry_seed_4517_pareto,geometry_knee,0.021683825763407022,3689.7566881589555,3631.4549921116304,63.666666666666664,54.49047902969775,53.73588821648641,108336.72638731031,0.0,0.0,28.12325064644042,0.5733343134538045,2.000177801164682e-12,40.61394284840914,0.0,23,0
41,159.67537858397307,122.35157505748188,-8.96595468821792,23.1443558582827,33.338505127822344,44.99510698654372,21.734092929547828,geometry_seed_4517_pareto,geometry_knee,0.022337780149677532,3689.7566881589555,3621.5628663729367,59.333333333333336,58.34516249259601,55.491756964237766,104945.65806171554,0.0,0.0,34.871612350268634,0.6092997927081808,2.5934809855243657e-12,44.09814763232462,0.0,23,0
41,159.67537858397307,122.35157505748188,-8.8304974133438,23.143640782644194,33.328315435416265,44.98795562671024,20.68843579567945,geometry_seed_4517_pareto,geometry_knee,0.022749685396337645,3689.7566881589555,3612.037953098827,57.666666666666664,59.88604526678395,56.28352155872927,103733.43475580907,0.0,0.0,44.396738976963775,0.7610442805415972,1.9042545318370685e-12,45.12995291933213,0.0,23,0
41,159.67537858397307,122.35157505748188,-8.995208595735278,23.173573064447087,33.11283292414255,44.9878807394136,21.951146640050776,geometry_seed_4517_pareto,geometry_knee,0.022176802568616302,3689.7566881589555,3621.5628663729367,60.0,57.719356858694596,55.096839260325545,104827.4469719307,0.0,0.0,34.885218138041665,0.6026401375531938,2.1813661987835076e-12,43.81842892082749,0.0,23,0
42,159.67537858397307,122.35157505748188,-10.444746977734496,23.172240487127137,33.07160033375292,44.99520683778837,44.28314165861309,geometry_seed_4517_pareto,geometry_knee,0.0214564128193767,3689.7566881589555,3633.556453724277,65.66666666666667,53.21689247702966,52.716528819285905,123699.5561596135,0.0,0.0,26.021789033793464,0.5733343134538045,2.000177801164682e-12,22.411194107371248,0.0,23,0
42,159.67537858397307,122.35157505748188,-8.729983508376318,23.143640782644194,33.328315435416265,44.98774189753728,19.917615461755773,geometry_seed_4517_pareto,geometry_knee,0.023367355792371244,3689.7566881589555,3612.037953098827,56.0,62.09121150353756,59.458202411948854,103063.5567441783,0.0,0.0,44.396525624377944,0.9073160469890622,2.1813661987835076e-12,45.90036438005537,0.0,23,0
42,159.67537858397307,122.35157505748188,-9.443169278335532,23.144355072437826,33.71622750335751,44.99563790698918,25.39326904089497,geometry_seed_4517_pareto,geometry_knee,0.021757655078638385,3689.7566881589555,3626.478721001941,63.333333333333336,54.771051725282696,55.07422342958743,108851.22597732402,0.0,0.0,33.07931969584488,0.5733343134538045,2.000177801164682e-12,40.47283340467759,0.0,23,0
42,159.67537858397307,122.35157505748188,-10.479556741663592,23.145939470055858,33.338505127822344,44.99523677506813,36.55338674738642,geometry_seed_4517_pareto,geometry_knee,0.02167132619504233,3689.7566881589555,3626.4787210019417,64.66666666666667,53.83172365721498,52.90599493577463,117679.14246275653,0.0,0.0,33.07931969584488,0.5733343134538045,2.5934809855243657e-12,29.277518493803043,0.0,23,0
43,159.67537858397307,122.35157505748188,-8.996027282352244,23.173573064447087,33.11283292414255,44.9878807394136,21.95742323744752,geometry_seed_4517_pareto,geometry_knee,0.022176802568616302,3689.7566881589555,3621.5628663729367,60.0,57.719356858694596,55.096839260325545,104832.92820985227,0.0,0.0,34.885218138041665,0.6026401375531938,2.1813661987835076e-12,43.81215232343075,0.0,23,0
43,159.67537858397307,122.35157505748188,-10.445775790572476,23.172240487127137,33.07160033375292,44.98731927269722,44.865283287929934,geometry_seed_4517_pareto,geometry_knee,0.021453134944215257,3689.7566881589555,3633.556453724277,65.66666666666667,53.21689247702966,51.95843209660592,124138.21885784362,0.0,0.0,26.021789033793464,0.5733343134538045,2.000177801164682e-12,21.915891120812628,0.0,23,0
43,159.67537858397307,122.35157505748188,-9.788319219227862,23.14429677180228,33.26722076718887,44.98009656007022,28.023877240817207,geometry_seed_4517_pareto,geometry_knee,0.02165661723933189,3689.7566881589555,3626.478721001941,64.33333333333333,54.03094055530906,53.30981678527925,110423.56901274995,0.0,0.0,33.07931969584488,0.5733343134538045,2.000177801164682e-12,37.773508169009546,0.0,23,0
43,159.67537858397307,122.35157505748188,-9.21313938182147,23.14680151857955,33.35596731542857,44.992589404334495,23.62665799829915,geometry_seed_4517_pareto,geometry_knee,0.02174630999071234,3689.7566881589555,3631.4548021675437,62.333333333333336,55.468626160921,54.56306560678538,106934.48629311383,0.0,0.0,28.12325064644042,0.5733343134538045,2.000177801164682e-12,42.19983911014631,0.0,23,0
44,159.67537858397307,122.35157505748188,-10.51841791472598,23.144355072437826,33.62793124421852,44.9867272313193,44.45992749247647,geometry_seed_4517_pareto,geometry_knee,0.021526250719198534,3689.7566881589555,3626.478721001941,65.0,53.63630136670364,53.365880776032526,124371.87312328868,0.0,0.0,33.07931969584488,0.5733343134538045,2.000177801164682e-12,22.2775545518386,0.0,23,0
44,159.67537858397307,122.35157505748188,-10.449097071448492,23.17296835048488,33.10495105222683,44.99520683778837,44.28314165861309,geometry_seed_4517_pareto,geometry_knee,0.0214564128193767,3689.7566881589555,3633.556453724277,65.66666666666667,53.21689247702966,52.716528819285905,123750.26072660966,0.0,0.0,26.021789033793464,0.5733343134538045,2.000177801164682e-12,22.410466244013506,0.0,23,0
44,159.67537858397307,122.35157505748188,-9.466912321838445,23.14680151857955,33.211698859195224,44.99860811170955,25.57826924580433,geometry_seed_4517_pareto,geometry_knee,0.021662968687108625,3689.7566881589555,3631.4549921116304,63.666666666666664,54.49047902969775,53.531963823725825,108448.91019295319,0.0,0.0,28.12325064644042,0.5733343134538045,2.000177801164682e-12,40.2471968283818,0.0,23,0
45,159.67537858397307,122.35157505748188,-9.45765259524207,23.14681421026539,33.211698859195224,44.99901588863262,25.507685785488544,geometry_seed_4517_pareto,geometry_knee,0.021662968687108625,3689.7566881589555,3631.4549921116304,63.666666666666664,54.49047902969775,53.531963823725825,108388.51059747934,0.0,0.0,28.12325064644042,0.5733343134538045,2.000177801164682e-12,40.31854769199501,0.0,23,0
45,159.67537858397307,122.35157505748188,-9.466828354122978,23.12786078151275,33.211698859195224,44.99925186419479,25.57826924580433,geometry_seed_4517_pareto,geometry_knee,0.02202058510702176,3689.7566881589555,3631.5252220716807,63.0,55.09741921304717,53.785207475605624,108431.05545603497,0.0,0.0,30.854066311915613,0.5733343134538045,2.454925152051146e-12,40.267369091942115,0.0,23,0
45,159.67537858397307,122.35157505748188,-9.024755489548127,23.14680215138215,33.35596731542857,44.98639778330566,22.176189869841345,geometry_seed_4517_pareto,geometry_knee,0.022111004504556525,3689.7566881589555,3621.5628663729367,60.333333333333336,57.34457905876354,55.55750144243488,105342.8344688452,0.0,0.0,34.885218138041665,0.5733343134538045,2.1813661987835076e-12,43.63846176557243,0.0,23,0
46,159.67537858397307,122.35157505748188,-9.45765259524207,23.143614361886005,33.17444094286791,44.99901588863262,25.507685785488544,geometry_seed_4517_pareto,geometry_knee,0.02167914181288472,3689.7566881589555,3626.485054150471,63.333333333333336,54.652560608847885,53.78136770117214,108170.43248484742,0.0,0.0,33.07931969584488,0.5733343134538045,2.000177801164682e-12,40.318507721563336,0.0,23,0
46,159.67537858397307,122.35157505748188,-10.517050741593906,23.144355072437826,33.62793124421852,44.99720889199856,44.45992749247647,geometry_seed_4517_pareto,geometry_knee,0.021526250719198534,3689.7566881589555,3626.478721001941,65.0,53.63630136670364,53.365880776032526,124386.34637135263,0.0,0.0,33.07931969584488,0.5733343134538045,2.000177801164682e-12,22.29669497568768,0.0,23,0
46,159.67537858397307,122.35157505748188,-9.27458391497712,23.173573064447087,33.11283292414255,44.9878807394136,24.09302408757157,geometry_seed_4517_pareto,geometry_knee,0.021684037053284023,3689.7566881589555,3631.4544907144045,63.0,54.918307121227905,54.03077157861844,107002.32110990239,0.0,0.0,28.12325064644042,0.5733343134538045,2.000177801164682e-12,41.67655147330671,0.0,23,0
14,160.22526847994345,121.44084769960182,-9.375797428062144,23.143640782644194,31.51585407650708,44.98671185529941,24.86782547044256,geometry_seed_4517_pareto,geometry_knee,0.020207965336631127,3689.7566881589555,3634.977461035111,66.0,52.156908844530044,51.67504874791063,105284.61718163779,0.0,0.0,25.742279913603937,0.5733343134538045,2.454925152051146e-12,40.790578520225765,0.0,23,0
17,160.22526847994345,121.44084769960182,-9.375797428062144,23.143640782644194,31.510247034759704,44.98671185529941,24.86782547044256,geometry_seed_4517_pareto,geometry_knee,0.02018454771031507,3689.7566881589555,3634.977461035111,66.0,52.156908844530044,51.86003595324322,105276.02626263215,0.0,0.0,25.742279913603937,0.5733343134538045,2.454925152051146e-12,40.790090951378176,0.0,23,0
18,160.22526847994345,121.44084769960182,-10.242931594070562,23.143640782644194,31.51585407650708,44.98671185529941,44.41354327542251,geometry_seed_4517_pareto,geometry_knee,0.020043568997259495,3689.7566881589555,3634.977461035111,68.33333333333333,50.68529511817324,49.50311652546364,121414.3986222075,0.0,0.0,25.742279913603937,0.5733343134538045,2.5934809855243657e-12,22.316558160379618,0.0,23,0
19,160.22526847994345,121.44084769960182,-10.242931594070562,23.143640782644194,31.51585407650708,44.98671185529941,44.15466190667114,geometry_seed_4517_pareto,geometry_knee,0.020043568997259495,3689.7566881589555,3634.977461035111,68.33333333333333,50.68529511817324,49.50311652546364,121213.88373915102,0.0,0.0,25.742279913603937,0.5733343134538045,2.5934809855243657e-12,22.53041668239162,0.0,23,0
20,160.22526847994345,121.44084769960182,-10.241502887143897,23.155369346018595,31.51585407650708,44.99766527507053,44.15466190667114,geometry_seed_4517_pareto,geometry_knee,0.020027592275893614,3689.7566881589555,3639.9473989962703,68.66666666666667,50.54359133386276,49.19345974000698,121416.15163943377,0.0,0.0,20.78621086419948,0.5733343134538045,2.7284841053187847e-12,22.53869001599056,0.0,23,0
21,160.22526847994345,121.44084769960182,-10.242931594070562,23.143640782644194,31.51585407650708,44.98671185529941,44.04360472774879,geometry_seed_4517_pareto,geometry_knee,0.020043568997259495,3689.7566881589555,3634.977461035111,68.33333333333333,50.68529511817324,49.50311652546364,121127.7391224141,0.0,0.0,25.742279913603937,0.5733343134538045,2.5934809855243657e-12,22.62215956932746,0.0,23,0
22,160.22526847994345,121.44084769960182,-10.242195654713491,23.143640782644194,31.510247034759704,44.9867470152896,43.7381465828369,geometry_seed_4517_pareto,geometry_knee,0.02002015137094344,3689.7566881589555,3634.977461035111,68.33333333333333,50.68529511817324,49.80159129148444,120881.86940341395,0.0,0.0,25.742279913603937,0.5733343134538045,2.5934809855243657e-12,22.874558763801996,0.0,23,0
22,160.22526847994345,121.44084769960182,-10.257488355291173,23.143640782644194,31.627455912531747,44.98671185529941,44.41354327542251,geometry_seed_4517_pareto,geometry_knee,0.02001662680399186,3689.7566881589555,3634.4249624416407,68.33333333333333,50.675249689201046,48.80369493948123,121601.57986879877,0.0,0.0,26.294778507074493,0.5733343134538045,2.454925152051146e-12,22.316558160379618,0.0,23,0
22,160.22526847994345,121.44084769960182,-10.242931594070562,23.144272090086787,31.51585407650708,44.98671185529941,44.04360472774879,geometry_seed_4517_pareto,geometry_knee,0.020043568997259495,3689.7566881589555,3634.977461035111,68.33333333333333,50.68529511817324,49.50311652546364,121128.30349472647,0.0,0.0,25.742279913603937,0.5733343134538045,2.5934809855243657e-12,22.62152826188487,0.0,23,0
23,160.22526847994345,121.44084769960182,-10.241732354369924,23.143640782644194,31.51585407650708,44.995906026337614,44.04360472774879,geometry_seed_4517_pareto,geometry_knee,0.020043568997259495,3689.7566881589555,3634.977461035111,68.33333333333333,50.68529511817324,49.50311652546364,121140.51712681167,0.0,0.0,25.742279913603937,0.5733343134538045,2.5934809855243657e-12,22.638948925136358,0.0,23,0
24,160.22526847994345,121.44084769960182,-10.24183530299794,23.144272090086787,31.51585407650708,44.99511675352285,44.04360472774879,geometry_seed_4517_pareto,geometry_knee,0.020043568997259495,3689.7566881589555,3634.977461035111,68.33333333333333,50.68529511817324,49.50311652546364,121139.9846050079,0.0,0.0,25.742279913603937,0.5733343134538045,2.5934809855243657e-12,22.636876336901587,0.0,23,0
25,160.22526847994345,121.44084769960182,-10.241846912204956,23.144272090086787,31.51585407650708,44.99502774960237,44.15856119763425,geometry_seed_4517_pareto,geometry_knee,0.020043568997259495,3689.7566881589555,3634.977461035111,68.33333333333333,50.68529511817324,49.50311652546364,121229.02631747113,0.0,0.0,25.742279913603937,0.5733343134538045,2.5934809855243657e-12,22.54174976766317,0.0,23,0
25,160.22526847994345,121.44084769960182,-10.242931594070562,23.09872119335223,31.51585407650708,44.98671185529941,44.41354327542251,geometry_seed_4517_pareto,geometry_knee,0.020301295334739792,3689.7566881589555,3629.636503349819,68.0,50.8644394524099,51.439026324863825,121204.19946197934,0.0,0.0,34.497978377652224,0.5733343134538045,2.454925152051146e-12,22.361477749671582,0.0,23,0
25,160.22526847994345,121.44084769960182,-10.242919984937124,23.143640782644194,31.51585407650708,44.98680085865576,44.03970543678569,geometry_seed_4517_pareto,geometry_knee,0.020043568997259495,3689.7566881589555,3634.977461035111,68.33333333333333,50.68529511817324,49.50311652546364,121124.8368581774,0.0,0.0,25.742279913603937,0.5733343134538045,2.5934809855243657e-12,22.625543250599886,0.0,23,0
26,160.22526847994345,121.44084769960182,-10.24183530299794,23.144272090086787,31.51585407650708,44.99511675352285,41.06726198504596,geometry_seed_4517_pareto,geometry_knee,0.02018739097021952,3689.7566881589555,3634.977461035111,68.0,50.94897427158721,49.65235390847405,118803.57904923086,0.0,0.0,25.742279913603937,0.5733343134538045,2.5934809855243657e-12,25.095594254786533,0.0,23,0
27,160.22526847994345,121.44084769960182,-9.374080108811684,23.143640782644194,31.5031416482677,44.99987796955296,24.86782547044256,geometry_seed_4517_pareto,geometry_knee,0.02018454771031507,3689.7566881589555,3634.977461035111,66.0,52.156908844530044,51.86003595324322,105284.13463404456,0.0,0.0,25.742279913603937,0.5733343134538045,2.454925152051146e-12,40.81466044069002,0.0,23,0
27,160.22526847994345,121.44084769960182,-10.241791091746444,23.144272090086787,31.51585407650708,44.99545570645098,44.04360472774879,geometry_seed_4517_pareto,geometry_knee,0.020043568997259495,3689.7566881589555,3634.977461035111,68.33333333333333,50.68529511817324,49.50311652546364,121140.45566654323,0.0,0.0,25.742279913603937,0.5733343134538045,2.5934809855243657e-12,22.63749529442253,0.0,23,0
28,160.22526847994345,121.44084769960182,-10.24150786224748,23.14649396611219,31.51585407650708,44.99762713260971,41.06726198504596,geometry_seed_4517_pareto,geometry_knee,0.020171414248853634,3689.7566881589555,3639.9473989962703,68.33333333333333,50.80727048727673,49.34269712301739,118982.40406134394,0.0,0.0,20.78621086419948,0.5733343134538045,2.7284841053187847e-12,25.097956549267565,0.0,23,0
28,160.22526847994345,121.44084769960182,-10.24308228357139,23.144272090086787,31.51585407650708,44.98555656912641,44.22704591292126,geometry_seed_4517_pareto,geometry_knee,0.020043568997259495,3689.7566881589555,3634.977461035111,68.33333333333333,50.68529511817324,49.50311652546364,121268.94900025033,0.0,0.0,25.742279913603937,0.5733343134538045,2.5934809855243657e-12,22.467880238513438,0.0,23,0
28,160.22526847994345,121.44084769960182,-9.932637386431306,23.143645173849382,31.5031416482677,44.997278375377725,29.147498338017783,geometry_seed_4517_pareto,geometry_knee,0.02017366718608736,3689.7566881589555,3634.977461035111,67.0,51.535350277870144,51.40943183906594,108956.3722572577,0.0,0.0,25.742279913603937,0.5733343134538045,2.454925152051146e-12,36.53001004522655,0.0,23,0
28,160.22526847994345,121.44084769960182,-10.24293161632341,23.14398125294456,31.51585407650708,44.98671168469426,44.04360472774879,geometry_seed_4517_pareto,geometry_knee,0.020043568997259495,3689.7566881589555,3634.977461035111,68.33333333333333,50.68529511817324,49.50311652546364,121128.04325695512,0.0,0.0,25.742279913603937,0.5733343134538045,2.5934809855243657e-12,22.62181878748726,0.0,23,0
28,160.22526847994345,121.44084769960182,-9.53324888196246,23.14362220210869,31.51585407650708,44.98671185529941,26.0749532836783,geometry_seed_4517_pareto,geometry_knee,0.020195414167285927,3689.7566881589555,3634.977461035111,67.0,51.535350277870144,51.224444633733334,106337.20556322428,0.0,0.0,25.742279913603937,0.5733343134538045,2.454925152051146e-12,39.58346928752553,0.0,23,0
29,160.22526847994345,121.44084769960182,-10.241502887143897,23.15649570669332,31.51585407650708,44.99766527507053,44.15336468446169,geometry_seed_4517_pareto,geometry_knee,0.020027592275893614,3689.7566881589555,3639.9473989962703,68.66666666666667,50.54359133386276,49.19345974000698,121416.15280660632,0.0,0.0,20.78621086419948,0.5733343134538045,2.7284841053187847e-12,22.538635273662777,0.0,23,0
29,160.22526847994345,121.44084769960182,-10.24293303387671,23.144272090086787,31.51585407650708,44.98670081678556,44.08996625478042,geometry_seed_4517_pareto,geometry_knee,0.020043568997259495,3689.7566881589555,3634.977461035111,68.33333333333333,50.68529511817324,49.50311652546364,121164.25895063323,0.0,0.0,25.742279913603937,0.5733343134538045,2.5934809855243657e-12,22.583209451833454,0.0,23,0
29,160.22526847994345,121.44084769960182,-10.241484777484716,23.14482354391729,31.51566675961132,44.99761679889514,44.30822995768144,geometry_seed_4517_pareto,geometry_knee,0.020043568997259495,3689.7566881589555,3634.977461035111,68.33333333333333,50.68529511817324,49.50311652546364,121348.80082874768,0.0,0.0,25.742279913603937,0.5733343134538045,2.5934809855243657e-12,22.4222867325022,0.0,23,0
30,160.22526847994345,121.44084769960182,-10.235328092018037,23.14263368603683,31.466654203664444,44.99580549819278,44.755131987274986,geometry_seed_4517_pareto,geometry_knee,0.020038945451358228,3689.7566881589555,3635.572320149828,68.33333333333333,50.69881464350772,50.641489748553816,121637.15784940244,0.0,0.0,25.742279913603937,0.5733343134538045,2.454925152051146e-12,22.051989060305438,0.0,23,0
30,160.22526847994345,121.44084769960182,-10.241500372742236,23.15649570669332,31.51585407650708,44.99768455214991,44.15336468446169,geometry_seed_4517_pareto,geometry_knee,0.020027592275893614,3689.7566881589555,3639.9473989962703,68.66666666666667,50.54359133386276,49.19345974000698,121416.17962682659,0.0,0.0,20.78621086419948,0.5733343134538045,2.7284841053187847e-12,22.538670475285997,0.0,23,0
30,160.22526847994345,121.44084769960182,-10.241773132315892,23.14374783440722,31.51837308170978,44.99811240062122,41.09778846303215,geometry_seed_4517_pareto,geometry_knee,0.02018739097021952,3689.7566881589555,3634.977461035111,68.0,50.94897427158721,49.65235390847405,118835.3280628784,0.0,0.0,25.742279913603937,0.5733343134538045,2.5934809855243657e-12,25.076371297265833,0.0,23,0
30,160.22526847994345,121.44084769960182,-9.372979964570964,23.144019940120653,31.51938775229308,44.9896816743336,24.849194736044343,geometry_seed_4517_pareto,geometry_knee,0.020207965336631127,3689.7566881589555,3634.977461035111,66.0,52.156908844530044,51.67504874791063,105278.3920634094,0.0,0.0,25.742279913603937,0.5733343134538045,2.454925152051146e-12,40.81481876623782,0.0,23,0
30,160.22526847994345,121.44084769960182,-10.243719972307858,23.144272090086787,31.53488329488004,44.999696840519775,40.19942791641806,geometry_seed_4517_pareto,geometry_knee,0.02018739097021952,3689.7566881589555,3634.977461035111,68.0,50.94897427158721,49.65235390847405,118147.92039915244,0.0,0.0,25.742279913603937,0.5733343134538045,2.5934809855243657e-12,25.82086429643006,0.0,23,0
30,160.22526847994345,121.44084769960182,-10.241589861510462,23.144272090086787,31.51585407650708,44.99699847159349,44.2711922042311,geometry_seed_4517_pareto,geometry_knee,0.020043568997259495,3689.7566881589555,3634.977461035111,68.33333333333333,50.68529511817324,49.50311652546364,121319.04711531848,0.0,0.0,25.742279913603937,0.5733343134538045,2.5934809855243657e-12,22.452305471936512,0.0,23,0
31,160.22526847994345,121.44084769960182,-10.241641578406458,23.14588835515857,31.518560398605537,44.99930829748935,41.684788222875774,geometry_seed_4517_pareto,geometry_knee,0.02018739097021952,3689.7566881589555,3634.977461035111,68.0,50.94897427158721,49.65235390847405,119303.93827286288,0.0,0.0,25.742279913603937,0.5733343134538045,2.5934809855243657e-12,24.59150174309852,0.0,23,0
31,160.22526847994345,121.44084769960182,-10.24248469828293,23.144272090086787,31.51585407650708,44.99013805633794,44.15856119763425,geometry_seed_4517_pareto,geometry_knee,0.020043568997259495,3689.7566881589555,3634.977461035111,68.33333333333333,50.68529511817324,49.50311652546364,121222.23214235755,0.0,0.0,25.742279913603937,0.5733343134538045,2.5934809855243657e-12,22.532820762571596,0.0,23,0
31,160.22526847994345,121.44084769960182,-10.243732735833715,23.145019004498792,31.53488329488004,44.999598986821496,40.19942791641806,geometry_seed_4517_pareto,geometry_knee,0.02018739097021952,3689.7566881589555,3634.977461035111,68.0,50.94897427158721,49.65235390847405,118148.45118555396,0.0,0.0,25.742279913603937,0.5733343134538045,2.5934809855243657e-12,25.81993869265598,0.0,23,0
31,160.22526847994345,121.44084769960182,-10.257519116323998,23.143640782644194,31.62769174711676,44.98671185529941,44.41354327542251,geometry_seed_4517_pareto,geometry_knee,0.02001662680399186,3689.7566881589555,3634.4249624416407,68.33333333333333,50.675249689201046,48.80369493948123,121601.93627037543,0.0,0.0,26.294778507074493,0.5733343134538045,2.454925152051146e-12,22.316558160379618,0.0,23,0
31,160.22526847994345,121.44084769960182,-10.260856110900342,23.144272090086787,31.661680270425485,44.99511675352285,36.0647819656904,geometry_seed_4517_pareto,geometry_knee,0.02018710477432157,3689.7566881589555,3634.4249624416407,67.66666666666667,51.13047846265143,48.81270242008487,115001.89937417448,0.0,0.0,26.294778507074493,0.5733343134538045,2.5934809855243657e-12,29.621750191868742,0.0,23,0
31,160.22526847994345,121.44084769960182,-9.456495008179791,23.174592629727343,31.55352693699235,44.99716585429089,25.496960917002703,geometry_seed_4517_pareto,geometry_knee,0.0201601154098059,3689.7566881589555,3639.3949004028,67.0,51.57337064730112,49.7193315663948,106106.71163150186,0.0,0.0,21.33870945767003,0.5733343134538045,2.454925152051146e-12,40.15376608208665,0.0,23,0
32,160.22526847994345,121.44084769960182,-10.24248469828293,23.144272090086787,31.51585407650708,44.99013805633794,44.78509839572362,geometry_seed_4517_pareto,geometry_knee,0.020043568997259495,3689.7566881589555,3634.977461035111,68.33333333333333,50.68529511817324,49.50311652546364,121706.7816821818,0.0,0.0,25.742279913603937,0.5733343134538045,2.5934809855243657e-12,22.015246555454283,0.0,23,0
32,160.22526847994345,121.44084769960182,-10.241596869126958,23.145911000440982,31.518560398605537,44.99965106863217,41.684788222875774,geometry_seed_4517_pareto,geometry_knee,0.02018739097021952,3689.7566881589555,3634.977461035111,68.0,50.94897427158721,49.65235390847405,119304.43689287118,0.0,0.0,25.742279913603937,0.5733343134538045,2.5934809855243657e-12,24.592105027729076,0.0,23,0
32,160.22526847994345,121.44084769960182,-10.24183530299794,23.14424944480437,31.51585407650708,44.99511675352285,41.06726198504596,geometry_seed_4517_pareto,geometry_knee,0.02018739097021952,3689.7566881589555,3634.977461035111,68.0,50.94897427158721,49.65235390847405,118803.5588049531,0.0,0.0,25.742279913603937,0.5733343134538045,2.5934809855243657e-12,25.09561690006895,0.0,23,0
32,160.22526847994345,121.44084769960182,-9.508338624774735,23.17280326239713,31.51585407650708,44.98671185529941,25.883974645239142,geometry_seed_4517_pareto,geometry_knee,0.02017940020543714,3689.7566881589555,3639.9473989962703,67.33333333333333,51.38392065356721,50.59322766383202,106354.84722091083,0.0,0.0,20.78621086419948,0.5733343134538045,2.454925152051146e-12,39.74526686567626,0.0,23,0
33,160.22526847994345,121.44084769960182,-10.249050062759965,23.14429677180228,31.56276233645916,44.98671185529941,43.52569983990962,geometry_seed_4517_pareto,geometry_knee,0.020039793607494253,3689.7566881589555,3634.4249624416407,68.33333333333333,50.675249689201046,49.316233036412655,120778.72915501053,0.0,0.0,26.294778507074493,0.5733343134538045,2.5934809855243657e-12,23.049338052732175,0.0,23,0
33,160.22526847994345,121.44084769960182,-9.318614227551636,23.17266342472576,31.550813819943865,44.994860060004086,24.437569137899985,geometry_seed_4517_pareto,geometry_knee,0.020169008076385126,3689.7566881589555,3639.389530751471,66.33333333333333,51.98447377241505,50.98176550619744,105181.0435106802,0.0,0.0,21.33870945767003,0.5733343134538045,2.454925152051146e-12,41.21044005824676,0.0,23,0
33,160.22526847994345,121.44084769960182,-10.24157694570441,23.12893211178342,31.51585407650708,44.99709749277322,44.21022064938663,geometry_seed_4517_pareto,geometry_knee,0.02030185847950421,3689.7566881589555,3629.036677108343,68.0,50.8508070378309,49.83734111380664,121071.45502192514,0.0,0.0,34.497978377652224,0.5733343134538045,2.5934809855243657e-12,22.518194077700464,0.0,23,0
33,160.22526847994345,121.44084769960182,-9.025499957841816,23.14585686275389,31.515281109480988,44.98671185529941,22.18221153208671,geometry_seed_4517_pareto,geometry_knee,0.02071272597876628,3689.7566881589555,3629.728508578595,62.333333333333336,55.2444901065615,53.435822707070166,102791.01691425523,0.0,0.0,30.71440998932655,0.5994748817110404,2.454925152051146e-12,43.47392655525228,0.0,23,0
33,160.22526847994345,121.44084769960182,-10.263936715874207,23.143672275048864,31.689489785858303,44.99930829748935,41.16923896136831,geometry_seed_4517_pareto,geometry_knee,0.020323471991359175,3689.7566881589555,3634.4249624416407,67.66666666666667,51.21217907997019,49.92125289969655,119170.91774317429,0.0,0.0,26.294778507074493,0.5733343134538045,2.454925152051146e-12,25.019606343583952,0.0,23,0
34,160.22526847994345,121.44084769960182,-10.246428751296484,23.1439901760744,31.550813819943865,44.994860060004086,43.19201972112722,geometry_seed_4517_pareto,geometry_knee,0.02018739097021952,3689.7566881589555,3634.977461035111,68.0,50.94897427158721,49.65235390847405,120528.92566222628,0.0,0.0,25.742279913603937,0.5733343134538045,2.5934809855243657e-12,23.340172772567104,0.0,23,0
34,160.22526847994345,121.44084769960182,-10.249050062759965,23.15723908494732,31.56276233645916,44.98671185529941,39.43754867258488,geometry_seed_4517_pareto,geometry_knee,0.02017251456288306,3689.7566881589555,3639.3949004028,68.0,50.985629023333324,49.409674780938154,117727.5406689671,0.0,0.0,21.33870945767003,0.5733343134538045,2.454925152051146e-12,26.413564095203228,0.0,23,0
34,160.22526847994345,121.44084769960182,-9.777966387282802,23.14359323575384,31.51585407650708,44.98671185529941,27.95112082446762,geometry_seed_4517_pareto,geometry_knee,0.020197084812403416,3689.7566881589555,3634.977461035111,67.0,51.535350277870144,51.224444633733334,107938.85570237828,0.0,0.0,25.742279913603937,0.5733343134538045,2.454925152051146e-12,37.70733071309107,0.0,23,0
34,160.22526847994345,121.44084769960182,-8.974503129761928,23.17266342472576,31.550813819943865,44.994860060004086,21.799384054845632,geometry_seed_4517_pareto,geometry_knee,0.02070663383052683,3689.7566881589555,3634.4190913930856,62.333333333333336,55.394933478870456,53.29094448739411,102730.33381526265,0.0,0.0,26.302051146317712,0.5994748817110404,2.454925152051146e-12,43.848625141301106,0.0,23,0
34,160.22526847994345,121.44084769960182,-9.094058162662954,23.173300575200944,31.559544450798967,44.987334288252114,22.70844686866814,geometry_seed_4517_pareto,geometry_knee,0.020321950250333596,3689.7566881589555,3634.4190913930856,64.33333333333333,53.51884812411973,51.80181728976302,103528.71103351454,0.0,0.0,26.302051146317712,0.5733343134538045,2.454925152051146e-12,42.925287233726166,0.0,23,0
35,160.22526847994345,121.44084769960182,-10.241355288069435,23.14540315002185,31.51585407650708,44.9987968679747,44.21022064938663,geometry_seed_4517_pareto,geometry_knee,0.020043568997259495,3689.7566881589555,3634.977461035111,68.33333333333333,50.68529511817324,49.50311652546364,121275.31697792001,0.0,0.0,25.742279913603937,0.5733343134538045,2.5934809855243657e-12,22.504826246351683,0.0,23,0
35,160.22526847994345,121.44084769960182,-9.107168696191728,23.17313482614708,31.51585407650708,44.99777426214152,22.81940093294481,geometry_seed_4517_pareto,geometry_knee,0.02032939833461702,3689.7566881589555,3639.9415279477157,64.33333333333333,53.58018674973598,52.12810034168303,103708.81952121474,0.0,0.0,20.78621086419948,0.5733343134538045,2.454925152051146e-12,42.83067187948381,0.0,23,0
35,160.22526847994345,121.44084769960182,-9.377205005093032,23.17253143424977,31.51585407650708,44.98597208291362,24.877877121960225,geometry_seed_4517_pareto,geometry_knee,0.020191893117256873,3689.7566881589555,3639.9473989962703,66.33333333333333,51.994827265379904,51.50486118063742,105473.40165707718,0.0,0.0,20.78621086419948,0.5733343134538045,2.454925152051146e-12,40.75022100036451,0.0,23,0
36,160.22526847994345,121.44084769960182,-9.096277934790663,23.17253143424977,31.51585407650708,44.98597208291362,22.72410291630873,geometry_seed_4517_pareto,geometry_knee,0.020332358990201093,3689.7566881589555,3639.9415279477157,64.33333333333333,53.58018674973598,52.12810034168303,103607.87312594487,0.0,0.0,20.78621086419948,0.5733343134538045,2.454925152051146e-12,42.903995206016,0.0,23,0
37,160.22526847994345,121.44084769960182,-9.400519974911392,23.143640782644194,31.51585407650708,44.9932160570428,25.0638691980302,geometry_seed_4517_pareto,geometry_knee,0.020208964246442418,3689.7566881589555,3634.977461035111,66.0,52.156908844530044,51.67504874791063,105464.6177746593,0.0,0.0,25.742279913603937,0.5733343134538045,2.454925152051146e-12,40.606977613364634,0.0,23,0
37,160.22526847994345,121.44084769960182,-10.24302808612088,23.17253143424977,31.51585407650708,44.98597208291362,43.99714013837964,geometry_seed_4517_pareto,geometry_knee,0.020027592275893614,3689.7566881589555,3639.9473989962703,68.66666666666667,50.54359133386276,49.19345974000698,121292.87325745611,0.0,0.0,20.78621086419948,0.5733343134538045,2.7284841053187847e-12,22.630301820235402,0.0,23,0
37,160.22526847994345,121.44084769960182,-10.241869580076871,23.17231599298047,31.51585407650708,44.99485396258434,44.49908044256801,geometry_seed_4517_pareto,geometry_knee,0.020027592275893614,3689.7566881589555,3639.9473989962703,68.66666666666667,50.54359133386276,49.19345974000698,121694.43321941706,0.0,0.0,20.78621086419948,0.5733343134538045,2.7284841053187847e-12,22.232090007878224,0.0,23,0
37,160.22526847994345,121.44084769960182,-10.277243076718657,23.14399608359837,31.77945231130053,44.98725538979084,43.170052059962906,geometry_seed_4517_pareto,geometry_knee,0.020791582771410713,3689.7566881589555,3632.330075831703,67.0,51.82981514017657,49.822144188578626,120798.69801360117,0.0,0.0,27.03940920473235,0.5733343134538045,2.5934809855243657e-12,23.34442727431119,0.0,23,0
37,160.22526847994345,121.44084769960182,-10.242953075403284,23.17220115818699,31.51608354393247,44.98677663250722,44.98365755489734,geometry_seed_4517_pareto,geometry_knee,0.020027592275893614,3689.7566881589555,3639.9473989962703,68.66666666666667,50.54359133386276,49.19345974000698,122057.90050255094,0.0,0.0,20.78621086419948,0.5733343134538045,2.7284841053187847e-12,21.81715210365014,0.0,23,0
38,160.22526847994345,121.44084769960182,-10.241641578406458,23.14588835515857,31.518560398605537,44.99930829748935,42.13927961295992,geometry_seed_4517_pareto,geometry_knee,0.02018739097021952,3689.7566881589555,3634.977461035111,68.0,50.94897427158721,49.65235390847405,119662.40061521194,0.0,0.0,25.742279913603937,0.5733343134538045,2.5934809855243657e-12,24.216052333898574,0.0,23,0
38,160.22526847994345,121.44084769960182,-10.277150000962736,23.143976081666885,31.77873873050516,44.98725538979084,43.170052059962906,geometry_seed_4517_pareto,geometry_knee,0.020791582771410713,3689.7566881589555,3632.330075831703,67.0,51.82981514017657,49.822144188578626,120797.60310877122,0.0,0.0,27.03940920473235,0.5733343134538045,2.5934809855243657e-12,23.344447276242676,0.0,23,0
38,160.22526847994345,121.44084769960182,-9.0953237414674,23.17253143424977,31.51585407650708,44.99328756505862,22.72410291630873,geometry_seed_4517_pareto,geometry_knee,0.020332358990201093,3689.7566881589555,3639.9415279477157,64.33333333333333,53.58018674973598,52.12810034168303,103618.39133190356,0.0,0.0,20.78621086419948,0.5733343134538045,2.454925152051146e-12,42.917990041423835,0.0,23,0
39,160.22526847994345,121.44084769960182,-8.971774061878797,23.143640782644194,31.51585407650708,44.98671185529941,21.77031299637021,geometry_seed_4517_pareto,geometry_knee,0.02076349517313048,3689.7566881589555,3629.9931798400285,62.0,55.5837539995376,53.52336948060091,102443.97997351516,0.0,0.0,30.71440998932655,0.5994748817110404,2.454925152051146e-12,43.888090994298125,0.0,23,0
39,160.22526847994345,121.44084769960182,-10.239051045609983,23.1167937766065,31.49437615837033,44.99498480869378,44.54441718543663,geometry_seed_4517_pareto,geometry_knee,0.020320497746033967,3689.7566881589555,3629.63153622306,68.0,50.86432656316538,50.67723957087602,121305.07822592805,0.0,0.0,34.497978377652224,0.5733343134538045,2.000177801164682e-12,22.25039906869101,0.0,23,0
39,160.22526847994345,121.44084769960182,-8.952061873528876,23.17253143424977,31.470348966163165,44.98597208291362,21.618446446635065,geometry_seed_4517_pareto,geometry_knee,0.020762712395536228,3689.7566881589555,3639.941527947716,62.0,55.80481114043294,54.157471013958194,102574.85189914785,0.0,0.0,20.78621086419948,0.6415378248107462,2.454925152051146e-12,44.00569470957279,0.0,23,0
40,160.22526847994345,121.44084769960182,-10.241876723201308,23.14266476270252,31.51702814160068,44.99597326372393,44.54441718543663,geometry_seed_4517_pareto,geometry_knee,0.020043568997259495,3689.7566881589555,3634.977461035111,68.33333333333333,50.68529511817324,49.50311652546364,121529.37178780402,0.0,0.0,25.742279913603937,0.5733343134538045,2.5934809855243657e-12,22.226333087432668,0.0,23,0
40,160.22526847994345,121.44084769960182,-9.436366102834114,23.17253143424977,31.54205349621645,44.98597208291362,25.33144553797521,geometry_seed_4517_pareto,geometry_knee,0.020191896820277045,3689.7566881589555,3639.3949004028,66.66666666666667,51.77696741900238,51.36465290718538,105890.88369825228,0.0,0.0,21.33870945767003,0.5733343134538045,2.454925152051146e-12,40.29893079475903,0.0,23,0
40,160.22526847994345,121.44084769960182,-8.971299847345453,23.14363559659272,31.51585407650708,44.990347500055016,21.77031299637021,geometry_seed_4517_pareto,geometry_knee,0.02076349517313048,3689.7566881589555,3629.9931798400285,62.0,55.5837539995376,53.52336948060091,102449.19479012121,0.0,0.0,30.71440998932655,0.5994748817110404,2.454925152051146e-12,43.8950513268386,0.0,23,0
41,160.22526847994345,121.44084769960182,-9.181632089730066,23.17313482614708,31.51585407650708,44.99777426214152,23.39028695007205,geometry_seed_4517_pareto,geometry_knee,0.020320552418351918,3689.7566881589555,3639.9415279477157,65.0,53.143658651063845,51.91661599686165,104207.47367315942,0.0,0.0,20.78621086419948,0.5733343134538045,2.454925152051146e-12,42.259785862356566,0.0,23,0
41,160.22526847994345,121.44084769960182,-9.422140584159015,23.173573064447087,31.54251004955476,44.99314116974603,25.22955231496518,geometry_seed_4517_pareto,geometry_knee,0.020164997315990932,3689.7566881589555,3639.3949004028,66.66666666666667,51.77696741900238,50.350548536296124,105851.36211163597,0.0,0.0,21.33870945767003,0.5733343134538045,2.454925152051146e-12,40.413536862671876,0.0,23,0
42,160.22526847994345,121.44084769960182,-9.184634099572932,23.17313482614708,31.51585407650708,44.99777426214152,23.413302358867377,geometry_seed_4517_pareto,geometry_knee,0.020320552418351918,3689.7566881589555,3639.9415279477157,65.0,53.143658651063845,51.91661599686165,104227.5733463615,0.0,0.0,20.78621086419948,0.5733343134538045,2.454925152051146e-12,42.23677045356124,0.0,23,0
42,160.22526847994345,121.44084769960182,-9.40282749317056,23.141710371888863,31.54222949763048,44.997306197531366,25.085650311839025,geometry_seed_4517_pareto,geometry_knee,0.020208964246442418,3689.7566881589555,3634.977461035111,66.0,52.156908844530044,51.67504874791063,105527.51106099917,0.0,0.0,25.742279913603937,0.5733343134538045,2.454925152051146e-12,40.59724504177825,0.0,23,0
43,160.22526847994345,121.44084769960182,-9.469489233781085,23.143640782644194,31.55721524446548,44.98671185529941,25.586129314287746,geometry_seed_4517_pareto,geometry_knee,0.020199354713443373,3689.7566881589555,3634.977461035111,66.66666666666667,51.73847399246487,51.36465290718538,105969.26646759582,0.0,0.0,25.742279913603937,0.5733343134538045,2.454925152051146e-12,40.07587129968133,0.0,23,0
43,160.22526847994345,121.44084769960182,-8.975616486146212,23.146237229490776,31.59148746873748,44.98670974628617,21.79976947340717,geometry_seed_4517_pareto,geometry_knee,0.020713557142236518,3689.7566881589555,3639.389029354245,62.333333333333336,55.44616995269684,53.37353804249045,102874.72909687996,0.0,0.0,21.33870945767003,0.5994748817110404,2.454925152051146e-12,43.862610852496246,0.0,23,0
43,160.22526847994345,121.44084769960182,-10.242931594070562,23.169026039268623,31.51585407650708,44.98671185529941,44.726916978268434,geometry_seed_4517_pareto,geometry_knee,0.020027592275893614,3689.7566881589555,3639.9473989962703,68.66666666666667,50.54359133386276,49.19345974000698,121856.40791924002,0.0,0.0,20.78621086419948,0.5733343134538045,2.7284841053187847e-12,22.032298975317254,0.0,23,0
44,160.22526847994345,121.44084769960182,-9.31573817507729,23.143640782644194,31.55721524446548,44.98671185529941,24.407371197558668,geometry_seed_4517_pareto,geometry_knee,0.020208198374702394,3689.7566881589555,3634.9720913837823,66.0,52.15678680699983,51.67504874791063,104949.85587712193,0.0,0.0,25.742279913603937,0.5733343134538045,2.454925152051146e-12,41.254629416410395,0.0,23,0
44,160.22526847994345,121.44084769960182,-9.185481713544284,23.14325013372886,31.51585407650708,44.98603882234832,23.40806529285453,geometry_seed_4517_pareto,geometry_knee,0.020336656457004113,3689.7566881589555,3634.9717541514015,64.66666666666667,53.30951827771656,52.08680356413486,104025.84615571388,0.0,0.0,25.742279913603937,0.5733343134538045,2.454925152051146e-12,42.24944180543142,0.0,23,0
46,160.22526847994345,121.44084769960182,-9.186175744528828,23.157365800020543,31.51585407650708,44.98071791813347,23.40806529285453,geometry_seed_4517_pareto,geometry_knee,0.020320552418351918,3689.7566881589555,3639.9415279477157,65.0,53.143658651063845,51.91661599686165,104184.38209837624,0.0,0.0,20.78621086419948,0.5733343134538045,2.454925152051146e-12,42.225147018033056,0.0,23,0
46,160.22526847994345,121.44084769960182,-9.375256324277371,23.146840631023583,31.5531119928344,44.99086031764931,24.86782547044256,geometry_seed_4517_pareto,geometry_knee,0.020192113202583847,3689.7566881589555,3639.9473989962703,66.33333333333333,51.994827265379904,51.50486118063742,105505.0023161442,0.0,0.0,20.78621086419948,0.5733343134538045,2.454925152051146e-12,40.79855467950074,0.0,23,0
29,164.90672393087888,112.00794613639579,-10.090572930979654,23.144272090086787,30.347770992810087,44.98671185529941,40.19942791641806,geometry_seed_4517_pareto,geometry_knee,0.020023002063066994,3689.7566881589555,3627.2849178071697,68.33333333333333,50.36477549278524,48.47084709598641,116115.68848230451,0.0,0.0,32.26284749599464,0.5733343134538045,2.454925152051146e-12,25.797152584288526,0.0,23,0
31,164.90672393087888,112.00794613639579,-10.090572930979654,23.14429677180228,30.347770992810087,44.98671185529941,42.93240562468055,geometry_seed_4517_pareto,geometry_knee,0.020023002063066994,3689.7566881589555,3627.2849178071697,68.33333333333333,50.36477549278524,48.47084709598641,118271.85350970346,0.0,0.0,32.26284749599464,0.5733343134538045,2.454925152051146e-12,23.539450665312714,0.0,23,0
31,164.90672393087888,112.00794613639579,-10.090572930979654,23.14350470399126,30.347770992810087,44.98671185529941,39.665356013231886,geometry_seed_4517_pareto,geometry_knee,0.020027696407481577,3689.7566881589555,3627.2849178071697,68.0,50.556511139284105,48.58592577749666,115688.35669644154,0.0,0.0,32.26284749599464,0.5733343134538045,2.454925152051146e-12,26.239109803450898,0.0,23,0
32,164.90672393087888,112.00794613639579,-10.09031490765473,23.14350470399126,30.347770992810087,44.98869003412377,39.78811963291839,geometry_seed_4517_pareto,geometry_knee,0.020023002063066994,3689.7566881589555,3627.2849178071697,68.33333333333333,50.36477549278524,48.47084709598641,115789.59904071708,0.0,0.0,32.26284749599464,0.5733343134538045,2.454925152051146e-12,26.1413087050413,0.0,23,0
33,164.90672393087888,112.00794613639579,-10.092154167184496,23.14429677180228,30.359945145322204,44.98676319690773,42.93240562468055,geometry_seed_4517_pareto,geometry_knee,0.020023002063066994,3689.7566881589555,3627.2849178071697,68.33333333333333,50.36477549278524,48.47084709598641,118290.38681741823,0.0,0.0,32.26284749599464,0.5733343134538045,2.454925152051146e-12,23.53954441955399,0.0,23,0
35,164.90672393087888,112.00794613639579,-10.092154167184496,23.143989410459163,30.359945145322204,44.98676319690773,43.19510268510604,geometry_seed_4517_pareto,geometry_knee,0.020023002063066994,3689.7566881589555,3627.2849178071697,68.33333333333333,50.36477549278524,48.47084709598641,118495.06499656476,0.0,0.0,32.26284749599464,0.5733343134538045,2.454925152051146e-12,23.32284116576301,0.0,23,0
36,164.90672393087888,112.00794613639579,-10.092430211957364,23.14368417353559,30.354308125106705,44.97900983343355,44.54477451739196,geometry_seed_4517_pareto,geometry_knee,0.01987675482616955,3689.7566881589555,3627.2849178071697,68.66666666666667,50.093424508139144,48.31754494381294,119522.19671543119,0.0,0.0,32.26284749599464,0.5733343134538045,2.454925152051146e-12,22.19404179054102,0.0,23,0
36,164.90672393087888,112.00794613639579,-10.092154167184496,23.143989410459163,30.359945145322204,44.98676319690773,41.84161814722083,geometry_seed_4517_pareto,geometry_knee,0.020023002063066994,3689.7566881589555,3627.2849178071697,68.33333333333333,50.36477549278524,48.47084709598641,117434.72786684148,0.0,0.0,32.26284749599464,0.5733343134538045,2.454925152051146e-12,24.44093708836383,0.0,23,0
37,164.90672393087888,112.00794613639579,-10.09087330975047,23.14368417353559,30.354308125106705,44.99094608368642,44.54477451739196,geometry_seed_4517_pareto,geometry_knee,0.01987675482616955,3689.7566881589555,3627.2849178071697,68.66666666666667,50.093424508139144,48.31754494381294,119538.7629722372,0.0,0.0,32.26284749599464,0.5733343134538045,2.454925152051146e-12,22.215838421437553,0.0,23,0
39,164.90672393087888,112.00794613639579,-10.090572930979654,23.14429677180228,30.347770992810087,44.98671185529941,42.92926661294318,geometry_seed_4517_pareto,geometry_knee,0.020023002063066994,3689.7566881589555,3627.2849178071697,68.33333333333333,50.36477549278524,48.47084709598641,118269.40200531046,0.0,0.0,32.26284749599464,0.5733343134538045,2.454925152051146e-12,23.542043761965324,0.0,23,0
40,164.90672393087888,112.00794613639579,-10.090624899688144,23.146743217944003,30.347770992810087,44.98631342853425,42.92926661294318,geometry_seed_4517_pareto,geometry_knee,0.020007273038887417,3689.7566881589555,3632.254855768329,68.66666666666667,50.223071708474755,48.35576841447615,118443.92184926209,0.0,0.0,27.306778446590187,0.5733343134538045,2.454925152051146e-12,23.53886975390461,0.0,23,0
41,164.90672393087888,112.00794613639579,-10.091069794443598,23.14429677180228,30.351583889118693,44.98671546505104,44.91672770861889,geometry_seed_4517_pareto,geometry_knee,0.01987675482616955,3689.7566881589555,3627.2849178071697,68.66666666666667,50.093424508139144,48.31754494381294,119815.72932432541,0.0,0.0,32.26284749599464,0.5733343134538045,2.454925152051146e-12,21.900234665953583,0.0,23,0
42,164.90672393087888,112.00794613639579,-8.975616486146212,23.14466959323417,30.351583889118693,44.98670974628617,21.79976947340717,geometry_seed_4517_pareto,geometry_knee,0.02050157044037061,3689.7566881589555,3622.3052720008914,63.0,54.41575142526813,52.59922263762693,100520.63281586538,0.0,0.0,37.224974339645016,0.5994748817110404,2.000177801164682e-12,43.75636078617731,0.0,23,0
43,164.90672393087888,112.00794613639579,-10.09004098168898,23.14429677180228,30.351583889118693,44.99460302950314,44.91672770861889,geometry_seed_4517_pareto,geometry_knee,0.01987675482616955,3689.7566881589555,3627.2849178071697,68.66666666666667,50.093424508139144,48.31754494381294,119826.66852441685,0.0,0.0,32.26284749599464,0.5733343134538045,2.454925152051146e-12,21.914638044518277,0.0,23,0
45,164.90672393087888,112.00794613639579,-10.0898172969453,23.146742585141407,30.347770992810087,44.99250504956274,42.92926661294318,geometry_seed_4517_pareto,geometry_knee,0.020007273038887417,3689.7566881589555,3632.254855768329,68.66666666666667,50.223071708474755,48.35576841447615,118452.55120440635,0.0,0.0,27.306778446590187,0.5733343134538045,2.454925152051146e-12,23.550176825107048,0.0,23,0
46,164.90672393087888,112.00794613639579,-10.089552160011728,23.14429677180228,30.347864388681607,44.99463116192501,44.92419874505263,geometry_seed_4517_pareto,geometry_knee,0.01987675482616955,3689.7566881589555,3627.2849178071697,68.66666666666667,50.093424508139144,48.31754494381294,119826.8110791898,0.0,0.0,32.26284749599464,0.5733343134538045,2.454925152051146e-12,21.908517691017295,0.0,23,0
46,164.90672393087888,112.00794613639579,-10.088765084241912,23.144385857801844,30.34317224291196,44.99597326372393,44.6202694311869,geometry_seed_4517_pareto,geometry_knee,0.01987675482616955,3689.7566881589555,3627.2849178071697,68.66666666666667,50.093424508139144,48.31754494381294,119587.68137198327,0.0,0.0,32.26284749599464,0.5733343134538045,2.454925152051146e-12,22.161951441496164,0.0,23,0
35,170.4867265520925,111.60452431413084,-10.312188113969796,23.296319550252907,31.20545042558928,44.14534155182084,43.99775161982059,geometry_seed_2903_pareto,geometry_knee,0.019923076464972916,3689.7566881589555,3644.5166540047744,67.33333333333333,51.471166503713306,52.11579053783591,119882.2665070535,0.0,0.0,16.79761762664906,0.5591351188569169,2.454925152051146e-12,20.970944119307273,0.0,23,0
37,170.4867265520925,111.60452431413084,-10.416734205151094,23.296319550252907,31.20540832441634,43.34377941825794,42.73854953515659,geometry_seed_2903_pareto,geometry_knee,0.019898269726127026,3689.7566881589555,3644.5166540047744,67.66666666666667,51.27528981084245,51.888302045307306,117764.3869634976,0.0,0.0,16.79761762664906,0.5591351188569169,2.454925152051146e-12,20.54743238013224,0.0,23,0
41,170.4867265520925,111.60452431413084,-10.41221807384921,23.296319550252907,31.205450269724963,43.37844503688101,42.68930623565486,geometry_seed_2903_pareto,geometry_knee,0.01989792423210421,3689.7566881589555,3644.5166540047744,67.66666666666667,51.27528981084245,51.888302045307306,117774.79337198204,0.0,0.0,16.79761762664906,0.5591351188569169,2.454925152051146e-12,20.651414061554053,0.0,23,0
43,170.4867265520925,111.60452431413084,-10.222934415454468,23.296319550252907,31.221506662554955,44.84567614407064,43.99775161982059,geometry_seed_2903_pareto,geometry_knee,0.019782099177447304,3689.7566881589555,3644.5166540047744,68.0,50.95058735101682,50.83859922547101,120886.93706839997,0.0,0.0,16.79761762664906,0.5591351188569169,2.454925152051146e-12,22.249815983415598,0.0,23,0
45,170.4867265520925,111.60452431413084,-10.260483316968724,23.296319550252907,31.221506662554955,44.55780123246136,43.99775161982059,geometry_seed_2903_pareto,geometry_knee,0.019735266095518064,3689.7566881589555,3644.5166540047744,67.66666666666667,51.15026747481721,51.72064345406252,120486.4279536013,0.0,0.0,16.79761762664906,0.5591351188569169,2.454925152051146e-12,21.72413136221604,0.0,23,0
17,170.4867265520925,111.60452431413084,-10.242931594070562,23.26330740806204,31.51585407650708,44.98671185529941,43.91652543344288,geometry_seed_4517_pareto,geometry_knee,0.02001847593508942,3689.7566881589555,3640.249810253588,67.66666666666667,51.125861507252075,50.66615604610624,121308.26382420113,0.0,0.0,20.469602263118773,0.5591351188569169,2.454925152051146e-12,22.607471491379727,0.0,23,0
26,170.4867265520925,111.60452431413084,-10.238704010717534,23.17868738160869,31.48345045625566,44.98671970742122,44.41354327542251,geometry_seed_4517_pareto,geometry_knee,0.020020228175919492,3689.7566881589555,3639.9332016525073,67.66666666666667,51.12010498723243,50.97423195243434,121570.93243757663,0.0,0.0,20.78621086419948,0.5591351188569169,2.454925152051146e-12,22.28152590007233,0.0,23,0
26,170.4867265520925,111.60452431413084,-10.24155382193819,23.26330740806204,31.51585407650708,44.99727477498094,43.91652543344288,geometry_seed_4517_pareto,geometry_knee,0.02001847593508942,3689.7566881589555,3640.249810253588,67.66666666666667,51.125861507252075,50.66615604610624,121322.96872616459,0.0,0.0,20.469602263118773,0.5591351188569169,2.454925152051146e-12,22.62676030123295,0.0,23,0
27,170.4867265520925,111.60452431413084,-10.241882387834188,23.263053119094064,31.51837308170978,44.99727477498094,44.26691583651363,geometry_seed_4517_pareto,geometry_knee,0.02001847593508942,3689.7566881589555,3640.249810253588,67.66666666666667,51.125861507252075,50.66615604610624,121598.74449946241,0.0,0.0,20.469602263118773,0.5591351188569169,2.454925152051146e-12,22.337561648533782,0.0,23,0
27,170.4867265520925,111.60452431413084,-10.351881173817269,23.26330740806204,31.51585407650708,44.15143174390794,43.91652543344288,geometry_seed_4517_pareto,geometry_knee,0.020087038424263143,3689.7566881589555,3640.249810253588,67.33333333333333,51.389647262888644,51.56466199242269,120139.9153134722,0.0,0.0,20.469602263118773,0.5591351188569169,2.454925152051146e-12,21.082177374925735,0.0,23,0
28,170.4867265520925,111.60452431413084,-10.351881173817269,23.26330740806204,31.51585407650708,44.15143174390794,44.04227657318228,geometry_seed_4517_pareto,geometry_knee,0.020087038424263143,3689.7566881589555,3640.249810253588,67.33333333333333,51.389647262888644,51.56466199242269,120237.95682354353,0.0,0.0,20.469602263118773,0.5591351188569169,2.454925152051146e-12,20.97829599861928,0.0,23,0
29,170.4867265520925,111.60452431413084,-10.351881173817269,23.262181047387315,31.51585407650708,44.15143174390794,44.04357379539174,geometry_seed_4517_pareto,geometry_knee,0.020087038424263143,3689.7566881589555,3640.249810253588,67.33333333333333,51.389647262888644,51.56466199242269,120237.95962836994,0.0,0.0,20.469602263118773,0.5591351188569169,2.454925152051146e-12,20.97835074094705,0.0,23,0
29,170.4867265520925,111.60452431413084,-10.241641578406458,23.26472354128896,31.518560398605537,44.99930829748935,41.6769917191313,geometry_seed_4517_pareto,geometry_knee,0.02001633181620047,3689.7566881589555,3638.89464517948,67.66666666666667,51.101222142268306,50.81396469148681,119530.88258146039,0.0,0.0,21.82476733722657,0.5591351188569169,2.454925152051146e-12,24.479107147017906,0.0,23,0
30,170.4867265520925,111.60452431413084,-10.241641578406458,23.26472354128896,31.518560398605537,44.99930829748935,41.54718291430797,geometry_seed_4517_pareto,geometry_knee,0.02001633181620047,3689.7566881589555,3638.89464517948,67.66666666666667,51.101222142268306,50.81396469148681,119428.16557895472,0.0,0.0,21.82476733722657,0.5591351188569169,2.454925152051146e-12,24.58634050752414,0.0,23,0
30,170.4867265520925,111.60452431413084,-10.24183530299794,23.26357737477364,31.51585407650708,44.99511675352285,44.23627197780807,geometry_seed_4517_pareto,geometry_knee,0.02001847593508942,3689.7566881589555,3640.249810253588,67.66666666666667,51.125861507252075,50.66615604610624,121568.62202309612,0.0,0.0,20.469602263118773,0.5591351188569169,2.454925152051146e-12,22.35841114999186,0.0,23,0
30,170.4867265520925,111.60452431413084,-10.241644092994306,23.26472354128896,31.518560398605537,44.9992890189825,41.6769917191313,geometry_seed_4517_pareto,geometry_knee,0.02001633181620047,3689.7566881589555,3638.89464517948,67.66666666666667,51.101222142268306,50.81396469148681,119530.85564690824,0.0,0.0,21.82476733722657,0.5591351188569169,2.454925152051146e-12,24.479071942788018,0.0,23,0
31,170.4867265520925,111.60452431413084,-10.241882387834188,23.2674066076217,31.51837308170978,44.99727477498094,44.96967348521736,geometry_seed_4517_pareto,geometry_knee,0.02001633181620047,3689.7566881589555,3638.89464517948,67.66666666666667,51.101222142268306,50.81396469148681,122102.17083386518,0.0,0.0,21.82476733722657,0.5591351188569169,2.454925152051146e-12,21.752669232816103,0.0,23,0
32,170.4867265520925,111.60452431413084,-10.242572787572506,23.2674066076217,31.515974139119493,44.989582767730255,35.48213949921269,geometry_seed_4517_pareto,geometry_knee,0.02002775811230474,3689.7566881589555,3638.89464517948,67.0,51.504497686414176,51.437581289459594,114505.99192450526,0.0,0.0,21.82476733722657,0.5591351188569169,2.454925152051146e-12,30.05800128700779,0.0,23,0
32,170.4867265520925,111.60452431413084,-10.241501191285614,23.263572270699942,31.51585407650708,44.997678276650696,44.21022064938663,geometry_seed_4517_pareto,geometry_knee,0.02001847593508942,3689.7566881589555,3640.249810253588,67.66666666666667,51.125861507252075,50.66615604610624,121551.96518247797,0.0,0.0,20.469602263118773,0.5591351188569169,2.454925152051146e-12,22.384614480647155,0.0,23,0
32,170.4867265520925,111.60452431413084,-10.242931594070562,23.26331251213572,31.51585407650708,44.98671185529941,43.94257676186432,geometry_seed_4517_pareto,geometry_knee,0.02001847593508942,3689.7566881589555,3640.249810253588,67.66666666666667,51.125861507252075,50.66615604610624,121328.53202468442,0.0,0.0,20.469602263118773,0.5591351188569169,2.454925152051146e-12,22.585945724697027,0.0,23,0
32,170.4867265520925,111.60452431413084,-10.353745342648844,23.262181047387315,31.518253019097365,44.13953872545623,44.04357379539174,geometry_seed_4517_pareto,geometry_knee,0.020087038424263143,3689.7566881589555,3640.249810253588,67.33333333333333,51.389647262888644,51.56466199242269,120224.94596092803,0.0,0.0,20.469602263118773,0.5591351188569169,2.454925152051146e-12,20.95663305507871,0.0,23,0
32,170.4867265520925,111.60452431413084,-10.244107084878252,23.26330740806204,31.51855153144638,44.980397214046405,43.94207484572435,geometry_seed_4517_pareto,geometry_knee,0.02001847593508942,3689.7566881589555,3640.249810253588,67.66666666666667,51.125861507252075,50.66615604610624,121323.43125823408,0.0,0.0,20.469602263118773,0.5591351188569169,2.454925152051146e-12,22.574834371119984,0.0,23,0
33,170.4867265520925,111.60452431413084,-10.2428373777947,23.26472354128896,31.515885823455147,44.98746592702904,41.6769917191313,geometry_seed_4517_pareto,geometry_knee,0.02001847593508942,3689.7566881589555,3640.249810253588,67.66666666666667,51.125861507252075,50.66615604610624,119553.41121490893,0.0,0.0,20.469602263118773,0.5591351188569169,2.454925152051146e-12,24.457481948786047,0.0,23,0
33,170.4867265520925,111.60452431413084,-10.242931594070562,23.26330740806204,31.51585407650708,44.98671185529941,44.47729050250928,geometry_seed_4517_pareto,geometry_knee,0.02001847593508942,3689.7566881589555,3640.249810253588,67.66666666666667,51.125861507252075,50.66615604610624,121743.52736403502,0.0,0.0,20.469602263118773,0.5591351188569169,2.454925152051146e-12,22.144230782150963,0.0,23,0
33,170.4867265520925,111.60452431413084,-10.244558307885768,23.26429095366716,31.53950677616487,44.99789308237391,44.69921168609768,geometry_seed_4517_pareto,geometry_knee,0.020027312992710437,3689.7566881589555,3638.89464517948,67.66666666666667,51.101222142268306,50.66615604610624,121923.24931436374,0.0,0.0,21.82476733722657,0.5591351188569169,2.454925152051146e-12,21.98033893432626,0.0,23,0
34,170.4867265520925,111.60452431413084,-10.245726750692114,23.261185216793937,31.53734838781345,44.98677663250722,44.98365755489734,geometry_seed_4517_pareto,geometry_knee,0.020004288586688925,3689.7566881589555,3638.89464517948,67.66666666666667,51.101222142268306,50.66615604610624,122121.76533791283,0.0,0.0,21.82476733722657,0.5591351188569169,2.454925152051146e-12,21.728168045043194,0.0,23,0
34,170.4867265520925,111.60452431413084,-10.242931594070562,23.28207775630596,31.51585407650708,44.98671185529941,43.91652543344288,geometry_seed_4517_pareto,geometry_knee,0.02001633181620047,3689.7566881589555,3638.89464517948,67.66666666666667,51.101222142268306,50.81396469148681,121281.27128712797,0.0,0.0,21.82476733722657,0.5591351188569169,2.454925152051146e-12,22.588701143135808,0.0,23,0
35,170.4867265520925,111.60452431413084,-10.241668190662033,23.26405747583667,31.518560398605537,44.9991042701966,41.684788222875774,geometry_seed_4517_pareto,geometry_knee,0.020021187989520003,3689.7566881589555,3638.89464517948,67.66666666666667,51.101222142268306,50.66615604610624,119536.18341671639,0.0,0.0,21.82476733722657,0.5591351188569169,2.454925152051146e-12,24.47296005084235,0.0,23,0
36,170.4867265520925,111.60452431413084,-10.242931594070562,23.26330740806204,31.51585407650708,44.98671185529941,42.86811451773399,geometry_seed_4517_pareto,geometry_knee,0.02001847593508942,3689.7566881589555,3640.249810253588,67.66666666666667,51.125861507252075,50.66615604610624,120489.36076125967,0.0,0.0,20.469602263118773,0.5591351188569169,2.454925152051146e-12,23.473550073921842,0.0,23,0
37,170.4867265520925,111.60452431413084,-10.382950756489407,23.27686739251121,31.39922988898279,43.79660742256398,42.823107535372586,geometry_seed_4517_pareto,geometry_knee,0.02008622857605766,3689.7566881589555,3640.249810253588,67.33333333333333,51.389647262888644,52.11579053783591,118624.12791876623,0.0,0.0,20.469602263118773,0.5591351188569169,2.454925152051146e-12,21.32393558903696,0.0,23,0
37,170.4867265520925,111.60452431413084,-9.096277934790663,23.26151549285672,31.537118920388064,44.98597208291362,22.72410291630873,geometry_seed_4517_pareto,geometry_knee,0.020272575922021096,3689.7566881589555,3638.888774130926,64.0,53.785082629353006,52.67952501927198,103671.65109937424,0.0,0.0,21.82476733722657,0.5591351188569169,2.454925152051146e-12,42.816860264268264,0.0,23,0
37,170.4867265520925,111.60452431413084,-9.465095053290852,23.26352284933133,31.51585407650708,44.98595316329557,25.55168190519213,geometry_seed_4517_pareto,geometry_knee,0.020059924644789413,3689.7566881589555,3640.249810253588,66.33333333333333,52.0005498198621,51.65169388560192,106130.63033293851,0.0,0.0,20.469602263118773,0.5591351188569169,2.454925152051146e-12,39.98538860799912,0.0,23,0
37,170.4867265520925,111.60452431413084,-10.242984230358516,23.263572270699942,31.51585407650708,44.98630831042511,43.66935020108013,geometry_seed_4517_pareto,geometry_knee,0.02001847593508942,3689.7566881589555,3640.249810253588,67.66666666666667,51.125861507252075,50.66615604610624,121115.47149310638,0.0,0.0,20.469602263118773,0.5591351188569169,2.454925152051146e-12,22.81065795614059,0.0,23,0
38,170.4867265520925,111.60452431413084,-10.242931594070562,23.26332074878083,31.51585407650708,44.98671185529941,43.81976167171662,geometry_seed_4517_pareto,geometry_knee,0.02001847593508942,3689.7566881589555,3640.249810253588,67.66666666666667,51.125861507252075,50.66615604610624,121232.97327947563,0.0,0.0,20.469602263118773,0.5591351188569169,2.454925152051146e-12,22.687393432086974,0.0,23,0
38,170.4867265520925,111.60452431413084,-10.243703596810263,23.28424604485822,31.51585407650708,44.98079316762836,43.626369728212005,geometry_seed_4517_pareto,geometry_knee,0.01986356844325059,3689.7566881589555,3642.502098145754,68.0,50.9117160981055,50.74006036879652,121162.00530112843,0.0,0.0,18.217314370952465,0.5591351188569169,2.454925152051146e-12,22.815418659679302,0.0,23,0
39,170.4867265520925,111.60452431413084,-10.220960373947,23.26332074878083,31.34740805555976,44.98671185529941,42.95214249484646,geometry_seed_4517_pareto,geometry_knee,0.01998869182909373,3689.7566881589555,3640.249810253588,67.66666666666667,51.125861507252075,50.34488496814665,120297.38106914016,0.0,0.0,20.469602263118773,0.5591351188569169,2.454925152051146e-12,23.404122317327538,0.0,23,0
40,170.4867265520925,111.60452431413084,-10.242931594070562,23.26330740806204,31.51585407650708,44.98671185529941,44.05820823505597,geometry_seed_4517_pareto,geometry_knee,0.02001847593508942,3689.7566881589555,3640.249810253588,67.66666666666667,51.125861507252075,50.66615604610624,121418.41958748533,0.0,0.0,20.469602263118773,0.5591351188569169,2.454925152051146e-12,22.490429177003698,0.0,23,0
40,170.4867265520925,111.60452431413084,-10.220959542319193,23.26332074878083,31.34740805555976,44.98671823111261,42.95214249484646,geometry_seed_4517_pareto,geometry_knee,0.01998869182909373,3689.7566881589555,3640.249810253588,67.66666666666667,51.125861507252075,50.34488496814665,120297.38996324678,0.0,0.0,20.469602263118773,0.5591351188569169,2.454925152051146e-12,23.404133960116855,0.0,23,0
40,170.4867265520925,111.60452431413084,-10.24297899879508,23.28537503956554,31.51585407650708,44.98634841907808,43.66935020108013,geometry_seed_4517_pareto,geometry_knee,0.01986356844325059,3689.7566881589555,3642.502098145754,68.0,50.9117160981055,50.74006036879652,121204.2858629555,0.0,0.0,18.217314370952465,0.5591351188569169,2.454925152051146e-12,22.78892842916301,0.0,23,0
40,170.4867265520925,111.60452431413084,-10.245734724216945,23.26579798327759,31.53734838781345,44.98671550215018,44.99796153031857,geometry_seed_4517_pareto,geometry_knee,0.019997840288464692,3689.7566881589555,3638.89464517948,68.0,50.90534544939745,50.034939076204914,122136.88780420092,0.0,0.0,21.82476733722657,0.5591351188569169,2.454925152051146e-12,21.73216354704098,0.0,23,0
41,170.4867265520925,111.60452431413084,-10.220545104519717,23.28537503956554,31.343860887062583,44.98634841907808,39.51310970857745,geometry_seed_4517_pareto,geometry_knee,0.019851027973262356,3689.7566881589555,3642.502098145754,67.66666666666667,51.111396221905885,50.747625544189816,117645.63543448066,0.0,0.0,18.217314370952465,0.5591351188569169,2.454925152051146e-12,26.222344488186966,0.0,23,0
41,170.4867265520925,111.60452431413084,-10.243394268222367,23.26332074878083,31.51940124500425,44.98671185529941,38.13891493327808,geometry_seed_4517_pareto,geometry_knee,0.02002586060668685,3689.7566881589555,3638.89464517948,67.33333333333333,51.3009022660687,51.297373016007555,116679.24802775941,0.0,0.0,21.82476733722657,0.5591351188569169,2.454925152051146e-12,27.40011754068816,0.0,23,0
42,170.4867265520925,111.60452431413084,-10.241488671438988,23.29773186791037,31.51585407650708,44.99777426214152,42.61987341360227,geometry_seed_4517_pareto,geometry_knee,0.01986793126158558,3689.7566881589555,3642.502098145754,68.0,50.91171609810551,50.74006036879652,120409.13016743954,0.0,0.0,18.217314370952465,0.5591351188569169,2.454925152051146e-12,23.664395269111402,0.0,23,0
42,170.4867265520925,111.60452431413084,-10.221053635030536,23.26332074878083,31.34740805555976,44.98599685365897,43.84165920679808,geometry_seed_4517_pareto,geometry_knee,0.01998869182909373,3689.7566881589555,3640.249810253588,67.66666666666667,51.125861507252075,50.34488496814665,120991.15823309211,0.0,0.0,20.469602263118773,0.5591351188569169,2.454925152051146e-12,22.667998508806694,0.0,23,0
43,170.4867265520925,111.60452431413084,-9.184634099572932,23.177777960923432,31.51585407650708,44.99777426214152,23.413302358867377,geometry_seed_4517_pareto,geometry_knee,0.020312352602608864,3689.7566881589555,3639.9273306039527,64.33333333333333,53.580041878881254,52.277563990081234,104221.48421920848,0.0,0.0,20.78621086419948,0.5591351188569169,2.454925152051146e-12,42.23212731878488,0.0,23,0
44,170.4867265520925,111.60452431413084,-10.238581500356574,23.26257954470429,31.48250335803316,44.98671185529941,44.86860191516487,geometry_seed_4517_pareto,geometry_knee,0.020020318971710013,3689.7566881589555,3640.249810253588,67.66666666666667,51.125861507252075,51.19639771771896,121995.2519249107,0.0,0.0,20.469602263118773,0.5591351188569169,2.454925152051146e-12,21.821701391575825,0.0,23,0
44,170.4867265520925,111.60452431413084,-10.227256134940085,23.27861232678126,31.408486638220943,44.99952293701362,42.52854593580119,geometry_seed_4517_pareto,geometry_knee,0.020042842978233468,3689.7566881589555,3640.249810253588,67.66666666666667,51.125861507252075,50.565180747817635,120093.88330110752,0.0,0.0,20.469602263118773,0.5591351188569169,2.454925152051146e-12,23.762152480799156,0.0,23,0
46,170.4867265520925,111.60452431413084,-10.44008056902686,23.27861232678126,31.408486638220943,43.36786894234832,43.64272649919376,geometry_seed_4517_pareto,geometry_knee,0.020067583643862012,3689.7566881589555,3640.249810253588,67.33333333333333,51.389647262888644,51.16895305147963,118679.7599376199,0.0,0.0,20.469602263118773,0.5591351188569169,2.454925152051146e-12,20.364114172412503,0.0,23,0
46,170.4867265520925,111.60452431413084,-10.23488692611962,23.27686739251121,31.40211111937998,44.93464468579621,42.823107535372586,geometry_seed_4517_pareto,geometry_knee,0.02004051248511392,3689.7566881589555,3640.249810253588,67.66666666666667,51.125861507252075,50.565180747817635,120224.64317132486,0.0,0.0,20.469602263118773,0.5591351188569169,2.454925152051146e-12,23.40209059146103,0.0,23,0
32,172.731154944562,105.85775234949826,-10.623578885651504,24.62792694675444,34.37263945461813,44.92520133128993,43.30394455818201,geometry_seed_1701_pareto,geometry_knee,0.02199457508305393,3689.7566881589555,3608.0319939234396,65.33333333333333,54.623711674743085,56.329157947726564,125078.61340546825,0.0,0.0,40.30295482525033,0.48808506938909774,2.1032064978498966e-12,21.636573457972464,0.0,23,0
34,172.731154944562,105.85775234949826,-10.626065385131817,24.62792694675444,34.37263945461813,44.90613816860749,43.30394455818201,geometry_seed_1701_pareto,geometry_knee,0.02199457508305393,3689.7566881589555,3608.0319939234396,65.33333333333333,54.623711674743085,56.329157947726564,125052.3759943345,0.0,0.0,40.30295482525033,0.48808506938909774,2.1032064978498966e-12,21.60176246524802,0.0,23,0
36,172.731154944562,105.85775234949826,-10.636874364750431,24.62669265996449,34.34397703016333,44.79460690040997,43.67253437163416,geometry_seed_1701_pareto,geometry_knee,0.022175358414526242,3689.7566881589555,3605.185308113567,64.66666666666667,55.070453691936564,57.00787459368311,125035.4886631752,0.0,0.0,43.13735273189983,0.48808506938909774,2.3376856006507296e-12,21.094843720738538,0.0,23,0
37,172.731154944562,105.85775234949826,-10.624011950325354,24.62792694675444,34.37263945461813,44.9218811687904,42.58580746789068,geometry_seed_1701_pareto,geometry_knee,0.02199457508305393,3689.7566881589555,3608.0319939234396,65.33333333333333,54.623711674743085,56.329157947726564,124515.87304673728,0.0,0.0,40.30295482525033,0.48808506938909774,2.1032064978498966e-12,22.22375423582268,0.0,23,0
38,172.731154944562,105.85775234949826,-10.599247047585202,24.62792694675444,34.19745378077472,44.93655974928812,42.58580746789068,geometry_seed_1701_pareto,geometry_knee,0.02193207261615106,3689.7566881589555,3605.185308113567,65.0,54.7778480967038,56.96626815788101,124177.56132242084,0.0,0.0,43.13735273189983,0.48808506938909774,2.3376856006507296e-12,22.250558600209825,0.0,23,0
42,172.731154944562,105.85775234949826,-10.617359909052617,24.62669265996449,34.34397703016333,44.94421772742657,43.67253437163416,geometry_seed_1701_pareto,geometry_knee,0.022004741667061258,3689.7566881589555,3605.185308113567,65.0,54.7778480967038,56.64864677907556,125242.31375580537,0.0,0.0,43.13735273189983,0.48808506938909774,2.3376856006507296e-12,21.368046100507982,0.0,23,0
43,172.731154944562,105.85775234949826,-10.619882604571927,24.62669265996449,34.21370686879476,44.79460690040997,43.67253437163416,geometry_seed_1701_pareto,geometry_knee,0.022113803127446933,3689.7566881589555,3605.185308113567,64.66666666666667,55.070453691936564,57.13005196629712,124847.56581986598,0.0,0.0,43.13735273189983,0.48808506938909774,2.3376856006507296e-12,21.094843720738538,0.0,23,0
43,172.731154944562,105.85775234949826,-10.68227752237172,24.62669265996449,34.34397703016333,44.44651602531344,44.73801995681727,geometry_seed_1701_pareto,geometry_knee,0.022086381095838523,3689.7566881589555,3605.185308113567,65.0,54.7778480967038,56.890877185777775,125376.33522661756,0.0,0.0,43.13735273189983,0.48808506938909774,2.3376856006507296e-12,20.111327296852778,0.0,23,0
44,172.731154944562,105.85775234949826,-10.653049767301276,24.62669265996449,34.42653176563091,44.75315021632107,37.344825790466416,geometry_seed_1701_pareto,geometry_knee,0.022152849778368417,3689.7566881589555,3608.0319939234396,64.66666666666667,55.09681189387984,57.48811062367732,120193.25372278526,0.0,0.0,40.30295482525033,0.48808506938909774,2.1032064978498966e-12,26.636815160412084,0.0,23,0
44,172.731154944562,105.85775234949826,-10.632884681687244,24.62669265996449,34.34397703016333,44.82519447056109,42.79708509464224,geometry_seed_1701_pareto,geometry_knee,0.022175358414526242,3689.7566881589555,3605.185308113567,64.66666666666667,55.070453691936564,57.00787459368311,124398.93500189966,0.0,0.0,43.13735273189983,0.48808506938909774,2.3376856006507296e-12,21.8738965124426,0.0,23,0
46,172.731154944562,105.85775234949826,-10.712597263669856,24.62669265996449,34.42653176563091,44.296619410828654,44.170450262734576,geometry_seed_1701_pareto,geometry_knee,0.022079977154994716,3689.7566881589555,3608.0319939234396,65.0,54.916317269975856,57.63865504033049,124956.93131459715,0.0,0.0,40.30295482525033,0.48808506938909774,2.1032064978498966e-12,19.774153438420143,0.0,23,0
28,175.32244227112133,105.13382114693334,-9.65341996989373,24.02497319701072,33.917363893546806,44.99997442417751,27.00952752669614,geometry_seed_4517_pareto,geometry_knee,0.02178524125795891,3689.7566881589555,3612.303647945397,61.666666666666664,56.599078426049914,58.25062215205929,110804.72653025574,0.0,0.0,41.91266099428181,0.5220588010401578,2.7995383788947947e-12,38.00174286111506,0.0,23,0
32,175.32244227112133,105.13382114693334,-9.65341996989373,24.02824639377121,33.917363893546806,44.99997442417751,27.00952752669614,geometry_seed_4517_pareto,geometry_knee,0.02178524125795891,3689.7566881589555,3612.303647945397,61.666666666666664,56.599078426049914,58.25062215205929,110807.61648683931,0.0,0.0,41.91266099428181,0.5220588010401578,2.7995383788947947e-12,37.99846966435457,0.0,23,0
33,175.32244227112133,105.13382114693334,-9.6552626666453,24.02497319701072,33.917363893546806,44.98584708241548,27.00952752669614,geometry_seed_4517_pareto,geometry_knee,0.02178524125795891,3689.7566881589555,3612.303647945397,61.666666666666664,56.599078426049914,58.25062215205929,110784.74766642005,0.0,0.0,41.91266099428181,0.5220588010401578,2.7995383788947947e-12,37.97471664209204,0.0,23,0
34,175.32244227112133,105.13382114693334,-10.43723603692532,24.01530408062617,33.917363893546806,44.99997442417751,33.01878404060501,geometry_seed_4517_pareto,geometry_knee,0.021705389237678886,3689.7566881589555,3615.1567367159164,62.666666666666664,55.789262165632216,58.17646997581826,115957.87806894541,0.0,0.0,39.066582341219096,0.5220588010401578,2.3376856006507296e-12,32.00215546359074,0.0,23,0
35,175.32244227112133,105.13382114693334,-9.703074806146638,24.02821055116741,33.917363893546806,44.99997442417751,27.39021460463509,geometry_seed_4517_pareto,geometry_knee,0.02178524125795891,3689.7566881589555,3612.303647945397,61.666666666666664,56.599078426049914,58.25062215205929,111132.66149764632,0.0,0.0,41.91266099428181,0.5220588010401578,2.7995383788947947e-12,37.61781842901942,0.0,23,0
35,175.32244227112133,105.13382114693334,-9.6552626666453,24.025009039614503,33.917363893546806,44.98584708241548,27.00952752669614,geometry_seed_4517_pareto,geometry_knee,0.02178524125795891,3689.7566881589555,3612.303647945397,61.666666666666664,56.599078426049914,58.25062215205929,110784.77931257644,0.0,0.0,41.91266099428181,0.5220588010401578,2.7995383788947947e-12,37.97468079948826,0.0,23,0
36,175.32244227112133,105.13382114693334,-9.703114481548027,24.01839876048304,33.917363893546806,44.99967024610016,27.39021460463509,geometry_seed_4517_pareto,geometry_knee,0.021760026641967304,3689.7566881589555,3612.303647945397,61.666666666666664,56.599078426049914,58.25868392781547,111125.11163113092,0.0,0.0,41.91266099428181,0.5220588010401578,2.7995383788947947e-12,37.62704831381669,0.0,23,0
37,175.32244227112133,105.13382114693334,-9.797183731432462,24.011449055165325,34.036685536010395,44.98036784653968,28.09210978752192,geometry_seed_4517_pareto,geometry_knee,0.021736220999584294,3689.7566881589555,3612.303647945397,62.0,56.19319718364485,58.837250013690436,111865.54551310507,0.0,0.0,41.91266099428181,0.5220588010401578,2.7995383788947947e-12,36.90555230165044,0.0,23,0
38,175.32244227112133,105.13382114693334,-10.554481780101732,24.003545031047388,33.917363893546806,44.99967024610016,44.948753854401936,geometry_seed_4517_pareto,geometry_knee,0.02167201044336968,3689.7566881589555,3615.1567367159164,62.666666666666664,55.789262165632216,58.07959675135519,125489.65561920824,0.0,0.0,39.066582341219096,0.5220588010401578,2.3376856006507296e-12,21.038186582107826,0.0,23,0
39,175.32244227112133,105.13382114693334,-9.106921352286854,24.10307344427861,33.87148535519583,44.999670565412224,22.81940093294481,geometry_seed_4517_pareto,geometry_knee,0.021994213074287585,3689.7566881589555,3616.263382213059,59.0,58.9335321576433,58.51212932223211,107316.6307962855,0.0,0.0,37.97635346967686,0.5220588010401578,2.2737367544323206e-12,42.10919847445178,0.0,23,0
41,175.32244227112133,105.13382114693334,-8.877116045088982,24.08581622142414,33.87148535519583,44.999670565412224,21.05756024442779,geometry_seed_4517_pareto,geometry_knee,0.0222523158501902,3689.7566881589555,3602.4681109313337,56.333333333333336,61.05338718719486,60.6794112457531,105357.44807720429,0.0,0.0,51.745938890841366,0.6941868446688136,2.2737367544323206e-12,43.88829638582327,0.0,23,0
42,175.32244227112133,105.13382114693334,-8.877088178423758,24.08581622142414,33.87148535519583,44.9998842098456,21.05756024442779,geometry_seed_4517_pareto,geometry_knee,0.0222523158501902,3689.7566881589555,3602.4681109313337,56.333333333333336,61.05338718719486,60.6794112457531,105357.75168776997,0.0,0.0,51.745938890841366,0.6941868446688136,2.2737367544323206e-12,43.88870509691319,0.0,23,0
43,175.32244227112133,105.13382114693334,-8.783424239370042,24.08581622142414,33.83012418723744,44.999670565412224,20.33925640058261,geometry_seed_4517_pareto,geometry_knee,0.022632651716978505,3689.7566881589555,3602.197593348017,55.333333333333336,62.41220187848224,61.22785053495351,104650.30933595529,0.0,0.0,51.74639358320828,0.7684167377812919,2.7569058147491887e-12,44.60300360636771,0.0,23,0
44,175.32244227112133,105.13382114693334,-9.175894165435786,24.08581622142414,33.87148535519583,44.9998842098456,23.34840614485336,geometry_seed_4517_pareto,geometry_knee,0.022027844631941382,3689.7566881589555,3602.4519388586727,58.666666666666664,59.028512187146866,59.131588689819786,107332.57703473624,0.0,0.0,51.75294900829757,0.5220588010401578,2.2737367544323206e-12,41.59785919648763,0.0,23,0
44,175.32244227112133,105.13382114693334,-8.837208642821423,24.070524643423703,33.769045604576256,44.9867636915818,20.738696619879427,geometry_seed_4517_pareto,geometry_knee,0.02245814043120493,3689.7566881589555,3602.661973967641,55.666666666666664,62.00811410061383,60.92594143428076,104891.14785606688,0.0,0.0,51.282452482711676,0.7155449122878285,2.2737367544323206e-12,44.18885237316434,0.0,23,0
45,175.32244227112133,105.13382114693334,-9.86880600945848,24.08812103519958,33.876121150926814,44.999670565412224,28.660516637927312,geometry_seed_4517_pareto,geometry_knee,0.02184964292639056,3689.7566881589555,3616.269253261613,61.333333333333336,56.709195173923426,58.254653039937374,112320.71649094997,0.0,0.0,37.97635346967686,0.5220588010401578,2.2737367544323206e-12,36.28343829122056,0.0,23,0
45,175.32244227112133,105.13382114693334,-8.944480339572074,24.011449055165325,34.036685536010395,44.99931483300045,21.57366410305304,geometry_seed_4517_pareto,geometry_knee,0.02200520966750469,3689.7566881589555,3608.004814508456,57.666666666666664,59.90471114474394,60.42220222036368,106161.1666784737,0.0,0.0,46.20338899183566,0.644680415710324,2.2737367544323206e-12,43.460244395000785,0.0,23,0
45,175.32244227112133,105.13382114693334,-9.729832280528695,24.08581622142414,33.87148535519583,44.980625111509866,27.57600592889662,geometry_seed_4517_pareto,geometry_knee,0.021873452696151152,3689.7566881589555,3606.761098046392,61.666666666666664,56.485965162804895,58.11037957533341,111060.84866799224,0.0,0.0,47.45521089328751,0.5220588010401578,2.2737367544323206e-12,37.33341591997602,0.0,23,0
46,175.32244227112133,105.13382114693334,-10.552883174590711,24.08581622142414,33.87148535519583,44.9660476833337,44.19543998354199,geometry_seed_4517_pareto,geometry_knee,0.02184472020750779,3689.7566881589555,3609.6141868169107,62.333333333333336,55.98431736723955,58.1009135266201,124664.30954515807,0.0,0.0,44.6091322402248,0.5220588010401578,2.2737367544323206e-12,21.51682043130272,0.0,23,0
34,4579.685006162182,97.9934636308265,-7.491532934409193,24.840199190557083,35.62876607260166,10.146519971618932,44.71143414114837,geometry_seed_1701_pareto,geometry_knee,0.0403597658913439,3689.7566881589555,995.3062243041632,43.666666666666664,21.300800590236765,14.907461559933799,21089.916532962332,237.0,1.0,2643.219298124654,78.89099586386943,7.275957614183426e-12,66.74360716428963,0.0,23,0
35,4587.512809506568,97.53512508928969,-7.499923043842376,27.4706829546584,25.02488304413593,10.035769086865349,44.53635908407374,geometry_seed_2903_pareto,geometry_knee,0.04186686655779981,3689.7566881589555,999.3683921106509,43.333333333333336,21.609298543494475,14.485994301166594,17125.570426380156,237.0,1.0,2606.122623431074,73.57608891820239,3.637978807091713e-12,50.632102651325745,0.0,23,0
40,4587.5128095065675,97.53512508928969,-7.5045922369456335,33.05492919032714,28.55240468808533,10.035769086865349,44.500561936948735,geometry_seed_2903_pareto,geometry_knee,0.04301739933313267,3689.7566881589555,998.4426734089535,42.666666666666664,22.08885582132072,15.04776974464545,20010.539676287124,237.0,1.0,2628.37598129097,76.02513017126249,3.183231456205249e-12,55.873810727352144,0.0,23,0
20,4592.057502120307,97.35569106497964,-7.568000855702301,30.58686203103266,44.94626946777686,10.98853126209155,44.96719136837381,geometry_seed_1701_pareto,geometry_knee,0.04083906747436354,3689.7566881589555,1008.8779863860663,43.0,22.421992463672556,17.0383304376083,26962.16453650656,236.66666666666666,1.0,2633.7540841081104,80.03413769022409,7.275957614183426e-12,76.84567069834887,0.0,23,0
22,4592.057502120307,97.35569106497964,-7.570729799258427,30.419894465970795,44.94626946777686,10.98853126209155,44.90198257103692,geometry_seed_1701_pareto,geometry_knee,0.03915717058088475,3689.7566881589555,1008.029371978548,44.0,21.923908538574054,16.97923074081217,26886.9157312715,236.66666666666666,1.0,2636.178689915067,80.43548075095838,6.366462912410498e-12,76.91839162867177,0.0,23,0
24,4592.057502120307,97.35569106497964,-7.568000855702301,30.593876498161816,44.94626946777686,10.98853126209155,44.96719136837381,geometry_seed_1701_pareto,geometry_knee,0.04083906747436354,3689.7566881589555,1008.8779863860663,43.0,22.421992463672556,17.0383304376083,26963.841626861842,236.66666666666666,1.0,2633.7540841081104,80.0339741039536,7.275957614183426e-12,76.83987613854649,0.0,23,0
36,4592.057502120307,97.35569106497964,-7.567925658443038,30.58686203103266,44.94626946777686,10.98853126209155,44.96776788069484,geometry_seed_1701_pareto,geometry_knee,0.04083906747436354,3689.7566881589555,1008.8779863860663,43.0,22.421992463672556,17.0383304376083,26962.298368711152,236.66666666666666,1.0,2633.7540841081104,80.03413769022409,7.275957614183426e-12,76.8462472106699,0.0,23,0
39,4592.057502120307,97.35569106497964,-7.570729799258427,30.58686203103266,44.94626946777686,10.98853126209155,44.921664645326985,geometry_seed_1701_pareto,geometry_knee,0.03915717058088475,3689.7566881589555,1008.029371978548,44.0,21.923908538574054,16.97923074081217,26926.551723225875,236.66666666666666,1.0,2634.602698515628,80.03413769022409,7.275957614183426e-12,76.80014397530203,0.0,23,0
26,4593.285199862044,89.90353365484194,-8.153606097488261,38.791545314492645,38.936827976227,11.504313117345456,40.99333303660207,geometry_seed_1701_pareto,geometry_knee,0.04355695218720198,3689.7566881589555,997.4075691367447,42.0,21.951418213280608,16.82964603034142,25405.93361246013,237.0,1.0,2622.5562830612325,80.83195245099667,7.275957614183426e-12,54.656114815320336,0.0,23,0
28,4593.285199862044,89.90353365484194,-8.153606097488261,38.791545314492645,38.95710062834987,11.504313117345456,40.99333303660207,geometry_seed_1701_pareto,geometry_knee,0.04355695218720198,3689.7566881589555,997.4075691367447,42.0,21.951418213280608,16.82964603034142,25414.18553334335,237.0,1.0,2622.5562830612325,80.831952448884,7.275957614183426e-12,54.69137160162097,0.0,23,0
32,4593.285199862044,89.90353365484194,-8.153606097488261,38.791545314492645,38.83375097633146,11.504313117345456,40.99333303660207,geometry_seed_1701_pareto,geometry_knee,0.04355695218720198,3689.7566881589555,997.4075691367447,42.0,21.951418213280608,16.82964603034142,25361.808836349257,237.0,1.0,2622.556283061233,80.8298517232236,7.275957614183426e-12,54.4768504676759,0.0,23,0
35,4593.285199862044,89.90353365484194,-8.153606097488261,38.791545314492645,39.10138280965823,11.504313117345456,40.99333303660207,geometry_seed_1701_pareto,geometry_knee,0.04355695218720198,3689.7566881589555,997.4075691367447,42.0,21.951418213280608,16.82964603034142,25473.2890162816,237.0,1.0,2622.5562830612325,80.83338764653152,7.275957614183426e-12,54.94229713433117,0.0,23,0
36,4593.285199862044,89.90353365484194,-8.151507906592016,38.791545314492645,38.75641445583473,11.488226987140925,40.99333303660207,geometry_seed_1701_pareto,geometry_knee,0.043274383846469894,3689.7566881589555,997.4075691367447,41.666666666666664,22.172126505130336,17.210430911033907,25319.850690454317,237.0,1.0,2622.556283061233,80.82871775221751,7.275957614183426e-12,54.43727764040471,0.0,23,0
37,4593.285199862044,89.90353365484194,-8.153606097488261,38.791545314492645,34.87712887832208,11.504313117345456,40.99333303660207,geometry_seed_1701_pareto,geometry_knee,0.04355695218720198,3689.7566881589555,997.4075691367447,42.0,21.951418213280608,16.82964603034142,23734.5033667369,237.0,1.0,2623.876806463664,80.79256522311674,7.275957614183426e-12,54.74383335457976,0.0,23,0
42,4593.285199862044,89.90353365484194,-8.155921903985629,38.80411785277088,38.83375097633146,11.503663159747918,40.9749285625247,geometry_seed_1701_pareto,geometry_knee,0.04327353193472708,3689.7566881589555,997.4075691367447,41.666666666666664,22.172126505130336,17.210430911033907,25356.252436885978,237.0,1.0,2622.556283061233,80.8298517232236,7.275957614183426e-12,54.44930338085964,0.0,23,0
44,4593.285199862044,89.90353365484194,-8.155921903985629,30.66430235584344,39.13268288733242,11.503663159747918,40.9749285625247,geometry_seed_1701_pareto,geometry_knee,0.04327353193472708,3689.7566881589555,997.4075691367447,41.666666666666664,22.172126505130336,17.210430911033907,23608.30166552238,237.0,1.0,2632.0970178178563,79.55235626619687,7.275957614183426e-12,61.693380375714405,0.0,23,0
22,4593.285199862045,87.462032661816,-8.15385752065027,36.385839306011896,37.411500151846646,11.486700624059877,40.97379296574106,geometry_seed_1701_pareto,geometry_knee,0.044214480179823545,3689.7566881589555,997.4075691367447,41.0,22.516182844602014,17.145243886970487,24215.617958465024,237.0,1.0,2622.949292116459,80.99461375397557,6.366462912410498e-12,54.00484652230651,0.0,23,0
37,4593.285199862045,87.462032661816,-8.15385752065027,36.385839306011896,36.94260111656228,11.486700624059877,40.97379296574106,geometry_seed_1701_pareto,geometry_knee,0.044214480179823545,3689.7566881589555,997.4075691367447,41.0,22.516182844602014,17.145243886970487,24021.646763891807,237.0,1.0,2621.876393383531,80.98940012011597,6.366462912410498e-12,53.18936993920326,0.0,23,0
38,4593.285199862045,87.462032661816,-8.1537760077548,38.74287009298339,36.94260111656228,11.486296844683618,40.97401411856343,geometry_seed_1701_pareto,geometry_knee,0.044214480179823545,3689.7566881589555,997.4075691367447,41.0,22.516182844602014,17.145243886970487,24562.173646688854,237.0,1.0,2623.8821761149934,80.80526441743375,5.4569682106375694e-12,54.53069884636406,0.0,23,0
39,4593.285199862045,87.462032661816,-8.1537760077548,36.28939623205196,36.94260111656228,11.486296844683618,40.97401411856343,geometry_seed_1701_pareto,geometry_knee,0.044214480179823545,3689.7566881589555,997.4075691367447,41.0,22.516182844602014,17.145243886970487,23999.660031913954,237.0,1.0,2621.812192367655,80.98940014125326,6.366462912410498e-12,53.27003390497322,0.0,23,0
40,4593.285199862045,87.462032661816,-7.87058953638158,37.86301011096421,43.14511039909144,11.486296844683618,40.97401411856343,geometry_seed_1701_pareto,geometry_knee,0.044214480179823545,3689.7566881589555,997.4075691367447,41.0,22.516182844602014,17.145243886970487,26887.94060305641,237.0,1.0,2622.6697821038674,80.58210019220613,5.4569682106375694e-12,62.75706467027034,0.0,23,0
45,4593.285199862045,87.462032661816,-8.1537760077548,36.28939623205196,36.27448993865427,11.486296844683618,40.97401411856343,geometry_seed_1701_pareto,geometry_knee,0.044214480179823545,3689.7566881589555,997.4075691367447,41.0,22.516182844602014,17.145243886970487,23723.84823867782,237.0,1.0,2616.5195809534957,80.97944068371166,6.366462912410498e-12,52.13532160959854,0.0,23,0
17,4833.040493502702,82.59588182266711,-6.894829891705932,25.93243165410791,26.640707524654907,5.847947338640437,44.98758483556156,geometry_seed_2903_pareto,geometry_knee,0.05074218975009257,3689.7566881589555,873.2835898097334,39.666666666666664,21.078784804463112,15.160570360029432,14091.819599077062,237.66666666666666,1.0,2714.62678827739,70.46244640268756,3.410605131648481e-12,58.70942903808186,0.0,23,0
21,4833.040493502702,82.59588182266711,-6.894829891705932,25.921784563974462,26.640707524654907,5.847947338640437,44.98758483556156,geometry_seed_2903_pareto,geometry_knee,0.05074218975009257,3689.7566881589555,873.2835898097334,39.666666666666664,21.078784804463112,15.160570360029432,14089.536572752215,237.66666666666666,1.0,2714.62678827739,70.46244640268756,3.410605131648481e-12,58.71822446036601,0.0,23,0
24,4833.040493502702,82.59588182266711,-6.894829891705932,25.921784563974462,27.084868432466664,5.847947338640437,44.98758483556156,geometry_seed_2903_pareto,geometry_knee,0.05074218975009257,3689.7566881589555,873.2835898097334,39.666666666666664,21.078784804463112,15.160570360029432,14250.911302925562,237.66666666666666,1.0,2714.4821982634053,70.46074604548049,3.410605131648481e-12,59.4906782130821,0.0,23,0
25,4833.040493502702,82.59588182266711,-6.893962376610226,25.738131392995093,27.084868432466664,5.847947338640437,44.99423578462863,geometry_seed_2903_pareto,geometry_knee,0.05074218975009257,3689.7566881589555,873.2835898097334,39.666666666666664,21.078784804463112,15.160570360029432,14213.651276646757,237.66666666666666,1.0,2714.227852752749,70.4608856762237,3.410605131648481e-12,59.64904265121909,0.0,23,0
35,4833.040493502702,82.59588182266711,-6.893947282706378,25.738131392995093,27.084868432466664,5.847947338640437,44.9943515045581,geometry_seed_2903_pareto,geometry_knee,0.05074218975009257,3689.7566881589555,873.2835898097334,39.666666666666664,21.078784804463112,15.160570360029432,14213.674201412856,237.66666666666666,1.0,2714.227852752749,70.4608856762237,3.410605131648481e-12,59.64915837114856,0.0,23,0
36,4833.040493502702,82.59588182266711,-6.894829891705932,25.93309618988343,26.640707524654907,5.847947338640437,44.98758483556156,geometry_seed_2903_pareto,geometry_knee,0.05074218975009257,3689.7566881589555,873.2835898097334,39.666666666666664,21.078784804463112,15.160570360029432,14091.962091128496,237.66666666666666,1.0,2714.62678827739,70.46244640268756,3.410605131648481e-12,58.708880073745554,0.0,23,0
43,4833.040493502702,82.59588182266711,-6.893941238023714,25.93243165410791,26.64360416915295,5.847947338640437,44.994397847125214,geometry_seed_2903_pareto,geometry_knee,0.05074218975009257,3689.7566881589555,873.2835898097334,39.666666666666664,21.078784804463112,15.160570360029432,14094.206316652466,237.66666666666666,1.0,2714.62678827739,70.46244640268756,3.410605131648481e-12,58.72127969225082,0.0,23,0
17,4848.158505797135,81.01093792831249,-6.734435326647954,34.3495946644363,21.579764024231288,4.268846822616016,44.63817598498159,geometry_seed_2903_pareto,geometry_knee,0.045375949856114824,3689.7566881589555,858.6575808296834,41.666666666666664,19.85995223537341,15.244263814221085,13527.754881901443,238.0,1.0,2754.9665005110255,64.53469144080681,2.2737367544323206e-12,68.94477985621933,0.0,23,0
17,4848.158505797135,81.01093792831249,-6.734435326647954,39.47723784873367,29.98059188242985,4.268846822616016,44.63817598498159,geometry_seed_2903_pareto,geometry_knee,0.045375949856114824,3689.7566881589555,858.6575808296834,41.666666666666664,19.85995223537341,15.244263814221085,17499.50659056636,238.0,1.0,2763.9752531110353,70.47050583316408,3.183231456205249e-12,73.34191627023856,0.0,23,0
18,4848.158505797135,81.01093792831249,-6.734435326647954,39.397776098898994,21.579764024231288,4.268846822616016,44.63817598498159,geometry_seed_2903_pareto,geometry_knee,0.045375949856114824,3689.7566881589555,858.6575808296834,41.666666666666664,19.85995223537341,15.244263814221085,14554.295728478448,238.0,1.0,2763.6009291119294,65.3562119034818,2.5011104298755527e-12,73.99296129068202,0.0,23,0
20,4848.158505797135,81.01093792831249,-6.733156551408186,33.28744686845812,27.38577792991267,4.268846822616016,44.64797992848648,geometry_seed_2903_pareto,geometry_knee,0.045375949856114824,3689.7566881589555,858.6575808296834,41.666666666666664,19.85995223537341,15.244263814221085,15343.76259683168,238.0,1.0,2769.9290588596664,69.22457504076041,3.183231456205249e-12,67.38756522933895,0.0,23,0
22,4848.158505797135,81.01093792831249,-6.734435326647954,32.4634169707041,21.579764024231288,4.268846822616016,44.63817598498159,geometry_seed_2903_pareto,geometry_knee,0.045375949856114824,3689.7566881589555,858.6575808296834,41.666666666666664,19.85995223537341,15.244263814221085,13138.648285729265,238.0,1.0,2768.334514412094,64.03138120716389,2.7284841053187847e-12,67.05860216248712,0.0,23,0
25,4848.158505797135,81.01093792831249,-6.734435326647954,34.58009168335926,21.55398516253104,4.268846822616016,44.63817598498159,geometry_seed_2903_pareto,geometry_knee,0.045375949856114824,3689.7566881589555,858.6575808296834,41.666666666666664,19.85995223537341,15.244263814221085,13566.679128566422,238.0,1.0,2755.1563946537512,64.98251259517374,1.8189894035458565e-12,69.17751851529012,0.0,23,0
26,4848.158505797135,81.01093792831249,-6.734379964003068,33.28744686845812,26.99450553769296,4.268846822616016,44.638600431925695,geometry_seed_2903_pareto,geometry_knee,0.045375949856114824,3689.7566881589555,858.6575808296834,41.666666666666664,19.85995223537341,15.244263814221085,15197.524342776907,238.0,1.0,2769.935118534136,69.06529505365143,3.410605131648481e-12,67.41220941905814,0.0,23,0
27,4848.158505797135,81.01093792831249,-6.734379964003068,33.20103287173117,27.007313676459223,4.268846822616016,44.638600431925695,geometry_seed_2903_pareto,geometry_knee,0.045375949856114824,3689.7566881589555,858.6575808296834,41.666666666666664,19.85995223537341,15.244263814221085,15184.791977224852,238.0,1.0,2769.935118534136,69.06606758586233,3.410605131648481e-12,67.32468167113413,0.0,23,0
28,4848.158505797135,81.01093792831249,-6.667488931545705,25.52323776227963,20.4471211440248,4.096019011661207,44.97860386981076,geometry_seed_2903_pareto,geometry_knee,0.04581881674696082,3689.7566881589555,857.2814020610884,41.0,20.033800844076044,15.676835739712367,11310.961948776612,238.0,1.0,2753.6272280442395,60.59365941258394,2.9558577807620168e-12,60.88796864073637,0.0,23,0
28,4848.158505797135,81.01093792831249,-6.732907330441904,33.28744686845812,26.99450553769296,4.268846822616016,44.64989062256129,geometry_seed_2903_pareto,geometry_knee,0.045375949856114824,3689.7566881589555,858.6575808296834,41.666666666666664,19.85995223537341,15.244263814221085,15199.697217365436,238.0,1.0,2769.935118534136,69.06529505365143,3.410605131648481e-12,67.42349960969374,0.0,23,0
29,4848.158505797135,81.01093792831249,-6.732907330441904,33.08743610492866,26.99450553769296,4.268846822616016,44.64989062256129,geometry_seed_2903_pareto,geometry_knee,0.045375949856114824,3689.7566881589555,858.6575808296834,41.666666666666664,19.85995223537341,15.244263814221085,15159.224261148853,238.0,1.0,2769.935118534136,69.06606758586233,3.410605131648481e-12,67.22348884616429,0.0,23,0
32,4848.158505797135,81.01093792831249,-6.666419825748889,25.52213494028885,30.93552149002862,4.096019011661207,44.986800347586296,geometry_seed_2903_pareto,geometry_knee,0.045928482188598733,3689.7566881589555,857.2814020610882,40.666666666666664,20.14858059334898,15.708971180299736,14998.385241834638,238.0,1.0,2750.745961010681,70.6967650329563,3.183231456205249e-12,69.86834205291515,0.0,23,0
33,4848.158505797135,81.01093792831249,-6.734379964003068,33.305369563870684,28.359721041928,4.268846822616016,44.638600431925695,geometry_seed_2903_pareto,geometry_knee,0.045375949856114824,3689.7566881589555,858.6575808296834,41.666666666666664,19.85995223537341,15.244263814221085,15689.692615820095,238.0,1.0,2769.9295602568914,70.95092241344007,3.410605131648481e-12,67.3114177227981,0.0,23,0
33,4848.158505797135,81.01093792831249,-6.733156551408186,34.92182394545996,27.008558714326,4.268846822616016,44.64797992848648,geometry_seed_2903_pareto,geometry_knee,0.045375949856114824,3689.7566881589555,858.6575808296834,41.666666666666664,19.85995223537341,15.244263814221085,15541.389991480086,238.0,1.0,2759.2989756654692,70.10175001851972,3.637978807091713e-12,69.05474397726138,0.0,23,0
36,4848.158505797135,81.01093792831249,-6.758625238354476,33.28744686845812,28.56284504810921,4.332959440986128,44.51683261360172,geometry_seed_2903_pareto,geometry_knee,0.045371009789165716,3689.7566881589555,858.6575808296834,41.333333333333336,19.968220669677237,15.594885861475456,15746.608958548917,238.0,1.0,2769.9295602568914,70.95795553612876,3.410605131648481e-12,67.03141402555515,0.0,23,0
36,4848.158505797135,81.01093792831249,-6.733156551408186,34.92182394545996,26.73110750414676,4.268846822616016,44.64797992848648,geometry_seed_2903_pareto,geometry_knee,0.045375949856114824,3689.7566881589555,858.6575808296834,41.666666666666664,19.85995223537341,15.244263814221085,15442.62501285818,238.0,1.0,2756.546036676113,69.98072373593304,3.637978807091713e-12,69.07887016945088,0.0,23,0
37,4848.158505797135,81.01093792831249,-6.734379063487296,33.305369563870684,28.08087568208093,4.268846822616016,44.63860733587995,geometry_seed_2903_pareto,geometry_knee,0.045375949856114824,3689.7566881589555,858.6575808296834,41.666666666666664,19.85995223537341,15.244263814221085,15588.619040483429,238.0,1.0,2769.9290588596664,70.96966895802694,3.183231456205249e-12,67.33567204934775,0.0,23,0
39,4848.158505797135,81.01093792831249,-6.734435326647954,39.404890856585496,21.41313282997181,4.268846822616016,44.63817598498159,geometry_seed_2903_pareto,geometry_knee,0.045375949856114824,3689.7566881589555,858.6575808296834,41.666666666666664,19.85995223537341,15.244263814221085,14499.278597689728,238.0,1.0,2763.607525384441,61.94884261189847,2.5011104298755527e-12,74.01456571743455,0.0,23,0
40,4848.158505797135,81.01093792831249,-6.734435326647954,34.58009168335926,21.53272233661734,4.268846822616016,44.63817598498159,geometry_seed_2903_pareto,geometry_knee,0.045375949856114824,3689.7566881589555,858.6575808296834,41.666666666666664,19.85995223537341,15.244263814221085,13559.609785572053,238.0,1.0,2755.1563946537512,64.98079186175913,1.8189894035458565e-12,69.17936745667392,0.0,23,0
40,4848.158505797135,81.01093792831249,-6.734379964003068,33.28744686845812,25.83517361955218,4.268846822616016,44.638600431925695,geometry_seed_2903_pareto,geometry_knee,0.045375949856114824,3689.7566881589555,858.6575808296834,41.666666666666664,19.85995223537341,15.244263814221085,14787.812086868298,238.0,1.0,2766.8059982823106,65.91568457646758,3.865352482534945e-12,67.51302089020082,0.0,23,0
41,4848.158505797135,81.01093792831249,-6.734867151404497,33.305369563870684,30.40042277605149,4.268846822616016,44.6348653285148,geometry_seed_2903_pareto,geometry_knee,0.045375949856114824,3689.7566881589555,858.6575808296834,41.666666666666664,19.85995223537341,15.244263814221085,16405.235947864956,238.0,1.0,2769.924604157443,70.95346317330423,3.410605131648481e-12,67.1302302946808,0.0,23,0
42,4848.158505797135,81.01093792831249,-6.734046592556332,26.07874679780252,36.69836111042699,4.267631671281239,44.63994112834928,geometry_seed_2903_pareto,geometry_knee,0.045375949856114824,3689.7566881589555,858.6575808296834,41.666666666666664,19.85995223537341,15.244263814221085,17142.122861165175,238.0,1.0,2760.5938601131625,75.10446450157858,3.865352482534945e-12,78.7557003336735,0.0,23,0
43,4848.158505797135,81.01093792831249,-6.734435326647954,42.1889410669681,23.081801250046563,4.268846822616016,44.63817598498159,geometry_seed_2903_pareto,geometry_knee,0.045375949856114824,3689.7566881589555,858.6575808296834,41.666666666666664,19.85995223537341,15.244263814221085,15630.264182483028,238.0,1.0,2766.400542788751,63.77465817851438,3.410605131648481e-12,76.65351432607153,0.0,23,0
43,4848.158505797135,81.01093792831249,-6.733868141560674,34.3495946644363,21.579764024231288,4.268846822616016,44.64252440398411,geometry_seed_2903_pareto,geometry_knee,0.045375949856114824,3689.7566881589555,858.6575808296834,41.666666666666664,19.85995223537341,15.244263814221085,13528.591783798189,238.0,1.0,2754.9665005110255,64.53469144080681,2.2737367544323206e-12,68.94912827522185,0.0,23,0
43,4848.158505797135,81.01093792831249,-6.734435326647954,39.27148235665776,21.630803267130293,4.268846822616016,44.63817598498159,geometry_seed_2903_pareto,geometry_knee,0.045375949856114824,3689.7566881589555,858.6575808296834,41.666666666666664,19.85995223537341,15.244263814221085,14547.851852235146,238.0,1.0,2763.6009291119294,64.13414464013535,2.5011104298755527e-12,73.86222935340608,0.0,23,0
43,4848.158505797135,81.01093792831249,-6.734379964003068,34.491065479171645,26.99450553769296,4.268846822616016,44.638600431925695,geometry_seed_2903_pareto,geometry_knee,0.045375949856114824,3689.7566881589555,858.6575808296834,41.666666666666664,19.85995223537341,15.244263814221085,15444.514109211019,238.0,1.0,2759.2989756654692,70.10096476252977,3.637978807091713e-12,68.61582802977168,0.0,23,0
43,4848.158505797135,81.01093792831249,-6.759870147361774,33.28744686845812,28.83163688764914,4.332959440986128,44.507288311212456,geometry_seed_2903_pareto,geometry_knee,0.045371009789165716,3689.7566881589555,858.6575808296834,41.333333333333336,19.968220669677237,15.594885861475456,15840.353235592012,238.0,1.0,2769.9295602568914,70.95216221093095,3.410605131648481e-12,66.99849651972762,0.0,23,0
44,4848.158505797135,81.01093792831249,-6.734460916910066,34.17225200772815,22.448483027431585,4.268846822616016,44.63797979297206,geometry_seed_2903_pareto,geometry_knee,0.045375949856114824,3689.7566881589555,858.6575808296834,41.666666666666664,19.85995223537341,15.244263814221085,13793.980813504006,238.0,1.0,2757.7072770088366,65.05984365996042,2.5011104298755527e-12,68.69170022461466,0.0,23,0
44,4848.158505797135,81.01093792831249,-6.734900079140296,33.28710510176731,28.57769009126992,4.268846822616016,44.63461288254037,geometry_seed_2903_pareto,geometry_knee,0.045375949856114824,3689.7566881589555,858.6575808296834,41.666666666666664,19.85995223537341,15.244263814221085,15761.189192243364,238.0,1.0,2769.9295602568914,70.95795553612876,3.410605131648481e-12,67.27021188093184,0.0,23,0
45,4848.158505797135,81.01093792831249,-6.734435326647954,34.58009168335926,22.93436691022612,4.268846822616016,44.63817598498159,geometry_seed_2903_pareto,geometry_knee,0.045375949856114824,3689.7566881589555,858.6575808296834,41.666666666666664,19.85995223537341,15.244263814221085,14045.662372538956,238.0,1.0,2757.4426057474043,65.15048671906719,2.7284841053187847e-12,69.05748531983838,0.0,23,0
46,4848.158505797135,81.01093792831249,-6.733156551408186,34.92182394545996,26.94112798836703,4.268846822616016,44.64797992848648,geometry_seed_2903_pareto,geometry_knee,0.045375949856114824,3689.7566881589555,858.6575808296834,41.666666666666664,19.85995223537341,15.244263814221085,15517.839020154948,238.0,1.0,2759.2989756654692,70.1003820147836,3.637978807091713e-12,69.06060751864912,0.0,23,0
46,4848.158505797135,81.01093792831249,-6.734435326647954,34.58009168335926,23.001797636185074,4.268846822616016,44.63817598498159,geometry_seed_2903_pareto,geometry_knee,0.045375949856114824,3689.7566881589555,858.6575808296834,41.666666666666664,19.85995223537341,15.244263814221085,14068.602285635172,238.0,1.0,2757.4426057474043,65.14999344142993,2.7284841053187847e-12,69.05162177845064,0.0,23,0
41,4848.158505797135,81.01093792831249,-6.849858899085042,25.648000663953223,29.304123636682224,4.575451844517959,44.05986695153258,geometry_seed_4517_pareto,geometry_knee,0.04561348118373174,3689.7566881589555,858.6575808296834,41.666666666666664,19.691590939599656,14.162219090642317,14377.607390721998,238.0,1.0,2749.624127752742,70.46250989009815,3.637978807091713e-12,65.08304311211464,0.0,23,0
41,4848.158505797135,81.01093792831249,-6.84909741421464,30.80534272687809,34.718023203279614,4.575451844517959,44.06570500220567,geometry_seed_4517_pareto,geometry_knee,0.04561348118373174,3689.7566881589555,858.6575808296834,41.666666666666664,19.691590939599656,14.162219090642317,17374.082667720173,238.0,1.0,2771.1137268868647,70.03008405764452,3.637978807091713e-12,70.24394566141048,0.0,23,0
46,4848.158505797135,81.01093792831249,-6.849858899085042,25.648000663953223,29.2956500181814,4.575451844517959,44.05986695153258,geometry_seed_4517_pareto,geometry_knee,0.04561348118373174,3689.7566881589555,858.6575808296834,41.666666666666664,19.691590939599656,14.162219090642317,14374.632843599175,238.0,1.0,2749.624127752742,70.46244391314102,3.637978807091713e-12,65.06830638428714,0.0,23,0
30,4848.158505797136,80.23840205758873,-6.85198005870901,25.648000663953223,31.34437766490204,4.575451844517959,44.04360472774879,geometry_seed_4517_pareto,geometry_knee,0.04565818725773437,3689.7566881589555,858.6575808296834,41.333333333333336,19.803043739618303,14.461254347940004,15094.658354556683,238.0,1.0,2749.4161824856437,70.48602098588049,3.410605131648481e-12,68.61504876349576,0.0,23,0
32,4848.158505797136,80.23840205758873,-6.85198005870901,25.93378355544501,40.4568810234061,4.575451844517959,44.04360472774879,geometry_seed_4517_pareto,geometry_knee,0.04565818725773437,3689.7566881589555,858.6575808296834,41.333333333333336,19.803043739618303,14.461254347940004,18396.987130732134,238.0,1.0,2762.9045125179837,75.50337893167978,3.637978807091713e-12,84.22679917227049,0.0,23,0
35,4848.158505797136,80.23840205758873,-6.85198005870901,30.80534272687809,40.4568810234061,4.575451844517959,44.04360472774879,geometry_seed_4517_pareto,geometry_knee,0.04565818725773437,3689.7566881589555,858.6575808296834,41.333333333333336,19.803043739618303,14.461254347940004,19391.856891956526,238.0,1.0,2771.146887439923,75.22038050809695,3.183231456205249e-12,80.20246768282578,0.0,23,0
38,4848.158505797136,80.23840205758873,-6.85198005870901,30.80534272687809,37.77597367740677,4.575451844517959,44.04360472774879,geometry_seed_4517_pareto,geometry_knee,0.04565818725773437,3689.7566881589555,858.6575808296834,41.333333333333336,19.803043739618303,14.461254347940004,18453.78179940843,238.0,1.0,2768.4594691253787,74.23750946079828,2.9558577807620168e-12,75.54002012456607,0.0,23,0
38,4848.158505797136,80.23840205758873,-6.85198005870901,32.03280765790644,41.928023658334965,4.575451844517959,44.04360472774879,geometry_seed_4517_pareto,geometry_knee,0.04565818725773437,3689.7566881589555,858.6575808296834,41.333333333333336,19.803043739618303,14.461254347940004,20145.139894529595,238.0,1.0,2751.2357343032213,75.5096612295377,3.410605131648481e-12,81.74698384402646,0.0,23,0
39,4848.158505797136,80.23840205758873,-6.85198005870901,25.648000663953223,31.51282368584935,4.575451844517959,44.04360472774879,geometry_seed_4517_pareto,geometry_knee,0.04565818725773437,3689.7566881589555,858.6575808296834,41.333333333333336,19.803043739618303,14.461254347940004,15154.774562661652,238.0,1.0,2749.7790435175048,70.49009434859717,2.9558577807620168e-12,68.90799836514326,0.0,23,0
43,4848.158505797136,80.23840205758873,-6.85198005870901,25.79881576859038,31.347525004988285,4.575451844517959,44.04360472774879,geometry_seed_4517_pareto,geometry_knee,0.04565818725773437,3689.7566881589555,858.6575808296834,41.333333333333336,19.803043739618303,14.461254347940004,15127.205520349278,238.0,1.0,2745.071236696572,70.48605526818092,3.183231456205249e-12,68.49593600764115,0.0,23,0
43,4848.158505797136,80.23840205758873,-6.85198005870901,31.17993426355856,34.58958164270426,4.575451844517959,44.04360472774879,geometry_seed_4517_pareto,geometry_knee,0.04565818725773437,3689.7566881589555,858.6575808296834,41.333333333333336,19.803043739618303,14.461254347940004,17396.547596616216,238.0,1.0,2750.818290113537,70.22292724589576,3.865352482534945e-12,69.68902357739088,0.0,23,0
43,4848.158505797136,80.23840205758873,-6.85198005870901,25.648000663953223,31.509676345763097,4.575451844517959,44.04360472774879,geometry_seed_4517_pareto,geometry_knee,0.04565818725773437,3689.7566881589555,858.6575808296834,41.333333333333336,19.803043739618303,14.461254347940004,15153.666906385677,238.0,1.0,2749.7790435175048,70.49009434859717,2.9558577807620168e-12,68.90252473021064,0.0,23,0
44,4848.158505797136,80.23840205758873,-6.85198005870901,25.650879151014056,31.344140157701204,4.575451844517959,44.04360472774879,geometry_seed_4517_pareto,geometry_knee,0.04565818725773437,3689.7566881589555,858.6575808296834,41.333333333333336,19.803043739618303,14.461254347940004,15095.177611374182,238.0,1.0,2749.4161824856437,70.48602098588049,3.410605131648481e-12,68.61225782687885,0.0,23,0
44,4848.158505797136,80.23840205758873,-6.85198005870901,25.79593728152955,31.34776251218912,4.575451844517959,44.04360472774879,geometry_seed_4517_pareto,geometry_knee,0.04565818725773437,3689.7566881589555,858.6575808296834,41.333333333333336,19.803043739618303,14.461254347940004,15126.686576045357,238.0,1.0,2745.071236696572,70.48605526818092,3.183231456205249e-12,68.49872694425808,0.0,23,0
22,6416.968118859599,0.0,-9.567676785485911,40.52049644253467,25.029101340476537,22.9482472428925,4.300435931617876,geometry_seed_2903_pareto,geometry_knee,0.0,3689.7566881589555,0.0,0.0,0.0,0.0,0.0,260.6666666666667,1.0,3596.9323732940866,106.10352292758718,1.1823431123048067e-11,36.22006051091679,0.0,23,0
28,6416.968118859599,0.0,-9.54691730288908,40.52049644253467,30.000756885938777,23.02702147155091,4.220054127033895,geometry_seed_2903_pareto,geometry_knee,0.0,3689.7566881589555,0.0,0.0,0.0,0.0,0.0,260.6666666666667,1.0,3596.9323732940866,106.10352292758718,1.1823431123048067e-11,36.30044231550078,0.0,23,0
35,6416.968118859599,0.0,-9.54691730288908,39.86556471277488,29.97989322091753,23.02702147155091,4.220054127033895,geometry_seed_2903_pareto,geometry_knee,0.0,3689.7566881589555,0.0,0.0,0.0,0.0,0.0,260.6666666666667,1.0,3596.9323732940866,106.10024416718124,1.1823431123048067e-11,35.645510585740986,0.0,23,0
39,6416.968118859599,0.0,-9.54691730288908,40.63817997678692,30.000756885938777,23.02702147155091,4.220054127033895,geometry_seed_2903_pareto,geometry_knee,0.0,3689.7566881589555,0.0,0.0,0.0,0.0,0.0,260.6666666666667,1.0,3596.9323732940866,106.10352292758718,1.1823431123048067e-11,36.41812584975303,0.0,23,0
42,6416.968118859599,0.0,-9.54691730288908,40.63817997678692,28.92191300774465,23.02702147155091,4.220054127033895,geometry_seed_2903_pareto,geometry_knee,0.0,3689.7566881589555,0.0,0.0,0.0,0.0,0.0,260.6666666666667,1.0,3596.9323732940866,106.10352292758718,1.1823431123048067e-11,36.41812584975303,0.0,23,0
15,6416.968118859599,0.0,-7.061359064571594,8.01197954550964,41.28458666469504,40.260319160804094,2.397405322519705,geometry_seed_4517_pareto,geometry_knee,0.0,3689.7566881589555,0.0,0.0,0.0,0.0,0.0,261.0,1.0,3629.916939264925,100.53790697299142,1.2732925824820995e-11,72.07072172189197,0.0,23,0
45,6416.968118859599,0.0,-7.055957361984962,8.01197954550964,41.26270016470206,40.30173221396825,2.397405322519705,geometry_seed_4517_pareto,geometry_knee,0.0,3689.7566881589555,0.0,0.0,0.0,0.0,0.0,261.0,1.0,3629.916939264925,100.53790697299142,1.2732925824820995e-11,72.03245303087617,0.0,23,0
