generation,l_max_kg_per_m,s_max_kg_per_m,constraint,x_00,x_01,x_02,x_03,x_04,x_05,x_06,x_07,x_08,x_09,x_10,x_11
4,79.99900000642742,79.99900000642742,-9.948329327050764,39.47984140627991,38.43885881853984,28.486911021550373,44.21638618082785,0.4347533226673721,0.4709925733558316,0.2142710545209714,0.398007822882739,11.496565348378128,77.40298158660899,182.1002594148188,90.36911974576824
6,79.99900000642742,79.99900000642742,-9.948329327050764,39.47984140627991,38.43885881853984,28.486911021550373,44.21638618082785,0.4347533226673721,0.4098544981821752,0.2142710545209714,0.398007822882739,11.496565348378128,77.40298158660899,182.1002594148188,90.36911974576824
7,79.99900000642742,79.99900000642742,-10.31881271037765,40.57264789810647,38.425421984185306,28.486911021550373,41.37601357532168,0.243104319040094,0.3617211608319214,0.2142710545209714,0.3391623680219552,11.496565348378128,77.2186159502293,178.64314398217758,36.7426075259812
8,79.99900000642742,79.99900000642742,-10.752187201328129,40.57264789810647,36.9750691485788,30.271158820949477,39.837723610767135,0.243104319040094,0.3617211608319214,0.216556400609419,0.3391623680219552,11.496565348378128,78.5458889804425,178.64314398217758,6.003207953370406
8,79.99900000642742,79.99900000642742,-8.743024584342223,39.31523893627331,38.43885881853984,18.919588910619787,43.88973376399603,0.4347533226673721,0.4709925733558316,0.2828515087692984,0.2066008509783529,6.415852657212639,77.40298158660899,12.341243354579348,88.57328202725851
8,79.99900000642742,79.99900000642742,-10.794262427774695,40.57264789810647,38.425421984185306,31.73729809670481,40.981286150432126,0.243104319040094,0.3617211608319214,0.2142710545209714,0.3391623680219552,11.496565348378128,77.2186159502293,181.38091158161123,31.26654380452446
9,79.99900000642742,79.99900000642742,-9.862339558163512,39.47984140627991,34.79044912892234,27.410778078896268,43.79950813297596,0.4347533226673721,0.4098147519712493,0.2140655096307267,0.1154411061049575,11.496565348378128,56.16564909264879,178.3616323789452,90.36911974576824
9,79.99900000642742,79.99900000642742,-9.948329327050764,39.47984140627991,38.43885881853984,28.486911021550373,44.21638618082785,0.4347533226673721,0.4709925733558316,0.2142710545209714,0.3872344638156529,11.496565348378128,77.40298158660899,182.1002594148188,90.36911974576824
9,79.99900000642742,79.99900000642742,-8.743024584342223,39.31523893627331,38.43885881853984,18.919588910619787,43.88973376399603,0.41862462086465,0.4709925733558316,0.2828515087692984,0.2066008509783529,6.415852657212639,77.40298158660899,12.341243354579348,88.57328202725851
10,79.99900000642742,79.99900000642742,-8.743024584342223,39.65358838093589,38.43885881853984,18.919588910619787,43.88973376399603,0.4176843614993659,0.4709925733558316,0.2828515087692984,0.2066008509783529,6.415852657212639,77.40298158660899,12.341243354579348,88.57328202725851
10,79.99900000642742,79.99900000642742,-8.755566814145325,39.47984140627991,40.84403624086006,18.984699980027155,43.85868773824629,0.4135008232253028,0.4267459097534359,0.2133430659203422,0.4121684467508096,6.556343971971075,77.3694603594669,25.75551961734243,87.42809548555442
10,79.99900000642742,79.99900000642742,-8.795416456779336,39.31523893627331,38.43885881853984,18.919588910619787,43.48806274197814,0.4356935820326562,0.4709925733558316,0.2828515087692984,0.2066008509783529,6.415852657212639,77.40298158660899,12.341243354579348,88.57328202725851
10,79.99900000642742,79.99900000642742,-9.891605456209977,39.47984140627991,44.72353878784772,28.55918061879092,44.21825964690159,0.4347533226673721,0.4859713544339961,0.2161913857301488,0.1223873782875239,11.712448497238691,108.21855896285771,169.384238113876,90.36911974576824
10,79.99900000642742,79.99900000642742,-9.948329327050764,39.34995027603544,38.43885881853984,28.486911021550373,44.21638618082785,0.4347533226673721,0.4709925733558316,0.2156461434874557,0.398007822882739,11.496565348378128,77.40298158660899,188.86803398970147,90.36911974576824
10,79.99900000642742,79.99900000642742,-10.201921347120567,42.27907643940962,42.27218069362598,28.486911021550373,41.54911081165778,0.4318488860598646,0.4279932243314337,0.2142710545209714,0.413256901733056,12.7430691619943,77.3694603594669,177.38101135796845,87.40065641011493
11,79.99900000642742,79.99900000642742,-10.36295958955828,40.57286703414699,38.43885881853984,28.78530655261246,41.33594969933232,0.4176843614993659,0.3624774823882629,0.2839902566568432,0.3401354366414736,11.494054989590971,77.22039871950477,12.341243354579348,88.57328202725851
11,79.99900000642742,79.99900000642742,-10.380314317018671,39.47984140627991,38.43885881853984,28.486911021550373,40.904501257740485,0.4509833846182682,0.3982515614069689,0.2172838469181556,0.3992916576595519,11.496565348378128,77.40298158660899,190.0868844693081,90.36911974576824
11,79.99900000642742,79.99900000642742,-8.681362715535371,40.02734846603128,38.43885881853984,18.919588910619787,44.36247475818186,0.4347533226673721,0.4709925733558316,0.2145530867227792,0.2066008509783529,2.5463551609613218,77.40298158660899,12.341243354579348,90.37415423917383
11,79.99900000642742,79.99900000642742,-8.74351432916816,39.31523893627331,38.492323085069614,18.521672598934064,43.48806274197814,0.2182079026332996,0.4559251802054103,0.2828515087692984,0.2066008509783529,6.415852657212639,77.40298158660899,2.529865611860437,95.5762020073814
11,79.99900000642742,79.99900000642742,-10.410217111679096,39.51775628214192,44.396355574108334,32.20802009698144,44.12756779327351,0.4347533226673721,0.4859713544339961,0.2161913857301488,0.1223873782875239,12.737134753180657,99.3420852488866,169.384238113876,89.4542596671075
11,79.99900000642742,79.99900000642742,-9.467247138328378,39.65358838093589,38.43885881853984,24.042963076909995,43.46073501639237,0.4176843614993659,0.4709925733558316,0.2828515087692984,0.2066008509783529,6.677549613248868,67.34941069323963,12.341243354579348,53.79738114357445
12,79.99900000642742,79.99900000642742,-9.948329327050764,39.47984140627991,38.43885881853984,28.486911021550373,44.21638618082785,0.4347533226673721,0.4709925733558316,0.248949145286095,0.398007822882739,11.496565348378128,77.40298158660899,182.1002594148188,90.36911974576824
12,79.99900000642742,79.99900000642742,-9.948329327050764,39.34995027603544,38.43885881853984,28.486911021550373,44.21638618082785,0.4347533226673721,0.3671739566612536,0.2142924802252236,0.398007822882739,11.496565348378128,77.40298158660899,178.03943137529632,38.25770694760297
12,79.99900000642742,79.99900000642742,-9.988247769100958,40.57286703414699,38.43885881853984,28.78530655261246,44.2087403228384,0.4176843614993659,0.3624774823882629,0.2839902566568432,0.3401354366414736,11.4941419540953,77.22039871950477,12.341243354579348,88.51268118632078
12,79.99900000642742,79.99900000642742,-8.768613060354049,39.65470431082145,38.43885881853984,19.152788491168025,43.9267550284536,0.4172590778600316,0.4709925733558316,0.2828515087692984,0.2066008509783529,6.677645620675684,77.40298158660899,12.341243354579348,88.57328202725851
12,79.99900000642742,79.99900000642742,-9.85756386763235,36.639273814559004,44.9845243002762,28.55918061879092,44.21825964690159,0.4347533226673721,0.485799825024593,0.2156413160049218,0.3830566600482922,11.710516695383522,102.2895594134645,167.8641599601423,90.36911974576824
12,79.99900000642742,79.99900000642742,-9.948329327050764,39.47984140627991,38.43885881853984,28.486911021550373,44.21638618082785,0.4148857257417914,0.4709925733558316,0.2067043940345663,0.3953256130850262,11.496565348378128,75.74042037861736,183.61738387197545,90.36911974576824
12,79.99900000642742,79.99900000642742,-10.323046741111035,39.47984140627991,38.43885881853984,28.486911021550373,41.343552673032384,0.4347533226673721,0.4709925733558316,0.2142710545209714,0.398007822882739,11.496478383873798,77.40298158660899,182.1002594148188,90.42972058670595
12,79.99900000642742,79.99900000642742,-9.441658662316556,39.31412300638774,37.7372558803103,23.809763496361757,43.42371375193476,0.4351786063067064,0.4709925733558316,0.2875764777054173,0.2066008509783529,6.415756649785823,67.34941069323963,12.341243354579348,53.79738114357445
12,79.99900000642742,79.99900000642742,-9.948329327050764,39.35744262923099,37.597320917430594,28.486911021550373,44.21638618082785,0.4347533226673721,0.4696031656831345,0.2161962132126828,0.137391284990982,11.498497150233298,76.99961611476368,190.38811214343505,90.36911974576824
12,79.99900000642742,79.99900000642742,-10.9085698671665,40.17799407040859,38.425421984185306,32.61365513204197,40.981286150432126,0.244322216950234,0.3617211608319214,0.2201955886794473,0.3391623680219552,11.496565348378128,77.2186159502293,181.38091158161123,31.26654380452446
12,79.99900000642742,79.99900000642742,-8.741197920431226,39.31523893627331,38.492323085069614,18.5039134652843,43.48806274197814,0.1900433785075037,0.4559251802054103,0.2828515087692984,0.2066008509783529,6.415852657212639,77.40298158660899,2.529865611860437,95.59458430525088
13,79.99900000642742,79.99900000642742,-10.454551194350117,39.47984140627991,38.43885881853984,29.329341372954893,41.17778221627063,0.4347533226673721,0.4709925733558316,0.2142710545209714,0.398007822882739,11.496478383873798,77.40298158660899,169.22764715966602,90.42972058670595
13,79.99900000642742,79.99900000642742,-8.637113375566326,39.65470431082145,38.43885881853984,18.3103581397082,44.09248892703298,0.4172590778600316,0.4709925733558316,0.2828515087692984,0.2066008509783529,7.683392057542646,77.40298158660899,25.47718635848514,88.57328202725851
13,79.99900000642742,79.99900000642742,-10.36295958955828,40.57286703414699,38.43885881853984,28.78530655261246,41.33594969933232,0.4708042074865329,0.3624774823882629,0.283135307887764,0.3403719208743106,13.076404827176248,77.22039871950477,12.341243354579348,89.85657337312456
13,79.99900000642742,79.99900000642742,-9.948329327050764,40.536449247962295,38.43885881853984,28.486911021550373,44.21638618082785,0.4347533226673721,0.4710917572577331,0.2166292682666097,0.398007822882739,11.496565348378128,78.56311904050138,188.1451455019404,5.069613023776732
13,79.99900000642742,79.99900000642742,-10.752187201328129,39.386148926179615,36.9750691485788,30.271158820949477,39.837723610767135,0.243104319040094,0.3616219769298756,0.2155732758302651,0.3394016910336891,11.496565348378128,77.3857515265501,179.36603246993866,91.63718581167024
13,79.99900000642742,79.99900000642742,-9.94806692190148,39.40747517368936,38.43885881853984,28.486911021550373,44.21839795363898,0.4347533226673721,0.4098544981821752,0.2142594852125501,0.383334965345091,11.48868982025091,77.40298158660899,182.1002594148188,90.36911974576824
13,79.99900000642742,79.99900000642742,-10.604929908237374,39.31523893627331,38.43885881853984,33.194196393815915,43.88973376399603,0.4274007614565644,0.4669513013715866,0.2828515087692984,0.1926423059097211,14.091076599726977,77.40298158660899,12.43210888023214,89.12805346939534
13,79.99900000642742,79.99900000642742,-8.650046851993583,39.31523893627331,38.492323085069614,17.805088607262306,43.48806274197814,0.1900433785075037,0.4559251802054103,0.2864970534259049,0.2066008509783529,6.415852657212639,77.40298158660899,2.529865611860437,95.59458430525088
13,79.99900000642742,79.99900000642742,-9.891605456209977,39.43927269300202,44.72353878784772,28.55918061879092,44.21825964690159,0.4347533226673721,0.4857649192607509,0.2161913857301488,0.2001870385631791,11.712448497238691,107.22346896273588,210.87638401615573,90.36911974576824
13,79.99900000642742,79.99900000642742,-9.45746623177264,37.98716174384057,38.492323085069614,23.99530385223506,43.48806274197814,0.4017431278270298,0.4718875749568331,0.2828515087692984,0.2066008509783529,6.415988542561987,77.40298158660899,2.529865611860437,95.5762020073814
13,79.99900000642742,79.99900000642742,-9.948329327050764,39.47984140627991,39.611831437435136,28.486911021550373,44.21638618082785,0.4148857257417914,0.4709925733558316,0.2067043940345663,0.3953256130850262,11.496565348378128,75.74042037861736,183.61738387197545,90.36911974576824
13,79.99900000642742,79.99900000642742,-8.658739408327953,39.31523893627331,38.492323085069614,18.5039134652843,44.12024466810327,0.1900433785075037,0.4559251802054103,0.2828515087692984,0.2066008509783529,6.415852657212639,77.40298158660899,2.529865611860437,95.59458430525088
13,79.99900000642742,79.99900000642742,-9.332085434396587,39.475369558295824,38.43885881853984,23.76237451120172,44.21638618082785,0.4351875964059668,0.4709925733558316,0.2142710545209714,0.3976987895537626,11.496565348378128,76.75337845066731,12.6864503374929,90.36911974576824
14,79.99900000642742,79.99900000642742,-10.604929908237374,39.34992607422291,38.43885881853984,33.194196393815915,43.88973376399603,0.4274007614565644,0.4669513013715866,0.2145311015255651,0.18009406212343,14.091076599726977,77.40298158660899,12.43210888023214,89.12805346939534
14,79.99900000642742,79.99900000642742,-9.45746623177264,39.49011132670236,38.45494659689688,23.99530385223506,43.48806274197814,0.4017431278270298,0.4845404279208838,0.2138982819085715,0.2066008509783529,6.986429691772528,77.40298158660899,1.220021561529009,95.5762020073814
14,79.99900000642742,79.99900000642742,-9.427301750758197,39.31412300638774,37.7372558803103,23.70133645363161,43.4253563644854,0.4351786063067064,0.4709925733558316,0.2875764777054173,0.2066008509783529,5.71849170141071,67.44959045121718,12.341243354579348,92.28803741187008
14,79.99900000642742,79.99900000642742,-10.050659172657744,39.31523893627331,38.492323085069614,28.54311639902089,43.48806274197814,0.1981513434464095,0.4710256536294748,0.2152292215036658,0.1525812285130484,6.415852657212639,77.40298158660899,183.63562882457325,95.59458430525088
14,79.99900000642742,79.99900000642742,-9.986990534266027,40.52507937412281,38.55493789419497,28.78526803673222,44.21834060735934,0.4168975078781489,0.3426741081240594,0.2156413160049218,0.3830566600482922,11.710516695383522,100.31074886432984,167.8641599601423,90.36911974576824
14,79.99900000642742,79.99900000642742,-9.960883769874016,37.07207411439568,38.43885881853984,28.59124002555955,44.2244644565254,0.4357337839130977,0.4710917572577331,0.2166292682666097,0.3900828756995208,11.496565348378128,78.54267985688475,187.18603806397917,5.069613023776732
14,79.99900000642742,79.99900000642742,-9.809090441829888,39.359145743154606,37.60003280649544,27.410778078896268,44.2077513582004,0.4347533226673721,0.4062863736401352,0.2162779538546838,0.1154411061049575,11.496565348378128,56.19233232444791,178.3616323789452,90.36911974576824
14,79.99900000642742,79.99900000642742,-9.888433268034092,36.68706147419788,44.74789741307646,28.559219134671167,44.20865936238064,0.4176843614993659,0.5056031988740015,0.2839902566568432,0.3401354366414736,11.4941419540953,79.19920926863945,12.341243354579348,88.51268118632078
14,79.99900000642742,79.99900000642742,-9.949025685327832,39.67021229319469,38.43885881853984,28.486911021550373,44.211047434036914,0.4347533226673721,0.4709925733558316,0.248949145286095,0.4706686465116272,11.496565348378128,77.40298158660899,27.44911354779927,131.2409515088021
14,79.99900000642742,79.99900000642742,-8.75602442714451,39.47984140627991,40.116460480444736,18.984699980027155,43.85517937191919,0.1179028260602385,0.3642637637899609,0.2111566451397286,0.4121684467508096,6.556343971971075,82.32435765327489,25.75551961734243,82.45370486206018
14,79.99900000642742,79.99900000642742,-10.631374791119375,39.47984140627991,38.569805717949166,29.334446555586428,39.82723982367114,0.4347533226673721,0.4357016822874419,0.2143718804399854,0.3416300626335385,11.496478383873798,77.40298158660899,169.22764715966602,90.42972058670595
14,79.99900000642742,79.99900000642742,-9.948326948851069,39.346881012083536,38.43885881853984,28.486911021550373,44.21640441369214,0.4347533226673721,0.410634520158612,0.2156461434874557,0.302683585923397,11.49635913415146,77.40298158660899,188.76840831561776,90.36911974576824
14,79.99900000642742,79.99900000642742,-10.408509447932213,39.47687916263848,44.396355574108334,32.19492800825532,44.12756779327351,0.4347533226673721,0.4718549949619813,0.2163045086444394,0.4115160153345528,12.737134753180657,99.3420852488866,182.28340437467529,89.4542596671075
14,79.99900000642742,79.99900000642742,-10.578769422554217,40.57264789810647,38.44035724469496,30.29216490961566,41.18826600336663,0.243104319040094,0.3617211608319214,0.216455574690405,0.3955401282711557,11.496565348378128,78.5458889804425,178.64314398217758,6.003207953370406
14,79.99900000642742,79.99900000642742,-10.21007856080422,40.54842796463608,42.49209637147757,28.769365337643286,41.33594969933232,0.4708027198798001,0.3624774823882629,0.2143362296908759,0.3403719208743106,13.085839364602773,77.2206965682896,12.341243354579348,89.85657337312456
14,79.99900000642742,79.99900000642742,-9.948069300101174,39.41054443764127,38.43885881853984,28.486911021550373,44.218379720774685,0.4347533226673721,0.4702125513793949,0.2142594852125501,0.3826838732899018,11.488896034477577,83.67601265598762,182.19988508890253,90.36911974576824
15,79.99900000642742,79.99900000642742,-9.918191954645003,39.464872827195066,44.55176837328115,28.59124002555955,44.12542472281535,0.4357337839130977,0.4716526105096198,0.2161924692078346,0.3909676361290155,11.496565348378128,78.54267985688475,187.18603806397917,92.60542317572968
15,79.99900000642742,79.99900000642742,-8.741197920431226,39.31261699448813,38.6817512596403,18.5039134652843,43.48806274197814,0.1900433785075037,0.4559251802054103,0.2828515087692984,0.2043773061807958,13.24751619130256,77.3982720248223,2.529865611860437,89.89875599513876
15,79.99900000642742,79.99900000642742,-10.234786600196912,40.551049906421255,42.30266806946692,28.769365337643286,41.33594969933232,0.4708027198798001,0.3624774823882629,0.2143362296908759,0.3425954658851482,6.254175843024572,77.22540613007628,28.249926540350117,95.55240168323668
15,79.99900000642742,79.99900000642742,-9.862339558163512,39.47984140627991,34.79044912892234,27.410778078896268,43.79950813297596,0.2129556113612941,0.4098147519712493,0.2140655096307267,0.1154411061049575,15.41031092572004,72.09860405874518,181.128229868938,39.493914169606185
15,79.99900000642742,79.99900000642742,-10.555667569401932,40.57264789810647,38.44035724469496,31.295172466922484,42.368387768174266,0.243104319040094,0.3617211608319214,0.216455574690405,0.3955401282711557,11.496565348378128,78.5458889804425,178.64314398217758,6.003207953370406
15,79.99900000642742,79.99900000642742,-10.605659075766184,39.34995027603544,38.43885881853984,33.12292996702264,43.81287705281523,0.4347533226673721,0.50498895641841,0.2156461434874557,0.1677238182211161,17.540364963603984,77.40298158660899,8.579525112708055,90.36911974576824
15,79.99900000642742,79.99900000642742,-9.061322035761744,39.47984140627991,40.84403624086006,18.781697248480228,41.31156164097347,0.4135008232253028,0.4267459097534359,0.2133152053604832,0.4121684467508096,6.556343971971075,77.3782709254711,12.853685911047286,84.82521804904773
15,79.99900000642742,79.99900000642742,-9.85756386763235,36.68917061936895,44.9845243002762,28.55918061879092,44.21825964690159,0.4347533226673721,0.485799825024593,0.2134971076979019,0.3830566600482922,11.710516695383522,102.2895594134645,167.8641599601423,90.2864511971577
15,79.99900000642742,79.99900000642742,-9.75472208695205,39.359145743154606,37.60003280649544,26.99395402483284,44.2077513582004,0.4347533226673721,0.4062863736401352,0.2162779538546838,0.1154411061049575,11.496565348378128,56.19233232444791,178.3616323789452,90.36911974576824
15,79.99900000642742,79.99900000642742,-10.20033744580325,42.19886731196303,42.28432393705873,28.486911021550373,36.619728742626506,0.4318261207720435,0.4279932243314337,0.2142710545209714,0.3974340022702166,12.758176787400464,77.3694603594669,177.38101135796845,90.25081423820748
15,79.99900000642742,79.99900000642742,-9.888433268034092,36.63716466938793,44.74789741307646,28.559219134671167,44.20865936238064,0.4176843614993659,0.5056031988740015,0.2861344649638983,0.3401354366414736,11.4941419540953,79.19920926863945,12.341243354579348,88.59534973493129
15,79.99900000642742,79.99900000642742,-8.101604287270572,39.711821022607246,40.84403624086006,13.97098727398739,43.85868773824629,0.4055398961810935,0.4267459097534359,0.2133430659203422,0.4154539706008694,6.556343971971075,77.38898893769078,25.75551961734243,87.42809548555442
15,79.99900000642742,79.99900000642742,-10.323046741111035,39.47984140627991,38.43885881853984,28.486911021550373,41.343552673032384,0.3999873971663564,0.4709687696504215,0.2142710545209714,0.398007822882739,11.496478383873798,77.40298158660899,2.3992196595260253,90.42972058670595
15,79.99900000642742,79.99900000642742,-8.743024584342223,39.31523893627331,38.43885881853984,18.919588910619787,43.88973376399603,0.4463599119775102,0.4709925733558316,0.2828515087692984,0.2066008509783529,6.415852657212639,77.40298158660899,12.341243354579348,88.57328202725851
15,79.99900000642742,79.99900000642742,-10.055125378612985,40.54842796463608,42.49209637147757,28.972368069176923,43.88307349981064,0.4708027198798001,0.3624774823882629,0.214364090250735,0.3403719208743106,13.085839364602773,77.21188600228538,0.1380411333463165,87.42728029080337
15,79.99900000642742,79.99900000642742,-9.905412417442491,42.189816977323375,38.43885881853984,28.486911021550373,44.545415821157896,0.4347533226673721,0.3671739566612536,0.2142924802252236,0.398007822882739,11.496565348378128,61.87596602812661,182.0850251524828,38.25770694760297
15,79.99900000642742,79.99900000642742,-10.310779063236382,40.57286703414699,38.43885881853984,28.385255850811284,41.33594969933232,0.4270461172541795,0.3624774823882629,0.2144485744572702,0.346203301022633,13.076404827176248,77.23180246493308,12.343629920983265,89.85657337312456
15,79.99900000642742,79.99900000642742,-9.948312218340966,37.02006322998806,38.43885881853984,28.486911021550373,44.216517347602895,0.4347533226673721,0.4709925733558316,0.2166291308682264,0.3975442765819409,11.496565348378128,78.50059444421417,182.18698101248992,57.72157293241784
15,79.99900000642742,79.99900000642742,-10.201921347120567,42.14065527338359,42.27218069362598,28.486911021550373,41.54911081165778,0.4318488860598646,0.4279932243314337,0.279724319609972,0.2174670312767536,12.7430691619943,77.36976366321323,7.163070763625612,87.40065641011493
16,79.99900000642742,79.99900000642742,-9.948329327050764,39.47984140627991,38.43885881853984,28.486911021550373,44.21638618082785,0.4354583938592404,0.4098544981821752,0.2155944827214713,0.4666170703323619,11.496565348378128,77.40298158660899,182.1002594148188,90.36911974576824
16,79.99900000642742,79.99900000642742,-9.948326948851069,39.346881012083536,38.43885881853984,28.486911021550373,44.21640441369214,0.4347533226673721,0.410634520158612,0.2143227152869559,0.2947602228532353,11.49635913415146,77.40298158660899,193.6965692438096,90.36911974576824
16,79.99900000642742,79.99900000642742,-9.939083957160513,39.34995027603544,37.60504116875062,28.41602985239183,44.21638618082785,0.4347533226673721,0.3671739566612536,0.2142924802252236,0.398007822882739,11.496565348378128,77.40298158660899,178.03943137529632,38.25770694760297
16,79.99900000642742,79.99900000642742,-9.979574535696024,40.554781195309886,43.99456891071698,28.50464035105316,41.32824153523376,0.4717104671787983,0.4279932243314337,0.279724319609972,0.2174670312767536,12.7430691619943,77.22760229136694,7.163070763625612,87.40065641011493
16,79.99900000642742,79.99900000642742,-9.891605456209977,39.43927269300202,44.72353878784772,28.55918061879092,44.21825964690159,0.4347533226673721,0.4857649192607509,0.2161913857301488,0.2001870385631791,11.712448497238691,107.22346896273588,201.04644172844925,90.36911974576824
16,79.99900000642742,79.99900000642742,-10.336083440383833,36.68917061936895,44.9845243002762,32.22783067655224,44.38455430347279,0.4347533226673721,0.485799825024593,0.2134971076979019,0.3430791021226863,11.710516695383522,102.2895594134645,167.8641599601423,90.2864511971577
16,79.99900000642742,79.99900000642742,-10.01161197759928,37.02006322998806,42.85071740898386,28.972209175864045,44.216517347602895,0.4347533226673721,0.4709925733558316,0.2166291308682264,0.3975442765819409,11.50844936484282,78.50059444421417,182.18698101248992,88.24520159748869
16,79.99900000642742,79.99900000642742,-9.877825051394655,40.57509244893576,44.65526379011888,28.385255850811284,41.50799361405269,0.4270461172541795,0.3624774823882629,0.2144485744572702,0.346203301022633,12.73218070727524,77.4105627281314,4.421954705140337,89.4541177437028
16,79.99900000642742,79.99900000642742,-10.383785511161122,40.57286703414699,38.43885881853984,28.78530655261246,41.17628430037716,0.4058280363903633,0.3624774823882629,0.286639038458353,0.3403719208743106,13.076404827176248,77.39826808627701,12.341243354579348,87.54788358360311
16,79.99900000642742,79.99900000642742,-10.578769422554217,40.57264789810647,38.44035724469496,30.29216490961566,41.18826600336663,0.2525518866512956,0.3617211608319214,0.216455574690405,0.3955401282711557,11.496565348378128,78.5458889804425,178.64314398217758,6.003207953370406
16,79.99900000642742,79.99900000642742,-10.29623480998599,42.33342996115376,41.33823202467579,28.486911021550373,41.54911081165778,0.4353246460877966,0.4279932243314337,0.2140642189371643,0.413256901733056,12.7430691619943,72.62525316134753,176.9158845734361,42.68045796572153
16,79.99900000642742,79.99900000642742,-9.310949210142578,37.98716174384057,38.49646376893555,23.99530385223506,44.61135990780857,0.4017431278270298,0.359156353530872,0.2182246313035035,0.4000158188179031,6.415988542561987,77.124423837857,8.914129125916332,38.97260560490803
16,79.99900000642742,79.99900000642742,-9.45746623177264,39.47967028505275,38.43911984927421,23.99530385223506,43.48806274197814,0.4059826906944257,0.4845404279208838,0.2138982819085715,0.2066008509783529,6.986429691772528,77.40298158660899,1.220021561529009,95.62506820934968
16,79.99900000642742,79.99900000642742,-10.329758743354454,42.134302042709145,41.39889307319674,28.7516360081405,41.55681897575634,0.4309411387608665,0.3624774823882629,0.2143362296908759,0.3403719208743106,13.085839364602773,77.36285794013591,12.341243354579348,89.85657337312456
16,79.99900000642742,79.99900000642742,-9.948312218340966,37.02006322998806,38.43885881853984,28.486911021550373,44.216517347602895,0.4347533226673721,0.4709925733558316,0.208054957470396,0.3975442765819409,11.496565348378128,78.50059444421417,182.18698101248992,57.72157293241784
16,79.99900000642742,79.99900000642742,-10.053814208509856,39.47984140627991,38.56571804524818,29.29562844607008,44.21638618082785,0.4347533226673721,0.4695296463572692,0.2142823830574033,0.4011149379453484,11.496565348378128,77.40298158660899,182.1002594148188,90.36764092471184
16,79.99900000642742,79.99900000642742,-9.991825619354683,40.54842796463608,38.0802328480703,28.48706991486325,43.88307349981064,0.4708027198798001,0.3624774823882629,0.214364090250735,0.3403719208743106,13.073955348138078,77.21188600228538,0.1380411333463165,56.90365162574976
16,79.99900000642742,79.99900000642742,-10.055125378612985,39.51227515606347,42.49209637147757,28.972368069176923,43.88307349981064,0.2430831857000689,0.3542465234384429,0.214364090250735,0.3393477761102297,11.149895764683563,72.16998229568549,1.9936881663525163,35.03584329106153
17,79.99900000642742,79.99900000642742,-10.20033744580325,42.19886731196303,42.28432393705873,28.486911021550373,36.27265968636266,0.4318261207720435,0.4773920497763513,0.214258807788586,0.3974340022702166,12.758617885973862,77.3694603594669,177.3804975959946,90.25081423820748
17,79.99900000642742,79.99900000642742,-10.447412976706538,39.47984140627991,38.56443937141773,29.293725408076178,41.19689258665939,0.4345687580193493,0.3638686893792258,0.287497317290581,0.4011149379453484,13.039557438744197,77.40298158660899,1.1377307494476303,90.44237029460204
17,79.99900000642742,79.99900000642742,-9.298758124504513,36.68917061936895,44.644779317887526,23.93525827242217,44.61519945998205,0.4347533226673721,0.3609504377195445,0.2134971076979019,0.3830566600482922,11.710516695383522,102.2895594134645,167.8641599601423,91.21044021322164
17,79.99900000642742,79.99900000642742,-9.920756649257282,39.30298379015231,44.326121539838745,28.385255850811284,41.50799361405269,0.435168288386307,0.3625156718236744,0.2144348145649495,0.3470456921156909,12.73218070727524,77.4105627281314,4.421954705140337,89.4541177437028
17,79.99900000642742,79.99900000642742,-9.967012405767456,38.57434483046417,38.45224282829127,28.59124002555955,44.177478248009,0.2577739759810259,0.4716526105096198,0.2161924692078346,0.3909676361290155,11.496565348378128,78.54253792289308,187.18603806397917,92.60542317572968
17,79.99900000642742,79.99900000642742,-10.050944350337616,39.41792798631391,43.50456911129936,28.56180913055445,41.604997600318,0.4347533226673721,0.4857649192607509,0.2161322327367547,0.2001870385631791,11.651487543888935,77.53164582618051,179.48621343352065,90.36911974576824
17,79.99900000642742,79.99900000642742,-10.26161857219929,40.57264789810647,44.52894788848585,31.20135694201379,41.13614529909232,0.4305116946899574,0.3617211608319214,0.216455574690405,0.3955401282711557,11.496565348378128,78.54603091443417,178.64314398217758,6.003207953370406
17,79.99900000642742,79.99900000642742,-10.028214687883818,40.54842796463608,37.945961967928994,28.766052773586587,43.88307349981064,0.4708027198798001,0.3624774823882629,0.2143363278507217,0.3404040862556063,13.073955348138078,77.22524787327983,0.1380411333463165,94.68550512218272
17,79.99900000642742,79.99900000642742,-8.773532141962711,39.31523893627331,38.43885881853984,19.153480185710173,43.88973376399603,0.4462529681770145,0.4635623588042047,0.2217472495027018,0.2069607346024249,6.415852657212639,77.7292871325958,12.341243354579348,88.57328202725851
17,79.99900000642742,79.99900000642742,-9.98488772871022,39.36591145379842,37.517109560612056,28.75855727831214,44.2077513582004,0.4363555287933572,0.3622946493738799,0.2142687644163803,0.1154411061049575,11.496565348378128,56.19233232444791,178.3616323789452,90.33695057953982
17,79.99900000642742,79.99900000642742,-9.967456579189856,37.02006322998806,37.8083877340057,28.46281910197991,44.04565199485759,0.4347674014395853,0.4709925733558316,0.2085758141387007,0.3975442765819409,11.496565348378128,79.83624150624337,13.884814314185292,57.72157293241784
17,79.99900000642742,79.99900000642742,-9.901343923794023,39.51367061519932,34.38739005545716,27.410778078896268,43.50047466314202,0.2129556113612941,0.4102328182215635,0.2140655096307267,0.1154411061049575,5.568324950204119,77.16341737645561,29.268979202942862,39.493914169606185
17,79.99900000642742,79.99900000642742,-9.96909715345273,40.54166225399226,42.57501724102634,27.004762084163985,41.33594969933232,0.469200513753815,0.4064692066545182,0.2163454191291794,0.3403719208743106,13.085839364602773,77.2206965682896,12.341243354579348,89.88874253935298
17,79.99900000642742,79.99900000642742,-9.81219143116435,39.5619850672505,44.98941656227818,28.21621753453827,44.38455430347279,0.4347533226673721,0.486404730415389,0.2134457797503684,0.3430791021226863,11.631196742908276,102.37039703899076,183.10603979445955,90.2864511971577
17,79.99900000642742,79.99900000642742,-9.45746623177264,42.41590437134352,38.40868815216052,23.99530385223506,43.48806274197814,0.4059826906944257,0.4845404279208838,0.2138982819085715,0.2066008509783529,6.986429691772528,77.248867440719,3.890998903154696,95.62506820934968
17,79.99900000642742,79.99900000642742,-9.990826964926576,39.34841888057874,42.49209637147757,28.477184619629217,43.88084455519212,0.4400100403731678,0.3542465234384429,0.2143529603935297,0.3393477761102297,11.149895764683563,72.27899967435533,2.1693325496946443,35.03584329106153
17,79.99900000642742,79.99900000642742,-10.360880300649256,40.54842796463608,38.229316015634325,28.769365337643286,41.33594969933232,0.4712521345611511,0.4446794328492497,0.2143362296908759,0.3403719208743106,13.07346518329865,77.40042613372614,12.341243354579348,89.85041642448228
17,79.99900000642742,79.99900000642742,-10.23937354824934,39.47984140627991,42.8325826856748,29.334446555586428,39.82723982367114,0.4343039079860211,0.3534997318264512,0.2143718804399854,0.3416300626335385,11.50885256517792,66.5055609772763,169.22764715966602,90.43587753534824
17,79.99900000642742,79.99900000642742,-9.89286680672604,39.43927269300202,44.71386843389126,28.55918061879092,41.50988016218673,0.4347314544938911,0.3613640203125844,0.2161913857301488,0.2001870385631791,11.712448497238691,107.22346896273588,201.04644172844925,89.8785910819331
17,79.99900000642742,79.99900000642742,-10.29623480998599,39.39719586609099,41.36866372164466,28.486911021550373,41.54911081165778,0.4212670796820534,0.4279932243314337,0.2140642189371643,0.413256901733056,12.7430691619943,73.1599874028515,174.08285349168546,42.68045796572153
17,79.99900000642742,79.99900000642742,-10.197285054880474,37.45081175452047,42.32108734881847,28.50027276956878,35.94204813266335,0.4537473153938133,0.4823333155583896,0.2768344637185238,0.1991067886650581,11.259939297132476,72.71698607158193,174.00503571376197,35.42147181711841
18,79.99900000642742,79.99900000642742,-8.593010163524468,39.47984140627991,38.54343975938552,18.81003881457648,44.9302942275555,0.4135008232253028,0.4267459097534359,0.2134868066017671,0.3615666994749377,6.407414223294388,77.12608356927616,12.730649645079437,84.82521804904773
18,79.99900000642742,79.99900000642742,-8.995395966804843,39.47984140627991,38.45937379032869,18.16159499882993,41.19689258665939,0.4349342578028221,0.4252572309946222,0.287497317290581,0.4122379530719166,12.874286277921206,77.40320713471264,1.1377307494476303,85.10018844038795
18,79.99900000642742,79.99900000642742,-10.062101201156857,39.47984140627991,38.56571804524818,29.29374836870677,44.15097249317082,0.4347533226673721,0.4695296463572692,0.2142823830574033,0.4011149379453484,11.496565348378128,77.40298158660899,6.308035611941392,90.36487736660663
18,79.99900000642742,79.99900000642742,-10.234786600196912,40.551049906421255,42.30266806946692,28.769365337643286,41.33594969933232,0.4708027198798001,0.3644081802554572,0.21426768035259,0.3425954658851482,6.254175843024572,77.35865005661553,26.329334857909544,87.65380442426644
18,79.99900000642742,79.99900000642742,-10.20033744580325,42.18715950072561,42.28432393705873,28.486911021550373,36.619728742626506,0.4318261207720435,0.4279932243314337,0.2142710545209714,0.3979870749858902,12.663285261897368,77.3694603594669,177.38101135796845,36.697878341163005
18,79.99900000642742,79.99900000642742,-10.055125378612985,36.90740830421112,42.49209637147757,28.972368069176923,43.88307349981064,0.2430831857000689,0.3546418721741315,0.214364090250735,0.3941380057152686,11.149895764683563,71.99654778517333,1.9936881663525163,35.07741487773799
18,79.99900000642742,79.99900000642742,-10.321487692693609,39.37414320983055,37.945961967928994,28.766052773586587,41.63464712960219,0.4708027198798001,0.3624774823882629,0.2804711388517977,0.3404036795292226,13.076343857469896,73.50457834633302,11.70453427607374,94.58426231516596
18,79.99900000642742,79.99900000642742,-9.967456579189856,37.13531432926155,37.8083877340057,28.46281910197991,44.04565199485759,0.4347674014395853,0.4709925733558316,0.2712069338974304,0.3975442765819409,11.496565348378128,79.83624150624337,13.884814314185292,57.72157293241784
18,79.99900000642742,79.99900000642742,-9.948329327050764,39.3616580860451,38.43885881853984,28.486911021550373,44.21638618082785,0.4347533226673721,0.3671739566612536,0.2142924802252236,0.3974547501670655,11.591456873881224,77.40298158660899,178.03943137529632,91.8106446561554
18,79.99900000642742,79.99900000642742,-10.20643914518639,39.30809369786781,42.237544241788,28.486911021550373,36.75168549682112,0.4347533226673721,0.410634520158612,0.2143227152869559,0.2830930625148987,11.49635913415146,77.4043983569828,193.6965692438096,90.25618066628208
18,79.99900000642742,79.99900000642742,-10.201921347120567,42.27907643940962,42.27218069362598,28.486911021550373,41.54911081165778,0.4318488860598646,0.4260625264642393,0.2143396038592572,0.413256901733056,12.7430691619943,77.23621643292763,179.32974162557383,133.65451712785762
18,79.99900000642742,79.99900000642742,-10.271145645564737,40.57264789810647,44.45590699268411,31.20135694201379,41.13614529909232,0.4288362333897439,0.3617211608319214,0.216455574690405,0.3955401282711557,11.496565348378128,80.34997940299691,186.6566869913228,6.003207953370406
18,79.99900000642742,79.99900000642742,-10.35650747217013,39.4524586032046,42.8922742896446,30.29216490961566,41.14193009292936,0.2525518866512956,0.3614721634116667,0.222996035293252,0.3964493297448918,11.496038414367638,78.5458889804425,169.03887787963453,6.003207953370406
18,79.99900000642742,79.99900000642742,-10.625330976714515,40.60003070118177,38.38066316585453,29.334446555586428,39.873575734108414,0.4343039079860211,0.341888769179239,0.2143718804399854,0.3407208611598025,11.509379499188409,66.5055609772763,178.83191326220907,90.43587753534824
18,79.99900000642742,79.99900000642742,-10.055800920492883,42.27907643940962,42.27218069362598,28.58531994977432,43.49084622599552,0.4196697431829979,0.4279932243314337,0.2142710545209714,0.413256901733056,12.33873297202951,77.3694603594669,177.38101135796845,87.40065641011493
18,79.99900000642742,79.99900000642742,-10.093700705924896,39.62493008183984,37.8083877340057,28.46281910197991,43.077780356555685,0.4347674014395853,0.4705972246198206,0.2085758141387007,0.3396134953826883,11.496565348378128,80.00967601675552,13.884814314185292,57.68000134579924
18,79.99900000642742,79.99900000642742,-9.918191954645003,39.56274380636964,44.55176837328115,28.59124002555955,44.12747787595421,0.4347503394881202,0.4863964503679607,0.2134543449994942,0.3903741540460546,11.630816237240015,78.28729316079561,178.94976960165766,92.60542317572968
18,79.99900000642742,79.99900000642742,-10.090512746690798,40.57286703414699,38.43885881853984,28.78530655261246,43.424708827983,0.4058280363903633,0.3624774823882629,0.2205042274572926,0.3403723276006943,13.07401631784443,77.39826808627701,0.9196961425600954,87.64912639061987
18,79.99900000642742,79.99900000642742,-10.234786600196912,40.551049906421255,42.30266806946692,28.769365337643286,41.33594969933232,0.4341790766238372,0.3627073002841204,0.2143714909098993,0.3424954584827501,6.254175843024572,77.22540613007628,28.249926540350117,95.55240168323668
18,79.99900000642742,79.99900000642742,-9.793004300135294,37.98716174384057,40.79706025040903,23.966962286138813,40.88726265176816,0.4017431278270298,0.359156353530872,0.2180530300622195,0.354779196889858,6.564918291238674,77.37661119405193,9.037165391884258,38.97260560490803
18,79.99900000642742,79.99900000642742,-10.328850272842018,39.41054443764127,38.43885881853984,28.486911021550373,41.29905892976152,0.4347533226673721,0.4702125513793949,0.2142594852125501,0.3636043064611445,11.488896034477577,88.46035649196489,9.919166759076774,90.36911974576824
18,79.99900000642742,79.99900000642742,-9.43100621909008,39.28942167755092,37.740259835299135,23.809763496361757,43.505382483337776,0.4351786063067064,0.4709925733558316,0.2807471953010787,0.2066008509783529,6.359017123743975,77.64593164120704,12.341243354579348,53.63528622295823
19,79.99900000642742,79.99900000642742,-10.043724594151591,37.14665152928614,34.38739005545716,28.49921320835412,43.49732465319188,0.2129556113612941,0.4102328182215635,0.2681052948140006,0.3761498311872839,5.568324950204119,77.09113940693324,29.268979202942862,57.471643833341474
19,79.99900000642742,79.99900000642742,-10.070583227862947,42.18715950072561,42.28432393705873,28.51870695013246,43.31090220318318,0.4131210754612991,0.4297696443984963,0.1595285953433584,0.3979870749858902,9.994759066634572,5.863554400453353,9.136540547535375,36.697878341163005
19,79.99900000642742,79.99900000642742,-9.918191954645003,39.4816239862093,44.55176837328115,28.59124002555955,44.12747787595421,0.4347503394881202,0.4863964503679607,0.2134543449994942,0.3897350706412871,11.630816237240015,77.39437286335072,0.6878758678950305,102.95602685372444
19,79.99900000642742,79.99900000642742,-10.222551111857875,40.551049906421255,42.39647348006622,28.769365337643286,41.33594969933232,0.4341929003202919,0.3684075735409996,0.216082316089643,0.3424954584827501,11.571473533561791,77.22540613007628,28.249926540350117,95.55240168323668
19,79.99900000642742,79.99900000642742,-9.987371166598336,39.34841888057874,42.49209637147757,28.477184619629217,43.907339009041934,0.4400100403731678,0.3542465234384429,0.2143529603935297,0.2077477033895014,11.149895764683563,72.27899967435533,2.1693325496946443,35.03584329106153
19,79.99900000642742,79.99900000642742,-9.979110088473329,40.550762452890105,42.49825140586844,27.004762084163985,41.33594969933232,0.4683858131529136,0.4064692066545182,0.2143724002137067,0.3403719208743106,11.516112062302026,77.22869626098154,12.341243354579348,89.88915091882001
19,79.99900000642742,79.99900000642742,-9.991825619354683,40.63257162760343,38.0802328480703,28.48706991486325,43.88307349981064,0.4696219179112522,0.3568198809474706,0.2143645600510035,0.3403719208743106,11.482859363126778,77.39814444654539,183.2369343004897,52.47030468707179
19,79.99900000642742,79.99900000642742,-10.20643914518639,39.22395003490045,42.237544241788,28.486911021550373,36.75168549682112,0.4359341246359201,0.4162921215994044,0.2143222454866873,0.2830930625148987,13.087455119162762,77.21813991272279,14.140389179693573,90.25618066628208
19,79.99900000642742,79.99900000642742,-9.43446201741832,39.28942167755092,37.740259835299135,23.809763496361757,43.47888802948796,0.4351786063067064,0.4709925733558316,0.2807471953010787,0.3382009237772772,6.359017123743975,77.64593164120704,12.341243354579348,53.63528622295823
19,79.99900000642742,79.99900000642742,-10.487529284344348,39.34995027603544,37.75646579289464,30.50113664995845,42.09674546998507,0.2531253737083754,0.3671631870854719,0.2142924802252236,0.3981373422644821,11.49604393093805,77.40298158660899,168.70393468520746,39.63820387695836
19,79.99900000642742,79.99900000642742,-10.071637052766206,39.47984140627991,42.8325826856748,29.33177762425873,44.11589355305112,0.4342704529912848,0.3534997318264512,0.2143718804399854,0.3416300626335385,11.50885256517792,66.5055609772763,169.8944006085495,90.43587753534824
19,79.99900000642742,79.99900000642742,-9.991825619354683,40.54842796463608,38.0802328480703,28.48706991486325,43.88307349981064,0.4719711958800672,0.3622853783494492,0.2143614840366164,0.3975815945138966,13.052127362921032,77.21188600228538,178.97565624709304,56.83364811421714
19,79.99900000642742,79.99900000642742,-10.533331825311356,39.47984140627991,38.56571804524818,28.61753064572955,39.861986651675785,0.4237759208909532,0.4695296463572692,0.2142823830574033,0.4011149379453484,11.496565348378128,104.05954277822978,6.557284782474682,90.36487736660663
19,79.99900000642742,79.99900000642742,-9.451837312972494,39.47967028505275,38.43911984927421,23.99530385223506,43.53121778611254,0.4061865060019551,0.4845404279208838,0.2078803653256873,0.2066008509783529,6.986429691772528,77.40298158660899,1.220021561529009,95.62506820934968
19,79.99900000642742,79.99900000642742,-9.990826964926576,39.34851935154088,42.49209637147757,28.477184619629217,43.88084455519212,0.4400100403731678,0.3542465234384429,0.2144072009746592,0.3393477761102297,11.149895764683563,72.27899967435533,2.1693325496946443,33.71128073668762
19,79.99900000642742,79.99900000642742,-9.825075908832352,39.50233341517469,37.8083877340057,27.374383972522057,44.048802004807314,0.4347674014395853,0.4709925733558316,0.2171671487141573,0.1369397935017646,11.496565348378128,79.90851947576574,13.884814314185292,39.7438432686832
19,79.99900000642742,79.99900000642742,-9.776472258345272,39.51367061519932,34.38739005545716,27.410778078896268,44.45782409824917,0.2129556113612941,0.4132000638664785,0.2140655096307267,0.2063390044668,5.568324950204119,77.13656546286234,29.268979202942862,39.493914169606185
19,79.99900000642742,79.99900000642742,-10.201921347120567,42.27907643940962,42.27218069362598,28.486911021550373,41.54911081165778,0.4318488860598646,0.4279932243314337,0.2142710545209714,0.413256901733056,12.7430691619943,77.3694603594669,178.57014883133073,87.40065641011493
19,79.99900000642742,79.99900000642742,-9.94764573373795,39.47984140627991,38.56571804524818,28.481670139485487,44.21638618082785,0.4347533226673721,0.4268929027504255,0.2142830656995583,0.4011149379453484,11.412987848650875,77.40298158660899,177.29355391960326,92.36492569803212
20,79.99900000642742,79.99900000642742,-9.999370499830292,39.47984140627991,38.513181257631054,28.493551321442258,43.83171082274329,0.4237759208909532,0.4649102368409893,0.2142823830574033,0.397502489494729,12.963449125845784,78.91315580449844,4.130122827220191,90.86961374858294
20,79.99900000642742,79.99900000642742,-9.91746630907734,39.464872827195066,44.55176837328115,28.58567674287413,44.12542472281535,0.4357337839130977,0.4425764115775008,0.2161924692078346,0.3909676361290155,11.56694472600517,83.01469803112835,178.4019718617905,92.60542317572968
20,79.99900000642742,79.99900000642742,-10.363880365106866,39.46978722513022,42.8922742896446,30.348690422130623,41.034978236867865,0.4415459906476103,0.468594855173066,0.222996035293252,0.3964493297448918,6.4143309747742485,76.98587830766719,169.03887787963453,6.003207953370406
20,79.99900000642742,79.99900000642742,-10.147347548807438,40.58673133254639,37.8083877340057,27.374383972522057,41.578052764998326,0.4302540840291649,0.4717185408805573,0.2171671487141573,0.1369397935017646,13.08807298386481,87.54253550949146,13.884814314185292,39.7438432686832
20,79.99900000642742,79.99900000642742,-10.29623480998599,39.34483673698284,38.53344013644401,28.486911021550373,41.54911081165778,0.4318488860598646,0.4634572703351258,0.2227054060407315,0.413256901733056,13.280986193813566,77.35969381459172,178.57014883133073,87.36437562128232
20,79.99900000642742,79.99900000642742,-9.431068912512792,39.28942167755092,37.6331918677544,23.810244145935886,43.505382483337776,0.4351786063067064,0.4709925733558316,0.2146104736406134,0.2093784479038782,6.359017123743975,77.64593164120704,12.341243354579348,53.27196303012189
20,79.99900000642742,79.99900000642742,-10.271145645564737,37.194833515619294,44.45590699268411,31.20135694201379,41.11540633956023,0.4288362333897439,0.3617211608319214,0.216455574690405,0.3955401282711557,11.496565348378128,80.15724555052726,170.34480307762786,6.003207953370406
20,79.99900000642742,79.99900000642742,-10.379596670032065,42.14796282638442,37.83981105049028,31.75592937866478,44.17902157508556,0.4354856676525186,0.4723953211059502,0.2143419840508154,0.3910420133488249,7.421297971020804,75.1556062651832,181.6779236687858,40.19372888916028
20,79.99900000642742,79.99900000642742,-10.319643881029464,40.55071058625092,38.0802328480703,28.48706991486325,41.36980016030397,0.4696219179112522,0.3568917050401416,0.2143645600510035,0.3403719208743106,11.516283833236434,77.3848846104339,170.330727998252,52.47030468707179
20,79.99900000642742,79.99900000642742,-9.4585657029033,39.14644340307103,37.7372558803103,23.809763496361757,43.29409310743642,0.4351786063067064,0.4709925733558316,0.2875764777054173,0.2066008509783529,6.415756649785823,67.34941069323963,12.341243354579348,53.79738114357445
20,79.99900000642742,79.99900000642742,-9.948325473625315,39.37731125519397,38.43885881853984,28.486911021550373,44.21641572375625,0.4347533226673721,0.3671739566612536,0.2144994308673032,0.3974547501670655,11.59293004782866,77.40298158660899,184.80396611918917,90.3457017059368
20,79.99900000642742,79.99900000642742,-9.413138942006412,36.313917878649534,37.740259835299135,23.753237983846574,43.58583942846398,0.2310002286081349,0.3638698815942983,0.2807471953010787,0.3382009237772772,11.44072456351046,77.62344500313996,12.341243354579348,59.56976367198568
20,79.99900000642742,79.99900000642742,-9.976486405797708,39.17932151944282,42.51836630638152,27.004762084163985,41.18012139269435,0.4683858131529136,0.4064613143458849,0.2143716061849831,0.3403719208743106,11.516112062302026,77.2287150726116,12.30706469961471,89.88915091882001
20,79.99900000642742,79.99900000642742,-9.891605456209977,39.42361952385315,44.72353878784772,28.55918061879092,44.21823010397319,0.4396239821609995,0.4857649192607509,0.2159844350880693,0.2001870385631791,11.710975323291256,107.22346896273588,201.04644172844925,91.83406269598682
20,79.99900000642742,79.99900000642742,-10.201921347120567,42.44675601285718,42.27218069362598,28.486911021550373,41.678731452628725,0.4318488860598646,0.4260625264642393,0.2143396038592572,0.413256901733056,12.7430691619943,77.23621643292763,179.32974162557383,133.65451712785762
21,79.99900000642742,79.99900000642742,-9.95345458218803,37.14665152928614,34.82323746251683,28.49921320835412,44.18939474491249,0.2129556113612941,0.4102328182215635,0.2680457691487992,0.40056750002487,5.549717307223412,77.11471700933139,26.37331827332728,57.471643833341474
21,79.99900000642742,79.99900000642742,-10.071637052766206,39.47984140627991,42.8325826856748,29.33177762425873,44.11589355305112,0.4342704529912848,0.3534997318264512,0.2143718804399854,0.3416300626335385,11.50885256517792,66.5055609772763,168.62576892096493,90.43587753534824
21,79.99900000642742,79.99900000642742,-10.22272930513816,38.57278535536683,37.739879856600034,28.58003091180249,42.20577290574325,0.2531253737083754,0.3671631870854719,0.2143594956638093,0.3981373422644821,11.49604393093805,78.51346306991185,187.24886581507997,39.63820387695836
21,79.99900000642742,79.99900000642742,-9.711900154261905,39.4816239862093,44.55176837328115,27.00966955595579,44.12747787595421,0.4347071620589068,0.4040780148492269,0.2143990876953476,0.3928171636015679,11.517330641039518,77.2234517018145,0.6878758678950305,102.95761730409944
21,79.99900000642742,79.99900000642742,-10.231812724874992,39.35150975113278,38.46882876458587,30.512345763715505,44.068448206340506,0.2577739759810259,0.4716526105096198,0.216125453769249,0.365860676759045,11.496565348378128,77.4320564395902,168.64110693410666,92.60542317572968
21,79.99900000642742,79.99900000642742,-9.349276496101528,40.35632788307978,42.30266806946692,21.980454539578663,41.33594969933232,0.4341790766238372,0.3340310154172096,0.2143714909098993,0.3424954584827501,6.254175843024572,77.22540613007628,28.249926540350117,95.55240168323668
21,79.99900000642742,79.99900000642742,-10.201921347120567,42.44675601285718,42.27218069362598,28.486911021550373,41.678731452628725,0.4318488860598646,0.545290934510651,0.2099463745006292,0.413256901733056,12.7430691619943,75.92221889383003,179.32974162557383,133.65451712785762
21,79.99900000642742,79.99900000642742,-9.813810360804077,39.362394370028426,34.190304639885056,27.45559894699245,44.21638618082785,0.2169284253131815,0.3671739566612536,0.2142924802252236,0.3974547501670655,11.591456873881224,77.13747769024216,178.03943137529632,91.8106446561554
21,79.99900000642742,79.99900000642742,-10.321989294822458,39.4524586032046,38.56035066158558,28.317189442137867,41.18193818183235,0.2563869647765588,0.3642612335089475,0.2141726253086445,0.3964530037459487,11.496038414367638,78.5458889804425,160.81608544078702,4.45731957421404
21,79.99900000642742,79.99900000642742,-8.807186307480357,39.31523893627331,38.43885881853984,18.705879954454893,43.18411826377211,0.4462529681770145,0.4635623588042047,0.2217472495027018,0.2069607346024249,6.415852657212639,77.18145134327605,12.561610578277184,90.2098431999151
21,79.99900000642742,79.99900000642742,-10.533331825311356,39.47984140627991,39.44569014834832,28.61753064572955,39.861986651675785,0.424098614489262,0.4695296463572692,0.2142823830574033,0.4011149379453484,11.496565348378128,104.8911683122197,6.557284782474682,125.59573264009124
21,79.99900000642742,79.99900000642742,-9.99780196909166,39.47984140627991,38.513181257631054,28.48152591911274,43.83171082274329,0.4237759208909532,0.427567424240521,0.2142823830574033,0.4327730897379389,12.963449125845784,77.4466223405303,4.130122827220191,82.47515308681608
21,79.99900000642742,79.99900000642742,-9.969338330863016,37.13531432926155,37.8083877340057,28.477245864807436,44.04565199485759,0.4397070341414532,0.4709925733558316,0.2712069338974304,0.3968312659099919,11.12712056666902,80.32720613285149,12.042394488815146,57.60741540688763
21,79.99900000642742,79.99900000642742,-10.271145645564737,37.206944568119575,44.45590699268411,31.20135694201379,41.11540633956023,0.435902087339366,0.3861965800850769,0.2596626930208018,0.3955401282711557,11.496565348378128,56.06149458109454,170.34480307762786,6.003207953370406
21,79.99900000642742,79.99900000642742,-9.903733302810664,39.51293433121599,38.63594423406186,28.442090153454192,44.51346816523904,0.4307805197947972,0.4132000638664785,0.2140655096307267,0.2063390044668,5.568324950204119,77.40206935922915,29.268979202942862,39.493914169606185
21,79.99900000642742,79.99900000642742,-10.09676495702574,40.54842796463608,38.21785521902463,28.769365337643286,43.36083400044591,0.4712521345611511,0.4446794328492497,0.2143359873737509,0.3370824056783355,13.07346518329865,77.40042613372614,12.341243354579348,89.85041642448228
21,79.99900000642742,79.99900000642742,-9.94921426447658,39.28546658969376,38.56571804524818,28.493695541815,44.21638618082785,0.4347533226673721,0.4642357153508938,0.2142830656995583,0.4011149379453484,11.412987848650875,78.86951505057712,177.29355391960326,92.36492569803212
21,79.99900000642742,79.99900000642742,-9.999306702035248,39.42415173065827,42.35284577173757,28.55683028233587,43.895478900065605,0.460076202131722,0.4866382687429126,0.2143628334953173,0.2003867101765067,11.718954664658355,107.22346896273588,1.9736477103709549,91.83406269598682
22,79.99900000642742,79.99900000642742,-9.948329327050764,39.3616580860451,38.43885881853984,28.486911021550373,44.21638618082785,0.4347533226673721,0.3671739566612536,0.2142924802252236,0.3974547501670655,11.591456873881224,77.40784313507709,178.03943137529632,91.8106446561554
22,79.99900000642742,79.99900000642742,-10.169456415240012,39.46978722513022,42.51134503854176,28.477177555381925,41.034978236867865,0.4415459906476103,0.3496574765303687,0.2226637576130738,0.3999798232551507,6.676743328312836,71.80301223426848,169.03887787963453,6.003207953370406
22,79.99900000642742,79.99900000642742,-10.078873359256091,40.54842796463608,38.21785521902463,28.63219642140933,43.36083400044591,0.4711263070362912,0.4446794328492497,0.2143359873737509,0.3344758060606133,11.55451135143884,103.84212739178824,12.183836163070104,126.2401928231474
22,79.99900000642742,79.99900000642742,-10.307621093814944,37.206944568119575,44.45590699268411,31.481002045265384,41.11540633956023,0.435902087339366,0.3671381574146543,0.2589202057399339,0.3955401282711557,11.49854012015501,56.10852193211008,170.34480307762786,6.003207953370406
22,79.99900000642742,79.99900000642742,-9.372509077057188,39.45362344250826,42.13518365246472,23.753237983846574,43.897335059741465,0.2310002286081349,0.3638698815942983,0.2807471953010787,0.3513077996550012,11.706120375234145,77.62344500313996,2.068635938841471,59.56976367198568
22,79.99900000642742,79.99900000642742,-10.356345973409908,40.52113057133503,42.89351244680632,30.29216490961566,41.38068685294444,0.2525518866512956,0.3614721634116667,0.222996035293252,0.3964493297448918,11.496038414367638,97.60639436861014,170.2851620612978,6.003207953370406
22,79.99900000642742,79.99900000642742,-10.293119163429338,37.14665152928614,34.82323746251683,28.49921320835412,41.58529962206252,0.2100826247467248,0.4101698744725975,0.2680457691487992,0.40056750002487,5.591196474959041,77.11471700933139,26.37331827332728,57.471643833341474
22,79.99900000642742,79.99900000642742,-10.006113151138564,36.90740830421112,44.25883391044787,28.972368069176923,43.84897201807536,0.2430831857000689,0.3546418721741315,0.2120939534818765,0.2905683273032737,3.6318810506388335,74.5185952141934,2.33531877075232,43.00658279991834
22,79.99900000642742,79.99900000642742,-10.487529284344348,39.34995027603544,37.81059803066695,30.50113664995845,42.09674546998507,0.2486989715827131,0.3671631870854719,0.2142924802252236,0.3981336623238907,11.49604393093805,77.40298158660899,168.70393468520746,39.63820387695836
22,79.99900000642742,79.99900000642742,-10.026963754804854,40.59136540900866,42.49825140586844,27.37164019270568,41.57776804544099,0.4683570685911715,0.4064692066545182,0.2143801633726319,0.3403719208743106,13.259331384763858,77.22869626098154,8.686871034847895,89.88915091882001
22,79.99900000642742,79.99900000642742,-10.055125378612985,36.90740830421112,42.49209637147757,28.972368069176923,43.88307349981064,0.2430831857000689,0.3546418721741315,0.214364090250735,0.3764185741584793,11.149895764683563,71.99654778517333,1.9936881663525163,35.07741487773799
22,79.99900000642742,79.99900000642742,-10.12351923037643,42.27907643940962,41.92897270642967,29.29099000188488,43.67734256899888,0.4318488860598646,0.4260625264642393,0.216748931764251,0.413256901733056,12.7430691619943,77.23621643292763,173.1044635638976,133.65451712785762
22,79.99900000642742,79.99900000642742,-8.724386052463998,39.47766483012727,38.51536101561083,18.06733847337529,43.18037873781794,0.4235542612154516,0.4635623588042047,0.2216665427080945,0.2069607346024249,6.811234810601611,77.16652182671565,4.016114423496627,90.2098431999151
22,79.99900000642742,79.99900000642742,-9.967012405767456,39.40690355398108,38.46867298761921,28.59124002555955,44.177478248009,0.2577739759810259,0.4716526105096198,0.2161924692078346,0.3907689589932881,11.496565348378128,78.635985048905,185.95435285753356,92.60542317572968
22,79.99900000642742,79.99900000642742,-9.94994605850252,39.28546658969376,38.5633640906344,28.49930596268053,44.21638618082785,0.4347533226673721,0.4638752236497897,0.2142830656995583,0.4011149379453484,13.063913107402238,78.86951505057712,178.70918364271472,92.36492569803212
22,79.99900000642742,79.99900000642742,-10.716080338141946,39.4743591433743,38.33077076489951,28.487386690654468,36.73788402005115,0.3957955289587486,0.4628192109408108,0.2142823830574033,0.397502489494729,12.963449125845784,85.08156953383255,4.130122827220191,90.86961374858294
22,79.99900000642742,79.99900000642742,-10.062379352625491,39.31741551242595,38.43667906056006,29.12006740017606,43.97515903004726,0.446474627852516,0.427567424240521,0.2143630898520105,0.4327730897379389,12.56806697505042,77.4615518570907,12.675624002149627,82.47515308681608
22,79.99900000642742,79.99900000642742,-9.91185002537511,39.37731125519397,38.43885881853984,28.207265918298773,44.21641572375625,0.4347533226673721,0.3862323793316762,0.2152419181481711,0.3974547501670655,11.590955276051776,77.35595423559352,184.80396611918917,90.3457017059368
22,79.99900000642742,79.99900000642742,-10.231481540522076,39.34841888057874,42.87302562258042,30.34869748637792,43.907339009041934,0.4400100403731678,0.4359099192368828,0.2146852380737078,0.2042172188201715,10.88748341119627,77.46186574775406,2.1693325496946443,35.03584329106153
22,79.99900000642742,79.99900000642742,-9.979271587233557,39.48209048475968,42.49701324870672,27.004762084163985,41.09719293931723,0.4683858131529136,0.4064692066545182,0.2143724002137067,0.3403719208743106,11.516112062302026,77.22869626098154,11.457569281761849,89.88915091882001
22,79.99900000642742,79.99900000642742,-10.131035405881391,40.546128376427845,37.8083877340057,27.00750586398036,41.33623441888966,0.4302828285909069,0.4717185408805573,0.2089578400726161,0.1369397935017646,11.34485366140298,87.54253550949146,13.884814314185292,39.7438432686832
23,79.99900000642742,79.99900000642742,-10.353345539552528,40.52113057133503,42.91651577304626,30.29216490961566,41.38149382825043,0.2479370399365655,0.3640491815189615,0.222996035293252,0.393521883644419,11.496038414367638,97.60639436861014,170.2851620612978,8.918870228397289
23,79.99900000642742,79.99900000642742,-8.830997772702197,39.317408497068016,38.43885881853984,18.705879954454893,43.001563697071305,0.4462529681770145,0.4635623588042047,0.2217472495027018,0.2069607346024249,6.415852657212639,77.18145134327605,12.561610578277184,82.32288508166377
23,79.99900000642742,79.99900000642742,-10.203543165260772,42.28971248404222,42.27218069362598,28.49934496062525,41.678731452628725,0.4320281225464488,0.4653436927257305,0.2099616622383865,0.413256901733056,12.7430691619943,75.92221889383003,179.32974162557383,133.65451712785762
23,79.99900000642742,79.99900000642742,-9.788868393335925,38.077700412522944,37.8083877340057,27.00750586398036,43.959514848404936,0.4300579259238627,0.4716572007935806,0.2157729819433349,0.4013992478437244,16.140972744216274,78.90317175578778,8.166872054127552,41.40806097453444
23,79.99900000642742,79.99900000642742,-10.55433462105389,39.34995027603544,37.81059803066695,30.50113664995845,41.58457122187861,0.2486989715827131,0.379867701225977,0.214242557800237,0.3981336623238907,11.503337518289875,87.49873087806961,168.70393468520746,39.63820387695836
23,79.99900000642742,79.99900000642742,-10.080542212097903,40.58673133254639,37.8083877340057,27.374383972522057,42.09022701310479,0.4302540840291649,0.4717185408805573,0.2172170711391439,0.1503725430657855,13.080779396512987,77.44678621803084,13.884814314185292,43.53603188542958
23,79.99900000642742,79.99900000642742,-10.300787437463846,37.20677344336427,44.495864701611474,31.468568388834303,41.11540633956023,0.4288748382834786,0.3669850483764148,0.2161657910922441,0.3955401282711557,11.49852405313978,80.15724555052726,170.34480307762786,6.003207953370406
23,79.99900000642742,79.99900000642742,-10.162971604434084,36.15617560426235,42.5164695224866,28.432585156481277,41.034978236867865,0.4405083025715096,0.3496574765303687,0.222718792129536,0.3999798232551507,11.125984650414024,72.19253182460068,188.09874644647317,6.003207953370406
23,79.99900000642742,79.99900000642742,-8.777812454510755,39.47761591927189,38.51536101561083,18.15877356127006,42.8622114100209,0.4235542612154516,0.4635623588042047,0.2216665427080945,0.2069607346024249,6.811234810601611,76.79957430093665,4.016114423496627,90.2098431999151
23,79.99900000642742,79.99900000642742,-10.232504378429232,39.37736961272005,38.44026549988409,30.34869748637792,43.899497251753765,0.4346977353168828,0.4359099192368828,0.2146852380737078,0.2042172188201715,10.88748341119627,77.45578382419241,184.94405326548556,35.03584329106153
23,79.99900000642742,79.99900000642742,-10.492168204842931,39.34995027603544,37.75646579289464,32.43366312157911,43.99370688444992,0.2531253737083754,0.4731468931967419,0.2142823658509318,0.3974752429156315,11.49604393093805,78.89568073242896,176.40925064762266,39.484818693842456
23,79.99900000642742,79.99900000642742,-10.354951345376437,39.4524586032046,42.8922742896446,30.280234604197297,41.21166931110356,0.2525518866512956,0.3614721634116667,0.222996035293252,0.3973722292151994,11.59603946696538,78.5458889804425,169.03887787963453,6.003207953370406
23,79.99900000642742,79.99900000642742,-10.123317832779172,39.315245951631255,38.43667906056006,29.587262414687576,43.97515903004726,0.446474627852516,0.427567424240521,0.2143630898520105,0.4327730897379389,12.56806697505042,77.4615518570907,12.675624002149627,90.3621112050674
23,79.99900000642742,79.99900000642742,-10.321989294822458,39.45196029477918,38.55478530840435,28.317189442137867,41.18193818183235,0.2563869647765588,0.3687354156675,0.2142100295011333,0.3882602111501798,12.031852516418407,78.5458889804425,160.81608544078702,4.45731957421404
23,79.99900000642742,79.99900000642742,-10.238431087535671,39.34841888057874,42.4106452257674,30.401977346815507,43.907339009041934,0.4400100403731678,0.3785385631707466,0.2143544810234806,0.2125108353471549,11.497659374336784,72.04234226959991,0.9420987880673332,35.03584329106153
23,79.99900000642742,79.99900000642742,-9.999370499830292,39.47984140627991,38.46560903880096,28.493551321442258,43.83171082274329,0.4269514326430831,0.3615579965386475,0.2230422544689719,0.3964668811046847,12.963449125845784,98.21585030392832,2.176425673057088,90.86961374858294
23,79.99900000642742,79.99900000642742,-10.06449177664438,39.31741551242595,38.4366329165192,29.136262650987536,43.97515903004726,0.4464428094693972,0.427567424240521,0.2143630898520105,0.4028870128984683,12.605731114965678,77.45977304591291,180.0154676327431,82.05529913178016
23,79.99900000642742,79.99900000642742,-9.982272021090935,39.48209048475968,42.47400992246678,27.004762084163985,41.09638596401125,0.4730006608091013,0.4038921885472234,0.2143724002137067,0.3432993669747834,11.516112062302026,77.22869626098154,11.457569281761849,87.12161059684675
24,79.99900000642742,79.99900000642742,-10.61689941312094,40.455446592317074,34.67969320760802,30.43681501185659,41.04058617792936,0.1967783341546112,0.362646593601805,0.2142533610536113,0.393521883644419,11.496038414367638,97.0003699867838,170.2851620612978,8.918870228397289
24,79.99900000642742,79.99900000642742,-10.131035405881391,40.546128376427845,37.8083877340057,27.00750586398036,41.33623441888966,0.4094237542059131,0.4793466511877502,0.2075567743577911,0.1369397935017646,11.34485366140298,87.54253550949146,13.884814314185292,39.7438432686832
24,79.99900000642742,79.99900000642742,-10.131706812279582,39.315245951631255,38.437593508691215,29.60529211416884,43.9288732200253,0.446474627852516,0.427567424240521,0.2188477255232631,0.4326849213818968,12.56806697505042,49.49931278604773,12.675624002149627,90.3621112050674
24,79.99900000642742,79.99900000642742,-9.918046007805032,39.47337886392332,44.54732401636889,28.58567674287413,43.98800286214646,0.4357337839130977,0.4425764115775008,0.2161924692078346,0.3909676361290155,11.56694472600517,83.01469803112835,178.4019718617905,69.4357813630624
24,79.99900000642742,79.99900000642742,-10.300787437463846,37.18400323613039,44.495864701611474,31.468568388834303,41.11540633956023,0.4289868824043236,0.4837050889232829,0.2143195042907991,0.3955401282711557,13.023569302866711,80.15724555052726,5.947001378939177,0.9592961895776152
24,79.99900000642742,79.99900000642742,-10.706863122059154,37.194833515619294,37.54729321187703,31.20135694201379,41.11540633956023,0.4288697471250555,0.4698099337736096,0.216455574690405,0.394901100255605,11.496565348378128,80.14348149689876,170.34480307762786,6.003207953370406
24,79.99900000642742,79.99900000642742,-10.21831968897201,39.50261161351375,38.513181257631054,28.493551321442258,42.15310037265683,0.4236638767701082,0.3481901962838741,0.2161286698588483,0.397502489494729,11.438403876118857,78.91315580449844,169.867473866659,90.86961374858294
24,79.99900000642742,79.99900000642742,-10.055863495592789,40.54344570572568,42.30203846132304,27.396991927534454,41.578052764998326,0.4302540840291649,0.4723818477406358,0.2171671487141573,0.0969541252715816,13.108544707715485,87.28731141262213,177.8159454182483,39.7438432686832
24,79.99900000642742,79.99900000642742,-10.477947600302016,39.248627481432784,37.73168643996456,30.50113664995845,42.17020504764297,0.2501987025555824,0.3662190556639996,0.2142924802252236,0.3981336623238907,11.119098433635584,72.105048280926,189.2454862518482,6.572039507633701
24,79.99900000642742,79.99900000642742,-9.99689525739553,39.47984140627991,38.46560903880096,28.493551321442258,43.8506876814098,0.4319080891773912,0.3615579965386475,0.2165437332420116,0.3936599148421666,11.56588963001977,97.63880490012752,2.176425673057088,90.86961374858294
24,79.99900000642742,79.99900000642742,-9.999430827987688,39.47984140627991,38.56571804524818,28.480726418878938,43.81842340430664,0.4344503853073025,0.4268929027504255,0.2141330868217924,0.3961484661214779,11.424714000653376,77.1707471602451,11.975524532389016,57.61836827512402
24,79.99900000642742,79.99900000642742,-10.30704139508726,37.1984385313913,44.46035134959638,31.481002045265384,41.25280017887286,0.435902087339366,0.3671381574146543,0.2589202057399339,0.3955401282711557,11.49854012015501,52.45090400244978,170.34480307762786,6.003207953370406
24,79.99900000642742,79.99900000642742,-10.162971604434084,36.13738126765806,42.5164695224866,28.432585156481277,41.034978236867865,0.4405083025715096,0.3496574765303687,0.202707920344195,0.3999798232551507,11.125984650414024,72.19253182460068,188.09874644647317,13.133275525946244
24,79.99900000642742,79.99900000642742,-10.354951345376437,39.4524586032046,42.8922742896446,30.280234604197297,41.21166931110356,0.2525518866512956,0.3614721634116667,0.222996035293252,0.3973722292151994,8.7373243512796,78.5458889804425,169.03887787963453,6.003207953370406
24,79.99900000642742,79.99900000642742,-10.152679021577995,36.25749839886356,42.59537932438328,28.432585156481277,40.961518659209936,0.4390085718339152,0.350601607951841,0.222718792129536,0.3999798232551507,11.50293014771649,77.49046513028365,167.5571948798324,39.07322230737952
24,79.99900000642742,79.99900000642742,-9.947585405580575,39.47984140627991,38.46560903880096,28.494495042048804,44.229673599264345,0.4272543700031526,0.3615579965386475,0.2231922333467378,0.4014333529285552,12.951722973843284,98.4480847302922,169.52178240494925,90.85383328375455
24,79.99900000642742,79.99900000642742,-9.918191954645003,39.4655024371833,44.55176837328115,28.59124002555955,44.12542472281535,0.4361530677530972,0.4066586388469885,0.2161924692078346,0.3909676361290155,11.496406453531517,78.54521142091323,187.18603806397917,92.60542317572968
24,79.99900000642742,79.99900000642742,-10.313601140773038,39.45196029477918,38.5538708602732,28.29915974265661,41.22821766339662,0.2563869647765588,0.3687354156675,0.2142100295011333,0.3883483795062219,12.031852516418407,78.5458889804425,160.81608544078702,4.45731957421404
25,79.99900000642742,79.99900000642742,-10.20986635392201,37.03257012949217,44.99883658688044,31.274478633615896,44.21638618082785,0.4347533226673721,0.4071719386045664,0.2142830656995583,0.4013034772743434,11.412987848650875,53.36662245319789,170.28917431060793,92.36492569803212
25,79.99900000642742,79.99900000642742,-10.206547518845696,39.52108169203379,38.513181257631054,28.40329801714053,42.15310037265683,0.4288358229892727,0.3481901962838741,0.2161359412018623,0.3949912280802975,11.500251715284303,78.91315580449844,169.88683205547957,90.86961374858294
25,79.99900000642742,79.99900000642742,-9.788868393335925,38.077700412522944,37.8083877340057,27.00750586398036,43.959514848404936,0.4300579259238627,0.4427599564767151,0.2157729819433349,0.4013992478437244,16.436817829225618,78.91761159057398,5.647802416520323,41.40806097453444
25,79.99900000642742,79.99900000642742,-9.911646860566812,39.42089667555359,44.601947427880624,28.59124002555955,44.12542472281535,0.4361530677530972,0.4066586388469885,0.2161924692078346,0.4129453419526807,11.496406453531517,78.54521142091323,179.63750338377037,92.60542317572968
25,79.99900000642742,79.99900000642742,-9.962090807225865,40.54344570572568,42.16962338933797,28.526865865326336,44.150836343261375,0.4212726750222831,0.4715786607155791,0.2174270463938124,0.1041119606105121,13.163653092652728,87.28731141262213,177.8106263924225,91.38030405392016
25,79.99900000642742,79.99900000642742,-9.999370499830292,39.48093956051777,38.55619243231856,28.493551321442258,43.83171082274329,0.4239308882194849,0.4649102368409893,0.21428243921276,0.4011074247851469,12.963449125845784,78.91315580449844,2.553911687200241,90.86961374858294
25,79.99900000642742,79.99900000642742,-10.520529788303712,42.15138215536827,34.632789589610056,30.50113664995845,41.84374160629662,0.2479532193146378,0.378902886130702,0.2142729348694704,0.3981473782788087,11.503337518289875,77.65696823467401,174.48597465552857,88.32869315456925
25,79.99900000642742,79.99900000642742,-10.603839488971689,40.455446592317074,34.67969320760802,30.385499283625247,41.08939653484229,0.1967783341546112,0.362646593601805,0.2142533610536113,0.393521671639766,11.500368873110162,97.62257948017503,170.2851620612978,8.918870228397289
25,79.99900000642742,79.99900000642742,-9.979271587233557,39.26666231180022,42.49701324870672,27.004762084163985,41.09719293931723,0.4683858131529136,0.4064692066545182,0.2167331313088756,0.4159295874827478,11.516112062302026,77.23621419036766,172.1922491352338,89.88915091882001
25,79.99900000642742,79.99900000642742,-10.512652940441924,23.663659387559463,34.67969320760802,31.80268440221272,43.20567852549127,0.1967783341546112,0.362646593601805,0.2147405956863785,0.393521883644419,7.11200810454055,97.11061559096598,38.2895545487692,9.777696579367188
25,79.99900000642742,79.99900000642742,-10.208538716089116,42.49136176219259,42.22144753153377,28.486911021550373,41.678731452628725,0.4318488860598646,0.545290934510651,0.2099463745006292,0.3912791959093908,12.7430691619943,75.92221889383003,186.8782763057826,133.65451712785762
25,79.99900000642742,79.99900000642742,-10.232504378429232,39.37736961272005,40.10370408320663,30.34869748637792,43.899497251753765,0.4424325861909822,0.4064846489183637,0.2142920045664932,0.2042172188201715,2.046045413132804,77.45605144124394,185.3769192357385,35.03584329106153
25,79.99900000642742,79.99900000642742,-10.11375880649473,42.49450458285724,41.92897270642967,29.21616008545852,43.67734256899888,0.4318488860598646,0.4260625264642393,0.2415445731035936,0.3376992351246187,12.7430691619943,77.22869850354152,12.677885756219752,133.65451712785762
25,79.99900000642742,79.99900000642742,-10.718635292185468,37.17636343709921,37.54729321187703,31.291610246315518,41.11540633956023,0.4177232923878034,0.4698099337736096,0.216448303347391,0.3974123616700366,11.434717509212678,80.14348149689876,170.32544488880723,6.003207953370406
25,79.99900000642742,79.99900000642742,-10.307621093814944,37.206944568119575,44.45590699268411,31.481002045265384,41.11540633956023,0.435902087339366,0.3671381574146543,0.2589202057399339,0.3974773808050434,11.49854012015501,56.10852193211008,170.34480307762786,6.003207953370406
25,79.99900000642742,79.99900000642742,-10.308016406529156,37.1984385313913,44.52470377497438,31.5528295583646,41.25280017887286,0.4401424525772396,0.3674706850407376,0.253846029801532,0.3955401282711557,11.49854012015501,52.45090400244978,173.60128325008276,6.003207953370406
25,79.99900000642742,79.99900000642742,-10.206864588664564,39.34995027603544,38.44972686637061,30.34376420287397,44.09113568977893,0.2486989715827131,0.3803126119759539,0.214242557800237,0.3982536167492254,11.607438604331936,98.97659525495511,168.68228592629316,39.63820387695836
25,79.99900000642742,79.99900000642742,-10.13653787381331,39.3616580860451,38.43885881853984,27.35703708375849,41.64358005118975,0.4288751835433051,0.3679771436862211,0.2140325825455685,0.3911465659695382,11.53634848894398,77.40784313507709,174.82928262293964,40.174184160936846
25,79.99900000642742,79.99900000642742,-10.433589385976616,39.59003041907856,38.5538708602732,29.118313297367987,41.12746133821385,0.2563869647765588,0.3687354156675,0.2142100295011333,0.3883483795062219,12.031852516418407,78.5458889804425,161.90414154312822,80.79873190464374
25,79.99900000642742,79.99900000642742,-9.805280457371351,39.479999676395714,42.49701324870672,27.004762084163985,43.830945244316894,0.4683858131529136,0.4064692066545182,0.2142669876842832,0.3366984139049529,11.516112062302026,77.22869626098154,12.110573989556151,89.94338293034865
25,79.99900000642742,79.99900000642742,-10.37905920150974,39.65421584490692,36.68260828664722,28.688193551134976,41.11540633956023,0.435902087339366,0.3671381574146543,0.2589202057399339,0.3953515889421607,11.49854012015501,80.14488106552683,177.34918268662315,6.003207953370406
26,79.99900000642742,79.99900000642742,-10.13653787381331,38.27183765260769,38.43885881853984,27.35703708375849,41.64358005118975,0.4288751835433051,0.3679771436862211,0.1554517418750067,0.3913041011944093,11.53634848894398,77.40784313507709,12.633131747386969,40.174184160936846
26,79.99900000642742,79.99900000642742,-9.94994605850252,39.28546658969376,38.562454514091456,28.49930596268053,44.21638618082785,0.4181004530193373,0.4638752236497897,0.2163146111689838,0.4011361290464579,13.081269552785823,78.86951505057712,170.15920940534286,92.67933437018308
26,79.99900000642742,79.99900000642742,-10.35620959821044,36.13738126765806,36.82303057058817,28.432585156481277,41.034978236867865,0.4424759974957436,0.3496574765303687,0.2139110749667296,0.4000739490554031,11.126401778633072,72.19253182460068,188.09874644647317,6.372529001169687
26,79.99900000642742,79.99900000642742,-9.979271587233557,39.26666231180022,42.49701324870672,27.004762084163985,41.09719293931723,0.4683858131529136,0.4064692066545182,0.2167331313088756,0.4159295874827478,11.516112062302026,77.23621419036766,167.8411498793775,89.88915091882001
26,79.99900000642742,79.99900000642742,-10.355374405489163,39.65421584490692,36.68260828664722,28.506610114977203,41.11540633956023,0.435902087339366,0.3671381574146543,0.2160152221211209,0.3953515889421607,11.49854012015501,80.14488106552683,177.34918268662315,6.003207953370406
26,79.99900000642742,79.99900000642742,-10.16556669520226,39.64437038967886,42.49657382659724,28.432585156481277,41.10330165945943,0.4390085718339152,0.350601607951841,0.222718792129536,0.3999798232551507,11.51593674997929,77.49046513028365,167.5571948798324,43.50070101588048
26,79.99900000642742,79.99900000642742,-10.11375880649473,42.49126542738438,42.235435113703325,29.21616008545852,43.67734256899888,0.4318488860598646,0.4260625264642393,0.2095989431145797,0.3376992351246187,12.7430691619943,75.90266204918868,12.677885756219752,133.65451712785762
26,79.99900000642742,79.99900000642742,-9.97380199601011,39.42089667555359,43.68306939439491,28.59124002555955,44.12542472281535,0.4361530677530972,0.4066586388469885,0.2161924692078346,0.4129453419526807,11.496406453531517,70.33631080439608,179.63750338377037,92.60542317572968
26,79.99900000642742,79.99900000642742,-10.044711920870256,39.46294094445193,38.4366329165192,29.136262650987536,44.12680459098219,0.4465710420953839,0.4066585748010829,0.214417094516207,0.4027335141136969,11.517097178219258,77.45852282063824,180.07710974656428,92.72367670414614
26,79.99900000642742,79.99900000642742,-9.947972091181311,39.47984140627991,38.46560903880096,28.49745963165444,44.229673599264345,0.4287947899016543,0.3629501868931119,0.2231922333467378,0.3949453039551735,11.569167145075564,98.08250497745992,169.52178240494925,90.85511003275398
26,79.99900000642742,79.99900000642742,-10.818920078166272,40.560714055881945,38.24189495336705,31.97926625830181,41.03421232569372,0.470822750730359,0.4448552352074872,0.1593758595184069,0.3267152267729205,9.60024146676355,2.959190964532688,12.338978733903533,73.23419436363662
26,79.99900000642742,79.99900000642742,-9.918191954645003,39.31997700515733,44.55176837328115,28.59124002555955,43.973779161880415,0.4360248351271105,0.4275674882864266,0.2161384645436381,0.3911211349137869,12.585040390277936,78.54646164618792,187.124395950158,81.9370456033637
26,79.99900000642742,79.99900000642742,-10.23745297137183,40.393443146694544,40.06374931512394,30.386636698937828,43.899497251753765,0.1911582032526356,0.4064846489183637,0.2142912395487573,0.395679156066966,11.533661251101934,76.49092402092849,185.3769192357385,35.03584329106153
26,79.99900000642742,79.99900000642742,-10.918225467359086,40.45045730133624,34.80278169909538,35.5119242220153,43.80552897226231,0.1967783341546112,0.362646593601805,0.2142533610536113,0.4015744628338561,11.496038414367638,97.0003699867838,170.2851620612978,41.7419541903966
27,79.99900000642742,79.99900000642742,-10.399108979550183,39.662088785509646,34.5090233380966,28.688193551134976,40.96169137458349,0.435902087339366,0.3626387792191439,0.2605153342672673,0.3953515889421607,11.498630534912662,80.14488106552683,176.9825987460921,6.003207953370406
27,79.99900000642742,79.99900000642742,-9.969884537996556,39.3242324096827,42.451433623785775,28.43371958786015,43.997938129886485,0.3576500849041803,0.350601607951841,0.2040215278372986,0.3906053851216401,11.51593674997929,77.49046513028365,167.5571948798324,43.50070101588048
27,79.99900000642742,79.99900000642742,-10.20986635392201,37.03257012949217,44.99883658688044,31.274478633615896,44.21638618082785,0.4347533226673721,0.4071719386045664,0.2142830656995583,0.4013034772743434,11.412987848650875,72.71170655955754,170.28917431060793,92.36492569803212
27,79.99900000642742,79.99900000642742,-9.94764573373795,39.47984140627991,42.42082920788104,28.481670139485487,44.21638618082785,0.4347533226673721,0.4268929027504255,0.2142830656995583,0.401135737753905,11.412987848650875,78.83360052193702,177.29355391960326,92.36584876371776
27,79.99900000642742,79.99900000642742,-9.934346601989285,37.25241555168421,38.46560903880096,28.49745963165444,44.33413568306989,0.4287947899016543,0.3630077332556686,0.2240044367643259,0.3949453039551735,11.499786366024964,100.47610887931631,177.05502055659963,1.8458283247291192
27,79.99900000642742,79.99900000642742,-9.894216990387676,39.64011498515348,44.73444200120846,28.590105594180677,41.07912956210507,0.4389762792118925,0.4275674882864266,0.2161384645436381,0.4004955730472975,12.585040390277936,78.54646164618792,191.14229598757797,81.9370456033637
27,79.99900000642742,79.99900000642742,-11.184799037999484,39.574114361596486,39.12578149051145,34.87758729620993,41.12746133821385,0.2583953969952012,0.3687354156675,0.1546352380975503,0.4021670526683423,12.02236462570372,78.5458889804425,161.56874155598112,91.85127320381191
27,79.99900000642742,79.99900000642742,-10.102550046811151,40.54842796463608,38.21549028170247,28.769365337643286,43.316481645424446,0.3749204338236442,0.4446794328492497,0.2076629513105293,0.1342623143016444,13.07346518329865,77.74962753508282,12.341243354579348,89.85041642448228
27,79.99900000642742,79.99900000642742,-10.29900223586874,37.04848618697412,44.31546149195554,31.274478633615896,44.21638618082785,0.4327448905119823,0.4071719386045664,0.2142830656995583,0.3874848041122231,11.422475739365565,53.36662245319789,170.62457429775506,81.31238439886394
27,79.99900000642742,79.99900000642742,-10.45400996907155,36.18183944407856,38.21785521902463,31.508243763327798,43.36083400044591,0.4421315589688738,0.4559157258137196,0.2143353245799627,0.3370824056783355,11.189249157200882,77.40042613372614,12.341243354579348,89.85041642448228
27,79.99900000642742,79.99900000642742,-9.90121544858609,39.42089667555359,44.68192158639948,28.59124002555955,44.13353804700781,0.4361530677530972,0.4066586388469885,0.2146252012950374,0.4129453419526807,11.496717625065642,78.54521142091323,179.63750338377037,92.60542317572968
27,79.99900000642742,79.99900000642742,-10.781978353116765,42.12651529435991,35.999941639973734,32.02797437059612,41.36614033003423,0.1914860693912724,0.4279932243314337,0.2173767018448388,0.3974340022702166,10.001928230992675,77.17307820847428,51.26084729101638,43.92454593619071
27,79.99900000642742,79.99900000642742,-9.877983152639729,39.64777133372223,38.574928026064335,28.43515072740065,44.70394655716265,0.4319080891773912,0.3506803246528408,0.2165017796139189,0.3937728216438917,11.56588963001977,79.59429132519973,23.47645058403889,90.86961374858294
27,79.99900000642742,79.99900000642742,-10.1252503169,40.546128376427845,37.81075267132787,27.00750586398036,41.38058676774699,0.470684225013544,0.5112913754066142,0.2142298104210127,0.3397647723956742,11.34485366140298,87.19333410813476,13.884814314185292,39.7438432686832
27,79.99900000642742,79.99900000642742,-10.232504378429232,39.37736961272005,40.10370408320663,30.34869748637792,43.899497251753765,0.4424325861909822,0.4064846489183637,0.2142920045664932,0.2042172188201715,2.046045413132804,77.45605144124394,185.3769192357385,35.312327221634035
28,79.99900000642742,79.99900000642742,-9.9483227936147,39.455716781809286,34.80703867721056,28.481670139485487,44.21119538843938,0.4347533226673721,0.4268929027504255,0.2142830656995583,0.4011490821238284,11.414607172417536,78.83360052193702,170.41255796239562,43.3357748095414
28,79.99900000642742,79.99900000642742,-9.792836122593547,38.077700412522944,37.8083877340057,27.031194246525025,43.95278397330774,0.4302232917232573,0.4427599564767151,0.2152662830380248,0.5117514457323381,16.436817829225618,78.91761159057398,5.647802416520323,90.39276247220356
28,79.99900000642742,79.99900000642742,-10.776679319792116,42.09897619962848,40.2932797772576,31.97926625830181,41.35805813989555,0.470822750730359,0.4448552352074872,0.1593758595184069,0.3204194044369178,9.599506463713295,2.959190964532688,12.338978733903533,73.23419436363662
28,79.99900000642742,79.99900000642742,-10.447043247343956,40.46627507286628,38.23276987229197,32.00609375331692,43.91209552367989,0.4300579259238627,0.4427599564767151,0.1614205372150035,0.4013992478437244,9.801774381207274,78.91761159057398,4.978350763628454,41.20347733296733
28,79.99900000642742,79.99900000642742,-10.258873376548962,39.67660905931578,44.73444200120846,31.385804554750536,41.07912956210507,0.4391506562240901,0.4275674882864266,0.2161384645436381,0.4004955730472975,12.585040390277936,78.54646164618792,172.35471804211218,81.30705694283567
28,79.99900000642742,79.99900000642742,-10.32907667519629,37.322396925591136,44.52470377497438,31.71429161814597,41.25280017887286,0.4401424525772396,0.3674706850407376,0.2225706800518031,0.3935158195557619,10.356336320205283,52.92319167153735,173.60128325008276,6.003207953370406
28,79.99900000642742,79.99900000642742,-10.170137044448822,34.84550170137417,37.8083877340057,27.00750586398036,41.03645518987269,0.4094237542059131,0.3499730795147218,0.2088131630815763,0.1352065416612785,6.715195541589594,94.71852743702156,13.884814314185292,39.7438432686832
28,79.99900000642742,79.99900000642742,-9.934345849707451,37.01199211281144,44.31546149195554,28.478779673046034,44.21638618082785,0.4325705134997847,0.4071719386045664,0.2142830656995583,0.3910882323569676,11.422475739365565,53.36662245319789,161.5532941901414,81.94237305939198
28,79.99900000642742,79.99900000642742,-10.023589309119403,38.21954935936434,42.50606737226024,27.3535854088424,41.09719293931723,0.4683858131529136,0.4064692066545182,0.2167331313088756,0.4159295874827478,11.51590209236884,77.23439999891896,167.8411498793775,89.49032158202307
28,79.99900000642742,79.99900000642742,-10.917548407482336,40.47458192580686,42.41654187877994,35.5119242220153,43.81071976465071,0.1967783341546112,0.362646593601805,0.2142533610536113,0.4015611184639328,11.494419090600974,97.0003699867838,177.16615801850543,72.74215325174963
28,79.99900000642742,79.99900000642742,-10.149215045954293,39.31895060504356,38.42980450446626,27.45422873683934,41.64358005118975,0.4288751835433051,0.3679771436862211,0.1554517418750067,0.3913041011944093,11.536558458877169,77.40965732652579,12.633131747386969,40.5730136564418
28,79.99900000642742,79.99900000642742,-9.998282498405366,39.47984140627991,38.46560903880096,28.494495042048804,43.84099588760763,0.4272543700031526,0.3657006899899945,0.217839548214273,0.1014794311682799,12.951722973843284,98.4480847302922,169.52178240494925,90.87767958944414
28,79.99900000642742,79.99900000642742,-10.160746289754575,38.17213939553764,37.817512815080775,26.98067836896523,41.08162348084677,0.470822750730359,0.4448552352074872,0.2137283042471444,0.3267152267729205,16.235284914833205,2.959190964532688,13.008430994849416,73.43877800611492
28,79.99900000642742,79.99900000642742,-10.169456415240012,39.46978722513022,42.51134503854176,28.477177555381925,41.034978236867865,0.4415459906476103,0.4474387355952252,0.2226637576130738,0.3395317578812544,6.676743328312836,71.80301223426848,171.152975304714,87.6765077882054
29,79.99900000642742,79.99900000642742,-9.843984021389993,37.03257012949217,44.99883658688044,28.46938075087041,44.21638618082785,0.4347533226673721,0.4071719386045664,0.2161861234372889,0.3954196923738823,11.408882412299343,72.71170655955754,170.28917431060793,92.36492569803212
29,79.99900000642742,79.99900000642742,-10.396022422493251,40.45045730133624,34.80278169909538,31.9661459445182,44.26330737206989,0.1967783341546112,0.362646593601805,0.1134649845796311,0.4012336645329989,11.496038414367638,97.0003699867838,60.654324772003896,41.7419541903966
29,79.99900000642742,79.99900000642742,-10.293663181375592,39.31895060504356,38.42980450446626,28.53523376329497,41.61714937274871,0.4288751835433051,0.3679771436862211,0.2190014982443577,0.1058544967117436,11.536558458877169,79.17239701548314,12.633131747386969,40.5730136564418
29,79.99900000642742,79.99900000642742,-10.13653787381331,39.70595991168975,39.5645144753569,27.35703708375849,41.64358005118975,0.4290743622760426,0.3679771436862211,0.1554517418750067,0.3789087011604831,11.53634848894398,77.40784313507709,12.633131747386969,38.43283957304836
29,79.99900000642742,79.99900000642742,-10.2160338151688,39.37691743089466,40.082484268349695,30.53412130473354,44.21119538843938,0.4347533226673721,0.406589922492765,0.2142925456954779,0.1938274525698053,2.0961185889071947,77.47291739573349,170.720221311045,43.3357748095414
29,79.99900000642742,79.99900000642742,-9.96479335687514,39.45616896363469,34.828258487705504,28.296246321129864,43.899497251753765,0.4424325861909822,0.4267876291760242,0.2142825245705736,0.4115389133914104,11.364973421310538,78.81673456744748,185.06925588708916,23.274565945543404
29,79.99900000642742,79.99900000642742,-10.433589385976616,39.59003041907856,38.5538708602732,29.118313297367987,41.12746133821385,0.3719058931868838,0.4471211490444444,0.2140037072594026,0.3883483795062219,13.062646615687802,82.38475985537637,160.85724148265697,80.79873190464374
29,79.99900000642742,79.99900000642742,-10.160746289754575,38.17213939553764,37.817512815080775,26.98067836896523,41.08162348084677,0.470822750730359,0.4448552352074872,0.2137283042471444,0.3267152267729205,16.235284914833205,0.4574164196495371,13.008430994849416,73.43877800611492
29,79.99900000642742,79.99900000642742,-10.436143069199709,38.732824166565415,37.577983561908624,31.97798024763343,43.96755005043561,0.1812034601679355,0.1556400950336941,0.0803747516716759,0.397223464892815,11.434717509212678,67.96283850236276,170.32544488880723,6.003207953370406
29,79.99900000642742,79.99900000642742,-10.373484438522668,39.500128850006014,38.4366329165192,31.66462269790665,44.13457533589951,0.4100975814605496,0.4010246183018919,0.214417094516207,0.3983756882442983,11.517097178219258,77.45852282063824,180.07710974656428,92.72367670414614
29,79.99900000642742,79.99900000642742,-10.718635292185468,37.17636343709921,37.54729321187703,31.291610246315518,41.11540633956023,0.4177232923878034,0.4698099337736096,0.216448303347391,0.3974123616700366,11.434717509212678,80.14348149689876,165.25317332995053,6.003207953370406
29,79.99900000642742,79.99900000642742,-9.964902692562688,36.25749839886356,44.03499784683397,28.432585156481277,40.961518659209936,0.4390085718339152,0.350601607951841,0.222718792129536,0.3999798232551507,11.50293014771649,77.49046513028365,167.5571948798324,39.07322230737952
29,79.99900000642742,79.99900000642742,-11.184799037999484,39.574114361596486,39.79941489974398,34.87758729620993,41.12746133821385,0.2583953969952012,0.3687354156675,0.1546352380975503,0.4021670526683423,12.02236462570372,78.5458889804425,161.56874155598112,91.85127320381191
29,79.99900000642742,79.99900000642742,-10.587128823205411,39.96269374292747,42.51134503854176,31.6793326831166,41.034978236867865,0.4722488823493601,0.4474387355952252,0.1601564617739313,0.3395181194109235,6.676743328312836,71.65296045510011,178.96702808108446,87.6765077882054
29,79.99900000642742,79.99900000642742,-11.015580567026824,40.46627507286628,38.23129117048372,36.364879870885545,43.91209552367989,0.4300579259238627,0.4427599564767151,0.1614205372150035,0.4013992478437244,9.801774381207274,78.91761159057398,4.978350763628454,41.20526738439427
29,79.99900000642742,79.99900000642742,-10.394727089221284,39.662088785509646,34.5090233380966,28.688193551134976,40.99528586710513,0.435902087339366,0.3626387792191439,0.2605153342672673,0.3953515889421607,11.498630534912662,80.14488106552683,176.9825987460921,6.003207953370406
29,79.99900000642742,79.99900000642742,-9.814617967932818,38.077700412522944,37.80986643581395,27.20491926922324,43.959514848404936,0.4300579259238627,0.4427599564767151,0.2157729819433349,0.4013992478437244,16.436817829225618,78.91761159057398,5.647802416520323,50.81472778286968
29,79.99900000642742,79.99900000642742,-10.57242985137772,39.52108169203379,38.513181257631054,31.208395899886018,42.15310037265683,0.4288358229892727,0.3481901962838741,0.2142328834641317,0.4008750129807586,11.504357151635832,78.91315580449844,169.88683205547957,90.86961374858294
30,79.99900000642742,79.99900000642742,-10.238654872736369,39.70595991168975,41.39292968341865,28.139934075501916,41.64358005118975,0.4290743622760426,0.3679771436862211,0.1554517418750067,0.3789087011604831,11.53634848894398,77.40784313507709,12.633131747386969,38.43283957304836
30,79.99900000642742,79.99900000642742,-10.3689320536839,39.455716781809286,34.80703867721056,28.481670139485487,40.98652439457553,0.4723749858694994,0.4272358717985856,0.1601586618508813,0.4011490821238284,11.414607172417536,71.41217250588068,183.90952831117696,43.3357748095414
30,79.99900000642742,79.99900000642742,-10.293663181375592,39.32118209527568,38.42980450446626,28.53523376329497,41.61714937274871,0.4288751835433051,0.3687432661256605,0.2181541024388644,0.0838716020284254,12.0145395075495,78.58562753516078,10.30032239922692,113.97808937615444
30,79.99900000642742,79.99900000642742,-11.184799037999484,39.57188287136438,39.12578149051145,34.87758729620993,41.12746133821385,0.2583953969952012,0.3679692932280606,0.1602336441238589,0.4369130021424824,15.965620028026262,79.13265846076486,159.81836626261196,41.84905906649574
30,79.99900000642742,79.99900000642742,-10.321037262576311,39.52108169203379,38.33965613163815,31.259191512782674,44.13123916636426,0.4288358229892727,0.3486108563662749,0.2142294586034231,0.4008750129807586,11.502384698037671,78.91315580449844,170.44151325803458,42.93684556046741
30,79.99900000642742,79.99900000642742,-10.215849816896842,39.50757143072707,42.765338035632944,29.08685329850878,41.12746133821385,0.3710905364436618,0.4471211490444444,0.2140037072594026,0.3755200389896562,13.052636583504368,82.7984374335962,160.85724148265697,80.79873190464374
30,79.99900000642742,79.99900000642742,-9.94637966160677,37.03257012949217,37.78352203757116,28.46938075087041,44.21380334521851,0.43449394698905,0.4071719386045664,0.2161840596011005,0.5172162304830418,11.408882412299343,78.85979652361863,2.8088038060573126,92.36492569803212
30,79.99900000642742,79.99900000642742,-10.447043247343956,40.46627507286628,38.26899958131712,32.00609375331692,43.91209552367989,0.4300579259238627,0.3607068977658359,0.2150656324275715,0.401398880123864,9.771708904454211,78.91761159057398,4.450261384039251,74.38506960207371
30,79.99900000642742,79.99900000642742,-10.073117247645747,39.96269374292747,42.51134503854176,29.486701362225787,44.259469130274994,0.4346272191472328,0.4470957665470651,0.2142808656228379,0.3395181194109235,1.9361970647525384,79.07438847115645,170.64786350102062,87.6765077882054
30,79.99900000642742,79.99900000642742,-9.94994605850252,39.58729085741239,38.56263512830308,28.49930596268053,44.21638618082785,0.4181004530193373,0.3689911608195216,0.2163146111689838,0.4011361290464579,13.228501321980774,78.94570080835466,162.5975189688772,93.02106564631342
30,79.99900000642742,79.99900000642742,-10.52251252004956,39.50011417942387,34.144946053971275,31.734774802515844,43.0621788154692,0.1967783341546112,0.4689426599135174,0.1178071834184323,0.4012336645329989,11.496038414367638,1.437193795123278,60.654324772003896,7.76055089694345
30,79.99900000642742,79.99900000642742,-10.160746289754575,38.17213939553764,37.817512815080775,26.98067836896523,41.08162348084677,0.470822750730359,0.4448552352074872,0.2137283042471444,0.3383356034481637,16.235284914833205,0.4574164196495371,5.051371466295671,73.43877800611492
30,79.99900000642742,79.99900000642742,-10.149215045954293,39.64403584976684,37.10389855863311,27.45422873683934,41.64358005118975,0.4360281758569855,0.3679346263609808,0.1576967027198872,0.3953765259052627,11.536558458877169,77.40965732652579,179.81512748415764,40.5730136564418
30,79.99900000642742,79.99900000642742,-10.37905920150974,39.32913060018363,36.68260828664722,28.688193551134976,41.11540633956023,0.4287490950256855,0.3671806747398946,0.2566752457635772,0.3912791642313072,11.49854012015501,80.14488106552683,10.730161673024895,6.003207953370406
31,79.99900000642742,79.99900000642742,-9.6666449879935,40.45045730133624,36.7818760552295,26.37425228002013,44.26330737206989,0.1252448247166017,0.362646593601805,0.1146154055085055,0.4012336645329989,16.18926579260644,97.0003699867838,60.554155854966695,40.60859908984551
31,79.99900000642742,79.99900000642742,-10.09676495702574,40.54842796463608,38.20321816919634,28.769365337643286,43.36083400044591,0.4754490856120515,0.4276935908687453,0.2145307671329419,0.3370824056783355,13.07346518329865,77.40042613372614,11.590300536556915,89.85041642448228
31,79.99900000642742,79.99900000642742,-10.149215045954293,39.31895060504356,38.42980450446626,27.45422873683934,41.64358005118975,0.4288751835433051,0.3679771436862211,0.1554517418750067,0.409073569005111,11.536558458877169,77.40965732652579,12.633131747386969,40.5730136564418
31,79.99900000642742,79.99900000642742,-10.211000783867824,39.50757143072707,42.80251395552213,29.08685329850878,41.12746133821385,0.4301745473635153,0.375744872792546,0.2140037072594026,0.3755200389896562,13.052636583504368,77.36066387289381,160.85724148265697,80.79873190464374
31,79.99900000642742,79.99900000642742,-10.342728763259023,40.49781698292525,41.39292968341865,28.8964592320837,41.60220538043114,0.4290743622760426,0.4446339345085117,0.1554517418750067,0.3789087011604831,13.085736324262983,77.40784313507709,12.633131747386969,38.43283957304836
31,79.99900000642742,79.99900000642742,-9.810132440536904,34.8556715003711,37.80308494096412,27.17856542788524,43.96755005043561,0.1812034601679355,0.3461007949663767,0.2083712508529818,0.397223464892815,11.534532825086842,76.15743667763317,20.646232252200576,8.022181701963795
31,79.99900000642742,79.99900000642742,-11.163982815426444,34.64491648584977,39.11718149965429,34.717996256483254,41.12746133821385,0.2583953969952012,0.3679692932280606,0.1575275421868883,0.4360926142191155,11.319330057715865,79.14017941173381,159.81836626261196,40.82466047965384
31,79.99900000642742,79.99900000642742,-10.293663181375592,38.209889355270384,38.42980450446626,28.53523376329497,41.61714937274871,0.4301939341884482,0.3679771436862211,0.2167287166483288,0.1058544967117436,10.28653425227905,79.16678592942765,12.633131747386969,89.53540417749167
31,79.99900000642742,79.99900000642742,-10.781978353116765,42.12651529435991,36.014578689802015,32.02797437059612,41.36614033003423,0.1872899407810391,0.4449790663119381,0.2171819220856478,0.3974340022702166,10.001928230992675,77.17307820847428,52.01244108519752,43.92454593619071
31,79.99900000642742,79.99900000642742,-10.115895827445804,39.96408879522127,37.227657608586114,28.688193551134976,43.13299220738381,0.435902087339366,0.3626387792191439,0.2605153342672673,0.5199040879792238,11.498630534912662,80.65718052897773,176.9825987460921,5.933897964607016
31,79.99900000642742,79.99900000642742,-9.94637966160677,37.03050913125205,37.78352203757116,28.46938075087041,44.21380334521851,0.4288723386866271,0.3673809151381243,0.2161840596011005,0.0813179864059476,11.408882412299343,78.85979652361863,2.645279771252702,92.36492569803212
31,79.99900000642742,79.99900000642742,-10.238654872736369,39.70595991168975,41.35575376352235,28.139934075501916,41.64358005118975,0.3699903513561892,0.4393534199381194,0.1554517418750067,0.3789087011604831,11.53634848894398,82.84561669577948,12.633131747386969,38.43283957304836
31,79.99900000642742,79.99900000642742,-10.023589309119403,39.32861060913752,42.50606737226024,27.3535854088424,41.09719293931723,0.4670670625077706,0.4064692066545182,0.2190059129049044,0.4159295874827478,11.51590209236884,77.24001108497447,167.8411498793775,40.52793119105934
31,79.99900000642742,79.99900000642742,-10.796147673111626,38.72265436756261,37.58328635495021,31.80692068372854,41.03645518987269,0.4094237542059131,0.1595126706630337,0.0831946705009536,0.1352065416612785,6.615380225812164,98.80879646626671,163.73074414822162,39.7438432686832
31,79.99900000642742,79.99900000642742,-10.978624777374868,39.58818129989039,39.79941489974398,34.86944177589327,42.69998514935258,0.4436073813817864,0.3687354156675,0.212513987313664,0.4021670526683423,2.781716483205045,78.5458889804425,161.56874155598112,102.36093493994213
32,79.99900000642742,79.99900000642742,-11.015293400872023,40.46627507286628,38.23129117048372,36.364879870885545,43.91429713086666,0.4300579259238627,0.4427599564767151,0.1614205372150035,0.4013973271624986,13.212071868072652,78.91761159057398,5.591477647572958,39.79589978572758
32,79.99900000642742,79.99900000642742,-10.753799121932524,38.794893495442,35.999941639973734,31.811933598183604,41.36614033003423,0.1728624811151228,0.4279932243314337,0.2173767018448388,0.4201534016618957,10.001928230992675,89.33723802001495,159.44125918989317,39.80181584603688
32,79.99900000642742,79.99900000642742,-9.95023322465731,39.58729085741239,38.56263512830308,28.49930596268053,44.21418457364108,0.4181004530193373,0.4299526702810631,0.2163146111689838,0.4011380497276837,9.818203835115398,78.94570080835466,163.0437344387752,108.05432656605582
32,79.99900000642742,79.99900000642742,-9.770819444702113,40.45045730133624,34.42572084079772,27.171759039362968,44.26214329664672,0.1257794230498944,0.362646593601805,0.1402404279295205,0.4012336645329989,11.7337490432551,67.92574881083507,60.554155854966695,7.849896411265782
32,79.99900000642742,79.99900000642742,-11.12003852730112,39.574114361596486,39.79941489974398,34.87758729620993,41.62395858690131,0.2583953969952012,0.3687354156675,0.1538160242917612,0.4021670526683423,12.02236462570372,108.33620380834212,161.56874155598112,91.95343085318272
32,79.99900000642742,79.99900000642742,-10.757121548175036,38.72265436756261,37.58328635495021,31.80692068372854,41.33565548105327,0.2795158541492074,0.4303813940595165,0.0831946705009536,0.400862360021107,6.615380225812164,77.35294586479678,52.09141172152548,39.7438432686832
32,79.99900000642742,79.99900000642742,-10.82100447805336,42.12651529435991,35.999941639973734,32.02797437059612,41.06694003885366,0.4523298251515559,0.1571286283802336,0.2173767018448388,0.1318088737318662,10.001928230992675,98.6289288099442,162.90023359868195,43.92454593619071
32,79.99900000642742,79.99900000642742,-10.238654872736369,39.70595991168975,34.58531950475448,28.139934075501916,41.64358005118975,0.3661022969201597,0.4393534199381194,0.1554517418750067,0.3953533630885293,11.53634848894398,82.87903632998766,12.633131747386969,5.755665780473674
32,79.99900000642742,79.99900000642742,-10.447043247343956,39.3783310992872,35.12689035615152,32.00609375331692,43.91209552367989,0.4300579259238627,0.4297166788753594,0.2150656324275715,0.401398880123864,9.771708904454211,76.4139209069731,4.450261384039251,60.547668682449725
32,79.99900000642742,79.99900000642742,-9.810132440536904,34.8556715003711,33.56931103396707,27.17856542788524,43.96755005043561,0.1812034601679355,0.3461007949663767,0.2083712508529818,0.397223464892815,11.534532825086842,76.15743667763317,20.646232252200576,8.022181701963795
32,79.99900000642742,79.99900000642742,-9.928453582070835,36.8431697932124,37.02376131426371,28.38441000947858,44.266265880268826,0.1203065938586609,0.4071719386045664,0.2170792155610756,0.401620349192018,16.0683438615545,72.71170655955754,169.42723077037948,92.46682244024971
32,79.99900000642742,79.99900000642742,-10.78224525392134,42.05427615963925,32.718156439702895,32.02296145614106,41.03645518987269,0.4280485553149576,0.1595126706630337,0.0831946705009536,0.1129080988701107,6.615380225812164,98.80879646626671,55.55038276645205,43.86657335883702
32,79.99900000642742,79.99900000642742,-10.405273445234286,39.59003041907856,38.58684850213895,28.9012244183434,41.12746133821385,0.4303034613865011,0.4471211490444444,0.1529341595269419,0.378745543564057,13.084784019299876,82.38475985537637,166.98217072619173,80.79873190464374
32,79.99900000642742,79.99900000642742,-9.797313135208752,39.36434222467251,38.40845026348999,27.45422873683934,44.34149470023887,0.4346521260379385,0.4465294064204648,0.1554517418750067,0.3913041011944093,12.195623323844034,77.40965732652579,6.52446083402485,89.34063459855837
32,79.99900000642742,79.99900000642742,-10.160746289754575,38.17213939553764,37.817512815080775,26.98067836896523,41.08162348084677,0.470822750730359,0.4414159008258744,0.2137283042471444,0.3040700704703993,11.546102795069094,8.905762024370187,13.008430994849416,73.43877800611492
32,79.99900000642742,79.99900000642742,-10.62009931000818,42.12651529435991,34.64913464931814,32.02797437059612,42.607212993866725,0.4424931846640758,0.4279932243314337,0.2142710545209714,0.3974340022702166,6.387914602093929,78.56208509416489,169.06025221734507,90.23454205389903
32,79.99900000642742,79.99900000642742,-10.433589385976616,39.59003041907856,38.60630142954985,29.118313297367987,41.12746133821385,0.256987806826653,0.3687354156675,0.2142100295011333,0.3883483795062219,12.031852516418407,78.5458889804425,161.90414154312822,80.79873190464374
32,79.99900000642742,79.99900000642742,-10.722579795522796,39.974409708685066,39.543157559642665,31.755530180485625,41.54908508147748,0.4403875867448698,0.5412734007897664,0.1552483486076585,0.5178577844262947,4.358376318347069,3.00058476031176,1.1592650785076213,8.866412930136617
32,79.99900000642742,79.99900000642742,-9.9483227936147,40.543660755388366,37.94914790237574,28.481670139485487,44.21119538843938,0.4347533226673721,0.3578831216409019,0.2142830656995583,0.4011490821238284,11.414607172417536,78.91829703563045,170.41255796239562,43.3357748095414
32,79.99900000642742,79.99900000642742,-11.036636552844447,39.50757143072707,39.86720588505983,34.92413915371318,42.30992558190572,0.2757844346660917,0.375744872792546,0.2140037072594026,0.3755200389896562,12.958159132444582,78.56683051244788,160.85724148265697,81.15603834326015
32,79.99900000642742,79.99900000642742,-10.358423692073965,38.209889355270384,38.42980450446626,28.53523376329497,41.12065212406125,0.4301939341884482,0.3679771436862211,0.2175479304603517,0.1058544967117436,10.28653425227905,78.51252689073523,12.633131747386969,89.43324652812089
32,79.99900000642742,79.99900000642742,-9.94994605850252,39.61559933684753,38.59364821480917,28.49930596268053,44.21638618082785,0.4297776395990341,0.3689911608195216,0.2171056547313516,0.4011361290464579,13.228501321980774,78.94570080835466,161.21880211656529,93.02106564631342
32,79.99900000642742,79.99900000642742,-10.357661336682462,39.662088785509646,41.279456636569385,28.688193551134976,40.99528586710513,0.4397901417753954,0.3626387792191439,0.2605153342672673,0.3789069270141145,11.498630534912662,80.11146143131865,176.9825987460921,38.68557181047062
32,79.99900000642742,79.99900000642742,-9.705957983828291,32.18104196406924,33.9277781475442,26.3810586685424,43.96871412585877,0.1806688620117492,0.3461007949663767,0.1093276173111371,0.397223464892815,15.99004957443821,76.15743667763317,20.646232252200576,40.78204765966317
33,79.99900000642742,79.99900000642742,-10.78224525392134,42.05427615963925,32.718156439702895,32.02296145614106,41.03645518987269,0.3902432423123216,0.1595126706630337,0.0831946705009536,0.1129080988701107,6.615380225812164,98.80879646626671,55.55038276645205,43.86657335883702
33,79.99900000642742,79.99900000642742,-10.757121548175036,38.72265436756261,37.617515442757096,31.80692068372854,41.33565548105327,0.2795158541492074,0.4303813940595165,0.0831946705009536,0.4021418866698983,6.615380225812164,97.29894646650064,52.09141172152548,93.07307413740088
33,79.99900000642742,79.99900000642742,-11.185509389903885,39.581763054301234,39.18231285941101,34.883033327476994,41.12746133821385,0.2583953969952012,0.3680022898830516,0.1575275421868883,0.3503944473363016,17.332658215987728,80.22075896974816,161.46370506255494,40.82466047965384
33,79.99900000642742,79.99900000642742,-10.280687671176707,39.662088785509646,41.86958807211352,28.688193551134976,40.99528586710513,0.4390885525792752,0.3626387792191439,0.097261932573305,0.1176555711612937,11.498630534912662,80.11146143131865,178.35736063693562,38.73346298053579
33,79.99900000642742,79.99900000642742,-10.153368166142611,39.58999434552443,38.42534674276382,27.486069324949806,41.64358005118975,0.4288751835433051,0.3687561422192257,0.1554036160299967,0.3913041011944093,12.022887912122854,77.37568225677617,151.20891117906748,40.5730136564418
33,79.99900000642742,79.99900000642742,-10.429436265788295,39.31898667859768,38.6107591912523,29.086472709257524,41.12746133821385,0.256987806826653,0.3679564171344954,0.2142581553475455,0.3883483795062219,11.54552306317272,78.57986405019213,23.495272674748563,80.79873190464374
33,79.99900000642742,79.99900000642742,-9.984756259418605,36.94020382716436,37.86702740585948,28.69264467482206,44.14284668594604,0.4289707836495759,0.3673328321829747,0.2161840596011005,0.0801799269451778,11.494914711732676,78.85979652361863,7.51098193468907,92.36492569803212
33,79.99900000642742,79.99900000642742,-9.781473952694084,40.54842796463608,38.21785521902463,26.352341399983985,43.36104109599592,0.1757308035025793,0.4173539467334454,0.2143359873737509,0.3370824056783355,13.04332352923201,77.43352248952516,12.341243354579348,43.061371443106665
33,79.99900000642742,79.99900000642742,-10.342728763259023,40.49781698292525,40.44328883037673,28.8964592320837,41.60220538043114,0.4290743622760426,0.4446339345085117,0.1554517418750067,0.3789087011604831,13.085736324262983,77.40784313507709,12.633131747386969,38.43283957304836
33,79.99900000642742,79.99900000642742,-9.810132440536904,34.873197896787815,33.36789918043059,27.17856542788524,43.96755005043561,0.1928716389009507,0.369240363198206,0.2083712508529818,0.397223464892815,11.534532825086842,77.1323872782795,20.646232252200576,11.111079738201504
33,79.99900000642742,79.99900000642742,-10.312296385080558,39.59003041907856,40.34304865757281,28.9012244183434,41.84028546605906,0.4143502278897737,0.4004679706804142,0.1529341595269419,0.3766314840216759,13.084784019299876,82.38475985537637,166.98217072619173,86.1229453572663
33,79.99900000642742,79.99900000642742,-9.711484119727004,40.45045730133624,39.019217681591336,26.37425228002013,43.91954069544641,0.0956151253943377,0.3582398394984754,0.1146154055085055,0.4012250118360361,16.27710403504166,97.18442826568148,60.82637628465637,40.60859908984551
33,79.99900000642742,79.99900000642742,-9.95023322465731,35.99432817561418,43.17529642530823,28.49930596268053,44.21418457364108,0.4170526483395975,0.4299526702810631,0.216311417584659,0.4011380497276837,9.818203835115398,78.94570080835466,160.8483964686482,107.56720666403736
33,79.99900000642742,79.99900000642742,-10.970454269138529,40.46627507286628,38.21442735026826,36.364879870885545,44.258063807490124,0.4300579259238627,0.3822332064652365,0.1614205372150035,0.4014059798594616,13.124233625637434,74.44576979875032,5.378276944474305,28.444315792251807
33,79.99900000642742,79.99900000642742,-11.098511952823678,34.63726779244635,39.73428353998726,34.71255022521619,41.62395858690131,0.2583953969952012,0.3687024190125091,0.1538160242917612,0.4118304007282077,12.012318184663432,142.41711142159124,159.92340275603817,91.95343085318272
34,79.99900000642742,79.99900000642742,-9.951964594418207,39.36434222467251,38.40845026348999,28.51284817365255,44.214452949779606,0.4182096530733873,0.3109482721084983,0.216002551937096,0.3913041011944093,13.163856179093225,77.46203908260794,6.52446083402485,98.65034422252732
34,79.99900000642742,79.99900000642742,-11.385308886385424,40.48765648295048,38.54580897097158,36.364879870885545,41.07751174193058,0.3733650353930985,0.4428220188937281,0.2162928693004448,0.3876850938153615,13.212071868072652,78.91761159057398,154.95230146384557,35.92939394768485
34,79.99900000642742,79.99900000642742,-10.538458400415864,35.99432817561418,39.704458226158906,28.49930596268053,39.64656741677536,0.2649781227323987,0.428211938007553,0.216311417584659,0.4116639668607767,12.065991351360251,75.3953309732494,159.872107514584,107.56720666403736
34,79.99900000642742,79.99900000642742,-10.005658406136696,39.59505597237914,38.425595793635495,26.32719715313008,41.61714937274871,0.5035039660245388,0.3679771436862211,0.2190014982443577,0.1058544967117436,11.454128479080502,79.17239701548314,15.408207489488891,40.5730136564418
34,79.99900000642742,79.99900000642742,-11.29549386135342,39.974409708685066,38.18321303263264,36.14787135185373,41.54908508147748,0.4403875867448698,0.5482572776860517,0.1614314875828287,0.3995146560626563,4.358376318347069,3.9704989504417223,5.43402410495491,3.5351962090227103
34,79.99900000642742,79.99900000642742,-10.389954961897123,40.46627507286628,39.57437187727828,31.914385182034778,44.258063807490124,0.4300579259238627,0.3747655737599411,0.1552373982398333,0.5197491081973628,13.124233625637434,73.79881048981152,1.1036425491692254,29.421466777917495
34,79.99900000642742,79.99900000642742,-10.280687671176707,39.662088785509646,41.86958807211352,28.688193551134976,40.99528586710513,0.4390885525792752,0.3626387792191439,0.211023650958887,0.1048310589431743,11.498630534912662,83.23721678125926,174.94944796457844,39.8563491705324
34,79.99900000642742,79.99900000642742,-10.164602583790304,38.17213939553764,37.817512815080775,26.98067836896523,41.05205855990618,0.4659273277923616,0.4441425331486242,0.1116191427593654,0.4047403097746351,11.546102795069094,8.905762024370187,59.30179296287699,72.72258597874944
34,79.99900000642742,79.99900000642742,-9.798173027143813,39.41053198258545,35.95014529392826,27.45422873683934,44.33490219540338,0.4346521260379385,0.4465294064204648,0.1554517418750067,0.3715930828547154,12.276209587753003,77.40965732652579,6.52446083402485,42.82943213210181
34,79.99900000642742,79.99900000642742,-10.425968440361444,39.31895493939969,38.42980450446626,29.076551403303046,41.144126693865246,0.2551852065007043,0.3679549431845704,0.1554517418750067,0.3883382403399666,11.536558458877169,77.40965732652579,22.724739305245087,40.5730136564418
34,79.99900000642742,79.99900000642742,-10.279501317546192,36.62464244015226,37.817512815080775,26.98067836896523,40.17116826777772,0.470822750730359,0.4448552352074872,0.2137283042471444,0.3267152267729205,16.151207412654475,0.4574164196495371,16.311299962805396,73.43877800611492
34,79.99900000642742,79.99900000642742,-9.96479335687514,40.42042348303683,34.89945201251956,28.296246321129864,43.899497251753765,0.4424325861909822,0.3848659383015984,0.2142825245705736,0.4115814690064708,11.364973421310538,78.81673456744748,185.06925588708916,23.274565945543404
34,79.99900000642742,79.99900000642742,-10.149215045954293,39.31895060504356,38.42980450446626,27.45422873683934,41.64358005118975,0.4288751835433051,0.3679771436862211,0.1579496964310371,0.0962426265167497,11.536558458877169,79.12865035142997,12.633131747386969,40.5730136564418
34,79.99900000642742,79.99900000642742,-10.518656226281976,37.57886613382672,34.144946053971275,31.734774802515844,43.091743734354,0.2016739657985573,0.4662160275907677,0.2199183471103217,0.3005634252287697,11.496038414367638,1.437193795123278,14.361621973200531,8.510706173423529
34,79.99900000642742,79.99900000642742,-10.874171861829048,40.71619699220325,38.23129117048372,35.289540576390465,43.92088963570106,0.4300579259238627,0.4427599564767151,0.1614205372150035,0.4000960544747338,13.131485604163684,78.91761159057398,5.591477647572958,86.30710240189744
34,79.99900000642742,79.99900000642742,-10.231167422108584,39.70595991168975,34.45403302030032,28.139934075501916,41.70098383933605,0.3475947978412148,0.3647843136453779,0.1554517418750067,0.3953533630885293,11.534095205728594,78.84647239922586,7.54674865202385,5.755665780473674
34,79.99900000642742,79.99900000642742,-10.757121548175036,38.72265436756261,37.617515442757096,31.80692068372854,41.33565548105327,0.2795158541492074,0.4303813940595165,0.0831946705009536,0.4224464146340843,6.615380225812164,97.29894646650064,52.09141172152548,93.07307413740088
34,79.99900000642742,79.99900000642742,-10.723013963827384,39.974409708685066,39.543157559642665,31.755530180485625,41.54575645780901,0.413717844550091,0.5412734007897664,0.1552483486076585,0.3494010460917542,4.358376318347069,3.00058476031176,13.563580640530908,8.869018635715442
35,79.99900000642742,79.99900000642742,-10.36286344080566,40.42637493385051,35.20072585891941,31.692961355727636,44.2443416428842,0.1257794230498944,0.3245011069757093,0.112650494937023,0.3781426411195678,11.61239520247814,69.57514477002977,0.4607137434803618,8.862069218642588
35,79.99900000642742,79.99900000642742,-10.315170392864148,39.59003041907856,41.10922763361985,28.9012244183434,41.81825140638492,0.4143502278897737,0.3978565299061374,0.1529341595269419,0.3767321321196588,13.084784019299876,82.38475985537637,161.8472122530472,12.61694432097294
35,79.99900000642742,79.99900000642742,-9.781473952694084,40.5133820722156,38.22154273643668,26.352341399983985,43.36104109599592,0.1757308035025793,0.4778831773754965,0.2143359873737509,0.3370824056783355,13.13832168910033,1.365549062893308,13.014734736417726,43.061371443106665
35,79.99900000642742,79.99900000642742,-9.987899959702524,36.94020382716436,37.8623931959232,28.71674637699877,44.14284668594604,0.4292934612733038,0.426725621727596,0.2161840596011005,0.0801799269451778,11.494914711732676,78.53874090259725,8.127000534631819,92.36492569803212
35,79.99900000642742,79.99900000642742,-10.749443807247497,39.99032868621471,39.543157559642665,31.95815898003982,41.54575645780901,0.426745093902542,0.6415168297943966,0.2111575669834103,0.3494010460917542,4.061014238052053,3.00058476031176,13.563580640530908,8.869018635715442
35,79.99900000642742,79.99900000642742,-10.06838344184436,39.32798514508063,42.26998778309541,27.460927503902223,41.64358005118975,0.4288751835433051,0.3679771436862211,0.1554517418750067,0.1015337803525646,11.499802119329194,77.40965732652579,181.94247506921133,40.5730136564418
35,79.99900000642742,79.99900000642742,-10.104677781207856,39.41053198258545,35.95014529392826,29.804098517996984,44.33490219540338,0.4346521260379385,0.4465294064204648,0.1554517418750067,0.3715930828547154,11.563751333822186,77.40965732652579,6.428511978132497,40.58324014327656
35,79.99900000642742,79.99900000642742,-10.801709936654234,40.70682307980493,38.22480450954927,35.02368525204287,44.210575737693695,0.4181004530193373,0.4465128734988456,0.2163146111689838,0.4011361290464579,13.228501321980774,78.94570080835466,155.43113199812507,93.02106564631342
35,79.99900000642742,79.99900000642742,-10.022407983672082,39.59666476981071,38.56912178923753,28.76516128698789,43.9267000788352,0.4300579259238627,0.3652382437973904,0.1614205372150035,0.4708891689503692,13.131485604163684,78.91761159057398,5.591477647572958,86.30710240189744
35,79.99900000642742,79.99900000642742,-10.149215045954293,39.31895060504356,38.42980450446626,27.45422873683934,41.64358005118975,0.4288751835433051,0.3679771436862211,0.1579496964310371,0.0962426265167497,12.249016712807984,79.12865035142997,12.729080605843505,42.819205645267054
35,79.99900000642742,79.99900000642742,-10.83511294882571,39.33936500871296,39.79941489974398,32.19666061254432,41.12746133821385,0.2583953969952012,0.3687354156675,0.1546352380975503,0.1307473458447984,9.970088972699807,98.66578775789142,161.56874155598112,91.85127320381191
35,79.99900000642742,79.99900000642742,-9.96479335687514,40.42042348303683,34.89945201251956,28.296246321129864,43.899497251753765,0.4424325861909822,0.3582215171272323,0.2142825245705736,0.4013967050169397,11.31482947976935,79.67882707681743,185.06925588708916,40.70943253174687
35,79.99900000642742,79.99900000642742,-9.899334482334323,36.62464244015226,34.21143815920182,26.98067836896523,43.08578067106869,0.470822750730359,0.4446248564914695,0.2137283042471444,0.3267152267729205,11.475625286872743,0.4574164196495371,60.09301589987911,72.96354944169545
35,79.99900000642742,79.99900000642742,-9.711484119727004,40.45045730133624,40.15826357958299,26.37425228002013,43.91954069544641,0.0956151253943377,0.4055634566524617,0.1146154055085055,0.4114097758255671,16.327247976582985,96.32233575631156,60.82637628465637,10.386441011423209
35,79.99900000642742,79.99900000642742,-9.9733520199023,39.64213780203023,38.24594961802621,28.39570817671346,43.9333426907958,0.4403875867448698,0.5482572776860517,0.1614314875828287,0.3993748130456748,4.625644561131872,6.333103062116123,5.43402410495491,22.951458458790256
35,79.99900000642742,79.99900000642742,-10.827725815858976,42.361264638532425,33.37382922678461,34.70890105426173,41.06694003885366,0.4523298251515559,0.1571286283802336,0.1974114248499942,0.4032587361358521,12.054203883996587,78.5090300324953,160.78376836326785,43.92454593619071
35,79.99900000642742,79.99900000642742,-10.39385333699569,39.65305424547258,38.02940456195513,28.68149478407209,40.99528586710513,0.4390885525792752,0.3626387792191439,0.211023650958887,0.4165355602761366,11.535386874460636,83.23721678125926,7.161597717048707,25.325710586804707
36,79.99900000642742,79.99900000642742,-10.503886605656724,39.676450768812494,41.31790089276992,29.847698202804843,40.98958075924643,0.4346521260379385,0.4465294064204648,0.2287184326876719,0.3715930828547154,11.563751333822186,80.11384002087443,195.5886229639349,40.58324014327656
36,79.99900000642742,79.99900000642742,-9.95023322465731,40.36036370522677,43.17529642530823,28.49930596268053,44.21418457364108,0.441921900998253,0.435891582302673,0.2335504770427869,0.4015923021433955,9.878607731802129,78.78410176591248,0.099651523386953,1.1943339891991869
36,79.99900000642742,79.99900000642742,-9.80963889171042,34.88164754521947,33.36789918043059,27.174781553548865,43.96755005043561,0.1928716389009507,0.369240363198206,0.2083712508529818,0.397223464892815,11.53447077806402,77.1323872782795,7.605615261263428,11.034840877429156
36,79.99900000642742,79.99900000642742,-10.06838344184436,39.32798514508063,42.26998778309541,27.460927503902223,41.64358005118975,0.4288751835433051,0.3303755820972077,0.1692209940420056,0.1015337803525646,11.499802119329194,77.40965732652579,184.10223577415675,40.5730136564418
36,79.99900000642742,79.99900000642742,-10.447194212648917,40.42042348303683,34.91582738899388,31.99465288206215,43.899497251753765,0.2586571779549853,0.3848659383015984,0.2142825245705736,0.1252804778974637,11.6819382126795,78.81673456744748,161.7522188005164,23.274565945543404
36,79.99900000642742,79.99900000642742,-9.987899959702524,36.94020382716436,37.8623931959232,28.71674637699877,44.14284668594604,0.4292934612733038,0.426725621727596,0.2161840596011005,0.0801799269451778,11.494914711732676,78.53874090259725,8.127000534631819,127.59057940714564
36,79.99900000642742,79.99900000642742,-10.880559588583388,40.70682307980493,38.22480450954927,35.62819925016634,44.210575737693695,0.4181004530193373,0.4465128734988456,0.2163146111689838,0.5180387380871928,10.660162307001954,0.8879175608837073,145.33458051900678,8.907635187124164
36,79.99900000642742,79.99900000642742,-9.96479335687514,42.78973767799994,34.90658527344953,28.296246321129864,43.899497251753765,0.4424325861909822,0.3867070242281046,0.2142707246430287,0.4115814690064708,11.364973421310538,78.78871624522368,185.06925588708916,92.48527014550022
36,79.99900000642742,79.99900000642742,-10.69422518264006,41.52005213309063,33.49753097477662,31.82626158647529,41.83720185290148,0.4408502888828539,0.1576787664254184,0.0902160604003896,0.3986465317086236,14.658579184624188,0.357152006766507,0.9273519755008256,8.7385291427209
36,79.99900000642742,79.99900000642742,-9.952729407098175,39.3961699992826,35.91170092942529,28.64459386632712,44.34033507857443,0.4397901417753954,0.3626387792191439,0.2605153342672673,0.3789069270141145,11.498630534912662,77.40727873696999,0.6199044152656086,38.68557181047062
36,79.99900000642742,79.99900000642742,-9.68622394946926,40.71619699220325,38.23129117048372,26.182330243831327,43.92127996456696,0.4300579259238627,0.4418120687930713,0.1614205372150035,0.4066346576347445,13.131485604163684,3.078590665264187,12.999728141525468,86.30710240189744
36,79.99900000642742,79.99900000642742,-10.370423934094994,40.42637493385051,36.191228457004016,31.692961355727636,44.18637786099931,0.4576444060550879,0.3166248172483918,0.1207852587598669,0.521817675172211,11.61239520247814,69.57514477002977,19.60039383868012,8.866534469201431
36,79.99900000642742,79.99900000642742,-10.35523583182946,39.574114361596486,39.765019766974646,28.51760271557313,41.12746133821385,0.2583722870665708,0.429251128253535,0.2125042232908296,0.4021237002172548,12.048364850448808,78.5458889804425,161.56874155598112,107.4267685323786
36,79.99900000642742,79.99900000642742,-10.050290295757437,40.41969925048449,41.10922763361985,28.90018692799501,43.84796132718797,0.4421546385737872,0.3978565299061374,0.1529341595269419,0.376131157426698,13.199425568507804,79.61597624529414,162.85261422653755,39.47488724743521
36,79.99900000642742,79.99900000642742,-9.780820157355611,40.45045730133624,38.21202521331751,27.248431169706496,44.26214329664672,0.1286883628102539,0.362646593601805,0.1411562200975669,0.4012336645329989,11.7337490432551,67.92574881083507,3.641711837181553,8.118444193084521
36,79.99900000642742,79.99900000642742,-10.97573196946913,39.43765781311106,41.20896602878389,36.364879870885545,44.21760143828882,0.4234181240265158,0.4427599564767151,0.1611676932700877,0.4025593379284406,13.212128399378091,78.91761159057398,5.591583490485734,39.79589978572758
36,79.99900000642742,79.99900000642742,-10.352712093051936,39.33936500871296,39.78303952233939,28.498254051612037,41.12746133821385,0.4421708053058927,0.3687354156675,0.1546352380975503,0.4171370106031302,9.653124181330842,109.30901694001174,184.88577864255384,91.85127320381191
36,79.99900000642742,79.99900000642742,-9.705722375233137,37.91565598992704,33.89390366254676,26.379252335979533,43.96871412585877,0.1806688620117492,0.3461007949663767,0.1093276173111371,0.2931272084992162,15.99004957443821,79.40487435997858,20.991488294579003,72.43932200033312
36,79.99900000642742,79.99900000642742,-10.3370182619092,39.9643788684051,39.543157559642665,28.796229799112933,41.54575645780901,0.426745093902542,0.3626350282837155,0.1644815340952077,0.3494010460917542,4.415587386474967,3.00058476031176,13.737140066673971,85.00460514275974
36,79.99900000642742,79.99900000642742,-9.76246257918362,36.23768533758473,40.61997658914787,26.98839312635384,44.14284668594604,0.470871756573899,0.3673328321829747,0.2161840596011005,0.0801799269451778,11.475481166992743,78.85979652361863,7.51098193468907,71.72212496380705
36,79.99900000642742,79.99900000642742,-10.16766867759263,39.70641607604905,37.817512815080775,27.002689647558636,41.05056311934844,0.4659273277923616,0.4428683022060942,0.1116191427593654,0.4047403097746351,11.546102795069094,84.62361081924978,59.30179296287699,24.42279336232172
36,79.99900000642742,79.99900000642742,-10.783353507342348,39.36434222467251,38.232949311842425,34.88306343563117,44.21068654600648,0.4559352179369744,0.3067076649923881,0.216002551937096,0.3911441679648896,13.166096694468711,77.45824127747153,142.8771737686265,92.84306540802103
37,79.99900000642742,79.99900000642742,-10.164602583790304,38.17213939553764,37.817512815080775,26.98067836896523,41.05205855990618,0.4659273277923616,0.4469645162924673,0.1537139549062902,0.4043096276080577,11.47525691357198,87.9870322230845,59.30179296287699,79.0110044934327
37,79.99900000642742,79.99900000642742,-10.085838597852828,40.47812922863785,39.99017185007303,26.309864443296902,40.98510185975852,0.1162841483518743,0.4070176612047346,0.1146154055085055,0.4109185597189508,11.618341618446294,96.32233575631156,60.82637628465637,10.386441011423209
37,79.99900000642742,79.99900000642742,-10.022439333575726,39.59666476981071,38.56912178923753,28.76516128698789,43.92645972957392,0.4298704753343029,0.3651236190150831,0.2126451246928666,0.4099480121955702,13.131485604163684,78.91761159057398,5.591477647572958,86.30710240189744
37,79.99900000642742,79.99900000642742,-9.816285828212408,40.71619699220325,38.23129117048372,27.179471314195503,43.92127996456696,0.4298367733507366,0.4418120687930713,0.1614205372150035,0.4066346576347445,13.131485604163684,3.078590665264187,0.8084014439622775,86.30710240189744
37,79.99900000642742,79.99900000642742,-9.781473952694084,40.5133820722156,36.573971318659815,26.352341399983985,43.36104109599592,0.1757308035025793,0.4778831773754965,0.2143364845364084,0.3370824056783355,13.13832168910033,1.365549062893308,13.014734736417726,23.15899655283439
37,79.99900000642742,79.99900000642742,-10.35523583182946,39.56557491318792,37.23407635070525,28.51760271557313,41.12746133821385,0.3121580684614368,0.429251128253535,0.2162211196286972,0.4047115208947623,12.048364850448808,81.02265393041964,60.00174754588075,69.33102068626951
37,79.99900000642742,79.99900000642742,-10.160746289754575,38.17213939553764,37.817512815080775,26.98067836896523,41.08162348084677,0.4751126254263163,0.4426546679331712,0.2137283042471444,0.0970705959526242,11.545670842284798,75.03330789777456,21.031138291525508,72.38908188548493
37,79.99900000642742,79.99900000642742,-9.985472573563412,39.6944117642962,42.44739991690578,27.002689647558636,41.12934946513014,0.4659273277923616,0.4428683022060942,0.1107818779234507,0.4163506624413762,11.546102795069094,84.62361081924978,176.66593360748817,24.42279336232172
37,79.99900000642742,79.99900000642742,-10.028230118911296,40.02098481817277,38.22154273643668,26.40104158941873,41.51794401109879,0.1794501586325654,0.4776062391831591,0.2143359873737509,0.3488101319150472,13.13832168910033,1.365549062893308,13.036774470370286,43.061371443106665
37,79.99900000642742,79.99900000642742,-10.117845740410289,40.58190204473605,37.54015981619511,29.62279696309777,44.05264628661887,0.2795158541492074,0.4303813940595165,0.0801480106860908,0.52886146795428,6.615380225812164,67.94498784640606,52.09141172152548,8.249905310632073
37,79.99900000642742,79.99900000642742,-10.06838344184436,39.32798514508063,42.26998778309541,27.460927503902223,41.64358005118975,0.4288751835433051,0.3667383765789242,0.1554517418750067,0.3090133778466278,11.500234072113493,11.306935542263831,174.16776954679375,41.62270977816474
37,79.99900000642742,79.99900000642742,-10.29521679280944,38.72265436756261,34.399845703023665,28.2387180684165,41.30872265687743,0.4433619814878307,0.3783187241351624,0.2102003296223946,0.4224464146340843,6.615380225812164,87.11769518342531,52.09141172152548,93.07307413740088
37,79.99900000642742,79.99900000642742,-10.526030275040933,40.4668069627279,39.543157559642665,32.0884189802435,43.388853538262985,0.2628298213045626,0.494987890527203,0.1552483486076585,0.3376733198550425,4.358376318347069,16.18363653402391,13.541540906578348,8.869018635715442
37,79.99900000642742,79.99900000642742,-10.399190049331992,39.35136932046581,39.78303952233939,28.498254051612037,40.77113034006676,0.4421708053058927,0.3687354156675,0.1554725039095144,0.4177216251654014,9.653124181330842,109.30901694001174,67.52165943826941,91.85127320381191
37,79.99900000642742,79.99900000642742,-10.69422518264006,41.52005213309063,36.42321248222636,31.82626158647529,41.83720185290148,0.3999077907012966,0.1576787664254184,0.0902160604003896,0.3986465317086236,14.658579184624188,0.357152006766507,0.9273519755008256,15.328245155150784
37,79.99900000642742,79.99900000642742,-9.709797650057787,40.45045730133624,40.15826357958299,26.353669183188877,43.91188719941248,0.4070124874009135,0.4055634566524617,0.1146154055085055,0.3923140264844929,16.327247976582985,96.32233575631156,60.82637628465637,3.3694270811300697
37,79.99900000642742,79.99900000642742,-10.886811946320485,41.52955701299842,38.34512494863804,33.34471939676938,41.87916114164561,0.4180418878430783,0.4538982413155604,0.0884560450048937,0.5180387380871928,10.660162307001954,0.9204998021657425,145.33458051900678,8.740099996964686
37,79.99900000642742,79.99900000642742,-10.390128961295671,40.697318199897126,33.37721053558123,31.82626158647529,44.16860621654178,0.4409088540591128,0.1503100508611498,0.2164339933017356,0.3986465317086236,14.658579184624188,0.3245698956856612,0.9273519755008256,8.906064332880378
37,79.99900000642742,79.99900000642742,-10.2472957652043,39.32798514508063,42.08636983510876,28.64897070167509,41.13101282439337,0.4288751835433051,0.3339653621431072,0.1690724241977215,0.1015337803525646,11.612077148179695,109.09804233321891,184.08882487710616,40.05759111755923
37,79.99900000642742,79.99900000642742,-10.35022476504767,36.77442645932973,37.87035774394904,31.720715422295967,44.36899222359715,0.2699376646473222,0.5176599058954461,0.2137962899625773,0.2035940008733625,16.087362713768915,76.57294196082361,161.7522188005164,35.170365096944394
38,79.99900000642742,79.99900000642742,-9.699056177470894,40.0112995297764,38.22154273643668,26.40104158941873,44.04161089547521,0.1794501586325654,0.1476996626254162,0.2143124080125929,0.3488101319150472,13.13832168910033,1.365549062893308,13.036774470370286,9.339404288151254
38,79.99900000642742,79.99900000642742,-10.67847025153847,39.63381486530153,37.817512815080775,29.007885115108014,39.13961318664638,0.470822750730359,0.4448552352074872,0.2142598045946416,0.3267152267729205,12.864932822150337,84.4157998290367,12.563076880562216,73.43877800611492
38,79.99900000642742,79.99900000642742,-10.279501317546192,39.3123390438138,37.817512815080775,26.98067836896523,40.17116826777772,0.470822750730359,0.3360629691130579,0.2137283042471444,0.3267152267729205,16.151207412654475,0.4574164196495371,23.179072235264883,73.43877800611492
38,79.99900000642742,79.99900000642742,-10.728196017300816,41.49323896106864,39.44894379590221,32.0884189802435,41.83891618093722,0.2631192996712198,0.494987890527203,0.0944874268483786,0.3405467712386911,4.358376318347069,1.0893194661825207,0.5586985380199136,8.869018635715442
38,79.99900000642742,79.99900000642742,-9.816285828212408,40.71619699220325,38.23129117048372,27.179471314195503,43.92127996456696,0.4298367733507366,0.4295504568083436,0.1538582769396765,0.4066346576347445,13.131485604163684,2.597606867950404,0.8084014439622775,87.18182544454565
38,79.99900000642742,79.99900000642742,-10.86831003494276,41.50096829002517,42.1030971492692,33.42680741716374,41.84867813597751,0.4180418878430783,0.4724270310388437,0.1676127071138307,0.5288071496756747,11.665273452647082,4.255098382218748,147.88430272721305,8.90794497466963
38,79.99900000642742,79.99900000642742,-10.31134637074588,38.72265436756261,37.617515442757096,28.38941366549773,41.33575815644594,0.2771933097642943,0.4303813940595165,0.0830446071769126,0.4224464146340843,6.615380225812164,85.78711470550708,56.67736193730451,34.596680882091746
38,79.99900000642742,79.99900000642742,-10.164602583790304,39.95810487819743,37.817512815080775,26.98067836896523,41.05205855990618,0.4651922613920835,0.4469645162924673,0.2114944725038366,0.4043096276080577,11.65535082243471,87.9870322230845,60.4919666287137,79.0110044934327
38,79.99900000642742,79.99900000642742,-9.987899959702524,36.40816997684421,37.8623931959232,28.71674637699877,44.14284668594604,0.4292934612733038,0.426725621727596,0.2161840596011005,0.0801799269451778,11.494914711732676,78.53874090259725,8.946945469835693,91.84448503049065
38,79.99900000642742,79.99900000642742,-9.538009859213648,37.91565598992704,33.89390366254676,25.3353228722729,44.21058061830157,0.1806688620117492,0.3465525957021342,0.1093276173111371,0.2942480703587361,13.233812693789035,78.92285302081724,21.47713490973006,40.90830577377826
38,79.99900000642742,79.99900000642742,-10.97573196946913,39.43765781311106,41.20896602878389,36.364879870885545,44.21760143828882,0.4234181240265158,0.4427599564767151,0.1611676932700877,0.4025593379284406,10.696246759472023,78.91761159057398,5.591583490485734,39.79589978572758
38,79.99900000642742,79.99900000642742,-10.164602583790304,38.17213939553764,37.817512815080775,26.98067836896523,41.05205855990618,0.4659273277923616,0.4469645162924673,0.1537139549062902,0.4043096276080577,5.81187548313094,87.9870322230845,59.30179296287699,79.0110044934327
38,79.99900000642742,79.99900000642742,-10.399190049331992,39.35136932046581,39.78303952233939,28.498254051612037,40.77113034006676,0.4421708053058927,0.3687354156675,0.1529857337912601,0.4177216251654014,9.681202464494223,108.98878852526384,67.52165943826941,27.51631312873772
38,79.99900000642742,79.99900000642742,-9.773258650021951,41.433309070182425,37.35984097753951,27.14276926661461,44.214452949779606,0.4181192647375523,0.3109482721084983,0.216002551937096,0.3965498783465948,13.163856179093225,77.46203908260794,1.3280451464963572,93.82888934721036
38,79.99900000642742,79.99900000642742,-10.370423934094994,40.45031611263612,39.73016939016652,31.692961355727636,44.18637786099931,0.4576444060550879,0.3166248172483918,0.1599818058458745,0.521817675172211,11.61239520247814,2.735170916316946,19.58718252739367,10.31722169127341
38,79.99900000642742,79.99900000642742,-10.346229449621577,39.53351834808553,40.06427182896802,28.448553785312665,41.12746133821385,0.3121580684614368,0.429251128253535,0.2162211196286972,0.4045079866946692,12.048364850448808,81.02265393041964,60.00174754588075,69.33102068626951
38,79.99900000642742,79.99900000642742,-10.447194212648917,40.42042348303683,34.91582738899388,31.99465288206215,43.899497251753765,0.2586571779549853,0.3848659383015984,0.2167692946980282,0.1252804778974637,11.65385992951612,79.1369629821955,161.7522188005164,74.93042273371115
38,79.99900000642742,79.99900000642742,-10.822061123503175,38.72265436756261,37.617515442757096,34.918101695324154,43.94896641513312,0.276722850405572,0.300858826460787,0.2112388542339363,0.391252754998938,13.388712472520831,78.11275971787279,145.24035571966544,93.07827566186918
38,79.99900000642742,79.99900000642742,-10.3370182619092,39.940437689619486,37.32017050298607,28.796229799112933,41.54575645780901,0.426745093902542,0.3626350282837155,0.1166381324838893,0.3416535000667556,4.415587386474967,74.07710610769476,13.750351377960492,83.59444476828655
38,79.99900000642742,79.99900000642742,-10.357224371898148,39.35657386804959,38.32839761149216,28.566882681280653,41.16149583006148,0.4288751835433051,0.3755468960172858,0.0899740765998556,0.1015337803525646,10.606966002534566,107.31163472067172,181.5391026688733,39.890147214575066
38,79.99900000642742,79.99900000642742,-10.719304922701426,40.707003488293495,33.37721053558123,31.82626158647529,41.64492384576434,0.4409088540591128,0.4802435193029091,0.2164575726628936,0.3986465317086236,14.658579184624188,0.3245698956856612,0.9273519755008256,42.62866228003084
39,79.99900000642742,79.99900000642742,-10.46114505757822,39.34684477228781,40.01737205310881,28.97324244816646,40.77113034006676,0.4421708053058927,0.3687354156675,0.2086613167485861,0.4178766258241764,6.325578866013128,109.51044764266057,66.98386401988752,27.51631312873772
39,79.99900000642742,79.99900000642742,-10.447194212648917,40.42042348303683,34.91582738899388,31.99465288206215,43.899497251753765,0.2301711031502432,0.3848659383015984,0.2167692946980282,0.1252804778974637,11.65385992951612,79.1369629821955,161.7522188005164,74.93042273371115
39,79.99900000642742,79.99900000642742,-9.816839184978852,39.574114361596486,38.2305505486076,27.104566073650272,43.84213232214567,0.4352432988360096,0.4295584010138807,0.2125042232908296,0.4021237002172548,6.870144559546032,40.50331514012536,161.56874155598112,107.4267685323786
39,79.99900000642742,79.99900000642742,-9.951964594418207,39.3821558718772,34.4784578510827,28.51284817365255,44.214452949779606,0.4465978352559689,0.3109482721084983,0.2159778854103367,0.3786121515498631,13.163856179093225,83.35066494644595,40.027615553964,98.65034422252732
39,79.99900000642742,79.99900000642742,-10.399190049331992,39.35136932046581,39.78303952233939,28.498254051612037,40.77113034006676,0.4421708053058927,0.3687354156675,0.1529857337912601,0.4177488313152142,9.651161405327317,109.29611742082471,180.89636837403512,27.51631312873772
39,79.99900000642742,79.99900000642742,-9.978702987696522,36.17778405751408,38.07324365706367,28.71674637699877,44.21335680465872,0.4313211959188365,0.426725621727596,0.2161840596011005,0.0833762301125193,11.494914711732676,78.53874090259725,8.56961717516247,41.15399647119728
39,79.99900000642742,79.99900000642742,-10.341785237480044,39.44340848746825,39.62208565333375,27.460927503902223,40.17390734988854,0.4288751835433051,0.3679771436862211,0.1554517418750067,0.1015337803525646,16.102133571372967,77.40965732652579,11.925501639780975,40.5730136564418
39,79.99900000642742,79.99900000642742,-10.481242426478538,39.53351834808553,40.00117365933403,28.35736559566949,39.63559898417611,0.3121580684614368,0.429251128253535,0.2162211196286972,0.4045079866946692,12.048364850448808,81.02265393041964,61.5229674553372,69.33102068626951
39,79.99900000642742,79.99900000642742,-10.30602912724531,39.553654926257664,33.347849644405215,28.94994689467797,41.93705691913057,0.4409088540591128,0.4801332893176843,0.2164575726628936,0.3986465317086236,19.198120088599524,0.3245698956856612,0.9273519755008256,83.90779332953048
39,79.99900000642742,79.99900000642742,-9.538009859213648,37.91565598992704,42.554741116263976,25.3353228722729,44.21058061830157,0.4229557024692442,0.4735812706426788,0.1062501457825989,0.5279702353801996,13.233812693789035,78.92285302081724,148.1615978448262,40.90830577377826
39,79.99900000642742,79.99900000642742,-10.71858081669707,40.707003488293495,33.37721053558123,31.82626158647529,41.65047532513108,0.4409088540591128,0.4570554279037299,0.2214071736654154,0.4045736109877558,14.658579184624188,8.857320230630796,0.9273519755008256,42.62866228003084
39,79.99900000642742,79.99900000642742,-10.44417319306607,36.94020382716436,37.81759480441633,29.060541865664163,40.98854738549089,0.4268569964627203,0.426725621727596,0.2161840596011005,0.0890667469024967,11.495349531787358,78.53874090259725,8.127000534631819,92.38438818078323
39,79.99900000642742,79.99900000642742,-10.352712093051936,39.55322273578852,39.78303952233939,28.498254051612037,41.12746133821385,0.4421708053058927,0.3720576688071031,0.1546352380975503,0.4171098044533175,9.68316524049775,109.00168804445089,71.51106676153,91.85127320381191
39,79.99900000642742,79.99900000642742,-9.69291815249852,40.0112995297764,38.22154273643668,26.40104158941873,44.088669086930025,0.437962231621978,0.1476996626254162,0.2143124080125929,0.5091409725148524,18.94890173505958,0.3558376360012544,13.036774470370286,9.34706835068843
39,79.99900000642742,79.99900000642742,-10.165326689794664,38.00353181362692,37.817512815080775,26.98067836896523,41.04650708053944,0.4659273277923616,0.4441425331486242,0.1066765680977645,0.3988132304955029,11.546102795069094,0.4176447848503422,59.30179296287699,72.72258597874944
39,79.99900000642742,79.99900000642742,-10.357224371898148,39.35657386804959,38.32839761149216,28.566882681280653,41.16149583006148,0.4288751835433051,0.3768263003567882,0.0932608596625398,0.1015337803525646,7.840657540001554,107.31163472067172,181.5391026688733,39.890147214575066
39,79.99900000642742,79.99900000642742,-10.360425967177044,40.47828662589522,39.73016939016652,31.692961355727636,44.26302894070363,0.4527852191058659,0.3157299404422419,0.114173636543618,0.5266937978335636,11.618498282847716,2.735170916316946,19.58718252739367,10.31722169127341
39,79.99900000642742,79.99900000642742,-10.518399963853476,39.63381486530153,37.81419801611593,29.007885115108014,40.36681872556467,0.470822750730359,0.4036043357611383,0.1158042913943451,0.3267152267729205,12.864932822150337,84.8324629430966,57.12286180374068,72.85093577934069
39,79.99900000642742,79.99900000642742,-9.981175203296544,40.71619699220325,39.76576038885076,28.59250795611836,44.07016473084481,0.2529657617505347,0.4292431840479979,0.1538582769396765,0.4066346576347445,12.040607337465604,81.26521608602043,0.8084014439622775,87.18182544454565
39,79.99900000642742,79.99900000642742,-9.992342992203476,40.42042348303683,34.850579120558024,28.50746019198047,43.899497251753765,0.4424325861909822,0.3124674481348569,0.2142825245705736,0.3912081082559914,11.455549503929817,78.83683713050921,7.4447743688697585,20.394555553236454
40,79.99900000642742,79.99900000642742,-9.948478924297142,39.35136932046581,39.78303952233939,25.04280209301152,40.77113034006676,0.4421708053058927,0.3687354156675,0.1477517414151663,0.4177488313152142,9.651161405327317,106.21360436124392,7.834957824917723,85.65222581552347
40,79.99900000642742,79.99900000642742,-9.601714485858054,40.71619699220325,39.511743441129575,25.683309122423257,44.07016473084481,0.2529657617505347,0.4292431840479979,0.1611297718971415,0.4066346576347445,13.226502718791057,81.25517925269885,4.066846960064325,87.85119248421265
40,79.99900000642742,79.99900000642742,-10.37139505433123,35.96496993277759,37.11236914606746,28.71674637699877,41.20271762712597,0.4425777667103777,0.426725621727596,0.1579373110181274,0.4152135579472215,11.494914711732676,108.45172862904394,5.469782810072211,91.85128243651214
40,79.99900000642742,79.99900000642742,-9.80301603844724,39.58320456981847,38.2305505486076,27.104566073650272,43.94810977888802,0.4352432988360096,0.3626378300646783,0.2125042232908296,0.4021237002172548,6.870144559546032,41.6364814540897,161.56874155598112,111.04054815089007
40,79.99900000642742,79.99900000642742,-9.79019737001223,40.41487817888921,38.23129117048372,26.979459801327444,43.92127996456696,0.4298367733507366,0.4468206150447256,0.1614205372150035,0.4066321122278976,11.547057241682015,3.078590665264187,0.8084014439622775,96.2731100547856
40,79.99900000642742,79.99900000642742,-10.012506695448224,36.40816997684421,37.23008014173613,28.71674637699877,43.95419504522902,0.4292934612733038,0.4294429465804447,0.2162211002345899,0.0801799269451778,12.021825298993292,78.59180741156727,7.400288372208568,91.84448503049065
40,79.99900000642742,79.99900000642742,-10.749443807247497,39.99032868621471,39.543157559642665,31.95815898003982,41.54575645780901,0.4267453262562741,0.6415168297943966,0.2111575669834103,0.3494010460917542,4.061014238052053,3.00058476031176,7.485668261772595,10.488172519815109
40,79.99900000642742,79.99900000642742,-10.717586481246023,40.705866512242125,33.097467600810944,31.82626158647529,41.65809856358905,0.4412576381348294,0.4570554279037299,0.1021987557241891,0.4045736109877558,14.658579184624188,8.857320230630796,5.772264246946011,39.7514099372308
40,79.99900000642742,79.99900000642742,-10.04399131052326,39.35771084410095,38.32839761149216,28.566882681280653,43.56294930060226,0.4285263994675886,0.3768263003567882,0.2125553603601832,0.1015337803525646,4.301981597143799,107.31163472067172,180.2976369332864,42.7673995573751
40,79.99900000642742,79.99900000642742,-9.808000425029109,40.0112995297764,38.254762036147525,27.155424215258304,43.96075429003512,0.1772558685813998,0.1476996626254162,0.2162211443922171,0.4042960304934476,13.13832168910033,1.365549062893308,63.93747779534037,68.37023368601788
40,79.99900000642742,79.99900000642742,-9.978702987696522,40.04746406774556,38.0837817467874,28.71674637699877,44.21335680465872,0.1630490768639641,0.4262496574461584,0.2143841717956083,0.0833762301125193,11.494914711732676,0.6846834639481543,8.56961717516247,41.15399647119728
40,79.99900000642742,79.99900000642742,-10.355620696314617,39.43431827924626,39.62208565333375,27.460927503902223,40.06783549882345,0.4288751835433051,0.4348977146354235,0.1554517418750067,0.1015337803525646,16.102133571372967,76.27649101715375,11.925501639780975,36.959266511152464
40,79.99900000642742,79.99900000642742,-10.485575378614731,39.53351834808553,39.96795435962318,28.35736559566949,39.7162503915495,0.3143523607063598,0.429251128253535,0.2143123832490729,0.3490220881162688,12.048364850448808,81.02265393041964,10.629181582562325,10.312091968703086
40,79.99900000642742,79.99900000642742,-10.360425967177044,40.47828662589522,39.73016939016652,31.692961355727636,44.26302894070363,0.4527852191058659,0.3157299404422419,0.1689806429024796,0.5266937978335636,11.618498282847716,2.735170916316946,19.58718252739367,10.31722169127341
40,79.99900000642742,79.99900000642742,-9.58415722071311,37.91565598992704,33.89390366254676,25.3353228722729,43.85678418013904,0.1806688620117492,0.3465525957021342,0.1093276173111371,0.2942480703587361,13.233812693789035,78.92285302081724,21.47713490973006,40.90830577377826
40,79.99900000642742,79.99900000642742,-10.028230118911296,40.42889764673636,34.993390968194724,26.40104158941873,41.51794401109879,0.1794501586325654,0.4776062391831591,0.2143359873737509,0.3488101319150472,13.1128214680016,6.987956411151956,25.98695411590228,43.061371443106665
40,79.99900000642742,79.99900000642742,-10.510106382684832,37.98210100778021,37.81419801611593,29.007885115108014,40.4304028478576,0.4394596713688647,0.3683132965306123,0.1135295983105694,0.4178525703814524,9.631336832857349,84.8324629430966,63.8291761217392,72.85093577934069
40,79.99900000642742,79.99900000642742,-9.538009859213648,39.29433291122557,42.80875793143199,25.3353228722729,44.21058061830157,0.4229557024692442,0.4735812706426788,0.1059582033817763,0.5614637889508522,12.047917312463586,78.93288985413882,147.34103052614077,40.238938869120375
40,79.99900000642742,79.99900000642742,-9.813882441725385,40.71619699220325,39.82328855604665,27.161045351128283,43.92127996456696,0.2619992981423185,0.4295504568083436,0.1538582769396765,0.4066346576347445,12.032591404876095,2.597606867950404,0.8084014439622775,87.18182544454565
40,79.99900000642742,79.99900000642742,-10.650242362902084,39.96397504907621,34.376932672094924,31.76955548649891,42.11769737091626,0.4643686015631346,0.5402325013330035,0.2066450184939171,0.4001234306354075,2.4919697549149067,3.014979230657691,0.1198630724872593,2.0213856549277214
40,79.99900000642742,79.99900000642742,-10.44417319306607,36.94020382716436,37.81759480441633,29.060541865664163,40.98854738549089,0.4268567641089882,0.426725621727596,0.2254180526721956,0.0890667469024967,11.495349531787358,78.53874090259725,23.200620965887172,90.82350702952743
40,79.99900000642742,79.99900000642742,-10.187492525799344,39.56557491318792,37.86638940489232,28.51760271557313,42.41349335111146,0.3121580684614368,0.4265338034006863,0.2161840789952078,0.4047115208947623,11.52145426318819,83.81798280131878,61.57729884794982,69.33102068626951
41,79.99900000642742,79.99900000642742,-10.274436413107022,39.36434222467251,38.40845026348999,25.17912943064386,38.08389381594094,0.4425857997250581,0.3119247976046737,0.1485600156268913,0.4191276816812049,13.163856179093225,76.40556094085821,6.52446083402485,98.92967363584958
41,79.99900000642742,79.99900000642742,-10.46114505757822,39.34684477228781,37.83767506839244,28.97324244816646,40.77113034006676,0.4421708053058927,0.357172148031101,0.214347347866957,0.4178766258241764,6.567753749595805,109.51044764266057,66.98386401988752,27.51631312873772
41,79.99900000642742,79.99900000642742,-10.39966413563436,39.5648211473024,40.0045402527297,27.735298625926493,39.48671148683236,0.3121580684614368,0.4303138229034933,0.2163338538957503,0.5296047774133901,12.015021221889215,111.10713436291466,63.028892728742456,69.00955872419898
41,79.99900000642742,79.99900000642742,-9.808000425029109,40.00926240655126,34.69360276528053,27.155424215258304,43.96075429003512,0.1772558685813998,0.1469119720444757,0.2162407142823541,0.3776503132239612,13.13832168910033,1.365549062893308,63.93747779534037,49.70158218747639
41,79.99900000642742,79.99900000642742,-10.365903845168738,36.46163493576923,37.1918281465648,28.51760271557313,41.0456732359461,0.3121580684614368,0.4267611667671223,0.2162211196286972,0.4026627432271623,11.524879399868064,78.44401403375136,9.229759536062213,69.41331391167807
41,79.99900000642742,79.99900000642742,-10.169136265602042,39.96926200656753,37.84855180400728,26.958477644671746,40.99509960838938,0.4181006289170811,0.4469645162924673,0.2114944725038366,0.3912498984297703,13.178905383034838,87.9870322230845,60.4919666287137,78.60873739848056
41,79.99900000642742,79.99900000642742,-10.30404841054866,40.04746406774556,38.0837817467874,28.632832474656063,41.63512799378293,0.1630490768639641,0.4262496574461584,0.2143841717956083,0.0832217311608841,11.494914711732676,0.6846834639481543,8.56961717516247,41.18729911048257
41,79.99900000642742,79.99900000642742,-10.280580211654057,36.15468702087907,36.26674150587684,26.98067836896523,40.16289674628414,0.4708380880960425,0.3373338968875536,0.2137283042471444,0.3267152267729205,16.151207412654475,0.4574164196495371,23.391757017997936,91.30316049661224
41,79.99900000642742,79.99900000642742,-9.611595027705448,39.29433291122557,42.80875793143199,25.3353228722729,43.64642765986443,0.3723719357637403,0.4735812706426788,0.1059582033817763,0.5614637889508522,12.047917312463586,78.93288985413882,147.34103052614077,65.08985283559767
41,79.99900000642742,79.99900000642742,-10.749443807247497,40.20781156594481,39.543157559642665,31.95815898003982,41.54575645780901,0.4292928005007774,0.5919196759926132,0.2111575669834103,0.3686105875840464,4.061014238052053,78.52559093641827,7.485668261772595,94.69651831171012
41,79.99900000642742,79.99900000642742,-9.947457424989658,39.35318509630241,38.37741127456349,28.53504889794604,44.271208639691984,0.4240386929382121,0.3109482721084983,0.216002551937096,0.4364679957589155,11.640301618493098,77.46203908260794,6.52446083402485,99.05261131747945
41,79.99900000642742,79.99900000642742,-9.606478150769988,39.35136932046581,39.78303952233939,22.420796162636734,40.77113034006676,0.417794658654222,0.3677588901713247,0.2151942777515248,0.3899252508284184,9.651161405327317,107.270082502994,7.834957824917723,73.92337182429189
41,79.99900000642742,79.99900000642742,-10.352712093051936,39.33936500871296,39.78303952233939,28.498254051612037,41.12746133821385,0.4421708053058927,0.3687354156675,0.1524347143160841,0.4171370106031302,9.653124181330842,109.30901694001174,184.88577864255384,91.85127320381191
41,79.99900000642742,79.99900000642742,-9.70288789992066,40.42889764673636,34.993390968194724,26.484955491761436,44.09614825903635,0.1794501586325654,0.4776062391831591,0.2143359873737509,0.355229829733968,13.1128214680016,6.987956411151956,23.060816077920915,43.02806880382137
41,79.99900000642742,79.99900000642742,-9.683234163222783,39.99816821126787,37.84806616680341,26.38097527065413,44.14284668594604,0.4292934612733038,0.426725621727596,0.216152144918938,0.0801799269451778,11.494914711732676,78.53874090259725,8.946945469835693,88.0513621589458
41,79.99900000642742,79.99900000642742,-10.341785237480044,39.41114873210597,35.96197204711252,27.460927503902223,40.17390734988854,0.4521345871392309,0.4291764473411619,0.1554517418750067,0.1015337803525646,19.740979265339632,6.3567221687733655,11.925501639780975,40.5730136564418
41,79.99900000642742,79.99900000642742,-10.012506695448224,36.19068709672699,37.23008014173613,28.71674637699877,43.95419504522902,0.4267459870288005,0.4389004837591684,0.2162211002345899,0.0801799269451778,12.021825298993292,3.440612221900288,7.400288372208568,7.800977121424822
41,79.99900000642742,79.99900000642742,-10.04399131052326,39.35771084410095,38.32839761149216,28.566882681280653,43.56294930060226,0.4474203085467108,0.3768263003567882,0.2125553603601832,0.1803368661623883,4.301981597143799,107.31163472067172,180.2976369332864,42.7673995573751
42,79.99900000642742,79.99900000642742,-10.304899339394204,40.42042348303683,34.89945201251956,28.317742720857087,41.31351445216813,0.4423844022372829,0.3848659383015984,0.2095468515874166,0.4115814690064708,10.646612529713856,109.87991879983468,185.06925588708916,23.274565945543404
42,79.99900000642742,79.99900000642742,-10.01711878405468,39.35657386804959,38.32839761149216,28.54538628155343,43.747475603800815,0.4289233674970045,0.3755468960172858,0.0948793138151049,0.1015337803525646,11.325326894131248,76.24845048828581,181.5391026688733,39.890147214575066
42,79.99900000642742,79.99900000642742,-9.683372712223928,38.81899811612238,37.84806616680341,26.38097527065413,44.14178447693728,0.4292934612733038,0.4262497281681742,0.2144322940110811,0.0801799269451778,11.494914711732676,78.53874090259725,8.946945469835693,88.0513621589458
42,79.99900000642742,79.99900000642742,-10.012506695448224,36.40060898520117,37.85935836632281,28.71674637699877,43.95419504522902,0.4267459870288005,0.4389004837591684,0.2162188699526576,0.0801799269451778,11.503509730585506,78.6558397994669,7.197340562967233,5.093974304218889
42,79.99900000642742,79.99900000642742,-10.347760213478235,39.41114873210597,35.96197204711252,27.460927503902223,40.12809920056904,0.4614612258517657,0.4291764473411619,0.1545912548104479,0.0935393309580893,4.663025061713475,2.6764571942948834,12.276179207615002,61.99338967413053
42,79.99900000642742,79.99900000642742,-10.44417319306607,39.42529171118468,37.81759480441633,29.060541865664163,40.98854738549089,0.4268569964627203,0.4291066443633121,0.2162008858131349,0.0890667469024967,11.495349531787358,78.7546126470603,8.095439406764172,92.38438818078323
42,79.99900000642742,79.99900000642742,-9.91668780182993,40.42042348303683,34.89945201251956,28.296246321129864,44.26830650710036,0.4424325861909822,0.3836891580620279,0.2142950655266905,0.4108752342797117,11.645523665517429,77.43353891124137,185.06925588708916,17.205876471624727
42,79.99900000642742,79.99900000642742,-9.612045857657408,36.19824808837003,37.23311497133652,25.835198261319523,44.14284668594604,0.4292934612733038,0.426725621727596,0.2161862898830328,0.0801560697757278,12.013230280140462,3.636640154866683,9.149893279077029,102.12203342135795
42,79.99900000642742,79.99900000642742,-9.995562980034869,39.35318509630241,38.37741127456349,28.53504889794604,43.90239938434534,0.4240386929382121,0.3121250523480688,0.2159900109809791,0.4371742304856746,11.359751374286208,78.84523473881406,3.595045474943928,105.13461052721432
42,79.99900000642742,79.99900000642742,-10.622478072505189,40.14179651297909,38.75486786147099,31.271626226498707,41.83262767062553,0.4409651337195375,0.398423341981978,0.0902160604003896,0.4157572488992861,8.35987928471755,0.357152006766507,0.7334989341611966,10.3419866501238
42,79.99900000642742,79.99900000642742,-10.07736033530506,39.35136932046581,39.78303952233939,25.04280209301152,38.5544220167892,0.4421708053058927,0.4788295099165849,0.1477517414151663,0.4177488313152142,9.989158868347369,97.11353864716584,7.834957824917723,85.65222581552347
42,79.99900000642742,79.99900000642742,-10.04399131052326,39.35771084410095,38.32839761149216,28.566882681280653,43.56294930060226,0.4474203085467108,0.3768263003567882,0.2125553603601832,0.1803368661623883,4.301981597143799,91.96380650402575,174.85034443277453,42.7673995573751
42,79.99900000642742,79.99900000642742,-10.865433663409974,40.707003488293495,37.85133687198312,31.723070616476804,40.42141253033361,0.4409051345621347,0.4445549620312371,0.2214071736654154,0.4045736109877558,14.71089365845457,81.40998095383225,2.5704645825303416,43.123663631049205
42,79.99900000642742,79.99900000642742,-10.426667458309916,36.3778757516376,37.22291423191833,28.97324244816646,41.03545860112378,0.4437778890349624,0.3687354156675,0.2096107523375686,0.4173640981181135,6.146017591721709,109.51044764266057,68.72746933748385,66.93926467990508
42,79.99900000642742,79.99900000642742,-10.400381444437045,39.43060395641784,39.986285967753886,28.51760271557313,40.78134497488908,0.2860381729773233,0.4267611667671223,0.2152716840397147,0.4375625908671934,11.704440675283584,78.44401403375136,7.532069247240756,29.990363217635405
42,79.99900000642742,79.99900000642742,-10.365903845168738,36.46163493576923,37.1918281465648,28.51760271557313,41.0456732359461,0.3121580684614368,0.4267611667671223,0.2162211196286972,0.4026627432271623,11.524879399868064,78.44401403375136,9.229759536062213,63.20530466078353
42,79.99900000642742,79.99900000642742,-9.978702987696522,36.40452493508776,38.07215919292221,28.71674637699877,44.21335680465872,0.4313211959188365,0.426725621727596,0.2161840596011005,0.0833245981924123,11.494914711732676,78.53874090259725,8.56961717516247,94.7694042979349
42,79.99900000642742,79.99900000642742,-9.690576241116304,40.42042348303683,34.76684398051018,26.193915100312164,43.899497251753765,0.4424452487186084,0.3848659383015984,0.2205694243916078,0.3727465386651748,11.364973421310538,80.26305619142286,167.88026816711104,23.274565945543404
42,79.99900000642742,79.99900000642742,-9.515987042887453,37.91565598992704,38.06075913781049,25.3353228722729,44.37942221013575,0.4217315450878572,0.3465525957021342,0.0894037748115435,0.0930209407350399,10.459252635183493,76.03172010383821,25.0298838077763,40.90777123747066
42,79.99900000642742,79.99900000642742,-10.46114505757822,36.13005235918967,36.20622710540165,28.97324244816646,40.77113034006676,0.4421708053058927,0.3687354156675,0.2086613167485861,0.4178766258241764,6.325578866013128,0.0040010786330171,67.00321261476194,30.13780682569133
42,79.99900000642742,79.99900000642742,-9.655294185066529,39.34744741274096,43.28217675245481,25.306098837964896,40.78479931402114,0.4421708053058927,0.3591399872276812,0.2167871937457481,0.4158938464535432,6.4130056601571575,111.03893900437193,66.98386401988752,27.51631312873772
42,79.99900000642742,79.99900000642742,-9.583755913952524,37.91565598992704,33.89390366254676,25.3353228722729,43.859860865303496,0.1806688620117492,0.3115212964067261,0.106854683794837,0.2942480703587361,13.233812693789035,78.92285302081724,21.47713490973006,38.43981756419822
42,79.99900000642742,79.99900000642742,-9.987899959702524,36.18142909927053,37.86347766006467,28.71674637699877,44.14284668594604,0.4491032697676178,0.426725621727596,0.2161840596011005,0.0802407226032726,11.494914711732676,78.53874090259725,8.946945469835693,38.22907903950232
42,79.99900000642742,79.99900000642742,-10.36325353597192,37.98210100778021,33.3400716797036,29.111076085106504,41.65946564265507,0.4394633908658428,0.3808137624031028,0.1135295983105694,0.4178525703814524,9.579022359028585,12.317886129748324,62.89674814658122,72.35593442854355
42,79.99900000642742,79.99900000642742,-10.74739022084072,40.705866512242125,33.23007563282032,32.05475692336794,41.65809856358905,0.4412449756072031,0.4570554279037299,0.1021987557241891,0.4045736109877558,14.658579184624188,7.496136321736685,30.29064926108221,39.7514099372308
43,79.99900000642742,79.99900000642742,-10.697533569432233,40.707003488293495,33.37721053558123,31.66489935744492,41.65047532513108,0.4491437508087924,0.4570554279037299,0.1557954329510564,0.081663553149483,11.506399447211136,8.857320230630796,0.9273519755008256,24.879780296860893
43,79.99900000642742,79.99900000642742,-10.857584342967115,40.707003488293495,37.85133687198312,31.66289249308153,40.42141253033361,0.4408416448899153,0.3881854540533744,0.2094850391999785,0.4044506029617281,14.71089365845457,81.40998095383225,7.854879954951528,43.123663631049205
43,79.99900000642742,79.99900000642742,-10.49527001792314,40.402091602716304,39.81725945981738,28.97324244816646,40.509505644089,0.4421185714918063,0.3845804036217194,0.2086118580892864,0.4178766258241764,6.708651602465167,81.1083017131377,68.70207572120239,27.557975939905184
43,79.99900000642742,79.99900000642742,-10.357224371898148,39.36983394541705,38.3434098184125,28.566882681280653,41.16149583006148,0.4178046436399165,0.447578153313954,0.0899740765998556,0.1015337803525646,10.522271860546416,106.43706322635936,182.19426562106293,39.890147214575066
43,79.99900000642742,79.99900000642742,-9.69028960697758,40.42042348303683,37.826275185094175,26.193915100312164,43.90169478015065,0.4267732144797703,0.3845414722054247,0.2162157478824419,0.3727465386651748,11.364973421310538,80.27333775981349,8.762976996423234,23.274565945543404
43,79.99900000642742,79.99900000642742,-9.30754025444439,39.34777026229175,43.06298754522971,22.420796162636734,40.98191425107746,0.417794658654222,0.3592120703820254,0.2151942777515248,0.4141116217790142,9.651161405327317,107.270082502994,67.70576531888081,74.1618242877064
43,79.99900000642742,79.99900000642742,-10.169136265602042,39.95600192920008,37.83353959708693,26.958477644671746,40.99509960838938,0.4291711688204698,0.374933258995799,0.2114944725038366,0.3912498984297703,13.263599525022988,88.86160371739685,59.836829455575774,78.60873739848056
43,79.99900000642742,79.99900000642742,-9.813882441725385,37.95488514840545,33.90017432187829,27.161045351128283,43.92127996456696,0.1796892808766292,0.4295504568083436,0.1538920660092587,0.2962969822561194,12.032591404876095,2.597606867950404,21.51529076849216,87.18182544454565
43,79.99900000642742,79.99900000642742,-10.348460126351206,40.02377926282864,38.13680890218089,27.466293502595,40.12809920056904,0.4614612258517657,0.4291764473411619,0.211210394722901,0.0935393309580893,4.663025061713475,2.6764571942948834,8.502461019323176,41.2096699197494
43,79.99900000642742,79.99900000642742,-10.451140430505824,36.43575936303928,36.20622710540165,28.99994971168127,40.87453974446989,0.4180918019057431,0.3687354156675,0.2086613167485861,0.0922729610215349,6.504211770844234,3.1882833237417145,67.00321261476194,90.51554722920554
43,79.99900000642742,79.99900000642742,-9.978003074823556,39.43483353702288,35.90894489171902,28.711380378306,44.21335680465872,0.1630490768639641,0.4262496574461584,0.1577650318848402,0.0833762301125193,11.494914711732676,0.6846834639481543,12.343335363454448,61.93771622558089
43,79.99900000642742,79.99900000642742,-10.235670186497558,36.47679203229263,38.38708667847816,28.167373272605808,41.69390184279119,0.4395576823898208,0.3808137624031028,0.1135295983105694,0.4178525703814524,9.579022359028585,12.317886129748324,62.83083778766584,66.7502864813906
43,79.99900000642742,79.99900000642742,-10.30471035717109,38.41876083776858,34.89945201251956,28.317742720857087,41.31496331587871,0.4667075021715352,0.3862925525098888,0.2095468515874166,0.439664379404745,10.637387920934968,118.32463618798631,183.046764809494,23.274565945543404
43,79.99900000642742,79.99900000642742,-10.428768110640648,36.37038999980828,40.01737205310881,28.72501918831175,40.77113034006676,0.4421708053058927,0.3687354156675,0.2086613167485861,0.4178766258241764,6.492146944134028,79.11274413060619,65.38664483632081,27.51631312873772
43,79.99900000642742,79.99900000642742,-10.130210175987171,40.705866512242125,33.23007563282032,27.27397450382312,41.60902982125476,0.4412449756072031,0.4570554279037299,0.1021987557241891,0.4045648861254344,14.658579184624188,36.76368583822858,30.29064926108221,39.7514099372308
43,79.99900000642742,79.99900000642742,-9.834499761378837,39.36517665260833,34.966956570738745,27.5586957726935,44.16086426878905,0.4424974825326948,0.369020950347379,0.2206188830509075,0.3727465386651748,10.981900684984032,108.66520212094576,166.16205822047277,23.23290313437594
43,79.99900000642742,79.99900000642742,-10.022513198855831,36.10246297299461,37.23008014173613,28.69003911348396,43.85077125558922,0.4292934612733038,0.4294429465804447,0.2162211002345899,0.4125524053342937,11.843192394783776,77.00240167301698,7.400288372208568,31.466761593741868
43,79.99900000642742,79.99900000642742,-10.012793329586948,36.40060898520117,34.79992716173878,28.71674637699877,43.95199751683214,0.4424180212676387,0.4392249498553422,0.2205725464618235,0.0801799269451778,11.503509730585506,76.62286363810749,167.51929010796542,32.15891559367702
43,79.99900000642742,79.99900000642742,-10.365903845168738,36.46163493576923,37.20127427117833,28.51760271557313,41.0456732359461,0.3121580684614368,0.4267611667671223,0.2162273375089791,0.4026627432271623,11.363506983519777,78.44401403375136,9.139671129742505,63.20530466078353
43,79.99900000642742,79.99900000642742,-10.622478072505189,40.14179651297909,38.75486786147099,31.271626226498707,41.83262767062553,0.4409651337195375,0.4000768744604053,0.0902160604003896,0.4157572488992861,11.48787535501704,5.549509553502595,8.681210123601351,10.3419866501238
44,79.99900000642742,79.99900000642742,-10.133685052563475,40.402091602716304,39.81725945981738,26.15753788339859,40.4659524804119,0.4421031999974083,0.3845804036217194,0.2193304652785137,0.3690234880199619,6.597544682148036,81.04335709196259,68.70207572120239,27.47435081300668
44,79.99900000642742,79.99900000642742,-9.690462634369467,36.26154889475226,37.23579343483548,26.193915100312164,43.900368236812845,0.4267732144797703,0.3845414722054247,0.2162157478824419,0.391990453173381,11.345716970971909,98.69701405423176,8.826768248675906,23.274565945543404
44,79.99900000642742,79.99900000642742,-9.955524933596216,40.74282661626559,40.038596006878,28.22836263585416,43.902671478283125,0.4667075021715352,0.3862925525098888,0.2095468515874166,0.439664379404745,10.637387920934968,121.18210767226589,183.046764809494,23.274565945543404
44,79.99900000642742,79.99900000642742,-9.834499761378837,39.36636356347733,34.966956570738745,27.5586957726935,44.16086426878905,0.4141248926843456,0.3599095975830075,0.2160206845449774,0.3777747472989577,10.981900684984032,108.66520212094576,166.16205822047277,23.23290313437594
44,79.99900000642742,79.99900000642742,-9.30754025444439,39.34658335142274,43.06298754522971,22.420796162636734,40.98191425107746,0.4461672485025713,0.3683234231463969,0.2197924762574549,0.4201774663094648,9.651161405327317,107.270082502994,67.70576531888081,74.1618242877064
44,79.99900000642742,79.99900000642742,-9.62910723112266,40.42042348303683,34.76684398051018,26.193915100312164,44.37075966170507,0.4424452487186084,0.3488309388459215,0.2205694243916078,0.3727465386651748,11.364973421310538,80.26305619142286,167.88026816711104,23.274565945543404
44,79.99900000642742,79.99900000642742,-9.73195756750069,37.91565598992704,33.89390366254676,25.287242900659667,42.67556821648769,0.1787509056529542,0.3170736477726029,0.1080692855823814,0.2942480703587361,9.51003840775364,77.75328652697942,15.844889424735143,47.61554011075993
44,79.99900000642742,79.99900000642742,-10.17623364872448,39.41220376194299,35.95272874050611,26.95861264837847,40.94082134149076,0.4291711688204698,0.4262942154931374,0.2101185203583512,0.3289540552708166,13.263599525022988,88.86160371739685,59.12291949926359,62.71659182256653
44,79.99900000642742,79.99900000642742,-10.228567751289546,39.41704146625514,37.798857379642925,27.391579042128846,40.972559615575626,0.4273474928931587,0.4291737949443367,0.211210394722901,0.0936059177562977,11.645840609409264,79.60841602482483,8.502461019323176,32.629734207309646
44,79.99900000642742,79.99900000642742,-10.163068202776728,38.392131213705134,32.6765380101556,27.25042543613121,41.33356921484296,0.2619992981423185,0.4295504568083436,0.1538582769396765,0.3891229423271675,12.032591404876095,1.9775490628257657,0.8084014439622775,87.18182544454565
44,79.99900000642742,79.99900000642742,-10.177261737782004,39.95600192920008,37.83353959708693,26.958477644671746,40.9328043216763,0.4291711688204698,0.4285941982965169,0.2114944725038366,0.3912498984297703,13.263599525022988,92.34175805619076,9.023757585742114,79.62470371716839
44,79.99900000642742,79.99900000642742,-10.35930089206542,40.16061805384415,38.76599422567521,29.25393450979375,41.83262767062553,0.4252254195947613,0.4000768744604053,0.0902160604003896,0.4157572488992861,11.48787535501704,5.549509553502595,8.681210123601351,10.3419866501238
44,79.99900000642742,79.99900000642742,-10.573734508047735,36.46163493576923,37.176751868880665,28.51760271557313,39.45230482054048,0.3121580684614368,0.5020001292370886,0.2162211196286972,0.4026627432271623,10.575665154749844,62.97743791539023,13.184307259787232,63.20530466078353
44,79.99900000642742,79.99900000642742,-9.319551883150597,37.91565598992704,33.063272290358,23.829319980957088,44.37942221013575,0.4217315450878572,0.3465525957021342,0.0894037748115435,0.0930209407350399,10.459252635183493,76.85486312185736,30.21199428746313,40.90777123747066
44,79.99900000642742,79.99900000642742,-9.81831812496403,37.95488514840545,33.89977692571355,27.195052255957904,43.92127996456696,0.1796892808766292,0.4295504568083436,0.2244202300401246,0.2962969822561194,12.032591404876095,2.2512684651569885,21.74478948226356,87.07970771306955
44,79.99900000642742,79.99900000642742,-10.46114698701421,39.40434194234161,40.01737205310881,28.9732396200413,40.77111271959896,0.4413505808357686,0.3687354156675,0.2086613167485861,0.0882593760818541,6.325578866013128,109.40318376876432,67.00317524650363,89.69064175179844
44,79.99900000642742,79.99900000642742,-10.564065568127738,40.03202950775818,38.15554632695429,29.13525632613032,40.1440869704843,0.4609707294213274,0.4291092967601373,0.2162008858131349,0.0890001601042891,4.512534331629138,2.477388323733642,8.095439406764172,92.38438818078323
44,79.99900000642742,79.99900000642742,-9.313811555089591,39.34777026229175,43.06298754522971,22.468876134249964,40.98191425107746,0.4197129344862276,0.3536597190161487,0.2139823134955183,0.4141116217790142,13.374935691362756,111.57099711931856,73.33958602764804,74.1618242877064
44,79.99900000642742,79.99900000642742,-10.130210175987171,40.705866512242125,33.23007563282032,27.27397450382312,41.60902982125476,0.1641084930502172,0.4570554279037299,0.2134520616117415,0.3964964784580012,11.603712857265348,36.76368583822858,31.645490077544547,39.7514099372308
45,79.99900000642742,79.99900000642742,-9.808000425029109,39.34903203354594,39.93934418754752,27.155424215258304,43.96075429003512,0.3820230937903354,0.1476996626254162,0.3076839231901766,0.4042960304934476,13.13832168910033,1.365549062893308,63.93747779534037,68.37023368601788
45,79.99900000642742,79.99900000642742,-9.955524933596216,40.74282661626559,40.038596006878,28.22836263585416,43.902671478283125,0.4422985201930903,0.3987392732480055,0.210119369852551,0.4393890793982482,23.50009771083252,0.5130569370216804,183.046764809494,22.883272505572933
45,79.99900000642742,79.99900000642742,-9.955524933596216,40.74282661626559,40.82238283447593,28.22836263585416,43.902671478283125,0.4667075021715352,0.3862925525098888,0.1563622557679966,0.3009387299731219,11.97611414827616,121.18210767226589,183.046764809494,23.274565945543404
45,79.99900000642742,79.99900000642742,-9.792340185031987,37.917466222313465,33.90017432187829,27.161045351128283,44.08643726588304,0.1796892808766292,0.4295504568083436,0.1538920660092587,0.2962989501768773,12.04240594731217,79.29275326767464,21.51529076849216,87.18182544454565
45,79.99900000642742,79.99900000642742,-10.14707020610959,40.69236189626902,33.23007563282032,27.27397450382312,41.47976959031623,0.1641084930502172,0.4570554279037299,0.2134520616117415,0.3964964784580012,11.603712857265348,36.76368583822858,9.031126335499748,39.7514099372308
45,79.99900000642742,79.99900000642742,-10.133685052563475,36.70849092612856,34.85833761350218,26.15753788339859,40.4659524804119,0.4465725554453197,0.3845804036217194,0.2194979212774128,0.3690234880199619,11.356518025776126,73.80293834429035,68.70207572120239,97.13020679816
45,79.99900000642742,79.99900000642742,-10.18162413124405,40.720980351160776,37.83353959708693,26.958477644671746,40.899359305134,0.4299348528069472,0.4294997896659667,0.1554796068035608,0.3912498984297703,12.026312512564903,92.34175805619076,9.023757585742114,87.20113928861292
45,79.99900000642742,79.99900000642742,-10.366651418878485,36.43051403578955,37.79882352503395,28.5233341140145,41.0456732359461,0.3135539978330834,0.4266877896333463,0.2162009862700469,0.4235265131418598,11.524879399868064,78.44401403375136,8.061930544122596,64.57207598778535
45,79.99900000642742,79.99900000642742,-9.834499761378837,39.36517665260833,34.966956570738745,27.5586957726935,44.16086426878905,0.1609464905959516,0.369020950347379,0.2206188830509075,0.385454172265023,10.981900684984032,108.66520212094576,12.891329544920469,41.066290341380295
45,79.99900000642742,79.99900000642742,-9.809503371917948,39.35217801492872,43.06298754522971,26.269180063267356,40.96907998319529,0.4197129344862276,0.3489450538210121,0.2139823134955183,0.3662051359899468,11.21359435682032,111.57099711931856,167.83904245786638,74.1618242877064
45,79.99900000642742,79.99900000642742,-10.697533569432233,40.707003488293495,32.919211107737944,31.66489935744492,41.65047532513108,0.4494586715315145,0.4281569857929302,0.216152369014223,0.081663553149483,4.779977415908696,8.857320230630796,0.9229303822172136,24.879780296860893
45,79.99900000642742,79.99900000642742,-10.07736033530506,40.01363681669628,39.78303952233939,25.04280209301152,38.5544220167892,0.1736885165759526,0.4788295099165849,0.1477517414151663,0.4177488313152142,9.989158868347369,97.11353864716584,7.834957824917723,85.65222581552347
45,79.99900000642742,79.99900000642742,-9.13179715047356,40.416015730399856,34.76684398051018,22.393611171294776,44.38316635099738,0.4424452487186084,0.3535456040410581,0.2205694243916078,0.4206530244542422,13.526314755852974,80.26305619142286,73.38081204573464,23.274565945543404
45,79.99900000642742,79.99900000642742,-9.538009859213648,37.95307491601904,33.89390366254676,25.3353228722729,44.21058061830157,0.2203046905148075,0.3465525957021342,0.1093276173111371,0.1533205244160617,13.223998151352964,2.7354590865645108,21.47713490973006,40.90830577377826
45,79.99900000642742,79.99900000642742,-9.911902174643425,38.40090660813937,32.6765380101556,25.324819220442585,41.33356921484296,0.1758787470464955,0.4295504568083436,0.1077666458652099,0.4742159872536576,13.064160829628118,8.361286583553671,0.8084014439622775,47.15904145207786
45,79.99900000642742,79.99900000642742,-10.382225796728491,39.35318509630241,38.3383869978702,28.53504889794604,40.93798445636087,0.4235376424104254,0.3121250523480688,0.2159900109809791,0.435648210326288,13.278059449130923,78.58733846805306,56.41704644469469,105.13461052721432
45,79.99900000642742,79.99900000642742,-9.67343069584426,40.43392809900993,37.826275185094175,26.193915100312164,44.03094643217281,0.4267732144797703,0.3845414722054247,0.1848211712454371,0.3727465386651748,11.364973421310538,95.50100778764694,31.377379781037178,23.274565945543404
45,79.99900000642742,79.99900000642742,-10.30404841054866,40.04746406774556,38.0837817467874,28.632832474656063,41.63512799378293,0.4446039817563326,0.4262496574461584,0.2143841717956083,0.081975939150227,11.494914711732676,0.6846834639481543,162.31080479627,23.35391190384505
45,79.99900000642742,79.99900000642742,-9.789571731670982,37.11838697816775,35.99175301719941,26.95861264837847,43.90522937223424,0.4823871039314595,0.4262942154931374,0.2101185203583512,0.3304800754301916,11.345291450178271,89.11949998815784,6.416437977389133,62.71659182256653
45,79.99900000642742,79.99900000642742,-10.303223044353588,40.02377926282864,38.13680890218089,27.460373661504036,40.46899698812646,0.4421421583774843,0.3820330583234735,0.219341646996895,0.3702345213966849,19.567889916056227,9.872190150593156,8.502461019323176,27.78395656926635
46,79.99900000642742,79.99900000642742,-9.97800179909293,36.39957321406556,35.90894489171902,28.71137059770456,44.21335680465872,0.1620812556928813,0.4262496574461584,0.2168650858467047,0.0833762301125193,0.7272590379696435,0.6846834639481543,7.4569511431059485,92.82574924681248
46,79.99900000642742,79.99900000642742,-9.808000425029109,39.35407527016881,39.93934418754752,27.155424215258304,43.96075429003512,0.3820230937903354,0.1750593010034884,0.3076839231901766,0.4042960304934476,16.815534834448833,1.365549062893308,63.93747779534037,68.37023368601788
46,79.99900000642742,79.99900000642742,-10.30404841054866,42.82353034108158,38.0837817467874,28.632832474656063,41.63512799378293,0.4446039817563326,0.4262496574461584,0.2143841717956083,0.081975939150227,11.494914711732676,0.6846834639481543,162.31080479627,23.35391190384505
46,79.99900000642742,79.99900000642742,-10.009890459794685,39.51529969991457,37.23579343483548,28.64286176190541,43.900368236812845,0.1076404896516534,0.3848711471189286,0.2162157478824419,0.391990453173381,11.344097581572706,98.69701405423176,8.826768248675906,23.274565945543404
46,79.99900000642742,79.99900000642742,-9.858557349049256,39.17136745807328,43.00074369726175,27.27397450382312,43.69170149444546,0.1641084930502172,0.4570554279037299,0.2134520616117415,0.4144974796691511,11.603712857265348,37.03282447919023,9.031126335499748,39.7514099372308
46,79.99900000642742,79.99900000642742,-10.6657063803276,40.1625007176687,32.18124156327195,31.384870209864648,41.61445462735304,0.1641084930502172,0.4570554279037299,0.2129504063400794,0.3964964784580012,11.603712857265348,36.76368583822858,31.645490077544547,41.03646129866607
46,79.99900000642742,79.99900000642742,-10.090131119561782,37.91565598992704,33.89390366254676,28.03756104144965,42.67988912480927,0.1787509056529542,0.3170736477726029,0.1129080480169045,0.2942480703587361,1.9671128920730252,74.41806511706538,15.844889424735143,47.61554011075993
46,79.99900000642742,79.99900000642742,-10.130867225157289,40.69236189626902,37.24668037200282,27.27397450382312,41.603992444283904,0.4071735657387858,0.4570554279037299,0.2134520616117415,0.3963617466820932,11.346368166899374,36.76368583822858,4.252936112743696,39.7514099372308
46,79.99900000642742,79.99900000642742,-10.451637695079576,37.92759295191625,40.01737205310881,28.900335048542413,40.77111271959896,0.4196183451651011,0.3678086285670888,0.1527277198332574,0.0885019615960775,10.198380360138412,109.40318376876432,67.00317524650363,89.69064175179844
46,79.99900000642742,79.99900000642742,-10.011891157771744,36.42718049215765,37.3170068715999,28.71202725481241,43.95419504522902,0.3819237019570463,0.145636275317489,0.2119053822641832,0.3980343080014611,12.021825298993292,78.51241314546766,7.400288372208568,67.24434883169741
46,79.99900000642742,79.99900000642742,-9.682255307241732,39.35318509630241,38.37741127456349,26.13882242358938,43.90819840140276,0.4240386929382121,0.3097908059080227,0.2159900109809791,0.4371742304856746,11.214589760671547,78.84523473881406,67.94999321096554,104.73634117081576
46,79.99900000642742,79.99900000642742,-9.834499761378837,39.36636356347733,34.94009059231327,27.5586957726935,44.16086426878905,0.4141248926843456,0.425457462407928,0.2160206845449774,0.3765192027072119,17.178636113060925,108.66520212094576,7.080087418744725,25.91269799430328
46,79.99900000642742,79.99900000642742,-9.955524933596216,40.74282661626559,37.84952603232444,28.22836263585416,43.902671478283125,0.4667075021715352,0.3863043522520507,0.1563622557679966,0.3018131152801181,12.012471566107214,112.51282370829438,31.04955916949783,23.274565945543404
46,79.99900000642742,79.99900000642742,-10.055919410920488,40.43392809900993,37.826275185094175,26.193915100312164,41.09853294992176,0.4267732144797703,0.3845414722054247,0.1550825974785695,0.3727229008552488,11.364973421310538,95.50100778764694,174.62351737903242,23.274565945543404
46,79.99900000642742,79.99900000642742,-10.012507971178842,39.44343029980047,37.23008014173613,28.716756157600205,43.95419504522902,0.4302635155815066,0.4294429465804447,0.1571210462743726,0.0801799269451778,12.021825298993292,78.59180741156727,24.40808801567185,60.95645200926849
46,79.99900000642742,79.99900000642742,-9.808615962705588,39.330021518232016,39.24383445563136,27.16014333744467,43.96075429003512,0.4293928531065929,0.4315191194678552,0.3119996411635442,0.0928841508403189,13.13832168910033,13.602285286989042,63.93747779534037,92.97036988481123
46,79.99900000642742,79.99900000642742,-9.580264134922842,36.26154889475226,33.21918869565226,26.193915100312164,44.74522339923698,0.1837094112436165,0.3845414722054247,0.2162157478824419,0.392125184949289,11.60306166133788,98.69701405423176,8.826768248675906,23.274565945543404
46,79.99900000642742,79.99900000642742,-9.658575249398346,36.181082731854445,35.90894489171902,26.262433716712746,44.21335680465872,0.42946360812319,0.4342555724825146,0.1577650318848402,0.0833762301125193,11.496534101131877,0.6846834639481543,12.343335363454448,61.93771622558089
46,79.99900000642742,79.99900000642742,-10.697533569432233,40.707003488293495,32.94607708616341,31.66489935744492,41.65047532513108,0.4543719882020632,0.3626091209680098,0.216152369014223,0.0878045714300183,4.744950532285403,8.857320230630796,162.6407867402553,24.879780296860893
40,2941.9082963336805,43.33279167014819,-7.690639631720195,40.17145357437113,7.133024084225994,31.441407049298643,41.83262767062553,0.4409651337195375,0.398423341981978,0.0902160604003896,0.4157572488992861,169.39369513790382,0.357152006766507,0.9273519755008256,8.103096495666716
37,3210.6359712948574,39.99950000321371,-7.533594087242729,39.974409708685066,5.731964377546021,31.755530180485625,44.26994627527309,0.4643686015631346,0.5402325013330035,0.2066704364465123,0.3660431884686753,202.26571098777555,3.00058476031176,0.4488929336650559,8.866426180499582
33,6416.9681188596,0.0,-8.964430181050364,39.62010539672248,34.64913464931814,28.972367841592384,5.699665896311867,0.4465749971971687,0.4279932243314337,0.2142710545209714,0.3788823112903177,197.8283519469316,83.01627253933685,39.947914892433374,91.78117532786725
