generation,l_max_kg_per_m,s_max_kg_per_m,constraint,x_00,x_01,x_02,x_03,x_04,x_05,x_06,x_07,x_08,x_09,x_10,x_11
2,5631.302435360783,64.5477007423371,-7.64576923411887,25.21777203448886,41.35380212887961,7.971366257124316,21.656046409296046,0.5117720510705157,0.28615420184090057,0.6192839830779693,0.15247755427604312,187.61863155806918,39.45145534228531,20.921607694838002,56.393750244884714
2,6416.968118859601,0.0,-8.600054149868676,41.943366366389334,27.458329465053684,39.83029625671586,13.764044739042438,0.16726754309251454,0.14598954806068726,0.646374676573357,0.5706678035743344,109.23060331365627,168.73978303735262,177.14863648211866,241.01426460581368
2,79.99900000642742,79.99900000642742,-10.528252313190201,37.23871851149597,37.232154557205234,25.948755624996817,34.85325691148068,0.13895776392659542,0.15448355000314684,0.17634602327276694,0.5700002284646816,18.501983343979234,27.280124647317827,149.07924730888973,18.130821708611105
2,6416.968118859603,0.0,-9.86597831434053,31.161519909580697,28.67448423859416,25.689798350847603,9.328965427458371,0.24586482723313524,0.2784149872542805,0.43685010382683426,0.3648301979567705,75.61596576978619,39.14247346540911,230.35468802760283,115.00851681244131
2,190.56442786389567,190.56442786389562,-10.236121412019358,36.33973495105914,32.945422903016926,39.603200386884424,26.080131212366183,0.3059448682998286,0.3375939701148073,0.2464548836859088,0.3029905306091508,66.90245280466326,131.29456590671367,64.341697339971,209.76760900338414
2,416.36769784209093,170.91273214369667,-10.52313483357569,27.265582847556715,38.58821579014308,41.568173475152584,35.333116108716595,0.39367949164156285,0.5756191641538222,0.1673062549330437,0.09045141045489433,140.3705961318691,157.67265702715406,44.277766303045944,96.28324769885243
2,2226.692971479878,112.17737832213118,-10.013313536242695,8.813120847141768,20.619018208155065,35.850281096961034,39.77580624270183,0.5887803280177613,0.3872544815726363,0.15161071553466277,0.5336906247627057,189.15791688460402,42.76752208965348,32.99281363948489,237.76283339066862
2,4865.466058115406,103.64480561614747,-6.888573523407324,2.5602632279103203,41.7478662151208,19.41159126671739,36.824181979806056,0.31069458025241936,0.6244193423955571,0.5830018869963078,0.10280520060366916,147.32321091023488,156.39333719526905,96.20225043940519,144.1977891740356
2,6416.968118859604,0.0,-8.08687746403195,9.031502197235909,39.03210830632424,19.17489214386237,3.2901397045528284,0.3736335450178349,0.13576154877738467,0.36994440556976504,0.21351819456621735,46.925014659720404,134.6440723173266,71.59338531154152,43.73788558773833
2,6416.968118859604,0.0,-7.004355251588866,9.969944279630475,32.17624497354976,40.56895589339625,2.2690128222442945,0.32934279891741347,0.20357501031302333,0.31167594258286474,0.45951249420811346,233.53922925277482,231.99177984898253,69.4595988442448,200.10464654089472
2,6416.968118859604,0.0,-7.890549519252929,43.480569918799745,11.97478289973887,18.464975100406555,22.340529647757002,0.134990658064866,0.10771579366199514,0.13920430811629936,0.6370364144818299,181.79151303289132,73.75133899470201,96.48415663573331,31.443418767066607
2,265.23143855911434,242.4753961620181,-9.808260452086046,44.64159137265339,39.91329538766301,23.109958853656078,29.704522189141333,0.19657013337465856,0.5496379302604123,0.2720430628468292,0.22695295572640956,187.83125552459737,206.6348219523603,31.44530904778961,131.65869756305224
2,3007.0630530022618,212.7947125533781,-9.97474424428166,10.489124540793137,21.982319670237686,37.50928046407824,27.718966739562973,0.27232140686660455,0.6475391455862811,0.4169784329599284,0.3953158602365944,71.04920409795565,204.84480056277536,1.1337375945891515,115.17958119541264
2,5899.267163061206,146.3350199315622,-9.938225326168833,17.006079908017202,14.201286762907396,12.45033002666101,28.257269192699923,0.3262460649340692,0.2987943786040622,0.602525402776492,0.45296091585590564,44.82867887983494,197.41927030141704,210.0850732210438,74.4308547828795
2,4927.709531538648,202.35628616473582,-9.032104870621154,33.60406575104411,30.46076315573285,7.706900497161734,17.954435493954023,0.529936315726003,0.5735779329716593,0.27267780781722134,0.08131051837928294,143.93331162775732,190.49689765686713,62.43675775091365,54.93055220628948
2,5122.635331102731,191.43668177469365,-9.141789703509847,25.956801729627294,28.335092422793835,19.17980719201222,41.09275279843669,0.3475265596011343,0.5678720128175846,0.6288033316936981,0.5442406013855533,186.76858385664073,186.70528730442896,130.71887402538349,64.13643152070996
2,6172.929455704729,123.50756737841243,-8.722315733432335,7.525933640103675,32.015674587197225,6.886761876845187,8.704087093806852,0.1451683417481741,0.12241269846575814,0.557187043662639,0.08276510962903948,87.17891937476827,170.3123211103761,166.98553307536773,233.72736074660958
2,6416.968118859607,0.0,-8.24578733779861,41.21738443637912,33.145240236323794,42.64066883193966,13.858371755062404,0.5779055909647112,0.545842742340556,0.3861298021684786,0.31814401784185686,212.7485279929526,39.104289006589354,9.138315070719466,63.54368936005769
2,393.52697846525746,393.5269784652574,-9.748474288174236,38.757678367194686,21.49598124319718,32.52340949617684,42.27194675442822,0.1477078133782181,0.2267809164955223,0.30274018574206835,0.41738155708492103,208.92687253006653,121.28670388984239,144.71882297484368,142.79099887886647
2,602.715610144294,369.03904635955206,-8.767755430027535,27.207392768378135,44.66967099038952,19.889129287267334,41.3476409619027,0.4870394553902553,0.6296979527081992,0.26020222063486065,0.5878052112931583,47.72732691034881,129.9802986484003,114.16588296195562,150.21888943229374
2,3030.771648001265,215.11554546246703,-7.9796870071781925,11.619211552077948,10.666220422966182,41.488620034600004,26.913786526284888,0.23597519864056965,0.3535141296670909,0.5298434678211957,0.20149988435338584,199.02828409683795,195.16557857265295,52.61651954291066,125.23135784751582
2,5631.392250178149,200.73414753767446,-9.46678462104898,23.169543267489974,3.7482253621988395,16.62632661611331,35.54200806710133,0.4758722775823719,0.5934489330249144,0.5155021934676679,0.6433447735153914,209.42890901515702,141.44710372108128,194.56110510733285,104.99044197792357
2,6416.968118859608,0.0,-7.622529938714042,7.3393978222345675,40.13112063639464,6.570516833202354,3.7404093373076925,0.2501221989806718,0.2344136102577809,0.16972094476880017,0.08927644285682292,164.3674724789374,70.61285029438343,189.81240195752895,191.0438252727953
2,1067.159691113479,378.4025702797011,-9.199877466953296,11.829368650582873,33.296974737274226,33.68301807837945,31.35103839453153,0.35695766784471034,0.20109883707794013,0.5615084405430552,0.497518805797902,189.57162885514822,136.3124355510361,16.56743396335292,235.79218585857294
2,3343.020143829955,254.19123522505626,-9.878688088370733,6.1482578902766445,21.662126663496146,37.92551798598717,24.332817506208865,0.5084794086286936,0.6187773683732506,0.6396650698829496,0.23890344534610286,248.63448225024342,141.37538818690214,125.15094869754101,23.408107408911334
2,6416.968118859609,0.0,-10.308220093431386,18.781559858308256,5.811247241282226,13.607225359776383,15.951804959756805,0.2950824478531693,0.269046042858809,0.5514503674564647,0.4843873894947279,222.9294367278535,168.78624225037112,94.6328957950824,215.7239969951622
2,6416.968118859609,0.0,-10.808042125410998,7.026255992260601,16.164599697442945,11.419274722753968,8.640239320275244,0.24129525739297697,0.5783935741217652,0.16659689922411094,0.2762116204191177,194.31618262809286,5.640955820240184,149.1296915404217,223.44041079326905
2,6416.968118859609,0.0,-10.529025357418618,14.187904283491855,11.304894343760008,22.58236660355056,13.565013912954502,0.15523911265593815,0.3813652809018122,0.47751038491347386,0.3240022815577908,225.31635949095374,28.557992854033625,176.64313336613756,15.477458701611324
2,1438.8755162176171,463.1687472483016,-9.945129240898225,17.923554488937096,32.1871086409521,28.807927556659116,44.561936709772674,0.6439696155965343,0.2343670682047866,0.39789420636260603,0.5310396828813346,157.92786180683174,214.16751387336646,133.28682353823055,207.30868251131946
2,3362.694683537698,278.30228488854016,-9.507968975488723,7.589522308959841,10.51214170031462,29.617712888234376,24.80856684538883,0.3599900681666596,0.5205981946502173,0.27079493838491686,0.19914014852436218,27.55931764125777,248.08692290281488,200.38882834038552,50.088526287494744
2,6416.96811885961,0.0,-9.695046143198322,2.6058115441104066,20.2771244462566,20.99108978649373,21.91766985387114,0.3564273960292513,0.20215095073585723,0.5924811197994173,0.5601779100569253,50.413296265649386,210.9184454978676,98.47961801964061,193.14126271755777
2,6416.96811885961,0.0,-10.069678993522285,18.091662176637705,3.292534460308564,16.671075715367973,23.882815696962254,0.15198912050634727,0.5093195039476653,0.24817316546055734,0.597523117671194,84.0100280918124,198.23925595563298,197.7301173263962,147.54619079030317
2,6416.96811885961,0.0,-9.064060005398897,42.765247315190855,42.15444837441087,19.645575082469122,24.726235076747628,0.4166741638480777,0.5403228836171363,0.5102236187295023,0.6483075534080555,86.38391085691357,216.61912414742167,9.606959056785659,17.861948441331126
2,6416.96811885961,0.0,-7.761745339681966,33.25917332802652,38.20734934069735,5.714063611592478,23.480732250711487,0.26037542765180877,0.3686519801019825,0.6171077302789485,0.5941145547456514,201.73713580557614,28.500613775149482,9.641323218035097,144.34531657461807
2,6416.96811885961,0.0,-6.844577031326072,27.938762407092426,43.43755368373052,3.9126442572304794,23.353505760040992,0.5472895269428804,0.3070815839476108,0.31385735436342277,0.505154095294622,218.11930898189067,215.78574498344267,249.28546653449783,215.70938204645552
2,6416.96811885961,0.0,-9.734772799481837,3.0819502725101113,2.4590557449547323,19.825797615593952,5.551326759254777,0.6359079978662001,0.5919441845548611,0.12919451927066056,0.5409689464720983,120.77315377903378,23.07519841330524,15.960204894506308,80.26749618761312
2,1795.3052744943084,806.7807215317565,-10.228323267918466,16.992145800519708,26.728762827528865,27.10066246710536,40.68351741306376,0.33576444682384915,0.34867286396477915,0.4953083450491692,0.1995492061207393,65.48163686240207,211.9629646689238,180.79667519766596,77.97361219640631
2,4222.777154813799,294.8978114065018,-9.81159135531734,9.21644951896679,22.91944598062485,24.288940126557062,41.066739735790755,0.5465997260747676,0.6075847829351457,0.4843905257932835,0.08433935965909721,215.44247576797738,196.21949160976484,39.066713594317264,60.863869156754156
2,3610.525109018583,555.3341003843243,-6.900542618369588,30.909111079597217,3.915472400984521,43.0113123268176,24.85547818685911,0.6001646551227471,0.6033607427387242,0.29945173884914156,0.45022658629856827,212.1818151153869,229.19515519806473,19.788104905107406,159.85643446152008
2,6416.9681188596105,0.0,-7.596920237759846,37.69049372860796,8.33076584526471,42.08771068910585,11.090987955147028,0.09723041709229756,0.37249756183052896,0.41543684291851873,0.29420401404688784,45.097428176517184,77.09904700686384,108.98908550208073,90.61424197907644
2,6416.9681188596105,0.0,-6.910485792105202,41.461228072183864,2.441619144990439,3.387847631855058,3.036488096296197,0.29563909906707975,0.3465596690399802,0.330567153619415,0.6411844099400659,4.260676915609329,62.774721981829344,70.45380728791775,16.602210132390493
2,6416.9681188596105,0.0,-8.174826089129816,13.081074897000416,38.4643727775429,9.138039460871529,5.730997412519295,0.3601868100919481,0.3487966602635857,0.5499323009829001,0.22929489372292972,157.50985448480353,69.55342483251187,5.476369197584513,192.5630516588508
2,6416.9681188596105,0.0,-10.093112530430336,18.12246535520697,3.502994755172894,16.58374342298594,9.016299176917943,0.12979007930631503,0.2894573338868143,0.1265312860185489,0.6090132757619521,67.79866651232535,42.13315004347251,5.808297983109057,110.11240136105633
2,2855.972413559902,2650.0201756258193,-9.316140428633474,17.085932381540516,37.66218909535048,27.97902098474837,17.777480345701992,0.31427330006484033,0.31227942344358744,0.5897464108479253,0.13629603043190452,164.24914685157452,91.65710614449077,26.771673377376736,36.6646351016241
2,4445.087461433835,354.3630296919805,-9.515507315330492,11.414805089449693,8.073004430896336,8.424115201339607,27.471892450472442,0.3861142602589682,0.4493720787936152,0.1353922849646853,0.43728765981174683,118.47836090074628,16.12343129200741,159.60940046853372,56.83008962641944
2,6416.968118859611,0.0,-7.164721732214559,11.516141560788714,4.4798807953210105,41.5503475150093,26.05789261068385,0.41262004644400907,0.29405517659258035,0.6064349412875654,0.622585975871297,28.77584732502461,178.04969257893018,163.99490391661038,117.74711515859174
2,3067.3637442093636,2884.0360123689698,-9.845634443846365,44.62536491664531,36.4047922429567,39.28254266868001,22.76574007150217,0.45324739168107103,0.41028647942303825,0.46116233324148265,0.43746969375919564,94.94373887992155,42.283605842038746,215.99252270713532,116.26370983917886
2,4810.051174017205,4773.160803473858,-10.187452611640513,26.729548618134654,15.388344301134248,11.580701668168214,25.47689831225759,0.16758069678318765,0.255481787992162,0.21047368631398106,0.5161070127832806,136.64755992888823,69.42264588707567,0.45516458289956985,38.8402697107387
3,5631.302435360783,64.5477007423371,-7.64576923411887,25.21777203448886,41.35380212887961,7.971366257124316,21.656046409296046,0.5117720510705157,0.28615420184090057,0.6192839830779693,0.15247755427604312,187.61863155806918,39.45145534228531,20.921607694838002,56.393750244884714
3,6416.968118859601,0.0,-8.600054149868676,41.943366366389334,27.458329465053684,39.83029625671586,13.764044739042438,0.16726754309251454,0.14598954806068726,0.646374676573357,0.5706678035743344,109.23060331365627,168.73978303735262,177.14863648211866,241.01426460581368
3,79.99900000642742,79.99900000642742,-10.528252313190201,37.23871851149597,37.232154557205234,25.948755624996817,34.85325691148068,0.13895776392659542,0.15448355000314684,0.17634602327276694,0.5700002284646816,18.501983343979234,27.280124647317827,149.07924730888973,18.130821708611105
3,6416.968118859601,0.0,-7.72050456647348,7.432551229566751,21.062605762385626,36.54987432767763,3.7404093373076925,0.2501221989806718,0.3839530448232149,0.16972094476880017,0.08927644285682292,164.3674724789374,70.61285029438343,189.81240195752895,194.73022822737155
3,6416.968118859601,0.0,-8.08687746403195,9.031502197235909,39.03210830632424,19.174765273286287,3.936035479062813,0.3763687596950786,0.10878736608760023,0.3578135542476203,0.21316235525740462,46.925014659720404,134.6440723173266,130.1582316357874,43.73788558773833
3,6416.968118859601,0.0,-9.447378224466267,31.441785851966806,28.42587843898537,25.948755624996817,6.3786553459049005,0.13895776392659542,0.15270921414202623,0.436249980092656,0.557233732773449,18.501983343979234,27.280124647317827,153.4276459830692,112.98458080453847
3,2226.692971479878,112.17737832213118,-10.013313536242695,8.813120847141768,20.619018208155065,35.850281096961034,39.77580624270183,0.5887803280177613,0.3872544815726363,0.15161071553466277,0.5336906247627057,189.15791688460402,42.76752208965348,32.99281363948489,237.76283339066862
3,4865.466058115406,103.64480561614747,-6.888573523407324,2.5602632279103203,41.7478662151208,19.41159126671739,36.824181979806056,0.31069458025241936,0.6244193423955571,0.5830018869963078,0.10280520060366916,147.32321091023488,156.39333719526905,96.20225043940519,144.1977891740356
3,133.27656353971562,133.27656353971562,-11.097766808376115,37.69049372860796,39.01374511565436,42.08771068910585,35.17058955332274,0.095742971546917,0.37249756183052896,0.16609361153051652,0.29420401404688784,46.022313389993805,77.09904700686384,41.6943400103201,91.04686381603459
3,6416.968118859602,0.0,-9.80242947848502,44.64159137265339,39.9579995186042,23.109958853656078,6.765806380316661,0.19657013337465856,0.5909064048028575,0.2720430628468292,0.22830619172674754,187.83125552459737,211.30499772607806,30.673547188854528,131.65869756305224
3,6416.968118859602,0.0,-8.739102084814856,16.992145800519708,39.753646162759786,27.10066246710536,2.100445117352651,0.37280459285800555,0.15211702319934578,0.3802013643026041,0.1995492061207393,73.28319641136746,211.9629646689238,181.37412075530983,77.97361219640631
3,6416.968118859602,0.0,-6.706804741543721,40.753448786941725,32.17624497354976,42.60788328678998,2.0267196386252477,0.3183660895728967,0.20060891426194066,0.31167594258286474,0.45951249420811346,232.8428681603379,226.11500131911322,69.23552125920753,51.28208828453397
3,3259.6888386418145,121.71448076089887,-6.847365276786157,44.64159137265339,5.138058494680635,43.04871267687043,24.75919893721018,0.19657013337465856,0.5496379302604123,0.2720430628468292,0.227038055234421,190.06219470649714,229.34009578844496,31.30412998756904,160.81290275886894
3,156.3462093142191,156.34620931421912,-10.46204843866662,36.958452568976945,37.48076032107012,25.689798350847603,34.72000244944208,0.24586482723313524,0.2801893370779981,0.17694672183165994,0.3604128772795736,75.61596576978619,39.14247346540911,226.0042260551528,20.16372818969895
3,6416.968118859603,0.0,-9.86597831434053,31.161519909580697,28.67448423859416,25.689798350847603,9.328965427458371,0.24586482723313524,0.2784149872542805,0.43685010382683426,0.3648301979567705,75.61596576978619,39.14247346540911,230.35468802760283,115.00851681244131
3,6416.968118859603,0.0,-10.803619383878088,18.166740542044682,15.388344301134248,17.134442398421346,7.962191008153368,0.16851536446436782,0.255481787992162,0.2075767704793051,0.5184486518747675,136.64755992888823,69.04890956763037,0.3066672847667262,116.0186192298817
3,5899.267163061206,146.3350199315622,-9.938225326168833,17.006079908017202,14.201286762907396,12.45033002666101,28.257269192699923,0.3262460649340692,0.2987943786040622,0.602525402776492,0.45296091585590564,44.82867887983494,197.41927030141704,210.0850732210438,74.4308547828795
3,6172.929455704729,123.50756737841243,-8.722315733432335,7.525933640103675,32.015674587197225,6.886761876845187,8.704087093806852,0.1451683417481741,0.12241269846575814,0.557187043662639,0.08276510962903948,87.17891937476827,170.3123211103761,166.98553307536773,233.72736074660958
3,158.1034704573372,158.1034704573371,-7.64576923411887,42.35850590238552,41.35380212887961,7.971366257124316,21.656046409296046,0.5170604534392285,0.29161196482324664,0.12900497050135687,0.14811486628142576,182.29085132808532,39.45145534228531,20.921607694838002,56.393750244884714
3,6416.968118859604,0.0,-8.08687746403195,9.031502197235909,39.03210830632424,19.17489214386237,3.2901397045528284,0.3736335450178349,0.13576154877738467,0.36994440556976504,0.21351819456621735,46.925014659720404,134.6440723173266,71.59338531154152,43.73788558773833
3,6416.968118859604,0.0,-7.004355251588866,9.969944279630475,32.17624497354976,40.56895589339625,2.2690128222442945,0.32934279891741347,0.20357501031302333,0.31167594258286474,0.45951249420811346,233.53922925277482,231.99177984898253,69.4595988442448,200.10464654089472
3,6416.968118859604,0.0,-7.890549519252929,43.480569918799745,11.97478289973887,18.464975100406555,22.340529647757002,0.134990658064866,0.10771579366199514,0.13920430811629936,0.6370364144818299,181.79151303289132,73.75133899470201,96.48415663573331,31.443418767066607
3,6416.968118859604,0.0,-9.664005803024848,18.12246535520697,26.238112341521152,26.925588020394066,9.016299176917943,0.12979007930631503,0.3435801282966629,0.1265312860185489,0.6090132757619521,65.68413883475463,42.67300897820461,179.74940956652023,110.11240136105633
3,159.67537858397307,159.67537858397307,-9.748719826181098,38.75579590914207,21.49598124319718,32.52340949617684,42.27194675442822,0.1477078133782181,0.22210022086687412,0.30179465068004147,0.42219818937352976,61.969797302779256,121.28670388984239,69.36986777452063,144.11961116750828
3,6416.968118859605,0.0,-8.511734389133878,10.419648054417681,33.145240236323794,40.601741438369274,13.858371755062404,0.5888634335410898,0.5224510713977453,0.3861298021684786,0.31814401784185686,213.44488900842154,44.80719547230596,9.375990930273566,246.74204285980568
3,190.56442786389567,190.56442786389562,-10.236121412019358,36.33973495105914,32.945422903016926,39.603200386884424,26.080131212366183,0.3059448682998286,0.3375939701148073,0.2464548836859088,0.3029905306091508,66.90245280466326,131.29456590671367,64.341697339971,209.76760900338414
3,416.36769784209093,170.91273214369667,-10.52313483357569,27.265582847556715,38.58821579014308,41.568173475152584,35.333116108716595,0.39367949164156285,0.5756191641538222,0.1673062549330437,0.09045141045489433,140.3705961318691,157.67265702715406,44.277766303045944,96.28324769885243
3,4585.950542461678,160.52137048902554,-9.162362449774804,9.031502197235909,26.007179956391802,19.17489214386237,40.93011336225547,0.3379251580776216,0.3323207227426117,0.4850513863125876,0.21351819456621735,46.925014659720404,134.6440723173266,71.01593848141886,43.73788558773833
3,3291.2922938307884,163.3395707419536,-7.609211428383894,27.265582847556715,7.9054610927625095,41.568173475152584,11.253531344309401,0.39644096503831705,0.5756191641538222,0.4166505248722298,0.09045141045489433,139.44574522759126,171.09000677890316,109.81434134003922,95.8506258618943
3,6416.968118859606,0.0,-10.006786853644016,37.23871851149597,41.22524848598834,25.943947697259166,21.63952439986762,0.5233651346347842,0.15448355000314684,0.1493571243186664,0.5700002284646816,19.344020406951145,27.658667710989928,150.93883206624452,51.84016924454125
3,308.959431758302,198.4368991312567,-10.236121412019358,36.34161740911175,32.945422903016926,39.603200386884424,26.080131212366183,0.3059448682998286,0.3471143012518133,0.2474004187479357,0.2981738983205883,213.85204836168862,131.29456590671367,139.69065278944987,208.43899341088178
3,216.0328202153824,216.03282021538251,-10.236121412019358,30.06273298737987,32.945422903016926,39.603200386884424,26.080131212366183,0.3059448682998286,0.3375939701148073,0.2762039323560137,0.3029905306091508,66.90245280466326,131.29456590671367,60.34601644252133,209.76760900338414
3,5095.5636804970245,181.75657827835778,-8.167245260810425,25.21777203448886,37.36070819504966,7.976255194596332,34.869778845386854,0.12768063526552018,0.28615420184090057,0.6380922164415131,0.15247755427604312,186.88780111504568,39.07291227861347,4.541384042211682,22.684413330955266
3,6416.968118859607,0.0,-8.24578733779861,41.21738443637912,33.145240236323794,42.64066883193966,13.858371755062404,0.5779055909647112,0.545842742340556,0.3861298021684786,0.31814401784185686,212.7485279929526,39.104289006589354,9.138315070719466,63.54368936005769
3,3007.0630530022618,212.7947125533781,-9.97474424428166,10.489124540793137,21.982319670237686,37.50928046407824,27.718966739562973,0.27232140686660455,0.6475391455862811,0.4169784329599284,0.3953158602365944,71.04920409795565,204.84480056277536,1.1337375945891515,115.17958119541264
3,4927.709531538648,202.35628616473582,-9.032104870621154,33.60406575104411,30.46076315573285,7.706900497161734,17.954435493954023,0.529936315726003,0.5735779329716593,0.27267780781722134,0.08131051837928294,143.93331162775732,190.49689765686713,62.43675775091365,54.93055220628948
3,4581.241255642448,209.03386862220975,-8.879387016093851,16.992145800519708,4.044965629510232,16.758817869783332,40.68351741306376,0.33576444682384915,0.2945500695549305,0.4953083450491692,0.1995492061207393,67.59616453997279,211.4202202384754,7.9130585306587164,77.97361219640631
3,265.23143855911434,242.4753961620181,-9.808260452086046,44.64159137265339,39.91329538766301,23.109958853656078,29.704522189141333,0.19657013337465856,0.5496379302604123,0.2720430628468292,0.22695295572640956,187.83125552459737,206.6348219523603,31.44530904778961,131.65869756305224
3,5122.635331102731,191.43668177469365,-9.141789703509847,25.956801729627294,28.335092422793835,19.17980719201222,41.09275279843669,0.3475265596011343,0.5678720128175846,0.6288033316936981,0.5442406013855533,186.76858385664073,186.70528730442896,130.71887402538349,64.13643152070996
3,5114.603191764269,201.10383504392178,-9.201231410631358,25.956801729627294,28.335092422793835,19.1799340625883,40.63715991441451,0.3447913449238907,0.5968057572281562,0.6384581274891327,0.544594835892566,186.76858385664073,186.64497595488817,72.1540277036987,89.16722694430898
3,6416.968118859608,0.0,-7.622529938714042,7.3393978222345675,40.13112063639464,6.570516833202354,3.7404093373076925,0.2501221989806718,0.2344136102577809,0.16972094476880017,0.08927644285682292,164.3674724789374,70.61285029438343,189.81240195752895,191.0438252727953
3,6416.968118859608,0.0,-11.272454405336163,11.414805089449693,8.073004430896336,7.765356089543278,13.343205648632688,0.3861142602589682,0.4493720787936152,0.6457090401098596,0.437835457796216,118.47836090074628,16.12343129200741,159.60940046853372,62.20397140398293
3,6416.968118859608,0.0,-10.518355625351486,17.17052078025415,5.811247241282226,13.607225359776383,15.951804959756805,0.28354605660272325,0.2706671596248398,0.5892130949588078,0.5097573145138969,222.9294367278535,95.5772056883431,94.6328957950824,215.7239969951622
3,6416.968118859608,0.0,-10.17515341061841,11.516141560788714,4.4798807953210105,11.46629243176961,25.456782950361777,0.4185119931490897,0.29405517659258035,0.6064349412875654,0.622585975871297,28.77584732502461,71.93618422224338,163.99490391661038,117.74711515859174
3,6416.968118859609,0.0,-10.529025357418618,14.187904283491855,11.304894343760008,22.58236660355056,13.565013912954502,0.15523911265593815,0.3813652809018122,0.47751038491347386,0.3240022815577908,225.31635949095374,28.557992854033625,176.64313336613756,15.477458701611324
3,6416.968118859609,0.0,-10.308220093431386,18.781559858308256,5.811247241282226,13.607225359776383,15.951804959756805,0.2950824478531693,0.269046042858809,0.5514503674564647,0.4843873894947279,222.9294367278535,168.78624225037112,94.6328957950824,215.7239969951622
3,341.93718562168607,341.9371856216859,-10.821691565746455,44.18498949760005,36.172082762212355,32.54176617720156,41.5754641731454,0.1477078133782181,0.41386429683886333,0.30274018574206835,0.41738155708492103,205.15164383112125,121.28670388984239,138.80871170390523,142.79099887886647
3,3030.771648001265,215.11554546246703,-7.9796870071781925,11.619211552077948,10.666220422966182,41.488620034600004,26.913786526284888,0.23597519864056965,0.3535141296670909,0.5298434678211957,0.20149988435338584,199.02828409683795,195.16557857265295,52.61651954291066,125.23135784751582
4,5631.302435360783,64.5477007423371,-7.64576923411887,25.21777203448886,41.35380212887961,7.971366257124316,21.656046409296046,0.5117720510705157,0.28615420184090057,0.6192839830779693,0.15247755427604312,187.61863155806918,39.45145534228531,20.921607694838002,56.393750244884714
4,79.99900000642742,79.99900000642742,-10.528252313190201,37.23871851149597,37.232154557205234,25.948755624996817,34.85325691148068,0.13895776392659542,0.15448355000314684,0.17634602327276694,0.5700002284646816,18.501983343979234,27.280124647317827,149.07924730888973,18.130821708611105
4,6416.9681188596005,0.0,-8.509419366118486,41.943366366389334,39.038989010632804,39.85979764874982,13.098679455658267,0.12203599848185204,0.14598954806068726,0.646374676573357,0.5706678035743344,120.1380128497677,168.73978303735262,174.48000412637805,241.01426460581368
4,79.99900000642742,79.99900000642742,-10.38094729589439,37.23871851149597,37.232154557205234,25.948755624996817,38.361493023139786,0.1397103462365115,0.15448355000314684,0.17634602327276694,0.5700002284646816,18.501983343979234,27.280124647317827,176.02870004941414,18.130821708611105
4,6416.9681188596005,0.0,-8.600054149868676,41.943366366389334,27.458329465053684,39.83029625671586,13.764044739042438,0.16726754309251454,0.14598954806068726,0.646374676573357,0.5706678035743344,109.23060331365627,211.9947328280805,7.5708665669537965,75.23542793490175
4,95.630336943212,92.54190834240221,-9.997049955018596,37.2994867058729,36.1151834174444,26.219513828287973,41.5754641731454,0.1387665154130249,0.40578008542059507,0.17597570074465704,0.41738155708492103,13.625862587058279,121.28670388984239,138.67830576746348,17.631110498103425
4,6416.968118859601,0.0,-8.600054149868676,41.943366366389334,27.458329465053684,39.83029625671586,13.764044739042438,0.16726754309251454,0.14598954806068726,0.646374676573357,0.5706678035743344,109.23060331365627,168.73978303735262,177.14863648211866,241.01426460581368
4,6416.968118859601,0.0,-7.72050456647348,7.432551229566751,21.062605762385626,36.54987432767763,3.7404093373076925,0.2501221989806718,0.3839530448232149,0.16972094476880017,0.08927644285682292,164.3674724789374,70.61285029438343,189.81240195752895,194.73022822737155
4,6416.968118859601,0.0,-8.08687746403195,9.031502197235909,39.03210830632424,19.174765273286287,3.936035479062813,0.3763687596950786,0.10878736608760023,0.3578135542476203,0.21316235525740462,46.925014659720404,134.6440723173266,130.1582316357874,43.73788558773833
4,6416.968118859601,0.0,-9.447378224466267,31.441785851966806,28.42587843898537,25.948755624996817,6.3786553459049005,0.13895776392659542,0.15270921414202623,0.436249980092656,0.557233732773449,18.501983343979234,27.280124647317827,153.4276459830692,112.98458080453847
4,6416.968118859601,0.0,-8.600054149868676,41.943366366389334,27.458329465053684,39.83029625671586,13.764044739042438,0.16726754309251454,0.14598954806068726,0.646374676573357,0.6351281612279103,109.23060331365627,168.73978303735262,177.14863648211866,241.01426460581368
4,6416.968118859601,0.0,-6.706332008784575,40.753448786941725,32.17624497354976,42.60788328678998,2.0230953541384786,0.3183660895728967,0.20038752935995255,0.31167594258286474,0.45951249420811346,233.96516110144626,244.15499370397075,75.40535663832861,50.82954694416975
4,2226.692971479878,112.17737832213118,-10.013313536242695,8.813120847141768,20.619018208155065,35.850281096961034,39.77580624270183,0.5887803280177613,0.3872544815726363,0.15161071553466277,0.5336906247627057,189.15791688460402,42.76752208965348,32.99281363948489,237.76283339066862
4,4865.466058115406,103.64480561614747,-6.888573523407324,2.5602632279103203,41.7478662151208,19.41159126671739,36.824181979806056,0.31069458025241936,0.6244193423955571,0.5830018869963078,0.10280520060366916,147.32321091023488,156.39333719526905,96.20225043940519,144.1977891740356
4,122.68571378429658,122.68571378429654,-10.0923748557803,37.69049372860796,27.433083191340398,42.05820929702474,35.83592058690091,0.16618437923312962,0.37249756183052896,0.16609361153051652,0.29420401404688784,35.115077007529806,77.09904700686384,44.36389878863805,91.04686381603459
4,6416.968118859602,0.0,-9.80242947848502,44.64159137265339,39.9579995186042,23.109958853656078,6.765806380316661,0.19657013337465856,0.5909064048028575,0.2720430628468292,0.22830619172674754,187.83125552459737,211.30499772607806,30.673547188854528,131.65869756305224
4,6416.968118859602,0.0,-8.739102084814856,16.992145800519708,39.753646162759786,27.10066246710536,2.100445117352651,0.37280459285800555,0.15211702319934578,0.3802013643026041,0.1995492061207393,73.28319641136746,211.9629646689238,181.37412075530983,77.97361219640631
4,6416.968118859602,0.0,-6.706804741543721,40.753448786941725,32.17624497354976,42.60788328678998,2.0267196386252477,0.3183660895728967,0.20060891426194066,0.31167594258286474,0.45951249420811346,232.8428681603379,226.11500131911322,69.23552125920753,51.28208828453397
4,6416.968118859602,0.0,-9.86597831434053,31.161519909580697,41.15927798214186,25.689798350847603,9.328965427458371,0.24586482723313524,0.27429810324857834,0.43343157988876946,0.35931683883837606,72.77431579716588,39.06372824046174,217.66416219669458,114.4022225317686
4,2989.857250270015,117.21359303900417,-6.774200107171424,43.738341155894176,3.673875310875095,43.027311986546664,24.738018519947232,0.19657013337465856,0.3476997123090473,0.2541708740921619,0.1863158807450179,189.92367073439988,229.34009578844496,31.30412998756904,125.2282041377175
4,133.27656353971562,133.27656353971562,-11.097766808376115,37.69049372860796,39.01374511565436,42.08771068910585,35.17058955332274,0.095742971546917,0.37249756183052896,0.16609361153051652,0.29420401404688784,46.022313389993805,77.09904700686384,41.6943400103201,91.04686381603459
4,6416.968118859603,0.0,-9.86597831434053,31.161519909580697,28.67448423859416,25.689798350847603,9.328965427458371,0.24586482723313524,0.2784149872542805,0.43685010382683426,0.3648301979567705,75.61596576978619,39.14247346540911,230.35468802760283,115.00851681244131
4,6416.968118859603,0.0,-10.803619383878088,18.166740542044682,15.388344301134248,17.134442398421346,7.962191008153368,0.16851536446436782,0.255481787992162,0.2075767704793051,0.5184486518747675,136.64755992888823,69.04890956763037,0.3066672847667262,116.0186192298817
4,6416.968118859603,0.0,-8.089263267063576,31.441785851966806,28.42587843898537,32.198406189090484,2.216091236577963,0.08176634746376862,0.15270921414202623,0.17765748851642504,0.09050454549687473,16.89277714872405,71.50338726665152,154.6205451283734,196.16618086429798
4,6416.968118859603,0.0,-9.409928326635406,38.149492796284775,39.03210830632424,19.17489214386237,3.2901397045528284,0.10305914860069645,0.13576154877738467,0.35821372280777075,0.2794108358583658,46.02222650969215,72.3101332046761,69.2188298294911,43.73788558773833
4,6416.968118859603,0.0,-7.1547847602624515,36.33973495105914,32.945422903016926,39.603200386884424,2.4565502155632934,0.2971232880593294,0.34059674028540415,0.2464548836859088,0.3029905306091508,67.03214605952792,134.44893931485473,64.341697339971,212.5451099084557
4,6416.968118859603,0.0,-9.462212963122454,18.12246535520697,26.238112341521152,26.925588020394066,7.4692207376662525,0.12979007930631503,0.3435801282966629,0.1265312860185489,0.6090132757619521,65.68413883475463,42.67300897820461,182.81776187942847,117.10789577738598
4,6416.968118859603,0.0,-9.80242947848502,31.400435438557135,39.9579995186042,23.109958853656078,6.779271501236749,0.19657013337465856,0.1420724366340191,0.2720430628468292,0.5607989979621271,198.26193309005336,211.30499772607806,154.71864625160592,131.65869756305224
4,6416.968118859603,0.0,-9.360274411686955,36.958452568976945,37.47324126211082,25.452213204465266,5.214317027398643,0.24586482723313524,0.2801893370779981,0.1369851608871932,0.3614986191071047,75.7337609672149,39.14247346540911,226.7580929097187,20.16372818969895
4,3259.6888386418145,121.71448076089887,-6.847365276786157,44.64159137265339,5.138058494680635,43.04871267687043,24.75919893721018,0.19657013337465856,0.5496379302604123,0.2720430628468292,0.227038055234421,190.06219470649714,229.34009578844496,31.30412998756904,160.81290275886894
4,156.3462093142191,156.34620931421912,-10.46204843866662,36.958452568976945,37.48076032107012,25.689798350847603,34.72000244944208,0.24586482723313524,0.2801893370779981,0.17694672183165994,0.3604128772795736,75.61596576978619,39.14247346540911,226.0042260551528,20.16372818969895
4,175.93242401626003,147.20278231265823,-11.10893732013453,44.12053444760842,37.28905390197319,32.27100797390913,34.85325691148068,0.1478990618917886,0.1625704304797952,0.3031105091429762,0.5700002284646816,209.80398309026333,27.280124647317827,149.20965324533148,143.33333542471715
4,176.65110933004476,144.73911376571075,-10.236121412019358,29.68143179237313,31.699138914058132,39.603200386884424,26.080131212366183,0.16719288259147852,0.32982715012789393,0.2762039323560137,0.3029905306091508,137.00865498204075,69.6013822323586,63.798250763249854,209.76760900338414
4,6416.968118859604,0.0,-8.08687746403195,9.031502197235909,39.03210830632424,19.17489214386237,3.2901397045528284,0.3736335450178349,0.13576154877738467,0.36994440556976504,0.21351819456621735,46.925014659720404,134.6440723173266,71.59338531154152,43.73788558773833
4,6416.968118859604,0.0,-7.004355251588866,9.969944279630475,32.17624497354976,40.56895589339625,2.2690128222442945,0.32934279891741347,0.20357501031302333,0.31167594258286474,0.45951249420811346,233.53922925277482,231.99177984898253,69.4595988442448,200.10464654089472
4,6416.968118859604,0.0,-7.890549519252929,43.480569918799745,11.97478289973887,18.464975100406555,22.340529647757002,0.134990658064866,0.10771579366199514,0.13920430811629936,0.6370364144818299,181.79151303289132,73.75133899470201,96.48415663573331,31.443418767066607
4,6416.968118859604,0.0,-9.664005803024848,18.12246535520697,26.238112341521152,26.925588020394066,9.016299176917943,0.12979007930631503,0.3435801282966629,0.1265312860185489,0.6090132757619521,65.68413883475463,42.67300897820461,179.74940956652023,110.11240136105633
4,6416.968118859604,0.0,-10.803619383878088,18.636180814376637,15.388344301134248,17.134442398421346,7.962191008153368,0.30726735681374145,0.26324860797907823,0.2075767704793051,0.5184486518747675,66.54135780536824,130.7420932491766,0.3066672847667262,116.0186192298817
4,6416.968118859604,0.0,-8.466690650659501,41.21738443637912,33.98143368627316,40.673736490816076,13.58503147920565,0.30110792192691394,0.545842742340556,0.38658638647973514,0.5075460308536144,212.7485279929526,39.104289006589354,9.138315070719466,63.54368936005769
4,6416.968118859604,0.0,-7.363988838543349,40.61450565756423,33.194609686464766,37.56947187645951,2.0267196386252477,0.31894804503296026,0.17900713089847994,0.31141674697240795,0.4595701786220756,233.05851938089236,226.11500131911322,69.23552125920753,129.51158302188995
4,6416.968118859604,0.0,-7.72050456647348,32.85223384106131,28.74525880619105,36.54987432767763,3.7404093373076925,0.2502064422199245,0.3825151077646226,0.16972094476880017,0.08927644285682292,164.3674724789374,70.61285029438343,189.81240195752895,194.73022822737155
4,6172.929455704729,123.50756737841243,-8.722315733432335,7.525933640103675,32.015674587197225,6.886761876845187,8.704087093806852,0.1451683417481741,0.12241269846575814,0.557187043662639,0.08276510962903948,87.17891937476827,170.3123211103761,166.98553307536773,233.72736074660958
4,158.1034704573372,158.1034704573371,-7.64576923411887,42.35850590238552,41.35380212887961,7.971366257124316,21.656046409296046,0.5170604534392285,0.29161196482324664,0.12900497050135687,0.14811486628142576,182.29085132808532,39.45145534228531,20.921607694838002,56.393750244884714
4,5899.267163061206,146.3350199315622,-9.938225326168833,17.006079908017202,14.201286762907396,12.45033002666101,28.257269192699923,0.3262460649340692,0.2987943786040622,0.602525402776492,0.45296091585590564,44.82867887983494,197.41927030141704,210.0850732210438,74.4308547828795
4,6416.968118859605,0.0,-8.511734389133878,10.419648054417681,33.145240236323794,40.601741438369274,13.858371755062404,0.5888634335410898,0.5224510713977453,0.3861298021684786,0.31814401784185686,213.44488900842154,44.80719547230596,9.375990930273566,246.74204285980568
4,6416.968118859605,0.0,-9.79053963980384,44.76041656658887,40.04827152117099,23.109075426333796,6.765806380316661,0.19598817800894416,0.6116133969010771,0.22743497914955593,0.22824851343156788,187.61549525286827,211.30499772607806,30.673547188854528,44.09721992854489
4,6416.968118859605,0.0,-10.51721965353233,36.958452568976945,37.48076032107012,26.112777664818033,15.363667656622114,0.2977516445156022,0.2801893370779981,0.17694672183165994,0.3604128772795736,75.61596576978619,39.14247346540911,94.74161383806663,20.16372818969895
4,6416.968118859606,0.0,-10.89151729670887,37.23871851149597,28.74035111959734,25.943947697259166,21.63952439986762,0.5233651346347842,0.1586004399248661,0.15278370521077375,0.5755123813336561,22.185853154742084,27.7374129359374,147.83372809867797,52.44646369768752
5,5631.302435360783,64.5477007423371,-7.64576923411887,25.21777203448886,41.35380212887961,7.971366257124316,21.656046409296046,0.5117720510705157,0.28615420184090057,0.6192839830779693,0.15247755427604312,187.61863155806918,39.45145534228531,20.921607694838002,56.393750244884714
5,79.99900000642742,79.99900000642742,-10.528252313190201,37.23871851149597,37.232154557205234,25.948755624996817,34.85325691148068,0.13895776392659542,0.15448355000314684,0.17634602327276694,0.5700002284646816,18.501983343979234,27.280124647317827,149.07924730888973,18.130821708611105
5,6416.9681188596005,0.0,-8.509419366118486,41.943366366389334,39.038989010632804,39.85979764874982,13.098679455658267,0.12203599848185204,0.14598954806068726,0.646374676573357,0.5706678035743344,120.1380128497677,168.73978303735262,174.48000412637805,241.01426460581368
5,79.99900000642742,79.99900000642742,-10.38094729589439,37.23871851149597,37.232154557205234,25.948755624996817,38.361493023139786,0.1397103462365115,0.15448355000314684,0.17634602327276694,0.5700002284646816,18.501983343979234,27.280124647317827,176.02870004941414,18.130821708611105
5,6416.9681188596005,0.0,-8.600054149868676,41.943366366389334,27.458329465053684,39.83029625671586,13.764044739042438,0.16726754309251454,0.14598954806068726,0.646374676573357,0.5706678035743344,109.23060331365627,211.9947328280805,7.5708665669537965,75.23542793490175
5,4845.775890532595,73.16183738988028,-6.959742699335116,3.1058935766900504,41.7478662151208,19.41159126671739,36.87015174639619,0.31069458025241936,0.6244193423955571,0.5830018869963078,0.11736640111572616,20.376605345124418,156.39333719526905,96.20225043940519,5.349944159263686
5,6416.9681188596005,0.0,-8.827300762980165,31.441785851966806,28.42587843898537,26.785048042907952,2.461020559089275,0.2969268889250662,0.15270921414202623,0.436249980092656,0.557233732773449,17.617999405927993,27.280124647317827,154.34041437950486,112.98458080453847
5,79.99900000642742,79.99900000642742,-10.797600952136577,37.69049372860796,28.472101028321752,32.36859938215425,34.808777570379675,0.16618437923312962,0.3571220312771885,0.16614222519183205,0.2848632273325272,16.760434619896373,70.90621582259621,44.36389878863805,195.62025484009308
5,6416.968118859601,0.0,-8.600054149868676,41.943366366389334,27.458329465053684,39.83029625671586,13.764044739042438,0.16726754309251454,0.14598954806068726,0.646374676573357,0.5706678035743344,109.23060331365627,168.73978303735262,177.14863648211866,241.01426460581368
5,6416.968118859601,0.0,-7.72050456647348,7.432551229566751,21.062605762385626,36.54987432767763,3.7404093373076925,0.2501221989806718,0.3839530448232149,0.16972094476880017,0.08927644285682292,164.3674724789374,70.61285029438343,189.81240195752895,194.73022822737155
5,6416.968118859601,0.0,-8.08687746403195,9.031502197235909,39.03210830632424,19.174765273286287,3.936035479062813,0.3763687596950786,0.10878736608760023,0.3578135542476203,0.21316235525740462,46.925014659720404,134.6440723173266,130.1582316357874,43.73788558773833
5,6416.968118859601,0.0,-9.447378224466267,31.441785851966806,28.42587843898537,25.948755624996817,6.3786553459049005,0.13895776392659542,0.15270921414202623,0.436249980092656,0.557233732773449,18.501983343979234,27.280124647317827,153.4276459830692,112.98458080453847
5,6416.968118859601,0.0,-8.600054149868676,41.943366366389334,27.458329465053684,39.83029625671586,13.764044739042438,0.16726754309251454,0.14598954806068726,0.646374676573357,0.6351281612279103,109.23060331365627,168.73978303735262,177.14863648211866,241.01426460581368
5,6416.968118859601,0.0,-6.706332008784575,40.753448786941725,32.17624497354976,42.60788328678998,2.0230953541384786,0.3183660895728967,0.20038752935995255,0.31167594258286474,0.45951249420811346,233.96516110144626,244.15499370397075,75.40535663832861,50.82954694416975
5,6416.968118859601,0.0,-9.419982769295414,42.17821913890795,37.47324126211082,24.994449129467093,5.214317027398643,0.26257531274088025,0.3148885695502773,0.13682289818075466,0.3612794006368683,75.7337609672149,39.46492342658347,226.7580929097187,20.118882292759555
5,6416.968118859601,0.0,-7.1547847602624515,7.797918034752232,32.945422903016926,39.603200386884424,2.4565502155632934,0.2971232880593294,0.11724679179749149,0.2464548836859088,0.3029905306091508,87.54773335633263,135.37189754914516,166.31896699175996,235.90852208734802
5,82.88152339260569,82.88152339260569,-11.11063752626054,37.694345386454046,36.17088018635473,42.98932581835723,41.5754641731454,0.1387665154130249,0.4054982823996508,0.16627027628214,0.4132807583767484,13.625862587058279,119.4779162489597,34.193360304930565,19.512760607435865
5,6416.968118859602,0.0,-9.80242947848502,44.64159137265339,39.9579995186042,23.109958853656078,6.765806380316661,0.19657013337465856,0.5909064048028575,0.2720430628468292,0.22830619172674754,187.83125552459737,211.30499772607806,30.673547188854528,131.65869756305224
5,6416.968118859602,0.0,-8.739102084814856,16.992145800519708,39.753646162759786,27.10066246710536,2.100445117352651,0.37280459285800555,0.15211702319934578,0.3802013643026041,0.1995492061207393,73.28319641136746,211.9629646689238,181.37412075530983,77.97361219640631
5,6416.968118859602,0.0,-6.706804741543721,40.753448786941725,32.17624497354976,42.60788328678998,2.0267196386252477,0.3183660895728967,0.20060891426194066,0.31167594258286474,0.45951249420811346,232.8428681603379,226.11500131911322,69.23552125920753,51.28208828453397
5,6416.968118859602,0.0,-9.86597831434053,31.161519909580697,41.15927798214186,25.689798350847603,9.328965427458371,0.24586482723313524,0.27429810324857834,0.43343157988876946,0.35931683883837606,72.77431579716588,39.06372824046174,217.66416219669458,114.4022225317686
5,6416.968118859602,0.0,-8.611902050909258,42.52793359269316,33.66023333175252,39.833789364758026,13.858371755062404,0.5888634335410898,0.5244259841110813,0.6418323977534746,0.5696791371548635,213.44488900842154,38.154334502209934,9.375990930273566,246.74204285980568
5,6416.968118859602,0.0,-8.781584508770038,41.87054807042836,30.66585300595389,39.83029625671586,15.155777490619565,0.16726754309251454,0.2306602837599145,0.646374676573357,0.46019721199314756,109.23060331365627,166.34948964766667,173.00530164852415,49.79775490751495
5,6416.968118859602,0.0,-9.86597831434053,31.161519909580697,41.15927798214186,25.689798350847603,9.328965427458371,0.24586482723313524,0.27429810324857834,0.43343157988876946,0.35931683883837606,72.77431579716588,39.143666281636854,217.69533625516206,22.41623005182678
5,6416.968118859602,0.0,-8.600054149868676,43.72913447414537,27.458329465053684,39.83029625671586,13.764044739042438,0.16726754309251454,0.14598954806068726,0.646374676573357,0.6377325697173729,109.23060331365627,168.73978303735262,177.14863648211866,241.01426460581368
5,6416.968118859602,0.0,-8.305455682924457,41.21738443637912,33.98143368627316,40.673736490816076,12.348896726570295,0.30110792192691394,0.545842742340556,0.38503125290331996,0.5075460308536144,212.7485279929526,39.104289006589354,43.11653353357539,66.33619956908058
5,6416.968118859602,0.0,-8.4998864880933,9.75346188070229,20.49780675657766,40.59824833032712,13.764044739042438,0.16726754309251454,0.14407853425596098,0.387583198062914,0.3191310813980155,109.23060331365627,218.62392953651505,7.5708665669537965,75.23542793490175
5,6416.968118859602,0.0,-7.338106984628279,40.826267082902696,27.159848132653536,37.74802768978262,2.0068479052661754,0.3183660895728967,0.19936977796330796,0.31167594258286474,0.5699830846087857,233.96516110144626,246.05679319154794,79.54869120014061,241.09181095268417
5,6416.968118859602,0.0,-9.80242947848502,31.400435438557135,39.9579995186042,23.109958853656078,7.980853447482695,0.16975116884667582,0.1420724366340191,0.2720430628468292,0.5200374930003169,198.39955817445815,211.30499772607806,154.71864625160592,115.28937025986937
5,95.630336943212,92.54190834240221,-9.997049955018596,37.2994867058729,36.1151834174444,26.219513828287973,41.5754641731454,0.1387665154130249,0.40578008542059507,0.17597570074465704,0.41738155708492103,13.625862587058279,121.28670388984239,138.67830576746348,17.631110498103425
5,6416.968118859603,0.0,-9.86597831434053,31.161519909580697,28.67448423859416,25.689798350847603,9.328965427458371,0.24586482723313524,0.2784149872542805,0.43685010382683426,0.3648301979567705,75.61596576978619,39.14247346540911,230.35468802760283,115.00851681244131
5,6416.968118859603,0.0,-10.803619383878088,18.166740542044682,15.388344301134248,17.134442398421346,7.962191008153368,0.16851536446436782,0.255481787992162,0.2075767704793051,0.5184486518747675,136.64755992888823,69.04890956763037,0.3066672847667262,116.0186192298817
5,6416.968118859603,0.0,-8.089263267063576,31.441785851966806,28.42587843898537,32.198406189090484,2.216091236577963,0.08176634746376862,0.15270921414202623,0.17765748851642504,0.09050454549687473,16.89277714872405,71.50338726665152,154.6205451283734,196.16618086429798
5,6416.968118859603,0.0,-9.409928326635406,38.149492796284775,39.03210830632424,19.17489214386237,3.2901397045528284,0.10305914860069645,0.13576154877738467,0.35821372280777075,0.2794108358583658,46.02222650969215,72.3101332046761,69.2188298294911,43.73788558773833
5,6416.968118859603,0.0,-7.1547847602624515,36.33973495105914,32.945422903016926,39.603200386884424,2.4565502155632934,0.2971232880593294,0.34059674028540415,0.2464548836859088,0.3029905306091508,67.03214605952792,134.44893931485473,64.341697339971,212.5451099084557
5,6416.968118859603,0.0,-9.462212963122454,18.12246535520697,26.238112341521152,26.925588020394066,7.4692207376662525,0.12979007930631503,0.3435801282966629,0.1265312860185489,0.6090132757619521,65.68413883475463,42.67300897820461,182.81776187942847,117.10789577738598
5,6416.968118859603,0.0,-9.80242947848502,31.400435438557135,39.9579995186042,23.109958853656078,6.779271501236749,0.19657013337465856,0.1420724366340191,0.2720430628468292,0.5607989979621271,198.26193309005336,211.30499772607806,154.71864625160592,131.65869756305224
5,6416.968118859603,0.0,-9.360274411686955,36.958452568976945,37.47324126211082,25.452213204465266,5.214317027398643,0.24586482723313524,0.2801893370779981,0.1369851608871932,0.3614986191071047,75.7337609672149,39.14247346540911,226.7580929097187,20.16372818969895
5,6416.968118859603,0.0,-7.731209231699559,8.813120847141768,38.84364370288715,35.850281096961034,3.1228852066577275,0.5887803280177613,0.3872544815726363,0.15161071553466277,0.28341649526041657,194.0997643388724,42.76752208965348,32.99281363948489,237.76283339066862
5,6416.968118859603,0.0,-9.535312745399088,41.943366366389334,39.038989010632804,27.230156296956256,8.334220678349292,0.12203599848185204,0.27661300348646567,0.646374676573357,0.5706678035743344,76.214640552972,180.07698482591363,97.2053206175678,24.412927753667105
5,6416.968118859603,0.0,-9.6266401251338,31.161519909580697,41.34312693029911,25.68596332700058,7.490204286359751,0.24586482723313524,0.27429810324857834,0.4675116717690813,0.35931683883837606,72.77431579716588,42.77599717795257,217.66416219669458,117.0768700563155
5,6416.968118859603,0.0,-8.93039559225258,36.958452568976945,37.48076032107012,38.7423953020307,15.20876150930056,0.3315502447516797,0.14956591624921073,0.17694672183165994,0.3604128772795736,119.53933806661655,39.14247346540911,172.01629730274334,235.9745920986154
5,6416.968118859603,0.0,-9.70155115232918,18.310812132620605,26.053655723191557,26.92942304424109,9.307981878764872,0.15500991525968905,0.3435801282966629,0.09593825858392377,0.6090132757619521,65.68413883475463,38.96074004071378,182.81776187942847,114.43324825283906
5,6416.968118859603,0.0,-7.707758784707867,9.855864451733341,28.74525880619105,36.42595333559824,3.518770685025286,0.25448713284932,0.12850990017308225,0.5590913085089269,0.08927644285682292,168.5093895261704,167.67195611217056,166.69155117620744,194.6992993436892
5,4865.466058115406,103.64480561614747,-6.888573523407324,2.5602632279103203,41.7478662151208,19.41159126671739,36.824181979806056,0.31069458025241936,0.6244193423955571,0.5830018869963078,0.10280520060366916,147.32321091023488,156.39333719526905,96.20225043940519,144.1977891740356
5,107.4769606599932,107.47696065999314,-11.07065857166127,37.69049372860796,39.01374511565436,43.53158546596343,36.40663451536654,0.095742971546917,0.37249756183052896,0.18460300466541743,0.29420401404688784,46.022313389993805,77.09904700686384,7.719060303108886,75.45710508524667
5,122.68571378429658,122.68571378429654,-10.0923748557803,37.69049372860796,27.433083191340398,42.05820929702474,35.83592058690091,0.16618437923312962,0.37249756183052896,0.16609361153051652,0.29420401404688784,35.115077007529806,77.09904700686384,44.36389878863805,91.04686381603459
5,6416.968118859604,0.0,-8.08687746403195,9.031502197235909,39.03210830632424,19.17489214386237,3.2901397045528284,0.3736335450178349,0.13576154877738467,0.36994440556976504,0.21351819456621735,46.925014659720404,134.6440723173266,71.59338531154152,43.73788558773833
6,5631.302435360783,64.5477007423371,-7.64576923411887,25.21777203448886,41.35380212887961,7.971366257124316,21.656046409296046,0.5117720510705157,0.28615420184090057,0.6192839830779693,0.15247755427604312,187.61863155806918,39.45145534228531,20.921607694838002,56.393750244884714
6,79.99900000642742,79.99900000642742,-10.528252313190201,37.23871851149597,37.232154557205234,25.948755624996817,34.85325691148068,0.13895776392659542,0.15448355000314684,0.17634602327276694,0.5700002284646816,18.501983343979234,27.280124647317827,149.07924730888973,18.130821708611105
6,6416.9681188596005,0.0,-8.509419366118486,41.943366366389334,39.038989010632804,39.85979764874982,13.098679455658267,0.12203599848185204,0.14598954806068726,0.646374676573357,0.5706678035743344,120.1380128497677,168.73978303735262,174.48000412637805,241.01426460581368
6,79.99900000642742,79.99900000642742,-10.38094729589439,37.23871851149597,37.232154557205234,25.948755624996817,38.361493023139786,0.1397103462365115,0.15448355000314684,0.17634602327276694,0.5700002284646816,18.501983343979234,27.280124647317827,176.02870004941414,18.130821708611105
6,6416.9681188596005,0.0,-8.600054149868676,41.943366366389334,27.458329465053684,39.83029625671586,13.764044739042438,0.16726754309251454,0.14598954806068726,0.646374676573357,0.5706678035743344,109.23060331365627,211.9947328280805,7.5708665669537965,75.23542793490175
6,4845.775890532595,73.16183738988028,-6.959742699335116,3.1058935766900504,41.7478662151208,19.41159126671739,36.87015174639619,0.31069458025241936,0.6244193423955571,0.5830018869963078,0.11736640111572616,20.376605345124418,156.39333719526905,96.20225043940519,5.349944159263686
6,6416.9681188596005,0.0,-8.827300762980165,31.441785851966806,28.42587843898537,26.785048042907952,2.461020559089275,0.2969268889250662,0.15270921414202623,0.436249980092656,0.557233732773449,17.617999405927993,27.280124647317827,154.34041437950486,112.98458080453847
6,79.99900000642742,79.99900000642742,-10.797600952136577,37.69049372860796,28.472101028321752,32.36859938215425,34.808777570379675,0.16618437923312962,0.3571220312771885,0.16614222519183205,0.2848632273325272,16.760434619896373,70.90621582259621,44.36389878863805,195.62025484009308
6,79.99900000642742,79.99900000642742,-10.58410650974323,37.69049372860796,28.472101028321752,25.128914640571345,35.98409806587322,0.2568182498972426,0.3571220312771885,0.16614222519183205,0.2862041579999464,16.760434619896373,40.58929747040168,44.36389878863805,195.62025484009308
6,6416.9681188596005,0.0,-8.27704835216014,31.753293386952244,28.130794196091326,40.673736490816076,12.131107190710544,0.3011307290317683,0.5515091596868679,0.3845481250834036,0.5597260470851465,21.633350128611454,38.67440393739079,43.11653353357539,66.33619956908058
6,79.99900000642742,79.99900000642742,-9.870535113886831,37.696525767557056,36.21185485604339,25.948755624996817,42.27465308519772,0.13895782180788602,0.15448355000314684,0.17708558837914906,0.5700002284646816,18.501983343979234,27.239987465609488,36.350672604250384,18.130821708611105
6,6416.9681188596005,0.0,-8.50971469527105,41.8713121520744,30.745995603845756,39.85753345858017,13.098679455658267,0.12203599848185204,0.14598954806068726,0.646374676573357,0.5747011946446141,120.1380128497677,166.3394252839238,176.92873176291621,61.37420719630664
6,6416.9681188596005,0.0,-8.600054149868676,41.943366366389334,28.708768041872904,39.83029625671586,13.764044739042438,0.16726754309251454,0.1292191349567077,0.646374676573357,0.5706678035743344,109.45904605309538,168.73978303735262,167.19659166999887,237.96107478494056
6,5634.1349528387445,51.77752376941257,-7.526985811858044,25.21777203448886,41.35380212887961,7.060693353124659,22.023498741964183,0.5117720510705157,0.2813871375951927,0.6192839830779693,0.15247755427604312,187.61863155806918,39.45145534228531,20.921607694838002,47.92880935012079
6,79.99900000642742,79.99900000642742,-11.338382801349177,38.037032395330726,37.20086004573116,39.925655434470315,34.85325691148068,0.14566372463349916,0.11570228335971103,0.17634602327276694,0.5743098247225441,1.6151720822694386,27.280124647317827,149.07924730888973,14.466838508676554
6,6416.968118859601,0.0,-8.600054149868676,41.943366366389334,27.458329465053684,39.83029625671586,13.764044739042438,0.16726754309251454,0.14598954806068726,0.646374676573357,0.5706678035743344,109.23060331365627,168.73978303735262,177.14863648211866,241.01426460581368
6,6416.968118859601,0.0,-7.72050456647348,7.432551229566751,21.062605762385626,36.54987432767763,3.7404093373076925,0.2501221989806718,0.3839530448232149,0.16972094476880017,0.08927644285682292,164.3674724789374,70.61285029438343,189.81240195752895,194.73022822737155
6,6416.968118859601,0.0,-8.08687746403195,9.031502197235909,39.03210830632424,19.174765273286287,3.936035479062813,0.3763687596950786,0.10878736608760023,0.3578135542476203,0.21316235525740462,46.925014659720404,134.6440723173266,130.1582316357874,43.73788558773833
6,6416.968118859601,0.0,-9.447378224466267,31.441785851966806,28.42587843898537,25.948755624996817,6.3786553459049005,0.13895776392659542,0.15270921414202623,0.436249980092656,0.557233732773449,18.501983343979234,27.280124647317827,153.4276459830692,112.98458080453847
6,6416.968118859601,0.0,-8.600054149868676,41.943366366389334,27.458329465053684,39.83029625671586,13.764044739042438,0.16726754309251454,0.14598954806068726,0.646374676573357,0.6351281612279103,109.23060331365627,168.73978303735262,177.14863648211866,241.01426460581368
6,6416.968118859601,0.0,-6.706332008784575,40.753448786941725,32.17624497354976,42.60788328678998,2.0230953541384786,0.3183660895728967,0.20038752935995255,0.31167594258286474,0.45951249420811346,233.96516110144626,244.15499370397075,75.40535663832861,50.82954694416975
6,6416.968118859601,0.0,-9.419982769295414,42.17821913890795,37.47324126211082,24.994449129467093,5.214317027398643,0.26257531274088025,0.3148885695502773,0.13682289818075466,0.3612794006368683,75.7337609672149,39.46492342658347,226.7580929097187,20.118882292759555
6,6416.968118859601,0.0,-7.1547847602624515,7.797918034752232,32.945422903016926,39.603200386884424,2.4565502155632934,0.2971232880593294,0.11724679179749149,0.2464548836859088,0.3029905306091508,87.54773335633263,135.37189754914516,166.31896699175996,235.90852208734802
6,6416.968118859601,0.0,-8.482597279700823,41.943366366389334,27.458329465053684,40.73079892800274,13.764044739042438,0.16726754309251454,0.15075666234549556,0.646374676573357,0.5706678035743344,109.23060331365627,168.73978303735262,177.14863648211866,245.82340403578615
6,6416.968118859601,0.0,-8.033096608329274,8.716419544689291,39.129345547498154,19.11674026756625,3.936035479062813,0.3763687596950786,0.10878736608760023,0.1714209137506087,0.5752016489490712,17.89390119819687,133.18892165791183,178.6455495702167,17.428810396761236
6,82.69193993239301,79.99900000642742,-10.84756634398262,37.23653813039295,37.19117988751658,42.98932581835723,34.15400112222403,0.13876645753173428,0.4054982823996508,0.16553071117575785,0.4132807583767484,8.06641076539935,119.51892645330412,146.92291713111263,11.473232023135461
6,82.88152339260569,82.88152339260569,-11.11063752626054,37.694345386454046,36.17088018635473,42.98932581835723,41.5754641731454,0.1387665154130249,0.4054982823996508,0.16627027628214,0.4132807583767484,13.625862587058279,119.4779162489597,34.193360304930565,19.512760607435865
6,6416.968118859602,0.0,-9.80242947848502,44.64159137265339,39.9579995186042,23.109958853656078,6.765806380316661,0.19657013337465856,0.5909064048028575,0.2720430628468292,0.22830619172674754,187.83125552459737,211.30499772607806,30.673547188854528,131.65869756305224
6,6416.968118859602,0.0,-10.027452039700421,40.86559063304091,32.05807281797769,17.145963049768554,2.0230953541384786,0.18575058653359852,0.20038752935995255,0.20932995275652316,0.45951249420811346,233.96516110144626,244.15499370397075,75.40535663832861,50.82954694416975
6,4840.371978117067,82.47347684461376,-6.959742699335116,3.1058935766900504,41.7478662151208,19.44028067248091,36.87015174639619,0.31433644587200704,0.6244193423955571,0.5830018869963078,0.12123078400335828,20.376605345124418,156.39333719526905,96.20225043940519,5.349944159263686
6,6416.968118859602,0.0,-7.338106984628279,40.826267082902696,27.159848132653536,37.74802768978262,2.0068479052661754,0.3183660895728967,0.19936977796330796,0.31167594258286474,0.5699830846087857,233.96516110144626,246.05679319154794,79.54869120014061,241.09181095268417
6,6416.968118859602,0.0,-9.86597831434053,31.161519909580697,41.15927798214186,25.689798350847603,9.328965427458371,0.24586482723313524,0.27429810324857834,0.43343157988876946,0.35931683883837606,72.77431579716588,39.06372824046174,217.66416219669458,114.4022225317686
6,6416.968118859602,0.0,-8.305455682924457,41.21738443637912,33.98143368627316,40.673736490816076,12.348896726570295,0.30110792192691394,0.545842742340556,0.38503125290331996,0.5075460308536144,212.7485279929526,39.104289006589354,43.11653353357539,66.33619956908058
6,6416.968118859602,0.0,-6.976593323782701,9.596603686335943,21.085953769258076,42.253193854973574,3.7404093373076925,0.24749253266647667,0.3839530448232149,0.1686956816130034,0.08570465601803748,164.3674724789374,70.61285029438343,76.26632078820992,194.73022822737155
6,6416.968118859602,0.0,-7.292398411364395,4.961399025155471,41.05301120469506,25.689798350847603,3.1939716147278396,0.24823973896673823,0.27658596392285933,0.43343157988876946,0.35712452919411963,71.82450201559645,34.28578466984463,217.69533625516206,22.591901415030236
6,6416.968118859602,0.0,-6.706804741543721,40.753448786941725,32.17624497354976,42.60788328678998,2.0267196386252477,0.3183660895728967,0.20060891426194066,0.31167594258286474,0.45951249420811346,232.8428681603379,226.11500131911322,69.23552125920753,51.28208828453397
6,6416.968118859602,0.0,-7.125555395393853,3.514237565435412,33.07248635321184,39.827292184210336,2.4565502155632934,0.29909631342265286,0.11724679179749149,0.2464548836859088,0.3029905306091508,87.54773335633263,169.40501620790997,165.50482709327102,235.90852208734802
6,6416.968118859602,0.0,-8.503794470124305,9.75346188070229,20.49780675657766,40.56828713475604,13.764044739042438,0.16362570112376365,0.14407853425596098,0.387583198062914,0.3760206535103773,109.23060331365627,218.62392953651505,7.5708665669537965,75.23542793490175
6,6416.968118859602,0.0,-9.80242947848502,31.400435438557135,39.9579995186042,23.109958853656078,7.980853447482695,0.16975116884667582,0.1420724366340191,0.2720430628468292,0.5200374930003169,198.39955817445815,211.30499772607806,154.71864625160592,115.28937025986937
6,6416.968118859602,0.0,-8.781584508770038,41.87054807042836,30.66585300595389,39.83029625671586,15.155777490619565,0.16726754309251454,0.2306602837599145,0.646374676573357,0.46019721199314756,109.23060331365627,166.34948964766667,173.00530164852415,49.79775490751495
6,6416.968118859602,0.0,-9.102773473084529,40.90586202320378,34.27651792916086,26.785048042907952,4.572978003222716,0.2969040818202119,0.15867177286744186,0.4367331079125724,0.5050537165418065,203.17814473171927,27.710009716516574,154.34041437950486,112.98458080453847
6,6416.968118859602,0.0,-8.600054149868676,43.72913447414537,27.458329465053684,39.83029625671586,13.764044739042438,0.16726754309251454,0.14598954806068726,0.646374676573357,0.6377325697173729,109.23060331365627,168.73978303735262,177.14863648211866,241.01426460581368
6,6416.968118859602,0.0,-7.450244235122206,40.29965638438092,32.152896965843134,36.904556218201506,2.0230953541384786,0.32099575588709417,0.20038752935995255,0.3127012128935286,0.47165004683110257,233.96516110144626,244.15499370397075,188.95142254403984,50.82954694416975
6,6416.968118859602,0.0,-8.739102084814856,16.992145800519708,39.753646162759786,27.10066246710536,2.100445117352651,0.37280459285800555,0.15211702319934578,0.3802013643026041,0.1995492061207393,73.28319641136746,211.9629646689238,181.37412075530983,77.97361219640631
6,6416.968118859602,0.0,-8.617023397769412,31.25379727584176,26.90645826523333,39.83029625671586,13.89414230628141,0.16608144032444264,0.2770255830695175,0.646374676573357,0.5706678035743344,107.84743480300239,213.82894571175467,1.8696987658981215,75.23542793490175
6,6416.968118859602,0.0,-8.611902050909258,42.52793359269316,33.66023333175252,39.833789364758026,13.858371755062404,0.5888634335410898,0.5244259841110813,0.6418323977534746,0.5696791371548635,213.44488900842154,38.154334502209934,9.375990930273566,246.74204285980568
6,6416.968118859602,0.0,-9.849009066442532,41.850963684763585,40.524443751420634,25.689798350847603,9.198867860240377,0.24586482723313524,0.14326214176112032,0.43343157988876946,0.35931683883837606,74.15748430782331,37.30747654920937,232.3442010175303,22.41623005182678
6,6416.968118859602,0.0,-9.86597831434053,31.161519909580697,41.15927798214186,25.689798350847603,9.328965427458371,0.24586482723313524,0.27429810324857834,0.43343157988876946,0.35931683883837606,72.77431579716588,39.143666281636854,217.69533625516206,22.41623005182678
7,5631.302435360783,64.5477007423371,-7.64576923411887,25.21777203448886,41.35380212887961,7.971366257124316,21.656046409296046,0.5117720510705157,0.28615420184090057,0.6192839830779693,0.15247755427604312,187.61863155806918,39.45145534228531,20.921607694838002,56.393750244884714
7,79.99900000642742,79.99900000642742,-10.528252313190201,37.23871851149597,37.232154557205234,25.948755624996817,34.85325691148068,0.13895776392659542,0.15448355000314684,0.17634602327276694,0.5700002284646816,18.501983343979234,27.280124647317827,149.07924730888973,18.130821708611105
7,6416.9681188596005,0.0,-8.509419366118486,41.943366366389334,39.038989010632804,39.85979764874982,13.098679455658267,0.12203599848185204,0.14598954806068726,0.646374676573357,0.5706678035743344,120.1380128497677,168.73978303735262,174.48000412637805,241.01426460581368
7,79.99900000642742,79.99900000642742,-10.38094729589439,37.23871851149597,37.232154557205234,25.948755624996817,38.361493023139786,0.1397103462365115,0.15448355000314684,0.17634602327276694,0.5700002284646816,18.501983343979234,27.280124647317827,176.02870004941414,18.130821708611105
7,6416.9681188596005,0.0,-8.600054149868676,41.943366366389334,27.458329465053684,39.83029625671586,13.764044739042438,0.16726754309251454,0.14598954806068726,0.646374676573357,0.5706678035743344,109.23060331365627,211.9947328280805,7.5708665669537965,75.23542793490175
7,4845.775890532595,73.16183738988028,-6.959742699335116,3.1058935766900504,41.7478662151208,19.41159126671739,36.87015174639619,0.31069458025241936,0.6244193423955571,0.5830018869963078,0.11736640111572616,20.376605345124418,156.39333719526905,96.20225043940519,5.349944159263686
7,6416.9681188596005,0.0,-8.827300762980165,31.441785851966806,28.42587843898537,26.785048042907952,2.461020559089275,0.2969268889250662,0.15270921414202623,0.436249980092656,0.557233732773449,17.617999405927993,27.280124647317827,154.34041437950486,112.98458080453847
7,79.99900000642742,79.99900000642742,-10.797600952136577,37.69049372860796,28.472101028321752,32.36859938215425,34.808777570379675,0.16618437923312962,0.3571220312771885,0.16614222519183205,0.2848632273325272,16.760434619896373,70.90621582259621,44.36389878863805,195.62025484009308
7,79.99900000642742,79.99900000642742,-10.58410650974323,37.69049372860796,28.472101028321752,25.128914640571345,35.98409806587322,0.2568182498972426,0.3571220312771885,0.16614222519183205,0.2862041579999464,16.760434619896373,40.58929747040168,44.36389878863805,195.62025484009308
7,6416.9681188596005,0.0,-8.27704835216014,31.753293386952244,28.130794196091326,40.673736490816076,12.131107190710544,0.3011307290317683,0.5515091596868679,0.3845481250834036,0.5597260470851465,21.633350128611454,38.67440393739079,43.11653353357539,66.33619956908058
7,79.99900000642742,79.99900000642742,-9.870535113886831,37.696525767557056,36.21185485604339,25.948755624996817,42.27465308519772,0.13895782180788602,0.15448355000314684,0.17708558837914906,0.5700002284646816,18.501983343979234,27.239987465609488,36.350672604250384,18.130821708611105
7,6416.9681188596005,0.0,-8.50971469527105,41.8713121520744,30.745995603845756,39.85753345858017,13.098679455658267,0.12203599848185204,0.14598954806068726,0.646374676573357,0.5747011946446141,120.1380128497677,166.3394252839238,176.92873176291621,61.37420719630664
7,6416.9681188596005,0.0,-8.600054149868676,41.943366366389334,28.708768041872904,39.83029625671586,13.764044739042438,0.16726754309251454,0.1292191349567077,0.646374676573357,0.5706678035743344,109.45904605309538,168.73978303735262,167.19659166999887,237.96107478494056
7,5634.1349528387445,51.77752376941257,-7.526985811858044,25.21777203448886,41.35380212887961,7.060693353124659,22.023498741964183,0.5117720510705157,0.2813871375951927,0.6192839830779693,0.15247755427604312,187.61863155806918,39.45145534228531,20.921607694838002,47.92880935012079
7,79.99900000642742,79.99900000642742,-11.338382801349177,38.037032395330726,37.20086004573116,39.925655434470315,34.85325691148068,0.14566372463349916,0.11570228335971103,0.17634602327276694,0.5743098247225441,1.6151720822694386,27.280124647317827,149.07924730888973,14.466838508676554
7,6416.9681188596005,0.0,-9.235848412251666,43.33875736794761,39.94702631574702,18.75519747634317,6.803525198003313,0.37363750910725924,0.5883664226448336,0.2719721687252076,0.6000262745268043,17.89390119819687,133.18892165791183,31.280202017707126,24.602843832094635
7,79.99900000642742,79.99900000642742,-10.528252313190201,37.23871851149597,37.232154557205234,25.948755624996817,34.85325691148068,0.13895776392659542,0.15448355000314684,0.17634602327276694,0.5700002284646816,18.501983343979234,27.893243781538818,149.07924730888973,18.130821708611105
7,6416.9681188596005,0.0,-8.780806850199353,40.90280506833423,32.277782361864006,26.785048042907952,2.104567227769701,0.2969040818202119,0.15867177286744186,0.4367331079125724,0.5052846665188206,203.17814473171927,28.520278522933808,154.34041437950486,112.98458080453847
7,79.99900000642742,79.99900000642742,-11.338441477997414,37.84651539076151,37.28647943993477,39.92520558016717,34.85325691148068,0.1465920878831695,0.11570228335971103,0.17634602327276694,0.5742811833619157,10.800491015108307,27.280124647317827,121.51535072368456,12.394397209575146
7,79.99900000642742,79.99900000642742,-10.730112339214614,37.23871851149597,37.492535802170764,28.664386471421263,38.40019187077589,0.1397103462365115,0.15450782642382527,0.17634602327276694,0.5223078829071336,18.501983343979234,27.280124647317827,176.02870004941414,113.43660366633318
7,6416.9681188596005,0.0,-8.600054149868676,41.943366366389334,28.708768041872904,39.83029625671586,13.764044739042438,0.16726754309251454,0.1292191349567077,0.646374676573357,0.5706678035743344,109.45904605309538,168.73978303735262,170.23271152630673,237.96107478494056
7,82.69193993239301,79.99900000642742,-10.84756634398262,37.23653813039295,37.19117988751658,42.98932581835723,34.15400112222403,0.13876645753173428,0.4054982823996508,0.16553071117575785,0.4132807583767484,8.06641076539935,119.51892645330412,146.92291713111263,11.473232023135461
7,6416.968118859601,0.0,-8.600054149868676,41.943366366389334,27.458329465053684,39.83029625671586,13.764044739042438,0.16726754309251454,0.14598954806068726,0.646374676573357,0.5706678035743344,109.23060331365627,168.73978303735262,177.14863648211866,241.01426460581368
7,6416.968118859601,0.0,-7.72050456647348,7.432551229566751,21.062605762385626,36.54987432767763,3.7404093373076925,0.2501221989806718,0.3839530448232149,0.16972094476880017,0.08927644285682292,164.3674724789374,70.61285029438343,189.81240195752895,194.73022822737155
7,6416.968118859601,0.0,-8.08687746403195,9.031502197235909,39.03210830632424,19.174765273286287,3.936035479062813,0.3763687596950786,0.10878736608760023,0.3578135542476203,0.21316235525740462,46.925014659720404,134.6440723173266,130.1582316357874,43.73788558773833
7,6416.968118859601,0.0,-9.447378224466267,31.441785851966806,28.42587843898537,25.948755624996817,6.3786553459049005,0.13895776392659542,0.15270921414202623,0.436249980092656,0.557233732773449,18.501983343979234,27.280124647317827,153.4276459830692,112.98458080453847
7,6416.968118859601,0.0,-8.600054149868676,41.943366366389334,27.458329465053684,39.83029625671586,13.764044739042438,0.16726754309251454,0.14598954806068726,0.646374676573357,0.6351281612279103,109.23060331365627,168.73978303735262,177.14863648211866,241.01426460581368
7,6416.968118859601,0.0,-6.706332008784575,40.753448786941725,32.17624497354976,42.60788328678998,2.0230953541384786,0.3183660895728967,0.20038752935995255,0.31167594258286474,0.45951249420811346,233.96516110144626,244.15499370397075,75.40535663832861,50.82954694416975
7,6416.968118859601,0.0,-9.419982769295414,42.17821913890795,37.47324126211082,24.994449129467093,5.214317027398643,0.26257531274088025,0.3148885695502773,0.13682289818075466,0.3612794006368683,75.7337609672149,39.46492342658347,226.7580929097187,20.118882292759555
7,6416.968118859601,0.0,-7.1547847602624515,7.797918034752232,32.945422903016926,39.603200386884424,2.4565502155632934,0.2971232880593294,0.11724679179749149,0.2464548836859088,0.3029905306091508,87.54773335633263,135.37189754914516,166.31896699175996,235.90852208734802
7,6416.968118859601,0.0,-8.482597279700823,41.943366366389334,27.458329465053684,40.73079892800274,13.764044739042438,0.16726754309251454,0.15075666234549556,0.646374676573357,0.5706678035743344,109.23060331365627,168.73978303735262,177.14863648211866,245.82340403578615
7,6416.968118859601,0.0,-8.033096608329274,8.716419544689291,39.129345547498154,19.11674026756625,3.936035479062813,0.3763687596950786,0.10878736608760023,0.1714209137506087,0.5752016489490712,17.89390119819687,133.18892165791183,178.6455495702167,17.428810396761236
7,6416.968118859601,0.0,-8.031291493253114,41.943366366389334,40.39348936268974,39.83029625671586,9.40353103832312,0.16726754309251454,0.14598954806068726,0.646374676573357,0.6387536104815847,109.23060331365627,39.53881173559715,177.14863648211866,134.48116870694534
7,6416.968118859601,0.0,-8.509284071701359,41.943366366389334,39.038989010632804,39.86083490594781,13.098679455658267,0.12203599848185204,0.14598954806068726,0.646374676573357,0.5706678035743344,120.1380128497677,169.2899377572356,11.24733318262416,241.01426460581368
7,6416.968118859601,0.0,-6.704845843452993,39.63121663933266,32.89835581716065,43.05273208242357,2.4565502155632934,0.2786057990941279,0.1301539312770891,0.24448318941771097,0.41342708617968943,87.54773335633263,135.37189754914516,169.27015992119993,28.920405261526938
7,6416.968118859601,0.0,-8.509360689470252,42.13388322081125,39.038989010632804,39.86024750305296,13.098679455658267,0.12110763523224714,0.14598954806068726,0.646374676573357,0.5706964449349627,112.19888818956267,168.73978303735262,174.48000412637805,242.18265379154585
7,6416.968118859601,0.0,-8.54101624842852,41.943366366389334,27.458329465053684,40.28292016775705,13.764044739042438,0.16726754309251454,0.14598954806068726,0.646374676573357,0.6351281612279103,109.23060331365627,168.73978303735262,177.14863648211866,241.01426460581368
7,6416.968118859601,0.0,-8.600189444285803,41.943366366389334,29.649987254669345,39.829258999517876,13.764044739042438,0.16726754309251454,0.14598954806068726,0.646374676573357,0.5706678035743344,109.23060331365627,211.4445780491771,171.46982883852127,75.23542793490175
7,6416.968118859601,0.0,-8.600054149868676,41.943366366389334,27.33440711311548,39.83029625671586,13.764044739042438,0.16726754309251454,0.14598954806068726,0.646374676573357,0.5706678035743344,109.23060331365627,168.73978303735262,177.14863648211866,241.01426460581368
7,6416.968118859602,0.0,-9.80242947848502,44.64159137265339,39.9579995186042,23.109958853656078,6.765806380316661,0.19657013337465856,0.5909064048028575,0.2720430628468292,0.22830619172674754,187.83125552459737,211.30499772607806,30.673547188854528,131.65869756305224
7,82.88152339260569,82.88152339260569,-11.11063752626054,37.694345386454046,36.17088018635473,42.98932581835723,41.5754641731454,0.1387665154130249,0.4054982823996508,0.16627027628214,0.4132807583767484,13.625862587058279,119.4779162489597,34.193360304930565,19.512760607435865
7,6416.968118859602,0.0,-7.874366917159463,7.640999100956279,39.27085273606699,39.85979764874982,13.436506860067468,0.28818219462414896,0.1163473079463768,0.2242833806224139,0.573994649901663,120.1380128497677,168.73978303735262,166.4173973318873,235.77887070890964
7,5106.794600337475,81.4177695317144,-9.086572832816941,24.241439189523927,41.7478662151208,19.41159126671739,22.041688917305656,0.5034182624901705,0.6244193423955571,0.5839305397522925,0.11744443298404784,185.7019396557018,32.92320300551975,94.37509685249248,5.349944159263686
7,4840.371978117067,82.47347684461376,-6.959742699335116,3.1058935766900504,41.7478662151208,19.44028067248091,36.87015174639619,0.31433644587200704,0.6244193423955571,0.5830018869963078,0.12123078400335828,20.376605345124418,156.39333719526905,96.20225043940519,5.349944159263686
7,6416.968118859602,0.0,-9.443521636021924,31.441785851966806,28.165497143645,25.948755624996817,6.349088167831603,0.13895776392659542,0.15268493772134778,0.436249980092656,0.5574027833979508,18.501983343979234,27.280124647317827,153.4276459830692,17.689959168712022
7,6416.968118859602,0.0,-7.125555395393853,3.514237565435412,33.07248635321184,39.827292184210336,2.4565502155632934,0.29909631342265286,0.11724679179749149,0.2464548836859088,0.3029905306091508,87.54773335633263,169.40501620790997,165.50482709327102,235.90852208734802
7,6416.968118859602,0.0,-8.600054149868676,43.72913447414537,27.458329465053684,39.83029625671586,13.764044739042438,0.16726754309251454,0.14598954806068726,0.646374676573357,0.6377325697173729,109.23060331365627,168.73978303735262,177.14863648211866,241.01426460581368
7,6416.968118859602,0.0,-8.611902050909258,42.52793359269316,33.66023333175252,39.833789364758026,13.858371755062404,0.5888634335410898,0.5244259841110813,0.6418323977534746,0.5696791371548635,213.44488900842154,38.154334502209934,9.375990930273566,246.74204285980568
8,5631.302435360783,64.5477007423371,-7.64576923411887,25.21777203448886,41.35380212887961,7.971366257124316,21.656046409296046,0.5117720510705157,0.28615420184090057,0.6192839830779693,0.15247755427604312,187.61863155806918,39.45145534228531,20.921607694838002,56.393750244884714
8,79.99900000642742,79.99900000642742,-10.528252313190201,37.23871851149597,37.232154557205234,25.948755624996817,34.85325691148068,0.13895776392659542,0.15448355000314684,0.17634602327276694,0.5700002284646816,18.501983343979234,27.280124647317827,149.07924730888973,18.130821708611105
8,6416.9681188596005,0.0,-8.509419366118486,41.943366366389334,39.038989010632804,39.85979764874982,13.098679455658267,0.12203599848185204,0.14598954806068726,0.646374676573357,0.5706678035743344,120.1380128497677,168.73978303735262,174.48000412637805,241.01426460581368
8,79.99900000642742,79.99900000642742,-10.38094729589439,37.23871851149597,37.232154557205234,25.948755624996817,38.361493023139786,0.1397103462365115,0.15448355000314684,0.17634602327276694,0.5700002284646816,18.501983343979234,27.280124647317827,176.02870004941414,18.130821708611105
8,6416.9681188596005,0.0,-8.600054149868676,41.943366366389334,27.458329465053684,39.83029625671586,13.764044739042438,0.16726754309251454,0.14598954806068726,0.646374676573357,0.5706678035743344,109.23060331365627,211.9947328280805,7.5708665669537965,75.23542793490175
8,4845.775890532595,73.16183738988028,-6.959742699335116,3.1058935766900504,41.7478662151208,19.41159126671739,36.87015174639619,0.31069458025241936,0.6244193423955571,0.5830018869963078,0.11736640111572616,20.376605345124418,156.39333719526905,96.20225043940519,5.349944159263686
8,6416.9681188596005,0.0,-8.827300762980165,31.441785851966806,28.42587843898537,26.785048042907952,2.461020559089275,0.2969268889250662,0.15270921414202623,0.436249980092656,0.557233732773449,17.617999405927993,27.280124647317827,154.34041437950486,112.98458080453847
8,79.99900000642742,79.99900000642742,-10.797600952136577,37.69049372860796,28.472101028321752,32.36859938215425,34.808777570379675,0.16618437923312962,0.3571220312771885,0.16614222519183205,0.2848632273325272,16.760434619896373,70.90621582259621,44.36389878863805,195.62025484009308
8,79.99900000642742,79.99900000642742,-10.58410650974323,37.69049372860796,28.472101028321752,25.128914640571345,35.98409806587322,0.2568182498972426,0.3571220312771885,0.16614222519183205,0.2862041579999464,16.760434619896373,40.58929747040168,44.36389878863805,195.62025484009308
8,6416.9681188596005,0.0,-8.27704835216014,31.753293386952244,28.130794196091326,40.673736490816076,12.131107190710544,0.3011307290317683,0.5515091596868679,0.3845481250834036,0.5597260470851465,21.633350128611454,38.67440393739079,43.11653353357539,66.33619956908058
8,79.99900000642742,79.99900000642742,-9.870535113886831,37.696525767557056,36.21185485604339,25.948755624996817,42.27465308519772,0.13895782180788602,0.15448355000314684,0.17708558837914906,0.5700002284646816,18.501983343979234,27.239987465609488,36.350672604250384,18.130821708611105
8,6416.9681188596005,0.0,-8.50971469527105,41.8713121520744,30.745995603845756,39.85753345858017,13.098679455658267,0.12203599848185204,0.14598954806068726,0.646374676573357,0.5747011946446141,120.1380128497677,166.3394252839238,176.92873176291621,61.37420719630664
8,6416.9681188596005,0.0,-8.600054149868676,41.943366366389334,28.708768041872904,39.83029625671586,13.764044739042438,0.16726754309251454,0.1292191349567077,0.646374676573357,0.5706678035743344,109.45904605309538,168.73978303735262,167.19659166999887,237.96107478494056
8,5634.1349528387445,51.77752376941257,-7.526985811858044,25.21777203448886,41.35380212887961,7.060693353124659,22.023498741964183,0.5117720510705157,0.2813871375951927,0.6192839830779693,0.15247755427604312,187.61863155806918,39.45145534228531,20.921607694838002,47.92880935012079
8,79.99900000642742,79.99900000642742,-11.338382801349177,38.037032395330726,37.20086004573116,39.925655434470315,34.85325691148068,0.14566372463349916,0.11570228335971103,0.17634602327276694,0.5743098247225441,1.6151720822694386,27.280124647317827,149.07924730888973,14.466838508676554
8,6416.9681188596005,0.0,-9.235848412251666,43.33875736794761,39.94702631574702,18.75519747634317,6.803525198003313,0.37363750910725924,0.5883664226448336,0.2719721687252076,0.6000262745268043,17.89390119819687,133.18892165791183,31.280202017707126,24.602843832094635
8,79.99900000642742,79.99900000642742,-10.528252313190201,37.23871851149597,37.232154557205234,25.948755624996817,34.85325691148068,0.13895776392659542,0.15448355000314684,0.17634602327276694,0.5700002284646816,18.501983343979234,27.893243781538818,149.07924730888973,18.130821708611105
8,6416.9681188596005,0.0,-8.780806850199353,40.90280506833423,32.277782361864006,26.785048042907952,2.104567227769701,0.2969040818202119,0.15867177286744186,0.4367331079125724,0.5052846665188206,203.17814473171927,28.520278522933808,154.34041437950486,112.98458080453847
8,79.99900000642742,79.99900000642742,-11.338441477997414,37.84651539076151,37.28647943993477,39.92520558016717,34.85325691148068,0.1465920878831695,0.11570228335971103,0.17634602327276694,0.5742811833619157,10.800491015108307,27.280124647317827,121.51535072368456,12.394397209575146
8,79.99900000642742,79.99900000642742,-10.730112339214614,37.23871851149597,37.492535802170764,28.664386471421263,38.40019187077589,0.1397103462365115,0.15450782642382527,0.17634602327276694,0.5223078829071336,18.501983343979234,27.280124647317827,176.02870004941414,113.43660366633318
8,6416.9681188596005,0.0,-8.600054149868676,41.943366366389334,28.708768041872904,39.83029625671586,13.764044739042438,0.16726754309251454,0.1292191349567077,0.646374676573357,0.5706678035743344,109.45904605309538,168.73978303735262,170.23271152630673,237.96107478494056
8,79.99900000642742,79.99900000642742,-10.281876188101663,37.2473083876666,37.492535802170764,25.22790931288864,38.40019187077589,0.1397103462365115,0.34961726020219236,0.17634602327276694,0.28555815078241215,18.49272456175036,41.05002641182447,176.02870004941414,201.28805834538454
8,79.99900000642742,79.99900000642742,-10.673997557563617,37.23871851149597,33.00652065227713,43.172539377622726,34.85325691148068,0.13895776392659542,0.15448355000314684,0.24337238925706273,0.5700002284646816,19.102621700638764,137.4469988357737,149.07924730888973,8.96176415479049
8,79.99900000642742,79.99900000642742,-9.908033107350981,37.595541592597904,38.81077611140476,25.166698786333058,41.205111629975505,0.13895782180788602,0.15448355000314684,0.19985822036684436,0.5699961969234868,16.80676951846786,172.5224133929981,36.350672604250384,18.130821708611105
8,79.99900000642742,79.99900000642742,-10.798721370767531,37.68190385243734,28.472101028321752,28.565391799103963,35.98409806587322,0.26511993588858423,0.16201303043505694,0.16614222519183205,0.5229538552626788,16.769693402125245,30.2109384915648,44.36389878863805,116.1165859675669
8,79.99900000642742,79.99900000642742,-10.84756634398262,37.23653813039295,37.19117988751658,42.98932581835723,34.15400112222403,0.13876645753173428,0.39608618239812815,0.16553071117575785,0.4132807583767484,8.06641076539935,119.51892645330412,146.92291713111263,11.473232023135461
8,4852.751914520123,79.53729741934835,-9.086572832816941,24.241439189523927,41.7478662151208,19.41159126671739,36.96405564836967,0.5034182624901705,0.6244193423955571,0.5829316310809863,0.11744443298404784,185.7019396557018,32.92320300551975,94.41905019786697,5.349944159263686
8,6416.968118859601,0.0,-8.600054149868676,41.943366366389334,27.458329465053684,39.83029625671586,13.764044739042438,0.16726754309251454,0.14598954806068726,0.646374676573357,0.5706678035743344,109.23060331365627,168.73978303735262,177.14863648211866,241.01426460581368
8,6416.968118859601,0.0,-7.72050456647348,7.432551229566751,21.062605762385626,36.54987432767763,3.7404093373076925,0.2501221989806718,0.3839530448232149,0.16972094476880017,0.08927644285682292,164.3674724789374,70.61285029438343,189.81240195752895,194.73022822737155
8,6416.968118859601,0.0,-8.08687746403195,9.031502197235909,39.03210830632424,19.174765273286287,3.936035479062813,0.3763687596950786,0.10878736608760023,0.3578135542476203,0.21316235525740462,46.925014659720404,134.6440723173266,130.1582316357874,43.73788558773833
8,6416.968118859601,0.0,-9.447378224466267,31.441785851966806,28.42587843898537,25.948755624996817,6.3786553459049005,0.13895776392659542,0.15270921414202623,0.436249980092656,0.557233732773449,18.501983343979234,27.280124647317827,153.4276459830692,112.98458080453847
8,6416.968118859601,0.0,-8.600054149868676,41.943366366389334,27.458329465053684,39.83029625671586,13.764044739042438,0.16726754309251454,0.14598954806068726,0.646374676573357,0.6351281612279103,109.23060331365627,168.73978303735262,177.14863648211866,241.01426460581368
8,6416.968118859601,0.0,-6.706332008784575,40.753448786941725,32.17624497354976,42.60788328678998,2.0230953541384786,0.3183660895728967,0.20038752935995255,0.31167594258286474,0.45951249420811346,233.96516110144626,244.15499370397075,75.40535663832861,50.82954694416975
8,6416.968118859601,0.0,-9.419982769295414,42.17821913890795,37.47324126211082,24.994449129467093,5.214317027398643,0.26257531274088025,0.3148885695502773,0.13682289818075466,0.3612794006368683,75.7337609672149,39.46492342658347,226.7580929097187,20.118882292759555
8,6416.968118859601,0.0,-7.1547847602624515,7.797918034752232,32.945422903016926,39.603200386884424,2.4565502155632934,0.2971232880593294,0.11724679179749149,0.2464548836859088,0.3029905306091508,87.54773335633263,135.37189754914516,166.31896699175996,235.90852208734802
8,6416.968118859601,0.0,-8.482597279700823,41.943366366389334,27.458329465053684,40.73079892800274,13.764044739042438,0.16726754309251454,0.15075666234549556,0.646374676573357,0.5706678035743344,109.23060331365627,168.73978303735262,177.14863648211866,245.82340403578615
8,6416.968118859601,0.0,-8.033096608329274,8.716419544689291,39.129345547498154,19.11674026756625,3.936035479062813,0.3763687596950786,0.10878736608760023,0.1714209137506087,0.5752016489490712,17.89390119819687,133.18892165791183,178.6455495702167,17.428810396761236
8,6416.968118859601,0.0,-8.031291493253114,41.943366366389334,40.39348936268974,39.83029625671586,9.40353103832312,0.16726754309251454,0.14598954806068726,0.646374676573357,0.6387536104815847,109.23060331365627,39.53881173559715,177.14863648211866,134.48116870694534
8,6416.968118859601,0.0,-8.509284071701359,41.943366366389334,39.038989010632804,39.86083490594781,13.098679455658267,0.12203599848185204,0.14598954806068726,0.646374676573357,0.5706678035743344,120.1380128497677,169.2899377572356,11.24733318262416,241.01426460581368
8,6416.968118859601,0.0,-6.704845843452993,39.63121663933266,32.89835581716065,43.05273208242357,2.4565502155632934,0.2786057990941279,0.1301539312770891,0.24448318941771097,0.41342708617968943,87.54773335633263,135.37189754914516,169.27015992119993,28.920405261526938
8,6416.968118859601,0.0,-8.509360689470252,42.13388322081125,39.038989010632804,39.86024750305296,13.098679455658267,0.12110763523224714,0.14598954806068726,0.646374676573357,0.5706964449349627,112.19888818956267,168.73978303735262,174.48000412637805,242.18265379154585
8,6416.968118859601,0.0,-8.54101624842852,41.943366366389334,27.458329465053684,40.28292016775705,13.764044739042438,0.16726754309251454,0.14598954806068726,0.646374676573357,0.6351281612279103,109.23060331365627,168.73978303735262,177.14863648211866,241.01426460581368
8,6416.968118859601,0.0,-8.600189444285803,41.943366366389334,29.649987254669345,39.829258999517876,13.764044739042438,0.16726754309251454,0.14598954806068726,0.646374676573357,0.5706678035743344,109.23060331365627,211.4445780491771,171.46982883852127,75.23542793490175
8,6416.968118859601,0.0,-8.600054149868676,41.943366366389334,27.33440711311548,39.83029625671586,13.764044739042438,0.16726754309251454,0.14598954806068726,0.646374676573357,0.5706678035743344,109.23060331365627,168.73978303735262,177.14863648211866,241.01426460581368
8,6416.968118859601,0.0,-8.806226452279384,40.90280506833423,38.669316319487564,26.785048042907952,2.2994508437166123,0.30359497818763015,0.14624850476342616,0.4367331079125724,0.6040452661255238,203.17814473171927,168.04609286824416,159.61273607359124,112.98458080453847
8,6416.968118859601,0.0,-9.324308487600312,43.33875736794761,39.268832404740735,18.75519747634317,6.803525198003313,0.3718203461765274,0.10565735630531614,0.2729383731007436,0.5994632338273966,17.89390119819687,168.37508381615731,36.63488673499995,33.34965353447757
8,82.69193993239301,79.99900000642742,-10.84756634398262,37.23653813039295,37.19117988751658,42.98932581835723,34.15400112222403,0.13876645753173428,0.4054982823996508,0.16553071117575785,0.4132807583767484,8.06641076539935,119.51892645330412,146.92291713111263,11.473232023135461
8,6416.968118859602,0.0,-9.80242947848502,44.64159137265339,39.9579995186042,23.109958853656078,6.765806380316661,0.19657013337465856,0.5909064048028575,0.2720430628468292,0.22830619172674754,187.83125552459737,211.30499772607806,30.673547188854528,131.65869756305224
9,79.99900000642742,79.99900000642742,-10.528252313190201,37.23871851149597,37.232154557205234,25.948755624996817,34.85325691148068,0.13895776392659542,0.15448355000314684,0.17634602327276694,0.5700002284646816,18.501983343979234,27.280124647317827,149.07924730888973,18.130821708611105
9,6416.9681188596005,0.0,-8.509419366118486,41.943366366389334,39.038989010632804,39.85979764874982,13.098679455658267,0.12203599848185204,0.14598954806068726,0.646374676573357,0.5706678035743344,120.1380128497677,168.73978303735262,174.48000412637805,241.01426460581368
9,79.99900000642742,79.99900000642742,-10.38094729589439,37.23871851149597,37.232154557205234,25.948755624996817,38.361493023139786,0.1397103462365115,0.15448355000314684,0.17634602327276694,0.5700002284646816,18.501983343979234,27.280124647317827,176.02870004941414,18.130821708611105
9,6416.9681188596005,0.0,-8.600054149868676,41.943366366389334,27.458329465053684,39.83029625671586,13.764044739042438,0.16726754309251454,0.14598954806068726,0.646374676573357,0.5706678035743344,109.23060331365627,211.9947328280805,7.5708665669537965,75.23542793490175
9,4845.775890532595,73.16183738988028,-6.959742699335116,3.1058935766900504,41.7478662151208,19.41159126671739,36.87015174639619,0.31069458025241936,0.6244193423955571,0.5830018869963078,0.11736640111572616,20.376605345124418,156.39333719526905,96.20225043940519,5.349944159263686
9,6416.9681188596005,0.0,-8.827300762980165,31.441785851966806,28.42587843898537,26.785048042907952,2.461020559089275,0.2969268889250662,0.15270921414202623,0.436249980092656,0.557233732773449,17.617999405927993,27.280124647317827,154.34041437950486,112.98458080453847
9,79.99900000642742,79.99900000642742,-10.797600952136577,37.69049372860796,28.472101028321752,32.36859938215425,34.808777570379675,0.16618437923312962,0.3571220312771885,0.16614222519183205,0.2848632273325272,16.760434619896373,70.90621582259621,44.36389878863805,195.62025484009308
9,79.99900000642742,79.99900000642742,-10.58410650974323,37.69049372860796,28.472101028321752,25.128914640571345,35.98409806587322,0.2568182498972426,0.3571220312771885,0.16614222519183205,0.2862041579999464,16.760434619896373,40.58929747040168,44.36389878863805,195.62025484009308
9,6416.9681188596005,0.0,-8.27704835216014,31.753293386952244,28.130794196091326,40.673736490816076,12.131107190710544,0.3011307290317683,0.5515091596868679,0.3845481250834036,0.5597260470851465,21.633350128611454,38.67440393739079,43.11653353357539,66.33619956908058
9,79.99900000642742,79.99900000642742,-9.870535113886831,37.696525767557056,36.21185485604339,25.948755624996817,42.27465308519772,0.13895782180788602,0.15448355000314684,0.17708558837914906,0.5700002284646816,18.501983343979234,27.239987465609488,36.350672604250384,18.130821708611105
9,6416.9681188596005,0.0,-8.50971469527105,41.8713121520744,30.745995603845756,39.85753345858017,13.098679455658267,0.12203599848185204,0.14598954806068726,0.646374676573357,0.5747011946446141,120.1380128497677,166.3394252839238,176.92873176291621,61.37420719630664
9,6416.9681188596005,0.0,-8.600054149868676,41.943366366389334,28.708768041872904,39.83029625671586,13.764044739042438,0.16726754309251454,0.1292191349567077,0.646374676573357,0.5706678035743344,109.45904605309538,168.73978303735262,167.19659166999887,237.96107478494056
9,79.99900000642742,79.99900000642742,-11.338382801349177,38.037032395330726,37.20086004573116,39.925655434470315,34.85325691148068,0.14566372463349916,0.11570228335971103,0.17634602327276694,0.5743098247225441,1.6151720822694386,27.280124647317827,149.07924730888973,14.466838508676554
9,6416.9681188596005,0.0,-9.235848412251666,43.33875736794761,39.94702631574702,18.75519747634317,6.803525198003313,0.37363750910725924,0.5883664226448336,0.2719721687252076,0.6000262745268043,17.89390119819687,133.18892165791183,31.280202017707126,24.602843832094635
9,79.99900000642742,79.99900000642742,-10.528252313190201,37.23871851149597,37.232154557205234,25.948755624996817,34.85325691148068,0.13895776392659542,0.15448355000314684,0.17634602327276694,0.5700002284646816,18.501983343979234,27.893243781538818,149.07924730888973,18.130821708611105
9,6416.9681188596005,0.0,-8.780806850199353,40.90280506833423,32.277782361864006,26.785048042907952,2.104567227769701,0.2969040818202119,0.15867177286744186,0.4367331079125724,0.5052846665188206,203.17814473171927,28.520278522933808,154.34041437950486,112.98458080453847
9,79.99900000642742,79.99900000642742,-11.338441477997414,37.84651539076151,37.28647943993477,39.92520558016717,34.85325691148068,0.1465920878831695,0.11570228335971103,0.17634602327276694,0.5742811833619157,10.800491015108307,27.280124647317827,121.51535072368456,12.394397209575146
9,79.99900000642742,79.99900000642742,-10.730112339214614,37.23871851149597,37.492535802170764,28.664386471421263,38.40019187077589,0.1397103462365115,0.15450782642382527,0.17634602327276694,0.5223078829071336,18.501983343979234,27.280124647317827,176.02870004941414,113.43660366633318
9,6416.9681188596005,0.0,-8.600054149868676,41.943366366389334,28.708768041872904,39.83029625671586,13.764044739042438,0.16726754309251454,0.1292191349567077,0.646374676573357,0.5706678035743344,109.45904605309538,168.73978303735262,170.23271152630673,237.96107478494056
9,79.99900000642742,79.99900000642742,-10.281876188101663,37.2473083876666,37.492535802170764,25.22790931288864,38.40019187077589,0.1397103462365115,0.34961726020219236,0.17634602327276694,0.28555815078241215,18.49272456175036,41.05002641182447,176.02870004941414,201.28805834538454
9,79.99900000642742,79.99900000642742,-10.673997557563617,37.23871851149597,33.00652065227713,43.172539377622726,34.85325691148068,0.13895776392659542,0.15448355000314684,0.24337238925706273,0.5700002284646816,19.102621700638764,137.4469988357737,149.07924730888973,8.96176415479049
9,79.99900000642742,79.99900000642742,-9.908033107350981,37.595541592597904,38.81077611140476,25.166698786333058,41.205111629975505,0.13895782180788602,0.15448355000314684,0.19985822036684436,0.5699961969234868,16.80676951846786,172.5224133929981,36.350672604250384,18.130821708611105
9,79.99900000642742,79.99900000642742,-10.798721370767531,37.68190385243734,28.472101028321752,28.565391799103963,35.98409806587322,0.26511993588858423,0.16201303043505694,0.16614222519183205,0.5229538552626788,16.769693402125245,30.2109384915648,44.36389878863805,116.1165859675669
9,79.99900000642742,79.99900000642742,-10.84756634398262,37.23653813039295,37.19117988751658,42.98932581835723,34.15400112222403,0.13876645753173428,0.39608618239812815,0.16553071117575785,0.4132807583767484,8.06641076539935,119.51892645330412,146.92291713111263,11.473232023135461
9,79.99900000642742,79.99900000642742,-9.797641184207123,37.595541592597904,39.26653800284258,24.320360708896796,41.205111629975505,0.1382920643455536,0.1068727921803547,0.2738714185438052,0.5699961969234868,17.092898424224853,172.5224133929981,36.34535898292097,33.29348678215721
9,6416.9681188596005,0.0,-8.600054149868676,41.943366366389334,27.49334161221944,39.83029625671586,13.764044739042438,0.16726754309251454,0.14598954806068726,0.646374676573357,0.5706678035743344,109.23060331365627,211.9947328280805,7.5708665669537965,75.23542793490175
9,79.99900000642742,79.99900000642742,-10.42889823136679,38.84351127182452,37.20086004573116,25.155746486209928,34.85325691148068,0.1400586661599384,0.15595907069528178,0.17907346381072764,0.5743098247225441,2.576143009237116,27.280124647317827,149.07924730888973,14.466838508676554
9,79.99900000642742,79.99900000642742,-9.895451594962545,25.27431787667227,41.40918898195941,42.98932581835723,34.15400112222403,0.14505461605580783,0.4054982823996508,0.16553071117575785,0.4132807583767484,8.06641076539935,38.89761219968525,146.92291713111263,47.903468834235184
9,6416.9681188596005,0.0,-8.507659773671406,41.8713121520744,30.823303034792154,39.85753345858017,13.082925056727682,0.09497316788233662,0.14598954806068726,0.646374676573357,0.5747011946446141,120.1380128497677,164.85412746913778,176.92873176291621,61.37420719630664
9,6416.9681188596005,0.0,-8.512423342969058,41.943366366389334,28.708768041872904,39.85996549284461,13.121877788940758,0.16726754309251454,0.1285314425160466,0.646374676573357,0.5706678035743344,112.25668176478588,168.73978303735262,174.48764077932069,237.96107478494056
9,79.99900000642742,79.99900000642742,-9.86977988847994,37.696525767557056,36.21185485604339,25.948755624996817,42.28044314665061,0.13895782180788602,0.1754873810389937,0.17708558837914906,0.5699961090542378,18.509594597739603,169.37063935741043,36.350672604250384,18.130821708611105
9,4845.775890532595,73.16183738988028,-7.078274060653662,3.98542152846165,41.71865373011688,19.41159126671739,36.87015174639619,0.31069458025241936,0.6376769613677445,0.5817029295748515,0.11736640111572616,16.85089676477852,156.39333719526905,96.29999031104008,5.349944159263686
9,79.99900000642742,79.99900000642742,-10.896056059642085,37.23871851149597,33.00652065227713,26.389686702070023,34.85325691148068,0.13895776392659542,0.15448355000314684,0.24337238925706273,0.5700002284646816,19.102621700638764,135.45311072195582,158.98891419338278,18.22035900482194
9,6416.9681188596005,0.0,-8.600054149868676,41.943366366389334,28.67375589470715,39.83029625671586,13.764044739042438,0.16726754309251454,0.12713950993902084,0.646374676573357,0.5706678035743344,109.45904605309538,168.73978303735262,170.23271152630673,237.96107478494056
9,79.99900000642742,79.99900000642742,-11.545289729000366,37.23871851149597,37.232154557205234,40.71826663486905,38.361493023139786,0.14531540471007226,0.11422676286522877,0.17634602327276694,0.5700002284646816,5.821574436228827,27.280124647317827,176.02870004941414,18.130821708611105
9,5618.78829049503,34.83496354712591,-8.07716091277958,37.17999196723446,37.1357930218145,7.060693353124659,22.023498741964183,0.5055536958152507,0.2813871375951927,0.6192839830779693,0.15247755427604312,187.61863155806918,120.07280204321063,20.921607694838002,11.498802907371623
9,6416.9681188596005,0.0,-8.283069313289076,31.753293386952244,28.130794196091326,40.62757578882758,12.131107190710544,0.3011307290317683,0.5515091596868679,0.3845481250834036,0.5597260470851465,21.633350128611454,38.67440393739079,43.11653353357539,66.33619956908058
9,79.99900000642742,79.99900000642742,-9.72014716006396,37.23871851149597,37.232154557205234,25.948755624996817,43.42762739783973,0.13895776392659542,0.15448355000314684,0.17634602327276694,0.5700002284646816,18.501983343979234,27.280124647317827,149.07924730888973,18.130821708611105
9,79.99900000642742,79.99900000642742,-11.247936262046402,37.661056476417016,35.107234372867325,40.61907890245823,34.85325691148068,0.1465920878831695,0.11570228335971103,0.17634602327276694,0.5823845166850333,10.778498819564163,29.28079362117012,121.51535072368456,42.495041122927475
9,79.99900000642742,79.99900000642742,-9.90878833275788,37.595541592597904,38.81077611140476,25.166698786333058,41.1993215685226,0.13895782180788602,0.15448355000314684,0.19985822036684436,0.5700003163339304,16.79915826470749,41.129111977873436,36.350672604250384,18.130821708611105
9,79.99900000642742,79.99900000642742,-11.271791159495749,37.23871851149597,38.75851125191443,40.43619135534656,34.85325691148068,0.13895776392659542,0.15448355000314684,0.17634602327276694,0.5700002284646816,18.501983343979234,29.276670986123527,149.07924730888973,8.872226866044585
9,82.69193993239301,79.99900000642742,-10.84756634398262,37.23653813039295,37.19117988751658,42.98932581835723,34.15400112222403,0.13876645753173428,0.4054982823996508,0.16553071117575785,0.4132807583767484,8.06641076539935,119.51892645330412,146.92291713111263,11.473232023135461
9,6416.968118859601,0.0,-8.508918970247613,40.753448786941725,32.062129284472455,28.813369770396672,2.0484152089617633,0.141852496492294,0.19873665212134897,0.31167594258286474,0.400133880410618,233.96516110144626,244.15499370397075,175.1900921154692,113.44495339617256
9,6416.968118859601,0.0,-8.600054149868676,41.943366366389334,27.458329465053684,39.83029625671586,13.764044739042438,0.16726754309251454,0.14598954806068726,0.646374676573357,0.5706678035743344,109.23060331365627,168.73978303735262,177.14863648211866,241.01426460581368
9,4852.751914520123,79.53729741934835,-9.086572832816941,24.241439189523927,41.7478662151208,19.41159126671739,36.96405564836967,0.5034182624901705,0.6244193423955571,0.5829316310809863,0.11744443298404784,185.7019396557018,32.92320300551975,94.41905019786697,5.349944159263686
9,5634.1349528387445,51.77752376941257,-7.526985811858044,25.21777203448886,41.35380212887961,7.060693353124659,22.023498741964183,0.5117720510705157,0.2813871375951927,0.6192839830779693,0.15247755427604312,187.61863155806918,39.45145534228531,20.921607694838002,47.92880935012079
9,5631.302435360783,64.5477007423371,-7.64576923411887,25.21777203448886,41.35380212887961,7.971366257124316,21.656046409296046,0.5117720510705157,0.28615420184090057,0.6192839830779693,0.15247755427604312,187.61863155806918,39.45145534228531,20.921607694838002,56.393750244884714
9,6416.968118859601,0.0,-8.509360689470252,42.13388322081125,39.038989010632804,39.86024750305296,13.098679455658267,0.12110763523224714,0.14598954806068726,0.646374676573357,0.5706964449349627,112.19888818956267,168.73978303735262,174.48000412637805,242.18265379154585
10,6416.9681188596005,0.0,-8.648132706568376,40.753448786941725,32.062129284472455,28.822992470789014,3.1253432211465997,0.141852496492294,0.13254320404804107,0.31167594258286474,0.40545602501062494,233.96516110144626,244.15499370397075,175.2068237229274,114.56602554320938
10,79.99900000642742,79.99900000642742,-10.7096988648331,37.69049372860796,28.472101028321752,24.969540652065007,34.8618493550112,0.16618437923312962,0.3571220312771885,0.16614222519183205,0.2848632273325272,16.760434619896373,38.1085627470891,44.36389878863805,195.62025484009308
10,79.99900000642742,79.99900000642742,-10.528252313190201,37.23871851149597,37.232154557205234,25.948755624996817,34.85325691148068,0.13895776392659542,0.15448355000314684,0.17634602327276694,0.5700002284646816,18.501983343979234,27.280124647317827,149.07924730888973,18.130821708611105
10,6416.9681188596005,0.0,-8.509419366118486,41.943366366389334,39.038989010632804,39.85979764874982,13.098679455658267,0.12203599848185204,0.14598954806068726,0.646374676573357,0.5706678035743344,120.1380128497677,168.73978303735262,174.48000412637805,241.01426460581368
10,5618.78829049503,34.83496354712591,-8.07716091277958,37.17999196723446,37.1357930218145,7.060693353124659,22.023498741964183,0.5055536958152507,0.2813871375951927,0.6192839830779693,0.15247755427604312,187.61863155806918,120.07280204321063,20.921607694838002,11.498802907371623
10,4823.91996205554,74.4996421558493,-9.642607103937827,37.93457796647722,37.48922966148012,19.415884125003494,33.63507134515899,0.5032436688722498,0.27484413230727844,0.6187923300777312,0.1195484693054395,187.66962642063737,27.66394630407241,22.289003432269688,11.498802907371623
10,4845.775890532595,73.16183738988028,-6.959742699335116,3.1058935766900504,41.7478662151208,19.41159126671739,36.87015174639619,0.31069458025241936,0.6244193423955571,0.5830018869963078,0.11736640111572616,20.376605345124418,156.39333719526905,96.20225043940519,5.349944159263686
10,4845.775890532595,73.16183738988028,-7.078274060653662,3.98542152846165,41.71865373011688,19.41159126671739,36.87015174639619,0.31069458025241936,0.6376769613677445,0.5817029295748515,0.11736640111572616,16.85089676477852,156.39333719526905,96.29999031104008,5.349944159263686
10,79.99900000642742,79.99900000642742,-10.528252313190201,37.23871851149597,37.232154557205234,25.948755624996817,34.85325691148068,0.13895776392659542,0.15448355000314684,0.17634602327276694,0.5700002284646816,18.501983343979234,27.893243781538818,149.07924730888973,18.130821708611105
10,79.99900000642742,79.99900000642742,-9.86977988847994,37.696525767557056,36.21185485604339,25.948755624996817,42.28044314665061,0.13895782180788602,0.1754873810389937,0.17708558837914906,0.5699961090542378,18.509594597739603,169.37063935741043,36.350672604250384,18.130821708611105
10,79.99900000642742,79.99900000642742,-9.797641184207123,37.595541592597904,39.26653800284258,24.320360708896796,41.205111629975505,0.1382920643455536,0.1068727921803547,0.2738714185438052,0.5699961969234868,17.092898424224853,172.5224133929981,36.34535898292097,33.29348678215721
10,79.99900000642742,79.99900000642742,-10.42889823136679,38.84351127182452,37.20086004573116,25.155746486209928,34.85325691148068,0.1400586661599384,0.15595907069528178,0.17907346381072764,0.5743098247225441,2.576143009237116,27.280124647317827,149.07924730888973,14.466838508676554
10,79.99900000642742,79.99900000642742,-10.317639820009887,37.2473083876666,37.492535802170764,24.594441088913282,22.742219441652317,0.1277215180549299,0.2786301874575361,0.17634602327276694,0.15119881093213616,22.137848751372474,41.05002641182447,176.02870004941414,8.410325777381104
10,79.99900000642742,79.99900000642742,-10.839255246399226,37.58296727702681,38.71147260232439,43.8978256041452,34.998782493205944,0.13895776392659542,0.15448355000314684,0.24337238925706273,0.5700002345899801,19.102621700638764,137.4469988357737,29.907564343939733,19.153648714130092
10,79.99900000642742,79.99900000642742,-10.281876188101663,37.2473083876666,37.492535802170764,25.22790931288864,38.40019187077589,0.1397103462365115,0.34961726020219236,0.17634602327276694,0.28555815078241215,18.49272456175036,41.05002641182447,176.02870004941414,201.28805834538454
10,79.99900000642742,79.99900000642742,-10.759983274594518,37.54196722751507,30.223370060173814,28.893396976000542,38.40019187077589,0.12097954993302668,0.15450782642382527,0.17634602327276694,0.6091572142120444,18.501983343979234,27.280124647317827,176.9352471118673,113.43660366633318
10,79.99900000642742,79.99900000642742,-10.896056059642085,37.23871851149597,33.00652065227713,26.389686702070023,34.85325691148068,0.13895776392659542,0.15448355000314684,0.24337238925706273,0.5700002284646816,19.102621700638764,135.45311072195582,158.98891419338278,18.22035900482194
10,79.99900000642742,79.99900000642742,-9.90878833275788,37.595541592597904,38.81077611140476,25.166698786333058,41.1993215685226,0.13895782180788602,0.15448355000314684,0.19985822036684436,0.5700003163339304,16.79915826470749,41.129111977873436,36.350672604250384,18.130821708611105
10,79.99900000642742,79.99900000642742,-10.58410650974323,37.69049372860796,28.472101028321752,25.128914640571345,35.98409806587322,0.2568182498972426,0.3571220312771885,0.16614222519183205,0.2862041579999464,16.760434619896373,40.58929747040168,44.36389878863805,195.62025484009308
10,79.99900000642742,79.99900000642742,-10.798721370767531,37.68190385243734,28.472101028321752,28.565391799103963,35.98409806587322,0.26511993588858423,0.16201303043505694,0.16614222519183205,0.5229538552626788,16.769693402125245,30.2109384915648,44.36389878863805,116.1165859675669
10,6416.9681188596005,0.0,-9.235848412251666,43.33875736794761,39.94702631574702,18.75519747634317,6.803525198003313,0.37363750910725924,0.5883664226448336,0.2719721687252076,0.6000262745268043,17.89390119819687,133.18892165791183,31.280202017707126,24.602843832094635
10,6416.9681188596005,0.0,-8.600054149868676,41.943366366389334,28.67375589470715,39.83029625671586,13.764044739042438,0.16726754309251454,0.12713950993902084,0.646374676573357,0.5706678035743344,109.45904605309538,168.73978303735262,170.23271152630673,237.96107478494056
10,79.99900000642742,79.99900000642742,-10.38094729589439,37.23871851149597,37.232154557205234,25.948755624996817,38.361493023139786,0.1397103462365115,0.15448355000314684,0.17634602327276694,0.5700002284646816,18.501983343979234,27.280124647317827,176.02870004941414,18.130821708611105
10,79.99900000642742,79.99900000642742,-10.45790760610197,37.595541592597904,28.059144024859073,39.88185237807727,41.1993215685226,0.13895782180788602,0.14668302182621065,0.6281804684828736,0.5700003163339304,16.79915826470749,41.819889640856,25.76118676350758,18.130821708611105
10,79.99900000642742,79.99900000642742,-11.338382801349177,38.037032395330726,37.20086004573116,39.925655434470315,34.85325691148068,0.14566372463349916,0.11570228335971103,0.17634602327276694,0.5743098247225441,1.6151720822694386,27.280124647317827,149.07924730888973,14.466838508676554
10,79.99900000642742,79.99900000642742,-10.206354161822496,41.4683514060977,38.917983545693865,25.166698786333058,36.013741394467594,0.13895782180788602,0.16191049794317078,0.21627522338609434,0.521473577079111,16.80676951846786,172.5224133929981,36.44926351967206,18.490463907743028
10,79.99900000642742,79.99900000642742,-9.72014716006396,37.23871851149597,37.232154557205234,25.948755624996817,43.42762739783973,0.13895776392659542,0.15448355000314684,0.17634602327276694,0.5700002284646816,18.501983343979234,27.280124647317827,149.07924730888973,18.130821708611105
10,6416.9681188596005,0.0,-8.600054149868676,41.943366366389334,27.458329465053684,39.83029625671586,13.764044739042438,0.16726754309251454,0.14598954806068726,0.646374676573357,0.5706678035743344,109.23060331365627,211.9947328280805,7.5708665669537965,75.23542793490175
10,79.99900000642742,79.99900000642742,-10.673997557563617,37.23871851149597,33.00652065227713,43.172539377622726,34.85325691148068,0.13895776392659542,0.15448355000314684,0.24337238925706273,0.5700002284646816,19.102621700638764,137.4469988357737,149.07924730888973,8.96176415479049
10,79.99900000642742,79.99900000642742,-10.532455120980462,40.96548932669342,37.19993303081324,25.948755624996817,34.85325691148068,0.15154611153602396,0.15448355000314684,0.17634602327276694,0.505862613132481,13.17371593366893,19.60848651784236,154.25720962263003,17.863062339985213
10,6416.9681188596005,0.0,-8.600054149868676,41.943366366389334,28.708768041872904,39.83029625671586,13.764044739042438,0.16726754309251454,0.1292191349567077,0.646374676573357,0.5706678035743344,109.45904605309538,168.73978303735262,167.19659166999887,237.96107478494056
10,6416.9681188596005,0.0,-8.50971469527105,41.8713121520744,30.745995603845756,39.85753345858017,13.098679455658267,0.12203599848185204,0.14598954806068726,0.646374676573357,0.5747011946446141,120.1380128497677,166.3394252839238,176.92873176291621,61.37420719630664
10,6416.9681188596005,0.0,-8.780806850199353,40.90280506833423,32.277782361864006,26.785048042907952,2.104567227769701,0.2969040818202119,0.15867177286744186,0.4367331079125724,0.5052846665188206,203.17814473171927,28.520278522933808,154.34041437950486,112.98458080453847
10,79.99900000642742,79.99900000642742,-11.545289729000366,37.23871851149597,37.232154557205234,40.71826663486905,38.361493023139786,0.14531540471007226,0.11422676286522877,0.17634602327276694,0.5700002284646816,5.821574436228827,27.280124647317827,176.02870004941414,18.130821708611105
10,79.99900000642742,79.99900000642742,-10.35520741884001,37.68190385243734,28.364892601341037,28.565391799103963,41.175468254663855,0.26511993588858423,0.154586082495033,0.16614222519183205,0.5714764751068849,16.769693402125245,30.2109384915648,44.265307873216386,101.18672792175146
10,6416.9681188596005,0.0,-8.539586278287864,41.8713121520744,38.01516132895993,39.6285179887846,13.098679455658267,0.09228076333859545,0.14598954806068726,0.646374676573357,0.5223398826203702,120.1380128497677,166.3394252839238,176.02218470046304,61.37420719630664
10,6416.9681188596005,0.0,-8.283069313289076,31.753293386952244,28.130794196091326,40.62757578882758,12.131107190710544,0.3011307290317683,0.5515091596868679,0.3845481250834036,0.5597260470851465,21.633350128611454,38.67440393739079,43.11653353357539,66.33619956908058
10,79.99900000642742,79.99900000642742,-11.338441477997414,37.84651539076151,37.28647943993477,39.92520558016717,34.85325691148068,0.1465920878831695,0.11570228335971103,0.17634602327276694,0.5742811833619157,10.800491015108307,27.280124647317827,121.51535072368456,12.394397209575146
10,6416.9681188596005,0.0,-8.554548003351648,41.943366366389334,28.708768041872904,39.53700976324473,13.121877788940758,0.16726754309251454,0.1947248914904739,0.6482236406665681,0.5653455917860223,112.25668176478588,168.73978303735262,174.47090917186247,236.72549510544638
10,79.99900000642742,79.99900000642742,-10.797600952136577,37.69049372860796,28.472101028321752,32.52797337064765,35.931026281241685,0.2705600846990332,0.3571220312771885,0.16614222519183205,0.2862041579999464,16.760434619896373,73.38695055654361,44.36389878863805,195.62025484009308
10,6416.9681188596005,0.0,-8.600054149868676,41.943366366389334,27.49334161221944,39.83029625671586,13.764044739042438,0.16726754309251454,0.14598954806068726,0.646374676573357,0.5706678035743344,109.23060331365627,211.9947328280805,7.5708665669537965,75.23542793490175
10,79.99900000642742,79.99900000642742,-9.72014716006396,38.45845556824484,35.52588708073733,25.948755624996817,43.42762739783973,0.13895776392659542,0.15448355000314684,0.17634602327276694,0.1652206458519651,18.501983343979234,27.611592885094872,146.30130170870873,18.12787583625937
10,79.99900000642742,79.99900000642742,-9.895451594962545,25.27431787667227,41.40918898195941,42.98932581835723,34.15400112222403,0.14505461605580783,0.4054982823996508,0.16553071117575785,0.4132807583767484,8.06641076539935,38.89761219968525,146.92291713111263,47.903468834235184
10,79.99900000642742,79.99900000642742,-9.895451594962545,25.27431787667227,41.40918898195941,42.85713107516369,34.15400112222403,0.12364389851678542,0.4054982823996508,0.16487911948397382,0.4132807583767484,8.06641076539935,38.89761219968525,146.92291713111263,32.913439567182934
10,79.99900000642742,79.99900000642742,-11.271791159495749,37.23871851149597,38.75851125191443,40.43619135534656,34.85325691148068,0.13895776392659542,0.15448355000314684,0.17634602327276694,0.5700002284646816,18.501983343979234,29.276670986123527,149.07924730888973,8.872226866044585
10,6416.9681188596005,0.0,-8.512423342969058,41.943366366389334,28.708768041872904,39.85996549284461,13.121877788940758,0.16726754309251454,0.1285314425160466,0.646374676573357,0.5706678035743344,112.25668176478588,168.73978303735262,174.48764077932069,237.96107478494056
10,6416.9681188596005,0.0,-8.827300762980165,31.441785851966806,28.42587843898537,26.785048042907952,2.461020559089275,0.2969268889250662,0.15270921414202623,0.436249980092656,0.557233732773449,17.617999405927993,27.280124647317827,154.34041437950486,112.98458080453847
10,6416.9681188596005,0.0,-8.507659773671406,41.8713121520744,30.823303034792154,39.85753345858017,13.082925056727682,0.09497316788233662,0.14598954806068726,0.646374676573357,0.5747011946446141,120.1380128497677,164.85412746913778,176.92873176291621,61.37420719630664
11,6416.9681188596,0.0,-10.220078736914928,37.595541592597904,38.812761803318566,25.166698786333058,14.182233343959679,0.13895782180788602,0.1461142942913354,0.09032858347484407,0.5703675372355965,16.60969967051757,41.129111977873436,36.350672604250384,19.045560387710967
11,79.99900000642742,79.99900000642742,-10.685893488303307,37.69049372860796,27.615677138933343,25.971212935819317,34.83363354756415,0.2568182498972426,0.3571220312771885,0.1661892826236686,0.265641004808028,18.506491310589134,40.58929747040168,44.36389878863805,195.62025484009308
11,79.99900000642742,79.99900000642742,-10.7096988648331,37.69049372860796,28.472101028321752,24.969540652065007,34.8618493550112,0.16618437923312962,0.3571220312771885,0.16614222519183205,0.2848632273325272,16.760434619896373,38.1085627470891,44.36389878863805,195.62025484009308
11,4823.91996205554,74.4996421558493,-9.642607103937827,37.93457796647722,37.48922966148012,19.415884125003494,33.63507134515899,0.5032436688722498,0.27484413230727844,0.6187923300777312,0.1195484693054395,187.66962642063737,27.66394630407241,22.289003432269688,11.498802907371623
11,5618.78829049503,34.83496354712591,-8.07716091277958,37.17999196723446,37.1357930218145,7.060693353124659,22.023498741964183,0.5055536958152507,0.2813871375951927,0.6192839830779693,0.15247755427604312,187.61863155806918,120.07280204321063,20.921607694838002,11.498802907371623
11,4827.915500620862,47.28223956256079,-7.03837200168217,3.679505743013575,41.71865373011688,18.830791887846743,36.87015174639619,0.2719826969880777,0.33311227006336164,0.5817029295748515,0.11736640111572616,16.758097921149716,156.39333719526905,44.537623521823164,4.180333388221413
11,79.99900000642742,79.99900000642742,-9.86977988847994,37.696525767557056,36.21185485604339,25.948755624996817,42.28044314665061,0.13895782180788602,0.1754873810389937,0.17708558837914906,0.5699961090542378,18.509594597739603,169.37063935741043,36.350672604250384,18.130821708611105
11,79.99900000642742,79.99900000642742,-9.72014716006396,38.03548676180479,37.23363412935031,25.948755624996817,43.42762739783973,0.13313835238601457,0.1585971684967413,0.17634602327276694,0.5741694229286138,18.501983343979234,27.280124647317827,149.07924730888973,18.075600939724982
11,79.99900000642742,79.99900000642742,-10.528252313190201,37.23871851149597,37.232154557205234,25.948755624996817,34.85325691148068,0.13895776392659542,0.15448355000314684,0.17634602327276694,0.5700002284646816,18.501983343979234,27.893243781538818,149.07924730888973,18.130821708611105
11,79.99900000642742,79.99900000642742,-9.90878833275788,37.595541592597904,38.81077611140476,25.166698786333058,41.1993215685226,0.13895782180788602,0.15448355000314684,0.19985822036684436,0.5700003163339304,16.79915826470749,41.129111977873436,36.350672604250384,18.130821708611105
11,79.99900000642742,79.99900000642742,-10.38094729589439,37.23871851149597,37.232154557205234,25.948755624996817,38.361493023139786,0.1397103462365115,0.15448355000314684,0.17634602327276694,0.5700002284646816,18.501983343979234,27.280124647317827,176.02870004941414,18.130821708611105
11,79.99900000642742,79.99900000642742,-10.673997557563617,37.23871851149597,33.00652065227713,43.172539377622726,34.85325691148068,0.13895776392659542,0.15448355000314684,0.24337238925706273,0.5700002284646816,18.48771763686134,137.4469988357737,149.07924730888973,9.510694693464771
11,79.99900000642742,79.99900000642742,-9.797641184207123,37.595541592597904,39.26653800284258,24.320360708896796,41.205111629975505,0.1382920643455536,0.1068727921803547,0.2738714185438052,0.5699961969234868,17.092898424224853,172.5224133929981,36.34535898292097,33.29348678215721
11,79.99900000642742,79.99900000642742,-10.83777859138739,37.23871851149597,31.53104229458375,25.942892778784053,34.85325691148068,0.13895776392659542,0.15448355000314684,0.17634602327276694,0.4092031976872913,18.501983343979234,26.40261535099596,174.95243324803516,16.953780235644828
11,79.99900000642742,79.99900000642742,-9.72014716006396,38.45845556824484,35.52588708073733,25.948755624996817,43.42762739783973,0.13895776392659542,0.15448355000314684,0.17634602327276694,0.1652206458519651,18.501983343979234,27.611592885094872,146.30130170870873,18.12787583625937
11,79.99900000642742,79.99900000642742,-10.42889823136679,38.84351127182452,37.20086004573116,25.155746486209928,34.85325691148068,0.1400586661599384,0.15595907069528178,0.17907346381072764,0.5743098247225441,2.576143009237116,27.280124647317827,149.07924730888973,14.466838508676554
11,79.99900000642742,79.99900000642742,-10.418387318157862,38.01545564732218,37.232154557205234,25.106457329748842,36.00372142978975,0.13895776392659542,0.15448355000314684,0.1762989658409304,0.5904984103031324,16.755926653286473,27.893243781538818,149.07924730888973,18.130821708611105
11,79.99900000642742,79.99900000642742,-10.839255246399226,37.58296727702681,38.71147260232439,43.8978256041452,34.998782493205944,0.13895776392659542,0.15448355000314684,0.24337238925706273,0.5700002345899801,19.102621700638764,137.4469988357737,29.907564343939733,19.153648714130092
11,79.99900000642742,79.99900000642742,-10.45790760610197,37.595541592597904,28.059144024859073,39.88185237807727,41.1993215685226,0.13895782180788602,0.14668302182621065,0.6281804684828736,0.5700003163339304,16.79915826470749,41.819889640856,25.76118676350758,18.130821708611105
11,79.99900000642742,79.99900000642742,-9.72014716006396,37.23871851149597,37.232154557205234,25.948755624996817,43.42762739783973,0.13895776392659542,0.15448355000314684,0.17634602327276694,0.5700002284646816,18.501983343979234,27.280124647317827,149.07924730888973,18.130821708611105
11,79.99900000642742,79.99900000642742,-10.798721370767531,37.68190385243734,28.472101028321752,28.565391799103963,35.98409806587322,0.26511993588858423,0.16201303043505694,0.16614222519183205,0.5229538552626788,16.769693402125245,30.2109384915648,44.36389878863805,116.1165859675669
11,79.99900000642742,79.99900000642742,-10.356102825731718,37.690383134549705,28.364892601341037,28.572256585273735,41.175468254663855,0.2569209519731955,0.154586082495033,0.16614222519183205,0.5714764751068849,16.769886435559116,28.59764956945688,44.26808131026274,101.18672792175146
11,79.99900000642742,79.99900000642742,-11.21755901094869,37.23871851149597,37.232154557205234,40.85197116087401,34.85325691148068,0.13901471747031938,0.11293350571175884,0.17634602327276694,0.5700002284646816,18.479500616150467,27.280124647317827,149.07924730888973,18.130821708611105
11,79.99900000642742,79.99900000642742,-10.206354161822496,41.4683514060977,38.917983545693865,25.166698786333058,36.013741394467594,0.13895782180788602,0.16191049794317078,0.21627522338609434,0.521473577079111,16.80676951846786,172.5224133929981,36.44926351967206,18.490463907743028
11,79.99900000642742,79.99900000642742,-11.338382801349177,38.037032395330726,37.20086004573116,39.925655434470315,34.85325691148068,0.14566372463349916,0.11570228335971103,0.17634602327276694,0.5743098247225441,1.6151720822694386,27.280124647317827,149.07924730888973,14.466838508676554
11,79.99900000642742,79.99900000642742,-10.258861466805236,41.820829782814926,28.472101028321752,40.119890024530854,33.44875570008586,0.16618437923312962,0.36507055505976527,0.16527179538471518,0.2848632273325272,16.760434619896373,38.1085627470891,172.41626733148848,240.56119011867762
11,79.99900000642742,79.99900000642742,-10.58410650974323,37.69049372860796,28.472101028321752,25.128914640571345,35.98409806587322,0.2568182498972426,0.3571220312771885,0.16614222519183205,0.2862041579999464,16.760434619896373,40.58929747040168,44.36389878863805,195.62025484009308
11,79.99900000642742,79.99900000642742,-10.583211102851521,37.6820144464956,27.290812296438894,25.122049854401574,35.98409806587322,0.26501723381263137,0.3571220312771885,0.14890351004391073,0.2862041579999464,16.7602415864625,42.202586392511066,44.960079412905365,195.62025484009308
11,79.99900000642742,79.99900000642742,-9.895451594962545,25.27431787667227,41.40918898195941,42.85713107516369,34.15400112222403,0.12364389851678542,0.4485961816573859,0.16487911948397382,0.4132807583767484,8.06641076539935,38.89761219968525,146.92291713111263,32.913439567182934
11,79.99900000642742,79.99900000642742,-10.100999307059222,38.49544228552871,35.52588708073733,27.02747092328446,12.46846561073852,0.13895776392659542,0.16200078831050702,0.14485010212588956,0.1652206458519651,22.064413702286764,27.611592885094872,145.8126293899178,18.12787583625937
11,79.99900000642742,79.99900000642742,-10.759983274594518,37.54196722751507,30.223370060173814,28.893396976000542,38.40019187077589,0.12097954993302668,0.15450782642382527,0.17634602327276694,0.6091572142120444,18.501983343979234,27.280124647317827,176.9352471118673,113.43660366633318
11,79.99900000642742,79.99900000642742,-9.855329506357187,25.27431787667227,41.71679166126715,41.99876885423928,34.15400112222403,0.12364389851678542,0.6491382063557117,0.16487911948397382,0.41466306812386794,8.06641076539935,38.89761219968525,97.41238709852172,5.645186533257906
11,79.99900000642742,79.99900000642742,-9.895451594962545,25.27431787667227,41.40918898195941,42.85713107516369,34.15400112222403,0.12364389851678542,0.4054982823996508,0.16487911948397382,0.4132807583767484,8.06641076539935,38.89761219968525,146.92291713111263,32.913439567182934
11,79.99900000642742,79.99900000642742,-10.896056059642085,37.23871851149597,33.00652065227713,26.389686702070023,34.85325691148068,0.13895776392659542,0.15448355000314684,0.24337238925706273,0.5700002284646816,19.102621700638764,135.45311072195582,158.98891419338278,18.22035900482194
11,79.99900000642742,79.99900000642742,-10.45790760610197,37.595541592597904,28.059144024859073,39.88185237807727,40.941339202874545,0.13895782180788602,0.14668302182621065,0.6281804684828736,0.5700003163339304,16.79915826470749,42.931914398622226,25.76118676350758,18.130821708611105
11,79.99900000642742,79.99900000642742,-11.271791159495749,37.23871851149597,38.75851125191443,40.43619135534656,34.85325691148068,0.13895776392659542,0.15448355000314684,0.17634602327276694,0.5700002284646816,18.501983343979234,29.276670986123527,149.07924730888973,8.872226866044585
11,79.99900000642742,79.99900000642742,-11.545289729000366,37.23871851149597,37.232154557205234,40.71826663486905,38.361493023139786,0.14531540471007226,0.11422676286522877,0.17634602327276694,0.5700002284646816,5.821574436228827,27.280124647317827,176.02870004941414,18.130821708611105
11,79.99900000642742,79.99900000642742,-10.58830902995264,37.69049372860796,28.472101028321752,25.161133962176834,35.98409806587322,0.1416852559544702,0.35623150585579144,0.16550538358444045,0.2862041579999464,16.760434619896373,40.58929747040168,54.55099191949299,27.567622630441676
11,79.99900000642742,79.99900000642742,-10.528252313190201,37.23871851149597,37.232154557205234,25.948755624996817,34.85325691148068,0.13895776392659542,0.15448355000314684,0.17634602327276694,0.5700002284646816,19.116887407756657,27.893243781538818,149.07924730888973,17.581891173672297
11,79.99900000642742,79.99900000642742,-11.252061725737633,37.23871851149597,37.232154557205234,32.627299587128306,38.361493023139786,0.1397103462365115,0.15448355000314684,0.17634602327276694,0.2814607510489464,18.501983343979234,27.49989460709783,42.631324317433936,18.130821708611105
11,79.99900000642742,79.99900000642742,-10.532455120980462,40.96548932669342,37.19993303081324,25.948755624996817,34.85325691148068,0.15154611153602396,0.15448355000314684,0.17634602327276694,0.505862613132481,13.17371593366893,19.60848651784236,154.25720962263003,17.863062339985213
11,79.99900000642742,79.99900000642742,-10.528252313190201,37.23871851149597,37.232154557205234,25.948755624996817,34.85325691148068,0.13895776392659542,0.15448355000314684,0.17634602327276694,0.5700002284646816,18.501983343979234,27.280124647317827,149.07924730888973,18.130821708611105
11,79.99900000642742,79.99900000642742,-10.673997557563617,37.23871851149597,33.00652065227713,43.172539377622726,34.85325691148068,0.13895776392659542,0.15448355000314684,0.24337238925706273,0.5700002284646816,19.102621700638764,137.4469988357737,149.07924730888973,8.96176415479049
11,79.99900000642742,79.99900000642742,-10.35520741884001,37.68190385243734,28.364892601341037,28.565391799103963,41.175468254663855,0.26511993588858423,0.154586082495033,0.16614222519183205,0.5714764751068849,16.769693402125245,30.2109384915648,44.265307873216386,101.18672792175146
11,79.99900000642742,79.99900000642742,-10.281876188101663,37.2473083876666,37.492535802170764,25.22790931288864,38.40019187077589,0.1397103462365115,0.34961726020219236,0.17634602327276694,0.28555815078241215,18.49272456175036,41.05002641182447,176.02870004941414,201.28805834538454
11,79.99900000642742,79.99900000642742,-9.895451594962545,25.27431787667227,41.40918898195941,42.98932581835723,34.15400112222403,0.14505461605580783,0.4054982823996508,0.16553071117575785,0.4132807583767484,8.06641076539935,38.89761219968525,146.92291713111263,47.903468834235184
11,79.99900000642742,79.99900000642742,-10.797600952136577,37.69049372860796,28.472101028321752,32.52797337064765,35.931026281241685,0.2705600846990332,0.3571220312771885,0.16614222519183205,0.2862041579999464,16.760434619896373,73.38695055654361,44.36389878863805,195.62025484009308
11,79.99900000642742,79.99900000642742,-10.317639820009887,37.2473083876666,37.492535802170764,24.594441088913282,22.742219441652317,0.1277215180549299,0.2786301874575361,0.17634602327276694,0.15119881093213616,22.137848751372474,41.05002641182447,176.02870004941414,8.410325777381104
12,6416.9681188596,0.0,-10.220078736914928,37.595541592597904,38.812761803318566,25.166698786333058,14.182233343959679,0.13895782180788602,0.1461142942913354,0.09032858347484407,0.5703675372355965,16.60969967051757,41.129111977873436,36.350672604250384,19.045560387710967
12,79.99900000642742,79.99900000642742,-10.70244821294802,37.582924906745205,38.74202487864889,44.833454151121146,34.88555711705602,0.13895776145306296,0.15448355000314684,0.24337238925706273,0.5700003176687664,19.102621700638764,137.4469988357737,29.907564343939733,19.153648714130092
12,79.99900000642742,79.99900000642742,-10.685893488303307,37.69049372860796,27.615677138933343,25.971212935819317,34.83363354756415,0.2568182498972426,0.3571220312771885,0.1661892826236686,0.265641004808028,18.506491310589134,40.58929747040168,44.36389878863805,195.62025484009308
12,4823.91996205554,74.4996421558493,-9.642607103937827,37.93457796647722,37.48922966148012,19.415884125003494,33.63507134515899,0.5032436688722498,0.27484413230727844,0.6187923300777312,0.1195484693054395,187.66962642063737,27.66394630407241,22.289003432269688,11.498802907371623
12,5618.78829049503,34.83496354712591,-8.07716091277958,37.17999196723446,37.1357930218145,7.060693353124659,22.023498741964183,0.5055536958152507,0.2813871375951927,0.6192839830779693,0.15247755427604312,187.61863155806918,120.07280204321063,20.921607694838002,11.498802907371623
12,4827.915500620862,47.28223956256079,-7.03837200168217,3.679505743013575,41.71865373011688,18.830791887846743,36.87015174639619,0.2719826969880777,0.33311227006336164,0.5817029295748515,0.11736640111572616,16.758097921149716,156.39333719526905,44.537623521823164,4.180333388221413
12,79.99900000642742,79.99900000642742,-10.281876188101663,37.2473083876666,37.492535802170764,25.22790931288864,38.40019187077589,0.1397103462365115,0.34961726020219236,0.17634602327276694,0.28555815078241215,18.49272456175036,41.05002641182447,176.02870004941414,201.28805834538454
12,79.99900000642742,79.99900000642742,-10.7096988648331,37.69049372860796,28.472101028321752,24.969540652065007,34.8618493550112,0.16618437923312962,0.3571220312771885,0.16614222519183205,0.2848632273325272,16.760434619896373,38.1085627470891,44.36389878863805,195.62025484009308
12,79.99900000642742,79.99900000642742,-10.83777859138739,37.23871851149597,31.53104229458375,25.942892778784053,34.85325691148068,0.13895776392659542,0.15448355000314684,0.17634602327276694,0.4092031976872913,18.501983343979234,26.40261535099596,174.95243324803516,16.953780235644828
12,79.99900000642742,79.99900000642742,-9.797641184207123,37.595541592597904,39.26653800284258,24.320360708896796,41.205111629975505,0.1382920643455536,0.1068727921803547,0.2738714185438052,0.5699961969234868,17.092898424224853,172.5224133929981,36.34535898292097,33.29348678215721
12,79.99900000642742,79.99900000642742,-11.545289729000366,37.23871851149597,37.232154557205234,40.71826663486905,38.361493023139786,0.14531540471007226,0.11422676286522877,0.17634602327276694,0.5700002284646816,5.821574436228827,27.280124647317827,176.02870004941414,18.130821708611105
12,79.99900000642742,79.99900000642742,-10.206354161822496,42.14270273506163,38.917983545693865,25.166698786333058,38.38259060752576,0.13895782180788602,0.16191102536040952,0.21627522338609434,0.521473577079111,16.80676951846786,181.069211823356,36.44926351967206,18.497632462015506
12,79.99900000642742,79.99900000642742,-10.58830902995264,37.69049372860796,28.472101028321752,25.161133962176834,35.98409806587322,0.1416852559544702,0.35623150585579144,0.16550538358444045,0.2862041579999464,16.760434619896373,40.58929747040168,54.55099191949299,27.567622630441676
12,79.99900000642742,79.99900000642742,-10.589014033838279,37.595583962879516,28.028590985723444,38.846150059629956,41.31254623950717,0.13895782428141848,0.14668302182621065,0.6281804684828736,0.5700002332551443,16.79915826470749,41.819889640856,25.76118676350758,18.130821708611105
12,79.99900000642742,79.99900000642742,-9.72014716006396,38.03548676180479,37.23363412935031,25.948755624996817,43.42762739783973,0.13313835238601457,0.1585971684967413,0.17634602327276694,0.5741694229286138,18.501983343979234,27.280124647317827,149.07924730888973,18.075600939724982
12,79.99900000642742,79.99900000642742,-9.895451594962545,25.27431787667227,41.40918898195941,42.85713107516369,34.15400112222403,0.12364389851678542,0.4054982823996508,0.16487911948397382,0.4132807583767484,8.06641076539935,38.89761219968525,146.92291713111263,32.913439567182934
12,79.99900000642742,79.99900000642742,-10.45790760610197,37.595541592597904,28.059144024859073,39.88185237807727,41.1993215685226,0.13895782180788602,0.14668302182621065,0.6281804684828736,0.5700003163339304,16.79915826470749,41.819889640856,25.76118676350758,18.130821708611105
12,79.99900000642742,79.99900000642742,-10.38094729589439,37.23871851149597,37.232154557205234,25.948755624996817,38.361493023139786,0.1397103462365115,0.15448355000314684,0.17634602327276694,0.5700002284646816,18.501983343979234,27.280124647317827,176.02870004941414,18.130821708611105
12,79.99900000642742,79.99900000642742,-11.338382801349177,38.037032395330726,37.20086004573116,39.925655434470315,34.85325691148068,0.14566372463349916,0.11570228335971103,0.17634602327276694,0.5743098247225441,1.6151720822694386,27.280124647317827,149.07924730888973,14.466838508676554
12,79.99900000642742,79.99900000642742,-11.252061725737633,37.23871851149597,37.232154557205234,32.627299587128306,38.361493023139786,0.1397103462365115,0.15448355000314684,0.17634602327276694,0.2814607510489464,18.501983343979234,27.49989460709783,42.631324317433936,18.130821708611105
12,79.99900000642742,79.99900000642742,-10.547650457164004,37.23871851149597,37.232154557205234,26.09747472879595,32.817982225390374,0.13895776392659542,0.15448355000314684,0.17634602327276694,0.5700002284646816,18.501983343979234,20.126595136412178,154.31711383629565,18.128635735420286
12,79.99900000642742,79.99900000642742,-9.90878833275788,37.595541592597904,38.81077611140476,25.166698786333058,41.1993215685226,0.13895782180788602,0.15448355000314684,0.19985822036684436,0.5700003163339304,16.79915826470749,41.129111977873436,36.350672604250384,18.130821708611105
12,79.99900000642742,79.99900000642742,-10.469404099426932,38.01545564732218,36.619790805228675,25.106457329748842,36.841025900809,0.2819027941158756,0.15448355000314684,0.1762989658409304,0.5794004270906237,16.758081922595245,27.893243781538818,148.83037286683322,18.408496828360278
12,79.99900000642742,79.99900000642742,-10.650420590450683,38.818876501533154,28.472101028321752,24.718617808767693,34.8618493550112,0.16618437923312962,0.3527407730941732,0.16616271068842386,0.28684066660598717,16.760434619896373,38.1085627470891,44.36389878863805,12.955651533233976
12,79.99900000642742,79.99900000642742,-10.206354161822496,41.4683514060977,38.917983545693865,25.166698786333058,36.013741394467594,0.13895782180788602,0.16191049794317078,0.21627522338609434,0.521473577079111,16.80676951846786,172.5224133929981,36.44926351967206,18.490463907743028
12,79.99900000642742,79.99900000642742,-10.42889823136679,38.84351127182452,37.20086004573116,25.155746486209928,34.85325691148068,0.1400586661599384,0.15595907069528178,0.17907346381072764,0.5743098247225441,2.576143009237116,27.280124647317827,149.07924730888973,14.466838508676554
12,79.99900000642742,79.99900000642742,-10.532455120980462,40.96548932669342,37.19993303081324,25.948755624996817,34.85325691148068,0.15154611153602396,0.15448355000314684,0.17634602327276694,0.505862613132481,13.17371593366893,19.60848651784236,154.25720962263003,17.863062339985213
12,79.99900000642742,79.99900000642742,-10.837156805340896,37.23154141277578,31.49225909043182,25.942892778784053,34.85802393783714,0.13895776392659542,0.15458252309913928,0.17634602327276694,0.5480240593173118,18.501983343979234,26.40261535099596,43.35949891335194,16.953780235644828
12,79.99900000642742,79.99900000642742,-11.363543075303213,37.711354712444084,35.52573602501505,40.40523911435706,42.28044314665061,0.13810790106582346,0.1754873810389937,0.17708558837914906,0.290529199826571,16.726201023287132,39.29749733777277,42.21343390766988,18.130821708611105
12,79.99900000642742,79.99900000642742,-10.759983274594518,37.54196722751507,30.223370060173814,28.893396976000542,38.40019187077589,0.12097954993302668,0.15450782642382527,0.17634602327276694,0.6091572142120444,18.501983343979234,27.280124647317827,176.9352471118673,113.43660366633318
12,79.99900000642742,79.99900000642742,-10.798721370767531,37.68190385243734,28.472101028321752,28.565391799103963,35.98409806587322,0.26511993588858423,0.16201303043505694,0.16614222519183205,0.5229538552626788,16.769693402125245,30.2109384915648,44.36389878863805,116.1165859675669
12,79.99900000642742,79.99900000642742,-9.855329506357187,25.27431787667227,41.71679166126715,41.99876885423928,34.15400112222403,0.12364389851678542,0.6491382063557117,0.16487911948397382,0.41466306812386794,8.06641076539935,38.89761219968525,97.41238709852172,5.645186533257906
12,79.99900000642742,79.99900000642742,-10.35582924465644,37.68908095115752,28.403675805492963,28.565391799103963,41.17070092340453,0.26511993588858423,0.1544871093990406,0.16614222519183205,0.5181754883389376,16.769693402125245,30.2109384915648,175.85901399599524,101.18672792175146
12,79.99900000642742,79.99900000642742,-10.418387318157862,38.01545564732218,37.232154557205234,25.106457329748842,36.00372142978975,0.13895776392659542,0.15448355000314684,0.1762989658409304,0.5904984103031324,16.755926653286473,27.893243781538818,149.07924730888973,18.130821708611105
12,79.99900000642742,79.99900000642742,-10.528252313190201,37.23871851149597,37.232154557205234,25.948755624996817,35.9926438100816,0.1397103462365115,0.15448302258590813,0.17634602327276694,0.5700002284646816,18.501983343979234,18.897721237170316,176.02870004941414,18.123653154338623
12,79.99900000642742,79.99900000642742,-10.668115517284175,37.595541592597904,28.059144024859073,38.270258392347046,40.941339202874545,0.13895782180788602,0.14865759667384915,0.504397799746944,0.19492361681098547,16.79915826470749,120.6875347496885,25.76118676350758,18.130821708611105
12,79.99900000642742,79.99900000642742,-10.317639820009887,37.2473083876666,37.492535802170764,24.594441088913282,22.742219441652317,0.1277215180549299,0.2786301874575361,0.17634602327276694,0.15119881093213616,22.137848751372474,41.05002641182447,176.02870004941414,8.410325777381104
12,79.99900000642742,79.99900000642742,-11.21755901094869,37.23871851149597,37.232154557205234,40.85197116087401,34.85325691148068,0.13901471747031938,0.11293350571175884,0.17634602327276694,0.5700002284646816,18.479500616150467,27.280124647317827,149.07924730888973,18.130821708611105
12,79.99900000642742,79.99900000642742,-11.092490572966298,37.23871851149597,37.232154557205234,41.832265588187084,34.87469331426204,0.12394100868879457,0.4432705715177201,0.16389326504292404,0.5700002284646816,19.116887407756657,24.980885916990882,149.07924730888973,17.581891173672297
12,79.99900000642742,79.99900000642742,-10.425960667222846,37.595541592597904,37.23433367095788,25.166698786333058,34.57742334034262,0.13895905885538348,0.14882063994978742,0.11712011526641442,0.5703675372355965,16.60969967051757,26.903795778802916,36.350672604250384,19.045560387710967
12,79.99900000642742,79.99900000642742,-10.528252313190201,37.23871851149597,37.232154557205234,25.948755624996817,34.85325691148068,0.13895776392659542,0.15448355000314684,0.17634602327276694,0.5700002284646816,18.501983343979234,27.893243781538818,149.07924730888973,18.130821708611105
12,79.99900000642742,79.99900000642742,-10.762822535758254,37.68190385243734,28.19687662658395,27.861612110822332,35.87242718377146,0.2601073882419464,0.1622202325062427,0.16614222519183205,0.5229538552626788,16.769693402125245,27.53222629363002,44.393784284369396,116.1165859675669
12,79.99900000642742,79.99900000642742,-10.528252313190201,37.23871851149597,37.232154557205234,25.948755624996817,35.02153281354289,0.14550175123917158,0.15094896143718112,0.17624835690893556,0.5700002284646816,16.78883037139131,27.17269087940105,149.07924730888973,20.261028739721425
12,79.99900000642742,79.99900000642742,-10.532455120980462,40.96548932669342,37.19993303081324,25.948755624996817,34.85325691148068,0.15154611153602396,0.15448355000314684,0.17634602327276694,0.505862613132481,13.17371593366893,27.375135162969087,149.01934309522412,17.86524831317603
12,79.99900000642742,79.99900000642742,-9.72014716006396,38.45845556824484,35.52588708073733,25.948755624996817,43.42762739783973,0.13895776392659542,0.15448355000314684,0.17634602327276694,0.1652206458519651,18.501983343979234,27.611592885094872,146.30130170870873,18.12787583625937
12,79.99900000642742,79.99900000642742,-9.90878833275788,37.595541592597904,38.81077611140476,25.166698786333058,41.1993215685226,0.13895782180788602,0.15448355000314684,0.19985822036684436,0.5700003163339304,16.79915826470749,41.129111977873436,18.10817925112369,18.130821708611105
12,79.99900000642742,79.99900000642742,-10.356102825731718,37.690383134549705,28.364892601341037,28.572256585273735,41.175468254663855,0.2569209519731955,0.154586082495033,0.16614222519183205,0.5714764751068849,16.769886435559116,28.59764956945688,44.26808131026274,101.18672792175146
12,79.99900000642742,79.99900000642742,-10.064623522177577,37.370492486553715,28.472101028321752,43.309987358293625,34.8618493550112,0.16618437923312962,0.3554510138690458,0.1655753547690343,0.2848632273325272,16.104531130149017,38.1085627470891,47.0891693056774,195.62025484009308
13,6416.9681188596,0.0,-10.220078736914928,37.595541592597904,38.812761803318566,25.166698786333058,14.182233343959679,0.13895782180788602,0.1461142942913354,0.09032858347484407,0.5703675372355965,16.60969967051757,41.129111977873436,36.350672604250384,19.045560387710967
13,79.99900000642742,79.99900000642742,-10.70244821294802,37.582924906745205,38.74202487864889,44.833454151121146,34.88555711705602,0.13895776145306296,0.15448355000314684,0.24337238925706273,0.5700003176687664,19.102621700638764,137.4469988357737,29.907564343939733,19.153648714130092
13,79.99900000642742,79.99900000642742,-9.797641184207123,37.595541592597904,39.26653800284258,24.320360708896796,41.205111629975505,0.1382920643455536,0.1068727921803547,0.2738714185438052,0.5797407483386822,17.092898424224853,172.5224133929981,36.34535898292097,34.81932539677748
13,4823.91996205554,74.4996421558493,-9.642607103937827,37.93457796647722,37.48922966148012,19.415884125003494,33.63507134515899,0.5032436688722498,0.27484413230727844,0.6187923300777312,0.1195484693054395,187.66962642063737,27.66394630407241,22.289003432269688,11.498802907371623
13,5618.78829049503,34.83496354712591,-8.07716091277958,37.17999196723446,37.1357930218145,7.060693353124659,22.023498741964183,0.5055536958152507,0.2813871375951927,0.6192839830779693,0.15247755427604312,187.61863155806918,120.07280204321063,20.921607694838002,11.498802907371623
13,4827.915500620862,47.28223956256079,-7.03837200168217,3.679505743013575,41.71865373011688,18.830791887846743,36.87015174639619,0.2719826969880777,0.33311227006336164,0.5817029295748515,0.11736640111572616,16.758097921149716,156.39333719526905,44.537623521823164,4.180333388221413
13,4826.164272033039,68.94645200777404,-9.642607103937827,37.93457796647722,37.48922966148012,19.415884125003494,34.26884855016478,0.5032436688722498,0.27484413230727844,0.6187923300777312,0.1195484693054395,187.66962642063737,34.734111926427346,22.289003432269688,11.498802907371623
13,79.99900000642742,79.99900000642742,-9.855329506357187,25.27431787667227,41.71679166126715,41.99876885423928,34.15400112222403,0.12364389851678542,0.6491382063557117,0.16487911948397382,0.41466306812386794,8.06641076539935,38.89761219968525,97.41238709852172,5.645186533257906
13,79.99900000642742,79.99900000642742,-10.756122056381887,37.595541592597904,28.059144024859073,31.522173830443826,31.226708383892866,0.13895907046710193,0.14865858197969256,0.13987746367494364,0.19492361681098547,16.79915826470749,120.6875347496885,26.236873447924353,18.130821708611105
13,79.99900000642742,79.99900000642742,-9.976571534742874,37.595541592597904,38.81077611140476,25.166698786333058,40.67965035330428,0.13895776210665425,0.15448355000314684,0.19985822036684436,0.5700003163339304,16.79915826470749,52.834864189510554,35.979786984582546,18.130821708611105
13,79.99900000642742,79.99900000642742,-10.762822535758254,37.68190385243734,28.19687662658395,27.861612110822332,35.87584824162215,0.25977420259141304,0.1622202325062427,0.17597696058277534,0.526247637256468,18.503419766622624,27.53637599926007,44.393784284369396,116.1165859675669
13,79.99900000642742,79.99900000642742,-10.70244821294802,37.13900414297214,38.74202487864889,44.833454151121146,34.88555711705602,0.13895776145306296,0.15448355000314684,0.24992312674891637,0.5700003176687664,19.102621700638764,137.4469988357737,29.907564343939733,19.403221646301812
13,79.99900000642742,79.99900000642742,-11.545296212797126,37.25419209186414,37.232204266313715,40.71826663486905,38.361493023139786,0.13922119740099942,0.1489520753881944,0.12510607818672798,0.5704123049805068,5.972290007486196,27.280124647317827,176.02870004941414,18.148508028042396
13,79.99900000642742,79.99900000642742,-10.843951436903073,37.69049372860796,30.885355741755095,25.970594563821063,34.83363354756415,0.2568182498972426,0.1546138927337929,0.1661892826236686,0.265641004808028,18.506491310589134,40.58929747040168,44.36389878863805,197.6187741894289
13,79.99900000642742,79.99900000642742,-10.45790760610197,37.595541592597904,28.059144024859073,39.88185237807727,41.1993215685226,0.13895782180788602,0.14668302182621065,0.6281804684828736,0.5700003163339304,16.79915826470749,41.819889640856,25.76118676350758,18.130821708611105
13,79.99900000642742,79.99900000642742,-9.72014716006396,38.45845556824484,35.52588708073733,25.948755624996817,43.42762739783973,0.13895776392659542,0.15448355000314684,0.17634602327276694,0.1652206458519651,18.501983343979234,27.611592885094872,146.30130170870873,18.12787583625937
13,79.99900000642742,79.99900000642742,-10.668115517284175,37.595541592597904,28.059144024859073,38.270258392347046,40.941339202874545,0.13895782180788602,0.14865759667384915,0.504397799746944,0.19492361681098547,16.79915826470749,120.6875347496885,25.76118676350758,18.130821708611105
13,79.99900000642742,79.99900000642742,-11.717780058723207,37.595541592597904,37.23433367095788,39.398019887413284,41.13350764560546,0.13895781019616754,0.14881965464394403,0.48196783002802945,0.5703675372355965,16.60969967051757,26.903795778802916,35.87498591983369,13.749123911266679
13,79.99900000642742,79.99900000642742,-10.535878524968467,37.69910346677845,37.18602614541548,25.961094836840424,36.178618216318114,0.1416852559544702,0.35623150585579144,0.16550538358444045,0.2862041579999464,16.760434619896373,41.0231456190039,54.55099191949299,27.567622630441676
13,79.99900000642742,79.99900000642742,-10.6413912238257,37.69049372860796,28.472101028321752,24.969540652065007,35.385541269401294,0.16618437923312962,0.37445996601600157,0.16600068614727764,0.2848632273325272,2.849994327573283,28.09160441244959,148.4698213082954,209.6342640690425
13,79.99900000642742,79.99900000642742,-10.528252313190201,37.23871851149597,37.232154557205234,25.948755624996817,35.9926438100816,0.1397103462365115,0.15448302258590813,0.17634602327276694,0.5700002284646816,18.501983343979234,18.897721237170316,176.02870004941414,18.123653154338623
13,79.99900000642742,79.99900000642742,-11.21755901094869,37.23871851149597,37.232154557205234,40.85197116087401,34.85325691148068,0.13901471747031938,0.11293350571175884,0.17634602327276694,0.5700002284646816,18.479500616150467,27.280124647317827,149.07924730888973,18.130821708611105
13,79.99900000642742,79.99900000642742,-10.58830902995264,37.69049372860796,28.472101028321752,25.161133962176834,35.98409806587322,0.1416852559544702,0.35623150585579144,0.16550538358444045,0.2862041579999464,16.760434619896373,40.58929747040168,54.55099191949299,27.567622630441676
13,79.99900000642742,79.99900000642742,-10.206354161822496,41.4683514060977,38.917983545693865,25.166698786333058,35.99817659782624,0.15104604241841274,0.16191049794317078,0.21627522338609434,0.521473577079111,17.142780635619168,172.5224133929981,36.44926351967206,18.490463907743028
13,79.99900000642742,79.99900000642742,-11.425444016017806,37.23871851149597,37.232154557205234,41.63708376773539,38.361493023139786,0.14531540471007226,0.11422676286522877,0.17634602327276694,0.5700002284646816,5.821574436228827,40.02242335150232,179.4005407781081,18.130821708611105
13,79.99900000642742,79.99900000642742,-10.206354161822496,42.14270273506163,38.917983545693865,25.166698786333058,38.38259060752576,0.13895782180788602,0.16191102536040952,0.21627522338609434,0.521473577079111,16.80676951846786,181.069211823356,36.44926351967206,18.497632462015506
13,79.99900000642742,79.99900000642742,-10.43205184205231,37.23871851149597,37.232154557205234,25.211218679606304,35.37292784691953,0.1389578236278272,0.15448355000314684,0.17634602327276694,0.5554820510891544,18.501983343979234,27.36146449657081,149.4508866626527,18.130821708611105
13,79.99900000642742,79.99900000642742,-10.685893488303307,37.69049372860796,27.615677138933343,25.971212935819317,34.83363354756415,0.2568182498972426,0.3571220312771885,0.1661892826236686,0.265641004808028,18.506491310589134,40.58929747040168,44.36389878863805,195.62025484009308
13,79.99900000642742,79.99900000642742,-11.338382801349177,38.037032395330726,37.20086004573116,39.925655434470315,34.85325691148068,0.14566372463349916,0.11570228335971103,0.17634602327276694,0.5743098247225441,1.6151720822694386,27.280124647317827,149.07924730888973,14.466838508676554
13,79.99900000642742,79.99900000642742,-10.838224816324441,37.23871851149597,31.53104229458375,25.942892778784053,34.84983585362998,0.13929098519282068,0.15448355000314684,0.16651128788182368,0.40590941564192035,16.76825697948185,26.398465645365906,174.95243324803516,16.953780235644828
13,79.99900000642742,79.99900000642742,-10.528252313190201,37.23871851149597,37.232154557205234,25.948755624996817,35.02153281354289,0.14550175123917158,0.15094896143718112,0.17624835690893556,0.5700002284646816,16.78883037139131,27.17269087940105,149.07924730888973,20.261028739721425
13,79.99900000642742,79.99900000642742,-11.21755901094869,37.59795998697877,37.232154557205234,40.85197116087401,34.85325691148068,0.13901471747031938,0.11293350571175884,0.17634602327276694,0.570000318212049,18.479500616150467,27.280124647317827,31.64866493313935,18.130821708611105
13,79.99900000642742,79.99900000642742,-10.547650457164004,37.23871851149597,37.232154557205234,26.09747472879595,32.817982225390374,0.13895776392659542,0.15448355000314684,0.17634602327276694,0.5700002284646816,18.501983343979234,20.126595136412178,154.31711383629565,18.128635735420286
13,79.99900000642742,79.99900000642742,-9.84567893753816,25.27431787667227,41.790779355546356,41.99876885423928,34.15400112222403,0.118379604376821,0.6491382063557117,0.21338008119298926,0.3761096767321158,8.06641076539935,32.850414372192446,97.41238709852172,5.645186533257906
13,79.99900000642742,79.99900000642742,-11.542491979685082,37.264004458833824,37.55660455593665,41.06416604501765,41.31254623950717,0.13895782428141848,0.3631322550708902,0.6113606567083244,0.30226951842073424,0.7290821931495728,41.819889640856,16.942226689869372,217.5041091778083
13,79.99900000642742,79.99900000642742,-11.27477101029222,37.23871851149597,37.232154557205234,40.41334583257363,34.85325691148068,0.13182323294194803,0.14592547427146613,0.17634602327276694,0.5700002284646816,18.479500616150467,19.293603500027615,149.07924730888973,18.130821708611105
13,79.99900000642742,79.99900000642742,-10.56277970081307,37.23871851149597,37.11678206122731,26.098093100794205,32.817982225390374,0.13895776392659542,0.35699215699034537,0.17634602327276694,0.5700002284646816,18.501983343979234,20.126595136412178,154.31711383629565,16.39016447771364
13,79.99900000642742,79.99900000642742,-10.759983274594518,37.54196722751507,30.223370060173814,28.893396976000542,38.40019187077589,0.12097954993302668,0.15450782642382527,0.17634602327276694,0.6091572142120444,18.501983343979234,27.280124647317827,176.9352471118673,113.43660366633318
13,79.99900000642742,79.99900000642742,-10.42889823136679,38.84351127182452,37.20086004573116,25.155746486209928,34.85320750641496,0.1400586661599384,0.15595907069528178,0.17921500285528208,0.5743098247225441,16.488083630210042,37.29708298195738,44.973412648708255,4.504478759172429
13,79.99900000642742,79.99900000642742,-10.798721370767531,37.68190385243734,28.472101028321752,28.565391799103963,35.98409806587322,0.26511993588858423,0.16201303043505694,0.16614222519183205,0.5229538552626788,16.769693402125245,30.2109384915648,44.36389878863805,116.1165859675669
13,79.99900000642742,79.99900000642742,-9.797641184207123,37.595541592597904,39.26653800284258,24.320360708896796,41.205111629975505,0.1382920643455536,0.1068727921803547,0.2738714185438052,0.5699961969234868,17.092898424224853,172.5224133929981,36.34535898292097,33.29348678215721
13,79.99900000642742,79.99900000642742,-10.418387318157862,38.01545564732218,37.232154557205234,25.106457329748842,36.00372142978975,0.13895776392659542,0.15448355000314684,0.1762989658409304,0.5904984103031324,16.755926653286473,27.893243781538818,149.07924730888973,18.130821708611105
13,79.99900000642742,79.99900000642742,-10.589014033838279,37.595583962879516,28.028590985723444,38.846150059629956,41.31254623950717,0.13895782428141848,0.14668302182621065,0.6281804684828736,0.5700002332551443,16.79915826470749,41.819889640856,25.76118676350758,18.130821708611105
13,79.99900000642742,79.99900000642742,-9.711959503941035,37.24130196867942,37.233651236199975,25.885983594721033,43.42762739783973,0.13302603729081508,0.1585971684967413,0.17634602327276694,0.2887078306991778,18.501983343979234,27.280124647317827,149.07924730888973,18.077140115716546
13,79.99900000642742,79.99900000642742,-10.35582924465644,37.68908095115752,28.403675805492963,28.565391799103963,41.17070092340453,0.26511993588858423,0.1544871093990406,0.16614222519183205,0.5181754883389376,16.769693402125245,30.2109384915648,175.85901399599524,101.18672792175146
13,79.99900000642742,79.99900000642742,-10.685893488303307,37.69049372860796,27.615677138933343,25.05032755424092,34.93949984585045,0.2568182498972426,0.3571220312771885,0.1661892826236686,0.265641004808028,18.506491310589134,19.334119988259673,40.99397673506215,195.62025484009308
13,79.99900000642742,79.99900000642742,-10.356102825731718,37.690383134549705,28.364892601341037,28.572256585273735,41.175468254663855,0.2569209519731955,0.154586082495033,0.16614222519183205,0.5714764751068849,16.769886435559116,28.59764956945688,44.26808131026274,101.18672792175146
13,79.99900000642742,79.99900000642742,-9.90878833275788,37.595541592597904,38.81077611140476,25.166698786333058,41.1993215685226,0.13895782180788602,0.15448355000314684,0.19985822036684436,0.5700003163339304,16.79915826470749,41.129111977873436,18.10817925112369,18.130821708611105
14,79.99900000642742,79.99900000642742,-10.70244821294802,37.582924906745205,38.74202487864889,44.833454151121146,34.88555711705602,0.13895776145306296,0.15448355000314684,0.24337238925706273,0.5700003176687664,19.102621700638764,137.4469988357737,29.907564343939733,19.153648714130092
14,79.99900000642742,79.99900000642742,-10.70244821294802,37.582924906745205,38.74202487864889,44.833454151121146,34.88555711705602,0.13895776145306296,0.154506763644906,0.24337238925706273,0.5700003176687664,7.300401127603202,137.4469988357737,32.50223623807911,19.153648714130092
14,6416.9681188596,0.0,-10.220078736914928,37.595541592597904,38.812761803318566,25.166698786333058,14.182233343959679,0.13895782180788602,0.1461142942913354,0.09032858347484407,0.5703675372355965,16.60969967051757,41.129111977873436,36.350672604250384,19.045560387710967
14,4822.633304859429,49.48877296022536,-9.567596524836691,37.93457796647722,37.48922966148012,18.840803018561452,34.840843433438785,0.5032436688722498,0.27982202320695093,0.5901491666469932,0.1251451458138526,187.66962642063737,19.319041377969477,22.289003432269688,11.336255379625976
14,5618.78829049503,34.83496354712591,-8.07716091277958,37.17999196723446,37.1357930218145,7.060693353124659,22.023498741964183,0.5055536958152507,0.2813871375951927,0.6192839830779693,0.15247755427604312,187.61863155806918,120.07280204321063,20.921607694838002,11.498802907371623
14,4827.915500620862,47.28223956256079,-7.03837200168217,3.679505743013575,41.71865373011688,18.830791887846743,36.87015174639619,0.2719826969880777,0.33311227006336164,0.5817029295748515,0.11736640111572616,16.758097921149716,156.39333719526905,44.537623521823164,4.180333388221413
14,79.99900000642742,79.99900000642742,-9.84567893753816,25.27431787667227,41.790779355546356,41.99876885423928,34.15400112222403,0.118379604376821,0.6491382063557117,0.21338008119298926,0.3761096767321158,8.06641076539935,32.850414372192446,97.41238709852172,5.645186533257906
14,79.99900000642742,79.99900000642742,-10.58830902995264,37.69049372860796,28.472101028321752,25.161133962176834,35.98409806587322,0.1416852559544702,0.35623150585579144,0.16550538358444045,0.2862041579999464,16.760434619896373,40.58929747040168,54.55099191949299,27.567622630441676
14,79.99900000642742,79.99900000642742,-9.976571534742874,37.595541592597904,38.81077611140476,25.166698786333058,40.67965035330428,0.13895776210665425,0.15448355000314684,0.19985822036684436,0.5700003163339304,16.79915826470749,52.834864189510554,35.979786984582546,18.130821708611105
14,79.99900000642742,79.99900000642742,-9.797641184207123,37.60596165365805,39.26653800284258,24.320360708896796,41.205111629975505,0.14598096377106987,0.1067475424178502,0.2738714185438052,0.5702097566457036,17.092898424224853,172.5224133929981,36.34535898292097,15.510168612870963
14,79.99900000642742,79.99900000642742,-9.627124681009349,37.203378992982636,37.22410962431289,25.23558328557813,43.42762739783973,0.13302603729081508,0.1618526159557304,0.1768089158463389,0.2887078306991778,16.82710806429041,27.280124647317827,37.602929546149284,18.077140115716546
14,79.99900000642742,79.99900000642742,-10.946581463299019,37.14729592510997,38.748973214255365,42.961765898430194,34.88555711705602,0.13895776145306296,0.15448355000314684,0.09151453126486506,0.570007460952719,19.088634858799328,137.4469988357737,29.907564343939733,19.405385857880535
14,79.99900000642742,79.99900000642742,-10.419457587422762,37.70896099459345,37.232154557205234,25.114662727446436,36.00372142978975,0.26490127540691066,0.15516937539979347,0.1762989658409304,0.26946821611992167,16.755926653286473,27.893243781538818,148.54475603437433,14.635091409646549
14,79.99900000642742,79.99900000642742,-10.42889823136679,38.84351127182452,37.20086004573116,25.155746486209928,34.85320750641496,0.1400586661599384,0.15595907069528178,0.17921500285528208,0.5743098247225441,16.488083630210042,37.29708298195738,44.973412648708255,4.504478759172429
14,79.99900000642742,79.99900000642742,-10.759983274594518,37.54196722751507,30.223370060173814,28.893396976000542,38.40019187077589,0.12097954993302668,0.15450782642382527,0.17634602327276694,0.6091572142120444,18.501983343979234,27.280124647317827,176.9352471118673,113.43660366633318
14,79.99900000642742,79.99900000642742,-9.72014716006396,38.45845556824484,35.52588708073733,25.948755624996817,43.42762739783973,0.13895776392659542,0.15448355000314684,0.17634602327276694,0.1652206458519651,18.501983343979234,27.611592885094872,146.30130170870873,18.12787583625937
14,79.99900000642742,79.99900000642742,-11.27477101029222,37.23871851149597,37.232154557205234,40.41334583257363,34.85325691148068,0.13182323294194803,0.14592547427146613,0.17634602327276694,0.5700002284646816,18.479500616150467,19.293603500027615,149.07924730888973,18.130821708611105
14,79.99900000642742,79.99900000642742,-10.56277970081307,37.23871851149597,37.11678206122731,26.098093100794205,32.817982225390374,0.13895776392659542,0.35699215699034537,0.17634602327276694,0.5700002284646816,18.501983343979234,20.126595136412178,154.31711383629565,16.39016447771364
14,79.99900000642742,79.99900000642742,-10.798721370767531,37.68190385243734,28.472101028321752,28.565391799103963,35.98409806587322,0.26511993588858423,0.16201303043505694,0.16614222519183205,0.5229538552626788,16.769693402125245,30.2109384915648,44.36389878863805,116.1165859675669
14,79.99900000642742,79.99900000642742,-10.206354161822496,42.14270273506163,38.917983545693865,25.166698786333058,38.36341242613195,0.13892141900910576,0.16191102536040952,0.21627522338609434,0.5708243877779798,16.80676951846786,20.610672158463586,36.44926351967206,18.502303828400844
14,79.99900000642742,79.99900000642742,-10.534338583661032,37.68672784171192,28.161282362147915,39.398019887413284,41.13350764560546,0.13895781019616754,0.14881965464394403,0.14753356067315995,0.5703675372355965,16.60969967051757,26.903795778802916,35.87498591983369,13.749123911266679
14,79.99900000642742,79.99900000642742,-10.56277970081307,37.23871851149597,37.11678206122731,26.098093100794205,32.817982225390374,0.14508513923705502,0.15593389460161206,0.17634602327276694,0.18097147996442753,18.501983343979234,20.126595136412178,154.31711383629565,16.39016447771364
14,79.99900000642742,79.99900000642742,-10.535878524968467,37.69910346677845,37.18602614541548,25.961094836840424,36.178618216318114,0.1416852559544702,0.35623150585579144,0.16550538358444045,0.2862041579999464,16.760434619896373,41.0231456190039,54.55099191949299,27.567622630441676
14,79.99900000642742,79.99900000642742,-10.45790760610197,37.595541592597904,28.059144024859073,39.88185237807727,41.1993215685226,0.13895782180788602,0.14681883959387382,0.6254676192437867,0.5700003163339304,16.79915826470749,41.819889640856,24.20229497970211,14.357643392740398
14,79.99900000642742,79.99900000642742,-11.717780058723207,37.595541592597904,37.23433367095788,39.398019887413284,41.13350764560546,0.13895781019616754,0.14881965464394403,0.48196783002802945,0.5703675372355965,16.60969967051757,26.903795778802916,35.87498591983369,13.749123911266679
14,79.99900000642742,79.99900000642742,-11.542491979685082,37.264004458833824,37.55660455593665,41.06416604501765,41.31254623950717,0.13895782428141848,0.3631322550708902,0.6113606567083244,0.30226951842073424,0.7290821931495728,41.819889640856,16.942226689869372,217.5041091778083
14,79.99900000642742,79.99900000642742,-10.762822535758254,37.68190385243734,28.19687662658395,27.861612110822332,35.87584824162215,0.25977420259141304,0.1622202325062427,0.17597696058277534,0.526247637256468,18.503419766622624,27.53637599926007,44.393784284369396,116.1165859675669
14,79.99900000642742,79.99900000642742,-10.685893488303307,37.69049372860796,27.615677138933343,25.05032755424092,34.93949984585045,0.2568182498972426,0.3571220312771885,0.1661892826236686,0.265641004808028,18.506491310589134,19.334119988259673,40.99397673506215,195.62025484009308
14,79.99900000642742,79.99900000642742,-9.855329506357187,25.27431787667227,41.71679166126715,41.99876885423928,34.15400112222403,0.12364389851678542,0.6491382063557117,0.16487911948397382,0.41466306812386794,8.06641076539935,38.89761219968525,97.41238709852172,5.645186533257906
14,79.99900000642742,79.99900000642742,-9.908658126347994,37.595541592597904,38.79649999914652,25.171541305919703,41.205162337251686,0.13831075856634883,0.11029168604788117,0.2738714185438052,0.5705135393793109,17.092898424224853,44.30175219665082,36.50259374533422,34.26408881320394
14,79.99900000642742,79.99900000642742,-10.70244821294802,37.13900414297214,38.74202487864889,44.833454151121146,34.88555711705602,0.13895776145306296,0.15448355000314684,0.24992312674891637,0.5700003176687664,19.102621700638764,137.4469988357737,29.907564343939733,19.403221646301812
14,79.99900000642742,79.99900000642742,-11.545296212797126,37.25419209186414,37.232204266313715,40.71826663486905,38.380671204533606,0.13925760019977967,0.1489520753881944,0.12510607818672798,0.5210614942815283,5.972290007486196,187.87359131099342,142.7994110356605,18.14383666165706
14,79.99900000642742,79.99900000642742,-10.70642676429658,37.53307194599289,27.615677138933343,26.075730844455094,34.83363354756415,0.2568182498972426,0.3571220312771885,0.1661892826236686,0.2706696708135064,18.506491310589134,40.58929747040168,31.403004881594754,195.62025484009308
14,79.99900000642742,79.99900000642742,-11.338382801349177,38.037032395330726,37.20086004573116,39.925655434470315,34.85325691148068,0.14566372463349916,0.11570228335971103,0.17634602327276694,0.5743098247225441,1.6151720822694386,27.280124647317827,149.07924730888973,14.466838508676554
14,79.99900000642742,79.99900000642742,-10.547650457164004,37.23871851149597,37.232154557205234,26.09747472879595,32.817982225390374,0.13895776392659542,0.15448355000314684,0.17634602327276694,0.5700002284646816,18.501983343979234,20.126595136412178,154.31711383629565,18.128635735420286
14,79.99900000642742,79.99900000642742,-10.723938332093809,37.23871851149597,37.225118817076805,27.44197936312939,33.643039533910354,0.13465507883976088,0.15448355000314684,0.18784042946247162,0.5700002284646816,18.501983343979234,7.488117105627403,13.41266874554169,18.128635735420286
14,79.99900000642742,79.99900000642742,-10.589014033838279,37.59554447648446,28.028590985723444,38.846150059629956,42.14249859508995,0.1389578100253832,0.1305691803302623,0.47737702146974986,0.569969437622056,16.79915826470749,26.395313163882985,25.76118676350758,18.130821708611105
14,79.99900000642742,79.99900000642742,-11.323136691409402,37.691517977344105,37.188044771661296,40.0425422773419,34.85325691148068,0.1321591447924697,0.14592547427146613,0.17634602327276694,0.5700002284646816,18.47787790913294,40.88897683888155,149.07924730888973,27.711824336374335
14,79.99900000642742,79.99900000642742,-10.4235754653766,37.23871851149597,37.233703490258186,25.147782058145463,32.914505391210895,0.13895776392659542,0.35699215699034537,0.17634602327276694,0.5700002284646816,18.43504313738861,18.714509451749233,154.31711383629565,18.5028119491076
14,79.99900000642742,79.99900000642742,-10.14790362546671,37.68190385243734,41.391769472127805,27.192363934039275,35.87584824162215,0.25977420259141304,0.1622202325062427,0.17597696058277534,0.526247637256468,18.509978516987296,27.53637599926007,44.393784284369396,116.18196035215396
14,79.99900000642742,79.99900000642742,-10.35582924465644,37.68908095115752,28.403675805492963,28.565391799103963,41.17070092340453,0.26511993588858423,0.1544871093990406,0.16614222519183205,0.5181754883389376,16.769693402125245,30.2109384915648,175.85901399599524,101.18672792175146
14,79.99900000642742,79.99900000642742,-10.843951436903073,37.69049372860796,30.885355741755095,25.970594563821063,34.83363354756415,0.2568182498972426,0.1546138927337929,0.1661892826236686,0.265641004808028,18.506491310589134,40.58929747040168,44.36389878863805,197.6187741894289
14,79.99900000642742,79.99900000642742,-11.134135739722439,37.23871851149597,37.774468865663565,44.4127615277915,41.221165004710556,0.14531540471007226,0.15608932256057562,0.17634602327276694,0.5700002284646816,16.440290549968665,30.19621652127607,179.40634706857642,18.130821708611105
14,79.99900000642742,79.99900000642742,-11.125655995982676,37.23871851149597,37.232154557205234,40.98456605900613,34.281262028206676,0.13182323294194803,0.14094773742325567,0.20425475635453888,0.5648765938703805,18.479500616150467,34.70867404896166,133.92053821855762,18.293369236370992
14,79.99900000642742,79.99900000642742,-10.45790760610197,37.595541592597904,28.059144024859073,39.88185237807727,41.1993215685226,0.13895782180788602,0.14668302182621065,0.6281804684828736,0.5700003163339304,16.79915826470749,41.819889640856,25.76118676350758,18.130821708611105
14,79.99900000642742,79.99900000642742,-10.206354161822496,42.14270273506163,38.917983545693865,25.166698786333058,38.38259060752576,0.13895782180788602,0.16191102536040952,0.21627522338609434,0.521473577079111,16.80676951846786,181.069211823356,36.44926351967206,18.497632462015506
14,79.99900000642742,79.99900000642742,-10.206354161822496,41.4683514060977,38.917983545693865,25.166698786333058,35.99817659782624,0.15104604241841274,0.16191049794317078,0.21627522338609434,0.521473577079111,17.142780635619168,172.5224133929981,36.44926351967206,18.490463907743028
14,79.99900000642742,79.99900000642742,-10.589014033838279,37.595583962879516,28.028590985723444,38.846150059629956,41.31254623950717,0.13895782428141848,0.14668302182621065,0.6281804684828736,0.5700002332551443,16.79915826470749,41.819889640856,25.76118676350758,18.130821708611105
15,79.99900000642742,79.99900000642742,-10.701740312715778,37.59085974374791,38.74202487864889,44.838881386235045,34.88555711705602,0.1389577646416458,0.15448355000314684,0.6127432041390855,0.5700003176546369,19.5980738314697,137.4469988357737,25.825018087609514,19.403221646301812
15,79.99900000642742,79.99900000642742,-10.70244821294802,37.582924906745205,38.74202487864889,44.833454151121146,34.88555711705602,0.13895776145306296,0.15448355000314684,0.24337238925706273,0.5700003176687664,19.102621700638764,137.4469988357737,29.907564343939733,19.153648714130092
15,6416.9681188596,0.0,-10.220078736914928,37.595541592597904,38.812761803318566,25.166698786333058,14.182233343959679,0.13895782180788602,0.1461142942913354,0.09032858347484407,0.5703675372355965,16.60969967051757,41.129111977873436,36.350672604250384,19.045560387710967
15,4570.0125846885985,64.26678034512216,-7.989219960973115,39.75954144592462,30.984926480476588,4.069462959572798,34.81877659211218,0.5055536958152507,0.2813871375951927,0.1513621136565848,0.141620717721744,190.83784535661826,120.07280204321063,44.111703593355394,11.46349444961426
15,5618.78829049503,34.83496354712591,-8.07716091277958,37.17999196723446,37.1357930218145,7.060693353124659,22.023498741964183,0.5055536958152507,0.2813871375951927,0.6192839830779693,0.15247755427604312,187.61863155806918,120.07280204321063,20.921607694838002,11.498802907371623
15,4827.915500620862,47.28223956256079,-7.03837200168217,3.679505743013575,41.71865373011688,18.830791887846743,36.87015174639619,0.2719826969880777,0.33311227006336164,0.5817029295748515,0.11736640111572616,16.758097921149716,156.39333719526905,44.537623521823164,4.180333388221413
15,4822.633304859429,49.48877296022536,-9.567596524836691,37.93457796647722,37.48922966148012,18.840803018561452,34.840843433438785,0.5032436688722498,0.27982202320695093,0.5901491666469932,0.1251451458138526,187.66962642063737,19.319041377969477,22.289003432269688,11.336255379625976
15,79.99900000642742,79.99900000642742,-10.16389889773216,37.690224765205876,41.269139051426,27.192363934039275,35.87584824162215,0.26652131946152385,0.3515947913490004,0.18127270719157046,0.526247637256468,16.461572528713187,40.53558497978022,44.393784284369396,116.18196035215396
15,79.99900000642742,79.99900000642742,-10.52684072220687,37.595541592597904,28.58763124832999,39.88185237807727,41.1993215685226,0.13895782180788602,0.14681883959387382,0.6254676192437867,0.5700003163339304,16.79915826470749,41.819889640856,24.20229497970211,14.357643392740398
15,79.99900000642742,79.99900000642742,-10.589014033838279,37.595583962879516,28.028590985723444,38.846150059629956,41.31254623950717,0.13895782428141848,0.14668302182621065,0.6281804684828736,0.5700002332551443,16.79915826470749,41.819889640856,25.76118676350758,18.130821708611105
15,79.99900000642742,79.99900000642742,-10.346157878369699,37.68190385243734,37.91722955152246,25.237773285690196,35.24479433160145,0.2598596879042913,0.1622202325062427,0.17597696058277534,0.5215361409092163,18.496930363184514,172.06553319009794,43.994887183380925,126.58096805497088
15,79.99900000642742,79.99900000642742,-10.534338583661032,31.409222043638756,28.161282362147915,39.398019887413284,41.13350764560546,0.13926137763747726,0.1489570383242402,0.12748398973731265,0.5699648044446336,16.60969967051757,26.903795778802916,128.5103166368558,18.335774556499473
15,79.99900000642742,79.99900000642742,-11.323136691409402,37.691517977344105,37.188044771661296,40.0425422773419,34.85325691148068,0.1321591447924697,0.14592547427146613,0.17634602327276694,0.5700002284646816,18.47787790913294,40.88897683888155,149.07924730888973,27.711824336374335
15,79.99900000642742,79.99900000642742,-10.946581463299019,37.14729592510997,38.748973214255365,42.961765898430194,34.88555711705602,0.13895776145306296,0.15448355000314684,0.09151453126486506,0.570007460952719,19.088634858799328,137.4469988357737,29.907564343939733,19.405385857880535
15,79.99900000642742,79.99900000642742,-10.547650457164004,37.23871851149597,37.232154557205234,26.09747472879595,32.817982225390374,0.13895776392659542,0.15448355000314684,0.17634602327276694,0.5700002284646816,18.501983343979234,20.126595136412178,154.31711383629565,18.128635735420286
15,79.99900000642742,79.99900000642742,-10.759983274594518,37.54196722751507,30.223370060173814,28.893396976000542,38.40019187077589,0.12097954993302668,0.15450782642382527,0.17634602327276694,0.6091572142120444,18.501983343979234,27.280124647317827,176.9352471118673,113.43660366633318
15,79.99900000642742,79.99900000642742,-10.35582924465644,37.68908095115752,28.403675805492963,28.565391799103963,41.17070092340453,0.26511993588858423,0.1544871093990406,0.16614222519183205,0.5181754883389376,16.769693402125245,30.2109384915648,175.85901399599524,101.18672792175146
15,79.99900000642742,79.99900000642742,-11.542491979685082,37.264004458833824,37.55660455593665,41.06416604501765,41.31254623950717,0.13895782428141848,0.3631322550708902,0.6113606567083244,0.30226951842073424,0.7290821931495728,41.819889640856,16.942226689869372,217.5041091778083
15,79.99900000642742,79.99900000642742,-10.70244821294802,37.582924906745205,38.74202487864889,44.833454151121146,34.88555711705602,0.13895776145306296,0.154506763644906,0.24337238925706273,0.5700003176687664,7.300401127603202,137.4469988357737,32.50223623807911,19.153648714130092
15,79.99900000642742,79.99900000642742,-11.27477101029222,37.23871851149597,37.232154557205234,40.41334583257363,34.85325691148068,0.13182323294194803,0.14592547427146613,0.17634602327276694,0.5700002284646816,18.479500616150467,19.293603500027615,149.07924730888973,18.130821708611105
15,79.99900000642742,79.99900000642742,-10.206354161822496,42.14270273506163,38.917983545693865,25.166698786333058,38.36341242613195,0.13892141900910576,0.16191102536040952,0.21627522338609434,0.5708243877779798,16.80676951846786,20.610672158463586,36.44926351967206,18.502303828400844
15,79.99900000642742,79.99900000642742,-9.84567893753816,25.27431787667227,41.790779355546356,41.99876885423928,34.15400112222403,0.118379604376821,0.6491382063557117,0.21338008119298926,0.3761096767321158,8.06641076539935,32.850414372192446,97.41238709852172,5.645186533257906
15,79.99900000642742,79.99900000642742,-10.206354161822496,41.4683514060977,38.917983545693865,25.166698786333058,35.99817659782624,0.15104604241841274,0.16191049794317078,0.21627522338609434,0.521473577079111,17.142780635619168,172.5224133929981,36.44926351967206,18.490463907743028
15,79.99900000642742,79.99900000642742,-11.05384032257141,37.47726092045964,30.223370060173814,28.893396976000542,35.97308254216773,0.13194423888508316,0.15448447627235962,0.17634602327276694,0.6091572142120444,18.501983343979234,138.29529165413553,31.453933068817236,16.745576040176317
15,79.99900000642742,79.99900000642742,-10.538023356024844,37.69049372860796,37.18271113761897,25.974223533809464,32.81940094104226,0.2568182498972426,0.15592015360443057,0.16640770150458967,0.1831328477539481,18.501871590336066,22.29857677803815,44.36389878863805,197.6187741894289
15,79.99900000642742,79.99900000642742,-10.58830902995264,37.69049372860796,28.472101028321752,25.161133962176834,35.98409806587322,0.1416852559544702,0.35623150585579144,0.16550538358444045,0.2862041579999464,16.760434619896373,40.58929747040168,54.55099191949299,27.567622630441676
15,79.99900000642742,79.99900000642742,-11.134135739722439,37.23871851149597,37.774468865663565,44.4127615277915,41.221165004710556,0.14531540471007226,0.15608932256057562,0.17634602327276694,0.5700002284646816,16.440290549968665,30.19621652127607,179.40634706857642,18.130821708611105
15,79.99900000642742,79.99900000642742,-10.70642676429658,37.53307194599289,27.615677138933343,26.075730844455094,34.83363354756415,0.2568182498972426,0.3571220312771885,0.1661892826236686,0.2706696708135064,18.506491310589134,40.58929747040168,7.432035276638494,195.62025484009308
15,79.99900000642742,79.99900000642742,-11.338382801349177,38.037032395330726,37.20086004573116,39.925655434470315,34.85325691148068,0.14566372463349916,0.11570228335971103,0.17634602327276694,0.5743098247225441,1.6151720822694386,27.280124647317827,149.07924730888973,14.466838508676554
15,79.99900000642742,79.99900000642742,-11.545296212797126,37.25419209186414,37.232204266313715,40.71826663486905,38.380671204533606,0.13925760019977967,0.1489520753881944,0.12510607818672798,0.5210614942815283,5.972290007486196,187.87359131099342,142.7994110356605,18.14383666165706
15,79.99900000642742,79.99900000642742,-10.70642676429658,37.53307194599289,27.615677138933343,26.075730844455094,34.83363354756415,0.2568182498972426,0.3571220312771885,0.1661892826236686,0.2706696708135064,18.506491310589134,40.58929747040168,31.403004881594754,195.62025484009308
15,79.99900000642742,79.99900000642742,-9.72014716006396,38.45845556824484,35.52588708073733,25.948755624996817,43.42762739783973,0.13895776392659542,0.15448355000314684,0.17634602327276694,0.1652206458519651,18.501983343979234,27.611592885094872,146.30130170870873,18.12787583625937
15,79.99900000642742,79.99900000642742,-10.56277970081307,37.23871851149597,37.11678206122731,26.098093100794205,32.817982225390374,0.13895776392659542,0.35699215699034537,0.17634602327276694,0.5700002284646816,18.501983343979234,20.126595136412178,154.31711383629565,16.39016447771364
15,79.99900000642742,79.99900000642742,-11.717780058723207,37.595541592597904,37.23433367095788,39.398019887413284,41.13350764560546,0.13895781019616754,0.14881965464394403,0.48196783002802945,0.5703675372355965,16.60969967051757,26.903795778802916,35.87498591983369,13.749123911266679
15,79.99900000642742,79.99900000642742,-10.14790362546671,37.68190385243734,41.391769472127805,27.192363934039275,35.87584824162215,0.25977420259141304,0.1622202325062427,0.17597696058277534,0.526247637256468,18.509978516987296,27.53637599926007,44.393784284369396,116.18196035215396
15,79.99900000642742,79.99900000642742,-10.589014033838279,37.595583962879516,28.028590985723444,38.846150059629956,41.31254623950717,0.13895782428141848,0.14668302182621065,0.6281804684828736,0.5700002332551443,16.79915826470749,41.819889640856,25.89829823482717,18.130821708611105
15,79.99900000642742,79.99900000642742,-10.393698017542917,37.68908095115752,37.91534250496591,28.85571905790027,41.17070092340453,0.2131996897252359,0.1560728176856176,0.16614222519183205,0.5187720513002837,16.76864026391613,30.210317272047337,175.85901399599524,103.0803671419487
15,79.99900000642742,79.99900000642742,-10.286710194102419,42.33285173264927,29.197629887434513,27.790537611465197,35.99817659782624,0.15096055988578344,0.16191049794317078,0.21627522338609434,0.5261850734263627,17.149270039057274,28.00628851063985,36.84816062066052,8.471215980531788
15,79.99900000642742,79.99900000642742,-11.719107157745377,37.58213029875493,37.24450809679453,39.398019887413284,41.13350764560546,0.13895781182117073,0.15447158579525155,0.5260551485101702,0.5703675372355965,19.03315484924702,27.40490818396804,35.87498591983369,13.749123911266679
15,79.99900000642742,79.99900000642742,-11.45060902783171,37.23871851149597,37.774468865663565,41.98646631895375,40.705350720524976,0.1376591176696162,0.15608932256057562,0.17634602327276694,0.5700046877051788,16.435649935459622,30.19621652127607,179.40634706857642,19.051482375019884
15,79.99900000642742,79.99900000642742,-9.901563645652637,25.27431787667227,41.36232992666872,42.88278740996409,34.190243939560325,0.12364389851678542,0.6491382063557117,0.17900805901409653,0.1296225411064917,8.06641076539935,19.021225519625727,89.71134652389205,5.645186533257906
15,79.99900000642742,79.99900000642742,-10.685893488303307,37.69049372860796,27.615677138933343,25.05032755424092,34.93949984585045,0.2568182498972426,0.3571220312771885,0.1661892826236686,0.265641004808028,18.506491310589134,19.334119988259673,40.99397673506215,195.62025484009308
15,79.99900000642742,79.99900000642742,-10.534338583661032,37.68672784171192,28.161282362147915,39.398019887413284,41.13350764560546,0.13895781019616754,0.14881965464394403,0.14753356067315995,0.5703675372355965,16.60969967051757,26.903795778802916,35.87498591983369,13.749123911266679
15,79.99900000642742,79.99900000642742,-9.797641184207123,37.60596165365805,39.26653800284258,24.320360708896796,41.205111629975505,0.14598096377106987,0.1067475424178502,0.2738714185438052,0.5702097566457036,17.092898424224853,172.5224133929981,36.34535898292097,15.510168612870963
15,79.99900000642742,79.99900000642742,-9.855329506357187,25.27431787667227,41.71679166126715,41.99876885423928,34.15400112222403,0.12364389851678542,0.6491382063557117,0.16487911948397382,0.41466306812386794,8.06641076539935,38.89761219968525,97.41238709852172,5.645186533257906
15,79.99900000642742,79.99900000642742,-10.723938332093809,37.23871851149597,37.225118817076805,27.44197936312939,33.643039533910354,0.13465507883976088,0.15448355000314684,0.18784042946247162,0.5700002284646816,18.501983343979234,7.488117105627403,13.41266874554169,18.128635735420286
15,79.99900000642742,79.99900000642742,-10.721084653180803,37.23871851149597,37.23216854636602,27.427150887418865,32.79716450791339,0.13486664548040614,0.15448355000314684,0.1757221506574396,0.5700002284646816,18.501983343979234,7.486667556736749,18.93468335210237,18.128635735420286
15,79.99900000642742,79.99900000642742,-10.56277970081307,37.23871851149597,37.11678206122731,26.098093100794205,33.35685641624212,0.13895776392659542,0.35699215699034537,0.08330003680366467,0.5703581542732659,18.501983343979234,19.873885470958434,154.21107589095328,16.400284349907217
16,6416.9681188596,0.0,-10.220078736914928,37.595541592597904,38.812761803318566,25.166698786333058,14.182233343959679,0.13895782180788602,0.1461142942913354,0.09032858347484407,0.5703675372355965,16.60969967051757,41.129111977873436,36.350672604250384,19.045560387710967
16,79.99900000642742,79.99900000642742,-10.701740312715778,37.59085974374791,38.74202487864889,44.838881386235045,34.88555711705602,0.1389577646416458,0.15448355000314684,0.6127432041390855,0.5700003176546369,19.5980738314697,137.4469988357737,25.825018087609514,19.403221646301812
16,79.99900000642742,79.99900000642742,-10.56242157360754,37.961178417923165,37.117565599318624,26.09613099697646,33.36024440693511,0.13895776392659542,0.356488080084729,0.10923707302694674,0.5703581542732659,19.437124929926668,19.873885470958434,151.70934772763854,17.242983733866694
16,4570.012584688598,64.26678034512216,-7.989219960973115,39.75954144592462,30.984926480476588,4.069462959572798,34.81877659211218,0.5055536958152507,0.2813871375951927,0.1513621136565848,0.141620717721744,189.66853751029788,120.07280204321063,44.111703593355394,11.46349444961426
16,5618.78829049503,34.83496354712591,-8.07716091277958,37.17999196723446,37.1357930218145,7.060693353124659,22.023498741964183,0.5055536958152507,0.2813871375951927,0.6192839830779693,0.15247755427604312,187.61863155806918,120.07280204321063,20.921607694838002,11.498802907371623
16,4823.0714225638985,46.49334380452527,-9.114413917292964,35.235727102809,37.48922966148012,18.854296386405323,40.977123020492556,0.5032436688722498,0.28115339662609773,0.5961541998207227,0.1251451458138526,198.2065035437172,19.276301462660335,22.289003432269688,11.336255379625976
16,4822.633304859429,49.48877296022536,-9.567596524836691,37.93457796647722,37.48922966148012,18.840803018561452,34.840843433438785,0.5032436688722498,0.27982202320695093,0.5901491666469932,0.1251451458138526,187.66962642063737,19.319041377969477,22.289003432269688,11.336255379625976
16,79.99900000642742,79.99900000642742,-10.14790362546671,37.68190385243734,41.391769472127805,27.192363934039275,35.87584824162215,0.25977420259141304,0.1622202325062427,0.17597696058277534,0.526247637256468,18.509978516987296,27.53637599926007,44.393784284369396,116.18196035215396
16,79.99900000642742,79.99900000642742,-10.721084653180803,37.23871851149597,37.23216854636602,27.427150887418865,32.79716450791339,0.13486664548040614,0.15448355000314684,0.1757221506574396,0.5700002284646816,18.501983343979234,7.486667556736749,18.93468335210237,18.128635735420286
16,79.99900000642742,79.99900000642742,-10.16389889773216,37.690224765205876,41.269139051426,27.192363934039275,35.87584824162215,0.26652131946152385,0.3515947913490004,0.18127270719157046,0.526247637256468,16.461572528713187,40.53558497978022,44.393784284369396,116.18196035215396
16,79.99900000642742,79.99900000642742,-10.70244821294802,37.582924906745205,38.7465209304134,44.833454151121146,34.88555711705602,0.15419428655959672,0.15448355000314684,0.6289324994068471,0.14924577458349866,19.102621700638764,120.39772880469869,29.907564343939733,19.17195004149271
16,79.99900000642742,79.99900000642742,-10.393698017542917,37.68908095115752,37.91534250496591,28.85571905790027,41.17070092340453,0.2131996897252359,0.1560728176856176,0.16614222519183205,0.5187720513002837,16.76864026391613,30.210317272047337,175.85901399599524,103.0803671419487
16,79.99900000642742,79.99900000642742,-11.717780058723207,37.595541592597904,37.23433367095788,39.398019887413284,41.13350764560546,0.13895781019616754,0.14881965464394403,0.48196783002802945,0.5703675372355965,16.60969967051757,26.903795778802916,35.87498591983369,13.749123911266679
16,79.99900000642742,79.99900000642742,-11.783403084888974,37.60596165365805,39.26653800284258,40.39917682695237,41.205111629975505,0.13158183437257306,0.1067475424178502,0.2738714185438052,0.5702097566457036,17.092898424224853,172.64410365010826,36.34535898292097,37.06625447226516
16,79.99900000642742,79.99900000642742,-10.206354161822496,41.4683514060977,38.917983545693865,25.166698786333058,35.99817659782624,0.15104604241841274,0.16191049794317078,0.21627522338609434,0.521473577079111,17.142780635619168,172.5224133929981,36.44926351967206,18.490463907743028
16,79.99900000642742,79.99900000642742,-11.323136691409402,37.691517977344105,37.188044771661296,40.0425422773419,34.85325691148068,0.1321591447924697,0.14592547427146613,0.17634602327276694,0.5700002284646816,18.47787790913294,40.88897683888155,149.07924730888973,27.711824336374335
16,79.99900000642742,79.99900000642742,-10.589014033838279,37.595583962879516,28.028590985723444,38.846150059629956,41.31254623950717,0.13895782428141848,0.14668302182621065,0.6281804684828736,0.5700002332551443,16.79915826470749,41.819889640856,25.76118676350758,18.130821708611105
16,79.99900000642742,79.99900000642742,-11.545296212797126,37.25419209186414,37.232204266313715,40.71826663486905,38.380671204533606,0.13925760019977967,0.1489520753881944,0.12510607818672798,0.5210614942815283,5.972290007486196,187.87359131099342,142.7994110356605,18.14383666165706
16,79.99900000642742,79.99900000642742,-10.575754727574793,37.59085974374791,38.74202487864889,27.822811123388995,34.88555711705602,0.1389577646416458,0.15448355000314684,0.18083713237364796,0.5700003176546369,19.5980738314697,14.372713976838611,25.222700946694253,19.417185977403054
16,79.99900000642742,79.99900000642742,-10.550119468407154,37.23871851149597,35.45009625372924,24.334345511517434,34.85325691148068,0.14622236234044486,0.14592547427146613,0.17634602327276694,0.5700002284646816,18.479500616150467,19.24068201139451,149.07924730888973,18.130821708611105
16,79.99900000642742,79.99900000642742,-10.534338583661032,31.409222043638756,28.161282362147915,39.398019887413284,41.13350764560546,0.13926137763747726,0.1489570383242402,0.12748398973731265,0.5699648044446336,16.60969967051757,26.903795778802916,128.5103166368558,18.335774556499473
16,79.99900000642742,79.99900000642742,-10.52684072220687,37.595541592597904,28.58763124832999,39.88185237807727,41.1993215685226,0.13895782180788602,0.14681883959387382,0.6254676192437867,0.5700003163339304,16.79915826470749,41.819889640856,24.20229497970211,14.357643392740398
16,79.99900000642742,79.99900000642742,-10.56277970081307,37.23871851149597,37.11678206122731,26.098093100794205,32.817982225390374,0.13895776392659542,0.35699215699034537,0.17634602327276694,0.5700002284646816,18.501983343979234,20.126595136412178,154.31711383629565,16.39016447771364
16,79.99900000642742,79.99900000642742,-10.346157878369699,37.68190385243734,37.91722955152246,25.237773285690196,35.24479433160145,0.2598596879042913,0.1622202325062427,0.17597696058277534,0.5215361409092163,18.496930363184514,172.06553319009794,43.994887183380925,126.58096805497088
16,79.99900000642742,79.99900000642742,-9.84567893753816,25.27431787667227,41.790779355546356,41.99876885423928,34.15400112222403,0.118379604376821,0.6491382063557117,0.21338008119298926,0.3761096767321158,8.06641076539935,32.850414372192446,97.41238709852172,5.645186533257906
16,79.99900000642742,79.99900000642742,-10.70244821294802,37.582924906745205,38.74202487864889,44.833454151121146,34.88555711705602,0.13895776145306296,0.154506763644906,0.24337238925706273,0.5700003176687664,7.300401127603202,137.4469988357737,32.50223623807911,19.153648714130092
16,79.99900000642742,79.99900000642742,-10.206354161822496,42.14270273506163,38.917983545693865,25.166698786333058,38.36341242613195,0.13892141900910576,0.16191102536040952,0.21627522338609434,0.5708243877779798,16.80676951846786,20.610672158463586,36.44926351967206,18.502303828400844
16,79.99900000642742,79.99900000642742,-10.685893488303307,37.69049372860796,27.615677138933343,25.05032755424092,34.93949984585045,0.2568182498972426,0.3571220312771885,0.1661892826236686,0.265641004808028,18.506491310589134,19.334119988259673,40.99397673506215,195.62025484009308
16,79.99900000642742,79.99900000642742,-10.946581463299019,37.14729592510997,38.748973214255365,42.961765898430194,34.88555711705602,0.13895776145306296,0.15448355000314684,0.09151453126486506,0.570007460952719,19.088634858799328,137.4469988357737,29.907564343939733,19.405385857880535
16,79.99900000642742,79.99900000642742,-10.538023356024844,37.69049372860796,37.18271113761897,25.974223533809464,32.81940094104226,0.2568182498972426,0.15592015360443057,0.16640770150458967,0.1831328477539481,18.501871590336066,22.29857677803815,44.36389878863805,197.6187741894289
16,79.99900000642742,79.99900000642742,-11.542491979685082,37.264004458833824,37.55660455593665,41.06416604501765,41.31254623950717,0.13895782428141848,0.3631322550708902,0.6113606567083244,0.30226951842073424,0.7290821931495728,41.819889640856,16.942226689869372,217.5041091778083
16,79.99900000642742,79.99900000642742,-10.197853124044457,37.60428277586841,38.7417669513186,24.925307568992828,34.959048115990186,0.14590454485555093,0.154506763644906,0.2741017436664822,0.5388908622691695,2.947858054805879,137.4469988357737,32.426048438326525,13.109931425156912
16,79.99900000642742,79.99900000642742,-9.8239654646693,25.27431787667227,41.790779355546356,25.107847918011018,34.101003703766814,0.15902158795266705,0.6491382063557117,0.21631650986465623,0.5722798947717395,8.06641076539935,32.850414372192446,97.41238709852172,5.882332036393509
16,79.99900000642742,79.99900000642742,-11.09213618367854,36.88189388489455,37.23433367095788,41.95751706519087,34.99722780672637,0.13895781019616754,0.14748831880444008,0.4759626746656975,0.5703675372355965,7.8356138801109125,26.946535694112104,35.87498591983369,13.749123911266679
16,79.99900000642742,79.99900000642742,-10.922595130869489,37.461491441077136,37.232154557205234,28.972050560537998,35.99342801605769,0.13895776392659542,0.15448355000314684,0.17634602327276694,0.5718466750736049,18.501983343979234,138.87792652434277,154.31711383629565,16.75589963962408
16,79.99900000642742,79.99900000642742,-10.759983274594518,37.54196722751507,30.223370060173814,28.893396976000542,38.40019187077589,0.12097954993302668,0.15450782642382527,0.17634602327276694,0.6091572142120444,18.501983343979234,27.280124647317827,176.9352471118673,113.43660366633318
16,79.99900000642742,79.99900000642742,-9.752624903023047,38.45845556824484,35.52588708073733,26.19775165434983,43.42762739783973,0.1395252028799538,0.15448355000314684,0.16479078174525197,0.1614610429708457,18.501983343979234,27.705954483515033,146.30130170870873,5.571893065973696
16,79.99900000642742,79.99900000642742,-10.35582924465644,37.68908095115752,28.403675805492963,28.565391799103963,41.17070092340453,0.26511993588858423,0.1544871093990406,0.16614222519183205,0.5181754883389376,16.769693402125245,30.2109384915648,175.85901399599524,101.18672792175146
16,79.99900000642742,79.99900000642742,-10.58830902995264,37.69049372860796,28.472101028321752,25.161133962176834,35.98409806587322,0.1416852559544702,0.35623150585579144,0.16550538358444045,0.2862041579999464,16.760434619896373,40.58929747040168,54.55099191949299,27.567622630441676
16,79.99900000642742,79.99900000642742,-11.372601569942034,37.691517977344105,37.188044771661296,39.66331154192503,34.85325691148068,0.1321591447924697,0.14592547427146613,0.17634602327276694,0.567497850592935,18.47787790913294,40.88897683888155,149.07924730888973,27.711824336374335
16,79.99900000642742,79.99900000642742,-10.430884347703547,37.69049372860796,37.216525576638766,25.186638909032624,32.81940094104226,0.25685894203648973,0.15592015360443057,0.16640770150458967,0.18641570722154843,18.501871590336066,40.09800886940155,44.36389878863805,197.6187741894289
16,79.99900000642742,79.99900000642742,-10.152417926886834,37.11650949763608,28.403675805492963,42.568471699360536,41.17070092340453,0.26511993588858423,0.1544871095858029,0.09225673738569057,0.5181754883389376,16.769693402125245,28.45065257859506,175.85901399599524,101.18672792175146
16,79.99900000642742,79.99900000642742,-11.27477101029222,37.23871851149597,37.232154557205234,40.41334583257363,34.85325691148068,0.13182323294194803,0.14592547427146613,0.17634602327276694,0.5700002284646816,18.479500616150467,19.293603500027615,149.07924730888973,18.130821708611105
16,79.99900000642742,79.99900000642742,-10.70244821294802,37.582924906745205,38.74202487864889,44.833454151121146,34.88555711705602,0.13895776145306296,0.15448355000314684,0.24337238925706273,0.5700003176687664,19.102621700638764,137.4469988357737,29.907564343939733,19.153648714130092
16,79.99900000642742,79.99900000642742,-10.70642676429658,37.53307194599289,27.615677138933343,26.075730844455094,34.83363354756415,0.2568182498972426,0.3571220312771885,0.1661892826236686,0.2706696708135064,18.506491310589134,40.58929747040168,31.403004881594754,195.62025484009308
16,79.99900000642742,79.99900000642742,-10.589014033838279,37.595583962879516,28.028590985723444,38.846150059629956,41.31254623950717,0.13895782428141848,0.14668302182621065,0.6281804684828736,0.5700002332551443,16.79915826470749,41.819889640856,25.89829823482717,18.130821708611105
16,79.99900000642742,79.99900000642742,-10.547650457164004,37.23871851149597,37.232154557205234,26.09747472879595,32.817982225390374,0.13895776392659542,0.15448355000314684,0.17634602327276694,0.5700002284646816,18.501983343979234,20.126595136412178,154.31711383629565,18.128635735420286
16,79.99900000642742,79.99900000642742,-11.27477101029222,37.23871851149597,37.232154557205234,40.41334583257363,34.85325691148068,0.11543191580804216,0.14592547427146613,0.17634602327276694,0.5700002284646816,18.479500616150467,19.293603500027615,149.07924730888973,18.130821708611105
17,6416.9681188596,0.0,-10.205604828820533,37.595541592597904,38.81335039489502,25.056320749185808,14.182233343959679,0.13895782180788602,0.15495905569202,0.09009279424255161,0.57036913662982,16.60969967051757,41.129111977873436,36.350672604250384,19.04512763022228
17,6416.9681188596,0.0,-10.220078736914928,37.595541592597904,38.812761803318566,25.166698786333058,14.182233343959679,0.13895782180788602,0.1461142942913354,0.09032858347484407,0.5703675372355965,16.60969967051757,41.129111977873436,36.350672604250384,19.045560387710967
17,79.99900000642742,79.99900000642742,-10.738074097970049,37.59085974374791,37.31273519579153,44.838881386235045,35.16411613733879,0.1389577646416458,0.15448355000314684,0.6127432041390855,0.5700003176546369,18.523370444791713,134.45183260332465,25.857866913192808,19.449721656716637
17,79.99900000642742,79.99900000642742,-10.701740312715778,37.59085974374791,38.74202487864889,44.838881386235045,34.88555711705602,0.1389577646416458,0.15448355000314684,0.6127432041390855,0.5700003176546369,19.5980738314697,137.4469988357737,25.825018087609514,19.403221646301812
17,4559.020303911813,47.956325000248206,-9.803875745933652,35.235727102809,35.34096805853791,24.236083546925144,41.07303616143375,0.5032436688722498,0.28115339662609773,0.5961541998207227,0.1251451458138526,198.2065035437172,19.27427232035617,22.289003432269688,17.99946614148663
17,5618.78829049503,34.83496354712591,-8.07716091277958,37.17999196723446,37.1357930218145,7.060693353124659,22.023498741964183,0.5055536958152507,0.2813871375951927,0.6192839830779693,0.15247755427604312,187.61863155806918,120.07280204321063,20.921607694838002,11.498802907371623
17,4823.0714225638985,46.49334380452527,-9.114413917292964,35.235727102809,37.48922966148012,18.854296386405323,40.977123020492556,0.5032436688722498,0.28115339662609773,0.5961541998207227,0.1251451458138526,198.2065035437172,19.276301462660335,22.289003432269688,11.336255379625976
17,79.99900000642742,79.99900000642742,-10.56242157360754,37.98746804128457,37.117565599318624,26.09613099697646,33.32142255122884,0.13895776392659542,0.356488080084729,0.1100668521579159,0.5699885537413291,19.598012197501493,19.92318032286125,26.18427049914996,17.242983733866694
17,79.99900000642742,79.99900000642742,-11.323136691409402,39.757886218366366,37.188044771661296,40.0425422773419,34.85325691148068,0.1299187180525516,0.2872621467672631,0.17806107002453106,0.11527180552948585,18.47787790913294,40.88897683888155,149.07924730888973,11.846588542847286
17,79.99900000642742,79.99900000642742,-10.206354161822496,42.14270273506163,38.917983545693865,25.166698786333058,38.36341242613195,0.13892141900910576,0.16191102536040952,0.21627522338609434,0.5708243877779798,16.80676951846786,20.610672158463586,36.44926351967206,22.98469035407355
17,79.99900000642742,79.99900000642742,-11.518757623373304,37.595541592597904,38.73908997975901,35.049565092287715,34.987597527731026,0.13895781019616754,0.14881965464394403,0.6291921087169494,0.14899820091004667,16.60969967051757,111.01679720860069,35.87498591983369,13.749123911266679
17,79.99900000642742,79.99900000642742,-10.759983274594518,37.54196722751507,30.223370060173814,28.893396976000542,38.40019187077589,0.12097954993302668,0.15450782642382527,0.17634602327276694,0.6091572142120444,18.501983343979234,27.280124647317827,176.9352471118673,113.43660366633318
17,79.99900000642742,79.99900000642742,-10.70642676429658,37.53307194599289,27.615677138933343,26.075730844455094,34.83363354756415,0.2568182498972426,0.3571220312771885,0.1661892826236686,0.2706696708135064,18.506491310589134,40.58929747040168,31.403004881594754,195.62025484009308
17,79.99900000642742,79.99900000642742,-11.542491979685082,37.264004458833824,37.55660455593665,41.06416604501765,41.31254623950717,0.13895782428141848,0.36337439184133746,0.6113606567083244,0.30226951842073424,18.546869479926123,41.819889640856,16.942226689869372,217.5041091778083
17,79.99900000642742,79.99900000642742,-10.14790362546671,37.68190385243734,41.391769472127805,27.192363934039275,35.87584824162215,0.25977420259141304,0.1622202325062427,0.17597696058277534,0.526247637256468,18.509978516987296,27.53637599926007,44.393784284369396,116.18196035215396
17,79.99900000642742,79.99900000642742,-10.56277970081307,37.23871851149597,37.11678206122731,26.098093100794205,32.817982225390374,0.13895776392659542,0.35699215699034537,0.17634602327276694,0.5700002284646816,18.501983343979234,20.126595136412178,154.31711383629565,16.39016447771364
17,79.99900000642742,79.99900000642742,-10.702959639125467,37.68558938915948,38.7465209304134,44.833454151121146,34.889478051083096,0.15419428655959672,0.15421535123111157,0.6289324994068471,0.14583090921242886,10.037646680164613,120.39772880469869,29.907564343939733,19.17195004149271
17,6416.9681188596,0.0,-10.220078736914928,37.595541592597904,38.812761803318566,25.166698786333058,14.182233343959679,0.13895782180788602,0.1187117430101969,0.09032858347484407,0.5703675372355965,16.60969967051757,41.129111977873436,36.350672604250384,19.045560387710967
17,79.99900000642742,79.99900000642742,-10.589014033838279,37.595583962879516,28.028590985723444,38.846150059629956,41.31254623950717,0.13895782428141848,0.14668302182621065,0.6281804684828736,0.5700002332551443,16.79915826470749,41.819889640856,25.76118676350758,18.130821708611105
17,79.99900000642742,79.99900000642742,-10.206354161822496,41.4683514060977,38.917983545693865,25.166698786333058,35.99817659782624,0.15104604241841274,0.16191049794317078,0.21627522338609434,0.521473577079111,17.142780635619168,172.5224133929981,36.44926351967206,18.490463907743028
17,79.99900000642742,79.99900000642742,-9.84567893753816,25.27431787667227,41.790779355546356,41.99876885423928,34.15400112222403,0.118379604376821,0.6491382063557117,0.21338008119298926,0.3761096767321158,8.06641076539935,32.850414372192446,97.41238709852172,5.645186533257906
17,79.99900000642742,79.99900000642742,-10.393698017542917,37.68908095115752,37.91534250496591,28.85571905790027,41.17070092340453,0.2131996897252359,0.1560728176856176,0.16614222519183205,0.5187720513002837,16.76864026391613,30.210317272047337,175.85901399599524,103.0803671419487
17,79.99900000642742,79.99900000642742,-11.783403084888974,37.60596165365805,39.26653800284258,40.39917682695237,41.205111629975505,0.13158183437257306,0.1067475424178502,0.2738714185438052,0.5702097566457036,17.092898424224853,172.64410365010826,36.34535898292097,37.06625447226516
17,79.99900000642742,79.99900000642742,-10.538023356024844,37.69049372860796,37.18271113761897,25.974223533809464,32.81940094104226,0.2568182498972426,0.15592015360443057,0.16640770150458967,0.1831328477539481,18.501871590336066,22.29857677803815,44.36389878863805,197.6187741894289
17,79.99900000642742,79.99900000642742,-11.123236011117726,37.538579375460536,30.81672212736313,28.92697651129169,33.354633088929624,0.25685894203648973,0.1558996567435631,0.17559645982563835,0.18641570722154843,18.501871590336066,40.09800886940155,44.36389878863805,197.6187741894289
17,79.99900000642742,79.99900000642742,-10.561009961222837,37.595541592597904,28.84959541411905,39.88185237807727,41.1993215685226,0.1361087940721251,0.14438301336082587,0.6328055921457387,0.11873322532768871,19.052921553576155,41.819889640856,24.20229497970211,14.357643392740398
17,79.99900000642742,79.99900000642742,-10.534338583661032,31.409222043638756,28.161282362147915,39.398019887413284,41.13350764560546,0.13926137763747726,0.1489570383242402,0.12748398973731265,0.5699648044446336,16.60969967051757,26.903795778802916,128.5103166368558,18.335774556499473
17,79.99900000642742,79.99900000642742,-11.372601569942034,37.691517977344105,37.188044771661296,39.66331154192503,34.85325691148068,0.1321591447924697,0.14592547427146613,0.17634602327276694,0.567497850592935,18.47787790913294,40.88897683888155,149.07924730888973,27.711824336374335
17,79.99900000642742,79.99900000642742,-10.70244821294802,37.582924906745205,38.74202487864889,44.833454151121146,34.88555711705602,0.13895776145306296,0.15448355000314684,0.24337238925706273,0.5700003176687664,19.102621700638764,137.4469988357737,29.907564343939733,19.153648714130092
17,79.99900000642742,79.99900000642742,-10.95172379394527,37.461491441077136,37.00883480695756,28.972050560537998,35.99342801605769,0.13894685827499376,0.15448355000314684,0.17634602327276694,0.16237592623964883,8.601085406130082,27.884083245132274,154.31711383629565,16.75589963962408
17,79.99900000642742,79.99900000642742,-11.045400369477221,37.54196722751507,30.223370060173814,31.815927742905814,38.890793479602905,0.15319681457922266,0.15450782642382527,0.17634602327276694,0.1501200642178252,18.501983343979234,27.280124647317827,45.467371193787756,113.43660366633318
17,79.99900000642742,79.99900000642742,-10.596039746218217,37.69229336292851,28.028590985723444,38.79228626471708,34.868587160470256,0.1386789178952592,0.14668302182621065,0.6281804684828736,0.5700002332551443,16.79915826470749,41.87844536550696,25.89829823482717,17.9717453318936
17,79.99900000642742,79.99900000642742,-11.323136691409402,37.691517977344105,37.188044771661296,40.0425422773419,34.85325691148068,0.1321591447924697,0.14592547427146613,0.17634602327276694,0.5700002284646816,18.47787790913294,40.88897683888155,149.07924730888973,27.711824336374335
17,79.99900000642742,79.99900000642742,-10.430884347703547,37.69049372860796,37.216525576638766,25.186638909032624,32.81940094104226,0.25685894203648973,0.15592015360443057,0.16640770150458967,0.18641570722154843,18.501871590336066,40.09800886940155,44.36389878863805,197.6187741894289
17,79.99900000642742,79.99900000642742,-10.685893488303307,37.69049372860796,27.615677138933343,25.05032755424092,34.93949984585045,0.2568182498972426,0.3571220312771885,0.1661892826236686,0.265641004808028,18.506491310589134,19.334119988259673,40.99397673506215,195.62025484009308
17,79.99900000642742,79.99900000642742,-10.550119468407154,37.23871851149597,35.45009625372924,24.334345511517434,34.85325691148068,0.14622236234044486,0.14592547427146613,0.17634602327276694,0.5700002284646816,18.479500616150467,19.24068201139451,149.07924730888973,18.130821708611105
17,79.99900000642742,79.99900000642742,-10.346157878369699,38.80508436220693,37.91722955152246,25.237773285690196,35.24087339757437,0.2598596879042913,0.162488431278278,0.17597696058277534,0.5215361409092163,19.1270424051453,184.07135892930518,43.994887183380925,126.58096805497088
17,79.99900000642742,79.99900000642742,-10.721084653180803,37.23871851149597,37.23216854636602,27.427150887418865,32.79716450791339,0.13486664548040614,0.15448355000314684,0.1757221506574396,0.5700002284646816,18.501983343979234,7.486667556736749,18.93468335210237,18.128635735420286
17,79.99900000642742,79.99900000642742,-10.346157878369699,37.68190385243734,37.91722955152246,25.237773285690196,35.24479433160145,0.2598596879042913,0.1622202325062427,0.17597696058277534,0.5215361409092163,18.496930363184514,172.06553319009794,43.994887183380925,126.58096805497088
17,79.99900000642742,79.99900000642742,-11.717780058723207,37.595541592597904,37.23433367095788,39.398019887413284,41.13350764560546,0.13895781019616754,0.14881965464394403,0.48196783002802945,0.5703675372355965,16.60969967051757,26.903795778802916,35.87498591983369,13.749123911266679
17,79.99900000642742,79.99900000642742,-10.56242157360754,37.961178417923165,37.117565599318624,26.09613099697646,33.36024440693511,0.13895776392659542,0.356488080084729,0.10923707302694674,0.5703581542732659,19.437124929926668,19.873885470958434,151.70934772763854,17.242983733866694
17,79.99900000642742,79.99900000642742,-10.35582924465644,37.68908095115752,28.403675805492963,28.565391799103963,41.17070092340453,0.26511993588858423,0.1544871093990406,0.16614222519183205,0.5181754883389376,16.769693402125245,30.2109384915648,175.85901399599524,101.18672792175146
17,79.99900000642742,79.99900000642742,-10.197853124044457,37.60428277586841,38.7417669513186,24.925307568992828,34.959048115990186,0.14590454485555093,0.34257086690021143,0.2759370511571325,0.5388908622691695,16.98528080157015,137.4469988357737,32.426048438326525,13.129311505306946
17,79.99900000642742,79.99900000642742,-10.52684072220687,37.595541592597904,28.58763124832999,39.88185237807727,41.1993215685226,0.13895782180788602,0.14681883959387382,0.6254676192437867,0.5700003163339304,16.79915826470749,41.819889640856,24.20229497970211,14.357643392740398
17,79.99900000642742,79.99900000642742,-11.516104484388194,37.68190385243734,41.391769472127805,42.20877136781469,42.53265225402799,0.25977420259141304,0.16837842946041262,0.21098367705553256,0.526247637256468,7.939102666629755,27.53637599926007,97.36902017754188,0.43416587252195793
17,79.99900000642742,79.99900000642742,-10.589014033838279,37.595583962879516,28.028590985723444,38.846150059629956,41.31254623950717,0.13895782428141848,0.14668302182621065,0.6281804684828736,0.5700002332551443,16.79915826470749,41.819889640856,25.89829823482717,18.130821708611105
17,79.99900000642742,79.99900000642742,-10.70244821294802,37.582924906745205,38.7465209304134,44.833454151121146,34.88555711705602,0.15419428655959672,0.15448355000314684,0.6289324994068471,0.14924577458349866,19.102621700638764,120.39772880469869,29.907564343939733,19.17195004149271
17,79.99900000642742,79.99900000642742,-11.602641597901709,37.23871851149597,37.36693141648673,40.41334583257363,40.590814721627574,0.11543191580804216,0.14592547427146613,0.17634602327276694,0.5700002284646816,18.479500616150467,19.293603500027615,149.12709022859045,18.130821708611105
18,6416.9681188596,0.0,-10.220078736914928,37.595541592597904,38.812761803318566,25.166698786333058,14.182233343959679,0.13895782180788602,0.1187117430101969,0.09032858347484407,0.5703675372355965,16.60969967051757,41.129111977873436,36.350672604250384,19.045560387710967
18,79.99900000642742,79.99900000642742,-10.738074097970049,37.59085974374791,37.31273519579153,44.838881386235045,35.16411613733879,0.1389577646416458,0.15448355000314684,0.6127432041390855,0.5700003176546369,18.523370444791713,134.45183260332465,25.857866913192808,19.449721656716637
18,79.99900000642742,79.99900000642742,-10.561009961222837,37.590677477465036,28.84959541411905,39.88185237807727,36.017305606616006,0.1361087940721251,0.14438301336082587,0.6328055921457387,0.11873322532768871,19.052921553576155,41.819889640856,24.20229497970211,14.286837114538358
18,6416.9681188596,0.0,-10.205604828820533,37.595541592597904,38.81335039489502,25.056320749185808,14.182233343959679,0.13895782180788602,0.15495905569202,0.09009279424255161,0.57036913662982,16.60969967051757,41.129111977873436,36.350672604250384,19.04512763022228
18,5618.78829049503,34.83496354712591,-8.07716091277958,37.17999196723446,37.1357930218145,7.060693353124659,22.023498741964183,0.5055536958152507,0.2813871375951927,0.6192839830779693,0.15247755427604312,187.61863155806918,120.07280204321063,20.921607694838002,11.498802907371623
18,4559.020303911813,47.956325000248206,-9.803875745933652,35.235727102809,35.34096805853791,24.236083546925144,41.07303616143375,0.5032436688722498,0.28115339662609773,0.5961541998207227,0.1251451458138526,198.2065035437172,19.27427232035617,22.289003432269688,17.99946614148663
18,4559.020303911813,47.956325000248206,-9.803875745933652,35.235727102809,35.34096805853791,24.236083546925144,41.07303616143375,0.49584377927579576,0.28115339662609773,0.5961541998207227,0.1251451458138526,198.2065035437172,19.27427232035617,22.289003432269688,17.99946614148663
18,4823.0714225638985,46.49334380452527,-9.114413917292964,35.235727102809,37.48922966148012,18.854296386405323,40.977123020492556,0.5032436688722498,0.28115339662609773,0.5961541998207227,0.1251451458138526,198.2065035437172,19.276301462660335,22.289003432269688,11.336255379625976
18,79.99900000642742,79.99900000642742,-10.597167556875554,37.53307194599289,27.615677138933343,24.109259265090696,34.86430799571142,0.13970537209433131,0.3571220312771885,0.17666505593929246,0.2706696708135064,18.506435386805883,16.146819593090488,31.403004881594754,22.031210290549396
18,79.99900000642742,79.99900000642742,-11.516104484388194,37.68190385243734,41.391769472127805,42.20877136781469,42.53265225402799,0.25977420259141304,0.139475917097199,0.21098367705553256,0.526247637256468,7.939102666629755,27.53637599926007,97.36902017754188,0.43416587252195793
18,79.99900000642742,79.99900000642742,-10.56277970081307,37.23871851149597,37.11678206122731,26.098093100794205,32.817982225390374,0.13895776392659542,0.35699215699034537,0.17634602327276694,0.5700002284646816,18.501983343979234,20.126595136412178,154.31711383629565,16.39016447771364
18,79.99900000642742,79.99900000642742,-11.01832875776823,37.59572385888079,37.31273519579153,44.838881386235045,40.34613195269568,0.1389577646416458,0.15448355000314684,0.6127432041390855,0.5700003176546369,18.523370444791713,134.45183260332465,25.857866913192808,19.52052793491869
18,79.99900000642742,79.99900000642742,-11.372601569942034,37.68921702849,38.85325230629731,39.66331154192503,34.85325691148068,0.1321591447924697,0.14592547427146613,0.17634602327276694,0.567497850592935,18.470959216471172,40.88897683888155,149.07924730888973,27.877331787626453
18,79.99900000642742,79.99900000642742,-9.270688692312994,37.61319907222813,19.488625806973307,40.41334583257363,40.590814721627574,0.11543191580804216,0.14592547427146613,0.17634602327276694,0.6048495236445022,18.479500616150467,43.91979721202505,148.05613081989125,18.130821708611105
18,79.99900000642742,79.99900000642742,-10.341436692133144,37.67138352340207,28.403675805492963,28.455048896425346,41.17070092340453,0.2155725283187801,0.16004691955331543,0.16536351458641027,0.5214630004455079,16.769693402125245,30.2109384915648,179.82170426676754,101.18672792175146
18,79.99900000642742,79.99900000642742,-10.538023356024844,37.69049372860796,37.18271113761897,25.974223533809464,32.81940094104226,0.2568182498972426,0.15592015360443057,0.16640770150458967,0.1831328477539481,18.501871590336066,22.29857677803815,44.36389878863805,197.6187741894289
18,79.99900000642742,79.99900000642742,-11.518757623373304,37.595541592597904,38.73908997975901,35.049565092287715,34.987597527731026,0.13895781019616754,0.14881965464394403,0.6291921087169494,0.14899820091004667,16.60969967051757,111.01679720860069,35.87498591983369,13.749123911266679
18,79.99900000642742,79.99900000642742,-10.69571745719005,37.60556838290746,39.26653800284258,44.86913268439325,34.86963318951698,0.1302694127188761,0.15451057320584913,0.6200593001592286,0.5702105550982738,19.508226565828828,167.86540801945722,25.297039254467748,36.574020089669574
18,79.99900000642742,79.99900000642742,-10.759983274594518,37.54196722751507,30.223370060173814,28.893396976000542,38.40019187077589,0.12097954993302668,0.15450782642382527,0.17634602327276694,0.6091572142120444,18.501983343979234,27.280124647317827,176.9352471118673,113.43660366633318
18,79.99900000642742,79.99900000642742,-10.561009961222837,37.595541592597904,28.84959541411905,39.88185237807727,41.1993215685226,0.1361087940721251,0.14438301336082587,0.6328055921457387,0.11873322532768871,19.052921553576155,41.819889640856,24.20229497970211,14.357643392740398
18,79.99900000642742,79.99900000642742,-11.123236011117726,37.538579375460536,30.81672212736313,28.92697651129169,33.354633088929624,0.25685894203648973,0.1558996567435631,0.17559645982563835,0.18641570722154843,18.501871590336066,40.09800886940155,44.36389878863805,197.6187741894289
18,79.99900000642742,79.99900000642742,-10.701740312715778,37.59085974374791,38.74202487864889,44.838881386235045,34.88555711705602,0.1389577646416458,0.15448355000314684,0.6127432041390855,0.5700003176546369,19.5980738314697,137.4469988357737,25.825018087609514,19.403221646301812
18,79.99900000642742,79.99900000642742,-10.35582924465644,37.68908095115752,28.403675805492963,28.565391799103963,41.17070092340453,0.26511993588858423,0.1544871093990406,0.16614222519183205,0.5181754883389376,16.769693402125245,30.2109384915648,175.85901399599524,101.18672792175146
18,79.99900000642742,79.99900000642742,-10.550119468407154,37.23871851149597,35.45009625372924,24.334345511517434,34.85325691148068,0.14622236234044486,0.14592547427146613,0.17634602327276694,0.5700002284646816,18.479500616150467,19.24068201139451,149.07924730888973,18.130821708611105
18,79.99900000642742,79.99900000642742,-10.56242157360754,37.961178417923165,37.117565599318624,26.09613099697646,33.36024440693511,0.13895776392659542,0.356488080084729,0.10923707302694674,0.5703581542732659,19.437124929926668,19.873885470958434,151.70934772763854,17.242983733866694
18,79.99900000642742,79.99900000642742,-10.589014033838279,37.595541698474484,28.028590985723444,38.846150059629956,41.69161937633529,0.1389578242878073,0.1462418417644628,0.6281804684828736,0.5699963044853683,16.824726590745872,41.819889640856,25.76118676350758,22.620749171028883
18,79.99900000642742,79.99900000642742,-10.775626830069001,37.59085974374791,37.1823851865926,44.27100411251148,34.88414314304048,0.1389577646416458,0.19230286258994014,0.6127432041390855,0.5758818135073714,19.5980738314697,41.6421856873709,38.56486808185905,19.208605184406252
18,79.99900000642742,79.99900000642742,-10.70244821294802,37.582924906745205,38.74202487864889,44.833454151121146,34.88555711705602,0.13895776145306296,0.15448355000314684,0.24337238925706273,0.5700003176687664,19.102621700638764,137.4469988357737,29.907564343939733,19.153648714130092
18,79.99900000642742,79.99900000642742,-11.74104416189676,37.221061031865744,37.89652428595245,39.88185237807727,41.1993215685226,0.1361087940721251,0.14438301336082587,0.6328055921457387,0.09218088375899419,19.052921553576155,17.193697375099816,25.283438054649274,14.357643392740398
18,79.99900000642742,79.99900000642742,-10.589014033838279,37.595583962879516,28.028590985723444,38.846150059629956,41.31254623950717,0.13895782428141848,0.14668302182621065,0.6281804684828736,0.5700002332551443,16.79915826470749,41.819889640856,25.76118676350758,18.130821708611105
18,79.99900000642742,79.99900000642742,-10.430884347703547,37.69049372860796,37.216525576638766,25.186638909032624,32.81940094104226,0.25685894203648973,0.15592015360443057,0.16640770150458967,0.18641570722154843,18.501871590336066,40.09800886940155,44.36389878863805,197.6187741894289
18,79.99900000642742,79.99900000642742,-10.56242157360754,37.98746804128457,37.117565599318624,26.09613099697646,33.32142255122884,0.13895776392659542,0.356488080084729,0.1100668521579159,0.5699885537413291,19.598012197501493,19.92318032286125,26.18427049914996,17.242983733866694
18,79.99900000642742,79.99900000642742,-10.197853124044457,37.60428277586841,38.7417669513186,24.925307568992828,34.959048115990186,0.14590454485555093,0.34257086690021143,0.2759370511571325,0.5388908622691695,16.98528080157015,137.4469988357737,32.426048438326525,13.129311505306946
18,79.99900000642742,79.99900000642742,-11.323136691409402,39.86156705861346,37.188044771661296,40.0425422773419,34.85325691148068,0.12905760757406334,0.2872621467672631,0.1647189867527906,0.11527180552948585,18.47758710341998,41.91679718458562,149.07924730888973,212.63064999048248
18,79.99900000642742,79.99900000642742,-10.685893488303307,37.69049372860796,27.615677138933343,25.05032755424092,34.93949984585045,0.2568182498972426,0.3571220312771885,0.1661892826236686,0.265641004808028,18.506491310589134,19.334119988259673,40.99397673506215,195.62025484009308
18,79.99900000642742,79.99900000642742,-10.220078736914928,37.595541592597904,38.812761803318566,25.166698786333058,34.506578837305824,0.1388173979718372,0.1461149968622057,0.17899915677561917,0.5703675372355965,16.60969967051757,41.129111977873436,36.350672604250384,18.126578550281344
18,79.99900000642742,79.99900000642742,-9.84567893753816,25.27431787667227,41.790779355546356,41.99876885423928,34.15400112222403,0.118379604376821,0.6491382063557117,0.21338008119298926,0.3761096767321158,8.06641076539935,32.850414372192446,97.41238709852172,5.645186533257906
18,79.99900000642742,79.99900000642742,-10.346157878369699,38.80508436220693,37.91722955152246,25.237773285690196,35.24087339757437,0.2598596879042913,0.162488431278278,0.17597696058277534,0.5215361409092163,19.1270424051453,184.07135892930518,43.994887183380925,126.58096805497088
18,79.99900000642742,79.99900000642742,-11.79411525963328,37.5912530144985,38.74202487864889,40.320474554793705,41.22103517554187,0.14027018629534277,0.10672052384169949,0.26584360458455814,0.5699995192020667,17.182745689865726,137.4469988357737,39.19121233153582,19.895456031085175
18,79.99900000642742,79.99900000642742,-10.14790362546671,37.68190385243734,41.391769472127805,27.192363934039275,35.87584824162215,0.25977420259141304,0.1622202325062427,0.17597696058277534,0.526247637256468,18.509978516987296,27.53637599926007,44.393784284369396,116.18196035215396
18,79.99900000642742,79.99900000642742,-10.589014033838279,37.595583962879516,28.028590985723444,38.846150059629956,41.31254623950717,0.13895782428141848,0.14668302182621065,0.6281804684828736,0.5700002332551443,16.79915826470749,41.819889640856,25.89829823482717,18.130821708611105
18,79.99900000642742,79.99900000642742,-10.918693709499266,37.5946052312169,30.223370060173814,38.513384954012764,41.44505893721293,0.15323029918468095,0.1467832268928687,0.17634602327276694,0.5817311401230234,16.831700511434182,41.339526364286165,45.467371193787756,113.43660366633318
18,79.99900000642742,79.99900000642742,-10.70642676429658,37.53307194599289,27.615677138933343,26.075730844455094,34.83363354756415,0.2568182498972426,0.3571220312771885,0.1661892826236686,0.2706696708135064,18.506491310589134,40.58929747040168,31.403004881594754,195.62025484009308
18,79.99900000642742,79.99900000642742,-10.394551137598384,37.692068489779366,37.91534250496591,28.85571905790027,41.16416033631261,0.15311677279321095,0.1560728176856176,0.16614222519183205,0.52279320127221,16.77450928136181,30.210317272047337,175.85901399599524,98.84196486491925
18,79.99900000642742,79.99900000642742,-11.516104484388194,37.68190385243734,41.391769472127805,42.20877136781469,42.53265225402799,0.25977420259141304,0.16837842946041262,0.21098367705553256,0.526247637256468,7.939102666629755,27.53637599926007,97.36902017754188,0.43416587252195793
18,79.99900000642742,79.99900000642742,-10.206354161822496,41.4683514060977,38.917983545693865,25.166698786333058,35.99817659782624,0.15104604241841274,0.16191049794317078,0.21627522338609434,0.521473577079111,17.142780635619168,172.5224133929981,36.44926351967206,18.490463907743028
18,79.99900000642742,79.99900000642742,-10.70244821294802,37.582924906745205,38.7465209304134,44.833454151121146,34.88555711705602,0.15419428655959672,0.15448355000314684,0.6289324994068471,0.14924577458349866,19.102621700638764,120.39772880469869,29.907564343939733,19.17195004149271
18,79.99900000642742,79.99900000642742,-11.252168293202473,39.757886218366366,38.74768446371759,40.58804730427719,34.85467088549621,0.1299187180525516,0.2872621467672631,0.17806107002453106,0.11067354790159564,18.47787790913294,136.6938709978263,149.07924730888973,12.041205004758154
19,79.99900000642742,79.99900000642742,-11.283548742048062,37.5912530144985,38.74202487864889,40.320474554793705,34.827681577162195,0.14027018629534277,0.10730536254342553,0.26294228836402456,0.19273795954745998,19.10391319585791,137.83273895904117,39.19121233153582,19.895456031085175
19,79.99900000642742,79.99900000642742,-10.738074097970049,37.59085974374791,37.31273519579153,44.838881386235045,35.16411613733879,0.1389577646416458,0.15448355000314684,0.6127432041390855,0.5700003176546369,18.523370444791713,134.45183260332465,25.857866913192808,19.449721656716637
19,6416.9681188596,0.0,-10.220078736914928,37.595541592597904,38.812761803318566,25.166698786333058,14.182233343959679,0.13895782180788602,0.1187117430101969,0.09032858347484407,0.5703675372355965,16.60969967051757,41.129111977873436,36.350672604250384,19.045560387710967
19,6416.9681188596,0.0,-10.205604828820533,37.595541592597904,38.81335039489502,25.056320749185808,14.182233343959679,0.13895782180788602,0.15495905569202,0.09009279424255161,0.57036913662982,16.60969967051757,41.129111977873436,36.350672604250384,19.04512763022228
19,4559.020303911813,47.956325000248206,-9.803875745933652,35.235727102809,35.34096805853791,24.236083546925144,41.07303616143375,0.5032436688722498,0.28115339662609773,0.5961541998207227,0.1251451458138526,198.2065035437172,19.27427232035617,22.289003432269688,17.99946614148663
19,5618.78829049503,34.83496354712591,-8.07716091277958,37.17999196723446,37.1357930218145,7.060693353124659,22.023498741964183,0.5055536958152507,0.2813871375951927,0.6192839830779693,0.15247755427604312,187.61863155806918,120.07280204321063,20.921607694838002,11.498802907371623
19,4559.020303911813,47.956325000248206,-9.803875745933652,35.235727102809,35.34096805853791,24.236083546925144,41.07303616143375,0.49584377927579576,0.28115339662609773,0.5961541998207227,0.1251451458138526,198.2065035437172,19.27427232035617,22.289003432269688,17.99946614148663
19,4823.0714225638985,46.49334380452527,-9.114413917292964,35.235727102809,37.48922966148012,18.854296386405323,40.977123020492556,0.5032436688722498,0.28115339662609773,0.5961541998207227,0.1251451458138526,198.2065035437172,19.276301462660335,22.289003432269688,11.336255379625976
19,5352.209986763995,35.36784353410903,-7.695995176153602,37.590677477465036,28.84959541411905,3.019935290460345,36.017305606616006,0.1361087940721251,0.12666708489088377,0.612448519636626,0.15305745566106088,190.65794950770362,47.268094479832186,24.20229497970211,14.286837114538358
19,79.99900000642742,79.99900000642742,-10.56242157360754,37.98746804128457,37.117565599318624,26.09613099697646,33.32142255122884,0.13895776392659542,0.356488080084729,0.1100668521579159,0.5699885537413291,19.598012197501493,19.92318032286125,26.18427049914996,17.242983733866694
19,79.99900000642742,79.99900000642742,-11.323136691409402,39.86156705861346,37.188044771661296,40.0425422773419,34.85325691148068,0.12905760757406334,0.2872621467672631,0.1647189867527906,0.11527180552948585,18.47758710341998,41.91679718458562,149.07924730888973,212.63064999048248
19,79.99900000642742,79.99900000642742,-9.270688692312994,37.61319907222813,19.488625806973307,40.41334583257363,40.590814721627574,0.11543191580804216,0.14592547427146613,0.17634602327276694,0.6048495236445022,18.479500616150467,43.91979721202505,148.05613081989125,18.130821708611105
19,79.99900000642742,79.99900000642742,-11.516104484388194,37.68190385243734,41.391769472127805,42.20877136781469,42.53265225402799,0.25977420259141304,0.16837842946041262,0.21098367705553256,0.526247637256468,7.939102666629755,27.53637599926007,97.36902017754188,0.43416587252195793
19,79.99900000642742,79.99900000642742,-10.538023356024844,37.69049372860796,37.18271113761897,25.974223533809464,32.81940094104226,0.2568182498972426,0.15592015360443057,0.16640770150458967,0.1831328477539481,18.501871590336066,22.29857677803815,44.36389878863805,197.6187741894289
19,79.99900000642742,79.99900000642742,-10.56242157360754,37.961178417923165,37.117565599318624,26.09613099697646,33.36024440693511,0.13895776392659542,0.356488080084729,0.10923707302694674,0.5703581542732659,19.437124929926668,19.873885470958434,151.70934772763854,17.242983733866694
19,79.99900000642742,79.99900000642742,-11.372601569942034,37.68921702849,38.85325230629731,39.66331154192503,34.85325691148068,0.1321591447924697,0.14592547427146613,0.17634602327276694,0.567497850592935,18.470959216471172,40.88897683888155,149.07924730888973,27.877331787626453
19,79.99900000642742,79.99900000642742,-10.341436692133144,37.67138352340207,28.403675805492963,28.455048896425346,41.17070092340453,0.2155725283187801,0.16004691955331543,0.16536351458641027,0.5214630004455079,16.769693402125245,30.2109384915648,179.82170426676754,101.18672792175146
19,79.99900000642742,79.99900000642742,-10.53252768022724,37.69049372860796,37.18271113761897,25.932090019361176,32.076666474547224,0.2568182498972426,0.15348131492694253,0.18802749246072842,0.1831328477539481,13.791622792871507,22.535427818982416,22.06741688577329,6.163972815534564
19,79.99900000642742,79.99900000642742,-11.52829251525855,38.112461490205646,38.82805005055778,38.469680961165125,34.85325691148068,0.1321591447924697,0.14592547427146613,0.1711908161380678,0.1626340477389953,16.30602555338036,18.52787578498633,21.03483276664238,27.58261237563355
19,79.99900000642742,79.99900000642742,-11.28727309233956,35.23568211128323,39.40489305899655,44.86913268439325,40.81790831977398,0.12097990740566697,0.15451057320584913,0.6200593001592286,0.5702105550982738,19.508226565828828,167.86540801945722,25.297039254467748,11.105319650683429
19,79.99900000642742,79.99900000642742,-11.74104416189676,37.221061031865744,37.89652428595245,39.88185237807727,41.1993215685226,0.1361087940721251,0.14438301336082587,0.6328055921457387,0.09218088375899419,19.052921553576155,17.193697375099816,25.283438054649274,14.357643392740398
19,79.99900000642742,79.99900000642742,-10.561022099445914,37.6017726344698,28.028590985723444,39.06075488997139,41.00839955259528,0.13895782428141848,0.0914763931523134,0.1331786312863038,0.5700002332551443,18.505424621983867,41.94061169354816,26.24313646192177,17.179129630765033
19,79.99900000642742,79.99900000642742,-11.01832875776823,37.59572385888079,37.31273519579153,44.838881386235045,40.34613195269568,0.1389577646416458,0.15448355000314684,0.6127432041390855,0.5700003176546369,18.523370444791713,134.45183260332465,25.857866913192808,19.52052793491869
19,79.99900000642742,79.99900000642742,-10.702662224636029,36.84119461832733,39.21056681317233,44.831813394846435,34.88555711705602,0.13895776145306296,0.1555740973366224,0.24337238925706273,0.5700003176687664,19.102364287708028,132.14695837171536,29.907564343939733,19.824208502238335
19,79.99900000642742,79.99900000642742,-11.206052188603337,37.582924906745205,38.7465209304134,44.833454151121146,41.27891012627701,0.15419428655959672,0.153898715711497,0.6303682427897983,0.5532155085246317,17.18145419464658,120.39772880469869,29.907564343939733,19.17195004149271
19,79.99900000642742,79.99900000642742,-10.70244821294802,37.582924906745205,38.7465209304134,44.833454151121146,34.88555711705602,0.15419428655959672,0.15448355000314684,0.6289324994068471,0.14924577458349866,19.102621700638764,120.39772880469869,29.907564343939733,19.17195004149271
19,79.99900000642742,79.99900000642742,-10.561009961222837,37.595541592597904,28.84959541411905,39.88185237807727,41.1993215685226,0.1361087940721251,0.14438301336082587,0.6328055921457387,0.11873322532768871,19.052921553576155,41.819889640856,24.20229497970211,14.357643392740398
19,79.99900000642742,79.99900000642742,-11.458815757713339,39.757886218366366,38.74768446371759,42.896763654581974,42.40860445168692,0.25383176591501155,0.14686254553624378,0.21005136869555918,0.5314383966276187,8.62554545968306,137.0199729314935,149.07924730888973,12.041205004758154
19,79.99900000642742,79.99900000642742,-10.597167556875554,37.53307194599289,27.615677138933343,24.109259265090696,34.86430799571142,0.13970537209433131,0.3571220312771885,0.17666505593929246,0.2706696708135064,18.506435386805883,16.146819593090488,31.403004881594754,22.031210290549396
19,79.99900000642742,79.99900000642742,-10.14790362546671,37.68190385243734,41.391769472127805,27.192363934039275,35.87584824162215,0.25977420259141304,0.1622202325062427,0.17597696058277534,0.526247637256468,18.509978516987296,27.53637599926007,44.393784284369396,116.18196035215396
19,79.99900000642742,79.99900000642742,-10.206354161822496,41.4683514060977,38.917983545693865,25.166698786333058,35.99817659782624,0.15104604241841274,0.16191049794317078,0.21627522338609434,0.521473577079111,17.142780635619168,172.5224133929981,36.44926351967206,18.490463907743028
19,79.99900000642742,79.99900000642742,-10.759983274594518,37.54196722751507,30.223370060173814,28.893396976000542,38.40019187077589,0.12097954993302668,0.15450782642382527,0.17634602327276694,0.6091572142120444,18.501983343979234,27.280124647317827,176.9352471118673,113.43660366633318
19,79.99900000642742,79.99900000642742,-11.79411525963328,37.5912530144985,38.74202487864889,40.320474554793705,41.22103517554187,0.14027018629534277,0.10672052384169949,0.26584360458455814,0.5699995192020667,17.182745689865726,137.4469988357737,39.19121233153582,19.895456031085175
19,79.99900000642742,79.99900000642742,-10.561009961222837,37.590677477465036,28.84959541411905,39.88185237807727,36.017305606616006,0.1361087940721251,0.14438301336082587,0.6328055921457387,0.11873322532768871,19.052921553576155,41.819889640856,24.20229497970211,14.286837114538358
19,79.99900000642742,79.99900000642742,-10.336239349099756,37.71491315211363,27.618889280992963,22.184001522281953,34.93949984585045,0.2568182498972426,0.15551621330076928,0.19276900736074531,0.265641004808028,18.506491310589134,19.334119988259673,40.99397673506215,195.62025484009308
19,79.99900000642742,79.99900000642742,-10.394551137598384,37.692068489779366,37.91534250496591,28.85571905790027,41.16416033631261,0.15311677279321095,0.1560728176856176,0.16614222519183205,0.52279320127221,16.77450928136181,30.210317272047337,175.85901399599524,98.84196486491925
19,79.99900000642742,79.99900000642742,-10.69571745719005,37.60556838290746,39.26653800284258,44.86913268439325,34.86963318951698,0.1302694127188761,0.15451057320584913,0.6200593001592286,0.5702105550982738,19.508226565828828,167.86540801945722,25.297039254467748,36.574020089669574
19,79.99900000642742,79.99900000642742,-10.738532598365033,37.59085974374791,37.33150859686766,44.838881386235045,35.16763130703366,0.1389577646416458,0.11017723274763419,0.589621898095546,0.5700006498976077,18.523370444791713,134.45183260332465,25.857866913192808,19.449721656716637
19,79.99900000642742,79.99900000642742,-10.589014033838279,37.595583962879516,28.028590985723444,38.846150059629956,41.31254623950717,0.13895782428141848,0.14668302182621065,0.6281804684828736,0.5700002332551443,16.79915826470749,41.819889640856,25.89829823482717,18.130821708611105
19,79.99900000642742,79.99900000642742,-10.593977668509993,37.590666769053044,28.028590985723444,38.808095527146804,42.07530235330356,0.13612554850352618,0.14668302182621065,0.6281804684828736,0.5700002332551443,16.79915826470749,60.9964757553644,24.255322849597032,18.130821708611105
19,79.99900000642742,79.99900000642742,-10.701740312715778,37.59085974374791,38.74202487864889,44.838881386235045,34.88555711705602,0.1389577646416458,0.15448355000314684,0.6127432041390855,0.5700003176546369,19.5980738314697,137.4469988357737,25.825018087609514,19.403221646301812
19,79.99900000642742,79.99900000642742,-10.430884347703547,37.69049372860796,37.216525576638766,25.186638909032624,32.81940094104226,0.25685894203648973,0.15592015360443057,0.16640770150458967,0.18641570722154843,18.501871590336066,40.09800886940155,44.36389878863805,197.6187741894289
19,79.99900000642742,79.99900000642742,-10.647198520245361,37.23871851149597,34.67376563312193,24.481778900028452,34.85325691148068,0.1460374630508695,0.14592547427146613,0.17634602327276694,0.5699998942007981,18.463322478385116,19.24068201139451,13.591606021060919,22.446532429056607
19,79.99900000642742,79.99900000642742,-10.918693709499266,37.5946052312169,30.223370060173814,38.513384954012764,41.44505893721293,0.15323029918468095,0.1467832268928687,0.17634602327276694,0.5817311401230234,16.831700511434182,41.339526364286165,45.467371193787756,113.43660366633318
19,79.99900000642742,79.99900000642742,-9.857574223560519,34.84571091386473,28.408189865085145,44.833454151121146,39.966115651249,0.13719585646743648,0.15448355000314684,0.2412521476837125,0.5701106315366041,16.928689679520524,137.4469988357737,29.907564343939733,108.25456346237154
19,79.99900000642742,79.99900000642742,-10.220078736914928,37.5983649402111,38.812761803318566,25.166698786333058,21.690732276532284,0.13895782180788602,0.28060963724518306,0.0811452976757643,0.22974805935927314,16.60969967051757,105.70254166523145,37.05185897385785,18.77009665392901
19,79.99900000642742,79.99900000642742,-10.856008276318967,37.59572385888079,39.00271077074334,44.93258973145363,36.16198651656575,0.12237795760331883,0.15448355000314684,0.2496890764202669,0.5202026711997235,18.523370444791713,128.13719098450414,25.857866913192808,18.522344141009143
19,79.99900000642742,79.99900000642742,-10.35582924465644,37.68908095115752,28.403675805492963,28.565391799103963,41.17070092340453,0.26511993588858423,0.1544871093990406,0.16614222519183205,0.5181754883389376,16.769693402125245,30.2109384915648,175.85901399599524,101.18672792175146
20,79.99900000642742,79.99900000642742,-10.759983274594518,38.16328457812707,30.044440778091072,28.893396976000542,38.40019187077589,0.12097954993302668,0.15693251976933636,0.08563127244328571,0.6124833905286413,16.69849349124309,27.812765959529553,176.9352471118673,112.66482114239373
20,79.99900000642742,79.99900000642742,-11.283548742048062,37.5912530144985,38.74202487864889,40.320474554793705,34.827681577162195,0.14027018629534277,0.10730536254342553,0.26294228836402456,0.19273795954745998,19.10391319585791,137.83273895904117,39.19121233153582,19.895456031085175
20,6416.9681188596,0.0,-10.220078736914928,37.595541592597904,38.812761803318566,25.166698786333058,14.182233343959679,0.13895782180788602,0.1187117430101969,0.09032858347484407,0.5703675372355965,16.60969967051757,41.129111977873436,36.350672604250384,19.045560387710967
20,6416.9681188596,0.0,-10.205604828820533,37.595541592597904,38.81335039489502,25.056320749185808,14.182233343959679,0.13895782180788602,0.15495905569202,0.09009279424255161,0.57036913662982,16.60969967051757,41.129111977873436,36.350672604250384,19.04512763022228
20,4559.020303911813,47.956325000248206,-9.803875745933652,35.235727102809,35.34096805853791,24.236083546925144,41.07303616143375,0.5032436688722498,0.28115339662609773,0.5961541998207227,0.1251451458138526,198.2065035437172,19.27427232035617,22.289003432269688,17.99946614148663
20,5353.517133451218,26.737931968077678,-7.69089197836986,37.598242266096776,28.84959541411905,4.468409993655827,37.50490482615349,0.13903685060501475,0.1307337003843087,0.6441187398855304,0.22950031346677413,190.65794950770362,47.268094479832186,25.80037679657643,18.991398617779744
20,4559.020303911813,47.956325000248206,-9.803875745933652,35.235727102809,35.34096805853791,24.236083546925144,41.07303616143375,0.49584377927579576,0.28115339662609773,0.5961541998207227,0.1251451458138526,198.2065035437172,19.27427232035617,22.289003432269688,17.99946614148663
20,5352.209986763994,34.4682667431912,-7.728154076832347,37.590677477465036,28.84959541411905,3.266486862330728,36.017305606616006,0.13248108320896987,0.2869091987838113,0.612448519636626,0.15305745566106088,191.2400556025251,47.268094479832186,24.20229497970211,14.286837114538358
20,4823.083242432717,44.27294824409219,-9.073561409851003,35.235727102809,37.48922966148012,18.643618428416254,41.079647619558514,0.5070147871025561,0.12091844782772629,0.5961541998207227,0.1251451458138526,197.6243974488957,19.276301462660335,22.289003432269688,11.336255379625976
20,4823.0714225638985,46.49334380452527,-9.114413917292964,35.235727102809,37.48922966148012,18.854296386405323,40.977123020492556,0.5032436688722498,0.28115339662609773,0.5961541998207227,0.1251451458138526,198.2065035437172,19.276301462660335,22.289003432269688,11.336255379625976
20,79.99900000642742,79.99900000642742,-10.911553329455067,37.54235359672818,30.223370060173814,38.56812786768495,38.40019187077589,0.15089285423870502,0.1469920313759999,0.17634602327276694,0.5813546073081445,18.501983343979234,27.280124647317827,176.9352471118673,113.43660366633318
20,79.99900000642742,79.99900000642742,-11.28727309233956,35.23568211128323,39.40489305899655,44.86913268439325,40.81790831977398,0.12097990740566697,0.15451057320584913,0.6200593001592286,0.5702105550982738,19.508226565828828,167.86540801945722,25.297039254467748,11.105319650683429
20,79.99900000642742,79.99900000642742,-11.323136691409402,39.86156705861346,37.188044771661296,40.0425422773419,34.85325691148068,0.12905760757406334,0.2872621467672631,0.1647189867527906,0.11527180552948585,18.47758710341998,41.91679718458562,149.07924730888973,212.63064999048248
20,79.99900000642742,79.99900000642742,-10.53252768022724,37.69049372860796,37.18271113761897,25.932090019361176,32.076666474547224,0.2568182498972426,0.15348131492694253,0.18802749246072842,0.1831328477539481,13.791622792871507,22.535427818982416,22.06741688577329,6.163972815534564
20,79.99900000642742,79.99900000642742,-10.56242157360754,37.98746804128457,37.117565599318624,26.09613099697646,33.32142255122884,0.13895776392659542,0.356488080084729,0.1100668521579159,0.5699885537413291,19.598012197501493,19.92318032286125,26.18427049914996,17.242983733866694
20,79.99900000642742,79.99900000642742,-9.875850806833725,37.20524164725969,38.81335039489502,25.056320749185808,41.341464563460534,0.13895782180788602,0.15495905569202,0.09009279424255161,0.57036913662982,19.09817905471068,10.266163655721991,36.350672604250384,19.04512763022228
20,79.99900000642742,79.99900000642742,-10.336239349099756,37.71491315211363,27.618889280992963,22.184001522281953,34.93949984585045,0.2568182498972426,0.15551621330076928,0.19276900736074531,0.265641004808028,18.506491310589134,19.334119988259673,40.99397673506215,195.62025484009308
20,79.99900000642742,79.99900000642742,-11.26658983349386,36.84119461832733,39.21056681317233,44.8333780897194,39.97249072068214,0.13709936694650895,0.1555740973366224,0.24117141895927285,0.5700003176687664,19.102364287708028,132.14695837171536,29.907564343939733,19.824208502238335
20,79.99900000642742,79.99900000642742,-11.00913431013172,37.58300801248629,37.31273519579153,44.909372151448345,40.38279059410055,0.13879472579583588,0.15448355000314684,0.6285704021983015,0.11160164212409326,19.105543080254566,134.45183260332465,25.81267417207515,4.457090801481069
20,79.99900000642742,79.99900000642742,-11.283310854220638,36.84119461832733,39.21056681317233,44.705183597480726,41.89406909612037,0.13895776145306296,0.1555740973366224,0.2431296527536815,0.5700003176687664,19.102364287708028,132.14695837171536,29.907564343939733,19.824208502238335
20,79.99900000642742,79.99900000642742,-10.759983274594518,37.54196722751507,30.223370060173814,28.893396976000542,38.40019187077589,0.12097954993302668,0.15450782642382527,0.17634602327276694,0.6091572142120444,18.501983343979234,27.280124647317827,176.9352471118673,113.43660366633318
20,79.99900000642742,79.99900000642742,-10.268195950341813,41.3057553664362,28.028590985723444,39.06075488997139,41.00839955259528,0.1290834688293662,0.096894633392783,0.1331786312863038,0.5995542688754032,18.477099287220398,41.9378580000953,33.57436692261831,17.179129630765033
20,79.99900000642742,79.99900000642742,-10.856008276318967,37.59572385888079,39.00271077074334,44.93258973145363,36.16198651656575,0.12237795760331883,0.15448355000314684,0.2496890764202669,0.5202026711997235,18.523370444791713,128.13719098450414,25.857866913192808,18.522344141009143
20,79.99900000642742,79.99900000642742,-10.701740312715778,37.59085974374791,38.74202487864889,44.838881386235045,34.88555711705602,0.1389577646416458,0.15448355000314684,0.6127432041390855,0.5700003176546369,19.5980738314697,137.4469988357737,25.825018087609514,19.403221646301812
20,79.99900000642742,79.99900000642742,-10.56242157360754,37.961178417923165,37.117565599318624,26.09613099697646,33.36024440693511,0.13895776392659542,0.356488080084729,0.10923707302694674,0.5703581542732659,19.437124929926668,19.873885470958434,151.70934772763854,17.242983733866694
20,79.99900000642742,79.99900000642742,-10.738532598365033,37.59085974374791,37.33150859686766,44.838881386235045,35.16763130703366,0.1389577646416458,0.11017723274763419,0.589621898095546,0.5700006498976077,18.523370444791713,134.45183260332465,25.857866913192808,19.449721656716637
20,79.99900000642742,79.99900000642742,-11.01832875776823,37.59572385888079,37.31273519579153,44.838881386235045,40.34613195269568,0.1389577646416458,0.15448355000314684,0.6127432041390855,0.5700003176546369,18.523370444791713,134.45183260332465,25.857866913192808,19.52052793491869
20,79.99900000642742,79.99900000642742,-10.306518275415947,37.71491315211363,27.618889280992963,22.184001522281953,35.167361410759646,0.2568182498972426,0.15551621330076928,0.19276900736074531,0.265641004808028,18.506491310589134,19.334119988259673,24.788993031565056,29.76736149848405
20,79.99900000642742,79.99900000642742,-11.323136691409402,39.86156705861346,38.45962210303684,40.0425422773419,34.85325691148068,0.13893196302611563,0.2882841375687458,0.1647189867527906,0.09318471776049425,18.50591243818345,41.919550878038486,141.75372015967457,212.63064999048248
20,79.99900000642742,79.99900000642742,-10.14790362546671,37.68190385243734,41.391769472127805,27.192363934039275,35.87584824162215,0.25977420259141304,0.1622202325062427,0.17597696058277534,0.526247637256468,18.509978516987296,27.53637599926007,44.393784284369396,116.18196035215396
20,79.99900000642742,79.99900000642742,-10.35582924465644,37.68908095115752,28.403675805492963,28.565391799103963,41.17070092340453,0.26511993588858423,0.1544871093990406,0.16614222519183205,0.5181754883389376,16.769693402125245,30.2109384915648,175.85901399599524,101.18672792175146
20,79.99900000642742,79.99900000642742,-10.597167556875554,37.53307194599289,27.615677138933343,24.109259265090696,34.86430799571142,0.13970537209433131,0.3571220312771885,0.17666505593929246,0.2706696708135064,18.506435386805883,16.146819593090488,31.403004881594754,22.031210290549396
20,79.99900000642742,79.99900000642742,-10.430884347703547,37.69049372860796,37.216525576638766,25.186638909032624,32.81940094104226,0.25685894203648973,0.15592015360443057,0.16640770150458967,0.18641570722154843,18.501871590336066,40.09800886940155,44.36389878863805,197.6187741894289
20,79.99900000642742,79.99900000642742,-10.561009961222837,37.15034881277855,28.84959541411905,39.88185237807727,42.95819401326506,0.1112762452749905,0.14438301336082587,0.6323701476495842,0.1183966973077478,19.052921553576155,27.309477917227415,24.20229497970211,11.49159292266251
20,79.99900000642742,79.99900000642742,-10.765184448672322,37.6017726344698,29.593835663125894,39.06075488997139,41.00839955259528,0.13895782428141848,0.0914763931523134,0.1331786312863038,0.5700002332551443,18.505424621983867,22.42042862854028,26.24313646192177,17.179129630765033
20,79.99900000642742,79.99900000642742,-11.2647255583909,37.59085974374791,37.33150859686766,38.40704322469484,32.76993917235844,0.1389577646416458,0.1467843669697188,0.1788098331653495,0.5700006498976077,18.523370444791713,134.45183260332465,25.857866913192808,19.449721656716637
20,79.99900000642742,79.99900000642742,-9.857574223560519,34.84571091386473,28.408189865085145,44.833454151121146,39.966115651249,0.13719585646743648,0.15448355000314684,0.2412521476837125,0.5701106315366041,16.928689679520524,137.4469988357737,29.907564343939733,108.25456346237154
20,79.99900000642742,79.99900000642742,-10.593977668509993,37.590666769053044,28.028590985723444,38.808095527146804,42.07530235330356,0.13612554850352618,0.14668302182621065,0.6281804684828736,0.5700002332551443,16.79915826470749,60.9964757553644,24.255322849597032,18.130821708611105
20,79.99900000642742,79.99900000642742,-10.702662224636029,36.84119461832733,39.21056681317233,44.831813394846435,34.88555711705602,0.13895776145306296,0.1555740973366224,0.24337238925706273,0.5700003176687664,19.102364287708028,132.14695837171536,29.907564343939733,19.824208502238335
20,79.99900000642742,79.99900000642742,-10.738074097970049,37.59085974374791,37.31273519579153,44.838881386235045,35.16411613733879,0.1389577646416458,0.15448355000314684,0.6127432041390855,0.5700003176546369,18.523370444791713,134.45183260332465,25.857866913192808,19.449721656716637
20,79.99900000642742,79.99900000642742,-10.220078736914928,37.5983649402111,38.812761803318566,25.166698786333058,21.690732276532284,0.13895782180788602,0.28060963724518306,0.0811452976757643,0.22974805935927314,16.60969967051757,105.70254166523145,37.05185897385785,18.77009665392901
20,79.99900000642742,79.99900000642742,-10.220078736914928,37.5983649402111,38.812761803318566,25.166698786333058,37.05217247658731,0.13912207902819154,0.28060963724518306,0.0811452976757643,0.22974805935927314,16.609551069825603,172.55803971728818,36.43915021815254,18.77009665392901
20,79.99900000642742,79.99900000642742,-10.374296211191258,38.001267997266424,37.21421739606714,24.750488348533477,34.85325691148068,0.13561268488821476,0.14577008395730995,0.1772968730799997,0.5702576493493241,18.463322478385116,22.547862017957275,13.591606021060919,22.554809960013973
20,79.99900000642742,79.99900000642742,-10.355686288334589,37.5942188620038,30.223370060173814,28.838653814444818,41.44505893721293,0.12331699487970685,0.15450210795777167,0.17634602327276694,0.60953374702669,12.182700091323055,41.339526364286165,56.77216167114775,113.43660366633318
20,79.99900000642742,79.99900000642742,-10.647198520245361,37.23871851149597,34.67376563312193,24.481778900028452,34.85325691148068,0.1460374630508695,0.14592547427146613,0.17634602327276694,0.5699998942007981,18.463322478385116,19.24068201139451,13.591606021060919,22.446532429056607
20,79.99900000642742,79.99900000642742,-10.394551137598384,37.692068489779366,37.91534250496591,28.85571905790027,41.16416033631261,0.15311677279321095,0.1560728176856176,0.16614222519183205,0.52279320127221,16.77450928136181,30.210317272047337,175.85901399599524,98.84196486491925
20,79.99900000642742,79.99900000642742,-10.206354161822496,41.4683514060977,38.917983545693865,25.166698786333058,35.99817659782624,0.15104604241841274,0.16191049794317078,0.21627522338609434,0.521473577079111,17.142780635619168,172.5224133929981,36.44926351967206,18.490463907743028
20,79.99900000642742,79.99900000642742,-10.738074097970049,37.59085974374791,37.43931538558392,44.838881386235045,35.16411613733879,0.13893930548508096,0.15448355000314684,0.6265602517782933,0.5700003176546369,18.523370444791713,134.45183260332465,25.407171500818055,19.449721656716637
21,6416.9681188596,0.0,-10.220078736914928,37.595541592597904,38.812761803318566,25.166698786333058,14.182233343959679,0.13895782180788602,0.1187117430101969,0.09032858347484407,0.5703675372355965,16.60969967051757,41.129111977873436,36.350672604250384,19.045560387710967
21,79.99900000642742,79.99900000642742,-10.759983274594518,38.16328457812707,30.044440778091072,28.893396976000542,38.40019187077589,0.12097954993302668,0.15693251976933636,0.08563127244328571,0.6124833905286413,16.69849349124309,27.812765959529553,176.9352471118673,112.66482114239373
21,79.99900000642742,79.99900000642742,-10.220078736914928,37.595541592597904,38.812761803318566,25.166698786333058,35.50176142716754,0.259314876919519,0.08371833658207209,0.19025089227151554,0.5703675372355965,16.543951485648066,41.129111977873436,36.439867297049695,19.045560387710967
21,6416.9681188596,0.0,-10.205604828820533,37.595541592597904,38.81335039489502,25.056320749185808,14.182233343959679,0.13895782180788602,0.15495905569202,0.09009279424255161,0.57036913662982,16.60969967051757,41.129111977873436,36.350672604250384,19.04512763022228
21,4557.976199227422,69.14783680682855,-9.781750455010986,35.49167225775917,35.013047474770005,24.03166543587779,41.0382452807935,0.5445560434961098,0.1307337003843087,0.5963345850567265,0.12851969010993175,190.65794950770362,47.268094479832186,25.754417639651955,19.823414390422048
21,5356.308771910253,26.377378023767804,-7.714138919923855,37.3422971111466,29.606019099787382,4.681427425760399,37.53969570634412,0.10122197283820897,0.28115339662609773,0.6439159410160997,0.22612584022938553,198.2065035437172,19.27427232035617,22.334962589194163,17.99946614148663
21,4559.020303911813,47.956325000248206,-9.803875745933652,35.235727102809,35.44791735684252,24.236083546925144,41.07303616143375,0.49584377927579576,0.2812227593655648,0.5961541998207227,0.1251451458138526,191.14134171072064,47.09298776475723,22.289003432269688,17.9611642779234
21,5352.209986763994,34.4682667431912,-7.728154076832347,37.590677477465036,28.84959541411905,3.266486862330728,36.017305606616006,0.13248108320896987,0.2869091987838113,0.612448519636626,0.15305745566106088,191.2400556025251,47.268094479832186,24.20229497970211,14.286837114538358
21,5093.611384267626,43.17701743432368,-7.291989362457823,35.291277454085936,37.48922966148012,4.720049659385056,40.81479788054166,0.5161002157244043,0.12091844782772629,0.5961541998207227,0.12140994344537998,197.6243974488957,48.42872668796011,22.289003432269688,18.955356239378435
21,5353.517133451218,26.737931968077678,-7.69089197836986,37.598242266096776,28.84959541411905,4.468409993655827,37.50490482615349,0.13903685060501475,0.1307337003843087,0.6441187398855304,0.22950031346677413,190.65794950770362,47.268094479832186,25.80037679657643,18.991398617779744
21,4823.0714225638985,46.49334380452527,-9.114413917292964,35.235727102809,37.48922966148012,18.854296386405323,40.977123020492556,0.5032436688722498,0.28115339662609773,0.5961541998207227,0.1251451458138526,198.2065035437172,19.276301462660335,22.289003432269688,11.336255379625976
21,4823.083242432717,44.27294824409219,-9.073561409851003,35.235727102809,37.48922966148012,18.643618428416254,41.079647619558514,0.5070147871025561,0.12091844782772629,0.5961541998207227,0.1251451458138526,197.6243974488957,19.276301462660335,22.289003432269688,11.336255379625976
21,4559.020303911813,47.956325000248206,-9.803875745933652,35.235727102809,35.34096805853791,24.236083546925144,41.07303616143375,0.5032436688722498,0.28115339662609773,0.5961541998207227,0.1251451458138526,198.2065035437172,19.27427232035617,22.289003432269688,17.99946614148663
21,79.99900000642742,79.99900000642742,-11.2647255583909,37.59085974374791,37.33150859686766,38.40704322469484,32.76993917235844,0.1389577646416458,0.1467843669697188,0.1788098331653495,0.5700006498976077,18.523370444791713,134.45183260332465,25.857866913192808,19.449721656716637
21,79.99900000642742,79.99900000642742,-10.130861820432614,40.11928118618896,41.522423310722544,27.192363934039275,35.87584824162215,0.28240383951985876,0.1622202325062427,0.09066185314448771,0.5283731843915014,16.565755959944063,27.53637599926007,44.346257900693956,23.963620601284596
21,79.99900000642742,79.99900000642742,-10.374296211191258,38.001267997266424,37.21421739606714,24.750488348533477,34.85325691148068,0.13561268488821476,0.14577008395730995,0.1772968730799997,0.5702576493493241,18.463322478385116,22.547862017957275,13.591606021060919,22.554809960013973
21,79.99900000642742,79.99900000642742,-10.53252768022724,37.69049372860796,37.18271113761897,25.932090019361176,32.076666474547224,0.2568182498972426,0.15348131492694253,0.18802749246072842,0.1831328477539481,13.791622792871507,22.535427818982416,22.06741688577329,6.163972815534564
21,79.99900000642742,79.99900000642742,-10.738532598365033,37.59085974374791,37.33150859686766,44.838881386235045,35.16763130703366,0.15145654931456148,0.1615322583149393,0.5767631339277022,0.5212151757104125,18.48600817503134,170.4680825120462,24.97518353176072,18.485883537019696
21,79.99900000642742,79.99900000642742,-11.26658983349386,36.84119461832733,39.21056681317233,44.8333780897194,39.97249072068214,0.13709936694650895,0.1555740973366224,0.24117141895927285,0.5700003176687664,19.102364287708028,132.14695837171536,29.907564343939733,19.824208502238335
21,79.99900000642742,79.99900000642742,-10.336239349099756,37.71491315211363,27.618889280992963,22.184001522281953,34.93949984585045,0.2568182498972426,0.15551621330076928,0.19276900736074531,0.265641004808028,18.506491310589134,19.334119988259673,40.99397673506215,195.62025484009308
21,79.99900000642742,79.99900000642742,-10.369673377378554,37.69049372860796,37.18271113761897,25.93035571867922,38.42952649211027,0.2568182498972426,0.15348131492694253,0.18802749246072842,0.19782146222191782,13.791622792871507,22.535427818982416,22.06741688577329,6.163972815534564
21,79.99900000642742,79.99900000642742,-10.676020340069421,37.57145347251212,39.04390770213495,28.893396976000542,38.279184517945616,0.12099085224462117,0.15448858630443518,0.08563127244328571,0.6124833905286413,18.55526071230972,29.467636851614806,184.32874465111044,115.15379638619429
21,79.99900000642742,79.99900000642742,-10.738077641426194,37.59085974374791,37.43931538558392,44.838854219737904,35.16411613733879,0.1389395709272566,0.15448355000314684,0.6265602517782933,0.5700003176546369,18.523370444791713,134.47713146582558,25.407171500818055,19.82230335450033
21,79.99900000642742,79.99900000642742,-10.597167556875554,37.53307194599289,27.615677138933343,24.109259265090696,34.86430799571142,0.13970537209433131,0.3571220312771885,0.17975605548008625,0.2706696708135064,18.506435386805883,12.569018422422772,31.403004881594754,22.737366161830654
21,79.99900000642742,79.99900000642742,-9.73715233737473,37.7244706701241,27.618889280992963,44.96738802778663,40.18090336302844,0.26782748541200546,0.15551621330076928,0.19162634661454547,0.10782382871031009,18.49636042776307,131.674303809656,25.76154160309864,2.843897460017823
21,79.99900000642742,79.99900000642742,-10.701740312715778,37.59085974374791,38.74202487864889,44.838881386235045,34.88555711705602,0.1389577646416458,0.15448355000314684,0.6127432041390855,0.5700003176546369,19.5980738314697,137.4469988357737,25.825018087609514,19.403221646301812
21,79.99900000642742,79.99900000642742,-10.268195950341813,41.3057553664362,28.028590985723444,39.06075488997139,41.00839955259528,0.1290834688293662,0.096894633392783,0.1331786312863038,0.5995542688754032,18.477099287220398,41.9378580000953,33.57436692261831,17.179129630765033
21,79.99900000642742,79.99900000642742,-10.162941574593106,37.55255955475255,30.222213658317607,24.316077275989745,38.40019187077589,0.15089285423870502,0.12825533232157244,0.10838901849081384,0.5813602623036205,19.59459103382127,27.280124647317827,27.455914189140913,15.785671360456313
21,79.99900000642742,79.99900000642742,-9.805766239699704,35.22987225480787,37.20605488453024,24.250577332464857,41.07303616143375,0.49584377927579576,0.15705022934624221,0.16160242132128452,0.1830283143329735,11.418659655396567,19.27427232035617,44.907715880556175,19.786768898425038
21,79.99900000642742,79.99900000642742,-10.206354161822496,41.4683514060977,38.917983545693865,25.166698786333058,35.99817659782624,0.1385472577454971,0.11055547575326116,0.22907331939118594,0.5702590512662283,17.180142905379544,136.50616348427377,37.331946901106264,19.454302027439972
21,79.99900000642742,79.99900000642742,-10.647198520245361,37.23871851149597,34.67376563312193,24.481778900028452,34.85325691148068,0.1460374630508695,0.14592547427146613,0.17634602327276694,0.5699998942007981,18.463322478385116,19.24068201139451,13.591606021060919,22.446532429056607
21,79.99900000642742,79.99900000642742,-10.765184448672322,37.6017726344698,29.593835663125894,39.06075488997139,41.00839955259528,0.13895782428141848,0.0914763931523134,0.1331786312863038,0.5700002332551443,18.505424621983867,22.42042862854028,26.24313646192177,17.179129630765033
21,79.99900000642742,79.99900000642742,-11.00913431013172,37.58300801248629,37.31273519579153,44.909372151448345,40.38279059410055,0.13879472579583588,0.15448355000314684,0.6285704021983015,0.11160164212409326,19.105543080254566,134.45183260332465,25.81267417207515,4.457090801481069
21,79.99900000642742,79.99900000642742,-10.37715818077669,37.986310240000385,37.21421739606714,24.77243011535513,34.6902281313706,0.13561268488821476,0.14577008395730995,0.1772968730799997,0.5702576493493241,22.11643491104934,22.547862017957275,13.591606021060919,22.51445666016453
21,79.99900000642742,79.99900000642742,-10.430884347703547,37.69049372860796,37.216525576638766,25.186638909032624,32.81940094104226,0.25685894203648973,0.15592015360443057,0.16640770150458967,0.18641570722154843,18.501871590336066,40.09800886940155,44.36389878863805,197.6187741894289
21,79.99900000642742,79.99900000642742,-10.14790362546671,37.68190385243734,41.391769472127805,27.192363934039275,35.87584824162215,0.25977420259141304,0.1622202325062427,0.17597696058277534,0.526247637256468,18.509978516987296,27.53637599926007,44.393784284369396,116.18196035215396
21,79.99900000642742,79.99900000642742,-11.28727309233956,35.23568211128323,39.40489305899655,44.86913268439325,40.81790831977398,0.12097990740566697,0.15451057320584913,0.6160600506260255,0.5702105550982738,19.508226565828828,171.82701990734026,25.297039254467748,10.399163828268074
21,79.99900000642742,79.99900000642742,-10.56242157360754,37.98746804128457,37.117565599318624,26.09613099697646,33.32142255122884,0.13895776392659542,0.356488080084729,0.1100668521579159,0.5699885537413291,19.598012197501493,19.92318032286125,26.18427049914996,17.242983733866694
21,79.99900000642742,79.99900000642742,-11.01832875776823,37.59572385888079,37.31273519579153,44.838881386235045,40.34613195269568,0.1389577646416458,0.15448355000314684,0.6127432041390855,0.5700003176546369,18.523370444791713,134.45183260332465,25.857866913192808,19.52052793491869
21,79.99900000642742,79.99900000642742,-10.738074097970049,37.59085974374791,37.43931538558392,44.838881386235045,35.16411613733879,0.13893930548508096,0.15448355000314684,0.6265602517782933,0.5700003176546369,18.523370444791713,134.45183260332465,25.407171500818055,19.449721656716637
21,79.99900000642742,79.99900000642742,-10.394551137598384,37.692068489779366,37.91534250496591,28.85571905790027,41.16416033631261,0.15311677279321095,0.1560728176856176,0.16614222519183205,0.52279320127221,16.77450928136181,30.210317272047337,175.85901399599524,98.84196486491925
21,79.99900000642742,79.99900000642742,-10.702662224636029,36.84119461832733,39.21056681317233,44.831813394846435,34.88555711705602,0.13895776145306296,0.1555740973366224,0.24337238925706273,0.5700003176687664,19.102364287708028,132.14695837171536,29.907564343939733,19.824208502238335
21,79.99900000642742,79.99900000642742,-10.206354161822496,41.4683514060977,38.917983545693865,25.166698786333058,35.99817659782624,0.15104604241841274,0.16191049794317078,0.21627522338609434,0.521473577079111,17.142780635619168,172.5224133929981,36.44926351967206,18.490463907743028
21,79.99900000642742,79.99900000642742,-10.220078736914928,37.5983649402111,38.812761803318566,25.166698786333058,21.690732276532284,0.13895782180788602,0.28060963724518306,0.0811452976757643,0.22974805935927314,16.60969967051757,105.70254166523145,37.05185897385785,18.77009665392901
21,79.99900000642742,79.99900000642742,-10.9794901604686,37.54235359672818,30.223370060173814,38.04727882991454,38.34476618925471,0.15074577353775526,0.1469920313759999,0.17499944146097532,0.5816700879665151,18.501983343979234,27.280124647317827,176.9352471118673,19.742063821463695
21,79.99900000642742,79.99900000642742,-11.283548742048062,37.5912530144985,38.74202487864889,40.320474554793705,34.827681577162195,0.14027018629534277,0.10730536254342553,0.26294228836402456,0.19273795954745998,19.10391319585791,137.83273895904117,39.19121233153582,19.895456031085175
21,79.99900000642742,79.99900000642742,-10.79921322013562,37.595363345071355,38.74181933381994,44.091589096016264,34.88555711705602,0.13895776377988733,0.15448355000314684,0.6290515992577206,0.5700110211293404,19.5980738314697,137.4469988357737,36.16585872090902,18.978134777785904
21,79.99900000642742,79.99900000642742,-10.113482912520006,37.5955613774747,38.81289283340119,24.349595162721272,34.827681577162195,0.14027018629534277,0.1543125086268417,0.26294228836402456,0.20695622503618546,16.61265413058408,137.83273895904117,39.19121233153582,19.895456031085175
22,79.99900000642742,79.99900000642742,-10.561022099445914,39.0424579868596,28.028590985723444,39.06075488997139,40.78230921480133,0.15240804899434862,0.10090948562048249,0.1331786312863038,0.5995542688754032,18.477642104154587,41.9378580000953,33.57436692261831,17.179129630765033
22,6416.9681188596,0.0,-10.205604828820533,37.595541592597904,38.81335039489502,25.056320749185808,14.182233343959679,0.13895782180788602,0.15495905569202,0.09009279424255161,0.57036913662982,16.60969967051757,41.129111977873436,36.350672604250384,19.04512763022228
22,79.99900000642742,79.99900000642742,-10.759983274594518,38.16328457812707,30.044440778091072,28.893396976000542,38.40019187077589,0.12097954993302668,0.15693251976933636,0.08563127244328571,0.6124833905286413,16.69849349124309,27.812765959529553,176.9352471118673,112.66482114239373
22,6416.9681188596,0.0,-10.220078736914928,37.595541592597904,38.812761803318566,25.166698786333058,14.182233343959679,0.13895782180788602,0.1187117430101969,0.09032858347484407,0.5703675372355965,16.60969967051757,41.129111977873436,36.350672604250384,19.045560387710967
22,4557.976199227419,69.14783680682855,-9.781731495000948,37.612367730707184,35.013047474770005,24.03166543587779,41.03839064087048,0.5671081214908213,0.1307337003843087,0.5963345850567265,0.12851969010993175,188.89380701716573,47.268094479832186,25.754417639651955,19.823414390422048
22,5356.308771910253,26.377378023767804,-7.714138919923855,37.3422971111466,29.606019099787382,4.681427425760399,37.53969570634412,0.10122197283820897,0.28115339662609773,0.6439159410160997,0.22612584022938553,198.2065035437172,19.27427232035617,22.334962589194163,17.99946614148663
22,4559.020303911813,47.956325000248206,-9.803875745933652,35.235727102809,35.34096805853791,24.236083546925144,41.07303616143375,0.5032436688722498,0.28115339662609773,0.5961541998207227,0.1251451458138526,198.2065035437172,19.27427232035617,22.289003432269688,17.99946614148663
22,5352.209986763994,34.4682667431912,-7.728154076832347,37.590677477465036,28.84959541411905,3.266486862330728,36.017305606616006,0.13248108320896987,0.2869091987838113,0.612448519636626,0.15305745566106088,191.2400556025251,47.268094479832186,24.20229497970211,14.286837114538358
22,5093.611384267626,43.17701743432368,-7.291989362457823,35.291277454085936,37.48922966148012,4.720049659385056,40.81479788054166,0.5161002157244043,0.12091844782772629,0.5961541998207227,0.12140994344537998,197.6243974488957,48.42872668796011,22.289003432269688,18.955356239378435
22,5353.517133451218,26.737931968077678,-7.69089197836986,37.598242266096776,28.84959541411905,4.468409993655827,37.50490482615349,0.13903685060501475,0.1307337003843087,0.6441187398855304,0.22950031346677413,190.65794950770362,47.268094479832186,25.80037679657643,18.991398617779744
22,4823.0714225638985,46.49334380452527,-9.114413917292964,35.235727102809,37.48922966148012,18.854296386405323,40.977123020492556,0.5032436688722498,0.28115339662609773,0.5961541998207227,0.1251451458138526,198.2065035437172,19.276301462660335,22.289003432269688,11.336255379625976
22,4826.409653635605,43.75023694032036,-9.569356529338066,34.806542883742544,37.48922966148012,18.854296386405323,35.986252153206884,0.492560060191928,0.10364014834164748,0.5945868314773561,0.1251451458138526,27.832248057859644,133.54487480939994,22.289003432269688,11.336255379625976
22,4823.083242432717,44.27294824409219,-9.073561409851003,35.235727102809,37.48922966148012,18.643618428416254,41.079647619558514,0.5070147871025561,0.12091844782772629,0.5961541998207227,0.1251451458138526,197.6243974488957,19.276301462660335,22.289003432269688,11.336255379625976
22,4559.020303911813,47.956325000248206,-9.803875745933652,35.235727102809,35.44791735684252,24.236083546925144,41.07303616143375,0.49584377927579576,0.2812227593655648,0.5961541998207227,0.1251451458138526,191.14134171072064,47.09298776475723,22.289003432269688,17.9611642779234
22,4823.0714225638985,46.49334380452527,-9.114413917292964,35.235727102809,36.44227783859159,18.854296386405323,40.977123020492556,0.5032436688722498,0.28115339662609773,0.5961541998207227,0.1251451458138526,198.2065035437172,19.276301462660335,22.289003432269688,11.336255379625976
22,79.99900000642742,79.99900000642742,-9.784544799324287,37.23871851149597,41.4669354385422,24.481778900028452,34.85325691148068,0.13908420671958835,0.14592547427146613,0.17634602327276694,0.5699998933198183,18.463322478385116,14.613548297146437,25.208399372017013,22.446532429056607
22,79.99900000642742,79.99900000642742,-11.01832875776823,37.59572385888079,37.31273519579153,44.838881386235045,40.34613195269568,0.1389577646416458,0.15448355000314684,0.6127432041390855,0.5700003176546369,18.523370444791713,134.45183260332465,25.857866913192808,19.52052793491869
22,79.99900000642742,79.99900000642742,-10.56242157360754,37.98746804128457,37.117565599318624,26.09613099697646,33.32142255122884,0.13895776392659542,0.356488080084729,0.1100668521579159,0.5699885537413291,19.598012197501493,19.92318032286125,26.18427049914996,17.242983733866694
22,79.99900000642742,79.99900000642742,-10.738074097970049,37.59085974374791,37.43931538558392,44.838881386235045,35.16411613733879,0.13893930548508096,0.15448355000314684,0.6265602517782933,0.5700003176546369,18.523370444791713,134.45183260332465,25.407171500818055,19.449721656716637
22,79.99900000642742,79.99900000642742,-10.173600905047913,35.23868379324691,35.527896244029556,24.276791456646347,38.279184517945616,0.10416522598846403,0.153032198991908,0.08563127244328571,0.609746732077749,9.128506557604574,47.37363211325942,184.32874465111044,115.15379638619429
22,79.99900000642742,79.99900000642742,-10.374296211191258,38.001267997266424,37.21421739606714,24.750488348533477,34.85325691148068,0.13561268488821476,0.14577008395730995,0.1772968730799997,0.5702576493493241,18.463322478385116,22.547862017957275,13.591606021060919,22.554809960013973
22,79.99900000642742,79.99900000642742,-10.108426045589557,37.5955613774747,38.85166214653463,24.349595162721272,34.84030782937622,0.14025069184526073,0.1543125086268417,0.25849538036312014,0.57362910885755,18.48013673461075,137.83273895904117,26.045502498433656,19.895456031085175
22,79.99900000642742,79.99900000642742,-11.398487054763777,37.591196372998795,37.29743936480538,38.40704322469484,33.79544397788384,0.1389578168887539,0.1468583309254301,0.1788098331653495,0.57037150839596,18.48834896546789,127.7109497123091,25.857866913192808,19.449721656716637
22,79.99900000642742,79.99900000642742,-10.738074097970049,37.59085974374791,37.43931538558392,44.838881386235045,35.16411613733879,0.1458925618163621,0.15448355000314684,0.6265602517782933,0.5700003185356168,18.523370444791713,139.19514000590493,13.790378150761187,19.449721656716637
22,79.99900000642742,79.99900000642742,-10.64816588513117,37.60125706255766,28.536884646652595,25.166698786333058,35.53076033366071,0.259314876919519,0.08371833658207209,0.19032519695642117,0.2010605625385352,16.543951485648066,39.96752572900466,36.439867297049695,19.045560387710967
22,79.99900000642742,79.99900000642742,-9.73715233737473,37.7244706701241,27.618889280992963,44.96738802778663,40.18090336302844,0.26782748541200546,0.15551621330076928,0.19162634661454547,0.10782382871031009,18.49636042776307,131.674303809656,25.76154160309864,2.843897460017823
22,79.99900000642742,79.99900000642742,-11.00913431013172,35.46231253953828,37.31273519579153,44.909372151448345,40.38264523402356,0.1172922916486436,0.15448355000314684,0.6285704021983015,0.11160164212409326,20.975266553004246,134.45183260332465,25.81267417207515,4.457090801481069
22,79.99900000642742,79.99900000642742,-9.805766239699704,35.22987225480787,37.20605488453024,24.250577332464857,41.07303616143375,0.49584377927579576,0.15705022934624221,0.16160242132128452,0.1830283143329735,11.418659655396567,19.27427232035617,44.907715880556175,19.786768898425038
22,79.99900000642742,79.99900000642742,-11.2647255583909,37.59085974374791,37.33150859686766,38.40704322469484,32.76993917235844,0.1389577646416458,0.1467843669697188,0.1788098331653495,0.5700006498976077,18.523370444791713,134.45183260332465,25.857866913192808,19.449721656716637
22,79.99900000642742,79.99900000642742,-11.28727309233956,35.23568211128323,39.40489305899655,44.86913268439325,40.81790831977398,0.12097990740566697,0.15451057320584913,0.6160600506260255,0.5702105550982738,19.508226565828828,171.82701990734026,25.297039254467748,10.399163828268074
22,79.99900000642742,79.99900000642742,-10.765184448672322,36.33614957347549,29.593835663125894,39.06075488997139,41.00839955259528,0.13895782428141848,0.1149742844644179,0.6116389716787365,0.5700002332551443,18.505424621983867,22.42042862854028,26.13123937331562,17.244712484559038
22,79.99900000642742,79.99900000642742,-10.610079138929283,37.53307194599289,27.618901438382483,24.109259265090696,34.76531919996618,0.27153293887964625,0.3571220312771885,0.17975605548008625,0.2706696708135064,18.496472480458284,12.569018422422772,31.452263036188857,22.737366161830654
22,79.99900000642742,79.99900000642742,-10.79921322013562,37.595363345071355,38.74181933381994,44.091589096016264,34.88555711705602,0.13895776377988733,0.15448355000314684,0.6290515992577206,0.5700110211293404,19.5980738314697,137.4469988357737,36.16585872090902,18.978134777785904
22,79.99900000642742,79.99900000642742,-11.283548742048062,37.5912530144985,38.74202487864889,40.320474554793705,34.827681577162195,0.14027018629534277,0.10730536254342553,0.26294228836402456,0.19273795954745998,19.10391319585791,137.83273895904117,39.19121233153582,19.895456031085175
22,79.99900000642742,79.99900000642742,-10.37715818077669,37.986310240000385,37.21421739606714,24.77243011535513,34.6902281313706,0.13561268488821476,0.14577008395730995,0.1772968730799997,0.5702576493493241,22.11643491104934,22.547862017957275,13.591606021060919,22.51445666016453
22,79.99900000642742,79.99900000642742,-10.738532598365033,35.618249313498794,37.33150859686766,44.838881386235045,35.16763130703366,0.13913714868685614,0.16120194739135066,0.5767631339277022,0.5741863893108244,18.48600817503134,170.4680825120462,24.97518353176072,18.43417474243063
22,79.99900000642742,79.99900000642742,-10.220078736914928,37.5983649402111,38.812761803318566,25.166698786333058,21.690732276532284,0.13895782180788602,0.28060963724518306,0.0811452976757643,0.22974805935927314,16.60969967051757,105.70254166523145,37.05185897385785,18.77009665392901
22,79.99900000642742,79.99900000642742,-10.736430738963499,37.59085974374791,37.40054607245049,44.838854219737904,35.15148988512477,0.1389590653773386,0.15448355000314684,0.6294917877345987,0.20330014062807888,16.655887840765043,134.47713146582558,37.44552430729588,19.82230335450033
22,79.99900000642742,79.99900000642742,-11.00913431013172,37.58300801248629,37.31273519579153,44.909372151448345,40.38279059410055,0.13879472579583588,0.15448355000314684,0.6285704021983015,0.11160164212409326,19.105543080254566,134.45183260332465,25.81267417207515,4.457090801481069
22,79.99900000642742,79.99900000642742,-10.394551137598384,37.692068489779366,37.91534250496591,28.85571905790027,41.16416033631261,0.15311677279321095,0.1560728176856176,0.16614222519183205,0.52279320127221,16.77450928136181,30.210317272047337,175.85901399599524,98.84196486491925
22,79.99900000642742,79.99900000642742,-10.765184448672322,37.6017726344698,29.593835663125894,39.06075488997139,41.00839955259528,0.13895782428141848,0.0914763931523134,0.1331786312863038,0.5700002332551443,18.505424621983867,22.42042862854028,26.24313646192177,17.179129630765033
22,79.99900000642742,79.99900000642742,-11.298816398555196,37.59085974374791,37.32849201971161,38.40704322469484,33.03130228028469,0.1389577646416458,0.1467843669697188,0.6217963107887914,0.5700006498976077,18.523370444791713,134.45183260332465,25.87873914801873,19.449721656716637
22,79.99900000642742,79.99900000642742,-10.336239349099756,37.71491315211363,27.618889280992963,22.184001522281953,34.93949984585045,0.2568182498972426,0.15551621330076928,0.19276900736074531,0.265641004808028,18.506491310589134,19.334119988259673,40.99397673506215,195.62025484009308
22,79.99900000642742,79.99900000642742,-10.206354161822496,41.4683514060977,38.917983545693865,25.166698786333058,35.99817659782624,0.15104604241841274,0.16191049794317078,0.21627522338609434,0.521473577079111,17.142780635619168,172.5224133929981,36.44926351967206,18.490463907743028
22,79.99900000642742,79.99900000642742,-10.206354161822496,41.4683514060977,38.917983545693865,25.166698786333058,35.99817659782624,0.1385472577454971,0.11055547575326116,0.22907331939118594,0.5702590512662283,17.180142905379544,136.50616348427377,37.331946901106264,19.454302027439972
22,79.99900000642742,79.99900000642742,-10.799605689060954,37.69049372860796,36.91919465439238,29.22514363080734,38.42816668133996,0.2568182498972426,0.15348131492694253,0.1981899670957311,0.19996618947076875,13.767116873308481,22.535427818982416,22.06741688577329,112.82556464405468
22,79.99900000642742,79.99900000642742,-10.268195950341813,41.3057553664362,28.028590985723444,39.06075488997139,41.00839955259528,0.1290834688293662,0.096894633392783,0.1331786312863038,0.5995542688754032,18.477099287220398,41.9378580000953,33.57436692261831,17.179129630765033
22,79.99900000642742,79.99900000642742,-10.597167556875554,37.53307194599289,27.615677138933343,24.109259265090696,34.86430799571142,0.13970537209433131,0.3571220312771885,0.17975605548008625,0.2706696708135064,18.506435386805883,12.569018422422772,31.403004881594754,22.737366161830654
23,6416.9681188596,0.0,-10.205604828820533,37.595541592597904,38.81335039489502,25.056320749185808,14.182233343959679,0.13895782180788602,0.15495905569202,0.09009279424255161,0.57036913662982,16.60969967051757,41.129111977873436,36.350672604250384,19.04512763022228
23,79.99900000642742,79.99900000642742,-10.561022099445914,39.0424579868596,28.028590985723444,39.06075488997139,40.78230921480133,0.15240804899434862,0.10090948562048249,0.1331786312863038,0.5995542688754032,18.477642104154587,41.9378580000953,33.57436692261831,17.179129630765033
23,79.99900000642742,79.99900000642742,-10.151937696972489,38.001267997266424,38.87321378372379,24.704736127179565,34.85325691148068,0.1358285664672139,0.3570193648515998,0.11144713237332873,0.5702506277643712,18.416618515409287,22.547862017957275,14.286897698842605,17.257270216528937
23,6416.9681188596,0.0,-10.220078736914928,37.595541592597904,38.812761803318566,25.166698786333058,14.182233343959679,0.13895782180788602,0.1187117430101969,0.09032858347484407,0.5703675372355965,16.60969967051757,41.129111977873436,36.350672604250384,19.045560387710967
23,4557.976199227419,69.14783680682855,-9.781731495000948,37.612367730707184,35.013047474770005,24.03166543587779,41.03839064087048,0.5671081214908213,0.1307337003843087,0.5963345850567265,0.12851969010993175,188.89380701716573,47.268094479832186,25.754417639651955,19.823414390422048
23,5354.880804753837,24.002909384685296,-7.657388484242084,37.341928361016215,26.56028345826742,4.246340752200158,37.53969570634412,0.10232530343521253,0.28115339662609773,0.6439159410160997,0.21172189893848517,213.93291338050113,19.456975947238305,22.334962589194163,17.99946614148663
23,4558.860624821096,52.60292094510465,-9.79151568595918,35.235727102809,37.48922966148012,24.04540994617964,40.977123020492556,0.5032436688722498,0.2812108052478859,0.5961541998207227,0.1251451458138526,198.2065035437172,19.276301462660335,22.289003432269688,11.262055996043738
23,5352.209986763994,34.4682667431912,-7.728154076832347,37.590677477465036,28.84959541411905,3.266486862330728,36.017305606616006,0.13248108320896987,0.2869091987838113,0.612448519636626,0.15305745566106088,191.2400556025251,47.268094479832186,24.20229497970211,14.286837114538358
23,5093.311848454338,42.80879969972449,-7.135724514530729,35.46631612688891,37.554022818243965,3.9763078265365994,41.26908654846761,0.5161002157244043,0.12091844782772629,0.587588037170996,0.12140994344537998,197.6243974488957,58.44849604350652,22.289003432269688,18.48112215764391
23,4559.020303911813,47.956325000248206,-9.803875745933652,35.235727102809,35.44791735684252,24.236083546925144,41.07303616143375,0.49584377927579576,0.2812227593655648,0.5961541998207227,0.1251451458138526,191.14134171072064,72.54668014105984,22.289003432269688,17.9611642779234
23,5353.517133451218,26.737931968077678,-7.69089197836986,39.3361696253913,28.84959541411905,4.468409993655827,37.50490482615349,0.15172489983189086,0.10075081662680084,0.6441187398855304,0.22950031346677413,190.65794950770362,53.58033386873584,26.47328299433978,19.022951601421536
23,4823.0714225638985,46.49334380452527,-9.114413917292964,35.235727102809,37.48922966148012,18.854296386405323,40.977123020492556,0.5032436688722498,0.28115339662609773,0.5961541998207227,0.1251451458138526,198.2065035437172,19.276301462660335,22.289003432269688,11.336255379625976
23,4826.409653635605,43.75023694032036,-9.569356529338066,34.806542883742544,37.48922966148012,18.854296386405323,35.986252153206884,0.492560060191928,0.10364014834164748,0.5945868314773561,0.1251451458138526,27.832248057859644,133.54487480939994,22.289003432269688,11.336255379625976
23,4823.083242432717,44.27294824409219,-9.073561409851003,35.235727102809,37.48922966148012,18.643618428416254,41.079647619558514,0.5070147871025561,0.12091844782772629,0.5961541998207227,0.1251451458138526,197.6243974488957,19.276301462660335,22.289003432269688,11.336255379625976
23,5353.517133451218,26.737931968077678,-7.69089197836986,37.598242266096776,28.84959541411905,4.468409993655827,37.50490482615349,0.13903685060501475,0.1307337003843087,0.6441187398855304,0.22950031346677413,190.65794950770362,47.268094479832186,25.80037679657643,18.991398617779744
23,4559.020303911813,47.956325000248206,-9.803875745933652,35.235727102809,35.34096805853791,24.236083546925144,41.07303616143375,0.5032436688722498,0.28115339662609773,0.5961541998207227,0.1251451458138526,198.2065035437172,19.27427232035617,22.289003432269688,17.99946614148663
23,4823.0714225638985,46.49334380452527,-9.114413917292964,35.235727102809,36.44227783859159,18.854296386405323,40.977123020492556,0.5032436688722498,0.28115339662609773,0.5961541998207227,0.1251451458138526,198.2065035437172,19.276301462660335,22.289003432269688,11.336255379625976
23,79.99900000642742,79.99900000642742,-10.597167556875554,37.53307194599289,27.615677138933343,24.109259265090696,34.86430799571142,0.13970537209433131,0.3571220312771885,0.17975605548008625,0.2706696708135064,18.506435386805883,12.569018422422772,31.403004881594754,22.737366161830654
23,79.99900000642742,79.99900000642742,-9.691617841868002,37.60544307534864,27.27858576737168,44.97618231305029,40.18090336302844,0.14036084021209466,0.15555704341480003,0.11059027817033096,0.539149810449485,18.523521222995083,131.674303809656,56.933798578609405,2.491102339792162
23,79.99900000642742,79.99900000642742,-10.56242157360754,38.2303575449812,37.117565599318624,26.09613099697646,33.32142255122884,0.13895776392659542,0.356488080084729,0.1100668521579159,0.5699885537413291,19.598012197501493,12.025348151745831,25.806968179749518,17.242983733866694
23,79.99900000642742,79.99900000642742,-10.394551137598384,37.692068489779366,37.91534250496591,28.85571905790027,41.16416033631261,0.15311677279321095,0.1560728176856176,0.16614222519183205,0.52279320127221,16.77450928136181,30.210317272047337,175.85901399599524,98.84196486491925
23,79.99900000642742,79.99900000642742,-10.738074097970049,37.59085974374791,37.43931538558392,44.838881386235045,35.16411613733879,0.13893930548508096,0.15448355000314684,0.6265602517782933,0.5700003176546369,18.523370444791713,134.45183260332465,25.407171500818055,19.449721656716637
23,4559.020303911813,47.956325000248206,-9.803875745933652,35.235727102809,35.44791735684252,24.236083546925144,41.07303616143375,0.49584377927579576,0.2812227593655648,0.5961541998207227,0.1251451458138526,191.14134171072064,47.09298776475723,22.289003432269688,17.9611642779234
23,79.99900000642742,79.99900000642742,-11.28727309233956,35.23568211128323,39.40489305899655,44.86913268439325,40.81790831977398,0.12097990740566697,0.15451057320584913,0.6160600506260255,0.5702105550982738,19.508226565828828,171.82701990734026,25.297039254467748,10.399163828268074
23,79.99900000642742,79.99900000642742,-10.374296211191258,38.001267997266424,37.21421739606714,24.750488348533477,34.85325691148068,0.13561268488821476,0.14577008395730995,0.1772968730799997,0.5702576493493241,18.463322478385116,22.547862017957275,13.591606021060919,22.554809960013973
23,79.99900000642742,79.99900000642742,-10.220078736914928,37.5983649402111,38.812761803318566,25.166698786333058,21.690732276532284,0.13895782180788602,0.28060963724518306,0.0811452976757643,0.22974805935927314,16.60969967051757,105.70254166523145,37.05185897385785,18.77009665392901
23,79.99900000642742,79.99900000642742,-10.173600905047913,35.23868379324691,35.527896244029556,24.276791456646347,38.279184517945616,0.10416522598846403,0.153032198991908,0.08563127244328571,0.609746732077749,9.128506557604574,47.37363211325942,184.32874465111044,115.15379638619429
23,79.99900000642742,79.99900000642742,-11.398487054763777,37.591196372998795,37.29743936480538,38.40704322469484,33.79544397788384,0.1389578168887539,0.1468583309254301,0.1788098331653495,0.57037150839596,18.48834896546789,127.7109497123091,25.857866913192808,19.449721656716637
23,79.99900000642742,79.99900000642742,-10.765184448672322,36.33614957347549,29.593835663125894,39.06075488997139,41.00839955259528,0.13895782428141848,0.1149742844644179,0.6116389716787365,0.5700002332551443,18.505424621983867,22.42042862854028,26.13123937331562,17.244712484559038
23,79.99900000642742,79.99900000642742,-10.268195950341813,41.3057553664362,28.028590985723444,39.06075488997139,41.00839955259528,0.1290834688293662,0.096894633392783,0.1331786312863038,0.5995542688754032,18.477099287220398,41.9378580000953,33.57436692261831,17.179129630765033
23,79.99900000642742,79.99900000642742,-10.799605689060954,37.69049372860796,36.91919465439238,29.22514363080734,38.42816668133996,0.2568182498972426,0.15348131492694253,0.1981899670957311,0.19996618947076875,13.767116873308481,22.535427818982416,22.06741688577329,112.82556464405468
23,79.99900000642742,79.99900000642742,-10.37715818077669,37.986310240000385,37.21421739606714,24.77243011535513,34.6902281313706,0.13561268488821476,0.14577008395730995,0.1772968730799997,0.5702576493493241,22.11643491104934,22.547862017957275,13.591606021060919,22.51445666016453
23,79.99900000642742,79.99900000642742,-10.108426045589557,37.5955613774747,38.85166214653463,24.349595162721272,34.84030782937622,0.14025069184526073,0.1543125086268417,0.25849538036312014,0.57362910885755,18.48013673461075,137.83273895904117,26.045502498433656,19.895456031085175
23,79.99900000642742,79.99900000642742,-10.64816588513117,37.60125706255766,28.536884646652595,25.166698786333058,35.53076033366071,0.259314876919519,0.08371833658207209,0.19032519695642117,0.2010605625385352,16.543951485648066,39.96752572900466,36.439867297049695,19.045560387710967
23,79.99900000642742,79.99900000642742,-11.00913431013172,37.58300801248629,37.31273519579153,44.909372151448345,40.38279059410055,0.13879472579583588,0.15448355000314684,0.6285704021983015,0.11160164212409326,19.105543080254566,134.45183260332465,25.81267417207515,4.457090801481069
23,79.99900000642742,79.99900000642742,-10.765184448672322,37.6017726344698,29.593835663125894,39.06075488997139,41.00839955259528,0.13895782428141848,0.0914763931523134,0.1331786312863038,0.5700002332551443,18.505424621983867,22.42042862854028,26.24313646192177,17.179129630765033
23,79.99900000642742,79.99900000642742,-10.804509525792461,35.29282354458657,29.895327921046956,39.06075488997139,41.00839955259528,0.13895782428141848,0.15551065239360318,0.14027007350605872,0.5700002332551443,19.485501140371124,22.42042862854028,40.40630244391957,9.997864626601128
23,79.99900000642742,79.99900000642742,-10.137603103480089,38.11366630529884,30.044440778091072,24.177642035819993,38.456018242472624,0.09821995145005735,0.15693251976933636,0.08563127244328571,0.6091863756508146,16.69849349124309,27.66937039656444,172.1040462002716,110.17135209573226
23,79.99900000642742,79.99900000642742,-10.568389254653702,37.98746804128457,37.117565599318624,26.14188321833037,33.32142255122884,0.1387418823475963,0.1452404455012276,0.1759166294626536,0.5699955753262819,19.644716160477326,19.92318032286125,25.488978823151,22.54052347735173
23,79.99900000642742,79.99900000642742,-10.657296432037676,37.3511636426151,29.594029549508086,39.88809023721923,37.53969570634412,0.10122197283820897,0.10950484863240834,0.6091211119650954,0.22612584022938553,22.7649608932404,19.44419710022052,22.14542631975753,17.99946614148663
23,79.99900000642742,79.99900000642742,-10.317338258848821,41.293312274743805,38.85319038893002,25.952783706771008,35.54388765381483,0.09258152631323918,0.16191049794317078,0.18814705828651884,0.521473577079111,17.142780635619168,171.84941509342679,36.44926351967206,18.964697989477557
23,79.99900000642742,79.99900000642742,-10.56242157360754,37.98746804128457,37.117565599318624,26.09613099697646,33.32142255122884,0.13895776392659542,0.356488080084729,0.1100668521579159,0.5699885537413291,19.598012197501493,19.92318032286125,26.18427049914996,17.242983733866694
23,79.99900000642742,79.99900000642742,-11.00913431013172,35.46231253953828,37.31273519579153,44.909372151448345,40.38264523402356,0.1172922916486436,0.15448355000314684,0.6285704021983015,0.11160164212409326,20.975266553004246,134.45183260332465,25.81267417207515,4.457090801481069
23,79.99900000642742,79.99900000642742,-11.01832875776823,37.59572385888079,37.31273519579153,44.838881386235045,40.34613195269568,0.1389577646416458,0.15448355000314684,0.6127432041390855,0.5700003176546369,18.523370444791713,134.45183260332465,25.857866913192808,19.52052793491869
23,79.99900000642742,79.99900000642742,-11.2647255583909,37.59085974374791,37.33150859686766,38.40704322469484,32.76993917235844,0.1389577646416458,0.1467843669697188,0.1788098331653495,0.5700006498976077,18.523370444791713,134.45183260332465,25.857866913192808,19.449721656716637
23,79.99900000642742,79.99900000642742,-11.247947918635148,40.01386228133956,39.10340006059607,44.86913268439325,40.81790831977398,0.12097990740566697,0.09049247799790408,0.6083544816844724,0.5702105550982738,18.528150047441574,171.82701990734026,25.268098309114077,17.580428832663607
23,79.99900000642742,79.99900000642742,-10.738074097970049,37.59085974374791,37.43931538558392,44.838881386235045,35.16411613733879,0.1458925618163621,0.15448355000314684,0.6265602517782933,0.5700003185356168,18.523370444791713,139.19514000590493,13.790378150761187,19.449721656716637
23,79.99900000642742,79.99900000642742,-10.561022099445914,37.30453062756507,28.028590985723444,39.06075488997139,40.78230921480133,0.1397199997674725,0.13089236990245204,0.12289759733792527,0.5995542688754032,18.477642104154587,41.9378580000953,32.901460724854964,17.14757664712324
24,79.99900000642742,79.99900000642742,-10.561022099445914,39.0424579868596,28.028590985723444,39.06075488997139,40.78230921480133,0.15240804899434862,0.10090948562048249,0.1331786312863038,0.5995542688754032,18.477642104154587,41.9378580000953,33.57436692261831,17.179129630765033
24,6416.9681188596,0.0,-10.205604828820533,37.595541592597904,38.81335039489502,25.056320749185808,14.182233343959679,0.13895782180788602,0.15495905569202,0.09009279424255161,0.57036913662982,16.60969967051757,41.129111977873436,36.350672604250384,19.04512763022228
24,6416.9681188596,0.0,-10.220078736914928,37.595541592597904,38.812761803318566,25.166698786333058,14.182233343959679,0.13895782180788602,0.1187117430101969,0.09032858347484407,0.5703675372355965,16.60969967051757,41.129111977873436,36.350672604250384,19.045560387710967
24,79.99900000642742,79.99900000642742,-10.558525513429537,38.2303575449812,37.117565599318624,26.066261202278433,33.32142255122884,0.138940120140366,0.356488080084729,0.1100668521579159,0.5699885537413291,18.53907958323451,18.947512086359723,25.806968179749518,19.425398037874558
24,4556.75080219807,69.40459908743297,-9.910552941649293,35.235727102809,35.44791735684252,25.0539420474117,41.07303616143375,0.49584377927579576,0.2812227593655648,0.6228742755314318,0.1251451458138526,191.14134171072064,46.890412714114724,22.67877353417278,17.9611642779234
24,5354.880804753837,24.002909384685296,-7.657388484242084,37.341928361016215,26.56028345826742,4.246340752200158,37.53969570634412,0.10232530343521253,0.28115339662609773,0.6439159410160997,0.21172189893848517,213.93291338050113,19.456975947238305,22.334962589194163,17.99946614148663
24,4558.860624821096,52.60292094510465,-9.79151568595918,35.235727102809,37.48922966148012,24.04540994617964,40.977123020492556,0.5032436688722498,0.2812108052478859,0.5961541998207227,0.1251451458138526,198.2065035437172,19.276301462660335,22.289003432269688,11.262055996043738
24,4557.976199227419,69.14783680682855,-9.781731495000948,37.612367730707184,35.013047474770005,24.03166543587779,41.03839064087048,0.5671081214908213,0.1307337003843087,0.5963345850567265,0.12851969010993175,188.89380701716573,47.268094479832186,25.754417639651955,19.823414390422048
24,5084.7817456677,35.35227911820309,-7.473785371561096,37.757117050912655,37.34371063346593,5.719723315260133,40.42070213329165,0.13879472579583588,0.15407258352286377,0.6277603079458668,0.12149653043067,19.013932053508512,145.38929911538307,21.901831281612957,4.457090801481069
24,4826.409653635605,43.75023694032036,-9.569356529338066,34.806542883742544,37.48922966148012,18.854296386405323,35.986252153206884,0.492560060191928,0.10364014834164748,0.5945868314773561,0.1251451458138526,27.832248057859644,133.54487480939994,22.289003432269688,11.336255379625976
24,5352.209986763994,34.4682667431912,-7.728154076832347,37.590677477465036,28.84959541411905,3.266486862330728,36.017305606616006,0.13248108320896987,0.2869091987838113,0.612448519636626,0.15305745566106088,191.2400556025251,47.268094479832186,24.20229497970211,14.286837114538358
24,4559.020303911813,47.956325000248206,-9.803875745933652,35.235727102809,35.44791735684252,24.236083546925144,41.07303616143375,0.49584377927579576,0.2812227593655648,0.5961541998207227,0.1251451458138526,191.14134171072064,47.09298776475723,22.289003432269688,17.9611642779234
24,5353.517133451218,26.737931968077678,-7.69089197836986,37.598242266096776,28.84959541411905,4.468409993655827,37.50490482615349,0.13903685060501475,0.1307337003843087,0.6441187398855304,0.22950031346677413,190.65794950770362,47.268094479832186,25.80037679657643,18.991398617779744
24,4823.0714225638985,46.49334380452527,-9.114413917292964,35.235727102809,37.48922966148012,18.854296386405323,40.977123020492556,0.5032436688722498,0.28115339662609773,0.5961541998207227,0.1251451458138526,198.2065035437172,19.276301462660335,22.289003432269688,11.336255379625976
24,4823.083242432717,44.27294824409219,-9.073561409851003,35.235727102809,37.48922966148012,18.643618428416254,41.079647619558514,0.5070147871025561,0.12091844782772629,0.5961541998207227,0.1251451458138526,197.6243974488957,19.276301462660335,22.289003432269688,11.336255379625976
24,5353.517133451218,26.737931968077678,-7.69089197836986,39.3361696253913,28.84959541411905,4.468409993655827,37.50490482615349,0.15172489983189086,0.10075081662680084,0.6441187398855304,0.22950031346677413,190.65794950770362,53.58033386873584,26.47328299433978,19.022951601421536
24,4559.020303911813,47.956325000248206,-9.803875745933652,35.235727102809,35.44791735684252,24.236083546925144,41.07303616143375,0.49584377927579576,0.2812227593655648,0.5961541998207227,0.1251451458138526,191.14134171072064,72.54668014105984,22.289003432269688,17.9611642779234
24,4823.0714225638985,46.49334380452527,-9.114413917292964,35.235727102809,36.44227783859159,18.854296386405323,40.977123020492556,0.5032436688722498,0.28115339662609773,0.5961541998207227,0.1251451458138526,198.2065035437172,19.276301462660335,22.289003432269688,11.336255379625976
24,79.99900000642742,79.99900000642742,-10.220078736914928,37.5983649402111,38.812761803318566,25.166698786333058,21.690732276532284,0.13895782180788602,0.28060963724518306,0.0811452976757643,0.22974805935927314,16.60969967051757,105.70254166523145,37.05185897385785,18.77009665392901
24,79.99900000642742,79.99900000642742,-10.738074097970049,41.31235953193135,38.790560256652434,44.838881386235045,35.16411613733879,0.1458925618163621,0.2783508820087108,0.6265602517782933,0.5700003185356168,20.656006468202904,139.19514000590493,13.790378150761187,19.449721656716637
24,79.99900000642742,79.99900000642742,-10.765184448672322,36.33614957347549,29.593835663125894,39.06075488997139,41.00839955259528,0.13895782428141848,0.1149742844644179,0.6116389716787365,0.5700002332551443,18.505424621983867,22.42042862854028,26.13123937331562,17.244712484559038
24,79.99900000642742,79.99900000642742,-10.151937696972489,38.001267997266424,38.87321378372379,24.704736127179565,34.85325691148068,0.1358285664672139,0.3570193648515998,0.11144713237332873,0.5702506277643712,18.416618515409287,22.547862017957275,14.286897698842605,17.257270216528937
24,79.99900000642742,79.99900000642742,-10.64816588513117,37.60125706255766,28.536884646652595,25.166698786333058,35.53076033366071,0.2805065489879696,0.08371833658207209,0.19032519695642117,0.2010605625385352,16.543951485648066,39.96752572900466,36.439867297049695,16.481089215142273
24,79.99900000642742,79.99900000642742,-10.799605689060954,37.4608848123785,37.48982721686035,29.22514363080734,38.42816668133996,0.5003586123497552,0.27931124379386624,0.1981899670957311,0.19996618947076875,13.767116873308481,11.540338329400516,22.068936278419503,129.04550071462305
24,79.99900000642742,79.99900000642742,-10.6652512609082,36.42481422843785,29.593835663125894,39.82690932949636,41.03822155585165,0.11868260402318213,0.13283913801511754,0.6120178010898406,0.5700002332551443,18.505424621983867,46.71623958169246,25.751000948567306,17.244712484559038
24,79.99900000642742,79.99900000642742,-11.01832875776823,37.59572385888079,37.31273519579153,44.838881386235045,40.34613195269568,0.1389577646416458,0.15448355000314684,0.6127432041390855,0.5700003176546369,18.523370444791713,134.45183260332465,25.857866913192808,19.52052793491869
24,79.99900000642742,79.99900000642742,-11.583242149558693,34.58724836470624,37.78239188475625,39.06075488997139,41.00839955259528,0.13399172217038224,0.15551065239360318,0.5411520399232325,0.5728495703803556,19.485501140371124,22.42042862854028,40.40630244391957,11.367085824166752
24,79.99900000642742,79.99900000642742,-11.28727309233956,35.23568211128323,39.40489305899655,44.86913268439325,40.81790831977398,0.12097990740566697,0.15451057320584913,0.6160600506260255,0.5702105550982738,19.508226565828828,171.82701990734026,25.297039254467748,10.399163828268074
24,79.99900000642742,79.99900000642742,-11.7694958148722,39.02191466120753,37.29743936480538,39.0646381174518,40.71384439497643,0.13883349216735608,0.148499999039617,0.1788098331653495,0.5701766803027278,18.607363155642336,127.7109497123091,26.339228775270715,19.449721656716637
24,79.99900000642742,79.99900000642742,-10.108426045589557,37.5955613774747,38.85166214653463,24.349595162721272,34.84030782937622,0.14025069184526073,0.1543125086268417,0.25849538036312014,0.57362910885755,18.48013673461075,137.83273895904117,26.045502498433656,19.895456031085175
24,79.99900000642742,79.99900000642742,-10.675311179319756,35.235727102809,35.34096805853791,44.651338085266346,34.49539046005117,0.14327288640010527,0.15418203568143174,0.6169089007898457,0.1251451458138526,17.694594520249623,128.87407322660798,22.289003432269688,17.99946614148663
24,79.99900000642742,79.99900000642742,-11.287426788790214,39.81454139726224,39.40607139845158,44.86913268439325,40.81790831977398,0.12097990740566697,0.15451057320584913,0.6160600506260255,0.5702105550982738,18.486618405449946,169.72730388305752,25.297039254467748,10.399163828268074
24,79.99900000642742,79.99900000642742,-10.239856215929503,41.3057553664362,28.175366417928252,25.973349942858448,39.46778562073221,0.1290834688293662,0.096894633392783,0.09018842121657981,0.5986104199626854,16.720588109736727,42.00622642115706,33.57436692261831,17.179129630765033
24,79.99900000642742,79.99900000642742,-11.247947918635148,40.01386228133956,39.10340006059607,44.86913268439325,40.81790831977398,0.12097990740566697,0.09049247799790408,0.6083544816844724,0.5702105550982738,18.528150047441574,171.82701990734026,25.268098309114077,17.580428832663607
24,79.99900000642742,79.99900000642742,-10.738074097970049,37.59085974374791,37.43931538558392,44.838881386235045,35.16411613733879,0.1458925618163621,0.15448355000314684,0.6265602517782933,0.5700003185356168,18.523370444791713,139.19514000590493,13.790378150761187,19.449721656716637
24,4559.020303911813,47.956325000248206,-9.803875745933652,35.235727102809,35.34096805853791,24.236083546925144,41.07303616143375,0.5032436688722498,0.28115339662609773,0.5961541998207227,0.1251451458138526,198.2065035437172,19.27427232035617,22.289003432269688,17.99946614148663
24,79.99900000642742,79.99900000642742,-10.173600905047913,35.23868379324691,35.527896244029556,24.276791456646347,38.279184517945616,0.10416522598846403,0.153032198991908,0.08563127244328571,0.609746732077749,9.128506557604574,47.37363211325942,184.32874465111044,115.15379638619429
24,79.99900000642742,79.99900000642742,-11.2647255583909,37.59085974374791,37.33150859686766,38.40704322469484,32.76993917235844,0.1389577646416458,0.1467843669697188,0.1788098331653495,0.5700006498976077,18.523370444791713,134.45183260332465,25.857866913192808,19.449721656716637
24,79.99900000642742,79.99900000642742,-10.394551137598384,37.692068489779366,37.91534250496591,28.85571905790027,41.16416033631261,0.15311677279321095,0.1560728176856176,0.16614222519183205,0.52279320127221,16.77450928136181,30.210317272047337,175.85901399599524,98.84196486491925
24,79.99900000642742,79.99900000642742,-10.56812478429071,38.001272470621394,37.15258398014776,26.174873993043253,34.85325691148068,0.1358285664672139,0.143864583888829,0.11144713237332873,0.5702506277643712,18.416618515409287,19.926832447684845,15.126637478544634,23.423076172881203
24,79.99900000642742,79.99900000642742,-10.56242157360754,37.98746804128457,37.117565599318624,26.09613099697646,33.32142255122884,0.13895776392659542,0.356488080084729,0.1100668521579159,0.5699885537413291,19.598012197501493,19.92318032286125,26.18427049914996,17.242983733866694
24,79.99900000642742,79.99900000642742,-11.398487054763777,37.591196372998795,37.29743936480538,38.40704322469484,33.79544397788384,0.1389578168887539,0.1468583309254301,0.1788098331653495,0.57037150839596,18.48834896546789,127.7109497123091,25.857866913192808,19.449721656716637
24,79.99900000642742,79.99900000642742,-11.00913431013172,37.58300801248629,37.31273519579153,44.909372151448345,40.38279059410055,0.13879472579583588,0.15448355000314684,0.6285704021983015,0.11160164212409326,19.105543080254566,134.45183260332465,25.81267417207515,4.457090801481069
24,79.99900000642742,79.99900000642742,-10.238867391118688,37.5990311753045,38.55352674276264,25.05151007467261,37.9628618460042,0.14254116615193735,0.13115726604239525,0.09004790209671391,0.6105121193536807,16.69849349124309,27.66937039656444,172.1040462002716,110.17135209573226
24,79.99900000642742,79.99900000642742,-11.247794222184488,35.43500299435463,39.10222172114104,44.86913268439325,40.81790831977398,0.12097990740566697,0.09049247799790408,0.6083544816844724,0.5702105550982738,19.54975820782046,176.17828132078895,25.268098309114077,17.580428832663607
24,79.99900000642742,79.99900000642742,-10.804509525792461,35.29282354458657,29.895327921046956,39.06075488997139,41.00839955259528,0.13895782428141848,0.15551065239360318,0.14027007350605872,0.5700002332551443,19.485501140371124,22.42042862854028,40.40630244391957,9.997864626601128
24,79.99900000642742,79.99900000642742,-10.765184448672322,37.6017726344698,29.593835663125894,39.06075488997139,41.00839955259528,0.13895782428141848,0.0914763931523134,0.1331786312863038,0.5700002332551443,18.505424621983867,22.42042862854028,26.24313646192177,17.179129630765033
24,79.99900000642742,79.99900000642742,-10.268195950341813,41.3057553664362,28.028590985723444,39.06075488997139,41.00839955259528,0.1290834688293662,0.096894633392783,0.1331786312863038,0.5995542688754032,18.477099287220398,41.9378580000953,33.57436692261831,17.179129630765033
25,79.99900000642742,79.99900000642742,-11.70261868728496,37.58369998298196,37.3154467318752,38.40704322469484,36.12711982721288,0.15278457498263137,0.1474440020799814,0.1847191969289128,0.5729305643695162,15.851467556928924,19.763197897542582,25.857866913192808,19.449721656716637
25,79.99900000642742,79.99900000642742,-10.561022099445914,39.0424579868596,28.028590985723444,39.06075488997139,40.78230921480133,0.15240804899434862,0.10090948562048249,0.1331786312863038,0.5995542688754032,18.477642104154587,41.9378580000953,33.57436692261831,17.179129630765033
25,6416.9681188596,0.0,-10.35723564069098,37.54060818978776,37.65084750388828,25.056320749185808,14.182233343959679,0.14415677362742152,0.15495905569202,0.09009279424255161,0.57036913662982,16.60969967051757,41.129111977873436,36.350672604250384,19.04512763022228
25,6416.9681188596,0.0,-10.205604828820533,37.595541592597904,38.81335039489502,25.056320749185808,14.182233343959679,0.13895782180788602,0.15495905569202,0.09009279424255161,0.57036913662982,16.60969967051757,41.129111977873436,36.350672604250384,19.04512763022228
25,4555.345672680681,68.59411721735327,-9.884741925252506,32.03526432115498,37.48922966148012,24.893393104013956,41.11037167707801,0.492560060191928,0.3031758088239756,0.6231882354921219,0.1251451458138526,25.077300849408175,46.961661592796744,22.31488128264966,11.336255379625976
25,5082.751457225368,16.666458334672377,-7.384036889302465,37.757117050912655,35.280643607478616,5.719723315260133,41.108773830607824,0.13879472579583588,0.15462382057869728,0.6274040499534951,0.12149653043067,19.013932053508512,45.25568024500271,0.431282735577291,4.457090801481069
25,4826.409653635605,43.75023694032036,-9.569356529338066,34.806542883742544,37.48922966148012,18.854296386405323,35.986252153206884,0.492560060191928,0.10364014834164748,0.5945868314773561,0.1251451458138526,27.832248057859644,133.54487480939994,22.289003432269688,11.336255379625976
25,4558.860624821096,52.60292094510465,-9.79151568595918,35.290660505619144,38.651732552486855,24.04540994617964,40.977123020492556,0.515315581956332,0.2812108052478859,0.5961541998207227,0.1251451458138526,198.2065035437172,19.276301462660335,22.289003432269688,11.262055996043738
25,4559.020303911813,47.956325000248206,-9.803875745933652,35.235727102809,35.34096805853791,24.236083546925144,41.07303616143375,0.5032436688722498,0.28115339662609773,0.5961541998207227,0.1251451458138526,198.2065035437172,19.27427232035617,22.289003432269688,17.99946614148663
25,4823.0714225638985,46.49334380452527,-9.114413917292964,35.235727102809,37.48922966148012,18.854296386405323,40.977123020492556,0.5032436688722498,0.28115339662609773,0.5961541998207227,0.1251451458138526,198.2065035437172,19.276301462660335,22.289003432269688,11.336255379625976
25,4558.860624821096,52.60292094510465,-9.79151568595918,35.235727102809,37.48922966148012,24.04540994617964,40.977123020492556,0.5032436688722498,0.2812108052478859,0.5961541998207227,0.1251451458138526,198.2065035437172,19.276301462660335,22.289003432269688,11.262055996043738
25,4823.083242432717,44.27294824409219,-9.073561409851003,35.235727102809,37.48922966148012,18.643618428416254,41.079647619558514,0.5070147871025561,0.12091844782772629,0.5961541998207227,0.1251451458138526,197.6243974488957,19.276301462660335,22.289003432269688,11.336255379625976
25,4559.020303911813,47.956325000248206,-9.803875745933652,35.235727102809,35.44791735684252,24.236083546925144,41.07303616143375,0.49584377927579576,0.2812227593655648,0.5961541998207227,0.1251451458138526,191.14134171072064,47.09298776475723,22.289003432269688,17.9611642779234
25,4823.0714225638985,46.49334380452527,-9.114413917292964,35.235727102809,36.44227783859159,18.854296386405323,40.977123020492556,0.5032436688722498,0.28115339662609773,0.5961541998207227,0.1251451458138526,198.2065035437172,19.276301462660335,22.289003432269688,11.336255379625976
25,79.99900000642742,79.99900000642742,-10.56242157360754,37.98746804128457,37.117565599318624,26.09613099697646,33.32142255122884,0.13895776392659542,0.356488080084729,0.12322917128524398,0.5633481098523982,19.598012197501493,2.820685559805913,26.18427049914996,17.242983733866694
25,79.99900000642742,79.99900000642742,-10.6652512609082,36.42481422843785,29.593835663125894,39.82690932949636,41.03822155585165,0.11868260402318213,0.13283913801511754,0.6120178010898406,0.5700002332551443,18.505424621983867,46.71623958169246,25.751000948567306,17.244712484559038
25,79.99900000642742,79.99900000642742,-11.398487054763777,37.591196372998795,37.29743936480538,38.40704322469484,33.79544397788384,0.1389578168887539,0.1468583309254301,0.1788098331653495,0.57037150839596,18.48834896546789,127.7109497123091,25.857866913192808,19.449721656716637
25,79.99900000642742,79.99900000642742,-10.765184448672322,36.33614957347549,29.593835663125894,39.06075488997139,41.00839955259528,0.13895782428141848,0.1149742844644179,0.6116389716787365,0.5700002332551443,18.505424621983867,22.42042862854028,26.13123937331562,17.244712484559038
25,79.99900000642742,79.99900000642742,-10.799605689060954,37.4608848123785,37.48982721686035,29.22514363080734,38.42816668133996,0.5003586123497552,0.27931124379386624,0.1981899670957311,0.19996618947076875,13.767116873308481,11.540338329400516,22.068936278419503,129.04550071462305
25,79.99900000642742,79.99900000642742,-10.238867391118688,37.5990311753045,38.55352674276264,25.05151007467261,37.9628618460042,0.14254116615193735,0.13115726604239525,0.09004790209671391,0.6105121193536807,16.69849349124309,27.66937039656444,172.1040462002716,110.17135209573226
25,79.99900000642742,79.99900000642742,-11.28727309233956,35.23568211128323,39.40489305899655,44.86913268439325,40.81790831977398,0.12097990740566697,0.15451057320584913,0.6160600506260255,0.5702105550982738,19.508226565828828,171.82701990734026,25.297039254467748,10.399163828268074
25,79.99900000642742,79.99900000642742,-10.64816588513117,37.60125706255766,28.536884646652595,25.166698786333058,35.53076033366071,0.2805065489879696,0.08371833658207209,0.19032519695642117,0.2010605625385352,16.543951485648066,39.96752572900466,36.439867297049695,16.481089215142273
25,79.99900000642742,79.99900000642742,-11.708450822007869,39.0424579868596,37.38483877794777,39.62004914255409,40.478077485610065,0.1518658083029495,0.10090948562048249,0.1109140176532084,0.5995542688754032,18.479386289344784,19.138293484747784,25.92478055138191,17.27595041483953
25,79.99900000642742,79.99900000642742,-10.56812478429071,38.001272470621394,37.15258398014776,26.174873993043253,34.85325691148068,0.1358285664672139,0.143864583888829,0.11144713237332873,0.5702506277643712,18.416618515409287,19.926832447684845,15.126637478544634,23.423076172881203
25,79.99900000642742,79.99900000642742,-11.247947918635148,40.01386228133956,39.10340006059607,44.86913268439325,40.81790831977398,0.12097990740566697,0.09049247799790408,0.6083544816844724,0.5702105550982738,18.528150047441574,171.82701990734026,25.268098309114077,17.580428832663607
25,79.99900000642742,79.99900000642742,-11.247794222184488,35.43500299435463,39.10222172114104,44.86913268439325,40.81790831977398,0.12097990740566697,0.09049247799790408,0.6083544816844724,0.5702105550982738,19.54975820782046,171.6996962257297,25.268098309114077,17.580428832663607
25,79.99900000642742,79.99900000642742,-11.00913431013172,37.58300801248629,37.31273519579153,44.909372151448345,40.38279059410055,0.13879472579583588,0.15448355000314684,0.6285704021983015,0.11160164212409326,19.105543080254566,134.45183260332465,25.81267417207515,4.457090801481069
25,4559.020303911813,47.956325000248206,-9.803875745933652,35.235727102809,35.44791735684252,24.236083546925144,41.07303616143375,0.49584377927579576,0.2812227593655648,0.5961541998207227,0.1251451458138526,191.14134171072064,72.54668014105984,22.289003432269688,17.9611642779234
25,79.99900000642742,79.99900000642742,-11.01832875776823,37.59572385888079,37.31273519579153,44.838881386235045,40.34613195269568,0.1389577646416458,0.15448355000314684,0.6127432041390855,0.5700003176546369,18.523370444791713,134.45183260332465,25.857866913192808,19.52052793491869
25,79.99900000642742,79.99900000642742,-10.220078736914928,37.5983649402111,38.812761803318566,25.166698786333058,21.690732276532284,0.13895782180788602,0.28060963724518306,0.0811452976757643,0.22974805935927314,16.60969967051757,105.70254166523145,37.05185897385785,18.77009665392901
25,79.99900000642742,79.99900000642742,-9.804369748191235,37.5955613774747,38.85166214653463,23.88371277227678,40.71687803614391,0.1401597671630184,0.15276243931495526,0.30781195300857256,0.57362910885755,18.48013673461075,52.86796291180694,26.045502498433656,19.895456031085175
25,79.99900000642742,79.99900000642742,-11.583242149558693,34.58724836470624,37.78239188475625,39.06075488997139,41.00839955259528,0.13399172217038224,0.15551065239360318,0.5411520399232325,0.5728495703803556,19.485501140371124,22.42042862854028,40.40630244391957,11.367085824166752
25,79.99900000642742,79.99900000642742,-10.675311179319756,35.235727102809,35.34096805853791,44.651338085266346,34.49539046005117,0.14327288640010527,0.15418203568143174,0.6169089007898457,0.1251451458138526,17.694594520249623,128.87407322660798,22.289003432269688,17.99946614148663
25,79.99900000642742,79.99900000642742,-10.738074097970049,41.31235953193135,38.790560256652434,44.838881386235045,35.16411613733879,0.1458925618163621,0.2783508820087108,0.6265602517782933,0.5700003185356168,20.656006468202904,139.19514000590493,13.790378150761187,19.449721656716637
25,79.99900000642742,79.99900000642742,-11.496819842812798,37.5990311753045,34.511093350973084,38.36880788940828,37.98839317230889,0.13900510749352196,0.13115726604239525,0.1801556031747587,0.6105121193536807,16.69849349124309,134.38444454253488,172.1040462002716,23.84413237156963
25,79.99900000642742,79.99900000642742,-11.2647255583909,37.59085974374791,37.33150859686766,38.40704322469484,32.76993917235844,0.1389577646416458,0.1467843669697188,0.1788098331653495,0.5700006498976077,18.523370444791713,134.45183260332465,25.857866913192808,19.449721656716637
25,79.99900000642742,79.99900000642742,-10.151937696972489,38.001267997266424,38.87321378372379,24.704736127179565,34.85325691148068,0.1358285664672139,0.3570193648515998,0.11144713237332873,0.5702506277643712,18.416618515409287,22.547862017957275,14.286897698842605,17.257270216528937
25,79.99900000642742,79.99900000642742,-10.804509525792461,35.29282354458657,29.895327921046956,39.06075488997139,41.00839955259528,0.13895782428141848,0.15551065239360318,0.14027007350605872,0.5700002332551443,19.485501140371124,22.42042862854028,40.40630244391957,9.997864626601128
25,79.99900000642742,79.99900000642742,-10.108426045589557,37.5955613774747,38.85166214653463,24.349595162721272,34.84030782937622,0.14025069184526073,0.1543125086268417,0.25849538036312014,0.57362910885755,18.48013673461075,137.83273895904117,26.045502498433656,19.895456031085175
25,79.99900000642742,79.99900000642742,-11.661535644973263,38.39557166180294,37.78239188475625,38.38203229581804,40.976925684356324,0.10712247899109688,0.17253658909363329,0.5411520399232325,0.5728495703803556,19.485501140371124,22.42042862854028,40.40630244391957,11.367085824166752
25,79.99900000642742,79.99900000642742,-10.239856215929503,41.3057553664362,28.175366417928252,25.973349942858448,39.46778562073221,0.1290834688293662,0.096894633392783,0.09018842121657981,0.5986104199626854,16.720588109736727,42.00622642115706,33.57436692261831,17.179129630765033
25,79.99900000642742,79.99900000642742,-10.268195950341813,41.3057553664362,28.028590985723444,39.06075488997139,41.00839955259528,0.1290834688293662,0.096894633392783,0.1331786312863038,0.5995542688754032,18.477099287220398,41.9378580000953,33.57436692261831,17.179129630765033
25,79.99900000642742,79.99900000642742,-11.247794222184488,35.43500299435463,39.10222172114104,44.86913268439325,40.81790831977398,0.12097990740566697,0.09049247799790408,0.6083544816844724,0.5702105550982738,19.54975820782046,176.17828132078895,25.268098309114077,17.580428832663607
25,79.99900000642742,79.99900000642742,-10.765184448672322,37.6017726344698,29.593835663125894,39.06075488997139,41.00839955259528,0.13895782428141848,0.0914763931523134,0.1331786312863038,0.5700002332551443,18.505424621983867,22.42042862854028,26.24313646192177,17.179129630765033
25,79.99900000642742,79.99900000642742,-10.738074097970049,37.59085974374791,37.43931538558392,44.838881386235045,35.16411613733879,0.1458925618163621,0.15448355000314684,0.6265602517782933,0.5700003185356168,18.523370444791713,139.19514000590493,13.790378150761187,19.449721656716637
25,79.99900000642742,79.99900000642742,-11.14349241474617,37.59075106139064,37.33150859686766,38.40704322469484,31.840485071082167,0.11382625269954008,0.09023999419614569,0.13470196058695133,0.5700006498976077,18.522985978205398,133.4499644961141,25.857866913192808,19.449721656716637
25,79.99900000642742,79.99900000642742,-10.008222264583452,37.682596162596816,38.81335039489502,25.056320749185808,40.32661672071261,0.12913054654573944,0.0938049442515505,0.09009279424255161,0.57036913662982,16.60969967051757,41.94113792382571,36.24307397610594,17.252695174353196
25,79.99900000642742,79.99900000642742,-10.675311179319756,37.723969504845506,37.68178564365055,44.651338085266346,34.49539046005117,0.14332039157287127,0.15418203568143174,0.6169089007898457,0.10732483742200657,17.694594520249623,128.87407322660798,22.289003432269688,17.99946614148663
26,6416.9681188596,0.0,-10.35723564069098,37.54060818978776,37.65084750388828,25.056320749185808,14.182233343959679,0.14415677362742152,0.15495905569202,0.09009279424255161,0.57036913662982,16.60969967051757,41.129111977873436,36.350672604250384,19.04512763022228
26,79.99900000642742,79.99900000642742,-10.799605689060954,37.4608848123785,37.77484779908877,29.22514363080734,38.42816668133996,0.10370179669981427,0.28264487468883703,0.1981899670957311,0.19996618947076875,13.767116873308481,22.221706702772945,22.068936278419503,18.145504967276906
26,6416.9681188596,0.0,-10.205604828820533,37.595541592597904,38.81335039489502,25.056320749185808,14.182233343959679,0.13895782180788602,0.15495905569202,0.09009279424255161,0.57036913662982,16.60969967051757,41.129111977873436,36.350672604250384,19.04512763022228
26,79.99900000642742,79.99900000642742,-11.70261868728496,37.58369998298196,37.3154467318752,38.40704322469484,36.12711982721288,0.15278457498263137,0.1474440020799814,0.1847191969289128,0.5729305643695162,15.851467556928924,19.763197897542582,25.857866913192808,19.449721656716637
26,4555.345672680681,68.59411721735327,-9.884741925252506,32.03526432115498,37.48922966148012,24.893393104013956,41.11037167707801,0.492560060191928,0.3031758088239756,0.6231882354921219,0.1251451458138526,25.077300849408175,46.961661592796744,22.31488128264966,11.336255379625976
26,5082.751457225368,16.666458334672377,-7.384036889302465,37.757117050912655,35.280643607478616,5.719723315260133,41.108773830607824,0.13879472579583588,0.15462382057869728,0.6274040499534951,0.12149653043067,19.013932053508512,45.25568024500271,0.431282735577291,4.457090801481069
26,4820.587190823836,41.27577849275757,-9.138598903588953,35.235727102809,36.44227783859159,18.854296386405323,40.7917047922233,0.16403071295722998,0.28650505434073215,0.6080764893270191,0.1251451458138526,205.46297393898053,41.59562928301085,22.289003432269688,11.336255379625976
26,4558.860624821096,52.60292094510465,-9.79151568595918,35.235727102809,37.48922966148012,24.04540994617964,40.977123020492556,0.5032436688722498,0.2812108052478859,0.5961541998207227,0.1251451458138526,198.2065035437172,19.276301462660335,22.289003432269688,11.262055996043738
26,4559.020303911813,47.956325000248206,-9.803875745933652,35.235727102809,35.44791735684252,24.236083546925144,41.07303616143375,0.49584377927579576,0.2812227593655648,0.5961541998207227,0.1251451458138526,191.14134171072064,72.54668014105984,22.289003432269688,17.9611642779234
26,4559.020303911813,47.956325000248206,-9.803875745933652,35.235727102809,35.34096805853791,24.236083546925144,41.07303616143375,0.5032436688722498,0.28115339662609773,0.5961541998207227,0.1251451458138526,198.2065035437172,19.27427232035617,22.289003432269688,17.99946614148663
26,4558.860624821096,52.60292094510465,-9.79151568595918,35.290660505619144,38.651732552486855,24.04540994617964,40.977123020492556,0.515315581956332,0.2812108052478859,0.5961541998207227,0.1251451458138526,198.2065035437172,19.276301462660335,22.289003432269688,11.262055996043738
26,79.99900000642742,79.99900000642742,-10.6652512609082,36.42481422843785,29.593835663125894,39.82690932949636,41.03822155585165,0.11868260402318213,0.13283913801511754,0.6120178010898406,0.5700002332551443,18.505424621983867,46.71623958169246,25.751000948567306,17.244712484559038
26,79.99900000642742,79.99900000642742,-10.56242157360754,37.98746804128457,37.117565599318624,26.09613099697646,33.32142255122884,0.13895776392659542,0.356488080084729,0.12322917128524398,0.5633481098523982,19.598012197501493,2.820685559805913,26.18427049914996,17.242983733866694
26,79.99900000642742,79.99900000642742,-11.398062319433777,34.44750046749539,37.781015713637274,38.41029952889156,33.79544397788384,0.13899837583856708,0.1468583309254301,0.1788098331653495,0.573045686624151,18.48834896546789,127.7109497123091,25.857866913192808,11.700661308012503
26,79.99900000642742,79.99900000642742,-10.249415248896526,37.5983649402111,38.587848544793005,25.166698786333058,21.690732276532284,0.13895782180788602,0.28060963724518306,0.0811452976757643,0.22974805935927314,16.60969967051757,109.77616524002183,37.05185897385785,18.77009665392901
26,79.99900000642742,79.99900000642742,-11.247947918635148,40.01386228133956,39.10340006059607,44.86913268439325,40.81790831977398,0.12097990740566697,0.09049247799790408,0.6083544816844724,0.5702105550982738,18.528150047441574,171.82701990734026,25.268098309114077,18.851227393835373
26,79.99900000642742,79.99900000642742,-11.708450822007869,37.77936810736424,37.38483877794777,39.62004914255409,40.53639503485917,0.1518658083029495,0.15333470027116652,0.6265358047141911,0.12206648806683962,18.479386289344784,19.138293484747784,1.5045423235882431,4.0311330360099324
26,79.99900000642742,79.99900000642742,-11.661535644973263,39.27004263386609,37.49737130252783,38.38203229581804,40.976925684356324,0.5052461992334993,0.17253658909363329,0.5411520399232325,0.5728495703803556,19.485501140371124,11.73906025718515,40.40630244391957,122.36501577985422
26,79.99900000642742,79.99900000642742,-10.676413909787023,37.723969504845506,37.323354263717526,44.65507655522662,34.50758319692715,0.14332039157287127,0.15441668146703388,0.6169089007898457,0.10732483742200657,17.69779260537427,128.87407322660798,25.674631533438202,16.735038523361375
26,79.99900000642742,79.99900000642742,-10.677186792689767,38.000944487660064,27.8593765649483,37.85409459070954,35.0674264708849,0.1358285664672139,0.143864583888829,0.11144713237332873,0.6002266215494201,18.41276896715522,19.928228751696423,15.126637478544634,23.50398311740932
26,79.99900000642742,79.99900000642742,-10.097593459309977,37.97762152119357,37.117565599318624,26.09613099697646,40.68124780893327,0.129615123616245,0.356488080084729,0.09019298203750664,0.5643633588855196,19.598012197501493,40.93261079263614,36.44132549441863,17.24317742949414
26,79.99900000642742,79.99900000642742,-10.64816588513117,37.60125706255766,28.536884646652595,25.166698786333058,35.53076033366071,0.2805065489879696,0.08371833658207209,0.19032519695642117,0.2010605625385352,16.543951485648066,39.96752572900466,36.439867297049695,16.481089215142273
26,79.99900000642742,79.99900000642742,-11.661535644973263,38.39557166180294,37.78239188475625,38.38203229581804,40.976925684356324,0.10712247899109688,0.17253658909363329,0.5411520399232325,0.5728495703803556,19.485501140371124,22.42042862854028,40.40630244391957,11.367085824166752
26,79.99900000642742,79.99900000642742,-11.28727309233956,35.23568211128323,39.40489305899655,44.86913268439325,40.81790831977398,0.12097990740566697,0.15451057320584913,0.6160600506260255,0.5702105550982738,19.508226565828828,171.82701990734026,25.297039254467748,10.399163828268074
26,79.99900000642742,79.99900000642742,-10.205604828820533,37.692442682687826,38.81335039489502,25.056320749185808,32.96679016629133,0.13847318685608984,0.0938049442515505,0.12312923813224014,0.5693538875966987,16.60969967051757,3.8982773251624714,25.98601898083736,17.252501478725748
26,79.99900000642742,79.99900000642742,-10.804509525792461,35.29282354458657,29.895327921046956,39.06075488997139,41.00839955259528,0.13895782428141848,0.15551065239360318,0.14027007350605872,0.5700002332551443,19.485501140371124,22.42042862854028,40.40630244391957,9.997864626601128
26,79.99900000642742,79.99900000642742,-9.341569364848993,37.750403439341504,37.308948727965,17.253722616778823,37.63502415293651,0.15497973592520725,0.14730012990787306,0.1784542855460295,0.12731414538119773,15.847550012438973,121.91214931247535,22.289003432269688,19.79544155458284
26,79.99900000642742,79.99900000642742,-10.008222264583452,37.682596162596816,38.81335039489502,25.056320749185808,40.32661672071261,0.12913054654573944,0.0938049442515505,0.09009279424255161,0.57036913662982,16.60969967051757,41.94113792382571,36.24307397610594,17.252695174353196
26,79.99900000642742,79.99900000642742,-10.56812478429071,38.001272470621394,37.15258398014776,26.174873993043253,34.85325691148068,0.1358285664672139,0.143864583888829,0.11144713237332873,0.5702506277643712,18.416618515409287,19.926832447684845,15.126637478544634,23.423076172881203
26,79.99900000642742,79.99900000642742,-10.151937696972489,38.001267997266424,38.87321378372379,24.704736127179565,34.85325691148068,0.1358285664672139,0.3570193648515998,0.11144713237332873,0.5702506277643712,18.416618515409287,22.547862017957275,14.286897698842605,17.257270216528937
26,79.99900000642742,79.99900000642742,-9.804369748191235,37.5955613774747,38.85166214653463,23.88371277227678,40.71687803614391,0.1401597671630184,0.15276243931495526,0.30781195300857256,0.57362910885755,18.48013673461075,52.86796291180694,26.045502498433656,19.895456031085175
26,79.99900000642742,79.99900000642742,-10.799605689060954,37.4608848123785,37.48982721686035,29.22514363080734,38.42816668133996,0.5003586123497552,0.27931124379386624,0.1981899670957311,0.19996618947076875,13.767116873308481,11.540338329400516,22.068936278419503,129.04550071462305
26,4559.020303911813,47.956325000248206,-9.803875745933652,35.235727102809,35.44791735684252,24.236083546925144,41.07303616143375,0.49584377927579576,0.2812227593655648,0.5961541998207227,0.1251451458138526,191.14134171072064,47.09298776475723,22.289003432269688,17.9611642779234
26,79.99900000642742,79.99900000642742,-11.51252025397524,36.07114547326689,37.29743936480538,38.40704322469484,34.66969850517169,0.13886974709013014,0.1468583309254301,0.1788098331653495,0.57037150839596,18.48834896546789,125.96303854451494,36.58269961585698,19.438846736328024
26,79.99900000642742,79.99900000642742,-11.247794222184488,35.43500299435463,39.10222172114104,44.86913268439325,40.81790831977398,0.12097990740566697,0.09049247799790408,0.6083544816844724,0.5702105550982738,19.54975820782046,176.17828132078895,25.268098309114077,17.580428832663607
26,79.99900000642742,79.99900000642742,-11.01832875776823,37.59572385888079,37.31273519579153,44.838881386235045,40.34613195269568,0.1389577646416458,0.15448355000314684,0.6127432041390855,0.5700003176546369,18.523370444791713,134.45183260332465,25.857866913192808,19.52052793491869
26,79.99900000642742,79.99900000642742,-11.235550725349903,37.749718574507185,39.008354912075895,44.86913268439325,40.80999662723253,0.13898389311958267,0.12347487380210279,0.6107082504560196,0.11335816477255511,19.54975820782046,177.41566036708807,1.6884298355502079,3.21278101790249
26,79.99900000642742,79.99900000642742,-11.2647255583909,37.59085974374791,37.33150859686766,38.40704322469484,32.76993917235844,0.1389577646416458,0.1467843669697188,0.1788098331653495,0.5700006498976077,18.523370444791713,134.45183260332465,25.857866913192808,19.449721656716637
26,79.99900000642742,79.99900000642742,-10.268195950341813,41.3057553664362,28.028590985723444,39.06075488997139,41.00839955259528,0.1290834688293662,0.096894633392783,0.1331786312863038,0.5995542688754032,18.477099287220398,41.9378580000953,33.57436692261831,17.179129630765033
26,79.99900000642742,79.99900000642742,-10.738074097970049,41.31235953193135,38.790560256652434,44.838881386235045,35.16411613733879,0.1458925618163621,0.2783508820087108,0.6265602517782933,0.5700003185356168,20.656006468202904,139.19514000590493,13.790378150761187,19.449721656716637
26,79.99900000642742,79.99900000642742,-11.247947918635148,40.01386228133956,39.10340006059607,44.86913268439325,40.81790831977398,0.12097990740566697,0.09049247799790408,0.6083544816844724,0.5702105550982738,18.528150047441574,171.82701990734026,25.268098309114077,17.580428832663607
26,79.99900000642742,79.99900000642742,-10.280007387682048,39.042785969820926,37.09478113750894,27.381529566618113,40.56813959438903,0.15240804899434862,0.10090948562048249,0.1331786312863038,0.56957827509029,18.481491652408653,41.68670908151725,31.402604732907374,33.78774236125319
26,79.99900000642742,79.99900000642742,-10.669839560099348,36.43753393391265,29.593835663125894,39.791732369030846,41.03822155585165,0.13855341364059667,0.13495909112156024,0.189543455406466,0.5700002332551443,18.505424621983867,135.61003749222897,180.54131227158558,17.283203677867743
26,79.99900000642742,79.99900000642742,-11.398487054763777,37.591196372998795,37.29743936480538,38.40704322469484,33.79544397788384,0.1389578168887539,0.1468583309254301,0.1788098331653495,0.57037150839596,18.48834896546789,127.7109497123091,25.857866913192808,19.449721656716637
26,79.99900000642742,79.99900000642742,-10.561022099445914,39.0424579868596,28.028590985723444,39.06075488997139,40.78230921480133,0.15240804899434862,0.10090948562048249,0.1331786312863038,0.5995542688754032,18.477642104154587,41.9378580000953,33.57436692261831,17.179129630765033
26,79.99900000642742,79.99900000642742,-10.738074097970049,37.59085974374791,37.43931538558392,44.838881386235045,35.16411613733879,0.1458925618163621,0.15448355000314684,0.6265602517782933,0.5700003185356168,18.523370444791713,139.19514000590493,13.790378150761187,19.449721656716637
26,79.99900000642742,79.99900000642742,-11.247794222184488,35.43500299435463,39.10222172114104,44.86913268439325,40.81790831977398,0.12097990740566697,0.09049247799790408,0.6083544816844724,0.5702105550982738,19.54975820782046,171.6996962257297,25.268098309114077,17.580428832663607
26,79.99900000642742,79.99900000642742,-11.583242149558693,34.58724836470624,37.78239188475625,39.06075488997139,41.00839955259528,0.13399172217038224,0.15551065239360318,0.5411520399232325,0.5728495703803556,19.485501140371124,22.42042862854028,40.40630244391957,11.367085824166752
27,79.99900000642742,79.99900000642742,-11.304745476964655,35.23568211128323,39.53884800778896,44.86913268439325,39.887010343861434,0.1210317421683769,0.1471855101411985,0.6160600506260255,0.5703736912287373,19.51431303638094,171.90408774243647,25.297039254467748,19.30032030031778
27,6416.9681188596,0.0,-10.35723564069098,37.54060818978776,37.65084750388828,25.056320749185808,14.182233343959679,0.14415677362742152,0.15495905569202,0.09009279424255161,0.57036913662982,16.60969967051757,41.129111977873436,36.350672604250384,19.04512763022228
27,79.99900000642742,79.99900000642742,-10.799605689060954,37.4608848123785,37.77484779908877,29.22514363080734,38.42816668133996,0.10370179669981427,0.28264487468883703,0.1981899670957311,0.19996618947076875,13.767116873308481,22.221706702772945,22.068936278419503,18.145504967276906
27,6416.9681188596,0.0,-10.205604828820533,37.595541592597904,38.81335039489502,25.056320749185808,14.182233343959679,0.13895782180788602,0.15495905569202,0.09009279424255161,0.57036913662982,16.60969967051757,41.129111977873436,36.350672604250384,19.04512763022228
27,4548.418161538333,30.16439240333846,-9.812913903585198,35.213608874410845,37.43261550360024,24.31853976176863,41.086199834282056,0.1518658083029495,0.27997488823928446,0.6265358047141911,0.12206648806683962,18.479386289344784,19.138293484747784,1.9491132592742577,4.037640431092361
27,5082.751457225368,16.666458334672377,-7.384036889302465,37.757117050912655,35.280643607478616,5.719723315260133,41.108773830607824,0.13879472579583588,0.15462382057869728,0.6274040499534951,0.12149653043067,19.013932053508512,45.25568024500271,0.431282735577291,4.457090801481069
27,4552.895179455843,23.333041668541327,-7.384036889302465,37.76317257021635,35.280643607478616,5.719723315260133,41.108773830607824,0.1384097026738014,0.28405638803981065,0.2000701339292725,0.11659699474371221,19.013932053508512,45.25568024500271,0.431282735577291,18.337878387033424
27,79.99900000642742,79.99900000642742,-11.661535644973263,38.39557166180294,37.78239188475625,38.38203229581804,40.976925684356324,0.10712247899109688,0.17253658909363329,0.5411520399232325,0.5728495703803556,19.485501140371124,22.42042862854028,40.40630244391957,11.367085824166752
27,79.99900000642742,79.99900000642742,-9.804369748191235,36.40396006276658,38.85166214653463,23.88371277227678,40.71687803614391,0.1401597671630184,0.15276243931495526,0.15363666182929048,0.5734704512556361,18.48013673461075,52.86796291180694,26.045502498433656,19.895456031085175
27,79.99900000642742,79.99900000642742,-10.676413909787023,37.723969504845506,37.323354263717526,44.65507655522662,34.50758319692715,0.14332039157287127,0.15441668146703388,0.6169089007898457,0.10732483742200657,17.69779260537427,128.87407322660798,25.674631533438202,16.735038523361375
27,79.99900000642742,79.99900000642742,-10.151937696972489,38.001267997266424,38.87321378372379,24.704736127179565,34.85325691148068,0.1358285664672139,0.3570193648515998,0.11144713237332873,0.5702506277643712,18.416618515409287,22.547862017957275,14.286897698842605,17.257270216528937
27,79.99900000642742,79.99900000642742,-9.302146695026693,37.750403439341504,37.25148809964734,16.951482148141203,37.63502415293651,0.15497973592520725,0.14730012990787306,0.17870350205770702,0.5610948472598177,15.847550012438973,43.512105209598595,35.26292611538089,19.79544155458284
27,79.99900000642742,79.99900000642742,-10.008222264583452,37.682596162596816,38.81335039489502,25.056320749185808,40.32661672071261,0.12913054654573944,0.0938049442515505,0.09009279424255161,0.57036913662982,16.60969967051757,41.94113792382571,36.24307397610594,17.252695174353196
27,79.99900000642742,79.99900000642742,-11.05535119541959,34.973871853542526,31.81844738818826,39.06075488997139,35.949603702864586,0.13895782428141848,0.15551065239360318,0.13918704685392808,0.5731089483933263,19.485501140371124,22.95666336970379,40.40630244391957,9.997864626601128
27,79.99900000642742,79.99900000642742,-10.811161643903318,37.69509287684453,38.78848321491851,44.278543534079986,35.16411613733879,0.1458925618163621,0.27833589803111475,0.6265602517782933,0.5699917093412191,16.821396541047584,40.71612814755355,6.668148420821431,19.449721656716637
27,79.99900000642742,79.99900000642742,-10.681717699937963,37.60749445319296,29.895327921046956,40.00215888818924,44.362113404584335,0.13895782416543706,0.15551065239360318,0.09345121876716457,0.569987920719294,16.481529608161498,22.456947722826442,40.36821300642706,27.123500245479384
27,79.99900000642742,79.99900000642742,-11.235550725349903,37.749718574507185,39.008354912075895,44.86913268439325,40.80999662723253,0.13898389311958267,0.12347487380210279,0.6107082504560196,0.11335816477255511,19.54975820782046,177.41566036708807,1.6884298355502079,3.21278101790249
27,79.99900000642742,79.99900000642742,-10.799605689060954,37.4608848123785,37.77484779908877,29.22514363080734,38.42816668133996,0.10370179669981427,0.28264487468883703,0.1981899670957311,0.19996618947076875,13.767116873308481,22.221706702772945,22.068936278419503,17.010523992144147
27,79.99900000642742,79.99900000642742,-10.561022099445914,39.0424579868596,28.028590985723444,39.06075488997139,40.78230921480133,0.15240804899434862,0.10090948562048249,0.1331786312863038,0.5995542688754032,18.477642104154587,41.9378580000953,33.57436692261831,17.179129630765033
27,79.99900000642742,79.99900000642742,-11.2647255583909,37.59085974374791,37.33150859686766,38.40704322469484,32.76993917235844,0.1389577646416458,0.1467843669697188,0.1788098331653495,0.5700006498976077,18.523370444791713,134.45183260332465,25.857866913192808,19.449721656716637
27,79.99900000642742,79.99900000642742,-10.799605689060954,37.4608848123785,37.48982721686035,29.22514363080734,38.42816668133996,0.5003586123497552,0.27931124379386624,0.1981899670957311,0.19996618947076875,13.767116873308481,11.540338329400516,22.068936278419503,129.04550071462305
27,79.99900000642742,79.99900000642742,-10.738074097970049,40.09333179591787,38.790560256652434,44.838881386235045,35.16411613733879,0.1458925618163621,0.27978480429438224,0.1045298809237607,0.5700003185356168,22.207256489995864,139.19514000590493,13.790378150761187,19.449721656716637
27,79.99900000642742,79.99900000642742,-10.6652512609082,36.42481422843785,29.593835663125894,39.82690932949636,41.03822155585165,0.11868260402318213,0.13283913801511754,0.6120178010898406,0.5700002332551443,18.505424621983867,46.71623958169246,25.751000948567306,17.244712484559038
27,79.99900000642742,79.99900000642742,-10.669839560099348,36.43753393391265,29.593835663125894,39.791732369030846,41.03822155585165,0.13855341364059667,0.13495909112156024,0.189543455406466,0.5700002332551443,18.505424621983867,135.61003749222897,180.54131227158558,17.283203677867743
27,79.99900000642742,79.99900000642742,-10.738074097970049,37.59085974374791,37.43931538558392,44.838881386235045,35.16411613733879,0.1458925618163621,0.15448355000314684,0.6265602517782933,0.5700003185356168,18.523370444791713,139.19514000590493,13.790378150761187,19.449721656716637
27,79.99900000642742,79.99900000642742,-11.247794222184488,35.43500299435463,39.10222172114104,44.86913268439325,40.81790831977398,0.12097990740566697,0.09049247799790408,0.6083544816844724,0.5702105550982738,19.54975820782046,171.6996962257297,25.268098309114077,17.580428832663607
27,79.99900000642742,79.99900000642742,-11.708450822007869,37.77936810736424,37.38483877794777,39.62004914255409,40.53639503485917,0.1518658083029495,0.15333470027116652,0.6265358047141911,0.12206648806683962,18.479386289344784,19.138293484747784,1.5045423235882431,4.0311330360099324
27,79.99900000642742,79.99900000642742,-9.383938909769796,37.792651230344745,37.308948727965,17.253722616778823,37.31019097521036,0.15497973592520725,0.1471164279423078,0.1784542855460295,0.5934907319669538,15.794417455799637,19.34721407138175,41.864189926959824,19.79544155458284
27,79.99900000642742,79.99900000642742,-10.56812478429071,38.001272470621394,37.15258398014776,26.174873993043253,34.85325691148068,0.1358285664672139,0.143864583888829,0.11144713237332873,0.5702506277643712,18.416618515409287,19.926832447684845,15.126637478544634,23.423076172881203
27,79.99900000642742,79.99900000642742,-11.577731568123468,34.54500057370288,37.78239188475625,39.06075488997139,40.03531234401595,0.13399172217038224,0.15569435435916842,0.5411520399232325,0.11386972858650518,19.538633697010464,125.00353683285135,20.831115965373776,11.367085824166752
27,79.99900000642742,79.99900000642742,-11.01832875776823,37.59572385888079,37.31273519579153,44.838881386235045,40.34613195269568,0.1389577646416458,0.15448355000314684,0.6127432041390855,0.5700003176546369,18.523370444791713,134.45183260332465,25.857866913192808,19.52052793491869
27,79.99900000642742,79.99900000642742,-11.211609956894684,38.97862122298854,37.09478113750894,34.52381593058165,40.56813959438903,0.15185198621633822,0.10090948562048249,0.11028854599486171,0.56957827509029,18.481491652408653,41.68670908151725,31.402604732907374,33.78774236125319
27,79.99900000642742,79.99900000642742,-11.319162362906063,40.01386228133956,39.084169726080866,44.30392494380099,40.81437943753672,0.12097990740566697,0.09049247799790408,0.608969657899754,0.13673636166662975,28.128072625857317,19.525958979027223,25.268098309114077,17.52657403699386
27,79.99900000642742,79.99900000642742,-10.249415248896526,37.53839195780335,38.587848544793005,25.166698786333058,21.690732276532284,0.13895782180788602,0.28060963724518306,0.0811452976757643,0.22974805935927314,16.60969967051757,109.77616524002183,37.05185897385785,18.769652021948954
27,79.99900000642742,79.99900000642742,-10.008222264583452,37.682596162596816,38.81335039489502,25.056320749185808,40.32661672071261,0.13906485470815763,0.15501247263234122,0.09009279424255161,0.5722306498936587,16.60969967051757,41.94113792382571,33.72016921099776,17.252695174353196
27,79.99900000642742,79.99900000642742,-9.804369748191235,37.5955613774747,38.85166214653463,23.88371277227678,40.71687803614391,0.1401597671630184,0.15276243931495526,0.30781195300857256,0.57362910885755,18.48013673461075,52.86796291180694,26.045502498433656,19.895456031085175
27,79.99900000642742,79.99900000642742,-11.506384234255634,35.43500299435463,37.567340740931535,41.35172827830496,40.977890487896865,0.12097990740566697,0.17331606420136625,0.5408967597826,0.5729350068524012,22.33192838796719,172.91605874714125,25.268098309114077,17.580428832663607
27,79.99900000642742,79.99900000642742,-11.398487054763777,37.591196372998795,37.29743936480538,38.40704322469484,33.79544397788384,0.1389578168887539,0.1468583309254301,0.1788098331653495,0.57037150839596,18.48834896546789,127.7109497123091,25.857866913192808,19.449721656716637
27,79.99900000642742,79.99900000642742,-11.661535644973263,39.27004263386609,37.49737130252783,38.38203229581804,40.976925684356324,0.5052461992334993,0.17253658909363329,0.5411520399232325,0.5728495703803556,19.485501140371124,11.73906025718515,40.40630244391957,122.36501577985422
27,79.99900000642742,79.99900000642742,-10.249415248896526,37.5983649402111,38.587848544793005,25.166698786333058,21.690732276532284,0.13895782180788602,0.28060963724518306,0.0811452976757643,0.22974805935927314,16.60969967051757,109.77616524002183,37.05185897385785,18.77009665392901
27,79.99900000642742,79.99900000642742,-11.247947918635148,40.01386228133956,39.10340006059607,44.86913268439325,40.81790831977398,0.12097990740566697,0.09049247799790408,0.6083544816844724,0.5702105550982738,18.528150047441574,171.82701990734026,25.268098309114077,17.580428832663607
27,79.99900000642742,79.99900000642742,-10.64816588513117,37.60125706255766,28.536884646652595,25.166698786333058,35.53076033366071,0.2805065489879696,0.08371833658207209,0.19032519695642117,0.2010605625385352,16.543951485648066,39.96752572900466,36.439867297049695,16.481089215142273
27,79.99900000642742,79.99900000642742,-11.682402884293637,39.27004263386609,39.03225228273734,38.38203229581804,40.816943516233444,0.5052461992334993,0.08977048586371875,0.6086097584995218,0.5701251186262283,19.486351149252854,10.942193608960736,40.40630244391957,122.36501577985422
27,79.99900000642742,79.99900000642742,-10.738074097970049,41.31235953193135,38.790560256652434,44.838881386235045,35.16411613733879,0.1458925618163621,0.2783508820087108,0.6265602517782933,0.5700003185356168,20.656006468202904,139.19514000590493,13.790378150761187,19.449721656716637
27,79.99900000642742,79.99900000642742,-10.280007387682048,39.042785969820926,37.09478113750894,27.381529566618113,40.56813959438903,0.15240804899434862,0.10090948562048249,0.1331786312863038,0.56957827509029,18.481491652408653,41.68670908151725,31.402604732907374,33.78774236125319
27,79.99900000642742,79.99900000642742,-10.268195950341813,41.3057553664362,28.028590985723444,39.06075488997139,41.00839955259528,0.1290834688293662,0.096894633392783,0.1331786312863038,0.5995542688754032,18.477099287220398,41.9378580000953,33.57436692261831,17.179129630765033
27,79.99900000642742,79.99900000642742,-11.711476250867484,38.39557166180294,37.788689225657706,38.60237228768266,40.814387697698606,0.13874165085051351,0.17253658909363329,0.5411520399232325,0.5728495703803556,19.548506014295032,22.42042862854028,40.749894766864905,2.5612014536153804
27,79.99900000642742,79.99900000642742,-11.699838058093903,40.29347718298063,38.60643622013416,38.43712662557933,36.13588507096596,0.15278457498263137,0.15739559587780672,0.1847191969289128,0.12337707236177539,15.851467556928924,19.763197897542582,22.21141706820583,19.449721656716637
28,79.99900000642742,79.99900000642742,-11.304745476964655,35.23568211128323,39.53884800778896,44.86913268439325,39.887010343861434,0.1210317421683769,0.1471855101411985,0.6160600506260255,0.5703736912287373,19.51431303638094,171.90408774243647,25.297039254467748,19.30032030031778
28,79.99900000642742,79.99900000642742,-11.304745476964655,35.17140881573113,39.53884800778896,44.86913268439325,40.83131235722737,0.11990171158571335,0.1471855101411985,0.6160600506260255,0.5999643562901503,19.51431303638094,175.3643274885678,25.297039254467748,19.30032030031778
28,6416.9681188596,0.0,-10.35723564069098,37.54060818978776,37.65084750388828,25.056320749185808,14.182233343959679,0.14415677362742152,0.15495905569202,0.09009279424255161,0.57036913662982,16.60969967051757,41.129111977873436,36.350672604250384,19.04512763022228
28,6416.9681188596,0.0,-10.205604828820533,37.595541592597904,38.81335039489502,25.056320749185808,14.182233343959679,0.13895782180788602,0.15495905569202,0.09009279424255161,0.57036913662982,16.60969967051757,41.129111977873436,36.350672604250384,19.04512763022228
28,4548.418161538333,30.16439240333846,-9.812913903585198,35.213608874410845,37.43261550360024,24.31853976176863,41.086199834282056,0.1518658083029495,0.27997488823928446,0.6265358047141911,0.12206648806683962,18.479386289344784,19.138293484747784,1.9491132592742577,4.037640431092361
28,5082.751457225368,16.666458334672377,-7.384036889302465,37.757117050912655,35.280643607478616,5.719723315260133,41.108773830607824,0.13879472579583588,0.15462382057869728,0.6274040499534951,0.12149653043067,19.013932053508512,45.25568024500271,0.431282735577291,4.457090801481069
28,4552.895179455843,23.333041668541327,-7.384036889302465,37.76317257021635,35.280643607478616,5.719723315260133,41.108773830607824,0.1384097026738014,0.28405638803981065,0.2000701339292725,0.11659699474371221,19.013932053508512,45.25568024500271,0.431282735577291,18.337878387033424
28,79.99900000642742,79.99900000642742,-11.534103863679725,39.25865483278631,35.6867844543309,38.38203229581804,40.816943516233444,0.5052461992334993,0.276048367807914,0.17854454904816783,0.5699891954097314,13.809756145463357,11.542499065651516,22.151081691775147,25.282716602170893
28,79.99900000642742,79.99900000642742,-10.561022099445914,39.0424579868596,28.028590985723444,39.06075488997139,40.78230921480133,0.15240804899434862,0.10090948562048249,0.1331786312863038,0.5995542688754032,18.477642104154587,41.9378580000953,33.57436692261831,17.179129630765033
28,79.99900000642742,79.99900000642742,-10.799605689060954,37.4608848123785,37.77484779908877,29.22514363080734,38.42816668133996,0.10370179669981427,0.28264487468883703,0.1981899670957311,0.19996618947076875,13.767116873308481,22.221706702772945,22.068936278419503,17.010523992144147
28,79.99900000642742,79.99900000642742,-10.56812478429071,38.001272470621394,37.15258398014776,26.174873993043253,34.85325691148068,0.1358285664672139,0.143864583888829,0.11144713237332873,0.5702506277643712,18.416618515409287,19.926832447684845,15.126637478544634,23.423076172881203
28,79.99900000642742,79.99900000642742,-10.249415248896526,37.53839195780335,38.587848544793005,25.166698786333058,21.690732276532284,0.13895782180788602,0.28060963724518306,0.0811452976757643,0.22974805935927314,16.60969967051757,109.77616524002183,37.05185897385785,18.769652021948954
28,79.99900000642742,79.99900000642742,-11.661535644973263,38.39557166180294,37.78239188475625,38.38203229581804,40.976925684356324,0.10712247899109688,0.17253658909363329,0.5411520399232325,0.5728495703803556,19.485501140371124,22.42042862854028,40.40630244391957,11.367085824166752
28,79.99900000642742,79.99900000642742,-11.663446856836096,35.208448461401126,37.788689225657706,38.60237228768266,40.814387697698606,0.15197402845177557,0.17253658909363329,0.5411520399232325,0.5728495703803556,24.637311761366217,22.42042862854028,40.749894766864905,2.5612014536153804
28,79.99900000642742,79.99900000642742,-9.302146695026693,37.750403439341504,37.25148809964734,16.951482148141203,37.63502415293651,0.15497973592520725,0.14730012990787306,0.17870350205770702,0.5610948472598177,15.847550012438973,43.512105209598595,35.26292611538089,19.79544155458284
28,79.99900000642742,79.99900000642742,-9.823370683663263,37.65274716754976,41.7438121744341,25.056320749185808,40.32661672071261,0.16655914901100163,0.15159587404300098,0.09009279424255161,0.5722306498936587,16.60969967051757,18.72881561827758,33.72016921099776,17.252695174353196
28,79.99900000642742,79.99900000642742,-10.151937696972489,38.001267997266424,38.87321378372379,24.704736127179565,34.85325691148068,0.1358285664672139,0.3570193648515998,0.11144713237332873,0.5702506277643712,18.416618515409287,22.547862017957275,14.286897698842605,17.257270216528937
28,79.99900000642742,79.99900000642742,-10.11896820523652,43.88024516603312,38.41945860049985,26.718414320458344,41.139658080311655,0.1401597671630184,0.15276243931495526,0.19939467542719383,0.57362910885755,18.991138049545405,40.89790804031524,26.045502498433656,19.925073565544274
28,79.99900000642742,79.99900000642742,-10.662796353154782,38.98690139936548,29.593835663125894,39.84573028893919,40.56322086945148,0.13883421886604683,0.09919235826977613,0.11063494023628667,0.5699765127327481,18.48202833516788,135.61003749222897,220.47372097749707,17.743298084368842
28,79.99900000642742,79.99900000642742,-11.506384234255634,35.43314196536176,37.567340740931535,41.35172827830496,41.028251508782866,0.12097990740566697,0.1725658819201032,0.5408967597826,0.5729350068524012,22.33192838796719,172.98268817085906,25.268098309114077,17.580428832663607
28,79.99900000642742,79.99900000642742,-11.506384234255634,35.43500299435463,37.567340740931535,41.35172827830496,40.977890487896865,0.12097990740566697,0.17331606420136625,0.5408967597826,0.5729350068524012,22.33192838796719,172.91605874714125,25.268098309114077,17.580428832663607
28,79.99900000642742,79.99900000642742,-11.01832875776823,37.60846163661314,37.31273519579153,44.838881386235045,40.53235206939114,0.15157091921442792,0.15323172890964618,0.6127432041390855,0.5700003176546369,18.521021010311998,134.45183260332465,25.857866913192808,19.52052793491869
28,79.99900000642742,79.99900000642742,-10.008222264583452,37.682596162596816,38.81335039489502,25.056320749185808,40.32661672071261,0.12913054654573944,0.0938049442515505,0.09009279424255161,0.57036913662982,16.60969967051757,41.94113792382571,36.24307397610594,17.252695174353196
28,79.99900000642742,79.99900000642742,-11.708450822007869,37.766630329631894,37.38483877794777,39.62004914255409,40.35017491816372,0.13925265373016735,0.1545865213646672,0.6265358047141911,0.12206648806683962,18.4817357238245,19.138293484747784,1.5045423235882431,4.0311330360099324
28,79.99900000642742,79.99900000642742,-11.711476250867484,38.39557166180294,37.788689225657706,38.60237228768266,40.814387697698606,0.13874165085051351,0.17253658909363329,0.5411520399232325,0.5728495703803556,19.548506014295032,22.42042862854028,40.749894766864905,2.5612014536153804
28,79.99900000642742,79.99900000642742,-11.142610138172763,36.42925375753567,37.09478113750894,34.46981800678039,41.043140280789196,0.1923870783859097,0.13427227044734785,0.18919720040372628,0.5696019956126863,18.50488793922464,41.68670908151725,30.804098202604564,33.327647958198604
28,79.99900000642742,79.99900000642742,-10.008222264583452,37.682596162596816,38.81335039489502,25.056320749185808,40.32661672071261,0.13906485470815763,0.15501247263234122,0.09009279424255161,0.5722306498936587,16.60969967051757,41.94113792382571,33.72016921099776,17.252695174353196
28,79.99900000642742,79.99900000642742,-11.05535119541959,34.973871853542526,31.81844738818826,39.06075488997139,35.949603702864586,0.13895782428141848,0.15551065239360318,0.13918704685392808,0.5731089483933263,19.485501140371124,22.95666336970379,40.40630244391957,9.997864626601128
28,79.99900000642742,79.99900000642742,-11.699838058093903,40.29347718298063,38.60643622013416,38.43712662557933,36.13588507096596,0.15278457498263137,0.15739559587780672,0.1847191969289128,0.12337707236177539,15.851467556928924,19.763197897542582,22.21141706820583,19.449721656716637
28,79.99900000642742,79.99900000642742,-10.280007387682048,39.042785969820926,37.09478113750894,27.381529566618113,40.56813959438903,0.15240804899434862,0.10090948562048249,0.1331786312863038,0.56957827509029,18.481491652408653,41.68670908151725,31.402604732907374,33.78774236125319
28,79.99900000642742,79.99900000642742,-11.367328972075335,37.58995398330924,38.7959060571527,38.52828607447416,33.67780819371841,0.1458925618163621,0.2949025557216749,0.6265602517782933,0.5699917093412191,18.46497765018837,40.71612814755355,6.668148420821431,19.449721656716637
28,79.99900000642742,79.99900000642742,-10.64816588513117,37.60125706255766,28.536884646652595,25.166698786333058,35.53076033366071,0.2805065489879696,0.08371833658207209,0.19032519695642117,0.2010605625385352,16.543951485648066,39.96752572900466,36.439867297049695,16.481089215142273
28,79.99900000642742,79.99900000642742,-11.577731568123468,34.54500057370288,37.78239188475625,39.06075488997139,40.03531234401595,0.13399172217038224,0.15569435435916842,0.5411520399232325,0.11386972858650518,19.538633697010464,125.00353683285135,20.831115965373776,11.367085824166752
28,79.99900000642742,79.99900000642742,-10.799605689060954,37.4608848123785,37.48982721686035,29.22514363080734,38.42816668133996,0.5003586123497552,0.27931124379386624,0.1981899670957311,0.19996618947076875,13.767116873308481,11.540338329400516,22.068936278419503,129.04550071462305
28,79.99900000642742,79.99900000642742,-9.804369748191235,36.40396006276658,38.85166214653463,23.88371277227678,40.71687803614391,0.1401597671630184,0.15276243931495526,0.15363666182929048,0.5734704512556361,18.48013673461075,52.86796291180694,26.045502498433656,19.895456031085175
28,79.99900000642742,79.99900000642742,-9.383938909769796,37.792651230344745,37.308948727965,17.253722616778823,37.31019097521036,0.15497973592520725,0.1471164279423078,0.1784542855460295,0.5934907319669538,15.794417455799637,19.34721407138175,41.864189926959824,19.79544155458284
28,79.99900000642742,79.99900000642742,-10.895824109458758,37.83692985917733,37.290016522571186,44.15466793094644,35.689319436796964,0.1389578168887539,0.1468583309254301,0.1788098331653495,0.5952992650973431,16.8447678563271,127.7109497123091,25.857866913192808,19.449721656716637
28,79.99900000642742,79.99900000642742,-11.319162362906063,40.01386228133956,39.084169726080866,44.30392494380099,40.81437943753672,0.12097990740566697,0.09049247799790408,0.608969657899754,0.13673636166662975,28.128072625857317,19.525958979027223,25.268098309114077,17.52657403699386
28,79.99900000642742,79.99900000642742,-10.249415248896526,37.5983649402111,38.587848544793005,25.166698786333058,21.690732276532284,0.13895782180788602,0.28060963724518306,0.0811452976757643,0.22974805935927314,16.60969967051757,109.77616524002183,37.05185897385785,18.77009665392901
28,79.99900000642742,79.99900000642742,-10.314581866544216,37.46130568019162,37.77484779908877,25.506627658179024,38.42816668133996,0.1441560243196358,0.28264487468883703,0.1981899670957311,0.24169076829892827,13.767116873308481,21.891751979450646,22.93604279427431,18.10318154247799
28,79.99900000642742,79.99900000642742,-10.378275283479915,35.24782062165069,29.317678843163357,41.75090166981731,40.32661672071261,0.12913054654573944,0.13211339088167048,0.09009279424255161,0.5672550804892101,16.60969967051757,41.94113792382571,36.24307397610594,17.252695174353196
28,79.99900000642742,79.99900000642742,-11.247794222184488,35.43500299435463,39.10222172114104,44.86913268439325,40.81790831977398,0.12097990740566697,0.09049247799790408,0.6083544816844724,0.5702105550982738,19.54975820782046,171.6996962257297,25.268098309114077,17.580428832663607
28,79.99900000642742,79.99900000642742,-10.738074097970049,40.09333179591787,38.790560256652434,44.838881386235045,35.16411613733879,0.1458925618163621,0.27978480429438224,0.1045298809237607,0.5700003185356168,22.207256489995864,139.19514000590493,13.790378150761187,19.449721656716637
28,79.99900000642742,79.99900000642742,-11.01832875776823,37.59572385888079,37.31273519579153,44.838881386235045,40.34613195269568,0.1389577646416458,0.15448355000314684,0.6127432041390855,0.5700003176546369,18.523370444791713,134.45183260332465,25.857866913192808,19.52052793491869
28,79.99900000642742,79.99900000642742,-11.011903492904402,37.76216996019832,37.29372612999369,44.86913268439325,39.914155276003115,0.15503125063509368,0.1471151112846722,0.6313537741610349,0.5693459843309246,15.607000868225652,19.12440669077057,41.37840789458156,19.30032030031778
28,79.99900000642742,79.99900000642742,-11.66877791048563,39.17822833585386,38.633560294056466,38.437556331412836,40.976925684356324,0.10712247899109688,0.1573749735207973,0.5411520399232325,0.5736463153862024,19.485501140371124,22.42042862854028,40.40630244391957,11.367085824166752
28,79.99900000642742,79.99900000642742,-9.091258957958939,35.26616338142966,39.554070605760245,17.253722616778823,37.28304604306815,0.12098022746018133,0.1471868267988341,0.15892048509516546,0.5945184388647652,19.701729623954925,172.1987604704199,25.782821286891817,19.79544155458284
28,79.99900000642742,79.99900000642742,-9.804369748191235,37.5955613774747,38.85166214653463,23.88371277227678,40.71687803614391,0.1401597671630184,0.15276243931495526,0.30781195300857256,0.57362910885755,18.48013673461075,52.86796291180694,26.045502498433656,19.895456031085175
29,6416.9681188596,0.0,-10.205604828820533,37.595541592597904,38.81335039489502,25.056320749185808,14.182233343959679,0.13895782180788602,0.15495905569202,0.09009279424255161,0.57036913662982,16.60969967051757,41.129111977873436,36.350672604250384,19.04512763022228
29,79.99900000642742,79.99900000642742,-11.304745476964655,35.23568211128323,39.53884800778896,44.86913268439325,39.887010343861434,0.1210317421683769,0.1471855101411985,0.6160600506260255,0.5703736912287373,19.51431303638094,171.90408774243647,25.297039254467748,19.30032030031778
29,79.99900000642742,79.99900000642742,-10.85676527068778,40.01386228133956,35.493488136326704,44.25828772772038,40.81437943753672,0.13904434158634027,0.09049247799790408,0.5913546431314688,0.13664200793626424,18.988245849197245,19.525958979027223,25.268098309114077,17.52657403699386
29,6416.9681188596,0.0,-10.35723564069098,37.54060818978776,37.65084750388828,25.056320749185808,14.182233343959679,0.14415677362742152,0.15495905569202,0.09009279424255161,0.57036913662982,16.60969967051757,41.129111977873436,36.350672604250384,19.04512763022228
29,4548.418161538333,30.16439240333846,-9.812913903585198,35.213608874410845,37.43261550360024,24.31853976176863,41.086199834282056,0.1518658083029495,0.27997488823928446,0.6265358047141911,0.12206648806683962,18.479386289344784,19.138293484747784,1.9491132592742577,4.037640431092361
29,5082.751457225368,16.666458334672377,-7.384036889302465,37.757117050912655,35.280643607478616,5.719723315260133,41.108773830607824,0.13879472579583588,0.15462382057869728,0.6274040499534951,0.12149653043067,19.013932053508512,45.25568024500271,0.431282735577291,4.457090801481069
29,4552.895179455843,23.333041668541327,-7.384036889302465,37.76317257021635,35.280643607478616,5.719723315260133,41.108773830607824,0.1384097026738014,0.28405638803981065,0.2000701339292725,0.11659699474371221,19.013932053508512,45.25568024500271,0.431282735577291,18.337878387033424
29,4548.972235112671,26.586865355684633,-7.384036889302465,37.76317257021635,38.87132519722484,5.719723315260133,41.108773830607824,0.1203452684931293,0.28405638803981065,0.2173712933468419,0.11669134847408458,28.15375883016923,45.25568024500271,0.431282735577291,18.337878387033424
29,79.99900000642742,79.99900000642742,-11.01832875776823,37.60846163661314,37.31273519579153,44.838881386235045,40.53235206939114,0.15157091921442792,0.15323172890964618,0.6127432041390855,0.5700003176546369,18.521021010311998,134.45183260332465,25.857866913192808,19.52052793491869
29,79.99900000642742,79.99900000642742,-11.708450822007869,37.766630329631894,37.38483877794777,39.62004914255409,40.35017491816372,0.13925265373016735,0.1545865213646672,0.6265358047141911,0.12206648806683962,18.4817357238245,19.138293484747784,1.5045423235882431,4.0311330360099324
29,79.99900000642742,79.99900000642742,-11.05535119541959,34.973871853542526,31.81844738818826,39.06075488997139,35.949603702864586,0.13895782428141848,0.15551065239360318,0.13918704685392808,0.5731089483933263,19.485501140371124,22.95666336970379,40.40630244391957,9.997864626601128
29,79.99900000642742,79.99900000642742,-11.304745476964655,35.23568211128323,39.53884800778896,44.86913268439325,39.887010343861434,0.1210317421683769,0.15807866458472422,0.6113805500094718,0.5746243992049064,16.65884644848809,171.90408774243647,19.956059017802676,19.30032030031778
29,79.99900000642742,79.99900000642742,-11.247794222184488,35.43500299435463,39.10222172114104,44.86913268439325,40.81790831977398,0.12097990740566697,0.09049247799790408,0.6083544816844724,0.5702105550982738,19.54975820782046,171.6996962257297,25.268098309114077,17.580428832663607
29,79.99900000642742,79.99900000642742,-9.766392745926105,38.911761725306356,37.299386709654186,23.466541154579247,40.590863435812416,0.151761083161658,0.09919235826977613,0.11063494023628667,0.12769840470132368,13.789744889361046,131.69652683469758,1.2030987402941946,17.10484857763653
29,79.99900000642742,79.99900000642742,-9.091258957958939,35.26616338142966,39.554070605760245,17.253722616778823,37.28304604306815,0.12098022746018133,0.1471868267988341,0.15892048509516546,0.5945184388647652,19.701729623954925,172.1987604704199,25.782821286891817,19.79544155458284
29,79.99900000642742,79.99900000642742,-10.895026861674701,37.83692985917733,37.290016522571186,44.15466793094644,35.683207203785855,0.1389578168887539,0.1468583309254301,0.1788098331653495,0.5952992650973431,11.97164225303834,37.63111171294218,25.855638520007695,19.449721656716637
29,79.99900000642742,79.99900000642742,-9.383938909769796,37.792651230344745,37.308948727965,17.253722616778823,37.31019097521036,0.15497973592520725,0.1471164279423078,0.1784542855460295,0.5934907319669538,15.794417455799637,19.34721407138175,41.864189926959824,19.79544155458284
29,79.99900000642742,79.99900000642742,-10.662796353154782,38.98690139936548,29.593835663125894,39.84573028893919,40.56322086945148,0.13883421886604683,0.09919235826977613,0.11063494023628667,0.5699765127327481,18.48202833516788,135.61003749222897,220.47372097749707,17.743298084368842
29,79.99900000642742,79.99900000642742,-11.335333337353354,40.01386228133956,39.009537628838906,44.1053153757965,40.847129296043406,0.12097990740566697,0.09049247799790408,0.6085315810536674,0.13673636166662975,18.90241999395141,19.525958979027223,25.268098309114077,9.3209632767784
29,79.99900000642742,79.99900000642742,-11.534103863679725,39.25865483278631,35.6867844543309,38.38203229581804,40.816943516233444,0.5052461992334993,0.276048367807914,0.17854454904816783,0.5699891954097314,13.809756145463357,11.542499065651516,22.151081691775147,25.282716602170893
29,79.99900000642742,79.99900000642742,-11.506384234255634,35.43314196536176,37.567340740931535,41.35172827830496,41.028251508782866,0.12097990740566697,0.1725658819201032,0.5408967597826,0.5729350068524012,22.33192838796719,172.98268817085906,25.268098309114077,17.580428832663607
29,79.99900000642742,79.99900000642742,-11.367328972075335,37.58995398330924,38.7959060571527,38.52828607447416,33.67780819371841,0.1458925618163621,0.2949025557216749,0.6265602517782933,0.5699917093412191,18.46497765018837,40.71612814755355,6.668148420821431,19.449721656716637
29,79.99900000642742,79.99900000642742,-10.280007387682048,39.042785969820926,37.09478113750894,27.381529566618113,40.56813959438903,0.15240804899434862,0.10090948562048249,0.1331786312863038,0.56957827509029,18.481491652408653,41.68670908151725,31.402604732907374,33.78774236125319
29,79.99900000642742,79.99900000642742,-10.561022099445914,39.0424579868596,28.028590985723444,39.06075488997139,40.78230921480133,0.15240804899434862,0.10090948562048249,0.1331786312863038,0.5995542688754032,18.477642104154587,41.9378580000953,33.57436692261831,17.179129630765033
29,79.99900000642742,79.99900000642742,-11.075142668229539,36.42925375753567,37.09478113750894,33.95256740388236,41.043140280789196,0.19224280678715894,0.1393357638055246,0.18919720040372628,0.5676503994522376,19.548218888682044,41.68670908151725,30.804098202604564,33.299345679968326
29,79.99900000642742,79.99900000642742,-10.799605689060954,37.4608848123785,37.48982721686035,29.22514363080734,38.42816668133996,0.5003586123497552,0.27931124379386624,0.1981899670957311,0.19996618947076875,13.767116873308481,11.540338329400516,22.068936278419503,129.04550071462305
29,79.99900000642742,79.99900000642742,-10.356661245156396,35.24782062165069,29.151971216016374,41.75090166981731,40.32661672071261,0.12913054654573944,0.15550203346545174,0.09009279424255161,0.5672550804892101,19.49852688889751,41.94113792382571,36.24307397610594,17.252695174353196
29,79.99900000642742,79.99900000642742,-11.692416275752215,37.766630329631894,37.45947087518973,39.81761276108938,40.317425059657026,0.13925265373016735,0.1545865213646672,0.6269738815593904,0.12206648806683962,30.148485457316347,19.138293484747784,1.5045423235882431,4.386810855123963
29,79.99900000642742,79.99900000642742,-10.378275283479915,35.24782062165069,29.317678843163357,41.75090166981731,40.32661672071261,0.12913054654573944,0.13211339088167048,0.09009279424255161,0.5672550804892101,16.60969967051757,41.94113792382571,36.24307397610594,17.252695174353196
29,79.99900000642742,79.99900000642742,-10.008222264583452,37.682596162596816,38.81335039489502,25.056320749185808,40.32661672071261,0.13906485470815763,0.15501247263234122,0.09009279424255161,0.5722306498936587,16.60969967051757,41.94113792382571,33.72016921099776,17.252695174353196
29,79.99900000642742,79.99900000642742,-10.799605689060954,37.4608848123785,37.77484779908877,29.22514363080734,38.42816668133996,0.10370179669981427,0.28264487468883703,0.1981899670957311,0.19996618947076875,13.767116873308481,22.221706702772945,22.068936278419503,17.010523992144147
29,79.99900000642742,79.99900000642742,-10.049171659006799,37.75165270598423,37.28605338492651,22.329702770645348,21.566927963099538,0.13719681997682995,0.2813678408426409,0.0811452976757643,0.2216812415117209,16.60969967051757,107.88391419324839,41.379579141809295,19.292580348704377
29,79.99900000642742,79.99900000642742,-9.739425600765752,37.973677920139295,35.024083287982776,24.196878854348345,41.52794924847754,0.13510385452084867,0.143864583888829,0.11144713237332873,0.5674514828870586,18.416618515409287,19.863940585456866,1.8089139306494637,20.76374606579976
29,79.99900000642742,79.99900000642742,-11.142610138172763,36.42925375753567,37.09478113750894,34.46981800678039,41.043140280789196,0.1923870783859097,0.13427227044734785,0.18919720040372628,0.5696019956126863,18.50488793922464,41.68670908151725,30.804098202604564,33.327647958198604
29,79.99900000642742,79.99900000642742,-11.01832875776823,35.78822797151879,37.31273519579153,44.838881386235045,44.38254429590856,0.13917862425607772,0.15320810316076722,0.6127432041390855,0.5700257649009361,16.5284716116553,134.61303760982332,25.857866913192808,19.52052793491869
29,79.99900000642742,79.99900000642742,-11.66877791048563,39.17822833585386,38.633560294056466,38.437556331412836,40.976925684356324,0.10712247899109688,0.1573749735207973,0.5411520399232325,0.5736463153862024,19.485501140371124,22.42042862854028,40.40630244391957,11.367085824166752
29,79.99900000642742,79.99900000642742,-10.11896820523652,43.88024516603312,38.41945860049985,26.718414320458344,41.139658080311655,0.1401597671630184,0.15276243931495526,0.19939467542719383,0.57362910885755,18.991138049545405,40.89790804031524,26.045502498433656,19.925073565544274
29,79.99900000642742,79.99900000642742,-11.304745476964655,35.17140881573113,39.53884800778896,44.86913268439325,40.83131235722737,0.11990171158571335,0.1471855101411985,0.6160600506260255,0.5999643562901503,19.51431303638094,175.3643274885678,25.297039254467748,19.30032030031778
29,79.99900000642742,79.99900000642742,-11.663446856836096,35.208448461401126,37.788689225657706,38.60237228768266,40.814387697698606,0.15197402845177557,0.17253658909363329,0.5411520399232325,0.5728495703803556,24.637311761366217,22.42042862854028,40.749894766864905,2.5612014536153804
29,79.99900000642742,79.99900000642742,-10.895824109458758,37.83692985917733,37.290016522571186,44.15466793094644,35.689319436796964,0.1389578168887539,0.1468583309254301,0.1788098331653495,0.5952992650973431,16.8447678563271,127.7109497123091,25.857866913192808,19.449721656716637
29,79.99900000642742,79.99900000642742,-10.249415248896526,37.53839195780335,38.587848544793005,25.166698786333058,21.690732276532284,0.13895782180788602,0.28060963724518306,0.0811452976757643,0.22974805935927314,16.60969967051757,109.77616524002183,37.05185897385785,18.769652021948954
29,79.99900000642742,79.99900000642742,-11.531643232860844,39.19931071735529,38.633560294056466,38.437556331412836,34.84682111667932,0.15763752154803978,0.3567039980207096,0.5411520399232325,0.5701277433168574,19.467386137892213,22.42042862854028,40.40630244391957,11.367085824166752
29,79.99900000642742,79.99900000642742,-10.56812478429071,38.001272470621394,37.15258398014776,26.174873993043253,34.85325691148068,0.1358285664672139,0.143864583888829,0.11144713237332873,0.5702506277643712,18.416618515409287,19.926832447684845,15.126637478544634,23.423076172881203
29,79.99900000642742,79.99900000642742,-10.249415248896526,37.5983649402111,38.587848544793005,25.166698786333058,21.690732276532284,0.13895782180788602,0.28060963724518306,0.0811452976757643,0.22974805935927314,16.60969967051757,109.77616524002183,37.05185897385785,18.77009665392901
29,79.99900000642742,79.99900000642742,-10.381821127784924,37.690515772670174,37.3539902187944,24.94795219847886,37.31019097521036,0.12983096112114093,0.09329817000618801,0.08226864609858395,0.5701849053953588,15.794417455799637,39.67672397022585,36.228741816966384,19.79544155458284
29,79.99900000642742,79.99900000642742,-10.151937696972489,38.001267997266424,38.87321378372379,24.704736127179565,34.85325691148068,0.1358285664672139,0.3570193648515998,0.11144713237332873,0.5702506277643712,18.416618515409287,22.547862017957275,14.286897698842605,17.257270216528937
29,79.99900000642742,79.99900000642742,-11.011903492904402,37.76216996019832,37.29372612999369,44.86913268439325,39.914155276003115,0.15503125063509368,0.1471151112846722,0.6313537741610349,0.5693459843309246,15.607000868225652,19.12440669077057,41.37840789458156,19.30032030031778
29,79.99900000642742,79.99900000642742,-11.497057292978909,35.07370265896516,38.92959674612684,38.53998285410483,40.71555011870787,0.15197402845177557,0.17253658909363329,0.30749296657990693,0.5728347823035073,24.637311761366217,22.32642498306683,26.054226572539715,1.9354288954309915
30,79.99900000642742,79.99900000642742,-11.304745476964655,35.23568211128323,39.53884800778896,44.86913268439325,39.887010343861434,0.1210317421683769,0.1471855101411985,0.6160600506260255,0.5703736912287373,19.51431303638094,171.90408774243647,25.297039254467748,19.30032030031778
30,6416.9681188596,0.0,-10.205604828820533,37.595541592597904,38.81335039489502,25.056320749185808,14.182233343959679,0.13895782180788602,0.15495905569202,0.09009279424255161,0.57036913662982,16.60969967051757,41.129111977873436,36.350672604250384,19.04512763022228
30,79.99900000642742,79.99900000642742,-11.534103863679725,39.25865483278631,35.6867844543309,39.052765666673665,40.816943516233444,0.5052461992334993,0.14954206424899236,0.17854454904816783,0.5729099444733071,13.809756145463357,22.875814595914285,22.151081691775147,25.282716602170893
30,6416.9681188596,0.0,-10.35723564069098,37.54060818978776,37.65084750388828,25.056320749185808,14.182233343959679,0.14415677362742152,0.15495905569202,0.09009279424255161,0.57036913662982,16.60969967051757,41.129111977873436,36.350672604250384,19.04512763022228
30,4548.418161538333,30.16439240333846,-9.812913903585198,35.213608874410845,37.43261550360024,24.31853976176863,41.086199834282056,0.1518658083029495,0.27997488823928446,0.6265358047141911,0.12206648806683962,18.479386289344784,19.138293484747784,1.9491132592742577,4.037640431092361
30,4548.418161538333,30.16439240333846,-9.812913903585198,35.194678902303096,37.43261550360024,24.31853976176863,41.086199834282056,0.15163147796242243,0.29886878667282013,0.6265358047141911,0.1215023096999312,18.446819991859645,19.138293484747784,1.9491132592742577,4.037640431092361
30,5082.698235354753,16.666458334672377,-7.537934997560576,37.757117050912655,34.91935294738575,5.719723315260133,39.92888833396232,0.11942000113350662,0.15462382057869728,0.6162838016374665,0.09232467867830024,19.013932053508512,192.4068219625383,0.431282735577291,4.457090801481069
30,4552.895179455843,23.333041668541327,-7.384036889302465,37.76317257021635,35.280643607478616,5.719723315260133,41.108773830607824,0.1384097026738014,0.28405638803981065,0.2000701339292725,0.11659699474371221,19.013932053508512,45.25568024500271,0.431282735577291,18.337878387033424
30,4548.456744609392,26.586865355684633,-7.414096764307633,37.76317257021635,38.87132519722484,5.673539276095909,40.83213074973731,0.1203452684931293,0.28405638803981065,0.2173712933468419,0.11669134847408458,9.65499086329978,50.38174238120466,0.431282735577291,18.367507229290148
30,79.99900000642742,79.99900000642742,-10.151937696972489,38.001267997266424,38.87321378372379,24.704736127179565,34.85325691148068,0.1358285664672139,0.3570193648515998,0.11144713237332873,0.5702506277643712,18.416618515409287,22.547862017957275,14.286897698842605,17.257270216528937
30,79.99900000642742,79.99900000642742,-11.692416275752215,37.766630329631894,37.45947087518973,39.81761276108938,40.317425059657026,0.13925265373016735,0.1545865213646672,0.6269738815593904,0.12206648806683962,30.148485457316347,19.138293484747784,1.5045423235882431,4.386810855123963
30,79.99900000642742,79.99900000642742,-11.367328972075335,37.58995398330924,38.7959060571527,38.52828607447416,33.67780819371841,0.1458925618163621,0.2949025557216749,0.6265602517782933,0.5699917093412191,18.46497765018837,40.71612814755355,6.668148420821431,19.449721656716637
30,79.99900000642742,79.99900000642742,-10.249415248896526,37.5983649402111,38.587848544793005,25.166698786333058,21.690732276532284,0.13895782180788602,0.28060963724518306,0.0811452976757643,0.22974805935927314,16.60969967051757,109.77616524002183,37.05185897385785,18.77009665392901
30,79.99900000642742,79.99900000642742,-10.548828391606605,40.73772516431673,29.612076166634072,39.85345647531535,40.55206254447483,0.12920036625523432,0.0991470886877231,0.11176025346623511,0.5700420089906375,16.60969967051757,41.94113792382571,41.95759354390398,17.252695174353196
30,79.99900000642742,79.99900000642742,-11.336925924793988,40.01386228133956,39.009537628838906,44.093105538751665,40.830784040694255,0.11989513766242114,0.14510242979154986,0.6085315810536674,0.13673636166662975,19.43917316370031,19.525958979027223,25.268098309114077,9.3209632767784
30,79.99900000642742,79.99900000642742,-10.799605689060954,37.4608848123785,37.77484779908877,29.22514363080734,38.42816668133996,0.10370179669981427,0.28264487468883703,0.1981899670957311,0.19996618947076875,13.767116873308481,22.221706702772945,22.068936278419503,17.010523992144147
30,79.99900000642742,79.99900000642742,-11.351870345321124,35.23568211128323,39.90013866518857,44.86913268439325,41.066895840506945,0.14040646683071537,0.1471855101411985,0.627180298942053,0.6076935487943262,19.51431303638094,45.199566644117745,25.297039254467748,19.30032030031778
30,79.99900000642742,79.99900000642742,-9.812894109784935,37.720865447503684,37.50340635689098,24.31853976176863,41.086351586750794,0.1518658083029495,0.2796689256652823,0.19789623814568286,0.1169018910048437,19.012701238913614,19.138293484747784,0.46197687340340476,4.486037386828507
30,79.99900000642742,79.99900000642742,-10.85676527068778,40.01386228133956,35.493488136326704,44.25828772772038,40.81437943753672,0.13904434158634027,0.09049247799790408,0.5913546431314688,0.13664200793626424,18.988245849197245,19.525958979027223,25.268098309114077,17.52657403699386
30,79.99900000642742,79.99900000642742,-10.41062317870702,37.73598242653654,38.37409211095704,26.18886981437756,33.81837157989782,0.14017787910585852,0.15276243931495526,0.10664895699850102,0.57362910885755,18.999244749220917,40.89790804031524,26.045502498433656,19.925073565544274
30,79.99900000642742,79.99900000642742,-10.895026861674701,37.83692985917733,37.290016522571186,44.15466793094644,35.683207203785855,0.1389578168887539,0.1468583309254301,0.1788098331653495,0.5952992650973431,11.97164225303834,37.63111171294218,25.855638520007695,19.449721656716637
30,79.99900000642742,79.99900000642742,-9.766392745926105,38.911761725306356,37.299386709654186,23.466541154579247,40.590863435812416,0.151761083161658,0.09919235826977613,0.11063494023628667,0.12769840470132368,13.789744889361046,131.69652683469758,1.2030987402941946,17.10484857763653
30,79.99900000642742,79.99900000642742,-11.011903492904402,37.76216996019832,37.29372612999369,44.86913268439325,39.914155276003115,0.15503125063509368,0.1471151112846722,0.6313537741610349,0.5693459843309246,15.607000868225652,19.12440669077057,41.37840789458156,19.30032030031778
30,79.99900000642742,79.99900000642742,-11.531643232860844,39.19931071735529,38.633560294056466,38.437556331412836,34.84682111667932,0.15763752154803978,0.3567039980207096,0.5411520399232325,0.5701277433168574,19.467386137892213,22.42042862854028,40.40630244391957,11.367085824166752
30,79.99900000642742,79.99900000642742,-11.01832875776823,37.60846163661314,37.31273519579153,44.838881386235045,40.53235206939114,0.15157091921442792,0.15323172890964618,0.6127432041390855,0.5700003176546369,18.521021010311998,134.45183260332465,25.857866913192808,19.52052793491869
30,79.99900000642742,79.99900000642742,-11.51287299776245,39.19931071735529,38.633560294056466,38.58146146716716,34.84682111667932,0.13356089312787056,0.3567039980207096,0.5411520399232325,0.5701277433168574,19.467386137892213,22.42042862854028,40.40630244391957,11.367085824166752
30,79.99900000642742,79.99900000642742,-10.760528168218535,37.52985044597925,37.77484779908877,28.925549304348756,38.42816668133996,0.10370179669981427,0.14940389348862904,0.1981899670957311,0.5942650979290147,13.761084456058668,17.405521123176385,22.068936278419503,19.25237704606272
30,79.99900000642742,79.99900000642742,-11.663446856836096,35.208448461401126,37.788689225657706,38.60237228768266,40.814387697698606,0.15197402845177557,0.17253658909363329,0.5411520399232325,0.5728495703803556,24.637311761366217,22.42042862854028,40.749894766864905,2.5612014536153804
30,79.99900000642742,79.99900000642742,-11.303185960021807,35.17140881573113,39.53884800778896,44.88108898095507,40.84765761257651,0.12098648132895919,0.09258088641471247,0.6160600506260255,0.5999643562901503,18.977559866632042,175.3643274885678,25.297039254467748,19.30032030031778
30,79.99900000642742,79.99900000642742,-11.708450822007869,37.766630329631894,37.38483877794777,39.62004914255409,40.35017491816372,0.13925265373016735,0.1545865213646672,0.6265358047141911,0.12206648806683962,18.4817357238245,19.138293484747784,1.5045423235882431,4.0311330360099324
30,79.99900000642742,79.99900000642742,-11.66877791048563,39.17822833585386,38.633560294056466,38.437556331412836,40.976925684356324,0.10712247899109688,0.1573749735207973,0.5411520399232325,0.5736463153862024,19.485501140371124,22.42042862854028,40.40630244391957,11.367085824166752
30,79.99900000642742,79.99900000642742,-10.17525893988865,35.56433684096454,37.55146554397786,26.336935259858972,40.32661672071261,0.12005620747417098,0.15501247263234122,0.10179821919839468,0.5729538180923944,16.60969967051757,41.94113792382571,33.72016921099776,17.55148976242676
30,79.99900000642742,79.99900000642742,-10.378275283479915,35.24782062165069,29.317678843163357,41.75090166981731,40.32661672071261,0.12913054654573944,0.13211339088167048,0.09009279424255161,0.5672550804892101,16.60969967051757,41.94113792382571,36.24307397610594,17.252695174353196
30,79.99900000642742,79.99900000642742,-11.247794222184488,35.43500299435463,39.10222172114104,44.86913268439325,40.81790831977398,0.12097990740566697,0.09049247799790408,0.6083544816844724,0.5702105550982738,19.54975820782046,171.6996962257297,25.268098309114077,17.580428832663607
30,79.99900000642742,79.99900000642742,-9.98216633880483,44.14158574746787,37.19795046969057,26.70441849912404,42.17447656828697,0.13581045452437376,0.143864583888829,0.2041954307773603,0.5702506277643712,17.436093160907582,19.926832447684845,15.126637478544634,23.423076172881203
30,79.99900000642742,79.99900000642742,-9.739425600765752,37.973677920139295,35.024083287982776,24.196878854348345,41.52794924847754,0.13510385452084867,0.143864583888829,0.11144713237332873,0.5674514828870586,18.416618515409287,19.863940585456866,1.8089139306494637,20.76374606579976
30,79.99900000642742,79.99900000642742,-11.01832875776823,35.78822797151879,37.31273519579153,44.838881386235045,44.38254429590856,0.13917862425607772,0.15320810316076722,0.6127432041390855,0.5700257649009361,16.5284716116553,134.61303760982332,25.857866913192808,19.52052793491869
30,79.99900000642742,79.99900000642742,-10.212266115623251,37.595541592597904,39.501534382645765,25.795574602424058,38.81239451894532,0.13895782180788602,0.15479293972219704,0.09009279424255161,0.5703739488526206,19.50889232412741,27.146426346342366,36.350672604250384,19.048107956100242
30,79.99900000642742,79.99900000642742,-9.765293504109557,37.73364012726041,39.462452572472024,22.329702770645348,21.566927963099538,0.13719681997682995,0.2813678408426409,0.0811452976757643,0.2216812415117209,16.65792341720438,175.84944899386616,41.72958268471168,19.292562728752127
30,79.99900000642742,79.99900000642742,-10.381821127784924,37.690515772670174,37.3539902187944,24.94795219847886,37.31019097521036,0.12983096112114093,0.09329817000618801,0.08226864609858395,0.5701849053953588,15.794417455799637,39.67672397022585,36.228741816966384,19.79544155458284
30,79.99900000642742,79.99900000642742,-10.730068591353465,37.59807512344958,38.96128443043075,29.22514363080734,38.42816668133996,0.4974449199915322,0.27931124379386624,0.18878977100993102,0.18090815506015184,13.795995598078747,11.540338329400516,21.685417751123847,19.902572726606437
30,79.99900000642742,79.99900000642742,-11.909494025820827,37.93968115868283,38.633560294056466,38.437556331412836,38.482209100402905,0.10712247899109688,0.2819655427703994,0.5411520399232325,0.5736463153862024,19.485501140371124,29.362221932465353,40.4081236578066,11.367085824166752
30,79.99900000642742,79.99900000642742,-10.249415248896526,37.53839195780335,38.587848544793005,25.166698786333058,21.690732276532284,0.13895782180788602,0.28060963724518306,0.0811452976757643,0.22974805935927314,16.60969967051757,109.77616524002183,37.05185897385785,18.769652021948954
30,79.99900000642742,79.99900000642742,-9.684214725218986,37.973651552288956,37.48931042182775,24.250692164077776,42.005045937398855,0.13516351465387147,0.14390234438956512,0.1131562568833469,0.5657963974484487,16.8447678563271,127.7109497123091,20.650317345717486,19.449721656716637
30,79.99900000642742,79.99900000642742,-11.02086732206741,35.253694690007045,37.362448820243436,44.86913268439325,39.887010343861434,0.1210317421683769,0.15807866458472422,0.6113805500094718,0.5746243992049064,16.610622701801283,103.93855290792038,19.60605551468685,19.300337920270028
30,79.99900000642742,79.99900000642742,-11.83332726458417,37.551401286994036,38.82922559184869,40.07053737566641,41.028251508782866,0.13998855463965704,0.1725658819201032,0.5330213408664484,0.5722118386536653,22.33192838796719,172.98268817085906,25.268098309114077,17.281634244590048
30,79.99900000642742,79.99900000642742,-10.356661245156396,35.24782062165069,29.151971216016374,41.75090166981731,40.32661672071261,0.12913054654573944,0.15550203346545174,0.09009279424255161,0.5672550804892101,19.49852688889751,41.94113792382571,36.24307397610594,17.252695174353196
30,79.99900000642742,79.99900000642742,-11.534103863679725,39.25865483278631,35.6867844543309,38.38203229581804,40.816943516233444,0.5052461992334993,0.276048367807914,0.17854454904816783,0.5699891954097314,13.809756145463357,11.542499065651516,22.151081691775147,25.282716602170893
31,79.99900000642742,79.99900000642742,-9.903550844483423,35.24782062165069,29.341629761750916,24.25383986175222,40.32661672071261,0.12913054654573944,0.13768734673059585,0.09334738858264671,0.5672550804892101,19.495172972733556,41.94113792382571,36.24307397610594,17.252695174353196
31,6416.9681188596,0.0,-10.205604828820533,37.595541592597904,38.81335039489502,25.056320749185808,14.182233343959679,0.13895782180788602,0.15495905569202,0.09009279424255161,0.57036913662982,16.60969967051757,41.129111977873436,36.350672604250384,19.04512763022228
31,79.99900000642742,79.99900000642742,-11.304745476964655,35.23568211128323,39.53884800778896,44.86913268439325,39.887010343861434,0.1210317421683769,0.1471855101411985,0.6160600506260255,0.5703736912287373,19.51431303638094,171.90408774243647,25.297039254467748,19.30032030031778
31,6416.9681188596,0.0,-9.605605371631256,37.54060818978776,43.41334623334615,25.056320749185808,14.182233343959679,0.14415677362742152,0.15495905569202,0.09009279424255161,0.57036913662982,16.60969967051757,41.129111977873436,36.350672604250384,19.04512763022228
31,4548.048282861087,61.866425813095496,-9.83038453613171,35.2148375460226,37.43261550360024,24.452481277958547,41.086199834282056,0.15189275779269173,0.29015625607021533,0.6265358047141911,0.17181496094435555,16.578267954740717,42.54705986465988,1.9491132592742577,4.037640431092361
31,4548.418161538333,30.16439240333846,-9.812913903585198,35.194678902303096,37.43261550360024,24.31853976176863,41.086199834282056,0.15163147796242243,0.29886878667282013,0.6265358047141911,0.1215023096999312,18.446819991859645,19.138293484747784,1.9491132592742577,4.037640431092361
31,5082.698235354753,16.666458334672377,-7.551926251460223,37.60054540699291,34.91935294738575,5.719723315260133,39.82162205406502,0.11942000113350662,0.15462382057869728,0.6162838016374665,0.09232467867830024,19.013932053508512,10.622647986418542,0.431282735577291,4.457090801481069
31,5082.698235354753,16.666458334672377,-7.537934997560576,37.757117050912655,34.91935294738575,5.719723315260133,39.92888833396232,0.11942000113350662,0.15462382057869728,0.6162838016374665,0.09232467867830024,19.013932053508512,192.4068219625383,0.431282735577291,4.457090801481069
31,4552.895179455843,23.333041668541327,-7.384036889302465,37.76317257021635,35.280643607478616,5.719723315260133,41.108773830607824,0.1384097026738014,0.28405638803981065,0.2000701339292725,0.11659699474371221,19.013932053508512,45.25568024500271,0.431282735577291,18.337878387033424
31,4548.456744609392,26.586865355684633,-7.414096764307633,37.76317257021635,38.87132519722484,5.673539276095909,40.83213074973731,0.1203452684931293,0.28405638803981065,0.2173712933468419,0.11669134847408458,9.65499086329978,50.38174238120466,0.431282735577291,18.367507229290148
31,4548.418161538333,30.16439240333846,-9.812913903585198,35.213608874410845,37.43261550360024,24.31853976176863,41.086199834282056,0.1518658083029495,0.27997488823928446,0.6265358047141911,0.12206648806683962,18.479386289344784,19.138293484747784,1.9491132592742577,4.037640431092361
31,79.99900000642742,79.99900000642742,-10.857459480965154,39.25758175735081,35.49881041511992,44.25828772772038,40.81699573405251,0.13904434158634027,0.09049247799790408,0.13845878671254597,0.13664200793626424,18.988245849197245,22.861570102871298,25.268098309114077,17.52657403699386
31,79.99900000642742,79.99900000642742,-11.295457967239663,35.23568211128323,39.49875280601389,44.900241723843116,39.887010343861434,0.1389969604635488,0.14836260234593018,0.6160600506260255,0.5253909033018285,19.51431303638094,171.90408774243647,25.297039254467748,18.773077722763592
31,79.99900000642742,79.99900000642742,-11.51287299776245,39.19931071735529,38.633560294056466,38.58146146716716,34.84682111667932,0.13356089312787056,0.3567039980207096,0.5411520399232325,0.5701277433168574,19.467386137892213,22.42042862854028,40.40630244391957,11.367085824166752
31,79.99900000642742,79.99900000642742,-11.47121182846952,42.43605533346455,38.38201268506422,39.47556528444892,41.415327035325625,0.1348092842680807,0.143864583888829,0.5290401679483466,0.5674514828870586,9.994295354180352,19.825896780630472,1.8089139306494637,20.76374606579976
31,79.99900000642742,79.99900000642742,-11.01832875776823,37.60846163661314,37.31273519579153,44.838881386235045,40.53235206939114,0.15157091921442792,0.15323172890964618,0.6127432041390855,0.5700003176546369,18.521021010311998,134.45183260332465,25.857866913192808,19.52052793491869
31,79.99900000642742,79.99900000642742,-10.212266115623251,37.595541592597904,39.501534382645765,25.795574602424058,38.81239451894532,0.13895782180788602,0.15479293972219704,0.09009279424255161,0.5703739488526206,19.50889232412741,27.146426346342366,36.350672604250384,19.048107956100242
31,79.99900000642742,79.99900000642742,-11.367328972075335,37.58995398330924,38.7959060571527,38.52828607447416,33.67780819371841,0.1458925618163621,0.2949025557216749,0.6265602517782933,0.5699917093412191,18.46497765018837,40.71612814755355,6.668148420821431,19.449721656716637
31,79.99900000642742,79.99900000642742,-9.755384794263392,37.973677920139295,34.98496562171852,24.31923267116359,41.52794924847754,0.13510385452084867,0.2815971863445307,0.11042896642014934,0.1001013063677359,18.416618515409287,19.863940585456866,1.7411956839883707,20.76374606579976
31,79.99900000642742,79.99900000642742,-11.01832875776823,35.78822797151879,37.31273519579153,44.838881386235045,44.38254429590856,0.13917862425607772,0.15320810316076722,0.6127432041390855,0.5700257649009361,16.5284716116553,134.61303760982332,25.857866913192808,19.52052793491869
31,79.99900000642742,79.99900000642742,-11.534587468382135,37.93968115868283,36.54039677318286,40.10855951558644,38.570889415399,0.10904996343469728,0.3262903990998368,0.5369090297780327,0.5735960305242093,19.485501140371124,30.32918683175444,25.415534045995464,17.021117502373425
31,79.99900000642742,79.99900000642742,-10.356661245156396,35.24782062165069,29.151971216016374,41.75090166981731,40.32661672071261,0.12913054654573944,0.15550203346545174,0.09009279424255161,0.5672550804892101,19.49852688889751,41.94113792382571,36.24307397610594,17.252695174353196
31,79.99900000642742,79.99900000642742,-11.247799630747444,35.77822458852263,39.075878817208675,44.84274831481161,40.81790831977398,0.4570582280387627,0.09049247799790408,0.6083544816844724,0.5702105550982738,13.93837073384842,23.81953095333563,22.06454362300546,17.580428832663607
31,79.99900000642742,79.99900000642742,-9.796934916287285,37.720865447503684,37.542524023155224,24.196185944953385,41.086351586750794,0.1518658083029495,0.14193643818510326,0.19789623814568286,0.5881776240096273,19.012701238913614,19.138293484747784,0.5296995621235703,4.486037386828507
31,79.99900000642742,79.99900000642742,-9.812894109784935,37.720865447503684,37.50340635689098,24.31853976176863,41.086351586750794,0.1518658083029495,0.2796689256652823,0.19789623814568286,0.1169018910048437,19.012701238913614,19.138293484747784,0.46197687340340476,4.486037386828507
31,79.99900000642742,79.99900000642742,-11.336925924793988,40.01386228133956,39.009537628838906,44.093105538751665,40.830784040694255,0.11989513766242114,0.14510242979154986,0.6085315810536674,0.13673636166662975,19.43917316370031,19.525958979027223,25.268098309114077,9.3209632767784
31,79.99900000642742,79.99900000642742,-11.692416275752215,37.766630329631894,37.45947087518973,39.81761276108938,40.317425059657026,0.13925265373016735,0.1545865213646672,0.6269738815593904,0.12206648806683962,30.148485457316347,19.138293484747784,1.5045423235882431,4.386810855123963
31,79.99900000642742,79.99900000642742,-10.799605689060954,37.4608848123785,37.77484779908877,29.22514363080734,38.42816668133996,0.10370179669981427,0.28264487468883703,0.1981899670957311,0.19996618947076875,13.767116873308481,22.221706702772945,22.068936278419503,17.010523992144147
31,79.99900000642742,79.99900000642742,-11.531805416658123,39.25865483278631,35.66916302716528,38.40201701606162,40.816943516233444,0.1867374395237151,0.276048367807914,0.18197611669966507,0.5700145023118218,10.561818619866369,10.943244390015659,22.151081691775147,25.282716602170893
31,79.99900000642742,79.99900000642742,-11.708450822007869,37.766630329631894,37.38483877794777,39.62004914255409,40.35017491816372,0.13925265373016735,0.1545865213646672,0.6265358047141911,0.12206648806683962,18.4817357238245,19.138293484747784,1.5045423235882431,4.0311330360099324
31,79.99900000642742,79.99900000642742,-10.895026861674701,37.83692985917733,37.290016522571186,44.15466793094644,35.683207203785855,0.1389578168887539,0.1468583309254301,0.1788098331653495,0.5952992650973431,11.97164225303834,37.63111171294218,25.855638520007695,19.449721656716637
31,79.99900000642742,79.99900000642742,-11.66877791048563,39.17822833585386,38.633560294056466,38.437556331412836,40.976925684356324,0.10712247899109688,0.1573749735207973,0.5411520399232325,0.5736463153862024,19.485501140371124,22.42042862854028,40.40630244391957,11.367085824166752
31,79.99900000642742,79.99900000642742,-10.548828391606605,40.73772516431673,29.612076166634072,39.85345647531535,40.55206254447483,0.12920036625523432,0.0991470886877231,0.11176025346623511,0.5700420089906375,16.60969967051757,41.94113792382571,41.95759354390398,17.252695174353196
31,79.99900000642742,79.99900000642742,-11.078983443843853,37.766630329631894,37.45947087518973,44.52059780572019,39.84446866802495,0.13889760014414398,0.15797228059357674,0.6269738815593904,0.13448606697376214,16.542982206289853,19.138293484747784,19.661767637065147,4.386810855123963
31,79.99900000642742,79.99900000642742,-10.41062317870702,37.73598242653654,38.37409211095704,26.18886981437756,33.81837157989782,0.14017787910585852,0.15276243931495526,0.10664895699850102,0.57362910885755,18.999244749220917,40.89790804031524,26.045502498433656,19.925073565544274
31,79.99900000642742,79.99900000642742,-9.98216633880483,34.66483527681642,37.43144884121792,26.70441849912404,42.17447656828697,0.13581045452437376,0.143864583888829,0.19913671283730955,0.5616911382097474,17.479200621129213,19.924606543032294,14.161729356756329,23.682001008238522
31,79.99900000642742,79.99900000642742,-10.799605689060954,37.462141452478704,37.77484779908877,29.22514363080734,38.42816668133996,0.10370179669981427,0.28264487468883703,0.11975398689338262,0.1992400583336884,15.707128754737624,22.708500171290083,41.48500764819719,17.010523992144147
31,79.99900000642742,79.99900000642742,-10.760528168218535,37.52985044597925,37.77484779908877,28.925549304348756,38.42816668133996,0.10370179669981427,0.14940389348862904,0.1981899670957311,0.5942650979290147,13.761084456058668,17.405521123176385,22.068936278419503,19.25237704606272
31,79.99900000642742,79.99900000642742,-11.303185960021807,35.17140881573113,39.53884800778896,44.88108898095507,40.84765761257651,0.12098648132895919,0.09258088641471247,0.6160600506260255,0.5999643562901503,18.977559866632042,175.3643274885678,25.297039254467748,19.30032030031778
31,79.99900000642742,79.99900000642742,-11.752308110004783,40.73772516431673,39.38759006433356,38.9480652436861,40.8470364003161,0.12920036625523432,0.09229084412799096,0.11176025346623511,0.5995222375748159,19.004872263375773,41.94113792382571,25.391906172073387,17.252695174353196
31,79.99900000642742,79.99900000642742,-11.534103863679725,39.25865483278631,35.6867844543309,39.052765666673665,40.816943516233444,0.5052461992334993,0.14954206424899236,0.17854454904816783,0.5729099444733071,13.809756145463357,22.875814595914285,22.151081691775147,25.282716602170893
31,79.99900000642742,79.99900000642742,-10.151937696972489,38.001267997266424,38.87321378372379,24.704736127179565,34.85325691148068,0.1358285664672139,0.3570193648515998,0.11144713237332873,0.5702506277643712,18.416618515409287,22.547862017957275,14.286897698842605,17.257270216528937
31,79.99900000642742,79.99900000642742,-10.17525893988865,35.39782382795308,37.55146554397786,26.336935259858972,40.32661672071261,0.12005620747417098,0.1624163827312606,0.1794270519683148,0.5729524659201832,16.5285433928958,41.94113792382571,22.671985030837618,17.77568158942251
31,79.99900000642742,79.99900000642742,-9.98216633880483,44.14158574746787,37.19795046969057,26.70441849912404,42.17447656828697,0.13581045452437376,0.143864583888829,0.2041954307773603,0.5702506277643712,17.436093160907582,19.926832447684845,15.126637478544634,23.423076172881203
31,79.99900000642742,79.99900000642742,-10.123263833867043,37.5983649402111,38.62794374656807,24.239633139548758,21.690732276532284,0.12099260351271449,0.2794325745682772,0.0811452976757643,0.22518984957243598,16.60969967051757,109.77616524002183,37.05185897385785,19.297339231483196
31,79.99900000642742,79.99900000642742,-11.888112622838513,37.935576027467285,38.793379252371984,38.52828607447416,38.511229048304756,0.1458925618163621,0.2948824584008228,0.6274594253847755,0.5699917093412191,19.477420797396746,41.04744382358195,4.977048750448674,19.449721656716637
31,79.99900000642742,79.99900000642742,-10.249415248896526,37.53839195780335,38.587848544793005,25.166698786333058,21.690732276532284,0.13895782180788602,0.28060963724518306,0.0811452976757643,0.22974805935927314,16.60969967051757,109.77616524002183,37.05185897385785,18.769652021948954
31,79.99900000642742,79.99900000642742,-10.754982082156388,37.52985044597925,37.826821732753665,28.925549304348756,38.470686674483076,0.0810893440857734,0.32181993739273596,0.20279015308581455,0.5704006561795554,13.761084456058668,17.405521123176385,22.068936278419503,17.266146111470082
32,6416.9681188596,0.0,-9.605605371631256,37.54060818978776,43.41334623334615,25.056320749185808,14.182233343959679,0.14415677362742152,0.15495905569202,0.09009279424255161,0.57036913662982,16.60969967051757,41.129111977873436,36.350672604250384,19.04512763022228
32,79.99900000642742,79.99900000642742,-11.438091234581364,39.24839457846241,35.78391567785807,40.091882879400934,40.816943516233444,0.5042036274693633,0.12860777517701844,0.17854454904816783,0.5729278649508909,12.773713071370139,22.394937308748595,22.138679261730314,16.846281073247653
32,79.99900000642742,79.99900000642742,-9.903550844483423,35.24782062165069,29.341629761750916,24.25383986175222,40.32661672071261,0.12913054654573944,0.13768734673059585,0.09334738858264671,0.5672550804892101,19.495172972733556,41.94113792382571,36.24307397610594,17.252695174353196
32,6416.9681188596,0.0,-10.205604828820533,37.595541592597904,38.81335039489502,25.056320749185808,14.182233343959679,0.13895782180788602,0.15495905569202,0.09009279424255161,0.57036913662982,16.60969967051757,41.129111977873436,36.350672604250384,19.04512763022228
32,4548.048282861086,30.871781034137655,-9.883694752764114,35.194678902303096,37.53154591910317,24.31853976176863,40.54354665724375,0.15163147796242243,0.2829481888569379,0.6265358047141911,0.1215023096999312,18.446819991859645,16.551661632661673,1.9491132592742577,4.543065165259702
32,5082.253517974532,16.666458334672377,-7.636992796566531,37.60710849280028,34.91935294738575,6.479166440972456,39.92888833396232,0.11895074058027638,0.15462382057869728,0.6168407990665294,0.09232467867830024,19.013932053508512,192.4068219625383,0.431282735577291,4.457090801481069
32,4552.895179455843,23.333041668541327,-7.384036889302465,37.76317257021635,35.280643607478616,5.719723315260133,41.108773830607824,0.1384097026738014,0.28405638803981065,0.2000701339292725,0.11659699474371221,19.013932053508512,45.25568024500271,0.431282735577291,18.337878387033424
32,4548.456744609392,26.586865355684633,-7.414096764307633,36.92840311671382,37.397232010124554,5.673539276095909,40.83213074973731,0.1203452684931293,0.28405638803981065,0.2173712933468419,0.11696975987080868,9.65499086329978,49.67072943806045,0.431282735577291,18.366006049517143
32,4548.418161538333,30.16439240333846,-9.812913903585198,35.194678902303096,37.43261550360024,24.31853976176863,41.086199834282056,0.15163147796242243,0.29886878667282013,0.6265358047141911,0.1215023096999312,18.446819991859645,19.138293484747784,1.9491132592742577,4.037640431092361
32,4548.456744609392,26.586865355684633,-7.414096764307633,37.76317257021635,38.87132519722484,5.673539276095909,40.83213074973731,0.1203452684931293,0.28405638803981065,0.2173712933468419,0.11669134847408458,9.65499086329978,50.38174238120466,0.431282735577291,18.367507229290148
32,4548.418161538333,30.16439240333846,-9.812913903585198,35.213608874410845,37.43261550360024,24.31853976176863,41.086199834282056,0.1518658083029495,0.27997488823928446,0.6265358047141911,0.12206648806683962,18.479386289344784,19.138293484747784,1.9491132592742577,4.037640431092361
32,79.99900000642742,79.99900000642742,-9.928333874267405,40.00995253535456,40.58750975779607,24.704736127179565,34.85325691148068,0.1358285664672139,0.14634866010563885,0.1318401855022953,0.13199778365020431,18.425533520059098,1.6894715283647095,14.286897698842605,17.257270216528937
32,79.99900000642742,79.99900000642742,-11.534587468382135,37.93968115868283,36.54039677318286,40.10855951558644,38.570889415399,0.10904996343469728,0.3262903990998368,0.5369090297780327,0.5735960305242093,19.485501140371124,30.32918683175444,25.415534045995464,17.021117502373425
32,79.99900000642742,79.99900000642742,-11.732343763267224,37.935576027467285,39.98760717575186,38.52828607447416,38.511229048304756,0.1458925618163621,0.2796872885230563,0.5910381337529629,0.5699917093412191,19.477420797396746,41.31098700417859,4.977048750448674,5.309524297487109
32,79.99900000642742,79.99900000642742,-10.760528168218535,37.52985044597925,37.77484779908877,28.925549304348756,38.42816668133996,0.10370179669981427,0.14940389348862904,0.1981899670957311,0.5942650979290147,13.761084456058668,17.405521123176385,22.068936278419503,19.25237704606272
32,79.99900000642742,79.99900000642742,-10.17525893988865,35.39782382795308,37.55146554397786,26.336935259858972,40.32661672071261,0.12005620747417098,0.1624163827312606,0.1794270519683148,0.5729524659201832,16.5285433928958,41.94113792382571,22.671985030837618,17.77568158942251
32,79.99900000642742,79.99900000642742,-11.708450822007869,37.766630329631894,37.38483877794777,39.62004914255409,40.35017491816372,0.13925265373016735,0.1545865213646672,0.6265358047141911,0.12206648806683962,18.4817357238245,19.138293484747784,1.5045423235882431,4.0311330360099324
32,79.99900000642742,79.99900000642742,-10.128366748542945,35.42528336980319,37.654647506284874,26.336935259858972,40.6861235210297,0.14588664799893403,0.1550776100344599,0.17864115642430806,0.5441317277380185,16.5285433928958,41.103443797885284,22.122161463492766,17.77568158942251
32,79.99900000642742,79.99900000642742,-11.295457967239663,35.23568211128323,39.49875280601389,44.900241723843116,39.887010343861434,0.1389969604635488,0.14836260234593018,0.6160600506260255,0.5253909033018285,19.51431303638094,171.90408774243647,25.297039254467748,18.773077722763592
32,79.99900000642742,79.99900000642742,-10.41062317870702,37.73598242653654,38.37409211095704,26.18886981437756,33.81837157989782,0.14017787910585852,0.1526334717111201,0.10664895699850102,0.16532868803790998,18.527345027607346,40.89790804031524,26.725817329490294,19.925073565544274
32,79.99900000642742,79.99900000642742,-9.812894109784935,37.720865447503684,37.50340635689098,24.31853976176863,41.086351586750794,0.1518658083029495,0.2796689256652823,0.19789623814568286,0.1169018910048437,19.012701238913614,19.138293484747784,0.46197687340340476,4.486037386828507
32,79.99900000642742,79.99900000642742,-9.812894109784935,37.720865447503684,37.50340635689098,24.31853976176863,41.086351586750794,0.1518658083029495,0.29486409554304877,0.21599123658957475,0.1169018910048437,19.012701238913614,18.874750368339676,0.3935217194474784,43.58440656944965
32,79.99900000642742,79.99900000642742,-11.303185960021807,35.17140881573113,39.53884800778896,44.88108898095507,40.84765761257651,0.12098648132895919,0.09258088641471247,0.6160600506260255,0.5999643562901503,18.977559866632042,175.3643274885678,25.297039254467748,19.30032030031778
32,79.99900000642742,79.99900000642742,-9.94621898874857,37.86420861685679,35.429126416882376,24.59211246390982,40.33776688350408,0.13833349841015247,0.13768734673059585,0.09334738858264671,0.5672550804892101,19.495172972733556,45.21631115570145,1.1109520741971686,17.252695174353196
32,79.99900000642742,79.99900000642742,-10.123263833867043,37.5983649402111,38.62794374656807,24.239633139548758,21.690732276532284,0.12099260351271449,0.2794325745682772,0.0811452976757643,0.22518984957243598,16.60969967051757,109.77616524002183,37.05185897385785,19.297339231483196
32,79.99900000642742,79.99900000642742,-9.98216633880483,44.14158574746787,37.19795046969057,26.70441849912404,42.17447656828697,0.13581045452437376,0.143864583888829,0.2041954307773603,0.5702506277643712,17.436093160907582,19.926832447684845,15.126637478544634,23.423076172881203
32,79.99900000642742,79.99900000642742,-9.952980380088952,37.720865447503684,37.542524023155224,25.396678973995805,41.09049605998045,0.13925641072247266,0.14173926342957363,0.1984043967885341,0.5881776240096273,19.013305469418814,19.138293484747784,0.5296995621235703,0.2338029194502198
32,79.99900000642742,79.99900000642742,-11.47121182846952,42.43605533346455,38.38201268506422,39.47556528444892,41.415327035325625,0.1348092842680807,0.143864583888829,0.5290401679483466,0.5674514828870586,9.994295354180352,19.825896780630472,1.8089139306494637,20.76374606579976
32,79.99900000642742,79.99900000642742,-11.752308110004783,40.73772516431673,39.38759006433356,38.9480652436861,40.8470364003161,0.12920036625523432,0.09229084412799096,0.11176025346623511,0.5995222375748159,19.004872263375773,41.94113792382571,25.391906172073387,17.252695174353196
32,79.99900000642742,79.99900000642742,-10.12301991347212,38.001267997266424,38.87321378372379,24.48303312034343,38.30484101859461,0.1358285664672139,0.3570193648515998,0.10957423223376603,0.5690395795187033,18.416618515409287,22.555739066935374,14.286897698842605,17.006873339845185
32,79.99900000642742,79.99900000642742,-11.534103863679725,39.25865483278631,35.6867844543309,39.052765666673665,40.816943516233444,0.5052461992334993,0.14954206424899236,0.17854454904816783,0.5729099444733071,13.809756145463357,22.875814595914285,22.151081691775147,25.282716602170893
32,79.99900000642742,79.99900000642742,-11.01832875776823,37.60846163661314,37.31273519579153,44.838881386235045,40.53235206939114,0.15157091921442792,0.15323172890964618,0.6127432041390855,0.5700003176546369,18.521021010311998,134.45183260332465,25.857866913192808,19.52052793491869
32,79.99900000642742,79.99900000642742,-10.249415248896526,37.53839195780335,38.587848544793005,25.166698786333058,21.690732276532284,0.13895782180788602,0.28060963724518306,0.0811452976757643,0.22974805935927314,16.60969967051757,109.77616524002183,37.05185897385785,18.769652021948954
32,79.99900000642742,79.99900000642742,-10.144518769289846,44.14158574746787,38.80231133078601,26.607668749495346,40.83302485160652,0.13540335870240902,0.11964290174197514,0.12430999621689114,0.5781871700473209,17.436093160907582,19.926832447684845,14.849411352370872,18.454784185420202
32,79.99900000642742,79.99900000642742,-11.367328972075335,37.58995398330924,38.7959060571527,38.52828607447416,33.67780819371841,0.1458925618163621,0.2949025557216749,0.6265602517782933,0.5699917093412191,18.46497765018837,40.71612814755355,6.668148420821431,19.449721656716637
32,79.99900000642742,79.99900000642742,-10.895026861674701,37.83692985917733,37.290016522571186,44.15466793094644,35.683207203785855,0.1389578168887539,0.1468583309254301,0.1788098331653495,0.5952992650973431,11.97164225303834,37.63111171294218,25.855638520007695,19.449721656716637
32,79.99900000642742,79.99900000642742,-11.51287299776245,39.19931071735529,38.633560294056466,38.58146146716716,34.84682111667932,0.13356089312787056,0.3567039980207096,0.5411520399232325,0.5701277433168574,19.467386137892213,22.42042862854028,40.40630244391957,11.367085824166752
32,79.99900000642742,79.99900000642742,-10.752617657815776,37.537294659874156,37.826821732753665,28.925549304348756,38.48881392776112,0.0810893440857734,0.32181993739273596,0.20279015308581455,0.12898244691052094,14.21681256539335,17.416110915281653,1.6923088525391492,4.770907652992503
32,79.99900000642742,79.99900000642742,-9.98216633880483,34.66483527681642,37.43144884121792,26.70441849912404,42.17447656828697,0.13581045452437376,0.143864583888829,0.19913671283730955,0.5616911382097474,17.479200621129213,19.924606543032294,14.161729356756329,23.682001008238522
32,79.99900000642742,79.99900000642742,-10.535924423299832,40.73772516431673,29.513145742948804,39.85345647531535,41.094715721513126,0.12920036625523432,0.11522843847557972,0.11176025346623511,0.5700420089906375,16.60969967051757,44.52777299397798,41.95759354390398,16.74736303121005
32,79.99900000642742,79.99900000642742,-11.65745520610389,37.94994141300674,36.4432655496557,39.069442302859166,38.570889415399,0.11079994014950142,0.3262903990998368,0.5369090297780327,0.5735781100466255,19.485501140371124,30.81006411892017,25.427936476040298,25.457553031298406
32,79.99900000642742,79.99900000642742,-11.888112622838513,37.935576027467285,38.793379252371984,38.52828607447416,38.511229048304756,0.1458925618163621,0.2948824584008228,0.6274594253847755,0.5699917093412191,19.477420797396746,41.04744382358195,4.977048750448674,19.449721656716637
32,79.99900000642742,79.99900000642742,-11.692343573630183,37.766630329631894,37.45891349225411,39.81761276108938,40.317425059657026,0.13161577269832667,0.1545865213646672,0.6269738815593904,0.12206648806683962,30.148485457316347,19.138293484747784,1.5045423235882431,19.20961748205221
32,79.99900000642742,79.99900000642742,-10.356661245156396,35.24782062165069,29.151971216016374,41.75090166981731,40.32661672071261,0.128815712390976,0.28553894787519024,0.09009279424255161,0.13500291538477843,19.020214866205485,42.18094832109095,36.48887790115329,18.371073335038304
32,79.99900000642742,79.99900000642742,-11.338206622749901,38.00517774325142,39.0193563131676,44.093105538751665,40.830784040694255,0.11989513766242114,0.3557746714878588,0.5886233577711115,0.5752162039315131,19.430258159050503,19.525958979027223,25.268098309114077,9.3209632767784
32,79.99900000642742,79.99900000642742,-11.078983443843853,37.766630329631894,37.45947087518973,44.52059780572019,39.84446866802495,0.13889760014414398,0.15797228059357674,0.6269738815593904,0.13448606697376214,16.542982206289853,19.138293484747784,19.661767637065147,4.386810855123963
32,79.99900000642742,79.99900000642742,-10.754982082156388,37.52985044597925,37.826821732753665,28.925549304348756,38.470686674483076,0.0810893440857734,0.32181993739273596,0.20279015308581455,0.5704006561795554,13.761084456058668,17.405521123176385,22.068936278419503,17.266146111470082
32,79.99900000642742,79.99900000642742,-11.336925924793988,40.01386228133956,39.009537628838906,44.093105538751665,40.830784040694255,0.11989513766242114,0.14510242979154986,0.6085315810536674,0.13673636166662975,19.43917316370031,19.525958979027223,25.268098309114077,9.3209632767784
33,6416.9681188596,0.0,-9.605605371631256,37.54060818978776,43.41334623334615,25.056320749185808,14.182233343959679,0.14415677362742152,0.15495905569202,0.09009279424255161,0.57036913662982,16.60969967051757,41.129111977873436,36.350672604250384,19.04512763022228
33,79.99900000642742,79.99900000642742,-9.903550844483423,35.24782062165069,29.341629761750916,24.25383986175222,40.32661672071261,0.12913054654573944,0.14454690183084112,0.19989742801509738,0.5730555822086395,17.596878043728363,18.133395971508058,14.11708278964451,17.252695174353196
33,6416.9681188596,0.0,-10.205604828820533,37.595541592597904,38.81335039489502,25.056320749185808,14.182233343959679,0.13895782180788602,0.15495905569202,0.09009279424255161,0.57036913662982,16.60969967051757,41.129111977873436,36.350672604250384,19.04512763022228
33,79.99900000642742,79.99900000642742,-11.438091234581364,39.24839457846241,35.78391567785807,40.091882879400934,40.816943516233444,0.5042036274693633,0.12860777517701844,0.17854454904816783,0.5729278649508909,12.773713071370139,22.394937308748595,22.138679261730314,16.846281073247653
33,4548.048282861086,30.871781034137655,-9.883694752764114,35.194678902303096,37.53154591910317,24.31853976176863,40.54354665724375,0.15163147796242243,0.2829481888569379,0.6265358047141911,0.1215023096999312,18.446819991859645,16.551661632661673,1.9491132592742577,4.543065165259702
33,5082.253517974532,16.666458334672377,-7.636992796566531,37.60710849280028,34.91935294738575,6.479166440972456,39.92888833396232,0.11895074058027638,0.15462382057869728,0.6168407990665294,0.09232467867830024,19.013932053508512,192.4068219625383,0.431282735577291,4.457090801481069
33,4552.895179455843,23.333041668541327,-7.384036889302465,37.76317257021635,35.280643607478616,5.719723315260133,41.108773830607824,0.1384097026738014,0.28405638803981065,0.2000701339292725,0.11659699474371221,19.013932053508512,45.25568024500271,0.431282735577291,18.337878387033424
33,4548.456744609392,26.586865355684633,-7.414096764307633,37.76317257021635,38.87132519722484,5.673539276095909,40.83213074973731,0.1203452684931293,0.28405638803981065,0.2173712933468419,0.11669134847408458,9.65499086329978,50.38174238120466,0.431282735577291,18.367507229290148
33,4548.418161538333,30.16439240333846,-9.812913903585198,35.194678902303096,37.43261550360024,24.31853976176863,41.086199834282056,0.15163147796242243,0.29886878667282013,0.6265358047141911,0.1215023096999312,18.446819991859645,19.138293484747784,1.9491132592742577,4.037640431092361
33,4548.456744609392,26.586865355684633,-7.414096764307633,36.92840311671382,37.397232010124554,5.673539276095909,40.83213074973731,0.1203452684931293,0.28405638803981065,0.2173712933468419,0.11696975987080868,9.65499086329978,49.67072943806045,0.431282735577291,18.366006049517143
33,4548.418161538333,30.16439240333846,-9.812913903585198,35.213608874410845,37.43261550360024,24.31853976176863,41.086199834282056,0.1518658083029495,0.27997488823928446,0.6265358047141911,0.12206648806683962,18.479386289344784,19.138293484747784,1.9491132592742577,4.037640431092361
33,79.99900000642742,79.99900000642742,-11.732343763267224,37.935576027467285,39.98760717575186,38.52828607447416,38.511229048304756,0.1458925618163621,0.2796872885230563,0.5910381337529629,0.5699917093412191,19.477420797396746,41.31098700417859,4.977048750448674,5.309524297487109
33,79.99900000642742,79.99900000642742,-10.128490407159163,35.42528336980319,37.654647506284874,26.336935259858972,40.6851754716387,0.14588664799893403,0.1550776100344599,0.17864115642430806,0.12563570743956184,16.5285433928958,41.103443797885284,22.122161463492766,17.77568158942251
33,79.99900000642742,79.99900000642742,-11.078983443843853,37.766630329631894,37.45947087518973,44.52059780572019,39.84446866802495,0.13889760014414398,0.15797228059357674,0.6269738815593904,0.13448606697376214,16.542982206289853,19.138293484747784,19.661767637065147,4.386810855123963
33,79.99900000642742,79.99900000642742,-9.98216633880483,34.66483527681642,37.43262620393607,26.70441849912404,42.17447656828697,0.13204827293079557,0.143864583888829,0.14119128773095305,0.5616911382097474,17.5349629463028,19.924606543032294,1.4611173836517724,23.682001008238522
33,79.99900000642742,79.99900000642742,-9.911084681761889,37.720865447503684,37.50340635689098,25.07133414692531,41.086351586750794,0.1518658083029495,0.19677088016464445,0.22545525852264234,0.10856172073302303,6.90449704719469,19.03278216384192,0.46197687340340476,24.33182127330432
33,79.99900000642742,79.99900000642742,-10.760528168218535,37.538723290988656,35.688956746631895,28.925549304348756,38.42816668133996,0.10502527579075024,0.14940389348862904,0.17664165461641723,0.5942650979290147,13.761347256343356,23.021647859339843,22.070521223756575,19.26585630031319
33,79.99900000642742,79.99900000642742,-11.47121182846952,42.43605533346455,38.38201268506422,39.47556528444892,41.415327035325625,0.1348092842680807,0.143864583888829,0.5290401679483466,0.5674514828870586,9.994295354180352,19.825896780630472,1.8089139306494637,20.76374606579976
33,79.99900000642742,79.99900000642742,-10.535924423299832,40.73772516431673,29.513145742948804,39.85345647531535,41.094715721513126,0.12920036625523432,0.11522843847557972,0.11176025346623511,0.5700420089906375,16.60969967051757,44.52777299397798,41.95759354390398,16.74736303121005
33,79.99900000642742,79.99900000642742,-11.336925924793988,40.01386228133956,39.009537628838906,44.093105538751665,40.830784040694255,0.11989513766242114,0.14510242979154986,0.6085315810536674,0.13673636166662975,19.43917316370031,19.525958979027223,25.268098309114077,9.3209632767784
33,79.99900000642742,79.99900000642742,-10.249415248896526,37.53839195780335,38.587848544793005,25.166698786333058,21.690732276532284,0.13895782180788602,0.28060963724518306,0.0811452976757643,0.22974805935927314,16.60969967051757,109.77616524002183,37.05185897385785,18.769652021948954
33,79.99900000642742,79.99900000642742,-10.356661245156396,35.24782062165069,29.151971216016374,41.75090166981731,40.32661672071261,0.128815712390976,0.28553894787519024,0.09009279424255161,0.13500291538477843,19.020214866205485,42.18094832109095,36.48887790115329,18.371073335038304
33,79.99900000642742,79.99900000642742,-9.851268622769908,35.384573249246515,39.38759006433356,24.37342917488543,40.8470364003161,0.12920036625523432,0.08985984584189606,0.09332267811729193,0.5994935275041033,19.4657152487938,86.95933836046736,36.249764633359405,11.475908492825855
33,79.99900000642742,79.99900000642742,-9.911231310285274,33.26465131735676,38.941200758485515,25.05085901896901,41.06475230678187,0.13925641072247266,0.14189318517390803,0.19974249950465922,0.5690975130435284,19.013305469418814,42.60315375444303,0.5296995621235703,24.499580472043085
33,79.99900000642742,79.99900000642742,-11.708450822007869,37.766630329631894,37.38483877794777,39.62004914255409,40.35017491816372,0.13925265373016735,0.15953626153424966,0.22343060931894576,0.12247134296575056,9.565258843127719,19.138293484747784,33.85516654632033,4.436105278688879
33,79.99900000642742,79.99900000642742,-9.94621898874857,37.86420861685679,35.429126416882376,24.59211246390982,40.33776688350408,0.13833349841015247,0.13768734673059585,0.09334738858264671,0.5672550804892101,19.495172972733556,45.21631115570145,1.1109520741971686,17.252695174353196
33,79.99900000642742,79.99900000642742,-11.336925924793988,40.01386228133956,39.009537628838906,44.093105538751665,40.830784040694255,0.11989513766242114,0.14852040953851378,0.6085315810536674,0.13673636166662975,19.43917316370031,19.525958979027223,25.268098309114077,9.3209632767784
33,79.99900000642742,79.99900000642742,-11.557229341798127,39.24978198777691,35.85520694156256,39.052765666673665,40.816943516233444,0.5050165055658928,0.14954206424899236,0.20009286152748174,0.5729099444733071,13.80949334517867,17.25968785975083,22.14949674643807,25.269237347920427
33,79.99900000642742,79.99900000642742,-11.01832875776823,37.60846163661314,37.31273519579153,44.838881386235045,40.53235206939114,0.15157091921442792,0.15323172890964618,0.6127432041390855,0.5700003176546369,18.521021010311998,134.45183260332465,25.857866913192808,19.52052793491869
33,79.99900000642742,79.99900000642742,-10.41062317870702,37.73598242653654,38.37409211095704,26.18886981437756,33.81837157989782,0.14017787910585852,0.1526334717111201,0.10664895699850102,0.16532868803790998,18.527345027607346,40.89790804031524,26.725817329490294,19.925073565544274
33,79.99900000642742,79.99900000642742,-11.295457967239663,35.23568211128323,39.49875280601389,44.900241723843116,39.887010343861434,0.1389969604635488,0.14836260234593018,0.6160600506260255,0.5253909033018285,19.51431303638094,171.90408774243647,25.297039254467748,18.773077722763592
33,79.99900000642742,79.99900000642742,-11.769813309408242,37.76317257021635,38.87023507404889,39.067366121867174,40.83213074973731,0.1203452684931293,0.28405638803981065,0.2173712933468419,0.5757146571503474,18.44723572886302,50.12299107270302,6.52543061711626,12.176649099444049
33,79.99900000642742,79.99900000642742,-11.303185960021807,35.17140881573113,39.53884800778896,44.88108898095507,40.84765761257651,0.12098648132895919,0.09258088641471247,0.6160600506260255,0.5999643562901503,18.977559866632042,175.3643274885678,25.297039254467748,19.30032030031778
33,79.99900000642742,79.99900000642742,-11.888112622838513,37.935576027467285,38.793379252371984,38.21679631025834,38.511229048304756,0.1458925618163621,0.2243471066058299,0.20922662519808163,0.12943622741392127,19.437214976294133,41.04744382358195,0.10515017756989087,19.449721656716637
33,79.99900000642742,79.99900000642742,-11.534103863679725,39.25865483278631,35.6867844543309,39.052765666673665,40.816943516233444,0.5052461992334993,0.14954206424899236,0.17854454904816783,0.5729099444733071,13.809756145463357,22.875814595914285,22.151081691775147,25.282716602170893
33,79.99900000642742,79.99900000642742,-10.76258724986674,35.150488752170226,29.341629761750916,38.82846084610586,40.32661672071261,0.12913054654573944,0.14012546357912914,0.11178496411802633,0.567283790559852,19.03432998731553,41.94113792382571,25.385215514820064,17.252695174353196
33,79.99900000642742,79.99900000642742,-11.049324276406594,44.03548138678534,37.19795046969057,44.48646435057332,39.75826354713037,0.13581045452437376,0.1570154657263716,0.20256157577284045,0.5702506277643712,17.436093160907582,19.135852250933336,15.119408817013232,23.423076172881203
33,79.99900000642742,79.99900000642742,-11.752308110004783,40.73772516431673,39.38759006433356,38.9480652436861,40.8470364003161,0.12920036625523432,0.09229084412799096,0.11176025346623511,0.5995222375748159,19.004872263375773,41.94113792382571,25.391906172073387,17.252695174353196
33,79.99900000642742,79.99900000642742,-10.123263833867043,37.5983649402111,38.62794374656807,24.239633139548758,21.690732276532284,0.12099260351271449,0.2794325745682772,0.0811452976757643,0.22518984957243598,16.60969967051757,109.77616524002183,37.05185897385785,19.297339231483196
33,79.99900000642742,79.99900000642742,-10.144518769289846,44.14158574746787,38.80231133078601,26.607668749495346,40.83302485160652,0.13540335870240902,0.11964290174197514,0.12430999621689114,0.5781871700473209,17.436093160907582,19.926832447684845,14.849411352370872,31.4007510225088
33,79.99900000642742,79.99900000642742,-11.692343573630183,37.766630329631894,37.45891349225411,39.81761276108938,40.317425059657026,0.13161577269832667,0.1545865213646672,0.6269738815593904,0.12206648806683962,30.148485457316347,19.138293484747784,1.5045423235882431,19.20961748205221
33,79.99900000642742,79.99900000642742,-11.487395268174645,42.311982295725265,38.38201268506422,40.10011392278869,41.41047612763982,0.12890615195225869,0.12903851398917907,0.20086854515481659,0.5674514828870586,9.994295354180352,19.903813650558426,1.8089139306494637,16.77561507623382
33,79.99900000642742,79.99900000642742,-10.144518769289846,44.14158574746787,38.80231133078601,26.607668749495346,40.83302485160652,0.13540335870240902,0.11964290174197514,0.12430999621689114,0.5781871700473209,17.436093160907582,19.926832447684845,14.849411352370872,18.454784185420202
33,79.99900000642742,79.99900000642742,-9.780672245174983,41.63760942628809,41.71958224750465,24.704736127179565,34.85325691148068,0.1358285664672139,0.14634866010563885,0.1318401855022953,0.13199778365020431,18.425533520059098,1.6894715283647095,14.286897698842605,17.257270216528937
33,79.99900000642742,79.99900000642742,-11.2881023943795,38.007420145003834,39.98760717575186,43.96911069139521,38.511229048304756,0.1458925618163621,0.2796872885230563,0.5910381337529629,0.5699917093412191,19.477420797396746,19.980912338819746,4.977048750448674,5.309524297487109
33,79.99900000642742,79.99900000642742,-9.812894109784935,37.720865447503684,37.50340635689098,24.31853976176863,41.086351586750794,0.1518658083029495,0.2796689256652823,0.19789623814568286,0.1169018910048437,19.012701238913614,19.138293484747784,0.46197687340340476,4.486037386828507
33,79.99900000642742,79.99900000642742,-10.760528168218535,37.52985044597925,37.77484779908877,28.925549304348756,38.42816668133996,0.10370179669981427,0.14940389348862904,0.1981899670957311,0.5942650979290147,13.761084456058668,17.405521123176385,22.068936278419503,19.25237704606272
33,79.99900000642742,79.99900000642742,-9.952980380088952,37.720865447503684,37.542524023155224,25.396678973995805,41.09049605998045,0.13925641072247266,0.14173926342957363,0.1984043967885341,0.5881776240096273,19.013305469418814,19.138293484747784,0.5296995621235703,0.2338029194502198
34,79.99900000642742,79.99900000642742,-9.776793185047254,37.720865447503684,35.230512798382556,24.063685490879017,41.10827107218338,0.1518658083029495,0.2796689256652823,0.19789623814568286,0.1169018910048437,19.012701238913614,19.138293484747784,0.4656250655535286,5.228561729523806
34,6416.9681188596,0.0,-10.205604828820533,37.595541592597904,38.81335039489502,25.056320749185808,14.182233343959679,0.13895782180788602,0.15495905569202,0.09009279424255161,0.57036913662982,16.60969967051757,41.129111977873436,36.350672604250384,19.04512763022228
34,79.99900000642742,79.99900000642742,-9.903550844483423,35.24782062165069,29.341629761750916,24.25383986175222,40.32661672071261,0.12913054654573944,0.14454690183084112,0.19989742801509738,0.5730555822086395,17.596878043728363,18.133395971508058,14.11708278964451,17.252695174353196
34,6416.9681188596,0.0,-9.605605371631256,37.54060818978776,43.41334623334615,25.056320749185808,14.182233343959679,0.14415677362742152,0.15495905569202,0.09009279424255161,0.57036913662982,16.60969967051757,41.129111977873436,36.350672604250384,19.04512763022228
34,4546.883882721254,27.868369675358757,-7.73201756862813,35.25954949514645,38.90768175257732,7.793444808035938,40.514643448553535,0.15319248528879914,0.2829481888569379,0.22492732029137216,0.1215023096999312,18.446819991859645,16.551661632661673,1.9491132592742577,4.543065165259702
34,5082.253517974532,16.666458334672377,-7.636992796566531,37.60710849280028,34.91935294738575,6.479166440972456,39.92888833396232,0.11895074058027638,0.15462382057869728,0.6168407990665294,0.09232467867830024,19.013932053508512,192.4068219625383,0.431282735577291,4.457090801481069
34,4552.895179455843,23.333041668541327,-7.384036889302465,37.76317257021635,35.280643607478616,5.719723315260133,41.108773830607824,0.1384097026738014,0.28405638803981065,0.2000701339292725,0.11659699474371221,19.013932053508512,45.25568024500271,0.431282735577291,18.337878387033424
34,4548.456744609392,26.586865355684633,-7.414096764307633,37.76317257021635,38.87132519722484,5.673539276095909,40.83213074973731,0.1203452684931293,0.28405638803981065,0.2173712933468419,0.11669134847408458,9.65499086329978,50.38174238120466,0.431282735577291,18.367507229290148
34,4548.456744609392,26.586865355684633,-7.414096764307633,36.92840311671382,37.397232010124554,5.673539276095909,40.83213074973731,0.1203452684931293,0.28405638803981065,0.2173712933468419,0.11696975987080868,9.65499086329978,49.67072943806045,0.431282735577291,18.366006049517143
34,79.99900000642742,79.99900000642742,-11.692343573630183,37.766630329631894,37.45891349225411,39.81761276108938,40.317425059657026,0.13161577269832667,0.1545865213646672,0.6269738815593904,0.12206648806683962,30.148485457316347,19.138293484747784,1.5045423235882431,19.20961748205221
34,79.99900000642742,79.99900000642742,-11.769813309408242,37.76317257021635,38.87023507404889,39.067366121867174,40.83213074973731,0.1203452684931293,0.28405638803981065,0.2173712933468419,0.5757146571503474,18.44723572886302,50.12299107270302,6.52543061711626,12.176649099444049
34,79.99900000642742,79.99900000642742,-11.708450822007869,37.766630329631894,37.38483877794777,39.62004914255409,40.35017491816372,0.13925265373016735,0.15953626153424966,0.22343060931894576,0.12247134296575056,9.565258843127719,19.138293484747784,33.85516654632033,4.436105278688879
34,79.99900000642742,79.99900000642742,-11.336925924793988,40.01386228133956,39.009537628838906,44.093105538751665,40.830784040694255,0.11989513766242114,0.14852040953851378,0.6085315810536674,0.13673636166662975,19.43917316370031,19.525958979027223,25.268098309114077,9.3209632767784
34,79.99900000642742,79.99900000642742,-11.336925924793988,36.5238126772377,39.009537628838906,44.093105538751665,42.200483229642835,0.13213551494659553,0.14382279330299214,0.6085315810536674,0.12345672281827422,19.43917316370031,20.043347240884586,0.6340946804964815,9.3209632767784
34,79.99900000642742,79.99900000642742,-11.732343763267224,37.935576027467285,39.98760717575186,38.52828607447416,38.511229048304756,0.1458925618163621,0.2796872885230563,0.5910381337529629,0.5699917093412191,19.477420797396746,41.31098700417859,4.977048750448674,5.309524297487109
34,79.99900000642742,79.99900000642742,-10.535924423299832,40.73772516431673,29.513145742948804,39.85345647531535,41.094715721513126,0.12920036625523432,0.11522843847557972,0.11176025346623511,0.5700420089906375,16.60969967051757,44.52777299397798,41.95759354390398,16.74736303121005
34,79.99900000642742,79.99900000642742,-10.277427634341837,36.28979305948405,38.87132519722484,26.473147480012035,13.26675934329947,0.13816859612070959,0.28405638803981065,0.2173712933468419,0.1247363485003829,9.65499086329978,41.2618616836644,0.431282735577291,18.367507229290148
34,79.99900000642742,79.99900000642742,-11.503970167254096,39.24845675238594,35.78391567785807,39.057851134726086,42.86074651911135,0.5052458553169711,0.12860777517701844,0.17854454904816783,0.5729096168281029,12.773713071370139,22.394937308748595,22.151515171175376,14.528136175553898
34,79.99900000642742,79.99900000642742,-11.487395268174645,42.311982295725265,38.38201268506422,40.10011392278869,41.41047612763982,0.12890615195225869,0.12903851398917907,0.20086854515481659,0.5674514828870586,9.994295354180352,19.903813650558426,1.8089139306494637,16.77561507623382
34,79.99900000642742,79.99900000642742,-10.249415248896526,37.53839195780335,38.587848544793005,25.166698786333058,21.690732276532284,0.13895782180788602,0.28060963724518306,0.0811452976757643,0.22974805935927314,16.60969967051757,109.77616524002183,37.05185897385785,18.769652021948954
34,79.99900000642742,79.99900000642742,-11.295457967239663,35.23568211128323,39.49875280601389,44.900241723843116,39.887010343861434,0.1389969604635488,0.14836260234593018,0.6160600506260255,0.5253909033018285,19.51431303638094,171.90408774243647,25.297039254467748,18.773077722763592
34,79.99900000642742,79.99900000642742,-11.47121182846952,42.43605533346455,38.38201268506422,39.47556528444892,41.415327035325625,0.1348092842680807,0.143864583888829,0.5290401679483466,0.5674514828870586,9.994295354180352,19.825896780630472,1.8089139306494637,20.76374606579976
34,79.99900000642742,79.99900000642742,-10.160822754754676,33.80802406378433,37.43262620393607,26.70441849912404,40.804777379338184,0.11980789564662121,0.14856220012435067,0.14119128773095305,0.5755579278283787,17.5349629463028,19.407218281174934,24.801539482639875,23.682001008238522
34,79.99900000642742,79.99900000642742,-10.128490407159163,35.42528336980319,37.654647506284874,26.336935259858972,40.6851754716387,0.14588664799893403,0.1550776100344599,0.17864115642430806,0.12563570743956184,16.5285433928958,41.103443797885284,22.122161463492766,17.77568158942251
34,79.99900000642742,79.99900000642742,-9.809259673075445,35.24782062165069,29.512888875388136,24.25383986175222,41.04951570150709,0.09142964434486234,0.14408753597948845,0.19989742801509738,0.569990781730312,17.596878043728363,17.22991115757216,14.11708278964451,17.252695174353196
34,79.99900000642742,79.99900000642742,-11.888112622838513,37.935576027467285,38.793379252371984,38.21679631025834,38.511229048304756,0.1458925618163621,0.2243471066058299,0.20922662519808163,0.12943622741392127,19.437214976294133,41.04744382358195,0.10515017756989087,19.449721656716637
34,79.99900000642742,79.99900000642742,-9.834304454860359,37.720865447503684,37.542524023155224,24.486830213909915,41.09049605998045,0.13925641072247266,0.14173926342957363,0.1984043967885341,0.5881776240096273,19.013305469418814,19.138293484747784,0.5296995621235703,0.2338029194502198
34,79.99900000642742,79.99900000642742,-11.75923355602243,39.91825480699545,38.36759304710482,40.21346911759949,41.074849599611625,0.12890615195225869,0.12903851398917907,0.20086854515481659,0.577547870754796,10.034261381100542,19.903813650558426,1.8089139306494637,50.10920299977406
34,79.99900000642742,79.99900000642742,-9.812894109784935,37.720865447503684,37.50340635689098,24.31853976176863,41.086351586750794,0.1518658083029495,0.2796689256652823,0.19789623814568286,0.1169018910048437,19.012701238913614,19.138293484747784,0.46197687340340476,4.486037386828507
34,79.99900000642742,79.99900000642742,-9.554924337510933,37.761789199428506,38.62794374656807,23.70786750759834,42.45344758668115,0.12099260351271449,0.1615934769183529,0.08631145396617364,0.22518984957243598,16.60969967051757,109.77616524002183,36.96849080583935,6.153249303636372
34,79.99900000642742,79.99900000642742,-10.144518769289846,44.14158574746787,38.80231133078601,26.607668749495346,40.83302485160652,0.13540335870240902,0.11964290174197514,0.12430999621689114,0.5781871700473209,17.436093160907582,19.926832447684845,14.849411352370872,31.4007510225088
34,79.99900000642742,79.99900000642742,-11.336925924793988,40.01386228133956,39.009537628838906,44.093105538751665,40.830784040694255,0.11989513766242114,0.14852654236934618,0.17472526398220628,0.13673636166662975,19.560123859355553,19.525958979027223,25.268098309114077,9.544177699433995
34,79.99900000642742,79.99900000642742,-10.41062317870702,37.73598242653654,38.37409211095704,26.18886981437756,33.81837157989782,0.14017787910585852,0.1526334717111201,0.10664895699850102,0.16532868803790998,18.527345027607346,40.89790804031524,26.725817329490294,19.925073565544274
34,79.99900000642742,79.99900000642742,-11.336925924793988,40.01386228133956,39.009537628838906,44.093105538751665,40.830784040694255,0.11989513766242114,0.14510242979154986,0.6085315810536674,0.13673636166662975,19.43917316370031,19.525958979027223,25.268098309114077,9.3209632767784
34,79.99900000642742,79.99900000642742,-9.780672245174983,41.63760942628809,41.71958224750465,24.704736127179565,34.85325691148068,0.1358285664672139,0.14634866010563885,0.1318401855022953,0.13199778365020431,18.425533520059098,1.6894715283647095,14.286897698842605,17.257270216528937
34,79.99900000642742,79.99900000642742,-11.078983443843853,37.766630329631894,37.45947087518973,44.52059780572019,39.84446866802495,0.13889760014414398,0.15797228059357674,0.6269738815593904,0.13448606697376214,16.542982206289853,19.138293484747784,19.661767637065147,4.386810855123963
34,79.99900000642742,79.99900000642742,-11.536328179158502,39.24978198777691,35.694964694658786,39.052765666673665,41.068973327477465,0.5050165055658928,0.14954206424899236,0.20009286152748174,0.5750720239758575,18.639017512982264,17.25968785975083,22.14949674643807,25.269237347920427
34,79.99900000642742,79.99900000642742,-11.752308110004783,40.73772516431673,39.38759006433356,38.9480652436861,40.8470364003161,0.12920036625523432,0.09229084412799096,0.11176025346623511,0.5995222375748159,19.004872263375773,41.94113792382571,25.391906172073387,17.252695174353196
34,79.99900000642742,79.99900000642742,-9.94621898874857,37.86420861685679,35.429126416882376,24.59211246390982,40.33776688350408,0.13833349841015247,0.13768734673059585,0.09334738858264671,0.5672550804892101,19.495172972733556,45.21631115570145,1.1109520741971686,17.252695174353196
34,79.99900000642742,79.99900000642742,-9.98216633880483,34.66483527681642,37.43262620393607,26.70441849912404,42.17447656828697,0.13204827293079557,0.143864583888829,0.14119128773095305,0.5616911382097474,17.5349629463028,19.924606543032294,1.4611173836517724,23.682001008238522
34,79.99900000642742,79.99900000642742,-10.144518769289846,44.14158574746787,38.80231133078601,26.607668749495346,40.83302485160652,0.13540335870240902,0.11964290174197514,0.12430999621689114,0.5781871700473209,17.436093160907582,19.926832447684845,14.849411352370872,18.454784185420202
34,79.99900000642742,79.99900000642742,-11.74698759771173,37.10775990729177,38.35226527300426,39.47556528444892,41.415327035325625,0.1348092842680807,0.143864583888829,0.24138524498454494,0.5773577507474071,16.548781571558234,39.95424246186566,1.4540657473455934,27.708045042977545
34,79.99900000642742,79.99900000642742,-11.44348258287392,42.311982295725265,38.04534876442533,40.10011392278869,41.41047612763982,0.12944170683703585,0.252207855847749,0.20349274062948708,0.5674514828870586,18.928300284587923,24.43445273352703,1.801997632090833,4.481385626255607
34,79.99900000642742,79.99900000642742,-11.01832875776823,37.60846163661314,37.31273519579153,44.838881386235045,40.53235206939114,0.15157091921442792,0.15323172890964618,0.6127432041390855,0.5700003176546369,18.521021010311998,134.45183260332465,25.857866913192808,19.52052793491869
34,79.99900000642742,79.99900000642742,-10.123263833867043,37.5983649402111,38.62794374656807,24.239633139548758,21.690732276532284,0.12099260351271449,0.2794325745682772,0.0811452976757643,0.22518984957243598,16.60969967051757,109.77616524002183,37.05185897385785,19.297339231483196
34,79.99900000642742,79.99900000642742,-11.438091234581364,39.24839457846241,35.78391567785807,40.091882879400934,40.816943516233444,0.5042036274693633,0.12860777517701844,0.17854454904816783,0.5729278649508909,12.773713071370139,22.394937308748595,22.138679261730314,16.846281073247653
34,79.99900000642742,79.99900000642742,-9.944104763925793,33.26465131735676,38.94595204371035,25.05085901896901,40.812722495537855,0.13925641072247266,0.14189318517390803,0.19974249950465922,0.5690975130435284,14.183781301615229,42.60315375444303,0.5296995621235703,24.499580472043085
34,79.99900000642742,79.99900000642742,-10.513586278042801,40.73772516431673,29.34188662931158,39.85345647531535,40.37181674071864,0.12920036625523432,0.11568780432830335,0.11176025346623511,0.5731068094689651,7.799181487102409,45.43125987235533,41.95759354390398,16.74736303121005
35,79.99900000642742,79.99900000642742,-9.776793185047254,37.720865447503684,35.230512798382556,24.063685490879017,41.10827107218338,0.1518658083029495,0.2796689256652823,0.19789623814568286,0.1169018910048437,19.012701238913614,19.138293484747784,0.4656250655535286,5.228561729523806
35,6416.9681188596,0.0,-9.605605371631256,37.54060818978776,43.41334623334615,25.056320749185808,14.182233343959679,0.14415677362742152,0.15495905569202,0.09009279424255161,0.57036913662982,16.60969967051757,41.129111977873436,36.350672604250384,19.04512763022228
35,6416.9681188596,0.0,-10.205604828820533,37.595541592597904,38.81335039489502,25.056320749185808,14.182233343959679,0.13895782180788602,0.15495905569202,0.09009279424255161,0.57036913662982,16.60969967051757,41.129111977873436,36.350672604250384,19.04512763022228
35,79.99900000642742,79.99900000642742,-10.212870261154094,35.30316096468994,26.845672924454984,26.625288722894044,40.32661672071261,0.12913054654573944,0.14470176502781792,0.13891940406949643,0.5730555822086395,17.536541138880573,18.133395971508058,25.009406028828877,17.260583375120124
35,4546.883882721254,27.868369675358757,-7.73201756862813,35.25954949514645,38.90768175257732,7.793444808035938,40.514643448553535,0.15319248528879914,0.2829481888569379,0.22492732029137216,0.1215023096999312,18.446819991859645,16.551661632661673,1.9491132592742577,4.543065165259702
35,5082.253517974532,16.666458334672377,-7.636992796566531,37.60710849280028,34.91935294738575,6.479166440972456,39.92888833396232,0.11895074058027638,0.15462382057869728,0.6168407990665294,0.09232467867830024,19.013932053508512,192.4068219625383,0.431282735577291,4.457090801481069
35,4547.834262566466,23.333041668541327,-7.455662839222846,37.611963776838,38.87132519722484,5.673539276095909,40.51345750872068,0.1203452684931293,0.28405638803981065,0.22529617038444244,0.11677455566370841,9.65499086329978,16.415573486707604,0.31399954678260666,5.448044640725059
35,4547.308307183656,25.352093331069458,-7.414096764307633,37.86415537674652,37.41595356524249,5.673539276095909,40.83213074973731,0.1203452684931293,0.28448488454059645,0.20915280826102345,0.11696975987080868,9.948586592906643,49.510635259970364,0.30786970073098185,18.366006049517143
35,79.99900000642742,79.99900000642742,-9.851503338084001,33.75268372074508,37.43262620393607,24.332969637982213,40.804777379338184,0.11980789564662121,0.14840733692737387,0.20216931175880898,0.5755579278283787,17.595299851150592,19.407218281174934,13.909216243940119,23.674112807471612
35,79.99900000642742,79.99900000642742,-9.939552780203442,39.87145719834254,38.81335039489502,25.056320749185808,40.853082767626006,0.12867780242431884,0.11409124311065569,0.09009279424255161,0.57036913662982,10.04918500947424,41.129111977873436,32.913084335669566,19.04512763022228
35,79.99900000642742,79.99900000642742,-11.336925924793988,42.2824938648677,39.009537628838906,44.093105538751665,40.82860828602398,0.11929312761848547,0.14510242979154986,0.5811336930456468,0.13673636166662975,19.439505985655885,19.918730871643717,26.04996634444765,9.3209632767784
35,79.99900000642742,79.99900000642742,-9.946281741270639,33.26465131735676,38.96773158213627,25.0675491786128,40.812722495537855,0.15122068291352786,0.14189318517390803,0.19785190504619618,0.5690975130435284,14.166615413804294,42.60315375444303,0.5296995621235703,5.764302903968543
35,79.99900000642742,79.99900000642742,-11.778896585825208,37.10775990729177,38.35226527300426,39.676691674273265,41.37181784961333,0.1348092842680807,0.143864583888829,0.24085734742981177,0.5689281997388274,14.08373027572009,42.430746643182104,1.4540657473455934,27.708045042977545
35,79.99900000642742,79.99900000642742,-11.295457967239663,35.26451525855562,39.49875280601389,44.900241723843116,39.8872245818927,0.1389969604635488,0.13422780756260197,0.6160600506260255,0.5273406701525775,19.40305239571985,171.90408774243647,20.302206384481035,18.347063315398568
35,79.99900000642742,79.99900000642742,-11.44348258287392,42.311982295725265,38.04534876442533,40.10011392278869,41.41047612763982,0.12944170683703585,0.252207855847749,0.20349274062948708,0.5674514828870586,18.928300284587923,24.43445273352703,1.801997632090833,4.481385626255607
35,79.99900000642742,79.99900000642742,-9.944104763925793,33.26465131735676,38.94595204371035,25.05085901896901,40.812722495537855,0.13925641072247266,0.14189318517390803,0.19974249950465922,0.5690975130435284,14.183781301615229,42.60315375444303,0.5296995621235703,24.499580472043085
35,79.99900000642742,79.99900000642742,-11.47121182846952,42.43605533346455,38.38201268506422,39.47556528444892,41.415327035325625,0.1348092842680807,0.143864583888829,0.5290401679483466,0.5674514828870586,9.994295354180352,19.825896780630472,1.8089139306494637,20.76374606579976
35,79.99900000642742,79.99900000642742,-9.98216633880483,34.66483527681642,37.43262620393607,26.70441849912404,42.17447656828697,0.13204827293079557,0.143864583888829,0.14119128773095305,0.5616911382097474,17.5349629463028,19.924606543032294,1.4611173836517724,23.682001008238522
35,79.99900000642742,79.99900000642742,-11.536514531024999,39.24835329013377,35.694964694658786,39.052765666673665,41.068973327477465,0.5050165055658928,0.12896537448527298,0.20009286152748174,0.5729689127512351,12.903613599318934,17.310167124104034,22.14949674643807,25.532219344904746
35,79.99900000642742,79.99900000642742,-9.780672245174983,41.63760942628809,41.71958224750465,24.704736127179565,34.85325691148068,0.1358285664672139,0.14634866010563885,0.1318401855022953,0.13199778365020431,18.425533520059098,1.6894715283647095,14.286897698842605,17.257270216528937
35,79.99900000642742,79.99900000642742,-9.780672245174983,37.57094953905413,41.71958224750465,24.704736127179565,34.81241327818354,0.1358285664672139,0.1497758032783413,0.13216628343707426,0.13199778365020431,18.425533520059098,1.6894715283647095,14.286897698842605,18.396981326593412
35,79.99900000642742,79.99900000642742,-10.902555064973988,39.26012990474934,35.78391567785807,44.19766017972414,40.816943516233444,0.49075518544355823,0.14879542055160158,0.17854454904816783,0.5729278649508909,19.58570719565867,22.394937308748595,22.138679261730314,16.846281073247653
35,79.99900000642742,79.99900000642742,-11.75923355602243,39.91825480699545,38.36759304710482,40.21346911759949,41.0770253542819,0.1295081619961944,0.12903851398917907,0.20086854515481659,0.5586500000287827,10.033928560847015,19.511041757941932,1.1895198453164095,50.10920299977406
35,79.99900000642742,79.99900000642742,-10.100038194731063,44.14158574746787,29.575211907072706,26.607668749495346,40.83263462815767,0.13540335870240902,0.11964290174197514,0.12430999621689114,0.5702104949349718,17.4398305550412,19.881830331328487,14.849411352370872,17.205620662196285
35,79.99900000642742,79.99900000642742,-10.033687355552885,37.5983649402111,39.32348979849293,24.248426191065118,21.696153060111374,0.11032486024698057,0.2794325745682772,0.09047386951835457,0.22518984957243598,16.60969967051757,134.22426696458663,36.37059378862035,19.04503850927395
35,79.99900000642742,79.99900000642742,-11.74698759771173,37.10775990729177,38.35226527300426,39.47556528444892,41.415327035325625,0.1348092842680807,0.143864583888829,0.24138524498454494,0.5773577507474071,16.548781571558234,39.95424246186566,1.4540657473455934,27.708045042977545
35,79.99900000642742,79.99900000642742,-10.535924423299832,40.73772516431673,29.513145742948804,39.85345647531535,41.094715721513126,0.12920036625523432,0.11522843847557972,0.11176025346623511,0.5700420089906375,16.60969967051757,44.52777299397798,41.95759354390398,16.74736303121005
35,79.99900000642742,79.99900000642742,-11.768499922197456,36.999823767434584,38.77465769725404,38.21679631025834,38.511229048304756,0.1458925618163621,0.22391861010504496,0.249618996709095,0.12943622741392127,19.143619250523887,41.20753800167203,0.10515017756989087,19.449721656716637
35,79.99900000642742,79.99900000642742,-11.336925924793988,36.5238126772377,39.009537628838906,44.093105538751665,42.200483229642835,0.13213551494659553,0.14382279330299214,0.6085315810536674,0.12345672281827422,19.43917316370031,20.043347240884586,0.6340946804964815,9.3209632767784
35,79.99900000642742,79.99900000642742,-11.413428264504788,40.73772516431673,36.240675192186785,38.9480652436861,38.40301869556983,0.12920036625523432,0.09229084412799096,0.11176025346623511,0.5995222375748159,19.004872263375773,41.94113792382571,25.391906172073387,17.252695174353196
35,79.99900000642742,79.99900000642742,-10.123263833867043,37.5983649402111,38.62794374656807,24.239633139548758,21.690732276532284,0.12099260351271449,0.2794325745682772,0.0811452976757643,0.22518984957243598,16.60969967051757,109.77616524002183,37.05185897385785,19.297339231483196
35,79.99900000642742,79.99900000642742,-9.908595261666633,37.70670407195307,29.341629761750916,24.242688636417242,40.276791630306384,0.15157373790037054,0.14454690183084112,0.19989742801509738,0.5730555822086395,17.596878043728363,18.14358803717192,0.8443598614979049,17.094051360866665
35,79.99900000642742,79.99900000642742,-10.101360385836749,37.5451488518486,37.57780051773889,27.461643073814756,12.905406031896518,0.13161577269832667,0.154553167470799,0.08468690702898685,0.12588267291076527,45.876828205508836,19.138293484747784,2.203694158419136,19.206310278744247
35,79.99900000642742,79.99900000642742,-11.74308194938417,37.76317257021635,37.324476014759995,39.29418106948132,40.807999647938026,0.11950834908473748,0.28405638803981065,0.21266221456676565,0.5758956854666287,18.44723572886302,50.12299107270302,6.329581970472717,19.36774457798298
35,79.99900000642742,79.99900000642742,-11.692343573630183,37.766630329631894,37.45891349225411,39.81761276108938,40.317425059657026,0.13161577269832667,0.1545865213646672,0.6269738815593904,0.12206648806683962,30.148485457316347,19.138293484747784,1.5045423235882431,19.20961748205221
35,79.99900000642742,79.99900000642742,-10.144518769289846,44.14158574746787,38.80231133078601,26.607668749495346,40.83302485160652,0.13540335870240902,0.11964290174197514,0.12430999621689114,0.5781871700473209,17.436093160907582,19.926832447684845,14.849411352370872,18.454784185420202
35,79.99900000642742,79.99900000642742,-11.336925924793988,40.01386228133956,39.009537628838906,44.093105538751665,40.830784040694255,0.11989513766242114,0.14852040953851378,0.6085315810536674,0.13673636166662975,19.43917316370031,19.525958979027223,25.268098309114077,9.3209632767784
35,79.99900000642742,79.99900000642742,-9.774616207702415,35.36747513653214,35.20873325994957,24.04699533123523,41.10827107218338,0.13990153611189426,0.2796689256652823,0.1997868326041459,0.1169018910048437,15.29266033583079,19.138293484747784,0.4656250655535286,23.964115853544612
35,79.99900000642742,79.99900000642742,-11.278399115973762,37.762089667571054,43.294363111772164,40.39451456933216,41.77134732613666,0.14415677362742152,0.15499240958588817,0.639757620771936,0.5669465396175092,16.60969967051757,41.129111977873436,35.80120504797905,19.048434833530244
35,79.99900000642742,79.99900000642742,-11.888112622838513,37.935576027467285,38.793379252371984,38.21679631025834,38.511229048304756,0.1458925618163621,0.2243471066058299,0.20922662519808163,0.12943622741392127,19.437214976294133,41.04744382358195,0.10515017756989087,19.449721656716637
35,79.99900000642742,79.99900000642742,-11.870531827015597,40.002126955052624,39.009537628838906,39.98674161099614,40.830784040694255,0.1336190532487454,0.12833276416393097,0.6085315810536674,0.13673636166662975,12.62717903941544,19.86849725123945,25.268098309114077,9.3209632767784
35,79.99900000642742,79.99900000642742,-11.136367545259773,37.766630329631894,37.45891349225411,44.08009564526251,40.78115136754268,0.11992047036234037,0.1545865213646672,0.6269738815593904,0.12206648806683962,19.717880735922712,19.51688253477093,0.36705763867772134,19.20961748205221
35,79.99900000642742,79.99900000642742,-11.078983443843853,37.7377971823595,37.45947087518973,44.52059780572019,39.493022736015405,0.13889760014414398,0.15797228059357674,0.6312389236292875,0.13448606697376214,16.65424284695094,19.138293484747784,24.65660050705186,4.812929180350411
35,79.99900000642742,79.99900000642742,-10.144518769289846,44.14158574746787,38.80231133078601,26.607668749495346,40.83302485160652,0.13540335870240902,0.11964290174197514,0.12430999621689114,0.5781871700473209,17.436093160907582,19.926832447684845,14.849411352370872,31.4007510225088
35,79.99900000642742,79.99900000642742,-11.487395268174645,42.311982295725265,38.38201268506422,40.10011392278869,41.41047612763982,0.12890615195225869,0.12903851398917907,0.20086854515481659,0.5674514828870586,9.994295354180352,19.903813650558426,1.8089139306494637,16.77561507623382
35,79.99900000642742,79.99900000642742,-11.078983443843853,37.766630329631894,37.45947087518973,44.52059780572019,39.84446866802495,0.13889760014414398,0.15797228059357674,0.6269738815593904,0.13448606697376214,16.542982206289853,19.138293484747784,19.661767637065147,4.386810855123963
35,79.99900000642742,79.99900000642742,-11.536328179158502,39.24978198777691,35.694964694658786,39.052765666673665,41.068973327477465,0.5050165055658928,0.14954206424899236,0.20009286152748174,0.5750720239758575,18.639017512982264,17.25968785975083,22.14949674643807,25.269237347920427
35,79.99900000642742,79.99900000642742,-9.903550844483423,35.24782062165069,29.341629761750916,24.25383986175222,40.32661672071261,0.12913054654573944,0.14454690183084112,0.19989742801509738,0.5730555822086395,17.596878043728363,18.133395971508058,14.11708278964451,17.252695174353196
36,6416.9681188596,0.0,-10.205604828820533,37.595541592597904,38.81335039489502,25.056320749185808,14.182233343959679,0.13895782180788602,0.15495905569202,0.09009279424255161,0.57036913662982,16.60969967051757,41.129111977873436,36.350672604250384,19.04512763022228
36,6416.9681188596,0.0,-9.605605371631256,37.54060818978776,43.41334623334615,25.056320749185808,14.182233343959679,0.14415677362742152,0.15495905569202,0.09009279424255161,0.57036913662982,16.60969967051757,41.129111977873436,36.350672604250384,19.04512763022228
36,79.99900000642742,79.99900000642742,-9.776793185047254,37.720865447503684,35.230512798382556,24.063685490879017,41.10827107218338,0.1518658083029495,0.2796689256652823,0.19789623814568286,0.1169018910048437,19.012701238913614,19.138293484747784,0.4656250655535286,5.228561729523806
36,79.99900000642742,79.99900000642742,-11.75923355602243,39.97628942237793,38.36759304710482,40.21346911759949,41.41150126143758,0.12950955446832804,0.12903851398917907,0.20086854515481659,0.5586003142593787,10.034239268189664,19.511041757941932,1.1895198453164095,50.10920299977406
36,4546.883882721254,27.868369675358757,-7.73201756862813,35.25954949514645,38.90768175257732,7.793444808035938,40.514643448553535,0.15319248528879914,0.2829481888569379,0.22492732029137216,0.1215023096999312,18.446819991859645,16.551661632661673,1.9491132592742577,4.543065165259702
36,5082.253517974532,16.666458334672377,-7.636992796566531,37.60710849280028,34.91935294738575,6.479166440972456,39.92888833396232,0.11895074058027638,0.15462382057869728,0.6168407990665294,0.09232467867830024,19.013932053508512,192.4068219625383,0.431282735577291,4.457090801481069
36,4547.834262566466,23.333041668541327,-7.455662839222846,37.60420997432338,38.87132519722484,5.673539276095909,40.51345750872068,0.14587222106562533,0.28405638803981065,0.22529617038444244,0.11677455566370841,9.65499086329978,41.3229874581483,0.31399954678260666,5.448044640725059
36,4547.834262566466,23.333041668541327,-7.455662839222846,37.611963776838,38.87132519722484,5.673539276095909,40.51345750872068,0.1203452684931293,0.28405638803981065,0.22529617038444244,0.11677455566370841,9.65499086329978,16.415573486707604,0.31399954678260666,5.448044640725059
36,4547.308307183656,25.352093331069458,-7.414096764307633,37.86415537674652,37.41595356524249,5.673539276095909,40.83213074973731,0.1203452684931293,0.28448488454059645,0.20915280826102345,0.11696975987080868,9.948586592906643,49.510635259970364,0.30786970073098185,18.366006049517143
36,79.99900000642742,79.99900000642742,-11.336925924793988,40.01386228133956,39.009537628838906,44.093105538751665,40.830784040694255,0.11989513766242114,0.14852040953851378,0.6085315810536674,0.13673636166662975,19.43917316370031,19.525958979027223,25.268098309114077,9.3209632767784
36,79.99900000642742,79.99900000642742,-11.536361696130385,39.24952502432583,35.694964694658786,38.77456765956421,41.11019757376774,0.15325890230186584,0.13168535526817984,0.20007941282864117,0.5796768054594853,18.632718541501934,17.25968785975083,22.14949674643807,25.269237347920427
36,79.99900000642742,79.99900000642742,-11.536514531024999,39.24835329013377,35.694964694658786,39.052765666673665,41.068973327477465,0.5050165055658928,0.12896537448527298,0.20009286152748174,0.5729689127512351,12.903613599318934,17.310167124104034,22.14949674643807,25.532219344904746
36,79.99900000642742,79.99900000642742,-11.768499922197456,36.999823767434584,38.77465769725404,38.21679631025834,38.511229048304756,0.1458925618163621,0.22391861010504496,0.249618996709095,0.12943622741392127,19.143619250523887,41.20753800167203,0.10515017756989087,19.449721656716637
36,79.99900000642742,79.99900000642742,-10.224661092396126,44.14158574746787,38.320629661374326,27.22170300319466,40.83263462815767,0.13539849449932673,0.12047400791002033,0.24004573752651223,0.5776126454390003,17.446974898654783,19.881830331328487,14.849411352370872,17.205620662196285
36,79.99900000642742,79.99900000642742,-9.780672245174983,41.63760942628809,41.71958224750465,24.704736127179565,34.85325691148068,0.1358285664672139,0.14634866010563885,0.1318401855022953,0.13199778365020431,18.425533520059098,1.6894715283647095,14.286897698842605,17.257270216528937
36,79.99900000642742,79.99900000642742,-11.524156662074233,35.25954949514645,38.90768175257732,39.196067676869546,40.514643448553535,0.15319248528879914,0.2907104326836135,0.11355194386803816,0.09320103960112841,16.593289852912736,16.551661632661673,0.7822475239719822,4.543065165259702
36,79.99900000642742,79.99900000642742,-9.98216633880483,34.66483527681642,37.43262620393607,26.70441849912404,42.17447656828697,0.13204827293079557,0.143864583888829,0.14119128773095305,0.5616911382097474,17.5349629463028,19.924606543032294,1.4611173836517724,23.682001008238522
36,79.99900000642742,79.99900000642742,-9.551821772402093,35.28123150079557,26.845672924454984,25.089622262687932,43.85898867427184,0.12860999987150223,0.15440860240957796,0.10366261403288024,0.5703520919370565,16.606708237942897,17.8300825731579,25.78948376752394,17.26044004089379
36,79.99900000642742,79.99900000642742,-9.818454391663138,37.72112241095477,35.230512798382556,24.34186382864388,41.06704682589311,0.5036462718952337,0.29542447248378934,0.19790968684452342,0.1169018910048437,19.019000210393944,19.138293484747784,0.4656250655535286,3.6233248088137042
36,79.99900000642742,79.99900000642742,-10.101360385836749,37.5451488518486,37.57780051773889,27.461643073814756,12.905406031896518,0.13161577269832667,0.154553167470799,0.08468690702898685,0.12588267291076527,45.876828205508836,19.138293484747784,2.203694158419136,19.206310278744247
36,79.99900000642742,79.99900000642742,-10.033687355552885,37.5983649402111,39.32348979849293,24.248426191065118,21.696153060111374,0.11032486024698057,0.2794325745682772,0.09047386951835457,0.22518984957243598,16.60969967051757,134.22426696458663,36.37059378862035,19.04503850927395
36,79.99900000642742,79.99900000642742,-11.44348258287392,42.311982295725265,38.04534876442533,40.10011392278869,41.41047612763982,0.12944170683703585,0.252207855847749,0.20349274062948708,0.5674514828870586,18.928300284587923,24.43445273352703,1.801997632090833,4.481385626255607
36,79.99900000642742,79.99900000642742,-9.939552780203442,39.87145719834254,38.81335039489502,25.056320749185808,40.853082767626006,0.12867780242431884,0.11409124311065569,0.09009279424255161,0.57036913662982,10.04918500947424,41.129111977873436,32.913084335669566,19.04512763022228
36,79.99900000642742,79.99900000642742,-9.710743163960505,37.10290929295705,41.71958224750465,24.704736127179565,42.255705203482314,0.13585248905915195,0.1497758032783413,0.1317337204312064,0.13199778365020431,9.030772050592297,41.91392002345786,14.091786361979072,12.791580611529671
36,79.99900000642742,79.99900000642742,-11.52801274891172,39.322373916092545,35.70380499108244,39.052765666673665,41.068973327477465,0.511083575749263,0.12896537448527298,0.20009286152748174,0.08656945618249096,12.903613599318934,13.487119888553721,22.14949674643807,3.220382032508992
36,79.99900000642742,79.99900000642742,-10.204424969376142,37.592962824094236,38.82239598396869,25.056320749185808,14.13622463251515,0.139201461627543,0.28110700939924477,0.09009279424255161,0.1305273575913474,16.3816311726772,41.02048211010311,36.350672604250384,18.352440433540973
36,79.99900000642742,79.99900000642742,-11.738984024022564,38.604793783613324,37.24849024520169,39.06785084498379,41.068973327477465,0.5050165055658928,0.12896537448527298,0.20009286152748174,0.5729689127512351,18.503717397868936,17.310167124104034,22.14949674643807,25.83278082110683
36,79.99900000642742,79.99900000642742,-10.355039964027753,33.26168079836544,35.1645249881135,28.497368452763922,41.10872872855114,0.12944170683703585,0.252207855847749,0.20349274062948708,0.5674514828870586,18.93862383816518,24.43445273352703,0.49151563657015906,4.481385626255607
36,79.99900000642742,79.99900000642742,-11.75923355602243,39.91825480699545,38.36759304710482,40.21346911759949,41.0770253542819,0.1295081619961944,0.12903851398917907,0.20086854515481659,0.5586500000287827,10.033928560847015,19.511041757941932,1.1895198453164095,50.10920299977406
36,79.99900000642742,79.99900000642742,-11.695757919198016,37.596915451298514,37.49785813352922,39.830380753011056,41.415327035325625,0.13171537127383007,0.14288869590648792,0.5290401679483466,0.5830106283448369,9.994295354180352,19.08138491882138,1.4701690370675091,20.76374606579976
36,79.99900000642742,79.99900000642742,-9.903550844483423,35.24782062165069,29.341629761750916,24.25383986175222,40.32661672071261,0.12913054654573944,0.14454690183084112,0.19989742801509738,0.5730555822086395,17.596878043728363,18.133395971508058,14.11708278964451,17.252695174353196
36,79.99900000642742,79.99900000642742,-10.902555064973988,39.26012990474934,35.78391567785807,44.19766017972414,40.816943516233444,0.49075518544355823,0.14879542055160158,0.17854454904816783,0.5729278649508909,19.58570719565867,22.394937308748595,22.138679261730314,16.846281073247653
36,79.99900000642742,79.99900000642742,-9.774616207702415,35.36747513653214,35.20873325994957,24.04699533123523,41.10827107218338,0.13990153611189426,0.2796689256652823,0.1997868326041459,0.1169018910048437,15.29266033583079,19.138293484747784,0.4656250655535286,23.964115853544612
36,79.99900000642742,79.99900000642742,-11.74308194938417,37.76317257021635,37.324476014759995,39.29418106948132,40.807999647938026,0.11950834908473748,0.28405638803981065,0.21266221456676565,0.5758956854666287,18.44723572886302,50.12299107270302,6.329581970472717,19.36774457798298
36,79.99900000642742,79.99900000642742,-11.336925924793988,36.5238126772377,39.009537628838906,44.093105538751665,42.200483229642835,0.13213551494659553,0.14382279330299214,0.6085315810536674,0.12345672281827422,19.43917316370031,20.043347240884586,0.6340946804964815,9.3209632767784
36,79.99900000642742,79.99900000642742,-10.182091983846938,44.14158574746787,38.91990853544738,26.607668749495346,40.54496354000214,0.15335188958586035,0.11964290174197514,0.12430999621689114,0.5781871700473209,18.35318385476781,19.96671383889692,15.80445576280739,31.145035658194665
36,79.99900000642742,79.99900000642742,-11.736564223590221,40.40168697087252,38.38201268506422,40.10011392278869,41.07600022048415,0.128904759480125,0.08400036521861695,0.20086854515481659,0.5675011686564626,9.993984646837704,19.903813650558426,1.8089139306494637,16.77561507623382
36,79.99900000642742,79.99900000642742,-11.336925924793988,42.2824938648677,39.009537628838906,44.093105538751665,40.82860828602398,0.11929312761848547,0.14510242979154986,0.5811336930456468,0.13673636166662975,19.439505985655885,19.918730871643717,26.04996634444765,9.3209632767784
36,79.99900000642742,79.99900000642742,-11.278399115973762,37.762089667571054,43.294363111772164,40.39451456933216,41.77134732613666,0.14415677362742152,0.15499240958588817,0.639757620771936,0.5669465396175092,16.60969967051757,41.129111977873436,35.80120504797905,19.048434833530244
36,79.99900000642742,79.99900000642742,-11.26963301165663,39.91825480699545,43.67746393928835,38.07798369532257,41.440604732125564,0.1295081619961944,0.1548630280058414,0.6408486692637446,0.5586500000287827,9.995327094878643,19.511041757941932,1.1895198453164095,56.75649563285615
36,79.99900000642742,79.99900000642742,-10.123263833867043,37.5983649402111,38.62794374656807,24.239633139548758,21.690732276532284,0.12099260351271449,0.2794325745682772,0.0811452976757643,0.22518984957243598,16.60969967051757,109.77616524002183,37.05185897385785,19.297339231483196
36,79.99900000642742,79.99900000642742,-9.946281741270639,33.26465131735676,38.96773158213627,25.0675491786128,40.812722495537855,0.15122068291352786,0.14189318517390803,0.19785190504619618,0.5690975130435284,14.166615413804294,42.60315375444303,0.5296995621235703,5.764302903968543
36,79.99900000642742,79.99900000642742,-11.078983443843853,37.7377971823595,37.45947087518973,44.52059780572019,39.493022736015405,0.13889760014414398,0.15797228059357674,0.6312389236292875,0.13448606697376214,16.65424284695094,19.138293484747784,24.65660050705186,4.812929180350411
36,79.99900000642742,79.99900000642742,-9.944104763925793,33.26465131735676,38.94595204371035,25.05085901896901,40.812722495537855,0.13925641072247266,0.14189318517390803,0.19974249950465922,0.5690975130435284,14.183781301615229,42.60315375444303,0.5296995621235703,24.499580472043085
36,79.99900000642742,79.99900000642742,-11.870531827015597,40.002126955052624,39.009537628838906,39.98674161099614,40.830784040694255,0.1336190532487454,0.12833276416393097,0.6085315810536674,0.13673636166662975,12.62717903941544,19.86849725123945,25.268098309114077,9.3209632767784
36,79.99900000642742,79.99900000642742,-9.908595261666633,37.70670407195307,29.341629761750916,24.242688636417242,40.276791630306384,0.15157373790037054,0.14454690183084112,0.19989742801509738,0.5730555822086395,17.596878043728363,18.14358803717192,0.8443598614979049,17.094051360866665
36,79.99900000642742,79.99900000642742,-11.453806855248338,42.277037812690736,38.08955703626135,39.642273253699244,41.41001847127205,0.13990153611189426,0.2796689256652823,0.1997868326041459,0.1169018910048437,15.282336782253534,19.138293484747784,1.7761113103759112,23.964115853544612
36,79.99900000642742,79.99900000642742,-11.778896585825208,37.10775990729177,38.35226527300426,39.676691674273265,41.37181784961333,0.1348092842680807,0.143864583888829,0.24085734742981177,0.5689281997388274,14.08373027572009,42.430746643182104,1.4540657473455934,27.708045042977545
37,6416.9681188596,0.0,-10.205604828820533,37.595541592597904,38.81335039489502,25.056320749185808,14.182233343959679,0.13895782180788602,0.15495905569202,0.09009279424255161,0.57036913662982,16.60969967051757,41.129111977873436,36.350672604250384,19.04512763022228
37,79.99900000642742,79.99900000642742,-11.4387390084867,40.421155446434696,38.36759304710482,40.21346911759949,35.91046818266418,0.15174349891685865,0.11484020182060163,0.0871181573783361,0.5235324775436969,10.033928560847015,16.964421997072556,1.1895198453164095,50.10920299977406
37,79.99900000642742,79.99900000642742,-9.776793185047254,37.720865447503684,35.230512798382556,24.063685490879017,41.10827107218338,0.1518658083029495,0.2796689256652823,0.19789623814568286,0.1169018910048437,19.012701238913614,19.138293484747784,0.4656250655535286,5.228561729523806
37,6416.9681188596,0.0,-9.605605371631256,37.54060818978776,43.41334623334615,25.056320749185808,14.182233343959679,0.14415677362742152,0.15495905569202,0.09009279424255161,0.57036913662982,16.60969967051757,41.129111977873436,36.350672604250384,19.04512763022228
37,4546.786748050824,23.333041668541327,-7.414982436217311,37.611963776838,37.41066617139974,5.673539276095909,40.82534059842977,0.1203452684931293,0.28406135992061937,0.208793003135952,0.11677455566370841,9.65499086329978,50.18516615616031,0.31399954678260666,5.448044640725059
37,5082.253517974532,16.666458334672377,-7.636992796566531,37.60710849280028,34.91935294738575,6.479166440972456,39.92888833396232,0.11895074058027638,0.15462382057869728,0.6168407990665294,0.09232467867830024,19.013932053508512,192.4068219625383,0.431282735577291,4.457090801481069
37,79.99900000642742,79.99900000642742,-11.44348258287392,42.311982295725265,38.04534876442533,40.10011392278869,41.41047612763982,0.12944170683703585,0.252207855847749,0.20349274062948708,0.5674514828870586,18.928300284587923,24.43445273352703,1.801997632090833,4.481385626255607
37,79.99900000642742,79.99900000642742,-11.525052166374714,39.24835329013377,35.60708656567326,39.052765666673665,41.068973327477465,0.10721054930094248,0.28333150261617657,0.20009286152748174,0.5729689127512351,12.903613599318934,17.310167124104034,22.14949674643807,25.532219344904746
37,79.99900000642742,79.99900000642742,-11.736564223590221,40.40168697087252,38.38201268506422,40.10011392278869,41.07600022048415,0.128904759480125,0.08400036521861695,0.20086854515481659,0.5675011686564626,9.993984646837704,19.903813650558426,1.8089139306494637,16.77561507623382
37,79.99900000642742,79.99900000642742,-7.632884123882562,40.01386228133956,39.03992240884228,44.22886988773193,10.747648170831653,0.11989513766242114,0.14852040953851378,0.6085315810536674,0.1447688275458482,11.748445779858066,19.525958979027223,25.30471758120323,9.3209632767784
37,79.99900000642742,79.99900000642742,-9.81250546247044,39.91825480699545,35.103979444342144,24.305218055671038,41.07600951006427,0.13979629674401134,0.12903851398917907,0.20086854515481659,0.581809053996879,15.34157507515845,19.512560036988443,1.1294393064238577,24.2644914729778
37,79.99900000642742,79.99900000642742,-10.033687355552885,37.5983649402111,39.32348979849293,24.248426191065118,21.696153060111374,0.11032486024698057,0.2794325745682772,0.09047386951835457,0.22518984957243598,16.60969967051757,134.22426696458663,36.37059378862035,19.04503850927395
37,79.99900000642742,79.99900000642742,-11.768499922197456,36.999823767434584,38.77465769725404,38.21679631025834,38.511229048304756,0.1458925618163621,0.22391861010504496,0.249618996709095,0.12943622741392127,19.143619250523887,41.20753800167203,0.10515017756989087,19.449721656716637
37,79.99900000642742,79.99900000642742,-9.51349471363892,37.595541592597904,38.782965614891644,24.785685361449985,43.84889255688489,0.13895782180788602,0.15495905569202,0.09009279424255161,0.5624521155558658,16.60969967051757,41.129111977873436,36.314053332161436,19.04512763022228
37,79.99900000642742,79.99900000642742,-10.005246821141036,37.07378230060596,38.74532622130051,25.062812714707682,40.35592041929304,0.13585248905915195,0.1497758032783413,0.1317337204312064,0.13199778365020431,9.016368385908553,41.91392002345786,14.091786361979072,12.636022627591485
37,79.99900000642742,79.99900000642742,-11.451965902881774,39.09276836719912,43.294363111772164,39.9923991714068,41.77134732613666,0.14439118025499942,0.15499240958588817,0.639757620771936,0.571460518033014,16.60969967051757,41.129111977873436,35.80120504797905,19.10066597605897
37,79.99900000642742,79.99900000642742,-11.231381597138416,42.294456602034025,38.36665577172501,44.25939686033046,41.41150126143758,0.12950955446832804,0.12895651577067174,0.21503831110703425,0.13419505099470175,19.53879276591537,19.511041757941932,1.1895198453164095,50.10920299977406
37,79.99900000642742,79.99900000642742,-11.078983443843853,37.7377971823595,37.45947087518973,44.52059780572019,39.493022736015405,0.13889760014414398,0.15797228059357674,0.6312389236292875,0.13448606697376214,16.65424284695094,19.138293484747784,24.65660050705186,4.812929180350411
37,79.99900000642742,79.99900000642742,-10.019939982695114,37.08779106128242,37.56335637978047,28.08586616456728,12.905406031896518,0.13161577269832667,0.22556984012560638,0.08468690702898685,0.12944275943269495,45.876828205508836,19.138293484747784,2.2570973403386034,19.449114993363214
37,79.99900000642742,79.99900000642742,-11.778896585825208,37.10775990729177,38.35226527300426,39.676691674273265,41.37181784961333,0.1348092842680807,0.143864583888829,0.24085734742981177,0.5689281997388274,14.08373027572009,42.430746643182104,1.4540657473455934,27.708045042977545
37,79.99900000642742,79.99900000642742,-10.126810801709034,37.78952531007201,38.49501048137467,24.133893294477293,38.48925688693195,0.14509762973675508,0.2878442390919774,0.19378616486979425,0.11689309516529721,19.012701238913614,41.16125516693708,0.4656250655535286,5.228561729523806
37,79.99900000642742,79.99900000642742,-9.774616207702415,35.36747513653214,35.20873325994957,24.04699533123523,41.10827107218338,0.13990153611189426,0.2796689256652823,0.1997868326041459,0.1169018910048437,15.29266033583079,19.138293484747784,0.4656250655535286,23.964115853544612
37,79.99900000642742,79.99900000642742,-11.75923355602243,39.97628942237793,38.36759304710482,40.21346911759949,41.41150126143758,0.12950955446832804,0.12903851398917907,0.20086854515481659,0.5586003142593787,10.034239268189664,19.511041757941932,1.1895198453164095,50.10920299977406
37,79.99900000642742,79.99900000642742,-9.872356583231088,37.75655506540487,37.324476014759995,24.496066786043063,40.807999647938026,0.11950834908473748,0.28405638803981065,0.21266221456676565,0.22092275443873405,18.44723572886302,50.12299107270302,9.826420634532514,8.618651367016497
37,79.99900000642742,79.99900000642742,-10.222558787806499,44.18563362052266,37.41787206301111,27.205585334674186,40.83263462815767,0.15335846682060572,0.12047400791002033,0.23923561577741875,0.5776126454390003,17.446974898654783,19.881830331328487,15.341208483079921,17.205620662196285
37,79.99900000642742,79.99900000642742,-11.875141406370133,39.28051361435196,39.00775968257525,39.965008900404214,40.83159053421694,0.4874483055738742,0.12833276416393097,0.5993393324571382,0.13389400480515554,12.62717903941544,19.77593303335383,25.268098309114077,8.870953313334715
37,79.99900000642742,79.99900000642742,-11.59501673136792,35.36747513653214,38.4723468627114,39.955102967171754,41.109286916401004,0.12961340136407734,0.2796689256652823,0.1997868326041459,0.0983577084898748,28.528932694162435,19.136775205701273,0.5257056213542415,49.80882740350241
37,79.99900000642742,79.99900000642742,-9.818454391663138,37.72112241095477,35.230512798382556,24.34186382864388,41.06704682589311,0.5036462718952337,0.29542447248378934,0.19790968684452342,0.1169018910048437,19.019000210393944,19.138293484747784,0.4656250655535286,3.6233248088137042
37,79.99900000642742,79.99900000642742,-9.702191210934508,37.70536272309071,37.06071948785092,22.626514771972708,40.24304882147478,0.1392204156419736,0.14454690183084112,0.19989742801509738,0.5730555822086395,17.596878043728363,18.14358803717192,0.8443598614979049,17.094051360866665
37,79.99900000642742,79.99900000642742,-9.908595261666633,37.70670407195307,29.341629761750916,24.242688636417242,40.276791630306384,0.15157373790037054,0.14454690183084112,0.19989742801509738,0.5730555822086395,17.596878043728363,18.14358803717192,0.8443598614979049,17.094051360866665
37,79.99900000642742,79.99900000642742,-11.336925924793988,42.2824938648677,39.009537628838906,44.093105538751665,40.82860828602398,0.11929312761848547,0.14510242979154986,0.5811336930456468,0.13673636166662975,19.439505985655885,19.918730871643717,26.04996634444765,9.3209632767784
37,79.99900000642742,79.99900000642742,-10.494372002646621,37.73913853122186,33.36475691853018,44.90790489823942,39.526765544847,0.15125092240254093,0.15797228059357674,0.6312389236292875,0.13448606697376214,16.65424284695094,19.138293484747784,24.65660050705186,4.812929180350411
37,79.99900000642742,79.99900000642742,-10.355039964027753,33.26168079836544,35.1645249881135,28.497368452763922,41.10872872855114,0.12944170683703585,0.252207855847749,0.20349274062948708,0.5674514828870586,18.93862383816518,24.43445273352703,0.49151563657015906,4.481385626255607
37,79.99900000642742,79.99900000642742,-11.727762666235279,39.93178265704643,38.36759304710482,40.21346911759949,42.30062200979564,0.12950955446832804,0.12990063038565672,0.20086854515481659,0.5674590931421659,9.05000552261263,54.145968531623716,13.939926195182334,50.10920299977406
37,79.99900000642742,79.99900000642742,-9.944104763925793,33.26465131735676,38.94595204371035,25.05085901896901,40.812722495537855,0.13925641072247266,0.14189318517390803,0.19974249950465922,0.5690975130435284,14.183781301615229,42.60315375444303,0.5296995621235703,24.499580472043085
37,79.99900000642742,79.99900000642742,-11.464973615994552,37.86435185955809,37.41595356524249,41.517822509284244,40.83153149088215,0.11950576172880899,0.2840586293055995,0.20915280826102345,0.11696975987080868,10.041315780923336,50.15604629728313,0.30786970073098185,18.366006049517143
37,79.99900000642742,79.99900000642742,-11.75923355602243,39.91825480699545,38.36759304710482,40.21346911759949,41.0770253542819,0.1295081619961944,0.12903851398917907,0.20086854515481659,0.5586500000287827,10.033928560847015,19.511041757941932,1.1895198453164095,50.10920299977406
37,79.99900000642742,79.99900000642742,-9.518855436342385,38.51838601767939,38.36759304710482,22.230031862285124,41.252140183660146,0.12950955446832804,0.12903851398917907,0.20086854515481659,0.5586003142593787,10.034239268189664,17.804770512321376,1.1895198453164095,50.10920299977406
37,79.99900000642742,79.99900000642742,-10.899436782793842,37.536882638749574,34.94015793033381,43.377809262247666,39.92888833396232,0.11895074058027638,0.15462382057869728,0.602080123154452,0.09205418534653567,19.013932053508512,19.374124452695916,0.431282735577291,3.7885325089469575
37,79.99900000642742,79.99900000642742,-9.946281741270639,33.26465131735676,38.96773158213627,25.0675491786128,40.812722495537855,0.15122068291352786,0.14189318517390803,0.19785190504619618,0.5690975130435284,14.166615413804294,42.60315375444303,0.5296995621235703,5.764302903968543
37,79.99900000642742,79.99900000642742,-10.902555064973988,39.26012990474934,35.78391567785807,44.19766017972414,40.816943516233444,0.49075518544355823,0.14879542055160158,0.17854454904816783,0.5729278649508909,19.58570719565867,22.394937308748595,22.138679261730314,16.846281073247653
37,79.99900000642742,79.99900000642742,-11.336925924793988,40.01386228133956,39.009537628838906,44.093105538751665,40.830784040694255,0.11989513766242114,0.14852040953851378,0.6085315810536674,0.13673636166662975,19.43917316370031,19.525958979027223,25.268098309114077,9.3209632767784
37,79.99900000642742,79.99900000642742,-11.536361696130385,39.24952502432583,35.694964694658786,38.77456765956421,41.11019757376774,0.15325890230186584,0.13168535526817984,0.20007941282864117,0.5796768054594853,18.632718541501934,17.25968785975083,22.14949674643807,25.269237347920427
37,79.99900000642742,79.99900000642742,-11.695757919198016,37.596915451298514,37.49785813352922,39.830380753011056,41.415327035325625,0.13171537127383007,0.14288869590648792,0.5290401679483466,0.5830106283448369,9.994295354180352,19.08138491882138,1.4701690370675091,20.76374606579976
37,79.99900000642742,79.99900000642742,-9.939552780203442,39.87145719834254,38.81335039489502,25.056320749185808,40.853082767626006,0.12867780242431884,0.11409124311065569,0.09009279424255161,0.57036913662982,10.04918500947424,41.129111977873436,32.913084335669566,19.04512763022228
37,79.99900000642742,79.99900000642742,-10.204424969376142,37.592962824094236,38.82239598396869,25.056320749185808,14.13622463251515,0.139201461627543,0.28110700939924477,0.09009279424255161,0.1305273575913474,16.3816311726772,41.02048211010311,36.350672604250384,18.352440433540973
37,79.99900000642742,79.99900000642742,-9.589424489343287,44.14158574746787,43.584433889989725,25.103354974954946,40.83263462815767,0.13539849449932673,0.12047400791002033,0.24004573752651223,0.56978238963954,17.446974898654783,9.391703896462356,14.775181728292782,8.478061386154462
37,79.99900000642742,79.99900000642742,-11.524156662074233,35.25954949514645,38.90768175257732,39.196067676869546,40.514643448553535,0.15319248528879914,0.2907104326836135,0.11355194386803816,0.09320103960112841,16.593289852912736,16.551661632661673,0.7822475239719822,4.543065165259702
38,6416.9681188596,0.0,-10.205604828820533,37.595541592597904,38.81335039489502,25.056320749185808,14.182233343959679,0.13895782180788602,0.15495905569202,0.09009279424255161,0.57036913662982,16.60969967051757,41.129111977873436,36.350672604250384,19.04512763022228
38,79.99900000642742,79.99900000642742,-9.93276225286509,39.45096779377802,35.78391567785807,24.96812078819915,40.816943516233444,0.14681871845437147,0.14879542055160158,0.17854454904816783,0.5729278649508909,19.58570719565867,22.394937308748595,0.04469758048698935,17.35550861053727
38,6416.9681188596,0.0,-10.205604828820533,37.59558589864153,38.81335039489502,25.056320749185808,14.182233343959679,0.13895782180788602,0.15495905569202,0.09009279424255161,0.57036913662982,16.60969967051757,41.129111977873436,36.350672604250384,19.04512763022228
38,79.99900000642742,79.99900000642742,-11.4387390084867,40.421155446434696,38.36759304710482,40.21346911759949,35.91046818266418,0.15174349891685865,0.11484020182060163,0.0871181573783361,0.5235324775436969,10.033928560847015,16.964421997072556,1.1895198453164095,50.10920299977406
38,4546.786748050824,23.333041668541327,-7.414982436217311,37.611963776838,37.41066617139974,5.673539276095909,40.82534059842977,0.1203452684931293,0.28406135992061937,0.208793003135952,0.11677455566370841,9.65499086329978,50.18516615616031,0.31399954678260666,5.448044640725059
38,5082.253517974532,16.666458334672377,-7.636992796566531,37.60710849280028,34.91935294738575,6.479166440972456,39.92888833396232,0.11895074058027638,0.15462382057869728,0.6168407990665294,0.09232467867830024,19.013932053508512,192.4068219625383,0.431282735577291,4.457090801481069
38,79.99900000642742,79.99900000642742,-11.75923355602243,39.91825480699545,38.36759304710482,40.21346911759949,41.0770253542819,0.1295081619961944,0.12903851398917907,0.20086854515481659,0.5586500000287827,10.033928560847015,19.511041757941932,1.1895198453164095,50.10920299977406
38,79.99900000642742,79.99900000642742,-9.702191210934508,37.70536272309071,37.06071948785092,22.626514771972708,40.24304882147478,0.1392204156419736,0.14454690183084112,0.19989742801509738,0.5730555822086395,17.596878043728363,18.14358803717192,0.8443598614979049,17.094051360866665
38,79.99900000642742,79.99900000642742,-11.524156662074233,35.25954949514645,38.90768175257732,39.196067676869546,40.514643448553535,0.15319248528879914,0.2907104326836135,0.11355194386803816,0.09320103960112841,16.593289852912736,16.551661632661673,0.7822475239719822,4.543065165259702
38,79.99900000642742,79.99900000642742,-10.494372002646621,37.58518842733158,33.36475691853018,44.90790489823942,39.526765544847,0.15125092240254093,0.15797228059357674,0.2286563599952574,0.13448606697376214,16.65424284695094,19.080531485733943,24.65660050705186,4.812929180350411
38,79.99900000642742,79.99900000642742,-11.316357209083137,40.01386228133956,39.009537628838906,44.250799025868155,40.830784040694255,0.11959845429927145,0.14852040953851378,0.5998085013585868,0.13673636166662975,18.95141094426945,19.525958979027223,25.268098309114077,9.3209632767784
38,79.99900000642742,79.99900000642742,-11.44348258287392,42.311982295725265,38.04534876442533,40.10011392278869,41.41047612763982,0.12944170683703585,0.252207855847749,0.20349274062948708,0.5674514828870586,18.928300284587923,24.43445273352703,1.801997632090833,4.481385626255607
38,79.99900000642742,79.99900000642742,-11.450416357889615,39.248841734480045,35.669445528666564,39.88292011817951,41.252140183660146,0.12950955446832804,0.13159442521446488,0.20086854515481659,0.5790091953323354,18.56784107021104,17.80362071613897,1.1895198453164095,50.14102790321394
38,79.99900000642742,79.99900000642742,-11.336925924793988,42.2824938648677,39.009537628838906,44.093105538751665,40.82860828602398,0.11929312761848547,0.14510242979154986,0.5811336930456468,0.13673636166662975,19.439505985655885,19.918730871643717,26.04996634444765,9.3209632767784
38,79.99900000642742,79.99900000642742,-11.727762666235279,39.93178265704643,38.36759304710482,40.21346911759949,42.30062200979564,0.12950955446832804,0.12990063038565672,0.20086854515481659,0.5674590931421659,9.05000552261263,54.145968531623716,13.939926195182334,50.10920299977406
38,79.99900000642742,79.99900000642742,-11.464973615994552,37.86435185955809,37.41595356524249,41.517822509284244,40.83153149088215,0.11950576172880899,0.2840586293055995,0.20915280826102345,0.11696975987080868,10.041315780923336,50.15604629728313,0.30786970073098185,18.366006049517143
38,79.99900000642742,79.99900000642742,-11.736564223590221,40.40168697087252,38.38201268506422,40.10011392278869,41.07600022048415,0.128904759480125,0.08400036521861695,0.20086854515481659,0.5675011686564626,9.993984646837704,19.903813650558426,1.8089139306494637,16.77561507623382
38,79.99900000642742,79.99900000642742,-9.944104763925793,33.26465131735676,38.94595204371035,25.05085901896901,40.812722495537855,0.13925641072247266,0.14189318517390803,0.19974249950465922,0.5690975130435284,14.183781301615229,42.60315375444303,0.5296995621235703,24.499580472043085
38,79.99900000642742,79.99900000642742,-10.899436782793842,37.536882638749574,34.94015793033381,43.377809262247666,39.92888833396232,0.11895074058027638,0.15462382057869728,0.602080123154452,0.09205418534653567,19.013932053508512,19.374124452695916,0.431282735577291,3.7885325089469575
38,79.99900000642742,79.99900000642742,-9.946281741270639,33.26465131735676,38.96773158213627,25.0675491786128,40.812722495537855,0.15122068291352786,0.14189318517390803,0.19785190504619618,0.5690975130435284,14.166615413804294,42.60315375444303,0.5296995621235703,5.764302903968543
38,79.99900000642742,79.99900000642742,-9.818454391663138,37.72112241095477,35.230512798382556,24.34186382864388,41.06704682589311,0.5036462718952337,0.29542447248378934,0.19790968684452342,0.1169018910048437,19.019000210393944,19.138293484747784,0.4656250655535286,3.6233248088137042
38,79.99900000642742,79.99900000642742,-11.231381597138416,42.294456602034025,38.36665577172501,44.25939686033046,41.41150126143758,0.12950955446832804,0.12895651577067174,0.21503831110703425,0.13419505099470175,19.53879276591537,19.511041757941932,1.1895198453164095,50.10920299977406
38,79.99900000642742,79.99900000642742,-9.81250546247044,39.91825480699545,35.103979444342144,24.305218055671038,41.07600951006427,0.13979629674401134,0.12903851398917907,0.19367335531237267,0.10899025857747718,15.34157507515845,19.512560036988443,1.1294393064238577,24.2644914729778
38,79.99900000642742,79.99900000642742,-11.34449929125308,37.96071623811126,35.187963683873136,40.21346911759949,41.41150126143758,0.15199501591800782,0.12903851398917907,0.20086854515481659,0.5586003142593787,9.24736650354644,19.50764708699931,0.4534740161188429,2.7663730188234137
38,79.99900000642742,79.99900000642742,-9.908595261666633,37.70670407195307,29.341629761750916,24.242688636417242,40.276791630306384,0.15157373790037054,0.14454690183084112,0.19989742801509738,0.5730555822086395,17.596878043728363,18.14358803717192,0.8443598614979049,17.094051360866665
38,79.99900000642742,79.99900000642742,-11.875141406370133,39.28051361435196,39.00775968257525,39.965008900404214,40.83159053421694,0.4874483055738742,0.12833276416393097,0.5993393324571382,0.13389400480515554,12.62717903941544,19.77593303335383,25.268098309114077,8.870953313334715
38,79.99900000642742,79.99900000642742,-10.019939982695114,37.79968717803108,38.463444816236446,28.08586616456728,12.905406031896518,0.1544219756486019,0.22556984012560638,0.08468690702898685,0.12959268941765278,17.101681096474188,19.138293484747784,0.5185283710489237,5.297763939901302
38,79.99900000642742,79.99900000642742,-10.033687355552885,37.5983649402111,39.32348979849293,24.248426191065118,21.696153060111374,0.11032486024698057,0.2794325745682772,0.09047386951835457,0.22518984957243598,16.60969967051757,134.22426696458663,36.37059378862035,19.04503850927395
38,79.99900000642742,79.99900000642742,-11.486644365461778,44.211664599999025,43.83888430960333,39.90315777814363,40.83263462815767,0.12938676301827584,0.11956853703793735,0.24004395895447653,0.5695605819045652,17.446974898654783,9.390895769801501,1.9757860646617127,8.478061386154462
38,79.99900000642742,79.99900000642742,-11.813831224330627,37.10775990729177,38.35187015491284,39.676691674273265,41.103985621071764,0.1348092842680807,0.08336248213845793,0.2416971200635384,0.5689281997388274,14.08373027572009,42.430746643182104,1.8225378125550704,27.708045042977545
38,79.99900000642742,79.99900000642742,-11.536753133466156,35.36747513653214,38.91903444662494,39.516282442451335,40.488595931770014,0.13990153611189426,0.2801027120823912,0.12782282931114108,0.14704330314004305,15.29266033583079,19.138293484747784,0.4666209204785864,23.964115853544612
38,79.99900000642742,79.99900000642742,-10.494372002646621,37.73913853122186,33.36475691853018,44.90790489823942,39.526765544847,0.15125092240254093,0.15797228059357674,0.6312389236292875,0.13448606697376214,16.65424284695094,19.138293484747784,24.65660050705186,4.812929180350411
38,79.99900000642742,79.99900000642742,-9.790391025894657,40.421155446434696,40.13606078119639,23.195725313055455,35.91046818266418,0.15034861957488993,0.16671275653604814,0.0871181573783361,0.5235324775436969,16.650462109497333,16.964421997072556,1.2017266455468518,50.10920299977406
38,79.99900000642742,79.99900000642742,-11.536361696130385,39.24952502432583,35.694964694658786,38.77456765956421,41.11019757376774,0.15325890230186584,0.13168535526817984,0.20007941282864117,0.5796768054594853,18.632718541501934,17.25968785975083,22.14949674643807,25.269237347920427
38,79.99900000642742,79.99900000642742,-11.077404232471316,37.7377971823595,37.44736358800029,44.52059780572019,39.493022736015405,0.13889760014414398,0.1551274391556049,0.6312389236292875,0.1363237646295005,16.65424284695094,19.66247742069521,36.9591835004477,12.428489500308412
38,79.99900000642742,79.99900000642742,-11.336925924793988,40.01386228133956,39.009537628838906,44.093105538751665,40.830784040694255,0.11989513766242114,0.14852040953851378,0.6085315810536674,0.13673636166662975,19.43917316370031,19.525958979027223,25.268098309114077,9.3209632767784
38,79.99900000642742,79.99900000642742,-11.875141406370133,39.28051361435196,39.00775968257525,39.965008900404214,40.83159053421694,0.48722499648227496,0.12833276416393097,0.5993393324571382,0.13389400480515554,12.62717903941544,19.77593303335383,25.268098309114077,8.870953313334715
38,79.99900000642742,79.99900000642742,-9.905625189583958,37.595541592597904,38.46563978332474,24.785685361449985,40.842558907972936,0.08985628032424231,0.15404881340397708,0.09009279424255161,0.5697836727816922,17.42310827806115,41.129111977873436,24.964100969455565,19.062738262362473
38,79.99900000642742,79.99900000642742,-10.355039964027753,33.274319615112155,35.22664185924135,28.497368452763922,41.10872872855114,0.10842312785694685,0.2727510566634237,0.20349274062948708,0.5707809901089744,18.93862383816518,24.68715568951806,0.49151563657015906,4.481385626255607
38,79.99900000642742,79.99900000642742,-11.84230338591211,39.98839003371169,39.28714158011815,39.676691674273265,40.885699048947075,0.1348092842680807,0.14383478727835,0.24085734742981177,0.5926634441206555,14.08373027572009,18.72344437037188,1.4540657473455934,27.708045042977545
38,79.99900000642742,79.99900000642742,-11.44348258287392,42.311982295725265,38.04534876442533,39.48645700555921,41.41047612763982,0.12973839020018554,0.252207855847749,0.21190713589140017,0.5674514828870586,19.416062504018786,24.43445273352703,1.801997632090833,4.481385626255607
38,79.99900000642742,79.99900000642742,-9.939552780203442,39.87145719834254,38.81335039489502,25.056320749185808,40.853082767626006,0.12867780242431884,0.11409124311065569,0.09009279424255161,0.57036913662982,10.04918500947424,41.129111977873436,32.913084335669566,19.04512763022228
38,79.99900000642742,79.99900000642742,-9.729441231801026,35.25954949514645,35.1973805658967,23.726701366108156,41.1343185889669,0.15319248528879914,0.2902766462665047,0.18551603741199782,0.09303479345391995,16.593289852912736,16.551661632661673,0.781251669048375,4.543065165259702
38,79.99900000642742,79.99900000642742,-10.222558787806499,44.18563362052266,37.41787206301111,27.205585334674186,40.83263462815767,0.15335846682060572,0.12047400791002033,0.23923561577741875,0.5776126454390003,17.446974898654783,19.881830331328487,15.341208483079921,17.205620662196285
38,79.99900000642742,79.99900000642742,-10.287635668184318,37.613071960282355,37.37655273498531,24.248426191065118,21.895413274158912,0.12009208425198319,0.27950047406682815,0.09047386951835457,0.22518984957243598,9.336736709931193,128.73363011584019,0.7404284488994659,19.04503850927395
38,79.99900000642742,79.99900000642742,-10.019939982695114,37.08779106128242,37.56335637978047,28.08586616456728,12.905406031896518,0.13161577269832667,0.22556984012560638,0.08468690702898685,0.12944275943269495,45.876828205508836,19.138293484747784,2.2570973403386034,19.449114993363214
38,79.99900000642742,79.99900000642742,-9.419545718269134,37.592962824094236,38.82239598396869,25.063375511344603,44.84685833794789,0.13922488394146182,0.28347863051539973,0.09009279424255161,0.548207399311331,16.61312948037942,41.02048211010311,36.350672604250384,18.352440433540973
38,79.99900000642742,79.99900000642742,-10.355039964027753,33.26168079836544,35.1645249881135,28.497368452763922,41.10872872855114,0.12944170683703585,0.252207855847749,0.20349274062948708,0.5674514828870586,18.93862383816518,24.43445273352703,0.49151563657015906,4.481385626255607
39,6416.9681188596,0.0,-10.205604828820533,37.595541592597904,38.81335039489502,25.056320749185808,14.182233343959679,0.13895782180788602,0.15495905569202,0.09009279424255161,0.57036913662982,16.60969967051757,41.129111977873436,36.350672604250384,19.04512763022228
39,79.99900000642742,79.99900000642742,-9.93276225286509,39.45096779377802,35.78391567785807,24.96812078819915,40.816943516233444,0.14681871845437147,0.14879542055160158,0.17854454904816783,0.5729278649508909,19.58570719565867,22.394937308748595,0.04469758048698935,17.35550861053727
39,6416.9681188596,0.0,-10.205604828820533,37.59558589864153,38.81335039489502,25.056320749185808,14.182233343959679,0.13895782180788602,0.15495905569202,0.09009279424255161,0.57036913662982,16.60969967051757,41.129111977873436,36.350672604250384,19.04512763022228
39,79.99900000642742,79.99900000642742,-11.496409806156656,40.42760466890625,38.36759304710482,40.21346911759949,36.35261096480052,0.13150647165726678,0.11484020182060163,0.19718334091085218,0.567875298574448,10.033928560847015,17.01237885796055,1.0755713889146703,50.10920299977406
39,4546.255476355064,23.333041668541327,-7.687836354382448,37.611963776838,37.41066617139974,5.673539276095909,38.73346055916376,0.1265824204391459,0.12960356806606046,0.208793003135952,0.11677455566370841,9.65499086329978,60.51449560987984,0.31399954678260666,5.448044640725059
39,5082.253517974532,16.666458334672377,-7.636992796566531,37.60710849280028,34.91935294738575,6.479166440972456,39.92888833396232,0.11895074058027638,0.15462382057869728,0.6168407990665294,0.09232467867830024,19.013932053508512,192.4068219625383,0.431282735577291,4.457090801481069
39,79.99900000642742,79.99900000642742,-11.030338805085599,37.58518842733158,37.47383573722902,44.90790489823942,39.56327626418352,0.15125092240254093,0.15797228059357674,0.08414210909933559,0.12936768031332688,15.98076276461557,19.080531485733943,24.65660050705186,4.812929180350411
39,79.99900000642742,79.99900000642742,-10.033687355552885,37.5983649402111,39.32348979849293,24.248426191065118,21.696153060111374,0.11032486024698057,0.2794325745682772,0.09047386951835457,0.22518984957243598,16.60969967051757,134.22426696458663,36.37059378862035,19.04503850927395
39,79.99900000642742,79.99900000642742,-10.494372002646621,37.58518842733158,33.36475691853018,44.90790489823942,39.526765544847,0.15125092240254093,0.15797228059357674,0.2286563599952574,0.13448606697376214,16.65424284695094,19.080531485733943,24.65660050705186,4.812929180350411
39,79.99900000642742,79.99900000642742,-10.1807063009941,37.78489581558157,38.48566341062408,28.196664534821856,14.248746175776656,0.13862456925487537,0.22467036640807841,0.0845409408790457,0.12959268941765278,16.622654046676345,19.138293484747784,0.5185283710489237,1.6428840400768374
39,79.99900000642742,79.99900000642742,-11.44348258287392,42.311982295725265,38.04534876442533,40.10011392278869,41.41047612763982,0.12944170683703585,0.252207855847749,0.20349274062948708,0.5674514828870586,18.928300284587923,24.43445273352703,1.801997632090833,4.481385626255607
39,79.99900000642742,79.99900000642742,-11.434129708507719,37.86435185955809,37.39647012164764,41.73480902308843,40.83153149088215,0.11950576172880899,0.2955248283120028,0.20914667602571269,0.11696975987080868,10.041315780923336,50.15604629728313,0.3066433888212856,18.366006049517143
39,79.99900000642742,79.99900000642742,-9.93323194575424,39.45096779377802,39.08842974709734,24.970437634493457,40.81565938371089,0.12967482306552877,0.15007795951130692,0.09644794702890798,0.5700982736316246,19.442128348575324,35.08862750318954,0.04469758048698935,18.906403025045908
39,79.99900000642742,79.99900000642742,-11.442725341310187,40.421155446434696,38.36759304710482,40.182907232619385,35.91046818266418,0.15174349891685865,0.26807930627330984,0.12833283950608834,0.5235324775436969,12.976803604572186,19.236374965473694,2.226750385606361,31.600058150396038
39,79.99900000642742,79.99900000642742,-9.7898436863257,37.72112241095477,35.24999624197741,24.1225150877235,41.06704682589311,0.5022130998430104,0.2839582734773861,0.1979158190798342,0.1169018910048437,19.019000210393944,19.138293484747784,0.46685137746325983,3.6233248088137042
39,79.99900000642742,79.99900000642742,-11.336925924793988,42.2824938648677,39.009537628838906,44.093105538751665,40.82860828602398,0.11929312761848547,0.14510242979154986,0.5811336930456468,0.13673636166662975,19.439505985655885,19.918730871643717,26.04996634444765,9.3209632767784
39,79.99900000642742,79.99900000642742,-10.287635668184318,37.613071960282355,37.37655273498531,24.248426191065118,21.895413274158912,0.12018910775872249,0.27251678743405156,0.09316743774973271,0.22518984957243598,18.61609518684947,128.73363011584019,0.7404284488994659,19.420695933869375
39,79.99900000642742,79.99900000642742,-11.464973615994552,37.86435185955809,37.41595356524249,41.517822509284244,40.83153149088215,0.11950576172880899,0.2840586293055995,0.20915280826102345,0.11696975987080868,10.041315780923336,50.15604629728313,0.30786970073098185,18.366006049517143
39,79.99900000642742,79.99900000642742,-9.419545718269134,37.592962824094236,38.82239598396869,25.063375511344603,44.84685833794789,0.13922488394146182,0.28347863051539973,0.09009279424255161,0.548207399311331,16.61312948037942,41.02048211010311,36.350672604250384,18.352440433540973
39,79.99900000642742,79.99900000642742,-10.50285402483592,37.69737251903732,37.37655273498531,25.898433592060748,21.895413274158912,0.1389670775785923,0.27950047406682815,0.0901061407304116,0.22518984957243598,16.43043235370128,34.26780464928059,2.06777933172053,19.04503850927395
39,79.99900000642742,79.99900000642742,-11.077404232471316,37.7377971823595,37.44736358800029,44.52059780572019,39.493022736015405,0.13889760014414398,0.1551274391556049,0.6312389236292875,0.1363237646295005,16.65424284695094,19.66247742069521,36.9591835004477,12.428489500308412
39,79.99900000642742,79.99900000642742,-11.727762666235279,40.03524799632431,38.36759304710482,40.21346911759949,42.30062200979564,0.12950955446832804,0.12990555628914,0.20086854515481659,0.15901907275402566,9.05000552261263,54.145968531623716,13.593677453070192,51.07496508156265
39,79.99900000642742,79.99900000642742,-11.316357209083137,40.01386228133956,39.009537628838906,44.250799025868155,40.830784040694255,0.11959845429927145,0.14852040953851378,0.5998085013585868,0.13673636166662975,18.95141094426945,19.525958979027223,25.268098309114077,9.3209632767784
39,79.99900000642742,79.99900000642742,-9.939552780203442,39.87145719834254,38.81335039489502,25.056320749185808,40.853082767626006,0.12867780242431884,0.11409124311065569,0.09009279424255161,0.57036913662982,10.04918500947424,41.129111977873436,32.913084335669566,19.04512763022228
39,79.99900000642742,79.99900000642742,-9.702191210934508,37.70536272309071,38.92948045558906,22.626514771972708,40.24304882147478,0.13709714992117839,0.14460134693570367,0.19989742801509738,0.12892709942212935,19.45088501963769,18.14358803717192,0.8443598614979049,17.094051360866665
39,79.99900000642742,79.99900000642742,-11.524156662074233,35.25954949514645,38.90768175257732,39.196067676869546,40.514643448553535,0.15319248528879914,0.2907104326836135,0.11355194386803816,0.09320103960112841,16.593289852912736,16.551661632661673,0.7822475239719822,4.543065165259702
39,79.99900000642742,79.99900000642742,-10.019939982695114,37.79968717803108,38.463444816236446,28.08586616456728,12.905406031896518,0.1544219756486019,0.22556984012560638,0.08468690702898685,0.12959268941765278,17.101681096474188,19.138293484747784,0.5185283710489237,5.297763939901302
39,79.99900000642742,79.99900000642742,-10.355039964027753,33.274319615112155,35.22664185924135,28.497368452763922,41.10872872855114,0.1083261043502077,0.27973474329620024,0.21596598715534115,0.5707809901089744,9.659265365623629,24.68715568951806,0.49151563657015906,4.106114424418171
39,79.99900000642742,79.99900000642742,-9.81250546247044,39.91825480699545,35.103979444342144,24.305218055671038,41.07600951006427,0.13979629674401134,0.12903851398917907,0.19367335531237267,0.10899025857747718,15.34157507515845,19.512560036988443,1.1294393064238577,24.2644914729778
39,79.99900000642742,79.99900000642742,-11.228419437498076,36.540482833496974,38.99245391905805,44.90790489823942,39.526765544847,0.14962634647463624,0.16521313453038322,0.22968860793825246,0.13434887937006407,16.65424284695094,134.68379480361403,24.65660050705186,2.090577243338327
39,79.99900000642742,79.99900000642742,-10.511040726909116,37.73913853122186,33.36475691853018,44.78011134556029,39.92956709737787,0.15225673600400794,0.15797228059357674,0.6312389236292875,0.13448606697376214,30.68551908014627,19.138293484747784,24.65660050705186,4.812929180350411
39,79.99900000642742,79.99900000642742,-10.287635668184318,37.613071960282355,37.37655273498531,24.248426191065118,21.895413274158912,0.12009208425198319,0.27950047406682815,0.09047386951835457,0.22518984957243598,9.336736709931193,128.73363011584019,0.7404284488994659,19.04503850927395
39,79.99900000642742,79.99900000642742,-10.355039964027753,33.274319615112155,35.22664185924135,28.497368452763922,41.10872872855114,0.10842312785694685,0.2727510566634237,0.20349274062948708,0.5707809901089744,18.93862383816518,24.68715568951806,0.49151563657015906,4.481385626255607
39,79.99900000642742,79.99900000642742,-11.34449929125308,37.96071623811126,35.187963683873136,40.21346911759949,41.41150126143758,0.15199501591800782,0.12903851398917907,0.20086854515481659,0.5586003142593787,9.24736650354644,19.50764708699931,0.4534740161188429,2.7663730188234137
39,79.99900000642742,79.99900000642742,-10.956411724762617,42.41100382929298,34.91935294738575,42.92019639087229,39.930123327933266,0.11932058470231664,0.1450877727950253,0.6168407990665294,0.09232467867830024,19.00820577556545,192.4068219625383,16.72674983760897,9.247601220616772
39,79.99900000642742,79.99900000642742,-11.44348258287392,42.311982295725265,38.04534876442533,39.48645700555921,41.41047612763982,0.12973839020018554,0.252207855847749,0.21190713589140017,0.5674514828870586,19.416062504018786,24.43445273352703,1.801997632090833,4.481385626255607
39,79.99900000642742,79.99900000642742,-11.231381597138416,42.294456602034025,38.36665577172501,44.25939686033046,41.41150126143758,0.12950955446832804,0.12895651577067174,0.21503831110703425,0.13419505099470175,19.53879276591537,19.511041757941932,1.1895198453164095,50.10920299977406
39,79.99900000642742,79.99900000642742,-10.833865606998259,42.294456602034025,35.75819762946228,44.698561309142264,41.45511011555645,0.12634397629064667,0.14931272623673505,0.21503831110703425,0.14623346441735052,19.58633088709911,19.3361133166152,1.1895198453164095,18.621970585779774
39,79.99900000642742,79.99900000642742,-9.908595261666633,37.70670407195307,29.341629761750916,24.242688636417242,40.276791630306384,0.15157373790037054,0.14454690183084112,0.19989742801509738,0.5730555822086395,17.596878043728363,18.14358803717192,0.8443598614979049,17.094051360866665
39,79.99900000642742,79.99900000642742,-11.374088672923996,39.28051361435196,35.16635539282153,39.965008900404214,40.83159053421694,0.48118719880706556,0.1318554200587895,0.5993393324571382,0.13389400480515554,18.77870290953161,20.690588469198644,1.4110887665724494,8.870953313334715
39,79.99900000642742,79.99900000642742,-9.818454391663138,37.72112241095477,35.230512798382556,24.34186382864388,41.06704682589311,0.5036462718952337,0.29542447248378934,0.19790968684452342,0.1169018910048437,19.019000210393944,19.138293484747784,0.4656250655535286,3.6233248088137042
39,79.99900000642742,79.99900000642742,-10.8832087267417,37.536882638749574,34.94015793033381,43.50222435864741,39.52608678143146,0.11794492698558226,0.15462382057869728,0.602080123154452,0.09205418534653567,19.013932053508512,19.374124452695916,0.431282735577291,3.0201780023363165
39,79.99900000642742,79.99900000642742,-11.813831224330627,37.10775990729177,38.35187015491284,39.676691674273265,41.103985621071764,0.1348092842680807,0.08336248213845793,0.2416971200635384,0.5689281997388274,14.08373027572009,42.430746643182104,1.8225378125550704,27.708045042977545
39,79.99900000642742,79.99900000642742,-11.736564223590221,40.40168697087252,38.38201268506422,40.10011392278869,41.07600022048415,0.128904759480125,0.08400036521861695,0.20086854515481659,0.5675011686564626,9.993984646837704,19.903813650558426,1.8089139306494637,16.77561507623382
39,79.99900000642742,79.99900000642742,-11.786934447411944,39.91825480699545,38.579966547757756,40.21346911759949,41.0770253542819,0.12829431891711318,0.2703781628798799,0.09463548102057809,0.5393741216252845,9.913052407497755,136.62347660455137,1.1895198453164095,15.679633874154991
39,79.99900000642742,79.99900000642742,-10.494372002646621,37.6356731919437,33.36475691853018,44.90790489823942,39.526765544847,0.15125092240254093,0.1579673546901062,0.6312389236292875,0.5430583163594487,16.65424284695094,3.487936286298302,27.584351442872155,3.941945536512371
39,79.99900000642742,79.99900000642742,-9.419545718269134,35.278328572355846,38.82239598396869,25.063375511344603,44.84685833794789,0.13922488394146182,0.28347863051539973,0.08823770227094757,0.5478417179513642,16.593713030907338,16.598580362373376,2.1295996130102637,18.352440433540973
39,79.99900000642742,79.99900000642742,-10.355039964027753,33.26168079836544,35.1645249881135,28.497368452763922,41.10872872855114,0.12944170683703585,0.252207855847749,0.20349274062948708,0.5674514828870586,18.93862383816518,24.43445273352703,0.49151563657015906,4.481385626255607
40,6416.9681188596,0.0,-10.205604828820533,37.595541592597904,38.81335039489502,25.056320749185808,14.182233343959679,0.13895782180788602,0.15495905569202,0.09009279424255161,0.57036913662982,16.60969967051757,41.129111977873436,36.350672604250384,19.04512763022228
40,79.99900000642742,79.99900000642742,-9.93276225286509,39.45096779377802,35.78391567785807,24.96812078819915,40.816943516233444,0.14681871845437147,0.14879542055160158,0.17854454904816783,0.5729278649508909,19.58570719565867,22.394937308748595,0.04469758048698935,17.35550861053727
40,79.99900000642742,79.99900000642742,-11.464973615994552,37.36703316354365,37.41595356524249,41.517822509284244,40.83153149088215,0.11941227856510331,0.08326982884041682,0.20915280826102345,0.11696975987080868,10.041315780923336,50.15604629728313,1.8993159374918087,18.366006049517143
40,6416.9681188596,0.0,-10.205604828820533,37.59558589864153,38.81335039489502,25.056320749185808,14.182233343959679,0.13895782180788602,0.15495905569202,0.09009279424255161,0.57036913662982,16.60969967051757,41.129111977873436,36.350672604250384,19.04512763022228
40,4546.255476355064,23.333041668541327,-7.687836354382448,37.611963776838,37.41066617139974,5.673539276095909,38.73346055916376,0.1265824204391459,0.12960356806606046,0.208793003135952,0.11677455566370841,9.65499086329978,60.51449560987984,0.31399954678260666,5.448044640725059
40,5082.200296103919,16.666458334672377,-7.610640847553309,35.28493024444612,38.86412798905023,6.277134831871102,39.92888833396232,0.15222289969163272,0.2937646511115949,0.606897610152539,0.0875083336056063,16.421017872715424,191.91247631333368,0.431282735577291,4.457090801481069
40,79.99900000642742,79.99900000642742,-11.478109962814756,35.23150872602499,35.187963683873136,39.189120635626665,41.4957490412683,0.15199501591800782,0.3019858559318608,0.20086854515481659,0.12698822283804703,15.92086003813515,16.56641447570824,0.29095399445053355,2.7663730188234137
40,79.99900000642742,79.99900000642742,-11.524156662074233,35.25954949514645,38.90768175257732,39.196067676869546,40.514643448553535,0.15319248528879914,0.2907104326836135,0.11355194386803816,0.09320103960112841,16.593289852912736,16.551661632661673,0.7822475239719822,4.543065165259702
40,79.99900000642742,79.99900000642742,-11.434129708507719,37.86435185955809,37.39647012164764,41.73480902308843,40.83153149088215,0.11950576172880899,0.2955248283120028,0.20914667602571269,0.11696975987080868,10.041315780923336,50.15604629728313,0.3066433888212856,18.366006049517143
40,79.99900000642742,79.99900000642742,-11.077404232471316,37.7377971823595,37.44736358800029,44.52059780572019,39.493022736015405,0.13889760014414398,0.1551274391556049,0.6312389236292875,0.1363237646295005,16.65424284695094,19.66247742069521,36.9591835004477,12.428489500308412
40,79.99900000642742,79.99900000642742,-10.511040726909116,37.73913853122186,33.36475691853018,44.78011134556029,39.92956709737787,0.15225673600400794,0.15797228059357674,0.6312389236292875,0.13448606697376214,30.68551908014627,19.138293484747784,24.65660050705186,4.812929180350411
40,79.99900000642742,79.99900000642742,-11.736564223590221,40.40168697087252,38.38201268506422,40.10011392278869,41.07600022048415,0.128904759480125,0.08400036521861695,0.20086854515481659,0.5675011686564626,9.993984646837704,19.903813650558426,1.8089139306494637,16.77561507623382
40,79.99900000642742,79.99900000642742,-11.108766025265865,42.294456602034025,38.36665577172501,44.415373161514864,37.58257935521988,0.12967551624900456,0.15649575174487376,0.21545635396061436,0.5760003582316991,19.535240127546693,19.511041757941932,1.1895198453164095,50.10920299977406
40,79.99900000642742,79.99900000642742,-11.442725341310187,40.421155446434696,38.36759304710482,40.182907232619385,35.91046818266418,0.15174349891685865,0.26807930627330984,0.12833283950608834,0.5235324775436969,12.976803604572186,19.236374965473694,2.226750385606361,31.600058150396038
40,79.99900000642742,79.99900000642742,-11.030338805085599,37.58518842733158,37.47383573722902,44.90790489823942,39.97639887825823,0.15132624303025843,0.15797228059357674,0.08263290539176298,0.13452020340881332,13.897507194123282,19.137622453818892,24.65660050705186,4.812929180350411
40,79.99900000642742,79.99900000642742,-10.833865606998259,42.294456602034025,35.75819762946228,44.698561309142264,41.45511011555645,0.12634397629064667,0.14931272623673505,0.21503831110703425,0.14623346441735052,19.58633088709911,19.3361133166152,1.1895198453164095,18.621970585779774
40,79.99900000642742,79.99900000642742,-11.030338805085599,37.58518842733158,37.47383573722902,44.90790489823942,39.56327626418352,0.15125092240254093,0.15797228059357674,0.08414210909933559,0.12936768031332688,15.98076276461557,19.080531485733943,24.65660050705186,4.812929180350411
40,79.99900000642742,79.99900000642742,-9.908595261666633,37.70670407195307,29.341629761750916,24.242688636417242,40.276791630306384,0.15157373790037054,0.14454690183084112,0.19989742801509738,0.5730555822086395,17.596878043728363,18.14358803717192,0.8443598614979049,17.094051360866665
40,79.99900000642742,79.99900000642742,-9.795024301184146,37.70670407195307,29.341629761750916,23.371977939384884,40.276791630306384,0.15157373790037054,0.14454690183084112,0.20880032015653724,0.5730555822086395,17.496934731464123,18.14358803717192,0.8443598614979049,4.74300012536632
40,79.99900000642742,79.99900000642742,-10.206719890476606,39.91664122749137,38.80480158886511,25.056320749185808,14.182233343959679,0.13895782180788602,0.15495905569202,0.09009279424255161,0.17557751867255236,17.095368564224323,41.487473539692076,13.62262062609244,18.33870527826513
40,79.99900000642742,79.99900000642742,-11.496409806156656,40.42760466890625,38.36759304710482,40.21346911759949,36.35261096480052,0.13150647165726678,0.11484020182060163,0.19718334091085218,0.567875298574448,10.033928560847015,17.01237885796055,1.0755713889146703,50.10920299977406
40,79.99900000642742,79.99900000642742,-11.228419437498076,36.540482833496974,38.99245391905805,44.90790489823942,39.526765544847,0.14962634647463624,0.16521313453038322,0.22968860793825246,0.13434887937006407,16.65424284695094,134.68379480361403,24.65660050705186,2.090577243338327
40,79.99900000642742,79.99900000642742,-11.336925924793988,42.2824938648677,39.009537628838906,44.093105538751665,40.82860828602398,0.11929312761848547,0.14510242979154986,0.5811336930456468,0.13673636166662975,19.439505985655885,19.918730871643717,26.04996634444765,9.3209632767784
40,79.99900000642742,79.99900000642742,-9.81250546247044,39.91825480699545,35.103979444342144,24.305218055671038,41.07600951006427,0.13979629674401134,0.12903851398917907,0.19367335531237267,0.10899025857747718,15.34157507515845,19.512560036988443,1.1294393064238577,24.2644914729778
40,79.99900000642742,79.99900000642742,-10.004554014050736,37.543910949580635,36.98021055633921,24.96812078819915,40.266540013810136,0.14684521908455064,0.14879542055160158,0.17863096957291041,0.5729278649508909,17.58073922831005,18.229394567207372,0.04469758048698935,17.35550861053727
40,79.99900000642742,79.99900000642742,-10.494372002646621,37.6356731919437,33.36475691853018,44.90790489823942,39.526765544847,0.15125092240254093,0.1579673546901062,0.6312389236292875,0.5430583163594487,16.65424284695094,3.487936286298302,27.584351442872155,3.941945536512371
40,79.99900000642742,79.99900000642742,-11.374088672923996,39.28051361435196,35.16635539282153,39.965008900404214,40.83159053421694,0.48118719880706556,0.1318554200587895,0.5993393324571382,0.13389400480515554,18.77870290953161,20.690588469198644,1.4110887665724494,8.870953313334715
40,79.99900000642742,79.99900000642742,-10.355039964027753,33.274319615112155,35.22664185924135,28.497368452763922,41.10872872855114,0.10842312785694685,0.2727510566634237,0.20349274062948708,0.5707809901089744,18.93862383816518,24.68715568951806,0.49151563657015906,4.481385626255607
40,79.99900000642742,79.99900000642742,-10.1807063009941,37.78489581558157,38.48566341062408,28.196664534821856,14.248746175776656,0.13862456925487537,0.22467036640807841,0.0845409408790457,0.12959268941765278,16.622654046676345,19.138293484747784,0.5185283710489237,1.6428840400768374
40,79.99900000642742,79.99900000642742,-10.552354527413847,37.80648939482647,38.48566341062408,28.04237635686571,39.14099164669284,0.13862456925487537,0.22467036640807841,0.0845409408790457,0.11725913031883389,7.4208133147335165,2.9821710861881083,0.5185283710489237,1.6645404681739464
40,79.99900000642742,79.99900000642742,-9.802148958376563,39.61376091615044,29.382181093511694,23.9770038136167,40.82719513272969,0.15154723727019134,0.14454690183084112,0.1998110074903548,0.5730555822086395,19.601846011076987,22.309130778713147,0.8443598614979049,17.094051360866665
40,79.99900000642742,79.99900000642742,-9.818454391663138,37.72112241095477,35.230512798382556,24.34186382864388,41.06704682589311,0.5036462718952337,0.29542447248378934,0.19790968684452342,0.1169018910048437,19.019000210393944,19.138293484747784,0.4656250655535286,3.6233248088137042
40,79.99900000642742,79.99900000642742,-11.153513646065349,40.01386228133956,37.76107031236918,44.250799025868155,40.830784040694255,0.11959845429927145,0.14852040953851378,0.5998085013585868,0.13673636166662975,18.95141094426945,19.525958979027223,25.268098309114077,9.3209632767784
40,79.99900000642742,79.99900000642742,-11.34449929125308,37.96071623811126,35.187963683873136,40.21346911759949,41.41150126143758,0.15199501591800782,0.12903851398917907,0.20086854515481659,0.5586003142593787,9.24736650354644,19.50764708699931,0.4534740161188429,2.7663730188234137
40,79.99900000642742,79.99900000642742,-9.93323194575424,39.45096779377802,39.08842974709734,24.970437634493457,40.81565938371089,0.12967482306552877,0.15007795951130692,0.09644794702890798,0.5700982736316246,19.442128348575324,35.08862750318954,0.04469758048698935,18.906403025045908
40,79.99900000642742,79.99900000642742,-9.419545718269134,35.278328572355846,38.82239598396869,25.063375511344603,44.84685833794789,0.13922488394146182,0.28347863051539973,0.08823770227094757,0.5478417179513642,16.593713030907338,16.598580362373376,2.1295996130102637,18.352440433540973
40,79.99900000642742,79.99900000642742,-10.511040726909116,37.73913853122186,33.36475691853018,44.78011134556029,39.51644448330317,0.15218141537629043,0.15797228059357674,0.6312389236292875,0.12933354387827567,12.817780402837787,19.081202516662835,24.65660050705186,4.812929180350411
40,79.99900000642742,79.99900000642742,-11.02232124788761,42.294456602034025,35.75819762946228,43.25373472899058,41.45511011555645,0.160776951812228,0.14931272623673505,0.2345214712520626,0.14608291441917634,19.58633088709911,19.3361133166152,1.1895198453164095,18.621970585779774
40,79.99900000642742,79.99900000642742,-10.8832087267417,37.536882638749574,34.94015793033381,43.50222435864741,39.52608678143146,0.11794492698558226,0.15462382057869728,0.602080123154452,0.09205418534653567,19.013932053508512,19.374124452695916,0.431282735577291,3.0201780023363165
40,79.99900000642742,79.99900000642742,-10.494372002646621,37.58518842733158,33.36475691853018,44.90790489823942,39.526765544847,0.15125092240254093,0.15797228059357674,0.2286563599952574,0.13448606697376214,16.65424284695094,19.080531485733943,24.65660050705186,4.812929180350411
40,79.99900000642742,79.99900000642742,-9.93276225286509,39.45096779377802,35.78391567785807,24.96812078819915,40.816943516233444,0.14681871845437147,0.10875756273916454,0.17854454904816783,0.20419537647149788,0.6503439425124782,29.781357586272076,0.7496760773166513,17.35550861053727
40,79.99900000642742,79.99900000642742,-10.293027357451319,40.43714170862194,38.508322161550765,25.421531902010912,35.22020982318926,0.13935922213440832,0.2770102659520129,0.13301081790056846,0.22518984957243598,16.325263816418694,34.26780464928059,2.0898969880108913,50.76604469655523
40,79.99900000642742,79.99900000642742,-11.240941246779947,37.591676722660694,35.16635539282153,40.98580583417522,40.83159053421694,0.15264170179716227,0.1318554200587895,0.574556601791617,0.13993158133354794,18.77870290953161,20.690588469198644,37.758960887327596,8.870953313334715
40,79.99900000642742,79.99900000642742,-10.355039964027753,33.274319615112155,35.22664185924135,28.497368452763922,41.10872872855114,0.1083261043502077,0.27973474329620024,0.21596598715534115,0.5707809901089744,9.659265365623629,24.68715568951806,0.49151563657015906,4.106114424418171
40,79.99900000642742,79.99900000642742,-10.12046664225543,37.7245541599342,35.230512798382556,26.65729108318478,41.06704682589311,0.5073958432267824,0.12987559087402534,0.19790968684452342,0.1167638979457907,19.019000210393944,20.640164495982955,11.90562748181578,3.6233248088137042
40,79.99900000642742,79.99900000642742,-10.355039964027753,33.26168079836544,35.1645249881135,28.497368452763922,41.10872872855114,0.12944170683703585,0.252207855847749,0.20349274062948708,0.5674514828870586,18.93862383816518,24.43445273352703,0.49151563657015906,4.481385626255607
40,79.99900000642742,79.99900000642742,-11.786934447411944,37.44806725681071,38.579966547757756,40.21346911759949,41.0770253542819,0.11924365118098369,0.2703781628798799,0.0901350732792684,0.5393741216252845,9.913052407497755,136.62347660455137,1.1895198453164095,15.679633874154991
40,79.99900000642742,79.99900000642742,-11.44348258287392,42.311982295725265,38.04534876442533,40.10011392278869,41.41047612763982,0.12944170683703585,0.252207855847749,0.20349274062948708,0.5674514828870586,18.928300284587923,24.43445273352703,1.801997632090833,4.481385626255607
41,6416.9681188596,0.0,-10.205604828820533,37.595541592597904,38.81335039489502,25.056320749185808,14.182233343959679,0.13895782180788602,0.15495905569202,0.09009279424255161,0.57036913662982,16.60969967051757,41.129111977873436,36.350672604250384,19.04512763022228
41,79.99900000642742,79.99900000642742,-9.93276225286509,39.45096779377802,35.78391567785807,24.96812078819915,40.816943516233444,0.14681871845437147,0.14879542055160158,0.17854454904816783,0.5729278649508909,19.58570719565867,22.394937308748595,0.04469758048698935,17.35550861053727
41,79.99900000642742,79.99900000642742,-10.552354527413847,37.812241336272535,38.48566341062408,28.04237635686571,39.14099164669284,0.11927845225457637,0.22206353518333755,0.0845409408790457,0.11593857404259725,7.4208133147335165,1.996973844165268,0.5185283710489237,1.6645404681739464
41,6416.9681188596,0.0,-10.205604828820533,37.59558589864153,38.81335039489502,25.056320749185808,14.182233343959679,0.13895782180788602,0.15495905569202,0.09009279424255161,0.57036913662982,16.60969967051757,41.129111977873436,36.350672604250384,19.04512763022228
41,4546.255476355064,23.333041668541327,-7.687836354382448,37.611963776838,37.41066617139974,5.673539276095909,38.73346055916376,0.1265824204391459,0.12960356806606046,0.208793003135952,0.11677455566370841,9.65499086329978,60.51449560987984,0.31399954678260666,5.448044640725059
41,5082.200296103919,16.666458334672377,-7.610640847553309,35.28493024444612,38.86412798905023,6.277134831871102,39.92888833396232,0.15222289969163272,0.2937646511115949,0.606897610152539,0.0875083336056063,16.421017872715424,191.91247631333368,0.431282735577291,4.457090801481069
41,79.99900000642742,79.99900000642742,-10.8832087267417,37.536882638749574,34.94015793033381,43.50222435864741,39.52608678143146,0.11794492698558226,0.15462382057869728,0.602080123154452,0.09205418534653567,19.013932053508512,19.374124452695916,0.431282735577291,3.0201780023363165
41,79.99900000642742,79.99900000642742,-11.46452704032891,40.42760466890625,38.36759304710482,40.21346911759949,36.10817642678782,0.13150647165726678,0.11484020182060163,0.19718334091085218,0.567875298574448,10.033928560847015,17.01237885796055,1.0755713889146703,50.10920299977406
41,79.99900000642742,79.99900000642742,-10.494372002646621,37.58518842733158,33.36475691853018,44.90790489823942,39.526765544847,0.219489986608722,0.15797228059357674,0.25019993048687517,0.1650714621751753,16.65424284695094,19.080531485733943,24.65660050705186,3.9877070513891133
41,79.99900000642742,79.99900000642742,-11.496409806156656,40.42760466890625,38.36759304710482,40.21346911759949,36.35261096480052,0.13150647165726678,0.11484020182060163,0.19718334091085218,0.567875298574448,10.033928560847015,17.01237885796055,1.0755713889146703,50.10920299977406
41,79.99900000642742,79.99900000642742,-10.511040726909116,37.73913853122186,33.36475691853018,44.78011134556029,39.51644448330317,0.15218141537629043,0.15797228059357674,0.6312389236292875,0.12933354387827567,12.817780402837787,19.081202516662835,24.65660050705186,4.812929180350411
41,79.99900000642742,79.99900000642742,-10.1807063009941,37.78489581558157,38.48566341062408,28.196664534821856,14.248746175776656,0.13862456925487537,0.22467036640807841,0.0845409408790457,0.12959268941765278,16.622654046676345,19.138293484747784,0.5185283710489237,1.6428840400768374
41,79.99900000642742,79.99900000642742,-11.224069630982243,37.591676722660694,35.03700633837245,40.98580583417522,40.1888594323206,0.15264170179716227,0.132017584093844,0.574556601791617,0.13993158133354794,18.77870290953161,16.50940093825319,37.758960887327596,8.827528310667168
41,79.99900000642742,79.99900000642742,-11.768390791153976,40.40168697087252,38.62601636971967,40.08188190595431,41.08833730665766,0.128904759480125,0.08400036521861695,0.20086854515481659,0.58585790450216,9.993984646837704,19.362305832983928,1.189751929135626,16.852311464571624
41,79.99900000642742,79.99900000642742,-11.786934447411944,38.679752303467716,38.579966547757756,40.21346911759949,41.0770253542819,0.13858976818128438,0.25861023114901804,0.0901350732792684,0.5413188111853111,9.913052407497755,140.66024447555634,1.1895198453164095,15.679633874154991
41,79.99900000642742,79.99900000642742,-11.02232124788761,42.294456602034025,35.75819762946228,43.25373472899058,41.45511011555645,0.160776951812228,0.14931272623673505,0.2345214712520626,0.14608291441917634,19.58633088709911,19.3361133166152,1.1895198453164095,18.621970585779774
41,79.99900000642742,79.99900000642742,-7.936091364529524,37.58518842733158,37.47383573722902,44.90790489823942,13.751272026299148,0.13953451158280705,0.15797228059357674,0.08264376135240556,0.13452020340881332,16.700883210989513,19.137622453818892,24.65660050705186,4.812929180350411
41,79.99900000642742,79.99900000642742,-9.81250546247044,39.91825480699545,35.103979444342144,24.305218055671038,41.07600951006427,0.13979629674401134,0.12903851398917907,0.19367335531237267,0.10899025857747718,17.547138402399902,19.512560036988443,1.1294393064238577,34.090339542096146
41,79.99900000642742,79.99900000642742,-11.34449929125308,37.96071623811126,35.187963683873136,40.21346911759949,41.41150126143758,0.15199501591800782,0.12903851398917907,0.20086854515481659,0.5586003142593787,9.24736650354644,19.50764708699931,0.4534740161188429,2.7663730188234137
41,79.99900000642742,79.99900000642742,-10.488560370924226,37.6356731919437,33.36475691853018,44.95246074144442,39.526765544847,0.15125092240254093,0.1579673546901062,0.6082637629941275,0.5439878770501569,16.65424284695094,3.487936286298302,27.584351442872155,4.767167665473669
41,79.99900000642742,79.99900000642742,-10.355039964027753,33.274319615112155,35.22664185924135,28.497368452763922,41.10872872855114,0.1083261043502077,0.27973474329620024,0.18249115996957588,0.5707809901089744,0.469070404824814,24.68715568951806,0.49151563657015906,4.106114424418171
41,79.99900000642742,79.99900000642742,-11.228419437498076,36.540482833496974,38.99245391905805,44.90790489823942,39.526765544847,0.14962634647463624,0.16521313453038322,0.22968860793825246,0.13434887937006407,16.65424284695094,134.68379480361403,24.65660050705186,2.090577243338327
41,79.99900000642742,79.99900000642742,-10.355039964027753,33.274319615112155,35.22664185924135,28.497368452763922,41.10872872855114,0.1083261043502077,0.27973474329620024,0.21596598715534115,0.5707809901089744,9.659265365623629,24.68715568951806,0.49151563657015906,4.106114424418171
41,79.99900000642742,79.99900000642742,-11.153513646065349,40.01386228133956,37.76107031236918,44.250799025868155,40.830784040694255,0.11959845429927145,0.14852040953851378,0.5998085013585868,0.13673636166662975,18.95141094426945,19.525958979027223,25.268098309114077,9.3209632767784
41,79.99900000642742,79.99900000642742,-11.01994321901553,42.294456602034025,35.75819762946228,43.27196628367652,41.44277302938294,0.160776951812228,0.14931272623673505,0.2345214712520626,0.14581654937398433,19.58633088709911,19.877621134189702,1.8086818468303536,18.545274197441973
41,79.99900000642742,79.99900000642742,-9.998251902917737,33.274319615112155,30.533947338576716,25.675589834110056,41.02232524507402,0.10842312785694685,0.11740255692073683,0.20349274062948708,0.5707809901089744,9.83183783496707,23.631756149863897,0.49151563657015906,5.466847791709983
41,79.99900000642742,79.99900000642742,-9.756385222501606,33.09592840175157,27.550154916799194,23.07574500281874,40.276791630306384,0.15157373790037054,0.14454690183084112,0.20880032015653724,0.5730555822086395,17.496934731464123,18.05894481122279,0.8553479592935656,4.74300012536632
41,79.99900000642742,79.99900000642742,-10.355039964027753,33.26168079836544,35.1645249881135,28.497368452763922,41.10872872855114,0.12944170683703585,0.252207855847749,0.20349274062948708,0.5674514828870586,18.93862383816518,24.43445273352703,0.49151563657015906,4.481385626255607
41,79.99900000642742,79.99900000642742,-9.818454391663138,37.72112241095477,35.230512798382556,24.34186382864388,41.06704682589311,0.5036462718952337,0.29542447248378934,0.19790968684452342,0.1169018910048437,19.019000210393944,19.138293484747784,0.4656250655535286,3.6233248088137042
41,79.99900000642742,79.99900000642742,-11.228419437498076,36.540482833496974,38.99245391905805,44.90790489823942,39.526765544847,0.14962634647463624,0.16521313453038322,0.22968860793825246,0.13434887937006407,22.465108537608636,134.68379480361403,24.65660050705186,2.090577243338327
41,79.99900000642742,79.99900000642742,-11.440850395151777,40.421155446434696,38.36759304710482,40.19728181983389,35.91046818266418,0.15165740830627866,0.26807930627330984,0.608223720069601,0.5235324775436969,12.976803604572186,16.62021465763238,2.226750385606361,31.600058150396038
41,79.99900000642742,79.99900000642742,-11.030338805085599,37.58518842733158,37.47383573722902,44.90790489823942,39.56327626418352,0.15125092240254093,0.15797228059357674,0.08414210909933559,0.10653828171169781,15.98076276461557,19.080531485733943,24.65660050705186,4.37259868239827
41,79.99900000642742,79.99900000642742,-10.494372002646621,37.58518842733158,33.36475691853018,44.90790489823942,39.526765544847,0.15125092240254093,0.15797228059357674,0.2286563599952574,0.13448606697376214,16.65424284695094,19.080531485733943,24.65660050705186,4.812929180350411
41,79.99900000642742,79.99900000642742,-10.12046664225543,37.7245541599342,35.230512798382556,26.65729108318478,41.06704682589311,0.5073958432267824,0.12987559087402534,0.19790968684452342,0.1167638979457907,17.269124273145792,20.640164495982955,11.90562748181578,3.6233248088137042
41,79.99900000642742,79.99900000642742,-11.442725341310187,40.421155446434696,38.36759304710482,40.182907232619385,35.91046818266418,0.15174349891685865,0.26807930627330984,0.12833283950608834,0.5235324775436969,12.976803604572186,19.236374965473694,2.226750385606361,31.600058150396038
41,79.99900000642742,79.99900000642742,-11.336925924793988,42.2824938648677,39.009537628838906,44.093105538751665,40.82860828602398,0.11929312761848547,0.14510242979154986,0.5811336930456468,0.13673636166662975,19.439505985655885,19.918730871643717,26.04996634444765,9.3209632767784
41,79.99900000642742,79.99900000642742,-10.494372002646621,37.6356731919437,33.36475691853018,44.90790489823942,39.526765544847,0.15125092240254093,0.1579673546901062,0.6312389236292875,0.5430583163594487,16.65424284695094,3.487936286298302,27.584351442872155,3.941945536512371
41,79.99900000642742,79.99900000642742,-11.077404232471316,37.7377971823595,37.44736358800029,44.52059780572019,39.493022736015405,0.13889760014414398,0.1551274391556049,0.6312389236292875,0.1363237646295005,16.65424284695094,19.66247742069521,36.9591835004477,12.428489500308412
41,79.99900000642742,79.99900000642742,-11.44348258287392,42.311982295725265,38.04534876442533,40.10011392278869,41.41047612763982,0.12944170683703585,0.252207855847749,0.20349274062948708,0.5674514828870586,18.928300284587923,24.43445273352703,1.801997632090833,4.481385626255607
41,79.99900000642742,79.99900000642742,-9.742299943912546,37.58299891806949,35.20231269440761,23.758013062555992,41.06704682589311,0.5036462718952337,0.17263653618452102,0.19790968684452342,0.1169018910048437,19.019000210393944,19.13796671630437,0.4656250655535286,3.6197995417750763
41,79.99900000642742,79.99900000642742,-10.12046664225543,37.7245541599342,35.230512798382556,26.65729108318478,41.06704682589311,0.5073958432267824,0.12987559087402534,0.19790968684452342,0.1167638979457907,19.019000210393944,20.640164495982955,11.90562748181578,3.6233248088137042
41,79.99900000642742,79.99900000642742,-11.496409806156656,40.33986859253612,38.36660323688672,40.21346911759949,36.35261096480052,0.13165779035636796,0.11490016752507062,0.19718334091085218,0.5677027293629316,10.033928560847015,17.01237885796055,1.188679133232303,50.10920299977406
41,79.99900000642742,79.99900000642742,-10.1807063009941,37.78489581558157,38.48566341062408,28.196664534821856,14.248746175776656,0.1227658621157526,0.22467036640807841,0.0845409408790457,0.12959268941765278,16.622654046676345,19.138293484747784,0.5185283710489237,1.6428840400768374
41,79.99900000642742,79.99900000642742,-10.407591433359737,37.80648939482647,38.45491212277151,27.71326216324855,39.92172784082387,0.13862456925487537,0.22467036640807841,0.0845409408790457,0.08664577148162692,7.4208133147335165,2.9821710861881083,0.5185283710489237,1.850208252967179
41,79.99900000642742,79.99900000642742,-10.205604828820533,37.588018124139374,38.81335039489502,25.056320749185808,14.182233343959679,0.14424871918546373,0.08365500032432716,0.09106235917414932,0.11198905374664408,16.60969967051757,40.932825308048365,36.350672604250384,19.04512763022228
41,79.99900000642742,79.99900000642742,-9.802148958376563,39.61376091615044,29.382181093511694,23.9770038136167,40.82719513272969,0.15154723727019134,0.14454690183084112,0.1998110074903548,0.5730555822086395,19.601846011076987,22.309130778713147,0.8443598614979049,17.094051360866665
41,79.99900000642742,79.99900000642742,-10.498050277078136,36.68712625139235,33.39295702250513,44.90790489823942,39.526765544847,0.15125092240254093,0.29759367321821034,0.2919217006764502,0.13448606697376214,16.65424284695094,19.080858254177357,24.65660050705186,4.816454447389039
41,79.99900000642742,79.99900000642742,-11.240941246779947,37.591676722660694,35.16635539282153,40.98580583417522,40.83159053421694,0.15264170179716227,0.1318554200587895,0.574556601791617,0.13993158133354794,18.77870290953161,20.690588469198644,37.758960887327596,8.870953313334715
42,6416.9681188596,0.0,-10.205604828820533,37.59558589864153,38.81335039489502,25.056320749185808,14.182233343959679,0.13895782180788602,0.15495905569202,0.09009279424255161,0.57036913662982,16.60969967051757,41.129111977873436,36.350672604250384,19.04512763022228
42,6416.9681188596,0.0,-10.205604828820533,37.595541592597904,38.81335039489502,25.056320749185808,14.182233343959679,0.13895782180788602,0.15495905569202,0.09009279424255161,0.57036913662982,16.60969967051757,41.129111977873436,36.350672604250384,19.04512763022228
42,79.99900000642742,79.99900000642742,-9.93276225286509,39.45096779377802,35.78391567785807,24.96812078819915,40.816943516233444,0.14681871845437147,0.14879542055160158,0.17854454904816783,0.5729278649508909,19.58570719565867,22.394937308748595,0.04469758048698935,17.35550861053727
42,79.99900000642742,79.99900000642742,-10.117182150797323,33.274319615112155,35.230792851094776,26.67320835518703,41.108145199074194,0.4738519173017223,0.13024752308326615,0.19804826370057402,0.11852585469162,0.21351910753668268,24.68715568951806,0.8002902113155255,4.106114424418171
42,4546.255476355063,23.333041668541327,-7.687836354382448,37.611963776838,37.41066617139974,5.673539276095909,38.73346055916376,0.1265824204391459,0.13582778789846592,0.208793003135952,0.11677455566370841,9.65499086329978,60.51449560987984,0.31399954678260666,5.448044640725059
42,5617.954809829393,13.27018827666883,-7.749522631672281,35.196837813560705,38.86412798905023,6.277134831871102,17.12883522550008,0.15222289969163272,0.2937646511115949,0.606897610152539,0.08887095110645962,16.614575068042118,11.451277857816748,0.431282735577291,4.5002276579506955
42,5082.200296103919,16.666458334672377,-7.610640847553309,35.28493024444612,38.86412798905023,6.277134831871102,39.92888833396232,0.15222289969163272,0.2937646511115949,0.606897610152539,0.0875083336056063,16.421017872715424,191.91247631333368,0.431282735577291,4.457090801481069
42,79.99900000642742,79.99900000642742,-10.8832087267417,37.536882638749574,34.94015793033381,43.50222435864741,39.52608678143146,0.11794492698558226,0.15462382057869728,0.602080123154452,0.09205418534653567,19.013932053508512,19.374124452695916,0.431282735577291,3.0201780023363165
42,79.99900000642742,79.99900000642742,-9.875857081797257,33.27534595828189,35.226739213985034,25.996660704262844,42.28175641048387,0.12017768583342539,0.27973474329620024,0.216023272230534,0.5707809901089744,9.535247505266518,24.68715568951806,0.49151563657015906,3.6209385346607275
42,79.99900000642742,79.99900000642742,-10.552354527413847,37.812241336272535,38.467825226813446,28.04237635686571,39.14099164669284,0.49741563186108273,0.22206353518333755,0.0858465215987072,0.11592896522729282,7.4208133147335165,20.623994150972294,2.022031376246672,1.6645404681739464
42,79.99900000642742,79.99900000642742,-7.936091364529524,37.58349698943601,37.47383573722902,44.90790489823942,13.751272026299148,0.13953451158280705,0.157663388289014,0.0826613005044976,0.13805102477012132,16.700883210989513,19.137622453818892,0.7115772040572619,4.939267293897556
42,79.99900000642742,79.99900000642742,-10.355039964027753,33.26168079836544,35.1645249881135,28.497368452763922,41.10872872855114,0.12944170683703585,0.252207855847749,0.20349274062948708,0.5674514828870586,18.93862383816518,24.43445273352703,0.49151563657015906,4.481385626255607
42,79.99900000642742,79.99900000642742,-11.030338805085599,37.58518842733158,37.47383573722902,44.90790489823942,39.56327626418352,0.15125092240254093,0.15797228059357674,0.08414210909933559,0.10653828171169781,15.98076276461557,19.080531485733943,24.65660050705186,4.37259868239827
42,79.99900000642742,79.99900000642742,-11.781916219590528,38.66832625708414,38.54149346779355,40.21346911759949,41.076435779889145,0.5101407261004418,0.25861023114901804,0.0901350732792684,0.5413188111853111,9.913052407497755,150.0454080446239,1.1895198453164095,15.679633874154991
42,79.99900000642742,79.99900000642742,-10.1807063009941,37.78489581558157,38.48566341062408,28.196664534821856,14.248746175776656,0.1227658621157526,0.22467036640807841,0.0845409408790457,0.12959268941765278,16.622654046676345,19.138293484747784,0.5185283710489237,1.6428840400768374
42,79.99900000642742,79.99900000642742,-10.885238402078791,37.599348870916785,35.21189231246584,43.758397896528415,41.09178714367769,0.1083261043502077,0.27973474329620024,0.22094584048357777,0.5707809901089744,18.861383821053032,24.68715568951806,0.36718383325581466,2.9581502900999346
42,79.99900000642742,79.99900000642742,-11.496409806156656,40.42760466890625,38.36759304710482,40.21346911759949,36.35261096480052,0.13150647165726678,0.11484020182060163,0.19718334091085218,0.567875298574448,10.033928560847015,17.01237885796055,1.0755713889146703,50.10920299977406
42,79.99900000642742,79.99900000642742,-11.768390791153976,40.40168697087252,38.62601636971967,40.08188190595431,41.08833730665766,0.128904759480125,0.08400036521861695,0.20086854515481659,0.58585790450216,9.993984646837704,19.362305832983928,1.189751929135626,16.852311464571624
42,79.99900000642742,79.99900000642742,-11.786934447411944,38.679752303467716,38.579966547757756,40.21346911759949,41.0770253542819,0.13858976818128438,0.25861023114901804,0.0901350732792684,0.5413188111853111,9.913052407497755,140.66024447555634,1.1895198453164095,15.679633874154991
42,79.99900000642742,79.99900000642742,-10.1807063009941,37.78489581558157,38.48566341062408,28.196664534821856,14.248746175776656,0.13862456925487537,0.22467036640807841,0.0845409408790457,0.12959268941765278,16.622654046676345,19.138293484747784,0.5185283710489237,1.6428840400768374
42,79.99900000642742,79.99900000642742,-9.742299943912546,37.58299891806949,35.20231269440761,23.758013062555992,41.06704682589311,0.5036462718952337,0.17263653618452102,0.19790968684452342,0.1169018910048437,19.019000210393944,19.13796671630437,0.4656250655535286,3.6197995417750763
42,79.99900000642742,79.99900000642742,-11.240941246779947,37.591676722660694,35.16635539282153,40.98580583417522,40.83159053421694,0.15264170179716227,0.1318554200587895,0.574556601791617,0.13993158133354794,18.77870290953161,20.690588469198644,37.758960887327596,8.870953313334715
42,79.99900000642742,79.99900000642742,-10.355039964027753,33.274319615112155,35.22664185924135,28.497368452763922,41.10872872855114,0.1083261043502077,0.27973474329620024,0.18249115996957588,0.5707809901089744,0.469070404824814,24.68715568951806,0.49151563657015906,4.106114424418171
42,79.99900000642742,79.99900000642742,-10.904895635176011,37.96071623811126,35.178596986183834,43.57439711650103,41.4378804868063,0.11882408676254769,0.1531932286892995,0.20086854515481659,0.5586003142593787,9.543280444328754,19.50764708699931,0.4536959151691447,2.7663730188234137
42,79.99900000642742,79.99900000642742,-9.756385222501606,33.09592840175157,27.550154916799194,23.07574500281874,40.276791630306384,0.15157373790037054,0.14454690183084112,0.20880032015653724,0.5730555822086395,17.496934731464123,18.05894481122279,0.8553479592935656,4.74300012536632
42,79.99900000642742,79.99900000642742,-10.205604828820533,37.588018124139374,38.81335039489502,25.056320749185808,14.182233343959679,0.14424871918546373,0.08365500032432716,0.09106235917414932,0.11198905374664408,16.60969967051757,40.932825308048365,36.350672604250384,19.04512763022228
42,79.99900000642742,79.99900000642742,-11.228419437498076,36.540482833496974,38.99245391905805,44.90790489823942,39.526765544847,0.14962634647463624,0.16521313453038322,0.22968860793825246,0.13434887937006407,16.65424284695094,134.68379480361403,24.65660050705186,2.090577243338327
42,79.99900000642742,79.99900000642742,-11.051137001964435,37.7377971823595,37.24598148744757,44.52059780572019,39.493022736015405,0.13889760014414398,0.11210562881385536,0.6312389236292875,0.1363237646295005,16.65424284695094,19.30729736011712,36.9591835004477,12.428489500308412
42,79.99900000642742,79.99900000642742,-11.228419437498076,36.540482833496974,38.99245391905805,44.90790489823942,39.526765544847,0.14962634647463624,0.16521313453038322,0.22968860793825246,0.13434887937006407,22.465108537608636,134.68379480361403,24.65660050705186,2.090577243338327
42,79.99900000642742,79.99900000642742,-11.442725341310187,40.421155446434696,38.36759304710482,40.182907232619385,35.91046818266418,0.15174349891685865,0.26807930627330984,0.12833283950608834,0.5235324775436969,12.976803604572186,19.236374965473694,2.226750385606361,31.600058150396038
42,79.99900000642742,79.99900000642742,-9.998251902917737,33.274319615112155,30.533947338576716,25.675589834110056,41.02232524507402,0.10842312785694685,0.11740255692073683,0.20349274062948708,0.5707809901089744,9.83183783496707,23.631756149863897,0.49151563657015906,5.466847791709983
42,79.99900000642742,79.99900000642742,-11.026219779134522,37.73913853122186,33.32918046041715,40.794828820385774,39.492129935684716,0.15218141537629043,0.15833616926763794,0.6312389236292875,0.12933354387827567,18.596744296047817,20.738777633207118,24.65660050705186,9.726902029238696
42,79.99900000642742,79.99900000642742,-10.494372002646621,37.58518842733158,33.36475691853018,44.90790489823942,39.526765544847,0.15125092240254093,0.15797228059357674,0.2286563599952574,0.13448606697376214,16.65424284695094,19.080531485733943,24.65660050705186,4.812929180350411
42,79.99900000642742,79.99900000642742,-10.488560370924226,37.6356731919437,33.36475691853018,44.95246074144442,39.526765544847,0.15125092240254093,0.1579673546901062,0.6082637629941275,0.5439878770501569,16.65424284695094,3.487936286298302,27.584351442872155,4.767167665473669
42,79.99900000642742,79.99900000642742,-10.494372002646621,37.58518842733158,33.36475691853018,44.90790489823942,39.526765544847,0.219489986608722,0.15797228059357674,0.25019993048687517,0.1650714621751753,16.65424284695094,19.080531485733943,24.65660050705186,3.9877070513891133
42,79.99900000642742,79.99900000642742,-7.936091364529524,37.58518842733158,37.47383573722902,44.90790489823942,13.751272026299148,0.13953451158280705,0.15501856421368812,0.08264376135240556,0.14173759489862015,16.047267064384325,19.137622453818892,24.65660050705186,19.743829575273146
42,79.99900000642742,79.99900000642742,-11.440850395151777,40.421155446434696,38.36759304710482,40.19728181983389,35.91046818266418,0.15165740830627866,0.26807930627330984,0.608223720069601,0.5235324775436969,12.976803604572186,16.62021465763238,2.226750385606361,31.600058150396038
42,79.99900000642742,79.99900000642742,-11.436688580521931,40.33986859253612,38.36660323688672,40.21310199329431,35.89438111062913,0.13165779035636796,0.273175559907035,0.19718334091085218,0.5180281487577418,10.033928560847015,17.03712061217795,1.188679133232303,31.428987394708102
42,79.99900000642742,79.99900000642742,-10.12046664225543,37.7245541599342,35.230512798382556,26.65729108318478,41.06704682589311,0.5073958432267824,0.12987559087402534,0.19790968684452342,0.1167638979457907,19.019000210393944,20.640164495982955,11.90562748181578,3.6233248088137042
42,79.99900000642742,79.99900000642742,-10.50876780471129,37.87298824646698,38.48566341062408,28.196664534821856,39.62944469870196,0.1227658621157526,0.22467036640807841,0.08334583832042795,0.12823474248667016,16.42909685134965,200.49571546740484,0.5185283710489237,1.5997476115934393
42,79.99900000642742,79.99900000642742,-11.46452704032891,40.42760466890625,38.36759304710482,40.21346911759949,36.10817642678782,0.13150647165726678,0.11484020182060163,0.19718334091085218,0.567875298574448,10.033928560847015,17.01237885796055,1.0755713889146703,50.10920299977406
42,79.99900000642742,79.99900000642742,-11.44348258287392,42.311982295725265,38.04534876442533,40.10011392278869,41.41047612763982,0.12944170683703585,0.252207855847749,0.20349274062948708,0.5674514828870586,18.928300284587923,24.43445273352703,1.801997632090833,4.481385626255607
42,79.99900000642742,79.99900000642742,-11.34449929125308,37.96071623811126,35.187963683873136,40.21346911759949,41.41150126143758,0.15199501591800782,0.12903851398917907,0.20086854515481659,0.5586003142593787,9.24736650354644,19.50764708699931,0.4534740161188429,2.7663730188234137
42,79.99900000642742,79.99900000642742,-11.077404232471316,37.7377971823595,37.44736358800029,44.52059780572019,39.493022736015405,0.13889760014414398,0.1551274391556049,0.6312389236292875,0.1363237646295005,16.65424284695094,19.66247742069521,36.9591835004477,12.428489500308412
42,79.99900000642742,79.99900000642742,-11.228419437498076,36.540482833496974,38.99245391905805,44.90790489823942,39.526765544847,0.14685275735993278,0.14812994131971724,0.22968860793825246,0.563355286913983,19.53085491383258,29.11633298912912,24.65660050705186,15.191992903559496
42,79.99900000642742,79.99900000642742,-10.498050277078136,36.68712625139235,33.39295702250513,44.90790489823942,39.526765544847,0.15125092240254093,0.29759367321821034,0.2919217006764502,0.13448606697376214,16.65424284695094,19.080858254177357,24.65660050705186,4.816454447389039
42,79.99900000642742,79.99900000642742,-10.998098418197635,36.68712625139235,37.22665943775465,44.90790489823942,37.59576687813586,0.15118642937280724,0.13109425264756364,0.3742618197846457,0.13448606697376214,16.65424284695094,19.080858254177357,39.26872760018972,4.816454447389039
42,79.99900000642742,79.99900000642742,-11.02232124788761,42.294456602034025,35.75819762946228,43.25373472899058,41.45511011555645,0.160776951812228,0.14931272623673505,0.2345214712520626,0.14608291441917634,19.58633088709911,19.3361133166152,1.1895198453164095,18.621970585779774
43,79.99900000642742,79.99900000642742,-10.518389720375026,36.68712625139235,33.39295702250513,44.75196916629657,39.654236480731235,0.12821336529930044,0.24747588459207057,0.2919217006764502,0.13601703468904447,18.792947785695,19.080858254177357,24.65660050705186,4.816454447389039
43,79.99900000642742,79.99900000642742,-9.93276225286509,39.45096779377802,35.78391567785807,24.96812078819915,40.816943516233444,0.14681871845437147,0.14879542055160158,0.17854454904816783,0.5729278649508909,19.58570719565867,22.394937308748595,0.04469758048698935,17.35550861053727
43,6416.9681188596,0.0,-10.205604828820533,37.59558589864153,38.81335039489502,25.056320749185808,14.182233343959679,0.13895782180788602,0.15495905569202,0.09009279424255161,0.57036913662982,16.60969967051757,41.129111977873436,36.350672604250384,19.04512763022228
43,6416.9681188596,0.0,-10.205604828820533,37.595541592597904,38.81335039489502,25.056320749185808,14.182233343959679,0.13895782180788602,0.15495905569202,0.09009279424255161,0.57036913662982,16.60969967051757,41.129111977873436,36.350672604250384,19.04512763022228
43,4546.255476355063,23.333041668541327,-7.687836354382448,37.611963776838,37.41066617139974,5.673539276095909,38.73346055916376,0.1265824204391459,0.13582778789846592,0.208793003135952,0.11677455566370841,9.65499086329978,60.51449560987984,0.31399954678260666,5.448044640725059
43,5617.954809829393,13.27018827666883,-7.749522631672281,35.196837813560705,38.86412798905023,6.277134831871102,17.12883522550008,0.15222289969163272,0.2937646511115949,0.606897610152539,0.08887095110645962,16.614575068042118,11.451277857816748,0.431282735577291,4.5002276579506955
43,5082.200296103919,16.666458334672377,-7.610640847553309,35.28493024444612,38.86412798905023,6.277134831871102,39.92888833396232,0.15222289969163272,0.2937646511115949,0.606897610152539,0.0875083336056063,16.421017872715424,191.91247631333368,0.431282735577291,4.457090801481069
43,79.99900000642742,79.99900000642742,-11.228419437498076,36.540482833496974,38.99245391905805,44.90790489823942,39.526765544847,0.14962634647463624,0.16521313453038322,0.22968860793825246,0.13434887937006407,22.465108537608636,134.68379480361403,24.65660050705186,2.090577243338327
43,79.99900000642742,79.99900000642742,-11.496409806156656,40.42760466890625,38.36759304710482,40.21346911759949,36.35261096480052,0.13150647165726678,0.11484020182060163,0.19718334091085218,0.567875298574448,10.033928560847015,17.01237885796055,1.0755713889146703,50.10920299977406
43,79.99900000642742,79.99900000642742,-11.030338805085599,37.591981218197745,37.47383573722902,44.90790489823942,40.81820973388461,0.15123895194528134,0.1322021909295841,0.08414210909933559,0.10653828171169781,18.778693430707975,19.080531485733943,24.65660050705186,4.534960557694911
43,79.99900000642742,79.99900000642742,-10.998098418197635,36.68712625139235,37.22665943775465,44.90790489823942,37.59576687813586,0.15118642937280724,0.13109425264756364,0.3742618197846457,0.13448606697376214,16.65424284695094,19.080858254177357,39.26872760018972,4.816454447389039
43,79.99900000642742,79.99900000642742,-10.488560370924226,37.6356731919437,33.36475691853018,44.95246074144442,39.526765544847,0.15125092240254093,0.1579673546901062,0.6082637629941275,0.5439878770501569,16.65424284695094,3.487936286298302,27.584351442872155,4.767167665473669
43,79.99900000642742,79.99900000642742,-10.33796036804064,39.45096779377802,35.6605776741854,28.074639671211717,40.816943516233444,0.1457738269331072,0.14812969674444545,0.17101551192973227,0.523419699657424,16.383329681350727,223.96556580616974,0.5192550645870071,17.35550861053727
43,79.99900000642742,79.99900000642742,-10.50876780471129,37.87298824646698,38.48566341062408,28.196664534821856,39.62944469870196,0.1227658621157526,0.22467036640807841,0.08334583832042795,0.12823474248667016,16.42909685134965,200.49571546740484,0.5185283710489237,1.5997476115934393
43,79.99900000642742,79.99900000642742,-10.820939382176341,37.6356731919437,35.302661844450995,44.34212658109904,39.526765544847,0.15125092240254093,0.15827848386286836,0.6207306782696251,0.5439878770501569,16.65424284695094,3.4002557054764857,26.521202321032252,4.71033653311834
43,79.99900000642742,79.99900000642742,-10.904895635176011,37.96071623811126,35.178596986183834,43.57439711650103,41.4378804868063,0.11882408676254769,0.1531932286892995,0.20086854515481659,0.5586003142593787,9.543280444328754,19.50764708699931,0.4536959151691447,2.7663730188234137
43,79.99900000642742,79.99900000642742,-10.1807063009941,37.78489581558157,38.48566341062408,28.196664534821856,14.248746175776656,0.13862456925487537,0.22467036640807841,0.0845409408790457,0.12959268941765278,16.622654046676345,19.138293484747784,0.5185283710489237,1.6428840400768374
43,79.99900000642742,79.99900000642742,-10.464976347241205,35.83152763674826,33.13939022708867,44.90790489823942,39.526765544847,0.17051629733050128,0.16521313453038322,0.0904494092897938,0.13434887937006407,16.65424284695094,134.68379480361403,24.65660050705186,15.420756841071785
43,79.99900000642742,79.99900000642742,-11.828109733777545,37.59558589864153,38.81335039489502,40.131175769267145,41.44380659208754,0.12985473519128177,0.15495905569202,0.08896997485436688,0.5672645722622952,16.65359588042084,39.926720194621474,3.994217952557447,19.04512763022228
43,79.99900000642742,79.99900000642742,-11.775393532123744,40.301949468142354,38.579966547757756,40.21346911759949,41.0770253542819,0.13858976818128438,0.25861023114901804,0.22962995145411913,0.5413188111853111,9.913052407497755,140.66024447555634,1.1895198453164095,2.352256368328054
43,79.99900000642742,79.99900000642742,-11.016755340418456,42.22706256593767,35.71552567219875,43.25373472899058,41.45511011555645,0.15592795665961806,0.1492984314551672,0.6403567966940594,0.5391534239095526,19.592182681256332,19.563336027913678,1.365623305475797,1.3750848173803565
43,79.99900000642742,79.99900000642742,-11.026219779134522,37.73913853122186,33.32918046041715,40.794828820385774,39.492129935684716,0.15218141537629043,0.15833616926763794,0.6312389236292875,0.12933354387827567,18.596744296047817,20.738777633207118,24.65660050705186,9.726902029238696
43,79.99900000642742,79.99900000642742,-10.355039964027753,36.23546866017833,35.22502736573795,28.497368452763922,41.10872872855114,0.10191951278522882,0.27973474329620024,0.18278677170863886,0.6147206888500839,0.4683030780822639,19.32506617440303,0.49151563657015906,2.6881260127376083
43,79.99900000642742,79.99900000642742,-9.875857081797257,33.27534595828189,35.226739213985034,25.996660704262844,42.28175641048387,0.12017768583342539,0.27973474329620024,0.216023272230534,0.5707809901089744,9.535247505266518,24.68715568951806,0.49151563657015906,3.6209385346607275
43,79.99900000642742,79.99900000642742,-10.103569689535735,37.87298824646698,36.63318295562446,25.09014565180929,39.62944469870196,0.12381075363702684,0.2253360903438012,0.09133472983781697,0.105632313881528,19.6314743656576,18.367725759712897,0.019577407838457073,1.5997476115934393
43,79.99900000642742,79.99900000642742,-11.781916219590528,38.66832625708414,38.54149346779355,40.21346911759949,41.076435779889145,0.5101407261004418,0.25861023114901804,0.0901350732792684,0.5413188111853111,9.913052407497755,150.0454080446239,1.1895198453164095,15.679633874154991
43,79.99900000642742,79.99900000642742,-10.552354527413847,37.812241336272535,38.467825226813446,28.04237635686571,39.14099164669284,0.49741563186108273,0.22206353518333755,0.0858465215987072,0.11592896522729282,7.4208133147335165,20.623994150972294,2.022031376246672,1.6645404681739464
43,79.99900000642742,79.99900000642742,-11.44348258287392,42.311982295725265,38.04534876442533,40.10011392278869,41.41047612763982,0.12944170683703585,0.252207855847749,0.20349274062948708,0.5674514828870586,18.928300284587923,24.43445273352703,1.801997632090833,4.481385626255607
43,79.99900000642742,79.99900000642742,-11.46452704032891,40.42760466890625,38.36759304710482,40.21346911759949,36.10817642678782,0.13150647165726678,0.11484020182060163,0.19718334091085218,0.567875298574448,10.033928560847015,17.01237885796055,1.0755713889146703,50.10920299977406
43,79.99900000642742,79.99900000642742,-10.535683816908467,40.42760466890625,38.06510948023213,26.838685409863736,36.10817642678782,0.13169989263325915,0.11605278498016486,0.20973048642353612,0.5705263634330621,10.033928560847015,24.691429562483037,0.5037038534930587,50.10920299977406
43,79.99900000642742,79.99900000642742,-11.34449929125308,37.96071623811126,35.187963683873136,40.21346911759949,41.41150126143758,0.15199501591800782,0.12903851398917907,0.20086854515481659,0.5586003142593787,9.24736650354644,19.50764708699931,0.4534740161188429,2.7663730188234137
43,79.99900000642742,79.99900000642742,-10.205604828820533,37.588018124139374,38.81335039489502,25.056320749185808,14.182233343959679,0.14424871918546373,0.08365500032432716,0.09106235917414932,0.11198905374664408,16.60969967051757,40.932825308048365,36.350672604250384,19.04512763022228
43,79.99900000642742,79.99900000642742,-11.22726527042127,36.540482833496974,38.98360530480255,44.90790489823942,39.98395820739472,0.08895556064399285,0.16521313453038322,0.10088286584874778,0.13575099519784914,17.33355988264124,137.15144192019025,24.65660050705186,2.090577243338327
43,79.99900000642742,79.99900000642742,-11.031668424374018,35.24599627911104,37.484029485106944,44.90790489823942,39.56327626418352,0.15214529693977885,0.29713239746594255,0.08414210909933559,0.08765922295692552,15.98076276461557,11.506385274193715,0.5686571999623666,4.498474538461387
43,79.99900000642742,79.99900000642742,-10.9120791064693,33.47866582462739,41.819392675029384,41.23583593826763,41.41150126143758,0.1584017859365661,0.12903851398917907,0.20057293341575358,0.5586003142593787,9.280183575997004,24.86973660211434,0.4534740161188429,4.184361430505065
43,79.99900000642742,79.99900000642742,-10.117182150797323,33.274319615112155,35.230792851094776,26.67320835518703,41.108145199074194,0.4738519173017223,0.13024752308326615,0.19804826370057402,0.11852585469162,0.21351910753668268,24.68715568951806,0.8002902113155255,4.106114424418171
43,79.99900000642742,79.99900000642742,-10.312273835317242,37.87298824646698,38.48566341062408,26.654534318634152,39.593768247868596,0.1227658621157526,0.2277096717392151,0.08334583832042795,0.12823474248667016,16.42909685134965,18.277190454061202,0.5185283710489237,16.555355772951614
43,79.99900000642742,79.99900000642742,-11.768390791153976,40.40168697087252,38.62601636971967,40.08188190595431,41.08833730665766,0.128904759480125,0.08400036521861695,0.20086854515481659,0.58585790450216,9.993984646837704,19.362305832983928,1.189751929135626,16.852311464571624
43,79.99900000642742,79.99900000642742,-9.756385222501606,33.09592840175157,27.550154916799194,23.07574500281874,40.276791630306384,0.15157373790037054,0.14454690183084112,0.20880032015653724,0.5730555822086395,17.496934731464123,18.05894481122279,0.8553479592935656,4.74300012536632
43,79.99900000642742,79.99900000642742,-11.228419437498076,36.540482833496974,38.99245391905805,44.90790489823942,39.526765544847,0.14962634647463624,0.16521313453038322,0.22968860793825246,0.13434887937006407,16.65424284695094,134.68379480361403,24.65660050705186,2.090577243338327
43,79.99900000642742,79.99900000642742,-9.742299943912546,37.58299891806949,35.20231269440761,23.758013062555992,41.06704682589311,0.5036462718952337,0.17263653618452102,0.19790968684452342,0.1169018910048437,19.019000210393944,19.13796671630437,0.4656250655535286,3.6197995417750763
43,79.99900000642742,79.99900000642742,-10.205604828820533,37.60749876304898,38.81335039489502,25.056320749185808,36.800539076906375,0.13895782180788602,0.25641445271818375,0.09009279424255161,0.57036913662982,18.935837830236675,41.129111977873436,36.350672604250384,21.13860896684034
43,79.99900000642742,79.99900000642742,-10.8832087267417,37.536882638749574,34.94015793033381,43.50222435864741,39.52608678143146,0.11794492698558226,0.15462382057869728,0.602080123154452,0.09205418534653567,19.013932053508512,19.374124452695916,0.431282735577291,3.0201780023363165
43,79.99900000642742,79.99900000642742,-11.077404232471316,37.7377971823595,37.44736358800029,44.52059780572019,39.493022736015405,0.13889760014414398,0.1551274391556049,0.6312389236292875,0.1363237646295005,16.65424284695094,19.66247742069521,36.9591835004477,12.428489500308412
43,79.99900000642742,79.99900000642742,-10.12046664225543,37.7245541599342,35.230512798382556,26.65729108318478,41.06704682589311,0.5073958432267824,0.12987559087402534,0.19790968684452342,0.1167638979457907,19.019000210393944,20.640164495982955,11.90562748181578,3.6233248088137042
43,79.99900000642742,79.99900000642742,-10.344209355306312,40.34178853726448,38.33837168632912,28.35578274482743,41.05017768747898,0.10743011035363413,0.26722712530814696,0.1275347989988365,0.5707809901089744,0.469070404824814,24.73907907999444,0.4575332119222618,4.106114424418171
43,79.99900000642742,79.99900000642742,-10.204450661743728,37.588018124139374,38.82219900915052,25.056320749185808,13.721731483701474,0.14424871918546373,0.08365500032432716,0.2200465012751787,0.11058693792083053,22.120633853197607,38.46541598641452,36.350672604250384,19.04512763022228
43,79.99900000642742,79.99900000642742,-10.534705227675268,37.7377971823595,33.28667121789728,44.52059780572019,39.493022736015405,0.13889760014414398,0.1550456341289582,0.6312389236292875,0.13674397914309624,18.606942001702397,20.76034868400077,36.9591835004477,12.428489500308412
44,79.99900000642742,79.99900000642742,-11.231447828608971,37.536882638749574,37.609991044649526,43.50222435864741,39.52608678143146,0.11794492698558226,0.15462382057869728,0.16749445788850392,0.09205418534653567,19.029584432454534,19.374124452695916,0.431282735577291,3.0201780023363165
44,6416.9681188596,0.0,-10.205604828820533,37.59558589864153,38.81335039489502,25.056320749185808,14.182233343959679,0.13895782180788602,0.15495905569202,0.09009279424255161,0.57036913662982,16.60969967051757,41.129111977873436,36.350672604250384,19.04512763022228
44,6416.9681188596,0.0,-10.205604828820533,37.59558353052779,38.81335039489502,25.056320749185808,14.182233343959679,0.13895782180788602,0.15495905569202,0.09009279424255161,0.57036913662982,16.60969967051757,41.129111977873436,36.350672604250384,19.04512763022228
44,79.99900000642742,79.99900000642742,-10.518389720375026,36.68712625139235,33.39295702250513,44.75196916629657,39.654236480731235,0.12821336529930044,0.24747588459207057,0.2919217006764502,0.13601703468904447,18.792947785695,19.080858254177357,24.65660050705186,4.816454447389039
44,4546.255476355063,23.333041668541327,-7.687836354382448,37.611963776838,37.41066617139974,5.673539276095909,38.73346055916376,0.1265824204391459,0.13582778789846592,0.208793003135952,0.11677455566370841,9.65499086329978,60.51449560987984,0.31399954678260666,5.448044640725059
44,5617.954809829393,13.27018827666883,-7.749522631672281,35.196837813560705,38.86412798905023,6.277134831871102,17.12883522550008,0.15222289969163272,0.2937646511115949,0.606897610152539,0.08887095110645962,16.614575068042118,11.451277857816748,0.431282735577291,4.5002276579506955
44,5082.200296103919,16.666458334672377,-7.610640847553309,35.28493024444612,38.86412798905023,6.277134831871102,39.92888833396232,0.15222289969163272,0.2937646511115949,0.606897610152539,0.0875083336056063,16.421017872715424,191.91247631333368,0.431282735577291,4.457090801481069
44,79.99900000642742,79.99900000642742,-10.193423071156786,36.56694288007221,38.99245391905805,25.142030797926775,11.688863986771878,0.14962634647463624,0.11027217646046934,0.22968860793825246,0.13434887937006407,16.611200072557157,136.28420130150408,28.93819915867195,2.090577243338327
44,79.99900000642742,79.99900000642742,-10.117169393445842,35.00065179668153,35.230792851094776,26.67320835518703,41.10824300543556,0.13698076250220545,0.1547373272667201,0.19804826370057402,0.11852585469162,0.21351910753668268,24.68715568951806,0.8520766141720525,4.106114424418171
44,79.99900000642742,79.99900000642742,-11.228419437498076,36.540482833496974,38.99245391905805,44.90790489823942,39.526765544847,0.14962634647463624,0.16521313453038322,0.22968860793825246,0.13434887937006407,22.465108537608636,134.68379480361403,24.65660050705186,2.090577243338327
44,79.99900000642742,79.99900000642742,-11.077404232471316,37.7377971823595,37.44736358800029,44.52059780572019,39.493022736015405,0.13889760014414398,0.1551274391556049,0.6312389236292875,0.1363237646295005,16.65424284695094,19.66247742069521,36.9591835004477,12.428489500308412
44,79.99900000642742,79.99900000642742,-10.316529657347367,37.87298824646698,38.495847872724475,28.196664534821856,41.1032704951587,0.49611029076642077,0.22467036640807841,0.08334583832042795,0.12817903414447937,16.42909685134965,26.168234187374154,12.030537449866184,1.5997476115934393
44,79.99900000642742,79.99900000642742,-10.521116265051575,37.87298824646698,37.26897684536367,28.25565961326404,39.593768247868596,0.1227658621157526,0.2277096717392151,0.08334583832042795,0.13490744974940871,16.64879763998654,18.277190454061202,0.5185283710489237,16.555355772951614
44,79.99900000642742,79.99900000642742,-11.496409806156656,40.42760466890625,38.36759304710482,40.21346911759949,36.35261096480052,0.13150647165726678,0.11484020182060163,0.19718334091085218,0.567875298574448,10.033928560847015,17.01237885796055,1.0755713889146703,50.10920299977406
44,79.99900000642742,79.99900000642742,-11.016755340418456,42.22706256593767,35.71552567219875,43.25373472899058,41.45511011555645,0.15592795665961806,0.1492984314551672,0.6403567966940594,0.5391534239095526,19.592182681256332,19.563336027913678,1.365623305475797,1.3750848173803565
44,79.99900000642742,79.99900000642742,-10.355039964027753,36.23546866017833,35.22502736573795,28.497368452763922,41.10872872855114,0.10191951278522882,0.27973474329620024,0.18278677170863886,0.6147206888500839,0.4683030780822639,19.32506617440303,0.49151563657015906,2.6881260127376083
44,79.99900000642742,79.99900000642742,-10.372546325909639,37.86296754673612,38.43831988176838,25.961175047075645,36.10817642678782,0.13150647165726678,0.11484020182060163,0.19718334091085218,0.567875298574448,10.033928560847015,17.01237885796055,1.0755713889146703,50.10920299977406
44,79.99900000642742,79.99900000642742,-10.53055132226109,36.68712625139235,33.39295702250513,44.65873021850339,39.654236480731235,0.12821336529930044,0.24573945518471504,0.2838338481974722,0.13601703468904447,9.715379632645027,19.080858254177357,24.65660050705186,5.467814801270371
44,79.99900000642742,79.99900000642742,-9.746299707608756,37.53992239815099,35.27225236552497,23.758013062555992,41.0363819708888,0.5036462718952337,0.17263653618452102,0.1642501047511642,0.1169018910048437,19.07500722607571,19.155160826413866,0.4656250655535286,17.224982650248904
44,79.99900000642742,79.99900000642742,-10.33796036804064,39.45096779377802,35.6605776741854,28.074639671211717,40.816943516233444,0.1457738269331072,0.14812969674444545,0.17101551192973227,0.523419699657424,16.383329681350727,223.96556580616974,0.5192550645870071,17.35550861053727
44,79.99900000642742,79.99900000642742,-10.204450661743728,37.588018124139374,38.82219900915052,25.056320749185808,13.721731483701474,0.14424871918546373,0.08365500032432716,0.2200465012751787,0.11058693792083053,22.120633853197607,38.46541598641452,36.350672604250384,19.04512763022228
44,79.99900000642742,79.99900000642742,-10.206166561255735,37.78489581558157,38.48566341062408,28.196664534821856,14.443941504449175,0.13862456925487537,0.1602193072204473,0.0929505815114262,0.13672418162237585,16.622654046676345,19.138293484747784,0.5473349429367196,1.6428840400768374
44,79.99900000642742,79.99900000642742,-11.030338805085599,37.591981218197745,37.47383573722902,44.90790489823942,40.81820973388461,0.15123895194528134,0.1322021909295841,0.08414210909933559,0.10653828171169781,18.778693430707975,19.080531485733943,24.65660050705186,4.534960557694911
44,79.99900000642742,79.99900000642742,-11.768390791153976,40.40168697087252,38.62601636971967,40.08188190595431,41.08833730665766,0.128904759480125,0.08400036521861695,0.20086854515481659,0.58585790450216,9.993984646837704,19.362305832983928,1.189751929135626,16.852311464571624
44,6416.9681188596,0.0,-10.205604828820533,37.59554396071164,38.81335039489502,25.056320749185808,14.182233343959679,0.13895782180788602,0.15495905569202,0.09009279424255161,0.57036913662982,16.60969967051757,41.129111977873436,36.350672604250384,19.04512763022228
44,79.99900000642742,79.99900000642742,-10.312704789619353,37.7245541599342,35.22032833628176,26.65729108318478,39.59322102943637,0.13428048576832485,0.12987559087402534,0.19790968684452342,0.1180211146282254,19.019000210393944,195.06293176948049,0.4675076493973691,3.6233248088137042
44,79.99900000642742,79.99900000642742,-11.32923923541555,37.64408579140751,35.071929031413326,40.21442822656073,41.411586687446864,0.12985473519128177,0.1542923295827053,0.08896997485436688,0.5668306402464177,16.65359588042084,18.16696524301919,3.720352146249475,19.04512763022228
44,79.99900000642742,79.99900000642742,-10.9120791064693,33.47866582462739,41.819392675029384,41.23583593826763,41.41150126143758,0.1584017859365661,0.12903851398917907,0.20057293341575358,0.5586003142593787,9.280183575997004,24.86973660211434,0.4534740161188429,4.184361430505065
44,79.99900000642742,79.99900000642742,-9.875857081797257,33.27534595828189,35.226739213985034,25.996660704262844,42.28175641048387,0.12017768583342539,0.27973474329620024,0.216023272230534,0.5707809901089744,9.535247505266518,24.68715568951806,0.49151563657015906,3.6209385346607275
44,79.99900000642742,79.99900000642742,-11.228419437498076,36.540482833496974,38.99245391905805,44.90790489823942,39.526765544847,0.14962634647463624,0.16521313453038322,0.22968860793825246,0.13434887937006407,16.65424284695094,134.68379480361403,24.65660050705186,2.090577243338327
44,79.99900000642742,79.99900000642742,-10.488560370924226,37.6356731919437,33.36475691853018,44.95246074144442,39.526765544847,0.15125092240254093,0.1579673546901062,0.6082637629941275,0.5439878770501569,16.65424284695094,3.487936286298302,27.584351442872155,4.767167665473669
44,79.99900000642742,79.99900000642742,-9.93276225286509,39.45096779377802,35.78391567785807,24.96812078819915,40.816943516233444,0.14681871845437147,0.14879542055160158,0.17854454904816783,0.5729278649508909,19.58570719565867,22.394937308748595,0.04469758048698935,17.35550861053727
44,79.99900000642742,79.99900000642742,-10.1807063009941,37.78489581558157,38.48566341062408,28.196664534821856,14.248746175776656,0.13862456925487537,0.22467036640807841,0.0845409408790457,0.12959268941765278,16.622654046676345,19.138293484747784,0.5185283710489237,1.6428840400768374
44,79.99900000642742,79.99900000642742,-10.8832087267417,37.536882638749574,34.94015793033381,43.50222435864741,39.52608678143146,0.11794492698558226,0.15462382057869728,0.602080123154452,0.09205418534653567,19.013932053508512,19.374124452695916,0.431282735577291,3.0201780023363165
44,79.99900000642742,79.99900000642742,-11.774589727910154,40.301949468142354,38.57380404878687,40.21346911759949,41.0770253542819,0.13858976818128438,0.1226367431099329,0.22962995145411913,0.5662506210265418,10.021652370636009,15.486101614157448,1.0791388810987752,2.352256368328054
44,79.99900000642742,79.99900000642742,-10.103569689535735,37.87298824646698,36.63318295562446,25.09014565180929,39.62944469870196,0.12381075363702684,0.2253360903438012,0.09133472983781697,0.105632313881528,19.6314743656576,18.367725759712897,0.019577407838457073,1.5997476115934393
44,79.99900000642742,79.99900000642742,-8.340198674661863,36.68712625139235,33.39295702250513,44.75196916629657,16.69349233870426,0.12821336529930044,0.29351605932989117,0.6081944088836939,0.13601703468904447,18.792947785695,11.554887849507587,24.65660050705186,4.804550944304708
44,79.99900000642742,79.99900000642742,-11.318838148143506,40.45303371532785,35.230792851094776,39.972134123097995,41.279974192133956,0.4678571336238756,0.13024752308326615,0.19804826370057402,0.11852585469162,2.7443569369469105,17.016031430077973,1.0831165583401736,4.106114424418171
44,79.99900000642742,79.99900000642742,-11.245732283379418,37.85184550746164,35.15978596371849,40.94250512447626,39.70763817031933,0.5073958432267824,0.12987559087402534,0.19790968684452342,0.1167638979457907,19.019000210393944,20.640164495982955,11.90562748181578,3.6233248088137042
44,79.99900000642742,79.99900000642742,-11.775393532123744,40.301949468142354,38.579966547757756,40.21346911759949,41.0770253542819,0.13858976818128438,0.25861023114901804,0.22962995145411913,0.5413188111853111,9.913052407497755,140.66024447555634,1.1895198453164095,2.352256368328054
44,79.99900000642742,79.99900000642742,-10.009062633437761,39.046041271593474,27.550154916799194,23.054948337138473,38.31880148078227,0.1239484703642578,0.2540052737231397,0.20880032015653724,0.5730555822086395,17.496934731464123,18.05894481122279,0.856797862612072,4.74300012536632
44,79.99900000642742,79.99900000642742,-10.051297706157328,37.54666757003032,35.7414951559277,24.96812078819915,39.90817170765963,0.14715222865904928,0.1837422205616573,0.17854454904816783,0.5729278649508909,19.58570719565867,22.394937308748595,0.4611966395208621,4.7592718763083255
44,79.99900000642742,79.99900000642742,-11.194101808859429,32.75083224859769,38.929385047342016,40.130216660305905,41.443721166078255,0.1631670901880221,0.12970524009849885,0.20086854515481659,0.5590342462752561,9.24736650354644,41.26740222079573,0.7285642940782153,2.7663730188234137
44,79.99900000642742,79.99900000642742,-11.44348258287392,42.311982295725265,38.04534876442533,40.10011392278869,41.41047612763982,0.12944170683703585,0.252207855847749,0.20349274062948708,0.5674514828870586,18.928300284587923,24.43445273352703,1.801997632090833,4.481385626255607
44,79.99900000642742,79.99900000642742,-10.205604828820533,37.60749876304898,38.81335039489502,25.056320749185808,36.800539076906375,0.13895782180788602,0.25641445271818375,0.09009279424255161,0.57036913662982,18.935837830236675,41.129111977873436,36.350672604250384,21.13860896684034
44,79.99900000642742,79.99900000642742,-11.257963929581834,36.53230559538818,39.234514902741395,44.92345810928066,39.526765544847,0.1512369501012027,0.16522780961179337,0.22968860793825246,0.5391134305181036,22.465108537608636,122.87777774903174,26.73692503889421,2.090577243338327
44,79.99900000642742,79.99900000642742,-10.464976347241205,35.83152763674826,33.13939022708867,44.90790489823942,39.526765544847,0.17051629733050128,0.16521313453038322,0.0904494092897938,0.13434887937006407,16.65424284695094,134.68379480361403,24.65660050705186,15.420756841071785
44,79.99900000642742,79.99900000642742,-11.276228282084773,38.66832625708414,38.54149346779355,44.09040997181028,41.076435779889145,0.5101407261004418,0.25861023114901804,0.0901350732792684,0.0870886815838545,9.913052407497755,150.0454080446239,1.2182459026734407,2.5619237507947776
45,6416.9681188596,0.0,-10.205604828820533,37.59554396071164,38.81335039489502,25.056320749185808,14.182233343959679,0.13895782180788602,0.15495905569202,0.09009279424255161,0.57036913662982,16.60969967051757,41.129111977873436,36.350672604250384,19.04512763022228
45,6416.9681188596,0.0,-10.205604828820533,37.59558589864153,38.81335039489502,25.056320749185808,14.182233343959679,0.13895782180788602,0.15495905569202,0.09009279424255161,0.57036913662982,16.60969967051757,41.129111977873436,36.350672604250384,19.04512763022228
45,79.99900000642742,79.99900000642742,-9.746299707608756,37.53992239815099,35.31449510990492,23.758013062555992,41.0363819708888,0.5036462718952337,0.1606983322459345,0.0919916989121804,0.13681558311286757,19.07500722607571,19.155160826413866,0.5486637262150561,17.224982650248904
45,79.99900000642742,79.99900000642742,-11.231447828608971,37.536882638749574,37.609991044649526,43.50222435864741,39.52608678143146,0.11794492698558226,0.15462382057869728,0.16749445788850392,0.09205418534653567,19.029584432454534,19.374124452695916,0.431282735577291,3.0201780023363165
45,4546.255476355063,23.333041668541327,-7.687836354382448,37.611963776838,37.41066617139974,5.673539276095909,38.73346055916376,0.1265824204391459,0.13582778789846592,0.208793003135952,0.11677455566370841,9.65499086329978,60.51449560987984,0.31399954678260666,5.448044640725059
45,5617.954809829393,13.27018827666883,-7.749522631672281,35.196837813560705,38.86412798905023,6.277134831871102,17.12883522550008,0.15222289969163272,0.2937646511115949,0.606897610152539,0.08887095110645962,16.614575068042118,11.451277857816748,0.431282735577291,4.5002276579506955
45,5082.200296103919,16.666458334672377,-7.610640847553309,42.3110622043839,38.04837993794315,6.277134831871102,39.92888833396232,0.15277795476554293,0.2937646511115949,0.606897610152539,0.0875083336056063,18.907770968021985,18.938991055967662,0.431282735577291,4.457090801481069
45,5082.200296103919,16.666458334672377,-7.610640847553309,35.28493024444612,38.86412798905023,6.277134831871102,39.92888833396232,0.15222289969163272,0.2937646511115949,0.606897610152539,0.0875083336056063,16.421017872715424,191.91247631333368,0.431282735577291,4.457090801481069
45,79.99900000642742,79.99900000642742,-11.318838148143506,40.45303371532785,35.230792851094776,39.972134123097995,41.279974192133956,0.4678571336238756,0.13024752308326615,0.19804826370057402,0.11852585469162,2.7443569369469105,17.016031430077973,1.0831165583401736,4.106114424418171
45,79.99900000642742,79.99900000642742,-10.521116265051575,37.87298824646698,37.26897684536367,28.25565961326404,39.593768247868596,0.1227658621157526,0.2277096717392151,0.08334583832042795,0.13490744974940871,16.64879763998654,18.277190454061202,0.5185283710489237,16.555355772951614
45,79.99900000642742,79.99900000642742,-11.32923923541555,37.64408579140751,35.071929031413326,40.21442822656073,41.411586687446864,0.12985473519128177,0.1542923295827053,0.08896997485436688,0.5668306402464177,16.65359588042084,18.16696524301919,3.720352146249475,19.04512763022228
45,79.99900000642742,79.99900000642742,-10.33796036804064,39.45096779377802,35.6605776741854,28.074639671211717,40.816943516233444,0.1457738269331072,0.14812969674444545,0.17101551192973227,0.523419699657424,16.383329681350727,223.96556580616974,0.5192550645870071,17.35550861053727
45,79.99900000642742,79.99900000642742,-10.518389720375026,36.68712625139235,33.39295702250513,44.75196916629657,39.654236480731235,0.12821336529930044,0.24747588459207057,0.2919217006764502,0.13601703468904447,18.792947785695,19.080858254177357,24.65660050705186,4.816454447389039
45,79.99900000642742,79.99900000642742,-10.103569689535735,37.87298824646698,36.63318295562446,25.09014565180929,39.62944469870196,0.12381075363702684,0.2253360903438012,0.09133472983781697,0.105632313881528,19.6314743656576,18.367725759712897,0.019577407838457073,1.5997476115934393
45,79.99900000642742,79.99900000642742,-10.9120791064693,33.47866582462739,41.819392675029384,41.23583593826763,41.41150126143758,0.1584017859365661,0.12903851398917907,0.20057293341575358,0.5586003142593787,9.280183575997004,24.86973660211434,0.4534740161188429,4.184361430505065
45,79.99900000642742,79.99900000642742,-10.525471405630725,37.87298824646698,38.632589387567826,28.289049024370854,39.593768247868596,0.1227658621157526,0.22938493672087223,0.08334583832042795,0.13490744974940871,16.64879763998654,18.277190454061202,0.5185283710489237,16.555355772951614
45,79.99900000642742,79.99900000642742,-10.04931504193523,37.86100368245727,36.724380437039784,24.69898513556805,39.654236480731235,0.1281697939082665,0.20431851420534825,0.08460623662951394,0.13657461489315378,18.792947785695,19.079588767962434,24.65660050705186,4.816454447389039
45,79.99900000642742,79.99900000642742,-10.117169393445842,35.00065179668153,38.83198642084198,26.67320835518703,41.10824300543556,0.13698076250220545,0.12941446446088714,0.19804826370057402,0.11852585469162,0.3291335383177687,24.68715568951806,0.8520766141720525,4.106114424418171
45,79.99900000642742,79.99900000642742,-10.316529657347367,37.87298824646698,38.495847872724475,28.196664534821856,41.1032704951587,0.49611029076642077,0.22467036640807841,0.08334583832042795,0.12817903414447937,16.42909685134965,26.168234187374154,12.030537449866184,1.5997476115934393
45,79.99900000642742,79.99900000642742,-11.548524097800623,38.77985565510651,35.79226591910239,39.25358116929756,41.406243310149094,0.14693485783529553,0.252207855847749,0.20349274062948708,0.5674514828870586,18.86977308007134,24.43445273352703,1.8365941392158858,4.481385626255607
45,79.99900000642742,79.99900000642742,-10.206166561255735,37.78489581558157,38.48566341062408,28.196664534821856,14.443941504449175,0.13862456925487537,0.1602193072204473,0.0929505815114262,0.13672418162237585,16.622654046676345,19.138293484747784,0.5473349429367196,1.6428840400768374
45,79.99900000642742,79.99900000642742,-11.777413696193676,40.301949468142354,38.59545447229388,40.21346911759949,41.025346778535315,0.13858976818128438,0.1226367431099329,0.29161435687034076,0.5662506210265418,10.171732917662682,15.486101614157448,1.0791388810987752,4.862718994969856
45,79.99900000642742,79.99900000642742,-11.016755340418456,42.22706256593767,35.71552567219875,43.25373472899058,41.45511011555645,0.15592795665961806,0.1492984314551672,0.6403567966940594,0.5391534239095526,19.592182681256332,19.563336027913678,1.365623305475797,1.3750848173803565
45,79.99900000642742,79.99900000642742,-10.355039964027753,36.23546866017833,35.22502736573795,28.497368452763922,41.10872872855114,0.10191951278522882,0.27973474329620024,0.18278677170863886,0.6147206888500839,0.4683030780822639,19.32506617440303,0.49151563657015906,2.6881260127376083
45,79.99900000642742,79.99900000642742,-10.488198160797609,37.64986429108788,36.6806264190276,25.09014565180929,34.421494152696845,0.12381075363702684,0.23316785677873667,0.09133472983781697,0.105632313881528,19.646637395920667,18.367725759712897,0.019577407838457073,1.5997476115934393
45,79.99900000642742,79.99900000642742,-10.8832087267417,37.536882638749574,34.94015793033381,43.50222435864741,39.52608678143146,0.11794492698558226,0.15462382057869728,0.602080123154452,0.09205418534653567,19.013932053508512,19.374124452695916,0.431282735577291,3.0201780023363165
45,79.99900000642742,79.99900000642742,-10.515565752062031,36.68712625139235,33.37130659877221,44.75196916629657,39.705915056477814,0.12821336529930044,0.24747588459207057,0.22993729526022913,0.13601703468904447,18.64286723938774,19.080858254177357,24.65660050705186,2.3059918247048365
45,79.99900000642742,79.99900000642742,-10.508693826877419,36.69911081540206,33.301759541089766,44.735106868362834,39.62944469870196,0.12385432502806078,0.24997655400667437,0.3028644622417383,0.10507473384789459,19.6314743656576,18.36899524592782,0.019577407838457073,1.5997476115934393
45,79.99900000642742,79.99900000642742,-10.193423071156786,36.56694288007221,38.99245391905805,25.142030797926775,11.688863986771878,0.14962634647463624,0.11027217646046934,0.22968860793825246,0.13434887937006407,16.611200072557157,136.28420130150408,28.93819915867195,2.090577243338327
45,79.99900000642742,79.99900000642742,-11.077404232471316,37.7377971823595,37.44736358800029,44.52059780572019,39.493022736015405,0.13889760014414398,0.1551274391556049,0.6312389236292875,0.1363237646295005,16.65424284695094,19.66247742069521,36.9591835004477,12.428489500308412
45,79.99900000642742,79.99900000642742,-11.276228282084773,38.66832625708414,38.54149346779355,44.09040997181028,41.076435779889145,0.5101407261004418,0.25861023114901804,0.0901350732792684,0.0870886815838545,9.913052407497755,150.0454080446239,1.2182459026734407,2.5619237507947776
45,79.99900000642742,79.99900000642742,-10.546053690835379,37.86296754673612,37.07470733956422,25.92778563596883,36.10817642678782,0.13150647165726678,0.11316675357022463,0.1966752785425485,0.567875298574448,10.033928560847015,17.01237885796055,1.0755713889146703,50.10920299977406
45,79.99900000642742,79.99900000642742,-10.204450661743728,37.588018124139374,38.82219900915052,25.056320749185808,13.721731483701474,0.14424871918546373,0.08365500032432716,0.2200465012751787,0.11058693792083053,22.120633853197607,38.46541598641452,36.350672604250384,19.04512763022228
45,79.99900000642742,79.99900000642742,-11.039824966056763,37.536882638749574,37.609991044649526,44.97133297154766,38.71456715580507,0.12645394518867084,0.13627878281926722,0.16749445788850392,0.11765252566377994,19.029584432454534,59.82772495258898,0.431282735577291,2.90273854151753
45,79.99900000642742,79.99900000642742,-11.194101808859429,32.75083224859769,38.929385047342016,40.130216660305905,41.443721166078255,0.1631670901880221,0.12970524009849885,0.20086854515481659,0.5590342462752561,9.24736650354644,41.26740222079573,0.7285642940782153,2.7663730188234137
45,79.99900000642742,79.99900000642742,-10.491643458950222,39.051415971390085,27.487349156675148,34.01182137890499,40.816943516233444,0.1457738269331072,0.14812969674444545,0.2097127808091305,0.523419699657424,17.468402271323313,16.219100748757256,0.861134050783722,4.677137309144444
45,79.99900000642742,79.99900000642742,-10.117169393445842,35.00065179668153,35.230792851094776,26.67320835518703,41.10824300543556,0.13698076250220545,0.1547373272667201,0.19804826370057402,0.11852585469162,0.21351910753668268,24.68715568951806,0.8520766141720525,4.106114424418171
45,79.99900000642742,79.99900000642742,-10.182336638437057,36.56694288007221,38.99245391905805,25.057034813742195,11.688863986771878,0.14962634647463624,0.1154834716126533,0.08320406046785186,0.10687754586683382,16.611200072557157,33.4213608049945,28.98297783384476,1.7501328913234868
45,79.99900000642742,79.99900000642742,-10.009062633437761,39.046041271593474,27.550154916799194,23.054948337138473,38.31880148078227,0.1239484703642578,0.25430970043621753,0.1778507628236208,0.5730555822086395,17.496934731464123,24.83953400834858,0.8520648740831644,4.74300012536632
45,79.99900000642742,79.99900000642742,-10.312704789619353,37.7245541599342,35.22032833628176,26.65729108318478,39.59322102943637,0.13428048576832485,0.12987559087402534,0.19790968684452342,0.1180211146282254,19.019000210393944,195.06293176948049,0.4675076493973691,3.6233248088137042
45,79.99900000642742,79.99900000642742,-10.068679524529117,41.433791222394504,35.6605776741854,26.01015320429005,40.816943516233444,0.146129923364454,0.14825271736465395,0.17087855939954952,0.5706515548873814,16.383329681350727,223.96556580616974,0.5192550645870071,17.35550861053727
45,79.99900000642742,79.99900000642742,-10.1807063009941,37.78489581558157,38.48566341062408,28.196664534821856,14.248746175776656,0.13862456925487537,0.22467036640807841,0.0845409408790457,0.12959268941765278,16.622654046676345,19.138293484747784,0.5185283710489237,1.6428840400768374
45,79.99900000642742,79.99900000642742,-11.496409806156656,40.42760466890625,38.36759304710482,40.21346911759949,36.35261096480052,0.13150647165726678,0.11484020182060163,0.19718334091085218,0.567875298574448,10.033928560847015,17.01237885796055,1.0755713889146703,50.10920299977406
45,79.99900000642742,79.99900000642742,-10.53055132226109,36.68712625139235,33.39295702250513,44.65873021850339,39.654236480731235,0.12821336529930044,0.24573945518471504,0.2838338481974722,0.13601703468904447,9.715379632645027,19.080858254177357,24.65660050705186,5.467814801270371
45,79.99900000642742,79.99900000642742,-11.065237441088648,37.536882638749574,37.609991044649526,44.77650399630319,39.52608678143146,0.14955566137911497,0.1652255384365116,0.2301390465711767,0.09205418534653567,19.06259673821198,18.350762899857628,24.634504868450385,3.015557606572733
45,79.99900000642742,79.99900000642742,-10.009062633437761,39.046041271593474,27.550154916799194,23.054948337138473,38.31880148078227,0.1239484703642578,0.2540052737231397,0.20880032015653724,0.5730555822086395,17.496934731464123,18.05894481122279,0.856797862612072,4.74300012536632
45,79.99900000642742,79.99900000642742,-9.875857081797257,33.27534595828189,35.226739213985034,25.996660704262844,42.28175641048387,0.12017768583342539,0.27973474329620024,0.216023272230534,0.5707809901089744,9.535247505266518,24.68715568951806,0.49151563657015906,3.6209385346607275
45,79.99900000642742,79.99900000642742,-11.228419437498076,36.540482833496974,38.99245391905805,44.90790489823942,39.526765544847,0.14962634647463624,0.16521313453038322,0.22968860793825246,0.13434887937006407,22.465108537608636,134.68379480361403,24.65660050705186,2.090577243338327
46,6416.9681188596,0.0,-10.205604828820533,37.59558589864153,38.81335039489502,25.056320749185808,14.182233343959679,0.13895782180788602,0.15495905569202,0.09009279424255161,0.57036913662982,16.60969967051757,41.129111977873436,36.350672604250384,19.04512763022228
46,79.99900000642742,79.99900000642742,-9.746299707608756,37.53992239815099,35.31449510990492,23.758013062555992,41.0363819708888,0.5036462718952337,0.1606983322459345,0.0919916989121804,0.13681558311286757,19.07500722607571,19.155160826413866,0.5486637262150561,17.224982650248904
46,6416.9681188596,0.0,-10.205604828820533,37.59554396071164,38.81335039489502,25.056320749185808,14.182233343959679,0.13895782180788602,0.15495905569202,0.09009279424255161,0.57036913662982,16.60969967051757,41.129111977873436,36.350672604250384,19.04512763022228
46,79.99900000642742,79.99900000642742,-9.992631686946062,37.61356409354283,38.81239611830442,27.471411051394117,42.861234784807614,0.12208754493568315,0.1509408095521253,0.08334583832042795,0.5902085638473071,16.609832064021127,40.0932065903728,0.5185283710489237,16.555355772951614
46,4546.213987035455,26.449593381223256,-7.455333346996795,35.28284872859292,38.86412798905023,6.277134831871102,41.11957917156223,0.15222289969163272,0.2937646511115949,0.20051633199231075,0.0875083336056063,17.166359756459038,21.43329296147867,0.4417902544926362,4.457090801481069
46,5617.954809829393,13.27018827666883,-7.749522631672281,35.196837813560705,38.86412798905023,6.277134831871102,17.12883522550008,0.15222289969163272,0.2937646511115949,0.606897610152539,0.08887095110645962,16.614575068042118,11.451277857816748,0.431282735577291,4.5002276579506955
46,4546.255476355063,23.333041668541327,-7.687836354382448,37.611963776838,37.41066617139974,5.673539276095909,38.73346055916376,0.1265824204391459,0.13582778789846592,0.208793003135952,0.11677455566370841,9.65499086329978,60.51449560987984,0.31399954678260666,5.448044640725059
46,5082.200296103919,16.666458334672377,-7.610640847553309,35.28493024444612,38.86412798905023,6.277134831871102,39.92888833396232,0.15222289969163272,0.2937646511115949,0.606897610152539,0.0875083336056063,16.421017872715424,191.91247631333368,0.431282735577291,4.457090801481069
46,5082.200296103919,16.666458334672377,-7.610640847553309,42.3110622043839,38.04837993794315,6.277134831871102,39.92888833396232,0.15277795476554293,0.2937646511115949,0.606897610152539,0.0875083336056063,18.907770968021985,18.938991055967662,0.431282735577291,4.457090801481069
46,79.99900000642742,79.99900000642742,-11.264962912217456,36.688678556318635,39.19456350531184,44.82984784497797,40.34166700319058,0.14900072738995848,0.24573945518471504,0.2838338481974722,0.10654387083480328,9.715379632645027,3.8487234716712333,24.65660050705186,0.0995275774052784
46,79.99900000642742,79.99900000642742,-10.316529657347367,37.87298824646698,38.495847872724475,28.196664534821856,41.1032704951587,0.49611029076642077,0.22467036640807841,0.08334583832042795,0.12817903414447937,16.42909685134965,26.168234187374154,12.030537449866184,1.5997476115934393
46,79.99900000642742,79.99900000642742,-10.501462333615862,39.45096779377802,35.6605776741854,28.074639671211717,39.56342844682342,0.13431163360612616,0.14812969674444545,0.17101551192973227,0.5384242385252961,16.388207634925823,194.43464616878902,0.4679926228225604,16.90836916251545
46,79.99900000642742,79.99900000642742,-10.193423071156786,36.56694288007221,38.99245391905805,25.142030797926775,11.688863986771878,0.14962634647463624,0.11570223039364078,0.2343598870201185,0.10638304083263848,16.611200072557157,35.34430043207953,30.512747111652846,2.090577243338327
46,79.99900000642742,79.99900000642742,-10.508663852142966,36.69911081540206,33.301759541089766,44.73533667466032,38.71555639187618,0.12385432502806078,0.1474612243425565,0.3042534589456302,0.10507473384789459,19.691280911986617,17.533138020171833,0.019577407838457073,1.5018174627696008
46,79.99900000642742,79.99900000642742,-10.149202824044131,37.7245541599342,35.22032833628176,26.65729108318478,40.84673609884639,0.1457426790953059,0.12229963999689909,0.19790968684452342,0.11676288228721995,19.014122256818847,224.59385131026735,0.5187700911618158,4.070692166214429
46,79.99900000642742,79.99900000642742,-10.8832087267417,37.536882638749574,34.94015793033381,43.50222435864741,39.52608678143146,0.11794492698558226,0.15462382057869728,0.602080123154452,0.09205418534653567,19.013932053508512,19.374124452695916,0.431282735577291,3.0201780023363165
46,79.99900000642742,79.99900000642742,-7.749793465373962,35.196837813560705,38.86205159733731,6.277134831871102,17.12883522550008,0.15222289969163272,0.2937646511115949,0.1066025623703249,0.08887095110645962,9.97959196641476,11.07597395191884,1.2177481054370287,4.5002276579506955
46,79.99900000642742,79.99900000642742,-10.117169393445842,35.00065179668153,38.83198642084198,26.67320835518703,41.10824300543556,0.13698076250220545,0.12941446446088714,0.19804826370057402,0.11852585469162,0.3291335383177687,24.68715568951806,0.8520766141720525,4.106114424418171
46,79.99900000642742,79.99900000642742,-10.103569689535735,37.87298824646698,36.63318295562446,25.09014565180929,39.62944469870196,0.12381075363702684,0.2253360903438012,0.09133472983781697,0.105632313881528,19.6314743656576,18.367725759712897,0.019577407838457073,1.5997476115934393
46,79.99900000642742,79.99900000642742,-10.544310197801092,37.86296754673612,37.08807411949377,25.92778563596883,36.10817642678782,0.13855551509313999,0.11316675357022463,0.1966752785425485,0.5661808574528194,10.033892353112021,15.48298087087467,1.0755713889146703,50.10920299977406
46,79.99900000642742,79.99900000642742,-11.775670203159386,40.301949468142354,38.582087692364325,40.21346911759949,41.025346778535315,0.13154072474541115,0.1226367431099329,0.29161435687034076,0.5679450621481702,10.171769125397676,29.061876330695185,1.0791388810987752,4.862718994969856
46,79.99900000642742,79.99900000642742,-11.82861210932537,37.53590824367674,37.609991044649526,38.923964873155,39.522524708069334,0.1504197410016809,0.15242633900608082,0.6137783737945842,0.09205418534653567,18.978733905624008,19.374124452695916,0.16020819413094878,3.0201780023363165
46,79.99900000642742,79.99900000642742,-10.136510066030958,35.00065179668153,35.117208973344745,26.821486845006287,41.10824300543556,0.13698076250220545,0.15504691115656577,0.09126510044747892,0.10633292012574065,20.70378116304483,18.32473331027318,0.03531119495462404,4.106114424418171
46,79.99900000642742,79.99900000642742,-10.9120791064693,33.47866582462739,41.819392675029384,41.23583593826763,41.41150126143758,0.1584017859365661,0.12903851398917907,0.20057293341575358,0.5586003142593787,9.280183575997004,24.86973660211434,0.4534740161188429,4.184361430505065
46,79.99900000642742,79.99900000642742,-10.33796036804064,39.45096779377802,35.6605776741854,28.074639671211717,40.816943516233444,0.1457738269331072,0.14812969674444545,0.17101551192973227,0.523419699657424,16.383329681350727,223.96556580616974,0.5192550645870071,17.35550861053727
46,79.99900000642742,79.99900000642742,-11.318838148143506,40.45303371532785,35.230792851094776,39.972134123097995,41.279974192133956,0.4678571336238756,0.13024752308326615,0.19804826370057402,0.11852585469162,2.7443569369469105,17.016031430077973,1.0831165583401736,4.106114424418171
46,79.99900000642742,79.99900000642742,-10.009062633437761,39.046041271593474,27.550154916799194,23.054948337138473,38.31880148078227,0.1239484703642578,0.2540052737231397,0.20880032015653724,0.5730555822086395,17.496934731464123,18.05894481122279,0.856797862612072,4.74300012536632
46,79.99900000642742,79.99900000642742,-10.193423071156786,36.56694288007221,38.99245391905805,25.142030797926775,11.688863986771878,0.14962634647463624,0.11027217646046934,0.22968860793825246,0.13434887937006407,16.611200072557157,136.28420130150408,28.93819915867195,2.090577243338327
46,79.99900000642742,79.99900000642742,-10.204450661743728,37.588018124139374,38.82219900915052,25.056320749185808,13.721731483701474,0.14424871918546373,0.08365500032432716,0.2200465012751787,0.11058693792083053,22.120633853197607,38.46541598641452,36.350672604250384,19.04512763022228
46,79.99900000642742,79.99900000642742,-10.182336638437057,36.56694288007221,38.99245391905805,25.057034813742195,11.688863986771878,0.14962634647463624,0.11005341767948187,0.08057442270033428,0.13484338443712438,16.611200072557157,134.36177519357352,28.98297783384476,1.7501328913234868
46,79.99900000642742,79.99900000642742,-9.746299707608756,37.53992239815099,35.31449510990492,23.758013062555992,41.0363819708888,0.5036462718952337,0.1606983322459345,0.0919916989121804,0.192135592844718,18.867745704786884,19.098791535644207,0.2137323276210843,26.934089934332185
46,79.99900000642742,79.99900000642742,-9.92388371548348,39.046041271593474,35.021509999078,23.054948337138473,38.9718398517651,0.09576196443358595,0.2540052737231397,0.20880032015653724,0.5730555822086395,17.496934731464123,18.05894481122279,0.856797862612072,19.002864304522035
46,79.99900000642742,79.99900000642742,-10.355842611457142,37.64079304976398,35.6605776741854,28.21173687073825,40.816943516233444,0.1457738269331072,0.11773775560486119,0.17101551192973227,0.5700113126695178,16.397636183698353,14.103859736327465,15.503137669172832,17.35550861053727
46,79.99900000642742,79.99900000642742,-10.8832087267417,37.536882638749574,34.94015793033381,43.50222435864741,39.5306761684499,0.11794492698558226,0.15494496823588277,0.602080123154452,0.09304241157116534,19.03782175306577,19.374124452695916,25.100830531700232,3.0201780023363165
46,79.99900000642742,79.99900000642742,-11.548524097800623,38.77985565510651,35.79226591910239,39.25358116929756,41.406243310149094,0.14693485783529553,0.252207855847749,0.20349274062948708,0.5674514828870586,18.86977308007134,24.43445273352703,1.8365941392158858,4.481385626255607
46,79.99900000642742,79.99900000642742,-10.518389720375026,37.61914517723586,33.39295702250513,44.75196916629657,42.64432465101126,0.1262771263591376,0.14231684257400565,0.28239748502024786,0.13601703468904447,18.792947785695,20.190733466695868,24.65660050705186,4.816454447389039
46,79.99900000642742,79.99900000642742,-10.117169393445842,35.00065179668153,35.230792851094776,26.67320835518703,41.10824300543556,0.13698076250220545,0.1547373272667201,0.19804826370057402,0.11852585469162,0.21351910753668268,24.68715568951806,0.8520766141720525,4.106114424418171
46,79.99900000642742,79.99900000642742,-9.875857081797257,33.27534595828189,35.226739213985034,25.996660704262844,42.28175641048387,0.12017768583342539,0.27973474329620024,0.216023272230534,0.5707809901089744,9.535247505266518,24.68715568951806,0.49151563657015906,3.6209385346607275
46,79.99900000642742,79.99900000642742,-10.546053690835379,37.86296754673612,37.07470733956422,25.92778563596883,35.9732874999422,0.13112467114305693,0.1594776483803423,0.1966752785425485,0.5688659214684078,18.772487288196345,17.01237885796055,1.0761369092935644,50.10920299977406
46,79.99900000642742,79.99900000642742,-10.04931504193523,37.86100368245727,36.724380437039784,24.69898513556805,39.654236480731235,0.1281697939082665,0.20431851420534825,0.08460623662951394,0.13657461489315378,18.792947785695,19.079588767962434,24.65660050705186,4.816454447389039
46,79.99900000642742,79.99900000642742,-10.525471405630725,37.87298824646698,38.632589387567826,28.289049024370854,39.593768247868596,0.1227658621157526,0.22938493672087223,0.08334583832042795,0.13490744974940871,16.64879763998654,18.277190454061202,0.5185283710489237,16.555355772951614
46,79.99900000642742,79.99900000642742,-11.231447828608971,37.536882638749574,37.609991044649526,43.50222435864741,39.52608678143146,0.11794492698558226,0.15462382057869728,0.16749445788850392,0.09205418534653567,19.029584432454534,19.374124452695916,0.431282735577291,3.0201780023363165
46,79.99900000642742,79.99900000642742,-11.016755340418456,42.22706256593767,35.71552567219875,43.25373472899058,41.45511011555645,0.15592795665961806,0.1492984314551672,0.6403567966940594,0.5391534239095526,19.592182681256332,19.563336027913678,1.365623305475797,1.3750848173803565
46,79.99900000642742,79.99900000642742,-10.521116265051575,37.87298824646698,37.26897684536367,28.25565961326404,39.593768247868596,0.1227658621157526,0.2277096717392151,0.08334583832042795,0.13490744974940871,16.64879763998654,18.277190454061202,0.5185283710489237,16.555355772951614
46,79.99900000642742,79.99900000642742,-10.35471465945021,37.64408579140751,27.600573949012343,40.21442822656073,38.31004382124562,0.12985473519128177,0.1542923295827053,0.08896997485436688,0.5668306402464177,16.65359588042084,18.16696524301919,3.720352146249475,4.7853282133494375
46,79.99900000642742,79.99900000642742,-9.16750503991004,39.03102331897509,27.96384403868723,33.24420523528711,11.52841054126414,0.14424871918546373,0.08365500032432716,0.2098051736778234,0.11058693792083053,22.120633853197607,29.244575822462004,35.82757513889518,19.062001945413122
46,79.99900000642742,79.99900000642742,-10.508693826877419,36.69911081540206,33.301759541089766,44.735106868362834,39.62944469870196,0.12385432502806078,0.24997655400667437,0.3028644622417383,0.10507473384789459,19.6314743656576,18.36899524592782,0.019577407838457073,1.5997476115934393
46,79.99900000642742,79.99900000642742,-10.355039964027753,36.23546866017833,35.22502736573795,28.497368452763922,41.10872872855114,0.10191951278522882,0.27973474329620024,0.18278677170863886,0.6147206888500839,0.4683030780822639,19.32506617440303,0.49151563657015906,2.6881260127376083
