generation,l_max_kg_per_m,s_max_kg_per_m,constraint,x_00,x_01,x_02,x_03,x_04,x_05,x_06,x_07
5,79.99900000642742,79.99900000642742,-12.0,0.0815081555013488,0.1117522229620889,0.3620662543586197,0.1394422194324449,15.4785484823431,68.30887929067998,16.254888690857808,224.2885266236326
6,79.99900000642742,79.99900000642742,-12.0,0.193832280397139,0.143462715988024,0.1027081309144612,0.1287446260119814,6.382232298272111,80.2309535223281,234.7665267859974,197.88987498003812
7,79.99900000642742,79.99900000642742,-12.0,0.315342007732696,0.2655535257212965,0.103035745174132,0.1946650947820562,5.603895407491174,19.55651391304009,242.7357142275822,147.01671752469613
7,79.99900000642742,79.99900000642742,-12.0,0.2184030310090345,0.143462715988024,0.1027081309144612,0.1287446260119814,6.382232298272111,80.2309535223281,234.7665267859974,203.21283649964175
7,79.99900000642742,79.99900000642742,-12.0,0.0815081555013488,0.1117522229620889,0.3602390194692557,0.1394422194324449,12.5091261726552,68.30887929067998,20.42615888098285,224.2885266236326
8,79.99900000642742,79.99900000642742,-12.0,0.2184030310090345,0.1434148001309987,0.1027081309144612,0.1287446260119814,6.382232298272111,93.27425849969016,7.735237938141623,197.00255910626277
8,79.99900000642742,79.99900000642742,-12.0,0.0815081555013488,0.1117522229620889,0.3602390194692557,0.0819254137815664,12.758813527021552,68.30887929067998,20.42615888098285,224.2885266236326
8,79.99900000642742,79.99900000642742,-12.0,0.0815081555013488,0.1107894439286083,0.2596932993684959,0.1394422194324449,15.4785484823431,63.92091798447498,16.007563988413043,224.2885266236326
8,79.99900000642742,79.99900000642742,-12.0,0.0815799398886944,0.1117522229620889,0.0989759909009996,0.1394422194324449,12.32303022139888,67.00212689519816,20.42615888098285,14.578037128329257
9,79.99900000642742,79.99900000642742,-12.0,0.0815081555013488,0.2592389290629978,0.3620662543586197,0.1428782668392506,15.4785484823431,68.30887929067998,26.952564395136704,218.044382838168
9,79.99900000642742,79.99900000642742,-12.0,0.2208500881192021,0.143462715988024,0.1027081309144612,0.2061918951338838,6.382232298272111,7.006983188831324,27.36914883083925,203.21283649964175
9,79.99900000642742,79.99900000642742,-12.0,0.0815081555013488,0.1117522229620889,0.3602390194692557,0.1394422194324449,12.5091261726552,68.39489179160827,20.42615888098285,28.699440837140894
10,79.99900000642742,79.99900000642742,-12.0,0.0815081555013488,0.1021428067277381,0.2611020283501725,0.1394422194324449,12.5091261726552,68.30887929067998,20.42615888098285,227.9841527270941
10,79.99900000642742,79.99900000642742,-12.0,0.0815081555013488,0.1117522229620889,0.362057918289118,0.1394422194324449,15.887355910044649,68.30940572947678,16.254888690857808,227.94552174565052
10,79.99900000642742,79.99900000642742,-12.0,0.0815081555013488,0.1107894439286083,0.3588302904876206,0.1255809489720977,15.4785484823431,63.92091798447498,16.007563988413043,224.2885266236326
10,79.99900000642742,79.99900000642742,-12.0,0.0815081555013488,0.1117522229620889,0.3602473555387574,0.1394422194324449,12.100318744953654,79.07820108428581,20.42615888098285,24.978825003298027
11,79.99900000642742,79.99900000642742,-12.0,0.0815081555013488,0.1117522229620889,0.3620662543586197,0.1394422194324449,15.4785484823431,68.30887929067998,16.254888690857808,102.1554763828266
11,79.99900000642742,79.99900000642742,-12.0,0.0815081555013488,0.1107894439286083,0.2596932993684959,0.1391646546072332,15.4785484823431,49.94965001229944,26.88008087516128,214.28033109420912
11,79.99900000642742,79.99900000642742,-12.0,0.0815081555013488,0.1122908334678185,0.3563972720768639,0.1394422194324449,15.887355910044649,68.30940572947678,17.088798095757294,94.5884787899878
11,79.99900000642742,79.99900000642742,-12.0,0.1188685538703272,0.1330294578795841,0.3769141829866931,0.1287446260119814,6.382232298272111,91.17499087023089,5.8636885912090015,197.00255910626277
11,79.99900000642742,79.99900000642742,-12.0,0.0815081555013488,0.1117522229620889,0.35762757103005,0.1835046631926438,15.137321242514696,68.30940572947678,16.254888690857808,227.346679479147
11,79.99900000642742,79.99900000642742,-12.0,0.2192562059435736,0.1434137950086417,0.1027081309144612,0.1035640282431214,0.9988859464571344,93.00623957160468,7.735237938141623,197.00255910626277
11,79.99900000642742,79.99900000642742,-12.0,0.1929791054625999,0.143463721110381,0.1027081309144612,0.1287446260119814,6.382232298272111,80.49897245041356,234.7665267859974,197.88987498003812
12,79.99900000642742,79.99900000642742,-12.0,0.0815081555013488,0.1117575295950978,0.2650866442968957,0.1125271208184866,15.4785484823431,49.94965001229944,37.90865335477862,214.28033109420912
12,79.99900000642742,79.99900000642742,-12.0,0.0815081555013488,0.1021428067277381,0.2519382556794173,0.1394422194324449,12.5091261726552,68.30887929067998,21.651321087959797,224.23316356505697
12,79.99900000642742,79.99900000642742,-12.0,0.0815081555013488,0.1117522229620889,0.3470167486466123,0.1095735672829936,12.363332713905052,68.30292947535965,20.27752615613482,28.699440837140894
12,79.99900000642742,79.99900000642742,-12.0,0.0818580781658031,0.1021428067277381,0.2611020283501725,0.1087208749313259,12.5091261726552,68.30887929067998,20.42006637915288,227.9841527270941
12,79.99900000642742,79.99900000642742,-12.0,0.2184030310090345,0.1434627294741124,0.0963462818436053,0.1287446260119814,6.382232298272111,80.2309535223281,234.7665267859974,203.21283649964175
12,79.99900000642742,79.99900000642742,-12.0,0.0815081555013488,0.1107894439286083,0.3693306063655403,0.1394413485545104,15.4785484823431,49.94965001229944,26.88008087516128,214.28033109420912
12,79.99900000642742,79.99900000642742,-12.0,0.239828810165016,0.1407003935037991,0.0962875814449039,0.2064694600645068,6.382232298272111,7.006983188831324,27.28213814820998,87.02450009878326
12,79.99900000642742,79.99900000642742,-12.0,0.0815081555013488,0.1107894439286083,0.2883804843328555,0.1391646546072332,15.4785484823431,49.94965001229944,26.88008087516128,214.28033109420912
12,79.99900000642742,79.99900000642742,-12.0,0.1039879216493426,0.1117522229620889,0.3839777495992527,0.1394422194324449,15.4785484823431,68.30887929067998,16.123886086595235,228.03951578566972
12,79.99900000642742,79.99900000642742,-12.0,0.193832280397139,0.1677897566401453,0.1027081309144612,0.1287446260119814,6.382232298272111,80.2309535223281,234.7665267859974,197.88987498003812
12,79.99900000642742,79.99900000642742,-12.0,0.2213886594463018,0.1434148001309987,0.1114289291395303,0.1287446260119814,6.382232298272111,112.042983221844,116.84066580228298,197.0833000146827
12,79.99900000642742,79.99900000642742,-12.0,0.0815081555013488,0.0862831361736335,0.3620662543586197,0.1394422194324449,15.336871300205855,68.30887929067998,16.254888690857808,102.1554763828266
12,79.99900000642742,79.99900000642742,-12.0,0.0815081555013488,0.1122908334678185,0.3089143738158901,0.1391655254851677,15.887355910044649,68.30940572947678,17.088798095757294,94.5884787899878
12,79.99900000642742,79.99900000642742,-12.0,0.0812367017259139,0.0801433750112535,0.2759332825745937,0.1394422194324449,15.4785484823431,68.30887929067998,16.593747215502336,224.14091655348372
13,79.99900000642742,79.99900000642742,-12.0,0.0815081555013488,0.1117522229620889,0.362057918289118,0.1262254851255761,15.867462599351487,68.30940572947678,16.254888690857808,224.3038253245308
13,79.99900000642742,79.99900000642742,-12.0,0.0876789540453397,0.1677897566401453,0.1027081309144612,0.1287446260119814,6.382232298272111,68.73580897427088,211.5701441223561,197.64046805138364
13,79.99900000642742,79.99900000642742,-12.0,0.239828810165016,0.1407003935037991,0.0965770319713228,0.1972888626653671,6.382232298272111,7.006983188831324,25.140110949642853,84.99525483206922
13,79.99900000642742,79.99900000642742,-12.0,0.0815081555013488,0.1107894439286083,0.367112647900757,0.1394390411884393,15.4785484823431,49.94965001229944,26.88008087516128,214.28033109420912
13,79.99900000642742,79.99900000642742,-12.0,0.1209150471647331,0.0801433750112535,0.2759332825745937,0.1394422194324449,6.212797156995613,79.8040238387372,16.593747215502336,224.39032346273373
13,79.99900000642742,79.99900000642742,-12.0,0.0815081555013488,0.1574856518905017,0.3588302904876206,0.1283787389754544,15.4785484823431,63.92091798447498,13.029594918936256,230.4908960728119
13,79.99900000642742,79.99900000642742,-12.0,0.1188685538703272,0.0882779670666527,0.3769141829866931,0.1289925881583866,6.382232298272111,91.17499087023089,5.791296757456934,197.00255910626277
13,79.99900000642742,79.99900000642742,-12.0,0.0815081555013488,0.0862831361736335,0.3449876709080405,0.1392160606831913,15.336871300205855,68.30887929067998,16.11056297454541,102.1554763828266
13,79.99900000642742,79.99900000642742,-12.0,0.0815081555013488,0.1117575295950978,0.3657184245182245,0.1127532795689372,14.931727418343458,49.94965001229944,38.052979285988286,214.28033109420912
13,79.99900000642742,79.99900000642742,-12.0,0.0815081555013488,0.11175683168272,0.2716064477935747,0.1127650594527644,15.88422759091642,68.30940572947678,51.62241654171646,214.30173308228493
13,79.99900000642742,79.99900000642742,-12.0,0.0815081555013488,0.1117522229620889,0.3602390194692557,0.0819254137815664,5.833915989259296,69.36652966671132,20.42615888098285,225.5451966728071
13,79.99900000642742,79.99900000642742,-12.0,0.0815081555013488,0.1117529208744667,0.4061003221029159,0.1392042807993631,15.481676801471329,49.94965001229944,15.83867168839154,227.92411975755437
13,79.99900000642742,79.99900000642742,-12.0,0.0815081555013488,0.1107894439286083,0.2619112578334095,0.1391669619733042,15.4785484823431,49.94965001229944,19.99910303078126,214.28033109420912
13,79.99900000642742,79.99900000642742,-12.0,0.0815081555013488,0.1310495206256237,0.3620662543586197,0.1391942572860396,15.336871300205855,68.30887929067998,16.327281910911445,102.1554763828266
13,79.99900000642742,79.99900000642742,-12.0,0.0815081555013488,0.1117522229620889,0.3620662543586197,0.1394422194324449,12.620319721356564,62.50754476571528,16.006713383043913,224.2885266236326
14,79.99900000642742,79.99900000642742,-12.0,0.2192562059435736,0.1262488893339975,0.1027081309144612,0.1035640282431214,0.9988859464571344,90.13561305031112,7.735237938141623,102.12387630033196
14,79.99900000642742,79.99900000642742,-12.0,0.1848861941177522,0.143462715988024,0.1027081309144612,0.1287446260119814,6.382232298272111,80.2309535223281,234.7665267859974,197.88987498003812
14,79.99900000642742,79.99900000642742,-12.0,0.1188685538703272,0.0882779670666527,0.3751605955674764,0.1289925881583866,6.382232298272111,90.73573179821622,14.476622445269928,197.00255910626277
14,79.99900000642742,79.99900000642742,-12.0,0.1188685538703272,0.1330294578795841,0.3767787335360952,0.1492654087101207,6.430862613271859,79.27471841509384,5.8636885912090015,24.315569203026385
14,79.99900000642742,79.99900000642742,-12.0,0.2409683854759029,0.1435186120924051,0.0959508774824052,0.2064694600645068,6.382232298272111,7.006983188831324,27.28213814820998,87.02450009878326
14,79.99900000642742,79.99900000642742,-12.0,0.2343444662146407,0.1126008155609538,0.0962875814449039,0.2064694600645068,15.0164629472011,7.540538131526706,39.41819440227569,79.27648006900385
14,79.99900000642742,79.99900000642742,-12.0,0.0815081555013488,0.1117522229620889,0.362057918289118,0.1262254851255761,5.175681967197142,69.46105922852419,16.254888690857808,249.6654928947652
14,79.99900000642742,79.99900000642742,-12.0,0.0815081555013488,0.1066788661832729,0.3620662543586197,0.1394422194324449,15.336871300205855,68.30887929067998,16.254888690857808,102.1554763828266
14,79.99900000642742,79.99900000642742,-12.0,0.1188685538703272,0.1100042427257298,0.3769141829866931,0.1289925881583866,6.292827737128753,91.17499087023089,5.791296757456934,197.00255910626277
14,79.99900000642742,79.99900000642742,-12.0,0.0815081555013488,0.1117575295950978,0.2650866442968957,0.1125271208184866,15.4785484823431,49.94965001229944,31.689471302146565,214.28033109420912
14,79.99900000642742,79.99900000642742,-12.0,0.0815081555013488,0.1107894439286083,0.367112647900757,0.1394390411884393,15.4785484823431,49.94965001229944,26.88008087516128,220.79769832606684
14,79.99900000642742,79.99900000642742,-12.0,0.0815081555013488,0.1117522229620889,0.3470167486466123,0.1088496778253277,12.363332713905052,80.62147433655632,20.27752615613482,202.0944957959255
14,79.99900000642742,79.99900000642742,-12.0,0.0814913884678311,0.1019166194248279,0.2626310432317951,0.1338669375244968,2.343159448600304,50.61881725728658,20.439801325074868,214.0940778987716
14,79.99900000642742,79.99900000642742,-12.0,0.0815081555013488,0.080046784634832,0.3693306063655403,0.1394414150929696,3.806794211331441,49.94077482219522,25.38932845326763,214.28033109420912
14,79.99900000642742,79.99900000642742,-12.0,0.2202490841354149,0.1275076767833262,0.1117656331098943,0.1287446260119814,6.382232298272111,112.042983221844,116.84066580228298,197.0833000146827
14,79.99900000642742,79.99900000642742,-12.0,0.0815081555013488,0.1117575295950978,0.3657184245182245,0.1127532795689372,3.7356943427965614,49.94965001229944,21.655826529744694,214.28033109420912
14,79.99900000642742,79.99900000642742,-12.0,0.0815081555013488,0.1107721109639941,0.3588302904876206,0.1421191756632286,15.4785484823431,63.74734721910711,16.053240116184508,224.2885266236326
14,79.99900000642742,79.99900000642742,-12.0,0.0851768314762527,0.0985162187067105,0.3449876709080405,0.1392183366090846,5.837454773295606,68.30887929067998,16.11056297454541,99.30470041180196
14,79.99900000642742,79.99900000642742,-12.0,0.0815081555013488,0.11175683168272,0.2716064477935747,0.1127650594527644,15.88422759091642,76.87885546019388,51.62241654171646,242.22942135915173
14,79.99900000642742,79.99900000642742,-12.0,0.0815081555013488,0.11175683168272,0.2716064477935747,0.1127650594527644,15.88422759091642,68.30940572947678,15.17280558077335,214.30173308228493
15,79.99900000642742,79.99900000642742,-12.0,0.0815081555013488,0.0846662571707358,0.3693306063655403,0.1394414150929696,15.761130086848652,49.94077482219522,25.38932845326763,214.3015575653156
15,79.99900000642742,79.99900000642742,-12.0,0.2192562059435736,0.1289047220935118,0.1027081309144612,0.1229593434746554,0.9988859464571344,111.9699616596676,112.01735747293708,102.12387630033196
15,79.99900000642742,79.99900000642742,-12.0,0.0892743762687759,0.11175683168272,0.26925252134011,0.1035566589740703,15.88422759091642,76.73666186574988,61.34618166597225,242.22942135915173
15,79.99900000642742,79.99900000642742,-12.0,0.0871909259274242,0.143462715988024,0.1027081309144612,0.1287446260119814,6.382232298272111,69.04704519828016,209.5208451196688,203.21283649964175
15,79.99900000642742,79.99900000642742,-12.0,0.1188685538703272,0.1432531551285674,0.3767787335360952,0.1504618212860398,6.430862613271859,77.69216837751017,5.8636885912090015,29.358214713952144
15,79.99900000642742,79.99900000642742,-12.0,0.0815081555013488,0.1117568126970322,0.3444930007566724,0.1089353280795815,15.88422759091642,80.28334653306452,21.21862846394708,210.38722673009264
15,79.99900000642742,79.99900000642742,-12.0,0.0815081555013488,0.1261465589481333,0.3602390194692557,0.0807997547857712,11.355803445462811,68.30887929067998,20.42615888098285,224.2885266236326
15,79.99900000642742,79.99900000642742,-12.0,0.0815081555013488,0.1118579239889668,0.2596932993684959,0.1127587283384474,9.348069208747654,49.94965001229944,26.88008087516128,214.28033109420912
15,79.99900000642742,79.99900000642742,-12.0,0.0816716056213498,0.1117522229620889,0.3583969065994171,0.1420370927741634,15.4785484823431,68.30887929067998,16.12245387680626,228.03951578566972
15,79.99900000642742,79.99900000642742,-12.0,0.1188685538703272,0.0889632560288901,0.1008989355978129,0.1289925881583866,6.382232298272111,6.921028940014992,13.671998350711451,194.6907133048585
15,79.99900000642742,79.99900000642742,-12.0,0.0815081555013488,0.1107933323927791,0.367112647900757,0.1259424614796261,15.4785484823431,69.47453435324945,26.799273814178772,220.79769832606684
15,79.99900000642742,79.99900000642742,-12.0,0.1200957952690384,0.1096369503718958,0.3769141829866931,0.1289925881583866,13.025121284851648,80.51650623815773,15.131075569355716,197.9606564418085
15,79.99900000642742,79.99900000642742,-12.0,0.0815081555013488,0.080046784634832,0.3613141237366756,0.1394414150929696,12.251959039755548,58.16553050097566,45.60483380369695,214.28033109420912
15,79.99900000642742,79.99900000642742,-12.0,0.0801538077857378,0.0802016311900988,0.3764316469788903,0.106020340406454,6.382232298272111,91.17499087023089,5.791296757456934,180.43564287213303
15,79.99900000642742,79.99900000642742,-12.0,0.1917518756683585,0.1438310135353615,0.1027081309144612,0.1287446260119814,6.382232298272111,91.15745708248672,226.665200834291,196.9317776444924
15,79.99900000642742,79.99900000642742,-12.0,0.2202490841354149,0.1275076767833262,0.1117656331098943,0.1287446260119814,6.382232298272111,51.32653922211108,32.20881793994477,197.0833000146827
15,79.99900000642742,79.99900000642742,-12.0,0.2193990891624868,0.1677897566401453,0.0953746848671799,0.1287446260119814,6.382232298272111,79.9197172983188,221.1564045737215,197.64046805138364
15,79.99900000642742,79.99900000642742,-12.0,0.1038723546846888,0.1107721109639941,0.3844111334874561,0.13952430232151,15.4785484823431,63.74734721910711,16.054672325973485,224.2885266236326
15,79.99900000642742,79.99900000642742,-12.0,0.0818134483436871,0.1436441419661309,0.1071380339247115,0.1128721272890684,15.88422759091642,77.8822077549784,242.56531210489172,214.30173308228493
16,79.99900000642742,79.99900000642742,-12.0,0.0809162981685324,0.0887225825226716,0.1008989355978129,0.129049676058896,6.011591602202995,5.669581010963029,13.671998350711451,194.95604475380424
16,79.99900000642742,79.99900000642742,-12.0,0.193832280397139,0.0889367679079812,0.1027346043100874,0.1287446260119814,6.382232298272111,76.61626909636578,13.793842730279778,191.26499677913588
16,79.99900000642742,79.99900000642742,-12.0,0.1188685538703272,0.1432531551285674,0.3767787335360952,0.1504618212860398,6.9156955288440045,77.69216837751017,5.8636885912090015,29.358214713952144
16,79.99900000642742,79.99900000642742,-12.0,0.0815081555013488,0.1107894439286083,0.3693306063655403,0.1397245817710865,9.310594364064508,49.94965001229944,26.88008087516128,101.80698300847116
16,79.99900000642742,79.99900000642742,-12.0,0.0868741228090502,0.1111048619706089,0.344291287561482,0.1088496778253277,12.363332713905052,80.86927322920445,20.27752615613482,202.0944957959255
16,79.99900000642742,79.99900000642742,-12.0,0.0991239305758003,0.1420669074323241,0.3844111334874561,0.12410854219736,6.62701787337924,63.74734721910711,16.054672325973485,224.2885266236326
16,79.99900000642742,79.99900000642742,-12.0,0.2229169497263258,0.1263431082771046,0.2551827834912826,0.1038237460536885,5.564362414128336,112.042983221844,61.7166834720928,197.15685536716663
16,79.99900000642742,79.99900000642742,-12.0,0.0818580781658031,0.1118189511079156,0.2557942178483082,0.1086155579602949,12.5091261726552,68.30887929067998,20.42006637915288,227.9841527270941
16,79.99900000642742,79.99900000642742,-12.0,0.0813646454255824,0.1114523595164208,0.331139467325941,0.1269029854207568,4.324820141016179,80.62147433655632,20.27752615613482,202.0944957959255
16,79.99900000642742,79.99900000642742,-12.0,0.0839843475097825,0.166560297917576,0.3672036741937988,0.1287446260119814,5.836665044504962,69.51742922317173,23.64751313362555,226.27081322681727
16,79.99900000642742,79.99900000642742,-12.0,0.1075979996425697,0.1020760785819117,0.358815585714205,0.1080837637546478,13.783659405763824,68.30887929067998,16.12245387680626,228.03951578566972
16,79.99900000642742,79.99900000642742,-12.0,0.087334785357417,0.1437625794533414,0.1027081309144612,0.1106913184166406,6.382232298272111,69.04704519828016,209.5208451196688,203.21283649964175
16,79.99900000642742,79.99900000642742,-12.0,0.0818250454235669,0.1250101398490138,0.1056813058298514,0.1287446260119814,6.382232298272111,68.79924630563204,209.5208451196688,203.21283649964175
16,79.99900000642742,79.99900000642742,-12.0,0.0801538077857378,0.0802016311900988,0.3762030022423918,0.106020340406454,6.382232298272111,91.17499087023089,5.791296757456934,212.4116095752113
17,79.99900000642742,79.99900000642742,-12.0,0.0815081555013488,0.080046784634832,0.1088555190340279,0.1287039886354966,3.82895366974095,50.810128841883554,57.54686139191909,214.28033109420912
17,79.99900000642742,79.99900000642742,-12.0,0.1188685538703272,0.0889632560288901,0.3804572142029587,0.1397300146158595,6.360072839873583,6.073809877347372,24.48302235036449,194.6907133048585
17,79.99900000642742,79.99900000642742,-12.0,0.0879820631635185,0.1117522229620889,0.3620577892883029,0.0819254137815664,12.777534837273624,68.30887929067998,20.557383217055083,224.97847423374503
17,79.99900000642742,79.99900000642742,-12.0,0.112785811023925,0.1465636648318141,0.3767787335360952,0.1504618212860398,6.430862613271859,77.69216837751017,5.624273991142637,195.53277479785413
17,79.99900000642742,79.99900000642742,-12.0,0.1206029189627673,0.0882779670666527,0.3769141829866931,0.108819378816038,6.41628826080505,91.17499087023089,41.58213182145356,230.1933413726781
17,79.99900000642742,79.99900000642742,-12.0,0.191102986213476,0.1438310135353615,0.1027081309144612,0.1287446260119814,6.382232298272111,113.46477900439888,228.4604749561545,196.9272021774604
17,79.99900000642742,79.99900000642742,-12.0,0.1197484970815725,0.1111334087405863,0.3461066572461717,0.1504618212860398,6.9156955288440045,77.69216837751017,5.8636885912090015,29.358214713952144
17,79.99900000642742,79.99900000642742,-12.0,0.0810843325481946,0.1438719693796011,0.3776888249365357,0.1088496778253277,12.363332713905052,98.30590409249676,20.27752615613482,202.0944957959255
17,79.99900000642742,79.99900000642742,-12.0,0.0885827440509011,0.1107933323927791,0.3765845987259434,0.1259424614796261,15.4785484823431,69.4615260662261,19.13833977975113,220.79769832606684
17,79.99900000642742,79.99900000642742,-12.0,0.0872132342132206,0.085537216631018,0.1008989355978129,0.2084168391040653,6.011591602202995,5.669581010963029,13.911413180593136,28.80554821942721
17,79.99900000642742,79.99900000642742,-12.0,0.1075979996425697,0.1020760785819117,0.358815585714205,0.1080837637546478,13.493217185531872,51.597940264697286,16.12245387680626,228.03951578566972
17,79.99900000642742,79.99900000642742,-12.0,0.0874683946566953,0.1111048619706089,0.344291287561482,0.1022177148263279,12.363332713905052,80.86927322920445,20.27752615613482,229.00895931015637
17,79.99900000642742,79.99900000642742,-12.0,0.0815081555013488,0.1078254873675358,0.3602390194692557,0.1277394975120424,5.833915989259296,69.36652966671132,20.42615888098285,226.27716330009437
17,79.99900000642742,79.99900000642742,-12.0,0.0851768314762527,0.0987907274627031,0.3449876709080405,0.1321911147163081,5.837454773295606,68.30887929067998,16.11056297454541,99.30470041180196
17,79.99900000642742,79.99900000642742,-12.0,0.0868741228090502,0.1111048619706089,0.344291287561482,0.1088496778253277,12.706724091052628,80.86927322920445,20.27752615613482,210.1713666724989
17,79.99900000642742,79.99900000642742,-12.0,0.0808530323345466,0.1118189511079156,0.2557942178483082,0.1287887673028028,12.475070211540796,68.30887929067998,6.849914111000689,194.79336416314564
17,79.99900000642742,79.99900000642742,-12.0,0.0803428112422191,0.1437625794533414,0.1027081309144612,0.1106913184166406,6.382232298272111,69.06005348530351,217.4510850314304,203.21283649964175
17,79.99900000642742,79.99900000642742,-12.0,0.1033936696930051,0.1117522229620889,0.3839777495992527,0.1460742012249875,15.4785484823431,68.30887929067998,16.123886086595235,201.1250519673426
17,79.99900000642742,79.99900000642742,-12.0,0.0801538077857378,0.0802016311900988,0.3938600949955093,0.106020340406454,6.556685133314759,97.55168225112769,5.791296757456934,218.4603575766925
17,79.99900000642742,79.99900000642742,-12.0,0.0890459432742923,0.11175683168272,0.2697376641322713,0.1035566589740703,6.589757270035856,90.82059195503736,14.13502902100829,242.22942135915173
18,79.99900000642742,79.99900000642742,-12.0,0.1229857558630296,0.0882779670666527,0.3769141829866931,0.1287231207277629,6.3820292136266685,91.17499087023089,41.58213182145356,198.0553067191017
18,79.99900000642742,79.99900000642742,-12.0,0.0884406611474198,0.1109605855266563,0.3764895521246226,0.1287446260119814,15.491792758939235,69.51352117215085,23.64751313362555,226.27081322681727
18,79.99900000642742,79.99900000642742,-12.0,0.0879820631635185,0.1117522229620889,0.2807801286925043,0.0819254137815664,12.777534837273624,80.3263933501279,20.27879703516091,241.7356021042487
18,79.99900000642742,79.99900000642742,-12.0,0.0801538077857378,0.1311763795704457,0.3938600949955093,0.1027949535919291,6.559030879935111,97.55168225112769,5.791296757456934,218.7545801971221
18,79.99900000642742,79.99900000642742,-12.0,0.0815081555013488,0.1101101283195225,0.2596932993684959,0.1066124616661368,15.4785484823431,83.06523379230121,5.588209434863988,218.300580822142
18,79.99900000642742,79.99900000642742,-12.0,0.2248694581294774,0.1286247930374513,0.3449876709080405,0.1322234298285055,5.783412629574746,68.30887929067998,16.11056297454541,96.54850624503084
18,79.99900000642742,79.99900000642742,-12.0,0.0963883250127361,0.1111048619706089,0.344291287561482,0.1088496778253277,12.363332713905052,66.9247309066868,20.556112338028992,186.9548899886416
18,79.99900000642742,79.99900000642742,-12.0,0.08298892514432,0.0976736153900815,0.1117656331098943,0.128712310899784,9.043557230576353,42.79732664122271,32.20881793994477,197.0833000146827
18,79.99900000642742,79.99900000642742,-12.0,0.1188685538703272,0.0882613646705839,0.3790754547989698,0.1391498580500082,6.416098481616531,91.25040696444934,13.671998350711451,194.6907133048585
18,79.99900000642742,79.99900000642742,-12.0,0.2161704852881008,0.143462715988024,0.1027081309144612,0.1088408841003682,6.416491345450493,80.2309535223281,234.7665267859974,230.02790826178472
18,79.99900000642742,79.99900000642742,-12.0,0.0841264304202248,0.1663930506406649,0.3406970699751297,0.1259424614796261,5.82342127379577,69.465434117247,19.13833977975113,220.79769832606684
18,79.99900000642742,79.99900000642742,-12.0,0.0801538077857378,0.0813482712143555,0.3938600949955093,0.1385725334853229,6.556685133314759,94.81519566254477,27.083691388875582,214.4401078487596
18,79.99900000642742,79.99900000642742,-12.0,0.1192312504616336,0.0802016311900988,0.3885256869694418,0.1064057138637492,6.374266133903404,90.91444105924792,5.791296757456934,193.003979124699
18,79.99900000642742,79.99900000642742,-12.0,0.0874683946566953,0.1111048619706089,0.3445338188944545,0.1089906031653681,12.363332713905052,80.86927322920445,20.27752615613482,232.32755658547725
18,79.99900000642742,79.99900000642742,-12.0,0.0815146762998635,0.1111257538007793,0.3510552334820653,0.1391646546072332,15.4785484823431,83.1898214899694,26.88008087516128,214.63679881651515
18,79.99900000642742,79.99900000642742,-12.0,0.0827329353975303,0.1297444654230576,0.3672036741937988,0.1287446260119814,5.836665044504962,71.38017785389125,23.6228685341552,226.27081322681727
18,79.99900000642742,79.99900000642742,-12.0,0.1040388125252122,0.1117522229620889,0.3839777495992527,0.1460742012249875,15.45277163390388,68.30887929067998,16.123886086595235,201.1250519673426
18,79.99900000642742,79.99900000642742,-12.0,0.2202490841354149,0.1643235092792962,0.1117656331098943,0.1039161621645775,6.382232298272111,49.46379059139247,32.233462539415136,197.0833000146827
19,79.99900000642742,79.99900000642742,-12.0,0.1208519888431289,0.0882779670666527,0.3411025142998543,0.1541906507835402,13.513032069641742,92.18642653222366,41.58213182145356,227.94776709551945
19,79.99900000642742,79.99900000642742,-12.0,0.0813646454255824,0.1114548307535294,0.3322587292268912,0.1034163484670406,4.324820141016179,91.0570670416046,20.27752615613482,204.0766460314866
19,79.99900000642742,79.99900000642742,-12.0,0.0801600190907789,0.1309669721737125,0.3570394684263203,0.1023394169262272,16.20245249971609,83.1898214899694,26.88008087516128,214.4429998012288
19,79.99900000642742,79.99900000642742,-12.0,0.1206486501598706,0.1109605855266563,0.3764895521246226,0.1180213480542222,6.241213716840666,69.51352117215085,23.64751313362555,226.27081322681727
19,79.99900000642742,79.99900000642742,-12.0,0.0801538077857378,0.080582880837115,0.3438075159454309,0.1385725334853229,6.356648472114225,94.33264156552042,27.083691388875582,214.4401078487596
19,79.99900000642742,79.99900000642742,-12.0,0.1229857558630296,0.0871900093288531,0.3769141829866931,0.1289440886609711,6.3820292136266685,91.17499087023089,21.761041290670036,198.0553067191017
19,79.99900000642742,79.99900000642742,-12.0,0.0827329353975303,0.0878104425900873,0.3673791486222253,0.1287446260119814,5.847145008372448,71.38017785389125,23.574025613629512,193.90745315108848
19,79.99900000642742,79.99900000642742,-12.0,0.0933962305889001,0.1311763795704457,0.3995702000918028,0.1027949535919291,6.559030879935111,97.57907754737104,5.7370209229373845,217.56760924645727
19,79.99900000642742,79.99900000642742,-12.0,0.0809162981685324,0.0887225825226716,0.3663852854637768,0.1381338893307498,6.4056139573856266,7.186166311544781,22.012344509472094,194.97443117298457
19,79.99900000642742,79.99900000642742,-12.0,0.0815081555013488,0.1078254873675358,0.3602390194692557,0.1277394975120424,6.532312291477252,69.36652966671132,15.94124859942135,226.27716330009437
19,79.99900000642742,79.99900000642742,-12.0,0.0885827440509011,0.1107933323927791,0.3274497132864586,0.1259424614796261,15.4785484823431,69.4615260662261,19.13833977975113,220.79769832606684
19,79.99900000642742,79.99900000642742,-12.0,0.0868741228090502,0.1121933006994535,0.3415533712606969,0.1086287098923209,12.363332713905052,80.86927322920445,40.09861669814416,213.50404601602915
19,79.99900000642742,79.99900000642742,-12.0,0.0841264304202248,0.1663930506406649,0.3406970699751297,0.1339253453567498,15.07400075902952,69.465434117247,14.3587668760567,220.79769832606684
19,79.99900000642742,79.99900000642742,-12.0,0.1040388125252122,0.1117522229620889,0.3839777495992527,0.2201651534655923,15.45277163390388,68.30887929067998,16.123886086595235,201.1250519673426
19,79.99900000642742,79.99900000642742,-12.0,0.0875340119370521,0.1111048619706089,0.3445338188944545,0.1376215817253469,12.363332713905052,94.72189811483852,5.7096269904868,232.32755658547725
19,79.99900000642742,79.99900000642742,-12.0,0.1188685538703272,0.0882613646705839,0.1140205826733099,0.1288020981140284,6.022076126433901,89.91670116100208,13.671998350711451,194.67232688567816
19,79.99900000642742,79.99900000642742,-12.0,0.0815045198452145,0.0803368936540041,0.3693306063655403,0.1394414150929696,3.806794211331441,65.10933506344723,25.38932845326763,214.28033109420912
19,79.99900000642742,79.99900000642742,-12.0,0.0809772330344956,0.1118189511079156,0.2557942178483082,0.12874578526704,12.475070211540796,68.30887929067998,23.59248225407223,194.79336416314564
19,79.99900000642742,79.99900000642742,-12.0,0.191102986213476,0.1438310135353615,0.1027081309144612,0.1287446260119814,6.382232298272111,113.46477900439888,228.4604749561545,219.16506115613615
20,79.99900000642742,79.99900000642742,-12.0,0.1040388125252122,0.1117522229620889,0.3839777495992527,0.1460742012249875,15.45277163390388,68.30887929067998,16.071721321207917,227.3832025182282
20,79.99900000642742,79.99900000642742,-12.0,0.2248694581294774,0.1258779094259381,0.3767541636069628,0.1322234298285055,5.783412629574746,89.30634974465599,13.719148866988856,195.41606631734248
20,79.99900000642742,79.99900000642742,-12.0,0.0813646454255824,0.1114523595164208,0.331139467325941,0.1269029854207568,4.324820141016179,83.40539963285235,28.918517893472277,202.0944957959255
20,79.99900000642742,79.99900000642742,-12.0,0.1017879249876085,0.1294747677627546,0.3546228629065497,0.1393539492381536,15.531972155980116,71.38017785389125,23.6228685341552,226.27081322681727
20,79.99900000642742,79.99900000642742,-12.0,0.0809162981685324,0.1605702166791907,0.3662877471575633,0.1381338893307498,6.4056139573856266,2.0307954164064643,22.34530551951288,194.97443117298457
20,79.99900000642742,79.99900000642742,-12.0,0.1047887365095022,0.1181580234001597,0.3842408322388818,0.1455070722174708,6.532312291477252,69.3931109811771,15.94124859942135,226.23037318692997
20,79.99900000642742,79.99900000642742,-12.0,0.0875622170602974,0.1111257538007793,0.3444775541575727,0.1391646546072332,7.505550263319931,94.52802311558038,5.6245349432316445,214.63679881651515
20,79.99900000642742,79.99900000642742,-12.0,0.2202490841354149,0.0810610837726643,0.1117656331098943,0.1039161621645775,6.382232298272111,89.83146027396134,32.233462539415136,197.0833000146827
20,79.99900000642742,79.99900000642742,-12.0,0.1208519888431289,0.0882779670666527,0.3519071283969817,0.1879993915627373,13.513032069641742,92.18642653222366,41.58213182145356,227.94776709551945
20,79.99900000642742,79.99900000642742,-12.0,0.0801538077857378,0.1654250875863336,0.3762030022423918,0.106020340406454,6.382232298272111,47.03143545630103,5.791296757456934,212.4116095752113
20,79.99900000642742,79.99900000642742,-12.0,0.0813626434370396,0.1080292872653414,0.3693306063655403,0.1390270427241965,3.806794211331441,64.07090025374549,20.136242001791665,214.28033109420912
20,79.99900000642742,79.99900000642742,-12.0,0.1192312504616336,0.0802016311900988,0.3885256869694418,0.1305547799189124,5.395515662593888,90.91444105924792,5.791296757456934,193.003979124699
20,79.99900000642742,79.99900000642742,-12.0,0.1109335375249008,0.0882779670666527,0.3411025142998543,0.0988502979087037,13.513032069641742,92.18642653222366,41.6342975205971,201.6896164743776
20,79.99900000642742,79.99900000642742,-12.0,0.1229857558630296,0.0882779670666527,0.3451476902877707,0.1287231207277629,6.3820292136266685,70.1775204162549,41.58213182145356,99.18772767042624
20,79.99900000642742,79.99900000642742,-12.0,0.0814866555960096,0.1111048619706089,0.3511114982189471,0.1376215817253469,12.363332713905052,83.38369648922752,22.90875956492269,232.32755658547725
20,79.99900000642742,79.99900000642742,-12.0,0.0868593774253932,0.1320450541849394,0.3750135430641057,0.1376215817253469,12.363332713905052,80.70888128105688,39.39345265158396,231.9252419297649
20,79.99900000642742,79.99900000642742,-12.0,0.1190486170163437,0.1306862594334626,0.1140205826733099,0.1319835210466041,6.549606148965078,79.09110614790579,5.984318920466016,194.93447052526963
20,79.99900000642742,79.99900000642742,-12.0,0.1188685538703272,0.0889632560288901,0.3804572142029587,0.1397300146158595,6.374172949122124,6.073809877347372,24.48302235036449,194.6907133048585
20,79.99900000642742,79.99900000642742,-12.0,0.0875487573207091,0.1110645787481623,0.3415533712606969,0.1086287098923209,12.363332713905052,121.36337881264724,7.525785249592132,213.90636065901165
20,79.99900000642742,79.99900000642742,-12.0,0.1104681601918343,0.1383566489656934,0.3744215741184406,0.1232254684267751,8.022793632756258,90.71804291176537,5.907719120953576,214.203657827534
20,79.99900000642742,79.99900000642742,-12.0,0.1188492812157004,0.0889632560288901,0.3804572142029587,0.1543469010554093,6.50135473678265,89.53102501878075,24.4956493660763,195.75887380487367
20,79.99900000642742,79.99900000642742,-12.0,0.0806927227139324,0.0887550633101917,0.3938600949955093,0.0996135336957274,16.17890780816049,97.55168225112769,13.478976248817414,218.4924365570575
20,79.99900000642742,79.99900000642742,-12.0,0.0801600190907789,0.1309669721737125,0.36211485824473,0.1561241543283053,16.20245249971609,80.69380643760583,26.88008087516128,214.6393242480091
21,79.99900000642742,79.99900000642742,-12.0,0.1047887365095022,0.1181580234001597,0.3629127366267498,0.1463439931431802,6.532084723293086,79.78228442214423,5.344016993175845,226.20014541154984
21,79.99900000642742,79.99900000642742,-12.0,0.0813544065893486,0.1306862594334626,0.1116855409581814,0.1319835210466041,6.549606148965078,78.98546827751777,6.522127873795387,219.2301905553623
21,79.99900000642742,79.99900000642742,-12.0,0.0870860995416422,0.1111048619706089,0.344291287561482,0.10288474174444,12.857659179338391,80.86927322920445,20.720426852630457,202.3018906082229
21,79.99900000642742,79.99900000642742,-12.0,0.1163904351004863,0.0835444172060093,0.3762812438956672,0.138414843223002,3.137048468629789,6.073809877347372,28.054013725118736,194.6907133048585
21,79.99900000642742,79.99900000642742,-12.0,0.0892222476678001,0.2030504760256514,0.2693168715459378,0.1042002802801155,16.168546757517944,68.30887929067998,12.585312513825713,227.3832025182282
21,79.99900000642742,79.99900000642742,-12.0,0.0801538077857378,0.1311763795704457,0.3839251773748868,0.1039263168747571,6.5592584481192775,96.92435233650998,16.38853431179512,218.78480797250216
21,79.99900000642742,79.99900000642742,-12.0,0.1105673024582998,0.1383566489656934,0.3395554326311699,0.1520362019630147,13.477316762506373,90.7877359261284,38.79894607894231,213.596441579185
21,79.99900000642742,79.99900000642742,-12.0,0.1007534468425256,0.1311763795704457,0.3995702000918028,0.1087598896728167,6.0647044300023225,97.57907754737104,5.294211024108569,217.36021443415905
21,79.99900000642742,79.99900000642742,-12.0,0.1109335375249008,0.094361928362297,0.3411025142998543,0.0993095842264645,6.52355305221964,2.807919575986382,42.10782570233552,201.6896164743776
21,79.99900000642742,79.99900000642742,-12.0,0.2184030310090345,0.143462715988024,0.1000324331764924,0.1287446260119814,6.382232298272111,80.2309535223281,234.7665267859974,203.21283649964175
21,79.99900000642742,79.99900000642742,-12.0,0.0933962305889001,0.1311763795704457,0.3995702000918028,0.2217471813508287,6.4776410671431774,95.81369126168664,5.7370209229373845,200.25753696176932
21,79.99900000642742,79.99900000642742,-12.0,0.0876781156212191,0.13154397454733,0.3449100240799621,0.1089906031653681,12.363332713905052,80.86927322920445,27.0941862066309,232.32755658547725
21,79.99900000642742,79.99900000642742,-12.0,0.1387948511718981,0.0882779670666527,0.3519071283969817,0.1879993915627373,1.8350143693578715,92.03211582255726,32.70170430877373,203.04765125227385
21,79.99900000642742,79.99900000642742,-12.0,0.0869125303509065,0.1311763795704457,0.3938600949955093,0.137114494193318,12.150317645622076,98.18421317038636,0.6226434663985696,217.44721814967764
21,79.99900000642742,79.99900000642742,-12.0,0.0809162981685324,0.0887225825226716,0.3506379567749699,0.1348832514473722,5.385315920984237,7.186166311544781,22.012344509472094,194.97443117298457
21,79.99900000642742,79.99900000642742,-12.0,0.08298892514432,0.0890070929725133,0.1117656331098943,0.1290494815658801,9.043557230576353,42.79732664122271,18.34805563043895,218.3259520240754
21,79.99900000642742,79.99900000642742,-12.0,0.0801538077857378,0.0805667372137121,0.3701621648531163,0.1385725334853229,6.356648472114225,94.33264156552042,20.07586603264304,214.4401078487596
21,79.99900000642742,79.99900000642742,-12.0,0.0875622170602974,0.1308745073028135,0.3444775541575727,0.1363828493453222,9.201543649076251,94.52802311558038,5.6245349432316445,214.63635373830624
21,79.99900000642742,79.99900000642742,-12.0,0.1047887365095022,0.1181580234001597,0.3840056824890911,0.1455334095636855,6.532312291477252,69.3836853228665,15.94124859942135,226.23037318692997
22,79.99900000642742,79.99900000642742,-12.0,0.0814583162635655,0.1600089368569053,0.3662877471575633,0.1381338893307498,6.404109688316615,96.44608119298351,19.99595914762075,201.9216982713911
22,79.99900000642742,79.99900000642742,-12.0,0.1044872001893343,0.101858232676864,0.3848821319529321,0.1441287086535437,6.0647044300023225,65.35410587006295,5.360670659584971,204.2874163231779
22,79.99900000642742,79.99900000642742,-12.0,0.08298892514432,0.0887242968730421,0.1117656331098943,0.1290494815658801,6.479087214119569,6.61050442588358,18.34805563043895,196.02791796668012
22,79.99900000642742,79.99900000642742,-12.0,0.0809162981685324,0.1107741703226937,0.3892578252435237,0.1112787192683822,4.968021486196072,7.186166311544781,22.025935088934546,194.97443117298457
22,79.99900000642742,79.99900000642742,-12.0,0.0813544065893486,0.1306862594334626,0.1116855409581814,0.1707191522153701,12.398420362677497,78.98546827751777,6.522127873795387,219.2301905553623
22,79.99900000642742,79.99900000642742,-12.0,0.0868741228090502,0.089053307764284,0.344291287561482,0.1324542100068403,12.595318769180908,80.86927322920445,20.26393557667237,186.5056619237029
22,79.99900000642742,79.99900000642742,-12.0,0.1047887365095022,0.121493441161837,0.3692936943600567,0.1391507154676222,6.505364670503449,79.90919734284897,25.53030642812824,214.1704965443007
22,79.99900000642742,79.99900000642742,-12.0,0.191102986213476,0.1262456690075983,0.0953231001613563,0.1064678517090841,6.382232298272111,113.48752297372788,228.4604749561545,219.16506115613615
22,79.99900000642742,79.99900000642742,-12.0,0.1038792901102048,0.1117522229620889,0.3839777495992527,0.1371487378051414,15.49132218947931,68.30887929067998,0.5744056634339874,205.408105102693
22,79.99900000642742,79.99900000642742,-12.0,0.1160128191250422,0.1605702166791907,0.3662877471575633,0.1381338893307498,3.13045536849212,2.07504517869534,22.34530551951288,194.99249698843448
22,79.99900000642742,79.99900000642742,-12.0,0.1113978501519468,0.1111048619706089,0.3411918115282618,0.10288474174444,12.438398662110597,78.46075654739437,20.13126897170295,202.2903025211861
22,79.99900000642742,79.99900000642742,-12.0,0.0866223834225165,0.094361928362297,0.3442019903330745,0.0993095842264645,6.9428135709019045,5.625573656045951,42.10782570233552,201.7012045614144
22,79.99900000642742,79.99900000642742,-12.0,0.0870720730456267,0.1311763795704457,0.3938600949955093,0.1460399576131641,12.111767090046644,98.18421317038636,9.863448773506606,198.82719036075952
22,79.99900000642742,79.99900000642742,-12.0,0.0801538077857378,0.1311763795704457,0.3938600949955093,0.1285326289186792,6.559030879935111,97.55168225112769,5.791296757456934,218.7545801971221
22,79.99900000642742,79.99900000642742,-12.0,0.0815045198452145,0.0803368936540041,0.3629496486322334,0.1466346927685275,3.83351426414376,64.9824221427425,5.2035501120684025,226.3099799614561
23,79.99900000642742,79.99900000642742,-12.0,0.2184030310090345,0.143462715988024,0.0989832947734357,0.1287446260119814,6.382232298272111,97.9073060920919,234.7665267859974,203.21283649964175
23,79.99900000642742,79.99900000642742,-12.0,0.0808020126617831,0.1600089368569053,0.3852798495772029,0.1483004265540754,6.049910564562704,96.44608119298351,27.011959314946758,200.27528629292223
23,79.99900000642742,79.99900000642742,-12.0,0.0803743585348504,0.1312825221127279,0.3573535945557713,0.1023394169262272,15.441420590951694,83.1898214899694,26.88008087516128,214.4429998012288
23,79.99900000642742,79.99900000642742,-12.0,0.0813544065893486,0.1459024821593803,0.3615518018891279,0.1707191522153701,12.398420362677497,78.98546827751777,6.522127873795387,219.2301905553623
23,79.99900000642742,79.99900000642742,-12.0,0.0892222476678001,0.2030504760256514,0.2693168715459378,0.1042002802801155,16.168546757517944,68.30887929067998,11.534053844760496,222.37454694412483
23,79.99900000642742,79.99900000642742,-12.0,0.089227813917133,0.0805667372137121,0.3701621648531163,0.1037857718019538,6.356648472114225,66.8714142108918,20.10410719196296,214.4401078487596
23,79.99900000642742,79.99900000642742,-12.0,0.0873628969905198,0.0887409599718123,0.3415533712606969,0.1150984931907747,12.363332713905052,113.30061527615658,21.77460982340092,214.48128516351505
23,79.99900000642742,79.99900000642742,-12.0,0.0875622170602974,0.1111257538007793,0.3444955375651327,0.132614770914098,7.505550263319931,94.5346946767032,5.6245349432316445,214.63679881651515
23,79.99900000642742,79.99900000642742,-12.0,0.1038792901102048,0.1119782918397003,0.3839777495992527,0.1368155115889811,6.602244906602654,68.30887929067998,41.06826649775486,101.08946867434724
23,79.99900000642742,79.99900000642742,-12.0,0.1047887365095022,0.1216033266582516,0.3692936943600567,0.1390647113865086,6.505364670503449,79.81706182979403,25.53030642812824,214.35605169640772
23,79.99900000642742,79.99900000642742,-12.0,0.104116995994634,0.1117483268147978,0.4165995520689677,0.1371487378051414,15.536706316580249,69.6798463500773,0.5744056634339874,143.7633354061556
23,79.99900000642742,79.99900000642742,-12.0,0.0963883250127361,0.1111048619706089,0.344291287561482,0.1088496778253277,12.363332713905052,100.10769892964896,8.37930316749865,186.79752072442523
23,79.99900000642742,79.99900000642742,-12.0,0.0814583162635655,0.1600089368569053,0.3662877471575633,0.1381338893307498,6.404109688316615,96.44608119298351,19.997719745538323,201.9216982713911
23,79.99900000642742,79.99900000642742,-12.0,0.2184030310090345,0.143462715988024,0.1000324331764924,0.1287446260119814,6.382232298272111,80.2309535223281,235.73974784306577,203.21283649964175
23,79.99900000642742,79.99900000642742,-12.0,0.0801538077857378,0.080582880837115,0.343789532537871,0.1385725334853229,6.356648472114225,94.32597000439758,27.083691388875582,214.4401078487596
23,79.99900000642742,79.99900000642742,-12.0,0.0875487573207091,0.1110645787481623,0.3415533712606969,0.1068326941961311,12.363332713905052,65.91177992406712,18.186238559509587,214.063729922694
23,79.99900000642742,79.99900000642742,-12.0,0.0801538077857378,0.080582880837115,0.3438075159454309,0.1511510690417967,6.5645069760322965,94.28224979743878,27.083691388875582,214.4401078487596
23,79.99900000642742,79.99900000642742,-12.0,0.0873873802555518,0.1394171796159478,0.344291287561482,0.10288474174444,12.857659179338391,80.83035648917712,20.720426852630457,214.94373869708136
23,79.99900000642742,79.99900000642742,-12.0,0.0872252007703491,0.094361928362297,0.3442019903330745,0.0993095842264645,6.765286679854783,7.408511668804923,43.91779353148046,225.77052788750044
24,79.99900000642742,79.99900000642742,-12.0,0.0892222476678001,0.2030504760256514,0.2777349102623249,0.1050348597446057,6.602592122379264,2.4825318973519046,18.000282691288593,195.8663949658214
24,79.99900000642742,79.99900000642742,-12.0,0.0815045198452145,0.0803368936540041,0.3629496486322334,0.102914646592336,3.9464367503784894,64.9824221427425,5.2035501120684025,226.3099799614561
24,79.99900000642742,79.99900000642742,-12.0,0.0813544065893486,0.0883274665361544,0.1116855409581814,0.1707191522153701,11.73839336546412,78.98546827751777,6.410347590205606,220.33513826743012
24,79.99900000642742,79.99900000642742,-12.0,0.0809162981685324,0.1310857414293292,0.3663852854637768,0.1381338893307498,6.4056139573856266,7.186166311544781,32.49533439965988,194.97443117298457
24,79.99900000642742,79.99900000642742,-12.0,0.0801515542751657,0.1394171796159478,0.3862047526025021,0.1029128912070537,12.857659179338391,97.18904847589968,20.720426852630457,214.94373869708136
24,79.99900000642742,79.99900000642742,-12.0,0.087336752543432,0.080582880837115,0.3437542692861249,0.1397050249846742,13.28762015312423,113.42066863053968,27.23216437969649,231.18171791266545
24,79.99900000642742,79.99900000642742,-12.0,0.2179333687304434,0.1394549928534568,0.344291287561482,0.1319496879451434,5.2025175602788,89.14149716424981,20.720426852630457,166.2511594549233
24,79.99900000642742,79.99900000642742,-12.0,0.104116995994634,0.1117483268147978,0.4165995520689677,0.1461214233009503,15.536706316580249,93.35793245955271,1.8417965916133705,157.53141885063712
24,79.99900000642742,79.99900000642742,-12.0,0.0810331605548913,0.0803368936540041,0.3751036709845344,0.1347227903957923,14.770352028709398,64.9824221427425,5.2035501120684025,226.3099799614561
24,79.99900000642742,79.99900000642742,-12.0,0.0809162981685324,0.0848235972646761,0.3460911112731668,0.1381338893307498,13.765915483635904,1.7812741499549385,18.631545427684,196.0399874762809
24,79.99900000642742,79.99900000642742,-12.0,0.08298892514432,0.1648697273264038,0.1117656331098943,0.1290494815658801,6.479087214119569,6.860054791796619,22.061815722267827,172.9128510055199
24,79.99900000642742,79.99900000642742,-12.0,0.1018239849713641,0.1216033266582516,0.3546975936703827,0.1390636140172809,6.588121731330224,79.87657058594792,25.53030642812824,214.35605169640772
24,79.99900000642742,79.99900000642742,-12.0,0.08298892514432,0.0887242968730421,0.1034567541177478,0.1282149021125337,16.045042035180906,73.28551148801625,11.881826783915962,222.5360699366636
24,79.99900000642742,79.99900000642742,-12.0,0.0906767708825603,0.1111048619706089,0.3429137340459681,0.1089554288291342,16.08719848255617,68.26025827435078,11.796536131514353,186.9548899886416
24,79.99900000642742,79.99900000642742,-12.0,0.0814755080452249,0.0871900093288531,0.3430683881712927,0.1289440886609711,9.250218985353124,91.17499087023089,19.729327099110165,198.0553067191017
24,79.99900000642742,79.99900000642742,-12.0,0.0813544065893486,0.1486219066232102,0.3615518018891279,0.1390112749972634,16.375435271791197,73.96178253130799,6.522127873795387,219.2301905553623
24,79.99900000642742,79.99900000642742,-12.0,0.1263357202250522,0.0914252325338731,0.378323348972973,0.1363828493453222,6.333353877349946,94.52802311558038,5.6245349432316445,214.63635373830624
24,79.99900000642742,79.99900000642742,-12.0,0.0947191183449855,0.1258400961884291,0.3767541636069628,0.1031584837599729,3.3365731731623747,96.97240855142476,17.32715468855561,213.66366762121865
25,79.99900000642742,79.99900000642742,-12.0,0.0892222476678001,0.2030504760256514,0.2693168715459378,0.0861419322565685,16.168546757517944,61.39776862228676,12.585312513825713,227.3832025182282
25,79.99900000642742,79.99900000642742,-12.0,0.0892222476678001,0.2143423674789419,0.275810532110629,0.1050348597446057,7.027644503296196,7.446384945671859,22.377281002947026,227.3514728603552
25,79.99900000642742,79.99900000642742,-12.0,0.1040388125252122,0.1117522229620889,0.3839777495992527,0.1460742012249875,15.45277163390388,68.30887929067998,16.071721321207917,202.9340160761521
25,79.99900000642742,79.99900000642742,-12.0,0.0827636664746042,0.1262456690075983,0.0953231001613563,0.1030410552081992,6.382232298272111,113.66214084608502,228.4604749561545,219.2563938322774
25,79.99900000642742,79.99900000642742,-12.0,0.0823916832110104,0.1494368353637305,0.3384862652706595,0.1706534982892361,12.398577838169702,74.05194483552854,6.609626096790686,220.63131761697517
25,79.99900000642742,79.99900000642742,-12.0,0.0813509888839082,0.1486219066232102,0.3615518018891279,0.1390112749972634,16.375435271791197,73.96178253130799,6.532080292316393,219.2301905553623
25,79.99900000642742,79.99900000642742,-12.0,0.0813544065893486,0.1247196978619218,0.3613038044093352,0.1718314672302684,3.5775959240527,78.98546827751777,6.522127873795387,227.96312936646265
25,79.99900000642742,79.99900000642742,-12.0,0.097540564721123,0.131188540746513,0.3777895800967023,0.102278335442573,15.441420590951694,82.75465023282798,26.88008087516128,214.4429998012288
25,79.99900000642742,79.99900000642742,-12.0,0.0824637886676896,0.1391442678663792,0.3466997912893179,0.129297274276434,5.449547288362092,89.14149716424981,17.427658564513763,186.35776224294835
25,79.99900000642742,79.99900000642742,-12.0,0.0809162981685324,0.0848235972646761,0.3414514770009726,0.1716733846496036,13.765915483635904,1.7812741499549385,18.631545427684,196.06671508843948
25,79.99900000642742,79.99900000642742,-12.0,0.0872543376110805,0.11069170803162,0.344291287561482,0.10288474174444,12.857659179338391,80.96823563766169,39.171550286286,214.6182683265092
25,79.99900000642742,79.99900000642742,-12.0,0.0809162981685324,0.0887225825226716,0.3833205178056493,0.1039178725057958,6.558158832440326,7.186166311544781,22.13789108871369,194.97443117298457
25,79.99900000642742,79.99900000642742,-12.0,0.0813544065893486,0.1486219066232102,0.3885437353226023,0.1390112749972634,15.47299452070746,73.85931961431933,15.882790144405732,218.9380380440817
25,79.99900000642742,79.99900000642742,-12.0,0.0801186123985455,0.1430897657667419,0.3438075159454309,0.1385725334853229,8.566693663068556,79.91825478413139,20.89313899758898,202.1237301304733
25,79.99900000642742,79.99900000642742,-12.0,0.0892222476678001,0.1321055613291044,0.2671125682494186,0.1042002802801155,16.168546757517944,7.096114892758379,13.116627988440998,194.62356407661517
25,79.99900000642742,79.99900000642742,-12.0,0.0803743585348504,0.1312825221127279,0.316926893623648,0.1023394169262272,13.236619450713532,84.99831304944851,26.88008087516128,214.38990627856867
25,79.99900000642742,79.99900000642742,-12.0,0.0809162981685324,0.1438922928195505,0.3751339873259634,0.1405578120538936,4.968021486196072,59.99833156634675,22.025935088934546,195.98302014678356
25,79.99900000642742,79.99900000642742,-12.0,0.0809162981685324,0.2020306569168155,0.3685895887603398,0.1381338893307498,2.355024956653163,46.27941058244417,31.964019542175183,227.7340688160353
26,79.99900000642742,79.99900000642742,-12.0,0.0887608112732235,0.0871900093288531,0.3769141829866931,0.129202145800294,6.3820292136266685,91.17499087023089,21.761041290670036,193.92457131118343
26,79.99900000642742,79.99900000642742,-12.0,0.0809162981685324,0.0864445450765235,0.3414514770009726,0.1716557857716557,12.359698282600426,1.4067389856054509,18.595908863610425,195.35341679513184
26,79.99900000642742,79.99900000642742,-12.0,0.097540564721123,0.131188540746513,0.3777895800967023,0.0982539153583588,15.441420590951694,82.75465023282798,26.88008087516128,214.4429998012288
26,79.99900000642742,79.99900000642742,-12.0,0.1043585928430786,0.1150011529464291,0.3739860810991865,0.1460742012249875,15.45277163390388,68.30887929067998,37.5896705073034,202.9340160761521
26,79.99900000642742,79.99900000642742,-12.0,0.0873568665206184,0.2030504760256514,0.2777349102623249,0.1050348597446057,6.602592122379264,2.4825318973519046,18.652826519957745,226.93177767272385
26,79.99900000642742,79.99900000642742,-12.0,0.0813509888839082,0.1484910066637743,0.359662718837848,0.1390112749972634,8.37165906084682,73.96178253130799,6.532080292316393,219.2301905553623
26,79.99900000642742,79.99900000642742,-12.0,0.0876701347132675,0.1310010699692528,0.3573535945557713,0.1023394169262272,15.447458179486816,83.1898214899694,39.04845071553348,214.4429998012288
26,79.99900000642742,79.99900000642742,-12.0,0.0801325052012418,0.0939534650701554,0.344291287561482,0.10288474174444,12.85162159080327,80.96823563766169,27.00318044591419,214.6182683265092
26,79.99900000642742,79.99900000642742,-12.0,0.097540564721123,0.131188540746513,0.3777895800967023,0.1019915966104014,15.441420590951694,82.00316084047293,26.88008087516128,213.34872101405244
26,79.99900000642742,79.99900000642742,-12.0,0.0870170020652288,0.0840099732694726,0.3426766761960568,0.1397050249846742,13.28762015312423,113.42066863053968,50.26955386391113,231.18171791266545
26,79.99900000642742,79.99900000642742,-12.0,0.0800150850290638,0.1111048619706089,0.3167425765584931,0.10288474174444,12.438398662110597,78.46075654739437,20.13126897170295,202.2903025211861
26,79.99900000642742,79.99900000642742,-12.0,0.1159820669427229,0.1312825221127279,0.3413761285934167,0.1023394169262272,13.236619450713532,83.62748233537391,26.88008087516128,214.38990627856867
26,79.99900000642742,79.99900000642742,-12.0,0.0906767708825603,0.1391317460299889,0.3466896660043245,0.1089554288291342,16.08719848255617,69.737021779416,17.361560085168428,186.9548899886416
26,79.99900000642742,79.99900000642742,-12.0,0.0892222476678001,0.188805944797883,0.2693168715459378,0.0864286994535772,16.168546757517944,62.14925801464183,12.585312513825713,228.4774813052061
26,79.99900000642742,79.99900000642742,-12.0,0.0809162981685324,0.1376320934838377,0.3751339873259634,0.1280925326521226,11.554266083615676,1.84240177171327,18.696358192461485,195.984304399446
26,79.99900000642742,79.99900000642742,-12.0,0.0809162981685324,0.0848235972646761,0.3458841802869672,0.1381338893307498,14.143508481917044,7.228547171906042,18.648996965016455,196.0399874762809
26,79.99900000642742,79.99900000642742,-12.0,0.0813743216329586,0.1117483268147978,0.3601823499084233,0.1215213017556587,15.536706316580249,93.21161873157742,1.8417965916133705,157.53141885063712
26,79.99900000642742,79.99900000642742,-12.0,0.0836697355134225,0.1653316705918122,0.3769141829866931,0.1290477588139192,6.482527164307236,91.17499087023089,22.045398721093367,198.0553067191017
26,79.99900000642742,79.99900000642742,-12.0,0.0809162981685324,0.084379076916943,0.389416624624051,0.1050049132735251,5.290379013400077,7.090167539807311,22.13789108871369,194.92056285681207
26,79.99900000642742,79.99900000642742,-12.0,0.0892021336906137,0.080582880837115,0.3437542692861249,0.1397050249846742,13.28762015312423,113.42066863053968,26.579620551028476,200.1163313948199
26,79.99900000642742,79.99900000642742,-12.0,0.1130541432115936,0.2087607534687094,0.2777349102623249,0.1039478189768764,6.602592122379264,2.578531362841038,18.000282691288593,178.4686979208667
27,79.99900000642742,79.99900000642742,-12.0,0.0870860995416422,0.1111048619706089,0.3064649753091605,0.13868601403017,5.116855242567587,80.86927322920445,20.720426852630457,202.3018906082229
27,79.99900000642742,79.99900000642742,-12.0,0.1158837668798404,0.1312789941317784,0.3563105434678497,0.1023394169262272,5.038891262075246,83.19232161051698,26.88008087516128,214.38990627856867
27,79.99900000642742,79.99900000642742,-12.0,0.104116995994634,0.1117483268147978,0.3581007246132363,0.1371487378051414,15.533253971774636,95.09921054796384,27.80581380234644,242.33760237769783
27,79.99900000642742,79.99900000642742,-12.0,0.1040683791637809,0.161607860317071,0.3744640994457052,0.1460742012249875,15.45277163390388,68.30887929067998,37.5896705073034,202.9340160761521
27,79.99900000642742,79.99900000642742,-12.0,0.0892674340830511,0.2030504760256514,0.358128781263766,0.0861419322565685,10.569273724839096,61.39776862228676,13.89842650349969,227.3832025182282
27,79.99900000642742,79.99900000642742,-12.0,0.0809055153048258,0.1376242137540652,0.3763167251346687,0.1565602418063415,11.554266083615676,1.84240177171327,18.696358192461485,195.984304399446
27,79.99900000642742,79.99900000642742,-12.0,0.0812073409207649,0.080582880837115,0.3442799238942756,0.1754145416043046,12.85129185874549,113.0787981424593,27.05666685155984,201.3747699486758
27,79.99900000642742,79.99900000642742,-12.0,0.0882102123085484,0.101857128687242,0.3437656329533313,0.10288474174444,13.287949885182009,81.31010612574224,26.526134145382827,213.3598297726532
27,79.99900000642742,79.99900000642742,-12.0,0.08083233826111,0.1117483268147978,0.3763876907863853,0.1204410981355547,6.669169291680936,5.813439635074047,1.8417965916133705,157.53141885063712
27,79.99900000642742,79.99900000642742,-12.0,0.0813764249620934,0.1150011529464291,0.3739860810991865,0.1460742012249875,15.45277163390388,68.22353206024074,20.576392722412667,200.8395507641337
27,79.99900000642742,79.99900000642742,-12.0,0.1043988883734735,0.1484910066637743,0.359662718837848,0.1390112749972634,1.333452632657373,74.04712976174723,7.403801927216254,203.46062743767752
27,79.99900000642742,79.99900000642742,-12.0,0.097540564721123,0.1245367036905581,0.3777895800967023,0.0982539153583588,15.441420590951694,78.8613593323142,26.88008087516128,219.17229287493385
27,79.99900000642742,79.99900000642742,-12.0,0.080630922532709,0.1111048619706089,0.4072516657095298,0.1030408845892275,11.809482330193434,10.077159639356744,20.720426852630457,174.17370745554663
27,79.99900000642742,79.99900000642742,-12.0,0.0892222476678001,0.1338065355205744,0.2671125682494186,0.1042002802801155,16.168546757517944,7.096114892758379,13.116627988440998,192.0146212007802
27,79.99900000642742,79.99900000642742,-12.0,0.0892222476678001,0.1871049706534583,0.2693168715459378,0.0864286994535772,16.168546757517944,62.14925801464183,12.585312513825713,231.0864013085579
27,79.99900000642742,79.99900000642742,-12.0,0.0887608112732235,0.0930452198793163,0.4180654473292238,0.129202145800294,6.3820292136266685,91.41039225124749,7.228325794504206,193.92457131118343
27,79.99900000642742,79.99900000642742,-12.0,0.1100738722212837,0.10957046804967,0.3411918115282618,0.10288474174444,12.438398662110597,78.17117646797533,20.13126897170295,202.2903025211861
27,79.99900000642742,79.99900000642742,-12.0,0.1156159971252654,0.1653316705918122,0.3784876878077211,0.1290477588139192,6.482527164307236,91.17499087023089,22.04083173501228,198.0553067191017
27,79.99900000642742,79.99900000642742,-12.0,0.1002423026913162,0.0848235972646761,0.3644872098796336,0.1716561452556812,13.765915483635904,1.7812741499549385,18.631545427684,196.11242000871096
27,79.99900000642742,79.99900000642742,-12.0,0.0892222476678001,0.2030504760256514,0.2720611526877504,0.0861419322565685,16.168546757517944,61.39776862228676,12.585312513825713,227.3832025182282
27,79.99900000642742,79.99900000642742,-12.0,0.0870170020652288,0.0840099732694726,0.3450382264155078,0.1397050249846742,13.28762015312423,113.42066863053968,18.980165231269808,231.18171791266545
28,79.99900000642742,79.99900000642742,-12.0,0.097540564721123,0.131188540746513,0.3777895800967023,0.1023468040755566,13.413697993380406,82.0993105225425,26.88008087516128,213.34872101405244
28,79.99900000642742,79.99900000642742,-12.0,0.0892674340830511,0.2030504760256514,0.358128781263766,0.0931357425772401,0.1068553084709051,62.26663184446319,13.071020549776597,195.61386267844455
28,79.99900000642742,79.99900000642742,-12.0,0.1100738722212837,0.10957046804967,0.3385470108404691,0.1055954071280136,12.3981826002598,73.03814590835225,9.022524794620988,200.29940357974175
28,79.99900000642742,79.99900000642742,-12.0,0.0801538077857378,0.080582880837115,0.3438273222078584,0.1032216209816279,12.827926478576892,80.89454795266259,27.08700544768753,214.6105088048016
28,79.99900000642742,79.99900000642742,-12.0,0.0889666487149027,0.0802340467492224,0.3442714812990545,0.1382356552562246,6.380343587282601,94.4063292505195,26.99986638710224,214.44786737046715
28,79.99900000642742,79.99900000642742,-12.0,0.0813509888839082,0.1483967277040189,0.09057697608494,0.1386619274656046,8.37165906084682,73.7777303565813,233.1975039160612,220.1119686002027
28,79.99900000642742,79.99900000642742,-12.0,0.0809162981685324,0.0864445450765235,0.3399265126140772,0.1716557857716557,15.440255853010834,1.4067389856054509,18.595908863610425,195.35341679513184
28,79.99900000642742,79.99900000642742,-12.0,0.0823916832110104,0.0909126209917197,0.3786216077175237,0.1278675962996676,6.392469177690454,73.99860417555014,6.245329017373261,220.63131761697517
28,79.99900000642742,79.99900000642742,-12.0,0.0870860995416422,0.0864877373609841,0.3064649753091605,0.13868601403017,5.116855242567587,80.86927322920445,20.720426852630457,202.3018906082229
28,79.99900000642742,79.99900000642742,-12.0,0.0813743216329586,0.1117483268147978,0.3601823499084233,0.0924450565340762,15.536706316580249,93.21161873157742,1.8417965916133705,157.53141885063712
28,79.99900000642742,79.99900000642742,-12.0,0.1169961468035584,0.1487214550059849,0.3563105434678497,0.14123924009403,5.038891262075246,83.32991795153188,26.88008087516128,212.7611215600191
28,79.99900000642742,79.99900000642742,-12.0,0.0881551535441694,0.0931645894207185,0.4003902551769699,0.1030605147798285,6.128701558148647,97.57907754737104,5.294211024108569,213.15085197025175
28,79.99900000642742,79.99900000642742,-12.0,0.2184030310090345,0.1435569949477793,0.3753443939042091,0.1290939735436402,4.496810803794599,98.0913582668186,9.22067228503451,202.3310584547721
28,79.99900000642742,79.99900000642742,-12.0,0.1156159971252654,0.1653316705918122,0.3784876878077211,0.1290477588139192,3.6433381597167767,91.17499087023089,22.04083173501228,198.0553067191017
28,79.99900000642742,79.99900000642742,-12.0,0.1008085060003969,0.1026876750218967,0.3429455778681641,0.1085841166374282,13.223952772763091,81.31010612574224,22.524338038405897,217.5691922365604
28,79.99900000642742,79.99900000642742,-12.0,0.083110673236932,0.1111048619706089,0.4072516657095298,0.1124710518205273,11.570245214040364,10.077159639356744,20.720426852630457,174.17370745554663
28,79.99900000642742,79.99900000642742,-12.0,0.0971992779925868,0.13119123342355,0.3777895800967023,0.1022785174254946,6.498099507589123,50.60475878066097,20.79081682992834,214.3902459971507
28,79.99900000642742,79.99900000642742,-12.0,0.0870860995416422,0.1111048619706089,0.3750634095933997,0.13868601403017,4.927256978735818,80.86927322920445,20.720426852630457,202.3018906082229
28,79.99900000642742,79.99900000642742,-12.0,0.0870170020652288,0.0833271856242386,0.3450382264155078,0.1397050249846742,12.526797602345535,113.42066863053968,18.980165231269808,231.18171791266545
28,79.99900000642742,79.99900000642742,-12.0,0.0809162981685324,0.1286429214596738,0.3414514770009726,0.1716557857716557,12.359698282600426,1.4067389856054509,18.595908863610425,195.35341679513184
28,79.99900000642742,79.99900000642742,-12.0,0.0887608112732235,0.1172216572788842,0.3773797313968191,0.1294693267580873,6.3820292136266685,4.281416568248574,21.761041290670036,193.92457131118343
29,79.99900000642742,79.99900000642742,-12.0,0.0892674340830511,0.1257058675667106,0.3585962410953151,0.0861419322565685,12.98893657719928,60.0667123222069,27.88622526825401,227.3832025182282
29,79.99900000642742,79.99900000642742,-12.0,0.1169961468035584,0.1455538133216984,0.3563105434678497,0.14123924009403,5.199821639097192,86.36965913592782,18.83379913911172,212.7611215600191
29,79.99900000642742,79.99900000642742,-12.0,0.0823916832110104,0.1494545583681833,0.3786002831767469,0.1038672387711238,6.392469177690454,73.99860417555014,6.245329017373261,213.35982767195088
29,79.99900000642742,79.99900000642742,-12.0,0.08083233826111,0.085041662253909,0.3732380597225525,0.1385574136260067,6.669169291680936,5.813439635074047,1.8417965916133705,157.53141885063712
29,79.99900000642742,79.99900000642742,-12.0,0.0909436453599648,0.1245367036905581,0.3777895800967023,0.0982539153583588,15.441420590951694,78.8613593323142,26.88008087516128,219.17229287493385
29,79.99900000642742,79.99900000642742,-12.0,0.0926784403612522,0.0871900093288531,0.3728851593867395,0.1299916505453548,15.720911442582558,95.62574091203037,21.761041290670036,193.92457131118343
29,79.99900000642742,79.99900000642742,-12.0,0.0800252754042393,0.0801890146237342,0.09057697608494,0.1385691736067349,6.37071723367592,93.38321090211912,233.1975039160612,214.50065751470825
29,79.99900000642742,79.99900000642742,-12.0,0.0882667421085816,0.1024783887962454,0.3769141829866931,0.129202145800294,6.3820292136266685,81.42823828334197,21.761041290670036,213.18190796150336
29,79.99900000642742,79.99900000642742,-12.0,0.0809162981685324,0.1286429214596738,0.3414514770009726,0.1716557857716557,12.673121621906208,1.4067389856054509,18.595908863610425,196.957159986198
29,79.99900000642742,79.99900000642742,-12.0,0.1157052066174471,0.1312789941317784,0.3775245316595316,0.1023300001117547,5.038891262075246,82.01288087995168,26.88008087516128,213.3682801419058
29,79.99900000642742,79.99900000642742,-12.0,0.0869323308376468,0.161607860317071,0.3744640994457052,0.1460742012249875,15.429321582282135,68.30887929067998,37.92129786470865,229.820286431988
29,79.99900000642742,79.99900000642742,-12.0,0.083110673236932,0.1111048619706089,0.4072516657095298,0.1123587495550833,11.8101747190847,10.077159639356744,20.720426852630457,174.17370745554663
29,79.99900000642742,79.99900000642742,-12.0,0.0809162981685324,0.0912964077210556,0.3355270700714799,0.1781402632782771,4.477168455302865,1.7812741499549385,8.973194830026856,202.22686624111665
29,79.99900000642742,79.99900000642742,-12.0,0.0972591179020282,0.131188540746513,0.3777895800967023,0.101202092232081,6.10253885437828,91.44259473951782,26.88008087516128,213.34872101405244
29,79.99900000642742,79.99900000642742,-12.0,0.097540564721123,0.1325093918494642,0.3778109046374792,0.1263471616366917,13.413697993380406,82.0993105225425,26.88008087516128,220.6202109590767
29,79.99900000642742,79.99900000642742,-12.0,0.1041530746628988,0.0954169039649387,0.3450382264155078,0.1397050249846742,12.526797602345535,113.42066863053968,18.64853788803988,204.2954470368267
29,79.99900000642742,79.99900000642742,-12.0,0.080630922532709,0.1333024874646765,0.402523380485962,0.1030408845892275,11.809482330193434,9.998207557477263,20.371704475354704,172.8316475514955
29,79.99900000642742,79.99900000642742,-12.0,0.0887608112732235,0.1172216572788842,0.3773797313968191,0.1294693267580873,6.3820292136266685,4.281416568248574,21.096690491916128,193.92457131118343
29,79.99900000642742,79.99900000642742,-12.0,0.1005009647219859,0.1316222370180677,0.342258008426366,0.1685447029376212,13.765915483635904,0.7969211589042189,18.631545427684,196.11242000871096
29,79.99900000642742,79.99900000642742,-12.0,0.0889732071630589,0.1111048619706089,0.4072516657095298,0.1376108091983645,11.570245214040364,70.1356142754168,20.720426852630457,174.57146388024157
29,79.99900000642742,79.99900000642742,-12.0,0.097540564721123,0.2085331658967555,0.3773221202651531,0.1023468040755566,10.994035141020222,83.43036682262252,12.892282160102129,213.34872101405244
29,79.99900000642742,79.99900000642742,-12.0,0.0809162981685324,0.0848235972646761,0.4180484617166015,0.1202341744874511,14.143508481917044,5.842141339497282,2.33331363889725,156.8145943717585
30,79.99900000642742,79.99900000642742,-12.0,0.0806327597144009,0.0833271856242386,0.3432023711218034,0.1397993329443428,12.526797602345535,113.42066863053968,18.980165231269808,231.18171791266545
30,79.99900000642742,79.99900000642742,-12.0,0.1169961468035584,0.1455538133216984,0.3562760401726593,0.14123924009403,12.368162869770195,95.4878965258197,45.45809701971486,212.7611215600191
30,79.99900000642742,79.99900000642742,-12.0,0.083110673236932,0.202103376661601,0.3614492156179994,0.1084554522495025,11.8101747190847,10.077159639356744,13.83378698205684,226.6106085053765
30,79.99900000642742,79.99900000642742,-12.0,0.1169961468035584,0.1455538133216984,0.3549641863632178,0.14123924009403,5.199821639097192,86.33195180534258,37.07696872808936,215.84582961303823
30,79.99900000642742,79.99900000642742,-12.0,0.0850729873301071,0.1111048619706089,0.4073818836113453,0.1123587495550833,3.820418416812952,10.077159639356744,20.720426852630457,174.17370745554663
30,79.99900000642742,79.99900000642742,-12.0,0.0887608112732235,0.0871900093288531,0.3769696911681429,0.085890459887282,6.636502966841364,79.14937126203775,41.44197506130568,194.5309564837726
30,79.99900000642742,79.99900000642742,-12.0,0.0830945968995835,0.1611459589505967,0.3442714812990545,0.1382356552562246,6.380343587282601,94.4063292505195,26.99986638710224,214.44786737046715
30,79.99900000642742,79.99900000642742,-12.0,0.0892674340830511,0.1257058675667106,0.3585962410953151,0.0861419322565685,12.98893657719928,60.0667123222069,27.97581661238477,242.96948985567715
30,79.99900000642742,79.99900000642742,-12.0,0.1156159971252654,0.1653316705918122,0.3784876878077211,0.1294631770528577,6.482527164307236,89.42515844452372,21.76025896414792,193.94420822565365
30,79.99900000642742,79.99900000642742,-12.0,0.1156335552144739,0.1312796816450067,0.3777935511578738,0.1010816903219873,3.4139208226654185,81.55326366328313,26.88008087516128,213.3682801419058
30,79.99900000642742,79.99900000642742,-12.0,0.0870860995416422,0.1111048619706089,0.3064649753091605,0.13868601403017,6.189114351210063,80.86927322920445,20.6308355084997,202.3018906082229
30,79.99900000642742,79.99900000642742,-12.0,0.0823916832110104,0.1486691047269248,0.3786002831767469,0.1038672387711238,5.9459210371257365,73.99860417555014,6.245329017373261,213.34867118472363
30,79.99900000642742,79.99900000642742,-12.0,0.0869323308376468,0.1300415658882203,0.3779451344253573,0.14852289993418,15.429321582282135,80.81943379473087,37.92129786470865,229.820286431988
30,79.99900000642742,79.99900000642742,-12.0,0.0971992779925868,0.13119123342355,0.3777795702291661,0.1339571881221569,6.498099507589123,6.806423706677844,20.75530834189045,214.05770811931376
30,79.99900000642742,79.99900000642742,-12.0,0.0926784403612522,0.0844509099287256,0.3728851593867395,0.1298945183433573,21.70945974372093,4.545929028145082,13.892692376934278,193.92457131118343
30,79.99900000642742,79.99900000642742,-12.0,0.097540564721123,0.2085331658967555,0.378668477369785,0.1023468040755566,10.994035141020222,83.46807415320777,12.918264280362184,213.34872101405244
30,79.99900000642742,79.99900000642742,-12.0,0.1502335830488322,0.1311878532332846,0.2886145072132133,0.1024504020218484,6.129746627676191,91.90221195618636,26.88008087516128,213.34872101405244
30,79.99900000642742,79.99900000642742,-12.0,0.0887608112732235,0.1172216572788842,0.3773797313968191,0.1290539085191488,6.3820292136266685,6.337171181524376,22.041614061534396,198.03566980463148
30,79.99900000642742,79.99900000642742,-12.0,0.0971992779925868,0.13119123342355,0.3778030410088687,0.1022797619420287,6.498099507589123,50.60475878066097,21.06468643115608,214.41887400897943
31,79.99900000642742,79.99900000642742,-12.0,0.08709234391273,0.1111048619706089,0.3064649753091605,0.1382816961513619,6.189114351210063,80.874042360323,20.729926601111423,202.3018906082229
31,79.99900000642742,79.99900000642742,-12.0,0.0830945968995835,0.1602620325887418,0.339930933739111,0.1382356552562246,6.380343587282601,94.4063292505195,18.463482097837087,214.08309496211783
31,79.99900000642742,79.99900000642742,-12.0,0.097540564721123,0.1315681968988612,0.3400842963332512,0.172589433642231,13.413697993380406,77.00888420952555,27.12521513390061,195.3862924693387
31,79.99900000642742,79.99900000642742,-12.0,0.0811306517717487,0.1392786033651914,0.3769141829866931,0.129202145800294,6.38176898711076,93.79642825481756,21.761041290670036,214.4944048183133
31,79.99900000642742,79.99900000642742,-12.0,0.0891062785069225,0.0848235972646761,0.414034173300761,0.1174977298876388,5.431544892741873,5.842141339497282,14.729091081475554,156.8145943717585
31,79.99900000642742,79.99900000642742,-12.0,0.1132583246534953,0.0805181842859303,0.0825847842192076,0.1385691736067349,6.3709774601918285,95.05315839986628,233.1975039160612,213.1881606578983
31,79.99900000642742,79.99900000642742,-12.0,0.0808347684676918,0.0854005378675817,0.3406684138439583,0.1705850014386645,13.677316396940252,1.8355054809230016,1.8417965916133705,196.3564101007358
31,79.99900000642742,79.99900000642742,-12.0,0.0809162981685324,0.0874194211183628,0.3442670601740207,0.1716557857716557,15.440255853010834,3.8077317165657054,27.132293152876123,195.71818920347647
31,79.99900000642742,79.99900000642742,-12.0,0.0830945968995835,0.1611459589505967,0.3445980210625098,0.1382356552562246,6.380343587282601,94.39180049935568,21.70443929593965,214.44786737046715
31,79.99900000642742,79.99900000642742,-12.0,0.1157052066174471,0.1312789941317784,0.3786850312486802,0.1023476706529911,5.038891262075246,82.01288087995168,27.63985011374204,213.3682801419058
31,79.99900000642742,79.99900000642742,-12.0,0.0889984918805897,0.0802340467492224,0.3602606002391337,0.1382356552562246,6.36521383340941,100.62849471021826,26.99986638710224,241.42346442848807
31,79.99900000642742,79.99900000642742,-12.0,0.1156335552144739,0.1523603324468341,0.3893425892288589,0.1049132219826221,3.4139208226654185,81.55326366328313,26.88008087516128,213.3682801419058
31,79.99900000642742,79.99900000642742,-12.0,0.0830000607921927,0.1235242153656312,0.4072516657095298,0.1400495149881318,11.8101747190847,10.077159639356744,20.879769833984135,173.78356172677664
31,79.99900000642742,79.99900000642742,-12.0,0.0882667421085816,0.1437992052605912,0.3769141829866931,0.129202145800294,6.37773519562205,81.42823828334197,21.761041290670036,213.18190796150336
31,79.99900000642742,79.99900000642742,-12.0,0.0826410093764287,0.1608875017620233,0.3773797313968191,0.1284341693868707,6.3820292136266685,84.2979135374995,21.89721016329089,198.03566980463148
31,79.99900000642742,79.99900000642742,-12.0,0.1522271381757356,0.1117483268147978,0.372331277931984,0.1205934637960522,6.139176701472677,95.1152369933026,1.8417965916133705,213.62659972998875
31,79.99900000642742,79.99900000642742,-12.0,0.082226448421534,0.1572458944346258,0.3786002831767469,0.1038672387711238,6.392469177690454,73.99860417555014,6.245329017373261,213.3602566107461
31,79.99900000642742,79.99900000642742,-12.0,0.0926784403612522,0.0872265710602436,0.3728851593867395,0.1386856246371712,15.65670275093276,95.62574091203037,18.950652067593573,193.92457131118343
31,79.99900000642742,79.99900000642742,-12.0,0.097540564721123,0.1802210167151354,0.3641608852150093,0.1023468040755566,13.576448555324257,73.97549078257833,26.88008087516128,219.97453719528883
31,79.99900000642742,79.99900000642742,-12.0,0.0926784403612522,0.0844509099287256,0.3728851593867395,0.1298945183433573,29.8925094973265,4.545929028145082,13.892692376934278,172.82094031519208
31,79.99900000642742,79.99900000642742,-12.0,0.0809162981685324,0.084379076916943,0.3778675865530658,0.1011733816128904,5.290379013400077,7.090167539807311,22.13789108871369,194.92056285681207
32,79.99900000642742,79.99900000642742,-12.0,0.0808838761912518,0.0870595544512723,0.3442670601740207,0.1391999153088544,15.440255853010834,3.8077317165657054,27.132293152876123,195.71818920347647
32,79.99900000642742,79.99900000642742,-12.0,0.087491740797813,0.123938755520155,0.3064649753091605,0.13868601403017,6.131369103033092,80.61616240504577,27.915474164306406,202.4018420875313
32,79.99900000642742,79.99900000642742,-12.0,0.0926784403612522,0.0872265710602436,0.3728851593867395,0.1380601745811362,15.65670275093276,95.62574091203037,18.950652067593573,193.92457131118343
32,79.99900000642742,79.99900000642742,-12.0,0.0922955993159406,0.0820160589748783,0.364085536735951,0.1023468040755566,13.576448555324257,74.14731271352547,26.88008087516128,219.97453719528883
32,79.99900000642742,79.99900000642742,-12.0,0.0870860995416422,0.1114650830553234,0.3064649753091605,0.1711418844929856,6.189114351210063,80.86927322920445,20.6308355084997,202.3018906082229
32,79.99900000642742,79.99900000642742,-12.0,0.0831483617751027,0.0810229529412547,0.09057697608494,0.1385691736067349,6.37071723367592,93.38321090211912,23.763666298369717,214.50065751470825
32,79.99900000642742,79.99900000642742,-12.0,0.097540564721123,0.1802210167151354,0.3629286874772776,0.1023468040755566,13.576448555324257,72.50664710197202,26.88008087516128,213.41849866027823
32,79.99900000642742,79.99900000642742,-12.0,0.0882026232079965,0.0829544410084058,0.3769141829866931,0.1291914361109945,6.3820292136266685,81.42823828334197,21.761041290670036,213.18190796150336
32,79.99900000642742,79.99900000642742,-12.0,0.0816655703818121,0.1299948918738769,0.3777935511578738,0.0995876115974666,3.4139208226654185,81.55326366328313,21.682976355250315,213.3682801419058
32,79.99900000642742,79.99900000642742,-12.0,0.1153086529622461,0.1405633931363212,0.3769141829866931,0.1306962264245044,12.336115782832746,93.79642825481756,15.227030776796065,214.4944048183133
32,79.99900000642742,79.99900000642742,-12.0,0.1132583246534953,0.0805181842859303,0.0825847842192076,0.1391575867017359,4.987424986509384,95.05315839986628,230.27437312802036,213.1881606578983
32,79.99900000642742,79.99900000642742,-12.0,0.0809162981685324,0.084379076916943,0.389416624624051,0.1046112252698827,5.06377897946834,8.229098157114585,26.928529996631674,194.92056285681207
32,79.99900000642742,79.99900000642742,-12.0,0.0823916832110104,0.1375455164544498,0.3786002831767469,0.1044926893531311,5.9459210371257365,73.99860417555014,6.245329017373261,213.34867118472363
32,79.99900000642742,79.99900000642742,-12.0,0.0967383854645392,0.1111048619706089,0.376929060591828,0.1382816961513619,10.242206481448196,80.874042360323,21.06581913561241,202.3018906082229
32,79.99900000642742,79.99900000642742,-12.0,0.0889971431356407,0.0822075999878074,0.3866808780393997,0.1087430747719136,18.220956817373587,8.86933054112109,31.452915083974432,238.4260919564199
32,79.99900000642742,79.99900000642742,-12.0,0.0909436453599648,0.1245367036905581,0.286809449841431,0.102542884169903,6.113979554798617,94.7831120717654,26.88008087516128,219.17229287493385
32,79.99900000642742,79.99900000642742,-12.0,0.1225772376374264,0.1523603324468341,0.3905747869665906,0.1049132219826221,3.4139208226654185,76.86212581041673,26.88008087516128,219.9243186769164
32,79.99900000642742,79.99900000642742,-12.0,0.097923405766435,0.1846888760757735,0.3804250110928151,0.1298945183433573,29.8925094973265,2.0193911187869413,13.892692376934278,172.82094031519208
33,79.99900000642742,79.99900000642742,-12.0,0.1152499653698504,0.0810229529412547,0.09057697608494,0.1385691736067349,6.388964386735206,68.3443077931636,23.816997055731385,214.51033796868344
33,79.99900000642742,79.99900000642742,-12.0,0.0827799147716755,0.1311885979133562,0.3442402757055465,0.1022079608595737,6.380794761380532,50.60475878066097,26.51922410475071,197.03050834102183
33,79.99900000642742,79.99900000642742,-12.0,0.0809162981685324,0.0874194211183628,0.3584150307489149,0.1703297310153145,12.999154016034328,3.8077317165657054,27.08200212557024,199.2231817315775
33,79.99900000642742,79.99900000642742,-12.0,0.1132583246534953,0.0805181842859303,0.0825847842192076,0.1391575867017359,4.987424986509384,95.05315839986628,230.27437312802036,230.41885230939144
33,79.99900000642742,79.99900000642742,-12.0,0.1132583246534953,0.1224854115028144,0.0825847842192076,0.1400730078213243,6.3709774601918285,95.05315839986628,233.1975039160612,213.1881606578983
33,79.99900000642742,79.99900000642742,-12.0,0.0807270488939729,0.0831694474243142,0.3447506095946194,0.1055328184639524,15.605094046696005,68.44095553455644,6.508586445887038,196.19210619009613
33,79.99900000642742,79.99900000642742,-12.0,0.0816655703818121,0.1299948918738769,0.3777935511578738,0.0993549832011941,6.212403175438265,81.55326366328313,21.682976355250315,213.3682801419058
33,79.99900000642742,79.99900000642742,-12.0,0.0830919479491344,0.1312789941317784,0.3775245316595316,0.1023300001117547,5.020644109015961,92.95622012785716,26.82675011779961,213.35859968793065
33,79.99900000642742,79.99900000642742,-12.0,0.097540564721123,0.1483860824301754,0.3400842963332512,0.1711004918665126,13.469850851896696,77.14405436551145,27.12521513390061,195.1464757985539
33,79.99900000642742,79.99900000642742,-12.0,0.0831483617751027,0.0810229529412547,0.09057697608494,0.1388018148211395,3.572234881102545,93.38321090211912,23.763666298369717,207.6427820816189
33,79.99900000642742,79.99900000642742,-12.0,0.0809162981685324,0.084379076916943,0.0841784124521682,0.1013019964218214,5.290379013400077,93.72637298242022,20.466925022351205,194.92056285681207
33,79.99900000642742,79.99900000642742,-12.0,0.0823301578006607,0.0824589109121838,0.3432023711218034,0.1412448552941051,13.106861346603331,116.24036471858528,19.052211721630457,230.9559738199464
33,79.99900000642742,79.99900000642742,-12.0,0.0830000607921927,0.0820846007932909,0.4072516657095298,0.1108570388910593,11.8101747190847,10.077159639356744,20.879769833984135,173.78356172677664
33,79.99900000642742,79.99900000642742,-12.0,0.0865262413985784,0.1002025055333088,0.376929060591828,0.1128557837056878,10.186215239237573,7.645786679438139,21.06581913561241,242.0763467311465
33,79.99900000642742,79.99900000642742,-12.0,0.0805727811519708,0.1235242153656312,0.4072516657095298,0.1296543141069089,13.235196901663148,10.077159639356744,20.879769833984135,173.75013383940683
33,79.99900000642742,79.99900000642742,-12.0,0.0824158934411342,0.1311967837214676,0.3786002831767469,0.1038672387711238,6.392469177690454,80.68548649862967,6.245329017373261,213.3602566107461
33,79.99900000642742,79.99900000642742,-12.0,0.1175152750347297,0.0865893160228939,0.3044376024606961,0.13868601403017,6.189114351210063,95.39441798088814,20.6308355084997,202.3018906082229
33,79.99900000642742,79.99900000642742,-12.0,0.0806327597144009,0.0832294991104198,0.3432023711218034,0.1023107250995222,12.526797602345535,109.21841894585856,20.13827973303723,231.18171791266545
33,79.99900000642742,79.99900000642742,-12.0,0.0904351807875561,0.1428914941615848,0.3804852403541739,0.10069657093767,5.689881382462374,94.7831120717654,25.860838476000357,219.65186621270533
33,79.99900000642742,79.99900000642742,-12.0,0.0901124943593044,0.1278447274557871,0.3766447405929584,0.1388687776199856,8.340862173248802,73.51741428782393,25.185838630193278,220.1119686002027
33,79.99900000642742,79.99900000642742,-12.0,0.0925693354859407,0.1802210167151354,0.3629286874772776,0.1023468040755566,15.659021064776002,72.50664710197202,19.16679263109916,194.33799132043447
33,79.99900000642742,79.99900000642742,-12.0,0.0967383854645392,0.1108643072369078,0.376929060591828,0.1397706379271053,10.18605362293191,83.94022632003811,21.06581913561241,202.54170727900768
34,79.99900000642742,79.99900000642742,-12.0,0.0805522723308398,0.081063289487884,0.3432023711218034,0.1023107250995222,6.233445742544846,109.21841894585856,20.702214424101275,232.48234683866173
34,79.99900000642742,79.99900000642742,-12.0,0.1132583246534953,0.0805181842859303,0.0825847842192076,0.1391575867017359,5.002763258788275,95.05315839986628,230.27437312802036,230.6270116546432
34,79.99900000642742,79.99900000642742,-12.0,0.1132583246534953,0.1224854115028144,0.3964411244241156,0.1401105342290122,6.3709774601918285,4.592443796907993,22.702379140660696,187.71595337654836
34,79.99900000642742,79.99900000642742,-12.0,0.082226448421534,0.1572458944346258,0.3791376398387902,0.1038672387711238,6.392469177690454,3.6028065471504505,6.245329017373261,213.3602566107461
34,79.99900000642742,79.99900000642742,-12.0,0.080442388271042,0.1002025055333088,0.376929060591828,0.1128557837056878,10.231208921740157,7.716918804934358,21.067213874642835,242.0763467311465
34,79.99900000642742,79.99900000642742,-12.0,0.0805727811519708,0.1310959359213541,0.0979797053417693,0.1529432627097586,13.235196901663148,98.28683186836454,231.2436649158781,214.25055393243235
34,79.99900000642742,79.99900000642742,-12.0,0.097540564721123,0.1802210167151354,0.3784426936711201,0.1037536683394402,13.576448555324257,72.58043718209797,26.88008087516128,213.41849866027823
34,79.99900000642742,79.99900000642742,-12.0,0.0816655703818121,0.1299948918738769,0.3777935511578738,0.1132185130677338,6.197064903159375,81.55326366328313,21.682976355250315,213.16012079393283
34,79.99900000642742,79.99900000642742,-12.0,0.0808838761912518,0.1087059571031554,0.3442670601740207,0.1391999153088544,15.440255853010834,3.8376701629945984,27.132293152876123,230.7855686883989
34,79.99900000642742,79.99900000642742,-12.0,0.0874887295489445,0.0814420380328617,0.1017859645205974,0.1386893317764074,6.131369103033092,80.58437718394342,27.8969583690368,202.4018420875313
34,79.99900000642742,79.99900000642742,-12.0,0.0886743153832084,0.0808548762379997,0.414034173300761,0.1157166386440947,5.431544892741873,5.060947033849324,20.43667671911216,155.05798346239345
34,79.99900000642742,79.99900000642742,-12.0,0.1156821402176228,0.0849921194812072,0.09057697608494,0.1403502648505369,6.388964386735206,69.26151097919922,29.06474764951501,216.2669382848807
34,79.99900000642742,79.99900000642742,-12.0,0.0891062785069225,0.1392482992873174,0.3787038644857602,0.1180984787758931,5.431544892741873,5.842141339497282,6.120854370081817,156.8145943717585
34,79.99900000642742,79.99900000642742,-12.0,0.0823916832110104,0.0833664976135333,0.4139305919917477,0.1038919404648993,5.9459210371257365,73.99860417555014,14.853565881235092,213.34867118472363
34,79.99900000642742,79.99900000642742,-12.0,0.0810615675594029,0.1614798049114047,0.3480958792948752,0.1026150543791448,6.261300175563683,94.713017670805,20.953288085987744,219.70077474348412
34,79.99900000642742,79.99900000642742,-12.0,0.0809162981685324,0.0874194211183628,0.3578776740868717,0.1703297310153145,12.999154016034328,74.50506621059546,27.08200212557024,199.2231817315775
34,79.99900000642742,79.99900000642742,-12.0,0.0827799147716755,0.1311885979133562,0.3442402757055465,0.1393131179143283,12.793460237560495,112.65465820445746,23.14156822779647,198.055891451414
34,79.99900000642742,79.99900000642742,-12.0,0.0888531160101009,0.0822328491665675,0.3866808780393997,0.1087430747719136,18.220956817373587,4.767262521613993,19.101252819351284,238.29579717207653
35,79.99900000642742,79.99900000642742,-12.0,0.0827799147716755,0.1311885979133562,0.0919074857154766,0.1393131179143283,10.720521721471243,111.93047929747804,23.14156822779647,214.07094231452103
35,79.99900000642742,79.99900000642742,-12.0,0.080763276903628,0.1108935749488475,0.344293263136487,0.1391786764073136,15.440255853010834,82.02022523125359,27.132293152876123,202.1339211301771
35,79.99900000642742,79.99900000642742,-12.0,0.0904761361850784,0.1428914941615848,0.3806731735189092,0.100461137365324,5.689881382462374,71.01168102341991,3.734793127492299,219.65186621270533
35,79.99900000642742,79.99900000642742,-12.0,0.0831473950706425,0.1609239545236835,0.3442714812990545,0.1137211107420415,6.380343587282601,94.3933026905192,23.271126539434643,214.50021872417764
35,79.99900000642742,79.99900000642742,-12.0,0.0865262413985784,0.1002025055333088,0.3449088578487521,0.1128557837056878,6.266925930078259,7.645786679438139,21.06581913561241,242.0763467311465
35,79.99900000642742,79.99900000642742,-12.0,0.0801065476236423,0.084379076916943,0.3759332057549586,0.1011733816128904,5.430752607387906,7.090167539807311,22.200367520217828,194.92056285681207
35,79.99900000642742,79.99900000642742,-12.0,0.0809162981685324,0.0811304324396662,0.3473904454201324,0.1703297310153145,6.433583126281849,3.8077317165657054,27.08200212557024,200.2890770555368
35,79.99900000642742,79.99900000642742,-12.0,0.0830955636040438,0.0822443490566889,0.09057697608494,0.1385691736067349,6.37071723367592,93.3962374621194,27.492406146037315,214.44830616099776
35,79.99900000642742,79.99900000642742,-12.0,0.0802405895921365,0.1425348883448896,0.376929060591828,0.112071145091317,10.231208921740157,94.13242000005516,25.873739382928797,239.253167155038
35,79.99900000642742,79.99900000642742,-12.0,0.0886743153832084,0.1439225592019641,0.4022628405480847,0.1157166386440947,5.431544892741873,5.060947033849324,20.43667671911216,163.0229610155996
35,79.99900000642742,79.99900000642742,-12.0,0.10711048947277,0.1310959359213541,0.0955214872059428,0.1100718307862026,13.802866432644326,72.6573151588637,229.99509654461528,205.9461998426366
35,79.99900000642742,79.99900000642742,-12.0,0.0874887295489445,0.0848028688224031,0.1012919060916892,0.1386893317764074,13.103695968176256,80.58437718394342,27.8969583690368,213.22321746629072
35,79.99900000642742,79.99900000642742,-12.0,0.0806633766743521,0.0831694474243142,0.3447506095946194,0.1055328184639524,15.605094046696005,68.44095553455644,6.508586445887038,196.19210619009613
35,79.99900000642742,79.99900000642742,-12.0,0.0807064695581601,0.0804964838257758,0.3445626764298842,0.1057682520362985,15.605094046696005,92.212386582902,28.64631824929191,196.19210619009613
35,79.99900000642742,79.99900000642742,-12.0,0.1037392085511269,0.1224854115028144,0.398207077385366,0.1401105342290122,10.351627105795565,4.592443796907993,22.702379140660696,186.0233760494686
35,79.99900000642742,79.99900000642742,-12.0,0.086413746935548,0.0805181842859303,0.0825847842192076,0.1367479425660798,6.3709774601918285,95.05315839986628,220.5055760519931,213.1881606578983
35,79.99900000642742,79.99900000642742,-12.0,0.0809162981685324,0.0874194211183628,0.3549917933349956,0.1703297310153145,13.06423218944189,74.50506621059546,27.08200212557024,176.39482799020033
35,79.99900000642742,79.99900000642742,-12.0,0.0823916832110104,0.136073899519859,0.3397437368372736,0.1022262524977752,5.9459210371257365,73.99860417555014,6.245329017373261,213.43466009071884
35,79.99900000642742,79.99900000642742,-12.0,0.0823301578006607,0.081013657633299,0.34324904432883,0.0907637261717767,13.077402995819115,116.24036471858528,19.01715531191157,230.9559738199464
35,79.99900000642742,79.99900000642742,-12.0,0.0805522723308398,0.0830716320194099,0.3820589174612767,0.1045771619548781,6.233445742544846,109.21841894585856,20.702214424101275,232.39635791527004
35,79.99900000642742,79.99900000642742,-12.0,0.097540564721123,0.1779636789774651,0.3638411422757226,0.1023468040755566,6.604121707655309,72.50664710197202,26.88008087516128,202.5971232815189
35,79.99900000642742,79.99900000642742,-12.0,0.0898430676660139,0.0914239188364854,0.4159685540988683,0.1157166386440947,5.291171298754043,5.060947033849324,20.37420028760803,155.05798346239345
35,79.99900000642742,79.99900000642742,-12.0,0.0980243747995029,0.1373020458313722,0.3400842963332512,0.1537715182472731,13.321043585088468,73.9791983745418,27.12521513390061,195.3047513120676
35,79.99900000642742,79.99900000642742,-12.0,0.1152499653698504,0.0873130842056336,0.1028271607262338,0.1234023563924478,12.954535279883808,68.3443077931636,26.935392523435645,213.44444264472392
35,79.99900000642742,79.99900000642742,-12.0,0.0808838761912518,0.082355442537915,0.3442203869669942,0.1391999153088544,15.469714203795046,3.8077317165657054,27.167349562595145,195.71818920347647
36,79.99900000642742,79.99900000642742,-12.0,0.0980243747995029,0.1373020458313722,0.3400842963332512,0.1399045043132662,15.343217308999936,74.07174649375337,27.13229203628689,202.1962993287911
36,79.99900000642742,79.99900000642742,-12.0,0.0831250902148703,0.16161714985164,0.3583268024423545,0.1470427623881181,5.859761991934706,80.95401614003686,27.90186223793481,231.90598446433577
36,79.99900000642742,79.99900000642742,-12.0,0.0888292990095152,0.0815518788883296,0.3875608763191697,0.108538630555436,6.380343587282601,93.6635496874583,23.271126539434643,236.5481649617616
36,79.99900000642742,79.99900000642742,-12.0,0.1178660527809298,0.0849928845145232,0.0985741232058952,0.1391999153088544,6.180711029962616,1.4426374138501927,27.06800861843156,180.62877930859324
36,79.99900000642742,79.99900000642742,-12.0,0.1044318049299621,0.1224854115028144,0.4043194659602567,0.1056109936137914,10.351627105795565,4.592443796907993,6.314321385217008,185.88488140335463
36,79.99900000642742,79.99900000642742,-12.0,0.080442388271042,0.1002025055333088,0.3331529657782516,0.1128557837056878,10.35320870698998,8.087227762044293,21.067213874642835,242.0763467311465
36,79.99900000642742,79.99900000642742,-12.0,0.0967383854645392,0.083750047578853,0.3779509453482876,0.1020051110269317,10.273017771521005,110.47413520830972,21.06581913561241,202.54170727900768
36,79.99900000642742,79.99900000642742,-12.0,0.0886179761846846,0.1108935749488475,0.3529936213463383,0.1530456903413205,13.418082129099364,81.92767711204202,27.12521625048985,195.24237311345357
36,79.99900000642742,79.99900000642742,-12.0,0.0809162981685324,0.0869335276588166,0.4078234703384071,0.1367949407946081,7.448301081370875,94.84322424759152,27.08200212557024,162.34127080155116
36,79.99900000642742,79.99900000642742,-12.0,0.0969292982860987,0.1428914941615848,0.4205542180080378,0.100461137365324,5.689881382462374,95.09190874336846,16.030477894336894,219.65186621270533
36,79.99900000642742,79.99900000642742,-12.0,0.0809162981685324,0.0811304324396662,0.3473904454201324,0.1731271774905641,6.433583126281849,102.25916215527502,27.31294440246125,219.3559650298372
36,79.99900000642742,79.99900000642742,-12.0,0.0804169595842324,0.0820846007932909,0.0851334427367246,0.1108570388910593,11.794103132917591,9.603368131718163,20.879769833984135,173.78356172677664
36,79.99900000642742,79.99900000642742,-12.0,0.082604634223136,0.1002025055333088,0.3449088578487521,0.1101168244157791,6.266925930078259,5.6524104996374405,21.06581913561241,242.0763467311465
36,79.99900000642742,79.99900000642742,-12.0,0.0805522723308398,0.0830716320194099,0.3817493814479198,0.1063974739312338,1.4740550141630715,109.21841894585856,20.702214424101275,232.39635791527004
36,79.99900000642742,79.99900000642742,-12.0,0.0919640678708363,0.1351287829668255,0.3442670601740207,0.134642287781099,18.053388651073856,3.6962205214317674,27.127873633537074,187.4516477526198
36,79.99900000642742,79.99900000642742,-12.0,0.0886743153832084,0.1438098170658185,0.4022628405480847,0.1157186822093983,5.431544892741873,108.14483136291082,20.43690797026997,159.02123894454903
36,79.99900000642742,79.99900000642742,-12.0,0.0898430676660139,0.0914239188364854,0.4159685540988683,0.1157166386440947,5.4318906123548425,6.8662848907859,22.14259958038548,124.41125339067074
36,79.99900000642742,79.99900000642742,-12.0,0.1140864997917374,0.2006477715038849,0.3433914830192845,0.1002226149886877,18.220956817373587,5.783906940024657,19.101252819351284,216.24784541871728
36,79.99900000642742,79.99900000642742,-12.0,0.0810615675594029,0.1599931925577664,0.0991442968874113,0.1038327084801812,6.261300175563683,94.713017670805,230.12802322192863,219.70077474348412
36,79.99900000642742,79.99900000642742,-12.0,0.1196934829114518,0.084379076916943,0.0841784124521682,0.1013019964218214,5.290379013400077,59.18315432287589,20.435243222098936,193.51813102826176
36,79.99900000642742,79.99900000642742,-12.0,0.0802602109840046,0.0823546775077743,0.3373380543041426,0.1403502648505369,15.677967922454318,68.19915630746642,29.164088593678592,216.2669382848807
36,79.99900000642742,79.99900000642742,-12.0,0.1045152862758758,0.1225736188231679,0.3726891129611462,0.1407883400803987,10.347002061166654,73.99860417555014,4.8660468689762,213.43466009071884
36,79.99900000642742,79.99900000642742,-12.0,0.0827864710586343,0.1112292467965331,0.0922273538677007,0.1391786764073136,10.560948881009454,112.28841557878611,27.132293152876123,214.25449604706543
36,79.99900000642742,79.99900000642742,-12.0,0.0807567253028039,0.1308529260657304,0.3450292401591128,0.1393131179143283,15.599828693473093,81.66228894994558,23.14156822779647,201.9503673976327
37,79.99900000642742,79.99900000642742,-12.0,0.0810615675594029,0.0906165314383649,0.0991442968874113,0.1032207147137339,6.251089265051418,94.713017670805,22.388140232322517,207.6953082009451
37,79.99900000642742,79.99900000642742,-12.0,0.0891062785069225,0.1389027598790266,0.373204313800712,0.1179565576429081,5.431544892741873,5.842141339497282,1.599655729525594,156.8145943717585
37,79.99900000642742,79.99900000642742,-12.0,0.0828342224422369,0.1112292467965331,0.0923235520888161,0.1391786764073136,10.560948881009454,111.88577304667857,233.91310348113785,214.25449604706543
37,79.99900000642742,79.99900000642742,-12.0,0.0810615675594029,0.1614798049114047,0.3434153161457594,0.1027446368473384,6.261300175563683,94.66893891226204,20.953288085987744,219.2938080419379
37,79.99900000642742,79.99900000642742,-12.0,0.0804416938421322,0.0820846007932909,0.0979448534528917,0.0924096100548078,10.255732411827214,27.43914107585268,14.007915497972032,242.46542053083328
37,79.99900000642742,79.99900000642742,-12.0,0.1066518160300068,0.1107442668663263,0.3529936213463383,0.1530456903413205,13.416141185250284,97.66612128889832,43.77322713809562,214.91237618679332
37,79.99900000642742,79.99900000642742,-12.0,0.0800881317174245,0.1087059571031554,0.359590089304144,0.1662205550669404,15.440255853010834,3.8376701629945984,27.853048310538384,230.6288553516264
37,79.99900000642742,79.99900000642742,-12.0,0.0811480468970998,0.1282164136988496,0.097740395524051,0.1529432627097586,13.235196901663148,98.28683186836454,15.0876652328607,214.25055393243235
37,79.99900000642742,79.99900000642742,-12.0,0.0805727811519708,0.1312452440039659,0.0979797053417693,0.1564617578010936,13.237137845512228,83.28352585165274,214.47498756503435,194.5805508590703
37,79.99900000642742,79.99900000642742,-12.0,0.0801858907208451,0.0823546775077743,0.3373380543041426,0.1683718504240106,15.993746868762274,68.46994752162551,4.195478272097063,216.2669382848807
37,79.99900000642742,79.99900000642742,-12.0,0.1189214349972912,0.1225736188231679,0.3726891129611462,0.1407883400803987,10.031223114868538,73.72781296139105,29.841513298862697,213.43466009071884
37,79.99900000642742,79.99900000642742,-12.0,0.0807567253028039,0.1311924577738349,0.3450599968885633,0.1055579403112815,15.490144624794862,81.6523024573169,23.14156822779647,201.9503673976327
37,79.99900000642742,79.99900000642742,-12.0,0.0824021017500404,0.1363890409402867,0.3397437368372736,0.1010986504042631,5.9459210371257365,7.597943474017128,6.245329017373261,213.630184772552
37,79.99900000642742,79.99900000642742,-12.0,0.0988364714570903,0.1390762006566991,0.3291785204574803,0.1383314491860295,6.37071723367592,93.3962374621194,27.492406146037315,215.0456964074636
37,79.99900000642742,79.99900000642742,-12.0,0.0827799147716755,0.1311885979133562,0.3442402757055465,0.1022079608595737,6.380794761380532,61.88566934248032,22.97245603926843,197.03050834102183
37,79.99900000642742,79.99900000642742,-12.0,0.0807275173090235,0.0865953677541108,0.3442670601740207,0.134582446100105,18.053388651073856,3.79597246439981,27.127873633537074,162.40090551235343
37,79.99900000642742,79.99900000642742,-12.0,0.1166103642420084,0.0823451125001709,0.3373380543041426,0.1403502648505369,12.999907707203985,68.19979439360004,29.169981945624496,216.2669382848807
37,79.99900000642742,79.99900000642742,-12.0,0.0818727905111711,0.1615621786181963,0.3583268024423545,0.1470427623881181,15.085647432962116,5.4606410256307285,27.90186223793481,238.73722345201884
37,79.99900000642742,79.99900000642742,-12.0,0.0886743153832084,0.1441553564741093,0.4022628405480847,0.1158606033423834,5.431544892741873,108.14483136291082,20.43690797026997,131.90075888364572
37,79.99900000642742,79.99900000642742,-12.0,0.0830576461906846,0.1999884862605102,0.3601798690438492,0.1138097627012407,18.015143745891816,8.836548419040332,27.90186223793481,241.0086795638857
37,79.99900000642742,79.99900000642742,-12.0,0.084554731773183,0.0849928845145232,0.3526139873382563,0.1391999153088544,6.189898020232426,1.4426374138501927,27.09862764031649,180.62877930859324
37,79.99900000642742,79.99900000642742,-12.0,0.0805522723308398,0.0830716320194099,0.3864299445970356,0.1062678914630403,1.4740550141630715,109.26249770440153,20.702214424101275,232.8033246162653
37,79.99900000642742,79.99900000642742,-12.0,0.0821047416662137,0.1002202511017838,0.344931202539697,0.134642287781099,5.743492681311713,5.744426154368958,27.127873633537074,188.14723300330337
38,79.99900000642742,79.99900000642742,-12.0,0.0801858907208451,0.0819993298810503,0.3373380543041426,0.1379711501979565,16.010083308575787,68.46994752162551,27.07209163182083,216.75433695259963
38,79.99900000642742,79.99900000642742,-12.0,0.0898697201428365,0.1256931207195904,0.4157244086852049,0.1172339069761531,16.178275779927986,5.001349739404835,27.465370665207573,155.05798346239345
38,79.99900000642742,79.99900000642742,-12.0,0.0827799147716755,0.1317369885691692,0.3436492850809702,0.1022079608595737,6.380794761380532,50.60475878066097,26.529006862244653,197.03050834102183
38,79.99900000642742,79.99900000642742,-12.0,0.1278271080108287,0.0834172020226815,0.3448035145660019,0.1051475454337895,6.234876186569799,109.21841894585856,20.702214424101275,216.2709859645676
38,79.99900000642742,79.99900000642742,-12.0,0.1005565474457131,0.1354413944823242,0.1074426825516438,0.1383314491860295,6.37071723367592,93.3962374621194,27.492406146037315,215.0898672950813
38,79.99900000642742,79.99900000642742,-12.0,0.1166103642420084,0.0821672882024563,0.3373380543041426,0.1408581283235404,13.183006212488475,70.55963217731752,30.56017526917153,216.2669382848807
38,79.99900000642742,79.99900000642742,-12.0,0.0830642831543227,0.1609367893768991,0.3450599968885633,0.1055579403112815,15.490144624794862,81.6523024573169,23.14156822779647,201.9503673976327
38,79.99900000642742,79.99900000642742,-12.0,0.1150554560684829,0.1241059895327535,0.3690361942186219,0.1397280762509504,6.254721084983261,94.32824748446392,29.841513298862697,196.64831983110787
38,79.99900000642742,79.99900000642742,-12.0,0.0807406916874244,0.0865953677541108,0.3442670601740207,0.134582446100105,10.780528004131629,3.79597246439981,20.797468489260996,162.40090551235343
38,79.99900000642742,79.99900000642742,-12.0,0.1376238165700625,0.131095879566227,0.3442402757055465,0.1022079608595737,6.380794761380532,52.90117365271104,14.464147988648104,197.03050834102183
38,79.99900000642742,79.99900000642742,-12.0,0.0831250902148703,0.16161714985164,0.3859658792114968,0.1121400145997314,18.01648743756704,8.860890833934272,27.90186223793481,241.0086795638857
38,79.99900000642742,79.99900000642742,-12.0,0.0801449913331302,0.1347783412962075,0.3397437368372736,0.1022262524977752,15.227725655047092,73.99860417555014,6.245329017373261,216.1860160686196
38,79.99900000642742,79.99900000642742,-12.0,0.0805522723308398,0.0810530770414585,0.3401207056097316,0.1062678914630403,1.8763484972715472,115.19087577163825,20.964898526731535,225.26446783657045
38,79.99900000642742,79.99900000642742,-12.0,0.0824021017500404,0.1365844344775629,0.3397437368372736,0.0994043630755686,5.9459210371257365,99.86128933414048,6.245329017373261,213.630184772552
38,79.99900000642742,79.99900000642742,-12.0,0.0804261829385673,0.0820832301962299,0.0803637171258334,0.1245075269687534,12.239989295357883,9.603368131718163,20.679357734939156,170.37590498938988
38,79.99900000642742,79.99900000642742,-12.0,0.0851464988895139,0.1552023046839057,0.1033239934881359,0.1048929732625857,9.608400911652735,74.11258314773212,230.12802322192863,226.38380002622927
38,79.99900000642742,79.99900000642742,-12.0,0.0802118498718633,0.0823434244754215,0.3350594495088466,0.1062678914630403,1.4740550141630715,109.26249770440153,3.847964489464145,232.8033246162653
38,79.99900000642742,79.99900000642742,-12.0,0.10711048947277,0.0975352680829603,0.1114893505561091,0.1100718307862026,6.6106452226454,72.6573151588637,23.055555919529,205.9461998426366
38,79.99900000642742,79.99900000642742,-12.0,0.0886179761846846,0.1108935749488475,0.3529936213463383,0.1530456903413205,13.418082129099364,8.02609691896697,27.12521625048985,195.24237311345357
38,79.99900000642742,79.99900000642742,-12.0,0.0810615675594029,0.1614798049114047,0.3897245551330635,0.1027446368473384,5.859035515046816,94.66893891226204,20.690603983357484,219.2938080419379
39,79.99900000642742,79.99900000642742,-12.0,0.0801171864797539,0.1614798049114047,0.4074624053022567,0.1027446368473384,5.859035515046816,94.83473312988332,26.85540528898971,216.7718561160438
39,79.99900000642742,79.99900000642742,-12.0,0.1166103642420084,0.1288994266456133,0.3377314399005236,0.1403502648505369,12.999907707203985,5.94393209197262,27.900783478736077,216.3667414698971
39,79.99900000642742,79.99900000642742,-12.0,0.0970019767490284,0.1389027598790266,0.3775322135516299,0.1179565576429081,10.235754519663296,5.842141339497282,1.599655729525594,201.3270416211616
39,79.99900000642742,79.99900000642742,-12.0,0.08884268722449,0.083750047578853,0.3736230455973696,0.1020051110269317,5.468808145095357,110.47413520830972,21.06581913561241,158.02926001905723
39,79.99900000642742,79.99900000642742,-12.0,0.0885238118159195,0.1108935749488475,0.3139590793856678,0.1530456903413205,13.262379676736993,101.94379662055798,27.12521625048985,219.33848348948624
39,79.99900000642742,79.99900000642742,-12.0,0.0806999702192048,0.162555104662891,0.3434697707738142,0.1027585753008486,6.376500586147551,52.90117365271104,32.40669226866162,220.26693963408331
39,79.99900000642742,79.99900000642742,-12.0,0.088550526041968,0.086537118474188,0.3529936213463383,0.1530456903413205,13.644968055526206,8.02609691896697,27.12521625048985,195.24237311345357
39,79.99900000642742,79.99900000642742,-12.0,0.1193459297106095,0.1302207141765964,0.3436492850809702,0.1022079608595737,6.380794761380532,68.54156966796816,26.529006862244653,197.03050834102183
39,79.99900000642742,79.99900000642742,-12.0,0.11776519211261,0.081063289487884,0.3432023711218034,0.1029305774240311,6.233445742544846,103.61720811382364,31.03625452489563,232.48234683866173
39,79.99900000642742,79.99900000642742,-12.0,0.0801796242426734,0.0975352680829603,0.1246122772153457,0.0923756926034943,6.6106452226454,28.71360833057715,23.055555919529,241.6305392948284
39,79.99900000642742,79.99900000642742,-12.0,0.1591622413073501,0.1354413944823242,0.1074426825516438,0.1383314491860295,12.93138361859249,93.3962374621194,27.465313503356224,215.0898672950813
39,79.99900000642742,79.99900000642742,-12.0,0.0806046052218361,0.081063289487884,0.3432023711218034,0.113911392858945,6.233445742544846,11.78038069607382,28.08682394418104,241.4282390031452
39,79.99900000642742,79.99900000642742,-12.0,0.0801858907208451,0.1063022760856381,0.3373380543041426,0.1386216928492361,16.102783334072292,68.46994752162551,27.07209163182083,218.95305780417587
39,79.99900000642742,79.99900000642742,-12.0,0.0802602109840046,0.0840495371033646,0.3373380543041426,0.1403502648505369,15.677967922454318,50.26234542015927,29.164088593678592,216.2669382848807
39,79.99900000642742,79.99900000642742,-12.0,0.083314304135931,0.2011512114607304,0.3897245551330635,0.0885824407810213,5.859035515046816,97.56037170551458,20.68247788138262,225.0764230656148
39,79.99900000642742,79.99900000642742,-12.0,0.1166103642420084,0.0812683653900759,0.3373380543041426,0.1404953444279797,12.705363350508089,68.78313760866662,20.66707689154552,216.5335556192523
39,79.99900000642742,79.99900000642742,-12.0,0.0828342224422369,0.1112292467965331,0.0915041628747503,0.1391786764073136,10.560948881009454,118.97472590241566,233.91310348113785,214.1149296023168
39,79.99900000642742,79.99900000642742,-12.0,0.0810615675594029,0.0911642834719056,0.3489752385591851,0.1060892063049628,1.8915566077824677,115.65501425718114,22.388140232322517,207.2229056098558
39,79.99900000642742,79.99900000642742,-12.0,0.1394790638062766,0.1040576260266364,0.3441858210774917,0.1021940224060635,6.265594350796664,94.66893891226204,20.953288085987744,196.05737674729093
40,79.99900000642742,79.99900000642742,-12.0,0.0807406916874244,0.0865953677541108,0.3442670601740207,0.134582446100105,10.780528004131629,3.7232696766844207,27.73508015065296,162.40090551235343
40,79.99900000642742,79.99900000642742,-12.0,0.11776519211261,0.1610479062768421,0.3431964020660555,0.1029305774240311,4.432857173662308,53.615429667607856,31.03625452489563,220.20224764697608
40,79.99900000642742,79.99900000642742,-12.0,0.08884268722449,0.0850113327155779,0.3517333759592811,0.1020051110269317,5.468808145095357,109.27941534962264,26.892882910552014,179.06709976800525
40,79.99900000642742,79.99900000642742,-12.0,0.081507192254774,0.1302207141765964,0.342550507298851,0.1022079608595737,5.823319505286274,85.049935312711,26.848527300469705,196.1176725808689
40,79.99900000642742,79.99900000642742,-12.0,0.0806046052218361,0.0805814366015205,0.0983777814081596,0.113911392858945,10.625906523657347,120.55350243746906,230.58480063326408,214.4959919353876
40,79.99900000642742,79.99900000642742,-12.0,0.1193459297106095,0.1302207141765964,0.3127963301193845,0.0994671604430055,6.380794761380532,68.54156966796816,26.529006862244653,205.7564657725645
40,79.99900000642742,79.99900000642742,-12.0,0.082604634223136,0.1002025055333088,0.3449088578487521,0.1101168244157791,6.266925930078259,5.6524104996374405,26.965536554900165,241.16924025217924
40,79.99900000642742,79.99900000642742,-12.0,0.0808325215993347,0.1389027598790266,0.373204313800712,0.1179565576429081,5.431544892741873,5.842141339497282,1.599655729525594,156.8145943717585
40,79.99900000642742,79.99900000642742,-12.0,0.1178168453198506,0.0810439251341015,0.4159685540988683,0.1157166386440947,5.291171298754043,5.060947033849324,28.92019709412508,155.19453428211335
40,79.99900000642742,79.99900000642742,-12.0,0.0831250902148703,0.1617859122223573,0.3366128874219545,0.1028190711851929,20.840430641157297,11.142706351855892,27.789122758199625,197.98659046082827
40,79.99900000642742,79.99900000642742,-12.0,0.0882659186610919,0.1311885979133562,0.3442402757055465,0.1022079608595737,6.380794761380532,61.88566934248032,22.97245603926843,208.28710269516375
40,79.99900000642742,79.99900000642742,-12.0,0.0832359330466376,0.16161714985164,0.3787085273329895,0.1121400145997314,7.39862918250205,70.08862324117611,27.90186223793481,227.70597037756917
40,79.99900000642742,79.99900000642742,-12.0,0.0886179761846846,0.1108935749488475,0.3529936213463383,0.139161512995864,13.418082129099364,8.02609691896697,27.12521625048985,195.24237311345357
40,79.99900000642742,79.99900000642742,-12.0,0.1152499653698504,0.0873130842056336,0.1028271607262338,0.1234023563924478,12.954535279883808,68.3443077931636,21.035675104147888,214.35118484627927
40,79.99900000642742,79.99900000642742,-12.0,0.1394790638062766,0.1040576260266364,0.0991779994617416,0.100523556011843,6.265594350796664,94.29396477949145,20.953288085987744,196.05737674729093
40,79.99900000642742,79.99900000642742,-12.0,0.0810615675594029,0.0865495626141615,0.3571100373584603,0.1018133452856963,13.635306742374352,85.88358331058323,22.388140232322517,207.6635196701477
40,79.99900000642742,79.99900000642742,-12.0,0.0886179761846846,0.1108935749488475,0.3482328426787276,0.1530456903413205,13.631705932246238,4.418804350891695,8.008321974314013,195.24237311345357
40,79.99900000642742,79.99900000642742,-12.0,0.0805242342248418,0.1656709571914628,0.3437929944482947,0.1022079608595737,6.380794761380532,62.1217646759102,27.8591893930774,197.03050834102183
40,79.99900000642742,79.99900000642742,-12.0,0.084554731773183,0.0837315993777983,0.3745036569763449,0.1391999153088544,6.189898020232426,3.951601451820949,25.35534420001546,159.59093955964522
40,79.99900000642742,79.99900000642742,-12.0,0.0804694450925381,0.0975352680829603,0.1246122772153457,0.0923756926034943,6.6106452226454,28.71360833057715,23.08895819340589,219.7121000665611
40,79.99900000642742,79.99900000642742,-12.0,0.082530156346481,0.0991605261793373,0.3397437368372736,0.1002016096490365,5.9459210371257365,7.597943474017128,6.245329017373261,213.630184772552
40,79.99900000642742,79.99900000642742,-12.0,0.1131480987201919,0.0812683653900759,0.3402674762809028,0.146872510164634,5.780831489653259,81.2486988525591,20.8576535014152,217.49881839581653
40,79.99900000642742,79.99900000642742,-12.0,0.10711048947277,0.0975352680829603,0.1114893505561091,0.1157566433225625,6.6106452226454,72.2732365181121,22.95855805729356,205.9461998426366
41,79.99900000642742,79.99900000642742,-12.0,0.081507192254774,0.1302207141765964,0.342550507298851,0.1022079608595737,11.168004744844414,85.049935312711,26.848527300469705,196.1176725808689
41,79.99900000642742,79.99900000642742,-12.0,0.08884268722449,0.0840501305842381,0.3517333759592811,0.1020051110269317,5.468808145095357,109.27941534962264,26.892882910552014,179.06709976800525
41,79.99900000642742,79.99900000642742,-12.0,0.0885238118159195,0.1108935749488475,0.3139696643147658,0.1537761848724717,13.262379676736993,101.94379662055798,27.12521625048985,219.51176213640076
41,79.99900000642742,79.99900000642742,-12.0,0.0886179761846846,0.113236908674361,0.3500839791786916,0.1532365730900505,5.431539081460118,2.4223088144512985,38.998337686411,199.30303223605915
41,79.99900000642742,79.99900000642742,-12.0,0.0802244046833342,0.0866999942367205,0.3571100373584603,0.1027653722145335,13.635306742374352,77.13970774831651,22.277113391975305,207.6757915204576
41,79.99900000642742,79.99900000642742,-12.0,0.121630519117063,0.1666562792047637,0.3529936213463383,0.139161512995864,13.418082129099364,62.94430272510845,27.12521625048985,195.24237311345357
41,79.99900000642742,79.99900000642742,-12.0,0.0810974050910304,0.083899105480851,0.3373380543041426,0.1393982410611332,9.850820407310191,50.26234542015927,29.275115434025807,216.2546664345708
41,79.99900000642742,79.99900000642742,-12.0,0.0805242342248418,0.1099082655781871,0.3437929944482947,0.1022079608595737,6.380794761380532,1.2673825832540313,27.8591893930774,225.1024830153208
41,79.99900000642742,79.99900000642742,-12.0,0.0901992141049624,0.16161714985164,0.3840403204261737,0.1155820103626067,18.01648743756704,8.860890833934272,20.49026393908233,241.0086795638857
41,79.99900000642742,79.99900000642742,-12.0,0.0831250902148703,0.16161714985164,0.3415943085600867,0.1344968859051531,18.01648743756704,8.860071049352065,27.90186223793481,241.0086795638857
41,79.99900000642742,79.99900000642742,-12.0,0.0807406916874244,0.143855571287858,0.3442670601740207,0.1157956170044244,10.780528004131629,3.7232696766844207,27.73508015065296,162.40090551235343
41,79.99900000642742,79.99900000642742,-12.0,0.0827689719748833,0.0914239188364854,0.4178941128841915,0.1122746428812194,5.291171298754043,5.060947033849324,27.785798586460523,155.05798346239345
41,79.99900000642742,79.99900000642742,-12.0,0.0806159935660103,0.0873130842056336,0.1028271607262338,0.1234023563924478,10.47590243588865,110.07818972956264,21.035675104147888,214.35118484627927
41,79.99900000642742,79.99900000642742,-12.0,0.0801858907208451,0.0833176547175009,0.3127958985561162,0.1007413943164787,6.6264790695718245,68.46994752162551,4.195478272097063,216.2669382848807
41,79.99900000642742,79.99900000642742,-12.0,0.0890231682011802,0.1288994266456133,0.3334135484768402,0.1403502648505369,12.999907707203985,10.411794451035142,27.900783478736077,216.3667414698971
41,79.99900000642742,79.99900000642742,-12.0,0.0814854259823837,0.1302174201029875,0.3442767647415201,0.1022079608595737,6.364705924812316,61.88566934248032,22.97245603926843,197.03050834102183
41,79.99900000642742,79.99900000642742,-12.0,0.1394790638062766,0.1040576260266364,0.308246952166104,0.100523556011843,6.265594350796664,94.29395076997076,20.953288085987744,196.05737674729093
41,79.99900000642742,79.99900000642742,-12.0,0.1124642842780663,0.0930885324517218,0.334835920680214,0.1391999153088544,6.189898020232426,0.2440751516039832,32.891964483644266,180.62877930859324
41,79.99900000642742,79.99900000642742,-12.0,0.1699857234390506,0.2163077820403741,0.3402674762809028,0.146872510164634,5.780831489653259,97.25044486583624,20.67428073938213,217.45712769375316
41,79.99900000642742,79.99900000642742,-12.0,0.0807762678840427,0.1438190397675901,0.3610226867869124,0.1026282366521658,6.376500586147551,28.57559414191089,32.40669226866162,220.26693963408331
41,79.99900000642742,79.99900000642742,-12.0,0.1161112219186488,0.1108935749488475,0.337918983339574,0.1530456903413205,13.262379676736993,97.6951452936359,27.12521625048985,219.33848348948624
42,79.99900000642742,79.99900000642742,-12.0,0.0815634765059863,0.1302207141765964,0.3117437901880081,0.1022079608595737,6.6669411097700415,84.91668686713952,26.848527300469705,196.42329874171375
42,79.99900000642742,79.99900000642742,-12.0,0.0826867014678163,0.1108935749488475,0.3529936213463383,0.1733984503274163,13.418082129099364,5.5852810187721404,27.12521625048985,195.24237311345357
42,79.99900000642742,79.99900000642742,-12.0,0.0801412393572346,0.0803984245688387,0.3289756259947989,0.1386216928492361,16.297814158066593,68.46994752162551,28.0641915397717,218.95305780417587
42,79.99900000642742,79.99900000642742,-12.0,0.0811262254411423,0.1609367893768991,0.3448775134503804,0.1000212200991897,15.4563693293411,85.15949205054841,27.107736657523777,196.26949427110557
42,79.99900000642742,79.99900000642742,-12.0,0.08854317145108,0.1438190397675901,0.3610226867869124,0.1026282366521658,5.38840097613772,28.57559414191089,32.40669226866162,199.3034718681168
42,79.99900000642742,79.99900000642742,-12.0,0.1161112219186488,0.1108935749488475,0.3352631933202885,0.135021550728743,13.297164355784696,96.30134869999878,27.12521625048985,219.33848348948624
42,79.99900000642742,79.99900000642742,-12.0,0.0846699856911792,0.08135872446803,0.3373380543041426,0.1386216928492361,16.102783334072292,71.31206089831313,40.15910858645976,241.32230717774723
42,79.99900000642742,79.99900000642742,-12.0,0.0886179761846846,0.1109108257437189,0.3482526522771749,0.1530456903413205,13.631705932246238,3.312600272405447,8.966060556117997,196.45474540578775
42,79.99900000642742,79.99900000642742,-12.0,0.0807406916874244,0.0865953677541108,0.3442670601740207,0.1426265442600811,15.999594007204792,5.569846027848634,27.73508015065296,141.72942779535282
42,79.99900000642742,79.99900000642742,-12.0,0.0802244046833342,0.0866999942367205,0.3562361856201542,0.0977764865180313,13.716099914707495,0.8506390150421197,22.277113391975305,161.0228719422411
42,79.99900000642742,79.99900000642742,-12.0,0.082604634223136,0.1565616158299566,0.3449088578487521,0.1101168244157791,6.266925930078259,5.6524104996374405,21.06581913561241,242.0763467311465
42,79.99900000642742,79.99900000642742,-12.0,0.0805242342248418,0.1656709571914628,0.3442261710334048,0.1403978120976608,13.46236455330757,9.056349794441886,27.122481808915264,194.9681279451871
42,79.99900000642742,79.99900000642742,-12.0,0.081507192254774,0.1302207141765964,0.342732990737034,0.1020370255003841,11.201780040298187,81.54274571947951,22.8823588707424,201.79854570739604
42,79.99900000642742,79.99900000642742,-12.0,0.0801263877573057,0.1068883826687246,0.3526139873382563,0.1391999153088544,6.189898020232426,0.7238917193476837,27.09862764031649,180.62877930859324
42,79.99900000642742,79.99900000642742,-12.0,0.0807406916874244,0.0865953677541108,0.3451409119123269,0.134582446100105,8.770331975331256,82.91085378372435,27.73508015065296,209.05382494336547
42,79.99900000642742,79.99900000642742,-12.0,0.0802594268859978,0.1617859122223573,0.3366128874219545,0.1015130979633159,20.840430641157297,10.521891032577743,27.785525717646227,223.06077233771703
42,79.99900000642742,79.99900000642742,-12.0,0.1152499653698504,0.0873130842056336,0.1028271607262338,0.1017459275334252,12.954535279883808,68.3443077931636,21.035675104147888,214.35118484627927
42,79.99900000642742,79.99900000642742,-12.0,0.0807406916874244,0.143855571287858,0.3442670601740207,0.1157956170044244,10.780528004131629,1.4402672664641956,27.73508015065296,171.58832067843343
42,79.99900000642742,79.99900000642742,-12.0,0.0831292064426955,0.0840495371033646,0.3373380543041426,0.1416562471027255,15.677967922454318,50.88422831086797,29.16768563423199,216.4326611577268
42,79.99900000642742,79.99900000642742,-12.0,0.1653260401456112,0.1296333893588042,0.3442873609707089,0.1023795222338387,10.180227176643196,63.87950728153941,22.720069395981778,195.0717194282264
43,79.99900000642742,79.99900000642742,-12.0,0.0845501282887079,0.1522876146203132,0.3654240803601636,0.1361511472896631,13.716099914707495,1.4507282209242047,22.277113391975305,180.19478074344295
43,79.99900000642742,79.99900000642742,-12.0,0.084554731773183,0.0851591187390051,0.3542596137184899,0.1391999153088544,11.295491378007616,1.4426374138501927,27.78702309157632,180.62877930859324
43,79.99900000642742,79.99900000642742,-12.0,0.0886269368804139,0.1612161604591084,0.3139696643147658,0.1537761848724717,13.262379676736993,101.94379662055798,27.1071032544684,192.47954550720164
43,79.99900000642742,79.99900000642742,-12.0,0.0901992141049624,0.0904983100271777,0.3840403204261737,0.0911959353556289,18.1932742172929,0.6262438117426443,20.49026393908233,241.0086795638857
43,79.99900000642742,79.99900000642742,-12.0,0.1154883385985583,0.0873130842056336,0.1007852419837656,0.1017463485223238,12.954535279883808,68.00807316366738,21.035675104147888,214.35118484627927
43,79.99900000642742,79.99900000642742,-12.0,0.0888191121636931,0.0837784564526952,0.3736230455973696,0.1020051110269317,5.302045799750935,110.47413520830972,21.737785563360216,158.02926001905723
43,79.99900000642742,79.99900000642742,-12.0,0.08854317145108,0.0839084835071637,0.3296631386460551,0.1386784681184424,5.38840097613772,28.57559414191089,32.40669226866162,199.7347749513212
43,79.99900000642742,79.99900000642742,-12.0,0.1158780285173289,0.1106190396560392,0.3529936213463383,0.0984404828799994,13.297619613948244,46.05728869185066,27.12521625048985,195.24237311345357
43,79.99900000642742,79.99900000642742,-12.0,0.0807406916874244,0.1639652694025193,0.3437926961549544,0.102997754134191,10.704418527544805,1.4470730471573985,27.73508015065296,163.68632130691125
43,79.99900000642742,79.99900000642742,-12.0,0.1141441262874902,0.1295527506173619,0.3488353315228801,0.1552471365851876,6.6669411097700415,84.91668686713952,26.848527300469705,196.42329874171375
43,79.99900000642742,79.99900000642742,-12.0,0.082604634223136,0.0869067477467238,0.3443166583989653,0.1106455804216461,6.266925930078259,5.668401073109781,27.561634238991864,242.0763467311465
43,79.99900000642742,79.99900000642742,-12.0,0.0815090225621876,0.0814758454908238,0.3514546151117129,0.1022079608595737,6.6669411097700415,85.30327401669143,26.89299228939355,195.0144118137543
43,79.99900000642742,79.99900000642742,-12.0,0.1124642842780663,0.0930885324517218,0.1314131399300147,0.1391999153088544,6.410503730535543,38.63108426324116,19.6918762048667,180.62877930859324
43,79.99900000642742,79.99900000642742,-12.0,0.0810266299791677,0.1106142067058699,0.3448775134503804,0.1000212200991897,15.4563693293411,102.30572502282934,27.12584965354523,223.3017108010837
43,79.99900000642742,79.99900000642742,-12.0,0.0831218012398882,0.1012530105258643,0.3366128874219545,0.1027612346749648,21.03761526884453,10.859486927517375,20.27691632719804,197.87357469272095
43,79.99900000642742,79.99900000642742,-12.0,0.0886179761846846,0.0811576707633677,0.3111611109423028,0.1000067597690927,8.151670606227698,3.312600272405447,8.966060556117997,196.45474540578775
43,79.99900000642742,79.99900000642742,-12.0,0.0865129296963584,0.0842599328869519,0.3349090220905469,0.1391999153088544,15.33520417114061,0.6869061585149616,29.231423494732717,180.62877930859324
43,79.99900000642742,79.99900000642742,-12.0,0.0888977257744522,0.1297670442218896,0.3120225510355762,0.1020051110269317,5.468808145095357,108.89282820007072,26.84841792162817,196.6567483785968
43,79.99900000642742,79.99900000642742,-12.0,0.0811763991955869,0.1302207141765964,0.3415958254896077,0.1022079608595737,11.168004744844414,0.974464054285768,26.848527300469705,240.4939726818125
43,79.99900000642742,79.99900000642742,-12.0,0.0811262254411423,0.0912893051146007,0.3457810612100055,0.1212081185037856,12.950272348396757,85.10015204813458,27.107736657523777,196.26949427110557
43,79.99900000642742,79.99900000642742,-12.0,0.0800839987630808,0.1068883826687246,0.3406426628185608,0.1391759161496818,6.189898020232426,36.9595464174458,27.09862764031649,180.62877930859324
44,79.99900000642742,79.99900000642742,-12.0,0.0844966996862741,0.0877431853299188,0.3457242886540009,0.1361511472896631,13.716099914707495,1.4507282209242047,22.277113391975305,181.37617597504797
44,79.99900000642742,79.99900000642742,-12.0,0.0865129296963584,0.0842599328869519,0.3349090220905469,0.1367901550571384,15.442945292856551,7.09897100303742,29.212637838007883,180.31277297653276
44,79.99900000642742,79.99900000642742,-12.0,0.0801858907208451,0.0833176547175009,0.3127958985561162,0.1007413943164787,6.6264790695718245,85.17037578254353,4.195478272097063,196.25406291545943
44,79.99900000642742,79.99900000642742,-12.0,0.0807380802514601,0.106781051327248,0.3403867332935754,0.1423072046273803,15.999594007204792,5.569846027848634,27.73508015065296,141.72942779535282
44,79.99900000642742,79.99900000642742,-12.0,0.0800868778264373,0.0867028030352905,0.3445229896990062,0.1394952557823826,6.189898020232426,36.9595464174458,27.09862764031649,180.62877930859324
44,79.99900000642742,79.99900000642742,-12.0,0.0832473961465657,0.1977018063732442,0.3897245551330635,0.0885824407810213,5.859035515046816,97.56037170551458,20.68247788138262,195.89051384958643
44,79.99900000642742,79.99900000642742,-12.0,0.0814918360883663,0.1302207141765964,0.3117437901880081,0.1022079608595737,6.6669411097700415,88.53059270951412,26.930210271022425,196.4133404217683
44,79.99900000642742,79.99900000642742,-12.0,0.08854317145108,0.0839084835071637,0.3068278889096729,0.1386229764918364,6.168470465261428,28.57559414191089,32.20642789553838,199.7249316371232
44,79.99900000642742,79.99900000642742,-12.0,0.1141441262874902,0.1295527506173619,0.3488353315228801,0.1552471365851876,6.6669411097700415,68.2162586062215,10.8798791987262,216.43617411110907
44,79.99900000642742,79.99900000642742,-12.0,0.0801030610168002,0.0803984245688387,0.3289756259947989,0.1386771844758421,16.297814158066593,68.46994752162551,28.26445591289493,218.9629011183445
44,79.99900000642742,79.99900000642742,-12.0,0.0826867014678163,0.1108935749488475,0.3522872564132036,0.1728553347746317,6.444505110783721,5.5852810187721404,27.12521625048985,195.531207480581
44,79.99900000642742,79.99900000642742,-12.0,0.0807406916874244,0.1627142402024878,0.3437783713340132,0.0998428940386634,15.762631595431191,105.18507445581218,27.716901716602177,163.25016066334035
44,79.99900000642742,79.99900000642742,-12.0,0.0810266299791677,0.1118652397845716,0.3448918382713215,0.1031760801947174,10.398156261456233,1.1713642756089655,27.144028087596016,220.67847986863487
44,79.99900000642742,79.99900000642742,-12.0,0.1124642842780663,0.0924524007814577,0.1509384388263266,0.1391999153088544,6.410503730535543,96.9831105997818,19.658738923297985,223.81800658817104
44,79.99900000642742,79.99900000642742,-12.0,0.0807406916874244,0.1456078972753697,0.344226100541345,0.1157403718910304,10.780528004131629,113.97392187763909,43.52680701379471,162.40090551235343
44,79.99900000642742,79.99900000642742,-12.0,0.08884268722449,0.0819615303164158,0.3517743355919568,0.1020603561403492,5.468808145095357,1.706457782814752,26.910199860919917,179.06709976800525
44,79.99900000642742,79.99900000642742,-12.0,0.084554731773183,0.0852686560103595,0.3599098067948167,0.1391999153088544,11.295491378007616,1.4426374138501927,27.78702309157632,179.03703139026044
44,79.99900000642742,79.99900000642742,-12.0,0.0807406916874244,0.0865953677541108,0.3398333235852138,0.134582446100105,8.770331975331256,82.91085378372435,21.7968771750468,209.05382494336547
44,79.99900000642742,79.99900000642742,-12.0,0.0886294549697997,0.1611413772494413,0.3139696643147658,0.1537761848724717,13.262379676736993,101.94379662055798,27.1071032544684,192.47954550720164
44,79.99900000642742,79.99900000642742,-12.0,0.0800068139755219,0.1090255323037211,0.3440488494767342,0.109957387417918,14.88957944262508,3.8376701629945984,27.955334420615365,243.33977631171052
44,79.99900000642742,79.99900000642742,-12.0,0.0865846380832142,0.0842599328869519,0.2957188218468102,0.1391999153088544,15.33520417114061,0.5136308617000438,29.14974052418,180.63873762853876
44,79.99900000642742,79.99900000642742,-12.0,0.0815166797316568,0.0814758454908238,0.3517543120150993,0.1022079608595737,6.666568239655538,85.30327401669143,26.89299228939355,243.21674772954668
44,79.99900000642742,79.99900000642742,-12.0,0.1152499653698504,0.0872035469342792,0.0979967682509884,0.1371976305418294,12.954535279883808,68.3443077931636,21.035675104147888,215.9429327095872
44,79.99900000642742,79.99900000642742,-12.0,0.0899116437220224,0.1609367893768991,0.3426349518332803,0.1008217460787337,15.482564970775725,87.29876363075387,27.338007291925244,196.26949427110557
44,79.99900000642742,79.99900000642742,-12.0,0.1208104412009393,0.1005957845199414,0.3366128874219545,0.1027612346749648,18.214858443412588,8.737572674632759,20.27691632719804,197.8228878881174
44,79.99900000642742,79.99900000642742,-12.0,0.0888191121636931,0.1108820553468468,0.3736230455973696,0.1020051110269317,5.302045799750935,110.47413520830972,27.429403427530826,196.231422976605
45,79.99900000642742,79.99900000642742,-12.0,0.1194919995476107,0.0865953677541108,0.3451409119123269,0.134582446100105,8.770331975331256,101.44447162961936,27.90953736128114,239.5210475248389
45,79.99900000642742,79.99900000642742,-12.0,0.0844966996862741,0.0866588039830358,0.3457242886540009,0.1361610189953521,13.716099914707495,5.431377969200815,22.277113391975305,195.464387883574
45,79.99900000642742,79.99900000642742,-12.0,0.0847398429253041,0.1285935322555878,0.3488353315228801,0.1552471365851876,6.6669411097700415,68.33233083610213,23.159876119818986,181.05011673804896
45,79.99900000642742,79.99900000642742,-12.0,0.0815634765059863,0.1302207141765964,0.3117437901880081,0.1022079608595737,6.6669411097700415,91.9519926210856,26.848527300469705,196.42329874171375
45,79.99900000642742,79.99900000642742,-12.0,0.0800839987630808,0.1147520843612902,0.3406458871323186,0.1391759161496818,4.552225406592524,61.61072437250469,27.09862764031649,148.2040814138561
45,79.99900000642742,79.99900000642742,-12.0,0.1194363142979708,0.0811437665229717,0.3548250328159584,0.1391999153088544,13.887486142371566,96.9831105997818,19.658738923297985,180.5506214374297
45,79.99900000642742,79.99900000642742,-12.0,0.0801437098581338,0.0822683968121055,0.3124448684631714,0.1216996796282886,15.993746868762274,85.05177587974333,3.429812166189775,215.928876971777
45,79.99900000642742,79.99900000642742,-12.0,0.0812799849907147,0.080220749501453,0.329256291615811,0.1022499305511035,16.297814158066593,68.46994752162551,28.0641915397717,218.95305780417587
45,79.99900000642742,79.99900000642742,-12.0,0.0807406916874244,0.1311332186263822,0.3119739880889732,0.120337893752937,8.770331975331256,82.91085378372435,21.83280560885756,196.32790044702543
45,79.99900000642742,79.99900000642742,-12.0,0.0899660228369108,0.0900789872086876,0.3840403204261737,0.0853786197688724,18.1932742172929,0.6262438117426443,20.49026393908233,241.0086795638857
45,79.99900000642742,79.99900000642742,-12.0,0.0826867014678163,0.1119787627640439,0.3522872564132036,0.172845463069048,6.444505110783721,1.6046433571073753,27.12521625048985,181.442995572055
45,79.99900000642742,79.99900000642742,-12.0,0.0807406916874244,0.0880676045684856,0.3451409119123269,0.1345712629319951,8.730561605124066,82.91085378372435,27.098570467374756,209.05382494336547
45,79.99900000642742,79.99900000642742,-12.0,0.0801263877573057,0.1068883826687246,0.3526139873382563,0.1391999153088544,6.189898020232426,0.2831230403906769,27.09862764031649,180.62877930859324
45,79.99900000642742,79.99900000642742,-12.0,0.1365492620643892,0.2083770458276859,0.3851891523025937,0.0880913521877869,13.013904018165404,68.3443077931636,21.035675104147888,225.08633099412324
45,79.99900000642742,79.99900000642742,-12.0,0.0870213761000213,0.0833176547175009,0.3127958985561162,0.1007176214957474,6.6264790695718245,95.83752338515416,4.909475104568656,195.1120591940085
45,79.99900000642742,79.99900000642742,-12.0,0.0826023583500874,0.0842599328869519,0.3356365085549558,0.1367901550571384,6.481731158532829,5.675472807533367,29.212637838007883,180.31277297653276
45,79.99900000642742,79.99900000642742,-12.0,0.0864812730266939,0.0842599328869519,0.3345360535563771,0.1367901550571384,15.442945292856551,7.09897100303742,29.212637838007883,180.31277297653276
45,79.99900000642742,79.99900000642742,-12.0,0.0807381126077455,0.1639652694025193,0.3437926961549544,0.1036151471940748,10.704418527544805,1.4470730471573985,27.73508015065296,88.43368151011177
45,79.99900000642742,79.99900000642742,-12.0,0.1049841709687965,0.082028099265885,0.3449088578487521,0.1101168244157791,6.266925930078259,5.6524104996374405,21.06581913561241,243.6621373367153
45,79.99900000642742,79.99900000642742,-12.0,0.0815166797316568,0.087635640748545,0.3517543120150993,0.1022471388968816,6.648997286020313,97.7889093589228,20.87780711857003,227.54482689183243
45,79.99900000642742,79.99900000642742,-12.0,0.0800475666057731,0.0842599328869519,0.2957188218468102,0.1392236932806526,15.33520417114061,0.5136308617000438,28.439310423145084,181.78074134998965
45,79.99900000642742,79.99900000642742,-12.0,0.1203970512311527,0.1013886210764211,0.3363322218009424,0.1391329994597663,18.214858443412588,8.737572674632759,21.331260595942243,197.8228878881174
45,79.99900000642742,79.99900000642742,-12.0,0.0886179761846846,0.1110301867260791,0.3482705435940658,0.1532584922209704,6.289042951672949,4.418804350891695,8.008321974314013,195.24237311345357
45,79.99900000642742,79.99900000642742,-12.0,0.0828518104543363,0.0995271858438836,0.3517743355919568,0.1020603561403492,5.468808145095357,1.706457782814752,26.910199860919917,154.5096513687015
45,79.99900000642742,79.99900000642742,-12.0,0.0811036836585767,0.16170217922016,0.3117437901880081,0.1061825345302638,6.035724370723687,11.2659484090004,26.930210271022425,196.4133404217683
45,79.99900000642742,79.99900000642742,-12.0,0.1124642842780663,0.0930885324517218,0.334835920680214,0.1391999153088544,6.189898020232426,0.6848439139640154,32.891964483644266,180.62877930859324
46,79.99900000642742,79.99900000642742,-12.0,0.1141441262874902,0.1295527506173619,0.3488353315228801,0.1552471365851876,10.506008262214822,67.41410173873898,10.8798791987262,91.64742687579891
46,79.99900000642742,79.99900000642742,-12.0,0.1049841709687965,0.0931590459886527,0.3449088578487521,0.1101168244157791,6.190210171467182,0.5800610977209386,32.8536197348753,239.13823292634325
46,79.99900000642742,79.99900000642742,-12.0,0.0812799849907147,0.0802010912068849,0.3293692857346855,0.0994470929331733,6.2030163210754266,68.46994752162551,28.0641915397717,224.84059670906
46,79.99900000642742,79.99900000642742,-12.0,0.0826745666317417,0.1452201881837642,0.3117437901880081,0.1022079608595737,8.77243118395765,98.22829766032125,26.848527300469705,196.42329874171375
46,79.99900000642742,79.99900000642742,-12.0,0.0802767868823831,0.1244899544824781,0.3374887024355764,0.1552471365851876,6.856015399738239,68.33233083610213,23.159876119818986,205.7631483005376
46,79.99900000642742,79.99900000642742,-12.0,0.08884268722449,0.0819615303164158,0.3517898073758312,0.1020603561403492,5.468808145095357,1.706457782814752,26.910199860919917,179.06709976800525
46,79.99900000642742,79.99900000642742,-12.0,0.0826595451571788,0.087635640748545,0.3517356527005167,0.1022471388968816,13.333336717380302,97.7889093589228,27.148706418426027,227.54482689183243
46,79.99900000642742,79.99900000642742,-12.0,0.0811286613958355,0.106141208797384,0.3113535006232686,0.1022079608595737,6.180826703563558,91.9519926210856,48.88066394733958,196.42329874171375
46,79.99900000642742,79.99900000642742,-12.0,0.0870952263487239,0.1463311453090962,0.3131021192672057,0.1157659052643921,11.44917783702913,95.83752338515416,48.97856508906236,195.1120591940085
46,79.99900000642742,79.99900000642742,-12.0,0.0801263877573057,0.1068883826687246,0.3525985155543819,0.1263740499869169,6.189898020232426,0.7238917193476837,27.09862764031649,180.62877930859324
46,79.99900000642742,79.99900000642742,-12.0,0.0807323229052068,0.1454715832701573,0.3437963113429531,0.0981128367330005,10.983551099300922,113.97392187763909,43.52680701379471,196.727175015472
46,79.99900000642742,79.99900000642742,-12.0,0.0804151991103654,0.1663339470489542,0.3517743355919568,0.1022053337268447,25.57826083701868,0.5584623562043518,27.851387032068214,196.37027950619412
46,79.99900000642742,79.99900000642742,-12.0,0.0806731811771286,0.0829338103626669,0.3014988839200673,0.1130653506025777,5.957829238316061,113.97392187763909,0.7833593686886928,162.40090551235343
46,79.99900000642742,79.99900000642742,-12.0,0.0807381126077455,0.1639652694025193,0.3382696789281754,0.1036151471940748,6.86535137510415,2.839406597335593,27.73508015065296,213.22019648686543
46,79.99900000642742,79.99900000642742,-12.0,0.0805326030070594,0.1658072711966752,0.3442227836466867,0.116249071921163,6.177771666399876,75.2410630478613,27.8591893930774,155.64060608605695
46,79.99900000642742,79.99900000642742,-12.0,0.084554731773183,0.0898409503560468,0.3595733839746827,0.1391999153088544,7.25757846569264,2.811700884698532,27.78702309157632,193.11300567248904
46,79.99900000642742,79.99900000642742,-12.0,0.0800475666057731,0.0842599328869519,0.2957188218468102,0.1392236932806526,15.33520417114061,0.4212332777887415,28.439310423145084,195.7571728665631
46,79.99900000642742,79.99900000642742,-12.0,0.0844966996862741,0.0841565089582672,0.3457280732515957,0.1361610189953521,13.788374739426096,5.431377969200815,29.19535018314105,195.464387883574
46,79.99900000642742,79.99900000642742,-12.0,0.0806252281875043,0.1647784843805792,0.3214805039442903,0.1006896290713639,6.6264790695718245,104.84765129659222,4.909475104568656,196.18336550742404
46,79.99900000642742,79.99900000642742,-12.0,0.081543836042317,0.1108935749488475,0.353012280660921,0.1733984503274163,6.733742700637187,5.5852810187721404,20.854316950633848,195.24237311345357
46,79.99900000642742,79.99900000642742,-12.0,0.0810376629901477,0.1087855455193099,0.3117437901880081,0.1022079608595737,0.9036874251486856,113.82047592614715,26.848527300469705,222.7665809603976
46,79.99900000642742,79.99900000642742,-12.0,0.0815524434950064,0.1304212946849805,0.3448775134503804,0.1000212200991897,15.4563693293411,102.30572502282934,24.85412721657427,196.5866195120329
46,79.99900000642742,79.99900000642742,-12.0,0.0829616156004813,0.0988652948488922,0.3437929944482947,0.1020629832730782,6.380794761380532,65.64750115076728,26.918002221929104,155.1698802022091
46,79.99900000642742,79.99900000642742,-12.0,0.0826023583500874,0.0842989534271321,0.3355235144360813,0.1367901550571384,16.57652987525887,5.675472807533367,29.212637838007883,180.31277297653276
46,79.99900000642742,79.99900000642742,-12.0,0.1161204808347497,0.1683743604685549,0.3182902549013245,0.1061825345302638,6.035724370723687,81.01987333526003,26.930210271022425,196.4133404217683
43,6416.9681188596005,0.0,-12.0,0.1211888065250259,0.16161714985164,0.3599959099939792,0.6274699469168797,18.01648743756704,8.820904121361574,27.90186223793481,243.9109734861494
