generation,l_max_kg_per_m,s_max_kg_per_m,constraint,x_00,x_01,x_02,x_03,x_04,x_05,x_06,x_07
15,79.99900000642742,79.99900000642742,-12.0,0.1330592168552672,0.2975820994480396,0.1456543134230346,0.1666359339126937,14.179956518839624,9.189817456239908,95.68855791253792,110.27058624059372
16,79.99900000642742,79.99900000642742,-12.0,0.1330592168552672,0.2975820994480396,0.1456543134230346,0.1666359339126937,14.179956518839624,5.143530160114564,95.68855791253792,109.69867464283826
17,79.99900000642742,79.99900000642742,-12.0,0.1124240983727936,0.2400404898802304,0.1456543134230346,0.1666359339126937,14.989737204929993,5.163988017555321,13.083871065511175,100.96049244248744
17,79.99900000642742,79.99900000642742,-12.0,0.1279102335866409,0.2981700750247159,0.282014892000445,0.1415891383746418,17.245807124215453,10.748397589882629,5.805117402312802,66.21198388561046
18,79.99900000642742,79.99900000642742,-12.0,0.1279102335866409,0.2839146888821521,0.282014892000445,0.1415891383746418,17.245807124215453,26.937625987425488,5.805117402312802,66.21198388561046
18,79.99900000642742,79.99900000642742,-12.0,0.1468515924917563,0.2350292298675597,0.2163567242443488,0.1536954600934868,23.828697837891355,6.89741090031332,2.8167626229447498,89.60574104931175
19,79.99900000642742,79.99900000642742,-12.0,0.1472060011319431,0.298451045623162,0.2163567242443488,0.1582178400558406,19.351086606085488,6.89741090031332,3.378223365358197,105.57104992396025
19,79.99900000642742,79.99900000642742,-12.0,0.1328461163456124,0.2935829948310357,0.1456543134230346,0.1407289964815948,14.179956518839624,9.269488062988112,89.13876168448954,110.27058624059372
19,79.99900000642742,79.99900000642742,-12.0,0.1395026539924219,0.2591295015877102,0.1251794109268805,0.1427038886998052,15.259397795872292,5.8225727323227,6.032066180063,87.61498745409024
19,79.99900000642742,79.99900000642742,-12.0,0.1330592168552672,0.2975820994480396,0.1723351728320152,0.1666359339126937,14.179956518839624,9.189817456239908,95.68855791253792,110.27058624059372
19,79.99900000642742,79.99900000642742,-12.0,0.1279102335866409,0.2839146888821521,0.282014892000445,0.1415891383746418,17.245807124215453,42.48125952536684,5.805117402312802,66.21198388561046
19,79.99900000642742,79.99900000642742,-12.0,0.1280795711778148,0.2981700750247159,0.1219215495137576,0.1415891383746418,17.245807124215453,23.11409046558252,10.342415743559773,69.39100652871521
20,79.99900000642742,79.99900000642742,-12.0,0.1332232953658473,0.2978061657218206,0.1857963313900179,0.1666359339126937,14.179956518839624,9.189817456239908,95.68855791253792,64.06253360063849
20,79.99900000642742,79.99900000642742,-12.0,0.1278278083012534,0.2975581577263502,0.1219215495137576,0.1519837480312669,17.245807124215453,16.53405000063161,10.163114322775812,96.3436500516692
20,79.99900000642742,79.99900000642742,-12.0,0.1326354997712287,0.2975820994480396,0.1471406396448252,0.1666359339126937,14.179956518839624,9.189817456239908,95.68855791253792,110.27058624059372
20,79.99900000642742,79.99900000642742,-12.0,0.134138664769455,0.2591295015877102,0.1251794109268805,0.1427038886998052,15.259397795872292,5.8225727323227,6.744735717230674,87.61498745409024
20,79.99900000642742,79.99900000642742,-12.0,0.1329718196157619,0.2975804263225192,0.1502189984067936,0.1666359339126937,14.179956518839624,16.508006611900118,95.68855791253792,114.15138974032357
20,79.99900000642742,79.99900000642742,-12.0,0.1279102335866409,0.2981700750247159,0.282014892000445,0.138296862142293,17.245807124215453,10.748397589882629,5.805117402312802,61.98329251549957
20,79.99900000642742,79.99900000642742,-12.0,0.1292964344528487,0.2975820994480396,0.1728405550228076,0.1666359339126937,14.179956518839624,9.189817456239908,4.437169172509293,110.27058624059372
20,79.99900000642742,79.99900000642742,-12.0,0.1393962913030791,0.2569358211688197,0.1251527232434971,0.1427038886998052,15.261941981778044,5.8225727323227,10.46878331102587,70.01409787785391
20,79.99900000642742,79.99900000642742,-12.0,0.1281859338671575,0.3003637554436064,0.1219482371971409,0.1390707250378881,17.243262938309705,23.11409046558252,5.905698612747616,97.01663334131824
21,79.99900000642742,79.99900000642742,-12.0,0.1279102335866409,0.298054108265447,0.282014892000445,0.1384615586517171,17.245807124215453,25.645957764786843,5.805117402312802,66.21198388561046
21,79.99900000642742,79.99900000642742,-12.0,0.1311463186937012,0.2591295015877102,0.1252163328741264,0.1427038886998052,18.38189994617173,12.8854584468679,9.903992098879655,87.552376977095
21,79.99900000642742,79.99900000642742,-12.0,0.1358891906658708,0.2838117273482493,0.2596201784665065,0.1224533387488567,14.25663221589838,26.937625987425488,5.805117402312802,110.33124199150312
21,79.99900000642742,79.99900000642742,-12.0,0.134138664769455,0.2591295015877102,0.1251794109268805,0.1427025754846073,17.149639959360268,5.8225727323227,5.775362006323162,87.61498745409024
21,79.99900000642742,79.99900000642742,-12.0,0.139500624798321,0.2569358211688197,0.1259883138257835,0.1433166050383001,15.261941981778044,4.838414297616499,5.621523295517811,70.01409787785391
21,79.99900000642742,79.99900000642742,-12.0,0.1292964344528487,0.2982687106376578,0.1744212040336593,0.1658026223451354,14.200866603864386,27.354600233006597,4.437169172509293,111.37871326302896
21,79.99900000642742,79.99900000642742,-12.0,0.1279102335866409,0.284030655641421,0.282014892000445,0.1414244418652177,17.245807124215453,12.040066098464976,5.805117402312802,61.98329251549957
21,79.99900000642742,79.99900000642742,-12.0,0.1397261705146938,0.2590934222548358,0.1456543134230346,0.1427893550461832,14.179956518839624,5.143530160114564,96.68405109403427,109.69867464283826
21,79.99900000642742,79.99900000642742,-12.0,0.1328357003329953,0.297618178780914,0.1251794109268805,0.1665504675663158,15.259397795872292,16.936577625787038,5.365572690604438,87.61498745409024
21,79.99900000642742,79.99900000642742,-12.0,0.1284416380554327,0.298451045623162,0.2825773839199493,0.1582178400558406,19.73634181843445,9.439569688335794,7.10314048810896,105.57104992396025
21,79.99900000642742,79.99900000642742,-12.0,0.1124240983727936,0.2400404898802304,0.1456534839361024,0.1666359339126937,14.166480544019656,9.214481892125256,13.083871065511175,100.96049244248744
21,79.99900000642742,79.99900000642742,-12.0,0.1329718196157619,0.2976456224450013,0.1502189984067936,0.1637182137855847,7.093684648389797,16.508006611900118,95.68855791253792,114.10257428157472
21,79.99900000642742,79.99900000642742,-12.0,0.1328415400776789,0.2935829948310357,0.2949445501836212,0.1328635946715466,14.179956518839624,3.469413805335864,89.49602665547957,109.38016040942942
21,79.99900000642742,79.99900000642742,-12.0,0.1331189618706054,0.3720546370513881,0.1843963824143054,0.1660232175741989,14.179956518839624,9.189817456239908,101.03510824381748,70.1436358799038
21,79.99900000642742,79.99900000642742,-12.0,0.1326354997712287,0.2975820994480396,0.1471414691317573,0.1666359339126937,15.003213179749956,5.1393235818035095,95.68855791253792,110.27058624059372
21,79.99900000642742,79.99900000642742,-12.0,0.1326354997712287,0.2984123204804716,0.0991997904968102,0.1787416723972268,14.179956518839624,9.189817456239908,2.9079165993046203,110.27058624059372
22,79.99900000642742,79.99900000642742,-12.0,0.1325725487935528,0.2984123204804716,0.1254981044089458,0.1799352913300173,15.260319253703772,5.7481281553430446,2.9079165993046203,110.55193083423332
22,79.99900000642742,79.99900000642742,-12.0,0.1318120795858207,0.2400404898802304,0.3075717605617204,0.1778854985731967,10.388722152454704,9.214481892125256,13.083871065511175,100.96049244248744
22,79.99900000642742,79.99900000642742,-12.0,0.1124240983727936,0.2894275653005909,0.2858978091417861,0.1995795683922513,3.871806741126664,5.163988017555321,13.083871065511175,94.5573178823783
22,79.99900000642742,79.99900000642742,-12.0,0.1279102335866409,0.3048841094967532,0.282014892000445,0.1414244418652177,15.24147387770704,12.040066098464976,5.6240320958995005,61.98329251549957
22,79.99900000642742,79.99900000642742,-12.0,0.1330592168552672,0.2975820994480396,0.1456543134230346,0.1736383609959925,14.179956518839624,2.4428130996211195,95.68855791253792,74.73071151411534
22,79.99900000642742,79.99900000642742,-12.0,0.1453992632774757,0.2975820994480396,0.1728405550228076,0.1666359339126937,21.859562617514943,9.189817456239908,0.5515157309822944,110.27058624059372
22,79.99900000642742,79.99900000642742,-12.0,0.1328415400776789,0.2935829948310357,0.2954921559432198,0.1328635946715466,14.179956518839624,3.469413805335864,88.67155830547891,109.38016040942942
22,79.99900000642742,79.99900000642742,-12.0,0.124833556037769,0.2935829948310357,0.1330289016586075,0.1023658132324666,14.179559402098674,3.469413805335864,89.49602665547957,104.12781819216885
22,79.99900000642742,79.99900000642742,-12.0,0.1326354997712287,0.2975675235231623,0.1471406396448252,0.1666359339126937,14.179956518839624,9.189817456239908,95.68855791253792,114.06950217154436
22,79.99900000642742,79.99900000642742,-12.0,0.1279102335866409,0.2981693325600053,0.282014892000445,0.1386254513938003,17.245807124215453,10.748397589882629,4.131537018731044,66.21198388561046
22,79.99900000642742,79.99900000642742,-12.0,0.1279102335866409,0.298054108265447,0.2827183137725425,0.1427311749622311,15.40677797742708,25.645957764786843,5.805117402312802,66.21198388561046
22,79.99900000642742,79.99900000642742,-12.0,0.1329718196157619,0.2975804263225192,0.1842102319245105,0.1666336772820354,14.179956518839624,9.10546906597907,101.24838781665214,71.05892070482534
22,79.99900000642742,79.99900000642742,-12.0,0.1279102335866409,0.2980548507301576,0.282014892000445,0.1414252456325587,17.245807124215453,25.645957764786843,5.805117402312802,66.21198388561046
22,79.99900000642742,79.99900000642742,-12.0,0.1331189618706054,0.3720546370513881,0.1504051488965909,0.1660254742048572,14.179956518839624,16.59235500257248,95.47527833970328,113.23610491547566
22,79.99900000642742,79.99900000642742,-12.0,0.1395026539924219,0.2591295015877102,0.1244782169292234,0.1384342723892913,17.098426942660666,5.8225727323227,6.032066180063,87.61498745409024
22,79.99900000642742,79.99900000642742,-12.0,0.128338728077362,0.2977044066536116,0.1012161119791072,0.1666359339126937,14.179956518839624,0.2186092379475184,95.74534775295018,110.27058624059372
22,79.99900000642742,79.99900000642742,-12.0,0.1329718196157619,0.2976601983698785,0.1502189984067936,0.1331989514346671,7.093684648389797,16.508006611900118,95.68855791253792,105.07726936127004
23,79.99900000642742,79.99900000642742,-12.0,0.1279102335866409,0.2741590680532413,0.18105931812433,0.1384615586517171,17.245807124215453,13.23040382813834,5.805117402312802,66.21198388561046
23,79.99900000642742,79.99900000642742,-12.0,0.1330592168552672,0.2976644062791403,0.1456023687869492,0.1459233769597542,14.179956518839624,9.250425370763054,95.68855791253792,110.23147587862124
23,79.99900000642742,79.99900000642742,-12.0,0.1254738399368253,0.2975566464641644,0.1476748025393872,0.1415891383746418,17.245807124215453,19.26328893941187,10.578716869490457,99.16597412093458
23,79.99900000642742,79.99900000642742,-12.0,0.1124240983727936,0.2894275653005909,0.2858978091417861,0.1995795683922513,3.871806741126664,5.163988017555321,13.172524530294512,82.99933228803351
23,79.99900000642742,79.99900000642742,-12.0,0.1329718196157619,0.2976036077778997,0.1502189984067936,0.1658241982140211,14.181388677043271,20.81216228109632,95.68855791253792,112.83993664215244
23,79.99900000642742,79.99900000642742,-12.0,0.132334398046158,0.2592117340593559,0.1012927960098988,0.1600612753876059,14.97913610132711,4.293003823491389,44.065107583355854,93.86866468034933
23,79.99900000642742,79.99900000642742,-12.0,0.1395026539924219,0.2839330935518774,0.1251794109268805,0.1427038886998052,15.25565593841426,40.5810704575659,6.032066180063,81.1566208971663
23,79.99900000642742,79.99900000642742,-12.0,0.1280795711778148,0.2981700750247159,0.224563592339653,0.141592382271789,17.245807124215453,6.954437422135925,2.6286106892770165,69.39100652871521
23,79.99900000642742,79.99900000642742,-12.0,0.1434632797004596,0.2886864979877985,0.282014892000445,0.1415891383746418,17.249548981673488,7.728996649441214,5.805117402312802,76.92054661010415
23,79.99900000642742,79.99900000642742,-12.0,0.127899679874075,0.2981700750247159,0.282014892000445,0.1543177623345767,15.409492555317518,10.748397589882629,5.813126106102322,62.43452183297365
23,79.99900000642742,79.99900000642742,-12.0,0.1338149389198995,0.297618178780914,0.1251794109268805,0.1618354557353735,16.429080936441935,16.936577625787038,5.3643088257740965,87.61498745409024
23,79.99900000642742,79.99900000642742,-12.0,0.1329718196157619,0.2975778915387778,0.1502709430428789,0.1331989514346671,11.556804245987976,16.447398697587392,95.68855791253792,105.1163797232425
23,79.99900000642742,79.99900000642742,-12.0,0.0974401884916434,0.2985604395456607,0.2894166868047111,0.1160529131199014,7.093684648389797,8.100427992904386,95.68855791253792,105.07726936127004
23,79.99900000642742,79.99900000642742,-12.0,0.1329718196157619,0.2975804263225192,0.1952255431916116,0.1583904634193866,14.179956518839624,9.10546906597907,100.92725115766244,70.49269570752631
23,79.99900000642742,79.99900000642742,-12.0,0.1280717237508876,0.2991934285230137,0.282014892000445,0.1734990988587876,14.346050709573351,25.079884566281542,6.454722092420084,66.30421999598647
23,79.99900000642742,79.99900000642742,-12.0,0.1326354997712287,0.2975675235231623,0.1471159949702986,0.1666359339126937,14.179956518839624,5.157838954881955,95.71435970673,114.06950217154436
23,79.99900000642742,79.99900000642742,-12.0,0.1284416380554327,0.298451045623162,0.2713465149453734,0.1664610539184894,19.73634181843445,9.439569688335794,7.582417479303054,102.08417614978002
23,79.99900000642742,79.99900000642742,-12.0,0.1292964344528487,0.2980702014628393,0.2895153352021123,0.1666359339126937,14.179956518839624,9.189817456239908,4.437169172509293,110.27058624059372
24,79.99900000642742,79.99900000642742,-12.0,0.0974401884916434,0.2985604395456607,0.2893823336128215,0.1161878716143135,7.093684648389797,8.100427992904386,95.68855791253792,105.07726936127004
24,79.99900000642742,79.99900000642742,-12.0,0.1279102335866409,0.2981693325600053,0.1249166329211547,0.1426843492698662,16.520506711643883,11.821060374292982,4.078338793948543,81.39869320639423
24,79.99900000642742,79.99900000642742,-12.0,0.1280714636427979,0.3202110644198446,0.282014892000445,0.1734990988587876,14.346050709573351,25.079884566281542,6.454722092420084,66.30421999598647
24,79.99900000642742,79.99900000642742,-12.0,0.1292562248796104,0.2982687106376578,0.2752599342477106,0.1664658836199042,14.200866603864386,27.354600233006597,6.826019396203702,110.53534995121775
24,79.99900000642742,79.99900000642742,-12.0,0.1322919974362729,0.256311519846493,0.1842102319245105,0.1666336772820354,14.179956518839624,10.17719981083738,101.24838781665214,71.06373644470676
24,79.99900000642742,79.99900000642742,-12.0,0.1292964344528487,0.2980702014628393,0.1241595821492035,0.1666359339126937,14.179956518839624,5.77580601092399,4.437169172509293,110.55062625550696
24,79.99900000642742,79.99900000642742,-12.0,0.1395026539924219,0.2839330935518774,0.2822795526155535,0.1386449908237393,15.25565593841426,39.5084810108695,6.0852644048457645,65.96991157638254
24,79.99900000642742,79.99900000642742,-12.0,0.1326363725092836,0.297604227615783,0.1471159949702986,0.1666359339126937,14.179956518839624,20.436863738495617,95.6879148912584,114.06494854500622
24,79.99900000642742,79.99900000642742,-12.0,0.1278672657140339,0.293531030369596,0.1336895870029239,0.2049584494442383,14.22012439879165,3.455219434343494,74.8529036663495,62.43452183297365
24,79.99900000642742,79.99900000642742,-12.0,0.1395026539924219,0.2591295015877102,0.2898369182912658,0.1384342723892913,17.098426942660666,9.236584177643278,6.032066180063,87.33494743917699
24,79.99900000642742,79.99900000642742,-12.0,0.1279102335866409,0.2741590680532413,0.2755681877927394,0.1385060516200793,17.245807124215453,25.795132082262203,5.805117402312802,66.21198388561046
24,79.99900000642742,79.99900000642742,-12.0,0.133089809073259,0.2976223245730982,0.1248974112083421,0.1459475116994857,16.526801731655173,16.936577625787038,3.952030397492479,87.61498745409024
24,79.99900000642742,79.99900000642742,-12.0,0.0994295941239836,0.2980685992459057,0.2893470465821596,0.140004262915857,6.137824230115257,24.32229414049828,5.805117402312802,64.83413595418278
24,79.99900000642742,79.99900000642742,-12.0,0.1279102335866409,0.2981415142403805,0.1818537376114871,0.1427731098769514,15.40677797742708,38.23843071991462,5.805117402312802,66.21198388561046
24,79.99900000642742,79.99900000642742,-12.0,0.1329718196157619,0.2975804813627387,0.1959842678252163,0.1583904634193866,14.179956518839624,9.14836867508685,100.92725115766244,98.27538501817529
24,79.99900000642742,79.99900000642742,-12.0,0.1329378800606045,0.2451200818011485,0.2999139335018756,0.1651311331821626,10.383917714645186,21.46938487865963,10.829531085339326,112.85545172493391
24,79.99900000642742,79.99900000642742,-12.0,0.1330592168552672,0.2936484187164169,0.1724715169918013,0.1666359339126937,14.179956518839624,3.3609981591759825,95.65079325059789,106.72831633991755
25,79.99900000642742,79.99900000642742,-12.0,0.1326632633936882,0.2975804813627387,0.1959061948476941,0.1583904634193866,14.179956518839624,9.14836867508685,100.92725115766244,110.9322744107126
25,79.99900000642742,79.99900000642742,-12.0,0.1124240983727936,0.2894275653005909,0.1165489205943292,0.1995795683922513,3.871806741126664,5.163988017555321,13.083871065511175,94.5573178823783
25,79.99900000642742,79.99900000642742,-12.0,0.1274523130139937,0.2975820994480396,0.2398899151007194,0.1655011068370394,14.1033633932591,9.189817456239908,4.943602666117371,110.27058624059372
25,79.99900000642742,79.99900000642742,-12.0,0.1124240983727936,0.2894275653005909,0.2858978091417861,0.1995795683922513,3.871806741126664,5.964271702970828,13.172524530294512,82.99933228803351
25,79.99900000642742,79.99900000642742,-12.0,0.124833556037769,0.2935829948310357,0.1330289016586075,0.1023658132324666,14.179559402098674,3.469413805335864,89.49602665547957,101.37726831652196
25,79.99900000642742,79.99900000642742,-12.0,0.1280714636427979,0.3201938020575236,0.3228985506109325,0.1734990988587876,5.903998212870209,24.3165889475986,6.454722092420084,65.19444314393897
25,79.99900000642742,79.99900000642742,-12.0,0.1328415400776789,0.2935829948310357,0.2954921559432198,0.1328635946715466,14.179956518839624,18.51518791173396,79.75869896259084,109.38016040942942
25,79.99900000642742,79.99900000642742,-12.0,0.1278676621560413,0.2496760298859173,0.125408204527012,0.2021419995437191,16.556573222467733,3.708170976174197,4.078338793948543,61.42936085195289
25,79.99900000642742,79.99900000642742,-12.0,0.1279102335866409,0.2981415142403805,0.1566902564170051,0.1649217053891127,15.40677797742708,42.99209279350741,4.109282378602124,66.21198388561046
25,79.99900000642742,79.99900000642742,-12.0,0.1395026539924219,0.2591295015877102,0.1251794109268805,0.1427038886998052,15.259397795872292,5.022289046907192,6.032066180063,87.61498745409024
25,79.99900000642742,79.99900000642742,-12.0,0.1328193214981331,0.2978860180965441,0.1502709430428789,0.1785684834319208,11.662590870502182,16.447398697587392,13.033717070264784,105.1163797232425
25,79.99900000642742,79.99900000642742,-12.0,0.133089809073259,0.2976223245730982,0.1074954294070472,0.1163568803016611,16.355123642256196,16.936577625787038,3.952030397492479,104.22493239269276
25,79.99900000642742,79.99900000642742,-12.0,0.0994295941239836,0.2980858616082266,0.2893470465821596,0.140004262915857,14.57987695769819,25.08558975918122,5.805117402312802,66.27243085160205
25,79.99900000642742,79.99900000642742,-12.0,0.1395026539924219,0.2814493520884282,0.1251794109268805,0.1427038886998052,15.1819079932864,40.5810704575659,5.05409501456094,70.26458304923933
25,79.99900000642742,79.99900000642742,-12.0,0.1280795711778148,0.2989670315313659,0.224563592339653,0.141592382271789,17.319555069343313,6.954437422135925,2.6167842853545737,80.28304437664217
25,79.99900000642742,79.99900000642742,-12.0,0.1297890468328724,0.298200965784385,0.2893823336128215,0.1161878716143135,7.1501187307475815,8.100427992904386,92.87040275110662,61.22811452495084
25,79.99900000642742,79.99900000642742,-12.0,0.0974401884916434,0.2985604395456607,0.2894166868047111,0.0988176456635911,7.093684648389797,5.568019607185999,95.72335984467428,104.85598481194204
25,79.99900000642742,79.99900000642742,-12.0,0.1293684985713525,0.2935223092402895,0.135529137037298,0.2049584494442383,14.22012439879165,3.4066450861697906,74.8529036663495,62.43452183297365
25,79.99900000642742,79.99900000642742,-12.0,0.1319645777034495,0.2397323633224643,0.3075717605617204,0.1325159665814664,10.2829355279405,9.214481892125256,95.75530689446902,100.96049244248744
25,79.99900000642742,79.99900000642742,-12.0,0.1329718196157619,0.2975804813627387,0.1959842678252163,0.1758367690827637,14.179956518839624,9.14836867508685,100.89244922552612,98.49666956750328
26,79.99900000642742,79.99900000642742,-12.0,0.1922341565585311,0.2969180299919287,0.1097463785628246,0.1622415312424404,15.25565593841426,17.76528011830747,6.108715899015393,56.90522651971882
26,79.99900000642742,79.99900000642742,-12.0,0.1326354997712287,0.2975675235231623,0.1471243928731436,0.1669185381277255,11.62465455214824,4.094378041650627,95.71435970673,114.00525939798858
26,79.99900000642742,79.99900000642742,-12.0,0.133089809073259,0.2976181245627252,0.1074954294070472,0.1163568803016611,16.428179661190406,16.936577625787038,3.936060473105918,104.22493239269276
26,79.99900000642742,79.99900000642742,-12.0,0.1330343508890323,0.2981693325600053,0.1211377486188087,0.1426843492698662,14.099132889388866,11.848532665134435,74.56040047053303,81.39869320639423
26,79.99900000642742,79.99900000642742,-12.0,0.1124240983727936,0.2894275653005909,0.2858978091417861,0.1995795683922513,3.871806741126664,1.4956201622436662,13.172524530294512,89.76134404506821
26,79.99900000642742,79.99900000642742,-12.0,0.1124240983727936,0.2894275653005909,0.1165489205943292,0.1995795683922513,2.506222749958984,5.19946131418351,34.09174336179471,94.5573178823783
26,79.99900000642742,79.99900000642742,-12.0,0.1430223875115639,0.2980564700326971,0.3266267309490755,0.1543177623345767,15.40949172725167,10.903717889270482,5.805483895818104,62.43452183297365
26,79.99900000642742,79.99900000642742,-12.0,0.1274643815170033,0.2895654402434859,0.21834274591599,0.1655011068370394,14.1033633932591,9.189817456239908,4.918694913739657,66.00159873416342
26,79.99900000642742,79.99900000642742,-12.0,0.1326363725092836,0.297604227615783,0.1466346973017805,0.1666359339126937,14.179956518839624,20.436863738495617,4.744725430144385,114.06494854500622
26,79.99900000642742,79.99900000642742,-12.0,0.1276220059164237,0.2977528273178857,0.2398899151007194,0.1655011068370394,14.1033633932591,9.189817456239908,3.4501898436296496,110.40293205057054
26,79.99900000642742,79.99900000642742,-12.0,0.1278992735069276,0.2978612183020517,0.1630334460843625,0.1406336522648062,17.302266107283206,3.7742766276317217,0.5804924244295719,106.72831633991755
26,79.99900000642742,79.99900000642742,-12.0,0.1391614102499643,0.2837623656820311,0.2822795526155535,0.1661318856363642,15.25565593841426,39.5084810108695,6.010902309885264,65.83756576661798
26,79.99900000642742,79.99900000642742,-12.0,0.1321393694905409,0.2935829948310357,0.1257595539136474,0.1321783448232558,10.38196939351682,9.255148137423085,89.49602665547957,104.12781819216885
26,79.99900000642742,79.99900000642742,-12.0,0.0974401884916434,0.2985604395456607,0.1242344711076098,0.1648460597129344,6.994715816917826,5.568019607185999,95.72335984467428,110.39428817594816
26,79.99900000642742,79.99900000642742,-12.0,0.1329718196157619,0.2975804263225192,0.2740134113186517,0.1666336772820354,14.179956518839624,26.761221696065206,95.00638945452192,71.05892070482534
26,79.99900000642742,79.99900000642742,-12.0,0.1013120855139253,0.2980858616082266,0.1957805034199803,0.1590660226528083,3.628177858650997,25.08558975918122,5.805117402312802,66.27243085160205
26,79.99900000642742,79.99900000642742,-12.0,0.1292562248796104,0.2982687106376578,0.1854567548609458,0.1664658836199042,14.200866603864386,9.698851739642231,13.219708360962102,110.53534995121775
26,79.99900000642742,79.99900000642742,-12.0,0.1338149389198995,0.297618178780914,0.1080878683285146,0.1618354557353735,16.429080936441935,16.936577625787038,5.3643088257740965,87.61498745409024
26,79.99900000642742,79.99900000642742,-12.0,0.1301669183510696,0.2741590680532413,0.1791977709629543,0.1157861378729956,17.245807124215453,13.23040382813834,5.805117402312802,65.86499239659864
27,79.99900000642742,79.99900000642742,-12.0,0.1009733644013095,0.2985597295113449,0.1957805034199803,0.1590660226528083,3.628177858650997,4.486595615677146,5.805117402312802,66.27243085160205
27,79.99900000642742,79.99900000642742,-12.0,0.1310242510620221,0.2975804813627387,0.1167238414750524,0.1583904634193866,14.179956518839624,5.196313986384931,103.20059550550047,93.7344946194828
27,79.99900000642742,79.99900000642742,-12.0,0.1392315420008947,0.2949478755786087,0.1220927234088654,0.1427038886998052,15.288968857826818,5.918493116841972,6.032066180063,93.97420276251503
27,79.99900000642742,79.99900000642742,-12.0,0.1291715447947767,0.2976022612027192,0.1566902564170051,0.1655309167925114,15.40677797742708,42.99209279350741,4.109282378602124,109.60595612213626
27,79.99900000642742,79.99900000642742,-12.0,0.1276178648759471,0.2982687106376578,0.2752599342477106,0.1664658836199042,14.207065578173458,27.354600233006597,6.777561508917868,110.53534995121775
27,79.99900000642742,79.99900000642742,-12.0,0.133089809073259,0.297617395920355,0.1064153292861037,0.1629204095824142,16.428179661190406,8.873407348732073,3.936060473105918,104.22493239269276
27,79.99900000642742,79.99900000642742,-12.0,0.1330592168552672,0.2975828280904097,0.1734154074314096,0.1200724050391976,14.179956518839624,36.099000641182826,95.68855791253792,112.12086134596863
27,79.99900000642742,79.99900000642742,-12.0,0.1329718196157619,0.2975804263225192,0.1091749618496926,0.1666336772820354,14.179956518839624,9.10546906597907,6.020141873523521,71.23410862604142
27,79.99900000642742,79.99900000642742,-12.0,0.1386385201379098,0.2975820994480396,0.2398899151007194,0.1931424861300917,15.27042990561798,39.14072597441991,0.0356541839540387,110.27058624059372
27,79.99900000642742,79.99900000642742,-12.0,0.1044179101524668,0.2975820994480396,0.2398899151007194,0.1655011068370394,14.097164418950028,9.189817456239908,4.99206055340321,110.27058624059372
27,79.99900000642742,79.99900000642742,-12.0,0.0909693225249523,0.2839330935518774,0.1193404715882843,0.1427038886998052,15.25565593841426,40.26585565923444,2.232577264698531,105.20869343299027
27,79.99900000642742,79.99900000642742,-12.0,0.1279752031260481,0.2837623656820311,0.2822795526155535,0.1661318856363642,14.088589426055378,9.55780802832547,6.010902309885264,65.83756576661798
27,79.99900000642742,79.99900000642742,-12.0,0.1723919874407007,0.2981213524857009,0.1905971043273531,0.1666359339126937,14.179956518839624,9.189817456239908,4.437169172509293,66.8766140042199
27,79.99900000642742,79.99900000642742,-12.0,0.1326188433161516,0.2975037541794881,0.1487728609113403,0.1669185381277255,11.62465455214824,4.094378041650627,96.08648324921212,114.00525939798858
27,79.99900000642742,79.99900000642742,-12.0,0.1124240983727936,0.2893349132179931,0.1165489205943292,0.1995795683922513,2.6907328031366253,5.200147519335067,96.11689830073324,94.5573178823783
27,79.99900000642742,79.99900000642742,-12.0,0.1333303288467944,0.2578300447255183,0.1724715169918013,0.1666359339126937,13.43001003769575,3.2650777748228688,95.65079325059789,106.72831633991755
27,79.99900000642742,79.99900000642742,-12.0,0.1228152541080135,0.29766017560576,0.1471159949702986,0.1666359339126937,13.996028710777576,5.157152749730399,33.68921425540216,114.06950217154436
27,79.99900000642742,79.99900000642742,-12.0,0.1674100005253367,0.2981693325600053,0.1249166329211547,0.152134697274078,3.068829587079001,11.821060374292982,43.38166945533591,81.39869320639423
27,79.99900000642742,79.99900000642742,-12.0,0.1322597776962157,0.2895654402434859,0.21834274591599,0.1654698007337683,14.1033633932591,9.189817456239908,19.807087769903603,61.33235955613913
28,79.99900000642742,79.99900000642742,-12.0,0.1330592168552672,0.2975829011185183,0.1734154074314096,0.1185679442126073,14.179956518839624,36.099000641182826,95.0315747637356,111.33968987805626
28,79.99900000642742,79.99900000642742,-12.0,0.1277322783953369,0.297842521985769,0.1630334460843625,0.1406336522648062,17.302266107283206,3.7742766276317217,3.323319493340236,106.72831633991755
28,79.99900000642742,79.99900000642742,-12.0,0.1274523130139937,0.2980801501625004,0.2883613781443847,0.1390316464471378,14.07656395015601,9.189817456239908,4.943602666117371,110.53196689875048
28,79.99900000642742,79.99900000642742,-12.0,0.1330592168552672,0.2975673613561834,0.1203290394271705,0.1204955794621481,14.179956518839624,36.099000641182826,7.083736194726555,112.11186469687968
28,79.99900000642742,79.99900000642742,-12.0,0.1293948754174435,0.2583895976717965,0.1251794109268805,0.1427038886998052,15.259397795872292,5.8225727323227,6.032066180063,87.61498745409024
28,79.99900000642742,79.99900000642742,-12.0,0.1310242510620221,0.2891350190397027,0.1167238414750524,0.1609723017127543,14.142783665994656,5.20026875603468,96.3505243311829,93.7344946194828
28,79.99900000642742,79.99900000642742,-12.0,0.1301669183510696,0.2741590680532413,0.1791977709629543,0.1157861378729956,10.3529615066775,13.23040382813834,88.33933583137545,104.51682352076742
28,79.99900000642742,79.99900000642742,-12.0,0.0995840359567765,0.2986106641087565,0.2894166868047111,0.0988176456635911,7.2211782681975825,5.568019607185999,95.72335984467428,104.22010734422588
28,79.99900000642742,79.99900000642742,-12.0,0.1321393694905409,0.2935829948310357,0.1257595539136474,0.1321783448232558,17.274815011084122,9.255148137423085,7.125747187496891,65.47598706804666
28,79.99900000642742,79.99900000642742,-12.0,0.1329718196157619,0.2975803532944106,0.2740134113186517,0.1681381384894741,14.179956518839624,26.761221696065206,83.93209134907659,71.84009217276281
28,79.99900000642742,79.99900000642742,-12.0,0.1331660948921539,0.2985491071379403,0.1959061948476941,0.1548260152084244,14.179956518839624,9.14836867508685,100.92725115766244,110.9322744107126
28,79.99900000642742,79.99900000642742,-12.0,0.1327858384277423,0.2975224504957709,0.1487728609113403,0.1669185381277255,11.62465455214824,4.094378041650627,94.86310538829986,114.00525939798858
28,79.99900000642742,79.99900000642742,-12.0,0.1276178648759471,0.2982841773718842,0.2812925192974653,0.1660427092728185,14.207065578173458,27.354600233006597,95.5289241792882,110.54434660030674
28,79.99900000642742,79.99900000642742,-12.0,0.1206214085023676,0.2975948293703117,0.2941926343692074,0.1328635946715466,14.179956518839624,4.389772792042923,74.5515019523013,108.2736379757108
28,79.99900000642742,79.99900000642742,-12.0,0.0994704442590768,0.2979052981841028,0.2893470465821596,0.1983069998472665,14.57987695769819,4.911064412393756,13.46849082108556,66.27243085160205
28,79.99900000642742,79.99900000642742,-12.0,0.1326186553578111,0.2974983453069031,0.1249669734601143,0.1669185381277255,3.096954550716747,4.094378041650627,95.71435970673,117.20840506215882
29,79.99900000642742,79.99900000642742,-12.0,0.1321393694905409,0.2935829948310357,0.1901854606316554,0.1321783448232558,10.38196939351682,9.255148137423085,89.49602665547957,104.12781819216885
29,79.99900000642742,79.99900000642742,-12.0,0.1339620847111099,0.2981263629136854,0.2893470465821596,0.1544942551031468,14.57987695769819,24.698819468058115,5.805117402312802,68.39240515649195
29,79.99900000642742,79.99900000642742,-12.0,0.1267987992738855,0.2893349132179931,0.1168075528228817,0.1995721693688057,2.6907328031366253,3.824400964080581,95.21794080238222,94.8195993896211
29,79.99900000642742,79.99900000642742,-12.0,0.1333303288467944,0.2578300447255183,0.1823115312356224,0.1666359339126937,13.43001003769575,3.2650777748228688,95.65079325059789,106.72831633991755
29,79.99900000642742,79.99900000642742,-12.0,0.1321393694905409,0.2935829948310357,0.1222218507643803,0.1321783448232558,10.38196939351682,9.255148137423085,95.75549408939902,104.12781819216885
29,79.99900000642742,79.99900000642742,-12.0,0.1291715447947767,0.2976048954020486,0.1362778665653511,0.1655309167925114,15.390583671792331,42.99209279350741,4.109282378602124,106.95604647082682
29,79.99900000642742,79.99900000642742,-12.0,0.1326188433161516,0.2975037541794881,0.1046956370419441,0.1666382493226529,11.62465455214824,9.328609138372071,96.08648324921212,114.00525939798858
29,79.99900000642742,79.99900000642742,-12.0,0.1009733644013095,0.2985597295113449,0.195784264354535,0.159141315009648,3.628177858650997,4.486595615677146,5.805117402312802,111.8009627653668
29,79.99900000642742,79.99900000642742,-12.0,0.1330592168552672,0.298537066372829,0.1728572999520363,0.1541587928714337,14.179956518839624,7.921274959000256,101.26404434951816,112.20800015714688
29,79.99900000642742,79.99900000642742,-12.0,0.1723919874407007,0.2981213524857009,0.1925551873866128,0.1666359339126937,14.179956518839624,3.469022817675341,0.1944893867544195,66.8766140042199
29,79.99900000642742,79.99900000642742,-12.0,0.1310242510620221,0.2891350190397027,0.1168527069563808,0.1665379701337977,14.141356857555808,5.20026875603468,96.3505243311829,94.15201370985218
29,79.99900000642742,79.99900000642742,-12.0,0.1274472759260393,0.2982687106376578,0.2887875765749366,0.1664658836199042,14.073907264056269,27.354600233006597,6.952751015986459,110.53534995121775
29,79.99900000642742,79.99900000642742,-12.0,0.099200855901297,0.2939849441744286,0.1257595539136474,0.1988600927029395,14.713059373288564,9.461039336635364,7.125747187496891,65.47598706804666
29,79.99900000642742,79.99900000642742,-12.0,0.1251415776870875,0.2833405463009597,0.2891893812210703,0.1661318856363642,15.267129926486612,13.019612115749265,6.010902309885264,65.83756576661798
29,79.99900000642742,79.99900000642742,-12.0,0.1004969751975004,0.2985597295113449,0.1957805034199803,0.1590810406146812,3.628177858650997,4.486595615677146,5.363779215696752,68.19977437019422
29,79.99900000642742,79.99900000642742,-12.0,0.1324089607688643,0.2975033488407099,0.2893470465821596,0.1316252524111286,17.141632595493746,4.705173216597,13.46849082108556,66.27243085160205
29,79.99900000642742,79.99900000642742,-12.0,0.1331660948921539,0.297594868855521,0.1964643023270674,0.1207396273787515,14.179956518839624,37.32690951383571,95.35176472068224,110.84513559953436
29,79.99900000642742,79.99900000642742,-12.0,0.1320833361364944,0.2949478755786087,0.0971547384749135,0.1323257339222801,10.317462417652418,5.918493116841972,6.032066180063,93.97420276251503
29,79.99900000642742,79.99900000642742,-12.0,0.1327858384277423,0.2975180479029804,0.150763788357248,0.1646976697238981,11.62465455214824,27.28857936118377,75.54486715860494,114.00525939798858
30,79.99900000642742,79.99900000642742,-12.0,0.1279752031260481,0.2841002786110772,0.2822795526155535,0.1661318856363642,10.265083894661664,9.519868923181036,14.427046379797588,66.36466045777932
30,79.99900000642742,79.99900000642742,-12.0,0.1278636326719471,0.2982779844841257,0.2752599342477106,0.1759376675181245,14.207065578173458,28.89614300044436,13.487182073948343,132.51031415813404
30,79.99900000642742,79.99900000642742,-12.0,0.1321393694905409,0.2935829948310357,0.0966911479224076,0.1147074872619946,10.38196939351682,9.255148137423085,89.49602665547957,104.12781819216885
30,79.99900000642742,79.99900000642742,-12.0,0.0927308055528979,0.2935790271884564,0.1957805034199803,0.1575606511904362,3.628177858650997,9.549282387639376,5.363779215696752,68.16876002867939
30,79.99900000642742,79.99900000642742,-12.0,0.1338419671509802,0.2975033488407099,0.2893470465821596,0.1316252524111286,14.308241013939009,4.705173216597,13.46849082108556,66.27243085160205
30,79.99900000642742,79.99900000642742,-12.0,0.1009733644013095,0.2985555876016122,0.3079430927002956,0.1590660226528083,3.628177858650997,4.251771793612187,5.805117402312802,66.27243085160205
30,79.99900000642742,79.99900000642742,-12.0,0.1387422325224685,0.2837623656820311,0.2769736593091957,0.1979873850893726,15.25565593841426,39.2254883997989,4.4231978755761245,94.96050700568703
30,79.99900000642742,79.99900000642742,-12.0,0.1319437295809147,0.2397030732053351,0.1249166329211547,0.1426843492698662,10.313400086629953,11.821060374292982,4.078338793948543,81.38738325374909
30,79.99900000642742,79.99900000642742,-12.0,0.112843276101416,0.3090250741885167,0.1218618259666721,0.1677240689392431,3.871806741126664,5.454870244348324,13.083871065511175,65.43437664331034
30,79.99900000642742,79.99900000642742,-12.0,0.0951111076720644,0.2975180479029804,0.1469011889546465,0.1646142751791796,11.62465455214824,26.483876516746538,75.99365962887849,114.00525939798858
30,79.99900000642742,79.99900000642742,-12.0,0.1275792882869044,0.2982687106376578,0.2887875765749366,0.1664658836199042,14.080917415779554,27.31565363547957,6.952751015986459,68.14488667680732
30,79.99900000642742,79.99900000642742,-12.0,0.0991916929807488,0.2989656464973171,0.1383980876757423,0.2003804821272106,14.713059373288564,4.398352578427991,2.0405398942586164,65.50700140956151
30,79.99900000642742,79.99900000642742,-12.0,0.0994295941239836,0.289101141683841,0.2907751147709183,0.140004262915857,14.57987695769819,25.660698378280937,7.020034277867289,66.27243085160205
30,79.99900000642742,79.99900000642742,-12.0,0.1321393694905409,0.2838017413844561,0.1901854606316554,0.1666725199413375,10.38196939351682,9.255148137423085,85.49878709338503,104.12781819216885
30,79.99900000642742,79.99900000642742,-12.0,0.1329632340799846,0.2741590680532413,0.178789811244283,0.1157861378729956,11.668015265687398,13.23040382813834,6.590447053451868,118.45296020026774
30,79.99900000642742,79.99900000642742,-12.0,0.1004969751975004,0.2985686380348101,0.1957805034199803,0.141790196835985,3.747823009666975,4.486595615677146,5.363779215696752,68.19977437019422
31,79.99900000642742,79.99900000642742,-12.0,0.1276810287726686,0.2982779844841257,0.2752599342477106,0.1759376675181245,14.30426412356465,29.45052125937193,13.487182073948343,132.51031415813404
31,79.99900000642742,79.99900000642742,-12.0,0.1009429619850743,0.2939966164058495,0.1957805034199803,0.1592616972801059,3.628177858650997,9.607960274497026,5.805117402312802,66.29218719539584
31,79.99900000642742,79.99900000642742,-12.0,0.0942509963143433,0.297519670807866,0.1215797637000626,0.1670666022284225,14.179956518839624,35.64985404310425,77.42929016953454,112.20762345902956
31,79.99900000642742,79.99900000642742,-12.0,0.1320808200393471,0.2949478755786087,0.0817277678256121,0.1325860607230134,10.317462417652418,37.34847406224274,6.032066180063,93.97420276251503
31,79.99900000642742,79.99900000642742,-12.0,0.1279752031260481,0.2841002786110772,0.2822795526155535,0.1661318856363642,10.265083894661664,9.519868923181036,14.4589761693358,114.08094364181314
31,79.99900000642742,79.99900000642742,-12.0,0.1276293736397192,0.297842521985769,0.1630334460843625,0.1406336522648062,17.302266107283206,2.446674198077402,5.169003828113318,106.72831633991755
31,79.99900000642742,79.99900000642742,-12.0,0.1339194897602113,0.2975657384512978,0.1456504646818305,0.1180432528422913,11.62465455214824,26.93302311482512,5.421767806000667,113.9095006358387
31,79.99900000642742,79.99900000642742,-12.0,0.1275792882869044,0.2981671575250768,0.298041446468188,0.1370748304513649,10.299935865389587,9.60423473584169,6.952751015986459,104.69447940187924
31,79.99900000642742,79.99900000642742,-12.0,0.1427328618550032,0.2742935624667068,0.1594091417210909,0.0952231898108718,17.245807124215453,13.23040382813834,3.148540427853092,65.86499239659864
31,79.99900000642742,79.99900000642742,-12.0,0.1291715447947767,0.2976048954020486,0.1362778665653511,0.1655309167925114,14.202645916686444,42.88764597793263,4.109282378602124,106.95604647082682
31,79.99900000642742,79.99900000642742,-12.0,0.1322422742461587,0.2935829948310357,0.0966911479224076,0.1147074872619946,10.38196939351682,9.255148137423085,88.07839970669144,104.12781819216885
31,79.99900000642742,79.99900000642742,-12.0,0.0993390911702942,0.2985478920877407,0.1211377486188087,0.1426843492698662,14.099132889388866,11.848532665134435,74.56040047053303,81.35474097862092
31,79.99900000642742,79.99900000642742,-12.0,0.1314497117503707,0.3063849256212419,0.1225874781375697,0.1995795683922513,9.029211602024422,19.07275243055345,13.083871065511175,94.5573178823783
31,79.99900000642742,79.99900000642742,-12.0,0.1279102335866409,0.2408894233083686,0.123193898938094,0.1425831664211964,16.624142745954444,9.20340331073029,96.89261030606582,81.50635778318181
31,79.99900000642742,79.99900000642742,-12.0,0.1228152541080135,0.29766017560576,0.1471159949702986,0.1666359339126937,13.996028710777576,5.157152749730399,33.657284596389566,66.35321898794214
31,79.99900000642742,79.99900000642742,-12.0,0.1319645777034495,0.297012272574101,0.3093027071976996,0.1326171494301362,10.17929949364763,11.83213895568795,3.5930741345286066,100.85282786569988
31,79.99900000642742,79.99900000642742,-12.0,0.1008394722448209,0.2985555876016122,0.1071057750897215,0.1536533360470642,3.628177858650997,3.9220362623484153,5.805117402312802,66.27243085160205
31,79.99900000642742,79.99900000642742,-12.0,0.1329197315092594,0.2975180479029804,0.3078724010585741,0.1589340020288015,11.62465455214824,27.623553254030167,75.54486715860494,113.85649010273
31,79.99900000642742,79.99900000642742,-12.0,0.1251415776870875,0.2829602074298019,0.2891893812210703,0.1655318440424153,15.258325475525671,13.244924786999132,6.112492059034087,65.83756576661798
31,79.99900000642742,79.99900000642742,-12.0,0.1291715447947767,0.2979852342732063,0.1362778665653511,0.1661309583864602,15.399388122753273,42.76680097058578,4.007692629454029,106.95604647082682
32,79.99900000642742,79.99900000642742,-12.0,0.1314609666511186,0.3065997078677285,0.1249669734601143,0.1986191817932103,9.21566698712013,4.34932577773235,95.71435970673,117.20840506215882
32,79.99900000642742,79.99900000642742,-12.0,0.1224231356998253,0.3068129735661652,0.1471159949702986,0.1666359339126937,13.996028710777576,12.14476638541185,77.04624603888253,65.55672334589319
32,79.99900000642742,79.99900000642742,-12.0,0.1307604715611542,0.2578300447255183,0.1823115312356224,0.1626308675383716,13.46698033989347,3.2650777748228688,95.71816247631284,106.72831633991755
32,79.99900000642742,79.99900000642742,-12.0,0.1006655819886815,0.2985410743162151,0.121901753654436,0.1670666022284225,3.9267918937833945,34.95843074488727,77.42929016953454,112.20762345902956
32,79.99900000642742,79.99900000642742,-12.0,0.1658771398427252,0.2833405463009597,0.2853388803625567,0.1654458108107346,14.211013437905324,13.019612115749265,6.010902309885264,65.83756576661798
32,79.99900000642742,79.99900000642742,-12.0,0.1008394722448209,0.2985555876016122,0.1071057750897215,0.1536533360470642,3.558982246337446,3.9220362623484153,5.805117402312802,66.24996054415878
32,79.99900000642742,79.99900000642742,-12.0,0.0944248865704829,0.2975341840932631,0.1067837851353589,0.1344256440179241,13.88137839113466,3.9220362623484153,15.356648007622024,66.27243085160205
32,79.99900000642742,79.99900000642742,-12.0,0.1321393694905409,0.284033709417725,0.1914822005881225,0.1666725199413375,10.38196939351682,9.255148137423085,85.49878709338503,104.12781819216885
32,79.99900000642742,79.99900000642742,-12.0,0.0994295941239836,0.2892116472536366,0.2907751147709183,0.1323584704833643,10.414859877745084,25.660698378280937,8.42490553354144,102.02898938827576
32,79.99900000642742,79.99900000642742,-12.0,0.0991916929807488,0.2989656464973171,0.1383980876757423,0.2003804821272106,14.782334972252269,4.398352578427991,2.0405398942586164,51.5903543169246
32,79.99900000642742,79.99900000642742,-12.0,0.1276796941606855,0.3043827411875798,0.1249166329211547,0.1426843492698662,10.295752699838395,11.821060374292982,4.13731868197328,157.1790994745972
32,79.99900000642742,79.99900000642742,-12.0,0.1321273635863178,0.2397323633224643,0.3075717605617204,0.1756420260430901,10.2829355279405,9.214481892125256,13.232880231947462,100.53153258276603
32,79.99900000642742,79.99900000642742,-12.0,0.1124240983727936,0.2894275653005909,0.1165489205943292,0.1990525584279606,0.8154791092844205,2.033070361685202,13.083871065511175,94.5573178823783
32,79.99900000642742,79.99900000642742,-12.0,0.1318819002961763,0.236372060926618,0.2855385404860068,0.1664658836199042,14.224712964965024,27.354600233006597,6.7185816209017375,82.68663609604117
32,79.99900000642742,79.99900000642742,-12.0,0.1275182428898004,0.2982779844841257,0.3099919800187387,0.1328116080584214,14.30426412356465,29.45052125937193,96.0264667899412,136.82964904751952
32,79.99900000642742,79.99900000642742,-12.0,0.1291600588340216,0.2935829948310357,0.1389263475701601,0.1321783448232558,10.38196939351682,9.255148137423085,89.95511179297458,104.2420068997737
32,79.99900000642742,79.99900000642742,-12.0,0.1514389720722933,0.2841002786110772,0.2822795526155535,0.1661318856363642,10.228113592463949,9.519868923181036,14.401812906314142,114.08094364181314
32,79.99900000642742,79.99900000642742,-12.0,0.1280010932480027,0.2982779844841257,0.274985819200332,0.1672159200042592,14.30426412356465,29.45052125937193,13.487182073948343,117.4750996756532
32,79.99900000642742,79.99900000642742,-12.0,0.1319645777034495,0.297012272574101,0.3093027071976996,0.1325860168045012,10.17929949364763,11.582791317054172,3.125605283529981,101.23718599896276
32,79.99900000642742,79.99900000642742,-12.0,0.127985739627121,0.2840920106895038,0.2822827033678142,0.1661318856363642,10.308104770635325,13.019612115749265,14.382249091164136,65.83756576661798
32,79.99900000642742,79.99900000642742,-12.0,0.1318615969112908,0.2975069064347402,0.1943198120797101,0.1638306263223027,7.0921059625945775,4.486595615677146,5.363779215696752,68.19977437019422
32,79.99900000642742,79.99900000642742,-12.0,0.1228152541080135,0.2975058028752019,0.1471159949702986,0.1402087828849299,17.12406463352904,5.157152749730399,33.68921425540216,78.48829874202576
32,79.99900000642742,79.99900000642742,-12.0,0.1373235878715838,0.263473864470984,0.2891862304688096,0.1661318856363642,15.224109050513311,9.519868923181036,1.1367087655830108,114.08094364181314
33,79.99900000642742,79.99900000642742,-12.0,0.1314655955058872,0.3043827411875798,0.151559026667648,0.1415360264819853,10.295752699838395,11.821060374292982,4.635874627588549,157.1790994745972
33,79.99900000642742,79.99900000642742,-12.0,0.1340935744386557,0.2831439742683049,0.1130264153468866,0.166752898286574,10.19538755826343,9.255148137423085,85.49878709338503,104.12781819216885
33,79.99900000642742,79.99900000642742,-12.0,0.1276203147941652,0.2982779070438422,0.2752599342477106,0.1762247348583572,14.30426412356465,29.45052125937193,13.487182073948343,132.51031415813404
33,79.99900000642742,79.99900000642742,-12.0,0.1314609666511186,0.3065997078677285,0.1249625665586198,0.1986595596545924,14.202036369491733,4.34932577773235,95.71435970673,112.24228993712094
33,79.99900000642742,79.99900000642742,-12.0,0.1339357919670718,0.2976231932240986,0.3234289079911641,0.1351588843516701,10.173486065977784,11.138187679552695,5.421767806000667,119.91520691411456
33,79.99900000642742,79.99900000642742,-12.0,0.1471939302178352,0.2981671575250768,0.2949858665070988,0.1370748304513649,10.372717661322737,9.60423473584169,6.3788851312266885,104.69447940187924
33,79.99900000642742,79.99900000642742,-12.0,0.0942509963143433,0.297519670807866,0.0841885544127209,0.1670262243670405,12.342962997087444,35.64985404310425,77.42929016953454,117.17373858406742
33,79.99900000642742,79.99900000642742,-12.0,0.1276843348811881,0.3043827411875798,0.3030158913033107,0.1297868818687743,14.119482648979854,30.069321069572588,4.13731868197328,156.99099464548897
33,79.99900000642742,79.99900000642742,-12.0,0.1290407133858145,0.2935829948310357,0.1368664086854011,0.1321783448232558,10.38196939351682,9.255148137423085,89.48234164861248,99.71246806689558
33,79.99900000642742,79.99900000642742,-12.0,0.11345166835259,0.2974333049979406,0.1221709350613408,0.1669185381277255,0.7854956405816063,4.040341152509177,95.66269902947892,116.78515634017272
33,79.99900000642742,79.99900000642742,-12.0,0.1334940078293323,0.2534953847558499,0.1816455883440242,0.1666359339126937,14.00599961074768,5.141695897129137,95.65079325059789,106.72831633991755
33,79.99900000642742,79.99900000642742,-12.0,0.0983804739669881,0.2989370984948515,0.0947568321485352,0.1323257339222801,10.317462417652418,5.94208519398414,1.802872015341737,51.77232676676798
33,79.99900000642742,79.99900000642742,-12.0,0.1226515751254756,0.3019948355754285,0.1477819378619033,0.1666359339126937,13.420039137725643,3.2805346274253546,26.88003058785591,66.35321898794214
33,79.99900000642742,79.99900000642742,-12.0,0.1279752031260481,0.2975374380736268,0.2889294225021072,0.1661318856363642,10.265083894661664,4.636189462547598,14.4589761693358,114.08094364181314
33,79.99900000642742,79.99900000642742,-12.0,0.1291262662545886,0.2935829948310357,0.1419822640822595,0.1321783448232558,10.309187597583673,20.328864925119117,90.70692857076028,104.2420068997737
33,79.99900000642742,79.99900000642742,-12.0,0.1315910853780437,0.2894926056095533,0.1165489205943292,0.1990525584279606,3.126951292979859,2.087107251647731,13.1513793348812,94.9805666043644
33,79.99900000642742,79.99900000642742,-12.0,0.1322587149387479,0.2935829948310357,0.1922453995422864,0.1321783448232558,10.38196939351682,9.255148137423085,89.96879679984167,104.2420068997737
33,79.99900000642742,79.99900000642742,-12.0,0.1117641581033285,0.2889846287142577,0.1165489205943292,0.1990525584279606,0.8154791092844205,2.033070361685202,18.19744594986163,94.5573178823783
33,79.99900000642742,79.99900000642742,-12.0,0.1271902836045671,0.2985555876016122,0.1071057750897215,0.1536533360470642,18.4018353780702,3.9220362623484153,14.406211830730854,66.315546890288
34,79.99900000642742,79.99900000642742,-12.0,0.0988138075876159,0.297480292049478,0.086117083940069,0.200685849958435,12.226693816627996,4.1813423362671145,2.0405398942586164,66.68171719281635
34,79.99900000642742,79.99900000642742,-12.0,0.1315477069806628,0.2344676415663761,0.1477819378619033,0.1666359339126937,9.127574560294129,4.450523390822766,26.88003058785591,66.35321898794214
34,79.99900000642742,79.99900000642742,-12.0,0.1324089607688643,0.2973231969824122,0.2893470465821596,0.1316252524111286,17.141632595493746,4.451393323528303,13.46849082108556,65.80007647002385
34,79.99900000642742,79.99900000642742,-12.0,0.1004969751975004,0.2985597295113449,0.1957805034199803,0.1998035413924813,14.123914236676413,4.486595615677146,5.407506645140856,68.41781888458478
34,79.99900000642742,79.99900000642742,-12.0,0.1495277163315491,0.3412080985561604,0.151493564246253,0.1344914683750879,10.296461544837872,11.821060374292982,4.635874627588549,157.1790994745972
34,79.99900000642742,79.99900000642742,-12.0,0.1658771398427252,0.3480303650628046,0.2853388803625567,0.1654458108107346,14.211013437905324,11.217588255897295,6.010902309885264,64.52574379754459
34,79.99900000642742,79.99900000642742,-12.0,0.1340935744386557,0.2831504133438423,0.1093649292656565,0.1654568703611418,14.181928031799314,13.246370399249376,14.11872187126422,65.16326287830911
34,79.99900000642742,79.99900000642742,-12.0,0.1319817417496506,0.2989033640210343,0.311171544484518,0.1354636368855964,10.17929949364763,20.140855046370586,93.37051659658631,104.22855652990364
34,79.99900000642742,79.99900000642742,-12.0,0.1658771398427252,0.2833341072254222,0.2804439199657562,0.1667418387361668,10.22447296436946,9.0283898539233,82.97847176033335,107.27523694590384
34,79.99900000642742,79.99900000642742,-12.0,0.1290168643870218,0.2934786135831341,0.3234289079911641,0.1322923049287544,10.173486065977784,9.255656973113568,85.92217619241336,119.91520691411456
34,79.99900000642742,79.99900000642742,-12.0,0.0942509963143433,0.3323618522006852,0.0841885544127209,0.1670262243670405,12.342962997087444,35.64985404310425,77.42929016953454,117.17373858406742
34,79.99900000642742,79.99900000642742,-12.0,0.1314609666511186,0.3065997078677285,0.1249625665586198,0.1986595596545924,5.618650269192244,4.34932577773235,96.64362183567928,112.24228993712094
34,79.99900000642742,79.99900000642742,-12.0,0.1333303288467944,0.2578300447255183,0.1810475288876325,0.16675273395392,13.43001003769575,8.832827814539357,95.65079325059789,106.72831633991755
34,79.99900000642742,79.99900000642742,-12.0,0.1006655819886815,0.2985410743162151,0.124905049764604,0.1659310348010187,3.918101115230145,34.95843074488727,95.34751083953138,112.20762345902956
34,79.99900000642742,79.99900000642742,-12.0,0.1340935744386557,0.2831439742683049,0.1142904409139916,0.1666360982453478,10.19538755826343,3.687398703547484,85.49878709338503,104.12781819216885
34,79.99900000642742,79.99900000642742,-12.0,0.1225648347959314,0.3023018100781497,0.1004377730234442,0.1986191817932103,13.50813156455204,3.179337014334952,95.71435970673,117.20840506215882
34,79.99900000642742,79.99900000642742,-12.0,0.1334940078293323,0.2983391346477342,0.1811167748608289,0.1666359339126937,13.825034286543838,5.141695897129137,100.22363461681834,107.01618837922116
34,79.99900000642742,79.99900000642742,-12.0,0.1619247672465204,0.3065997078677285,0.1219636773499462,0.1997547492206144,0.345514358321072,4.34932577773235,77.79613903673315,117.20840506215882
34,79.99900000642742,79.99900000642742,-12.0,0.1276343451197065,0.2982779070438422,0.0950464300213347,0.1762247348583572,14.30426412356465,29.45052125937193,45.22196289951498,132.51031415813404
34,79.99900000642742,79.99900000642742,-12.0,0.1314655955058872,0.3051028368068677,0.1509414144879262,0.1680710272409845,10.295752699838395,11.821060374292982,4.635874627588549,157.1790994745972
34,79.99900000642742,79.99900000642742,-12.0,0.1112056605269156,0.2889846287142577,0.1165489205943292,0.2033833365313082,0.5823109830017632,2.033070361685202,13.474712109219585,67.34941919275091
35,79.99900000642742,79.99900000642742,-12.0,0.1239952484388296,0.2975151931634263,0.2845665374376978,0.1316161068017403,10.38196939351682,9.255148137423085,88.89039018157067,104.2420068997737
35,79.99900000642742,79.99900000642742,-12.0,0.1323235550834469,0.2974983453069031,0.1249669734601143,0.2009589452056119,3.096954550716747,5.621862387991854,79.02398786665628,116.36274019032672
35,79.99900000642742,79.99900000642742,-12.0,0.1340935744386557,0.2829458791246654,0.2850517105183377,0.1654568703611418,13.802923379073592,4.321583033734465,14.11872187126422,65.15463118738887
35,79.99900000642742,79.99900000642742,-12.0,0.1324089607688643,0.2977078830598868,0.1126227520668275,0.1316252524111286,17.099907195255444,13.629967523804144,13.46849082108556,66.2810625425223
35,79.99900000642742,79.99900000642742,-12.0,0.1280010932480027,0.297016438817004,0.274985819200332,0.1672159200042592,12.819196209451524,28.77283726018329,13.3024911294866,117.66611051964745
35,79.99900000642742,79.99900000642742,-12.0,0.1280403074524838,0.2842416133932262,0.0971547384749135,0.1323257339222801,10.317462417652418,9.423949739515782,6.032066180063,114.21227631703393
35,79.99900000642742,79.99900000642742,-12.0,0.159783295659336,0.2889846287142577,0.1165489205943292,0.1990525584279606,0.8154791092844205,2.033070361685202,6.073823075817803,94.5573178823783
35,79.99900000642742,79.99900000642742,-12.0,0.0991916929807488,0.2989656464973171,0.1383980876757423,0.2890109005142563,14.713059373288564,4.580962385757839,2.0405398942586164,119.01232123070744
35,79.99900000642742,79.99900000642742,-12.0,0.1711286671739885,0.2985597295113449,0.1957805034199803,0.1998035413924813,10.184528050622012,4.486595615677146,5.407506645140856,68.41781888458478
35,79.99900000642742,79.99900000642742,-12.0,0.1495277163315491,0.3412080985561604,0.151493564246253,0.1104173259352777,10.296461544837872,11.585521350415846,4.635874627588549,103.91993283552516
35,79.99900000642742,79.99900000642742,-12.0,0.1094242703822273,0.3065997078677285,0.1448360328411098,0.1997547492206144,0.345514358321072,4.34932577773235,80.24360127593255,117.20840506215882
35,79.99900000642742,79.99900000642742,-12.0,0.0973149367066646,0.2831439742683049,0.1146496524546371,0.1667363607652447,13.910969496611768,29.0838955269416,11.092485838340004,127.80778344572636
35,79.99900000642742,79.99900000642742,-12.0,0.1323707792649514,0.2973231969824122,0.2893470465821596,0.1326447860627408,10.092146093169765,4.451393323528303,13.46849082108556,65.80007647002385
35,79.99900000642742,79.99900000642742,-12.0,0.0942509963143433,0.3323618522006852,0.0841885544127209,0.1687499882163241,12.342962997087444,35.47641447052173,77.42929016953454,65.14166755878011
35,79.99900000642742,79.99900000642742,-12.0,0.1327054736200439,0.2578300447255183,0.1350817619402773,0.1646547821334646,13.43001003769575,7.674066432929502,76.24680879317094,114.58452665656276
35,79.99900000642742,79.99900000642742,-12.0,0.1334106936544928,0.2975180479029804,0.1799338397729116,0.1239865984215402,11.62465455214824,28.44742668751615,94.9488516160319,106.1490490813434
35,79.99900000642742,79.99900000642742,-12.0,0.1335746539830447,0.2957015805338177,0.1944795553886577,0.1666359339126937,14.00599961074768,4.4702167448781305,95.65079325059789,106.72831633991755
35,79.99900000642742,79.99900000642742,-12.0,0.1314609666511186,0.3065997078677285,0.1249669734601143,0.2298631476139062,9.21566698712013,0.2980526988974175,95.71435970673,117.20840506215882
35,79.99900000642742,79.99900000642742,-12.0,0.0963602565838663,0.3043827411875798,0.151559026667648,0.1405164928303732,17.345239202265713,11.821060374292982,4.635874627588549,157.1790994745972
36,79.99900000642742,79.99900000642742,-12.0,0.1275792882869044,0.298174395310245,0.298041446468188,0.2070500239632902,12.17473985615332,9.783155457864796,2.231232459417869,104.69447940187924
36,79.99900000642742,79.99900000642742,-12.0,0.131042176621222,0.2992153997092651,0.1434292827543858,0.1666492960678609,10.265083894661664,4.636189462547598,27.010218672510515,114.08094364181314
36,79.99900000642742,79.99900000642742,-12.0,0.1117641581033285,0.3123176758128075,0.1112730284325711,0.2093004512292775,0.8154791092844205,2.59762157727698,43.97231532174222,94.15058863773775
36,79.99900000642742,79.99900000642742,-12.0,0.1324089607688643,0.2936091805217226,0.129260632966408,0.1316252524111286,8.186111968796501,9.282275578441771,13.46849082108556,105.39813360945732
36,79.99900000642742,79.99900000642742,-12.0,0.1321393694905409,0.2935829948310357,0.1901854606316554,0.1321783448232558,10.66284349493353,10.144828941119176,88.71657937232459,104.12781819216885
36,79.99900000642742,79.99900000642742,-12.0,0.1314609666511186,0.3065997078677285,0.1249669734601143,0.2378753422746862,9.21566698712013,0.2980526988974175,104.09551852239925,117.20840506215882
36,79.99900000642742,79.99900000642742,-12.0,0.1494034174222079,0.3065997078677285,0.1448360328411098,0.1805163285360711,0.345514358321072,4.34932577773235,80.24360127593255,103.94574200445057
36,79.99900000642742,79.99900000642742,-12.0,0.0971854199487603,0.2344676415663761,0.1477819378619033,0.1666359339126937,9.127574560294129,4.450523390822766,26.88003058785591,66.35321898794214
36,79.99900000642742,79.99900000642742,-12.0,0.1321393694905409,0.2925316539222149,0.1901854606316554,0.1321783448232558,10.39321707487698,4.57830142686162,11.3207995146722,80.72792862752044
36,79.99900000642742,79.99900000642742,-12.0,0.2065393349770455,0.2975069064347402,0.0881706154393498,0.1589350193051001,11.97328580914399,4.486595615677146,5.32271812571477,68.2566436166863
36,79.99900000642742,79.99900000642742,-12.0,0.1663534096972788,0.2975033488407099,0.2893470465821596,0.1316252524111286,17.141632595493746,4.705173216597,20.862522300072435,65.78493194413737
36,79.99900000642742,79.99900000642742,-12.0,0.1324089607688643,0.2973231969824122,0.2893470465821596,0.1316252524111286,17.141632595493746,4.451393323528303,13.46849082108556,66.28757537748852
36,79.99900000642742,79.99900000642742,-12.0,0.16616801844152,0.2975180479029804,0.1514428874767064,0.1646976697238981,11.62465455214824,3.1319385123405024,6.484520067649477,94.25943920965231
36,79.99900000642742,79.99900000642742,-12.0,0.1275811681188405,0.2970258385272383,0.274985819200332,0.1672159200042592,12.819196209451524,28.77283726018329,100.07491940067882,114.22227903091412
36,79.99900000642742,79.99900000642742,-12.0,0.0991911568635203,0.2974175548188807,0.1383980876757423,0.2003828060897312,12.244225727397245,4.397274775508412,2.0405398942586164,66.6887647696275
36,79.99900000642742,79.99900000642742,-12.0,0.1029577228617142,0.3323618522006852,0.0841885544127209,0.1670262243670405,12.062088895670732,34.76025133077994,78.20873745268952,117.17373858406742
36,79.99900000642742,79.99900000642742,-12.0,0.1340935744386557,0.2828523141439052,0.2850517105183377,0.1654568703611418,13.79167569771343,8.99842975068011,96.46974848343967,65.15463118738887
36,79.99900000642742,79.99900000642742,-12.0,0.1340935744386557,0.2831504133438423,0.1093508496558728,0.199296249755622,0.9134503545579014,13.246370399249376,14.343531092501232,65.16326287830911
36,79.99900000642742,79.99900000642742,-12.0,0.1095485696214941,0.3412080985561604,0.151493564246253,0.1104173259352777,10.296461544837872,13.405360041986889,4.635874627588549,117.1825958932334
36,79.99900000642742,79.99900000642742,-12.0,0.099411775187931,0.297480292049478,0.1925742659745844,0.200685849958435,7.345513970123416,4.1813423362671145,2.0816011215622043,66.62484794632427
37,79.99900000642742,79.99900000642742,-12.0,0.0950224311297451,0.298787606462173,0.2893470465821596,0.1326447860627408,9.548481681148193,3.748989281840446,13.46849082108556,68.46850952193981
37,79.99900000642742,79.99900000642742,-12.0,0.1315852374333193,0.233482828995743,0.190267688133708,0.1666359339126937,13.749158008842738,4.470104274907008,26.88003058785591,62.2710943202949
37,79.99900000642742,79.99900000642742,-12.0,0.1322553636355786,0.2935826702005918,0.1922453995422864,0.1321783448232558,6.666231187436803,9.255148137423085,89.96879679984167,104.2420068997737
37,79.99900000642742,79.99900000642742,-12.0,0.1324123120720337,0.2936095051521665,0.129260632966408,0.1316252524111286,10.478056296244873,9.282275578441771,13.46849082108556,105.39813360945732
37,79.99900000642742,79.99900000642742,-12.0,0.1391481405092066,0.2975065806522308,0.2893470465821596,0.1394254478777115,16.947521651232485,4.70331476004972,13.306636753485762,66.67484881258895
37,79.99900000642742,79.99900000642742,-12.0,0.099411775187931,0.2974798121502406,0.1931113049337446,0.200685849958435,7.345513970123416,4.1813423362671145,14.744162229216109,136.63480324649393
37,79.99900000642742,79.99900000642742,-12.0,0.1324089607688643,0.2973231969824122,0.2878375605612963,0.1316252524111286,14.11721834545008,4.451393323528303,5.534813842983803,75.1319549748508
37,79.99900000642742,79.99900000642742,-12.0,0.1315477069806628,0.2854560384514863,0.1477819378619033,0.1760427749920601,9.127574560294129,4.450523390822766,14.46683158151566,66.33325318621976
37,79.99900000642742,79.99900000642742,-12.0,0.0971854199487603,0.2936031737469656,0.1477819378619033,0.1328298754439116,1.0210488262932866,4.450523390822766,26.88003058785591,66.35321898794214
37,79.99900000642742,79.99900000642742,-12.0,0.131042176621222,0.2992153997092651,0.1434292827543858,0.1666492960678609,10.501310236063604,4.636189462547598,27.010218672510515,114.08094364181314
37,79.99900000642742,79.99900000642742,-12.0,0.0971854199487603,0.2344676415663761,0.1477819378619033,0.1666359339126937,9.107572149352642,4.450523390822766,26.88003058785591,67.11772819123784
37,79.99900000642742,79.99900000642742,-12.0,0.1275792882869044,0.2981671575250768,0.298041446468188,0.1370748304513649,10.319938276331072,9.60423473584169,6.952751015986459,103.92997019860692
37,79.99900000642742,79.99900000642742,-12.0,0.1275273150836809,0.297058901604719,0.274985819200332,0.2165355475681957,12.819196209451524,8.744618701582624,89.86724169693012,104.16927396250244
37,79.99900000642742,79.99900000642742,-12.0,0.1335371235303882,0.2957015805338177,0.1519938051170591,0.1666359339126937,9.384416162200113,4.450635860793888,95.65079325059789,110.81044100972684
37,79.99900000642742,79.99900000642742,-12.0,0.1337965752507081,0.2975180479029804,0.1094250412511954,0.1646976697238981,0.5612725516876527,2.909487667791611,5.614812736255008,66.15433551267668
37,79.99900000642742,79.99900000642742,-12.0,0.1664650176295156,0.2831504133438423,0.1513686964421075,0.199296249755622,12.052675219688432,13.46904155662104,15.21323963986097,93.26836657528538
37,79.99900000642742,79.99900000642742,-12.0,0.1117641581033285,0.3123176758128075,0.1183256664291173,0.2093004512292775,0.3312182165446076,2.59762157727698,43.97231532174222,94.15058863773775
37,79.99900000642742,79.99900000642742,-12.0,0.1711286671739885,0.2985597295113449,0.1239011465382936,0.2009670996388148,10.184528050622012,5.617246946821318,6.873735942855667,69.08813566609253
37,79.99900000642742,79.99900000642742,-12.0,0.0955589810513451,0.3322993716281848,0.084037445228255,0.1676361429166413,12.226693816627996,4.1813423362671145,2.481927750690275,66.68171719281635
37,79.99900000642742,79.99900000642742,-12.0,0.1095944183713937,0.2976601389367373,0.1448360328411098,0.1997547492206144,0.345514358321072,3.826268246792541,80.24360127593255,117.20840506215882
37,79.99900000642742,79.99900000642742,-12.0,0.164367218884407,0.2975180479029804,0.1514428874767064,0.1646976697238981,11.62465455214824,3.1319385123405024,6.484520067649477,94.25943920965231
37,79.99900000642742,79.99900000642742,-12.0,0.1327858384277423,0.2975185278022179,0.1502267493981595,0.1646976697238981,11.62465455214824,27.28857936118377,75.54486715860494,68.13711153777679
37,79.99900000642742,79.99900000642742,-12.0,0.1711958378300213,0.2975180479029804,0.151442896873344,0.1646976697238981,11.62465455214824,13.634245681317353,6.484520067649477,94.25943920965231
37,79.99900000642742,79.99900000642742,-12.0,0.1329791146691308,0.2977078830598868,0.1393213184149078,0.2028682154341692,12.147643888383032,13.71088275175022,13.46849082108556,104.96522433510845
37,79.99900000642742,79.99900000642742,-12.0,0.1022044164658561,0.3323618522006852,0.267097532471104,0.1670262243670405,12.062088895670732,34.76025133077994,70.16047224638498,117.17373858406742
37,79.99900000642742,79.99900000642742,-12.0,0.0988087130791098,0.2791838432371614,0.0862681931245365,0.2000759314088343,12.062088895670732,34.76025133077994,78.35556328350127,117.17373858406742
37,79.99900000642742,79.99900000642742,-12.0,0.1070418592213609,0.2985597295113449,0.1957805034199803,0.1998035413924813,17.14832848672008,4.486595615677146,13.341183772494494,72.07221636735052
38,79.99900000642742,79.99900000642742,-12.0,0.1335371235303882,0.2956610116902669,0.1519938051170591,0.1666359339126937,9.384416162200113,4.450635860793888,95.65079325059789,111.92062846646787
38,79.99900000642742,79.99900000642742,-12.0,0.1305924586527499,0.2359156170704572,0.084037445228255,0.1594039750473523,12.226693816627996,4.145749186303286,2.481927750690275,66.68171719281635
38,79.99900000642742,79.99900000642742,-12.0,0.1631713793848031,0.2975180479029804,0.1585551398515108,0.1697916564366983,11.62465455214824,16.89323907987024,44.05953242392084,94.25943920965231
38,79.99900000642742,79.99900000642742,-12.0,0.0988138075876159,0.2992226830110148,0.086117083940069,0.200685849958435,12.267776381256942,4.1813423362671145,27.69385902616292,64.96804416258912
38,79.99900000642742,79.99900000642742,-12.0,0.1711286671739885,0.2985597295113449,0.1239011465382936,0.2009670996388148,10.300570678123831,35.67362576928737,6.873735942855667,69.08813566609253
38,79.99900000642742,79.99900000642742,-12.0,0.0971854199487603,0.2344676415663761,0.1470273835445649,0.1666359339126937,9.127574560294129,4.450523390822766,28.4437319267393,66.35321898794214
38,79.99900000642742,79.99900000642742,-12.0,0.131042176621222,0.3240455718133029,0.1434292827543858,0.1666492960678609,10.46022767143466,4.636189462547598,1.4811954543591987,115.79461667406808
38,79.99900000642742,79.99900000642742,-12.0,0.09828736301033,0.3425111981805735,0.1477819378619033,0.1941211958597485,9.107572149352642,4.420601518007061,27.089091463408053,94.54343779240736
38,79.99900000642742,79.99900000642742,-12.0,0.1153510843003499,0.2957015805338177,0.1149270003104618,0.1666359339126937,9.384416162200113,4.450635860793888,16.704015086487757,67.87572512468753
38,79.99900000642742,79.99900000642742,-12.0,0.1095660894074544,0.2990615113902589,0.1448207671133045,0.1998086013969793,15.25940791299653,4.398352578427991,5.319184936133354,65.50700140956151
38,79.99900000642742,79.99900000642742,-12.0,0.1315477069806628,0.253034568276606,0.1180513793075574,0.1760427749920601,9.127574560294129,4.450523390822766,17.035845287759308,94.80845598003472
38,79.99900000642742,79.99900000642742,-12.0,0.0971854199487603,0.2344676415663761,0.147472493064599,0.1662772426238306,9.130278765289574,4.450523390822766,26.88003058785591,66.35321898794214
38,79.99900000642742,79.99900000642742,-12.0,0.1094242703822273,0.2867852815988205,0.1448360328411098,0.1997547492206144,0.345514358321072,2.4205326082802188,80.24360127593255,115.62522832515111
38,79.99900000642742,79.99900000642742,-12.0,0.0950224311297451,0.2977152461683692,0.2931469619617379,0.1313325080340699,9.548481681148193,3.748989281840446,13.46849082108556,75.8857058773078
38,79.99900000642742,79.99900000642742,-12.0,0.1323707792649514,0.2973231969824122,0.2893470465821596,0.1326447860627408,10.092146093169765,4.451393323528303,13.46849082108556,67.3832532081644
38,79.99900000642742,79.99900000642742,-12.0,0.1329791146691308,0.2987802433536907,0.1355221534632202,0.2041804947379675,12.147643888383032,13.71088275175022,13.46849082108556,103.48266607844332
38,79.99900000642742,79.99900000642742,-12.0,0.0952493691266797,0.2791838432371614,0.0870715493119608,0.2000759314088343,12.062088895670732,34.76025133077994,71.04283705454823,117.17373858406742
38,79.99900000642742,79.99900000642742,-12.0,0.096407173108466,0.2975642740437955,0.1384133534035476,0.2003266299508456,0.1888704870631752,3.826268246792541,77.5301390871426,117.20840506215882
38,79.99900000642742,79.99900000642742,-12.0,0.1070418592213609,0.2985597295113449,0.1956656182576976,0.1998035413924813,17.14832848672008,4.417450289122466,13.341183772494494,104.72391272472775
38,79.99900000642742,79.99900000642742,-12.0,0.1275792882869044,0.2974756367847104,0.298041446468188,0.1354123527961158,10.399389269044573,9.60423473584169,6.952751015986459,103.92997019860692
38,79.99900000642742,79.99900000642742,-12.0,0.1325887561608789,0.2978865855960829,0.2878375605612963,0.1316252524111286,12.047210652791,4.451393323528303,15.27285033964013,75.1319549748508
39,79.99900000642742,79.99900000642742,-12.0,0.1123242989876648,0.297480292049478,0.1586219032348815,0.200685849958435,11.621094779625263,4.135837593116011,2.0405398942586164,69.94369186422212
39,79.99900000642742,79.99900000642742,-12.0,0.1284671540649317,0.2977326435938774,0.2747444845666499,0.1340928646626807,9.52662796107034,28.77283726018329,100.07491940067882,119.4175913151467
39,79.99900000642742,79.99900000642742,-12.0,0.0988138075876159,0.2989819999563164,0.1315033672170035,0.200685849958435,12.218176453794424,9.040813157507152,27.69385902616292,64.96804416258912
39,79.99900000642742,79.99900000642742,-12.0,0.0979264928850582,0.3486876096523558,0.2936555004263658,0.1654458108107346,7.264992536171861,11.166736239190492,6.145514429459565,95.56593716014066
39,79.99900000642742,79.99900000642742,-12.0,0.1324123120720337,0.2936095051521665,0.3287772652985139,0.1310057670349033,10.478056296244873,9.282275578441771,12.469837758521102,105.38825142146813
39,79.99900000642742,79.99900000642742,-12.0,0.0986231398727758,0.2982614825671388,0.147472493064599,0.1662772426238306,13.63670202774758,0.580325472316142,5.355308169442987,75.18187356201939
39,79.99900000642742,79.99900000642742,-12.0,0.1107641808452696,0.2985389108940342,0.1513686964421075,0.199296249755622,12.052675219688432,12.831288811283276,15.21323963986097,93.26836657528538
39,79.99900000642742,79.99900000642742,-12.0,0.1652952645698291,0.2822716413865454,0.1448360328411098,0.1997547492206144,0.345514358321072,4.46403238912514,80.24360127593255,117.20840506215882
39,79.99900000642742,79.99900000642742,-12.0,0.0971854199487603,0.2344676415663761,0.1470273835445649,0.1666359339126937,12.800940343655228,4.450523390822766,28.4437319267393,106.83352991702414
39,79.99900000642742,79.99900000642742,-12.0,0.098322533794053,0.2973275722056777,0.086117083940069,0.1991097792875765,12.226693816627996,4.441936118018948,2.732947650605458,61.76351232621544
39,79.99900000642742,79.99900000642742,-12.0,0.0971854199487603,0.2932975683652252,0.0871757604274039,0.1999233656316618,1.0210488262932866,18.359631140992803,26.88003058785591,66.67862797752544
39,79.99900000642742,79.99900000642742,-12.0,0.1328620600358273,0.2974759168262125,0.2893470465821596,0.1342208570559456,10.092146093169765,4.190799541776471,12.777270750246489,67.3832532081644
39,79.99900000642742,79.99900000642742,-12.0,0.1386335980693775,0.2956610116902669,0.1631483386608378,0.1665483983768471,9.384416162200113,4.450635860793888,98.20827008922116,112.6670823873863
39,79.99900000642742,79.99900000642742,-12.0,0.1268240543164495,0.2970344374233559,0.1149270003104618,0.1665849504077782,9.384416162200113,0.2889011624916655,16.704015086487757,67.87572512468753
39,79.99900000642742,79.99900000642742,-12.0,0.1711286671739885,0.2985597295113449,0.1244913920906755,0.1437512399859179,10.181015871241534,5.617246946821318,6.876802457444616,69.08813566609253
39,79.99900000642742,79.99900000642742,-12.0,0.1161081981027409,0.2956929816377001,0.274985819200332,0.1672669035091747,12.819196209451524,28.77283726018329,89.42965804835922,114.22227903091412
39,79.99900000642742,79.99900000642742,-12.0,0.1494034174222079,0.3065997078677285,0.1446475025139119,0.1805163285360711,0.4940755371193037,4.34932577773235,88.88685742534499,103.94574200445057
39,79.99900000642742,79.99900000642742,-12.0,0.1321393694905409,0.2925316539222149,0.1901854606316554,0.1079687840227667,10.45956560521757,4.57830142686162,11.309167926841496,80.72792862752044
39,79.99900000642742,79.99900000642742,-12.0,0.0988138075876159,0.2992226830110148,0.086117083940069,0.200685849958435,12.267776381256942,4.1813423362671145,35.11238572743153,64.96804416258912
39,79.99900000642742,79.99900000642742,-12.0,0.1319860717941118,0.2974616547611239,0.1171818979120267,0.1354636368855964,10.17929949364763,3.8106871295710736,78.71815478818428,104.22855652990364
39,79.99900000642742,79.99900000642742,-12.0,0.0988087130791098,0.3040635529445307,0.0862681931245365,0.13453330845174,10.08723038773176,20.33943959274364,79.67315456367483,117.17373858406742
39,79.99900000642742,79.99900000642742,-12.0,0.1711958378300213,0.2947551886504645,0.1520175547600485,0.1647852052597448,11.62465455214824,13.634245681317353,6.484520067649477,93.51298528873389
39,79.99900000642742,79.99900000642742,-12.0,0.1712793408427584,0.3065218902373168,0.1237118957784133,0.1924358381043825,0.2452138009915305,4.34932577773235,86.43086612524756,117.20840506215882
40,79.99900000642742,79.99900000642742,-12.0,0.096407173108466,0.2828906560479115,0.1384133534035476,0.1677177065578817,0.1888704870631752,3.826268246792541,76.03109584333916,93.49543986698195
40,79.99900000642742,79.99900000642742,-12.0,0.1315183153397366,0.2935204561563524,0.1920385441606171,0.1760427749920601,9.127574560294129,4.301559027488252,17.035845287759308,94.80845598003472
40,79.99900000642742,79.99900000642742,-12.0,0.1329791146691308,0.2987802433536907,0.1355221534632202,0.2041804947379675,12.148115843229418,13.705410314532962,23.49647699425214,103.27844687969863
40,79.99900000642742,79.99900000642742,-12.0,0.098322533794053,0.2973275722056777,0.086117083940069,0.1991097792875765,12.226693816627996,4.441936118018948,2.7432680005349948,75.07266894720937
40,79.99900000642742,79.99900000642742,-12.0,0.1494034174222079,0.3065997078677285,0.1446475025139119,0.1805980799541948,0.4057405927873097,12.51453670474234,15.5952032133305,104.01187473959348
40,79.99900000642742,79.99900000642742,-12.0,0.1273704824842963,0.2974794076391591,0.1149270003104618,0.1665850017061014,12.3313356933448,4.502748929532716,16.96061243008093,67.87572512468753
40,79.99900000642742,79.99900000642742,-12.0,0.0938411538831592,0.2985597295113449,0.1956656182576976,0.1998035413924813,17.14832848672008,4.417450289122466,13.341183772494494,104.72391272472775
40,79.99900000642742,79.99900000642742,-12.0,0.096407173108466,0.2975611479100323,0.1354943194795027,0.200295139479358,0.1888704870631752,3.826268246792541,75.98795506105319,117.20840506215882
40,79.99900000642742,79.99900000642742,-12.0,0.1337057474906346,0.2992153997092651,0.1434292827543858,0.1647522612524511,10.11838219095688,2.982315063854953,25.6587890950174,114.08094364181314
40,79.99900000642742,79.99900000642742,-12.0,0.1321429916103709,0.2759376363987486,0.1235687238017428,0.2009918343548523,10.301621414559987,20.275652578487964,6.527934871023092,95.37124506312368
40,79.99900000642742,79.99900000642742,-12.0,0.1284671540649317,0.2977281012114815,0.2747444845666499,0.1340928646626807,9.52662796107034,4.95871142763121,100.07491940067882,119.4175913151467
40,79.99900000642742,79.99900000642742,-12.0,0.0985135729895622,0.3065997078677285,0.1448360328411098,0.1805163285360711,0.345514358321072,4.34932577773235,76.89687111610299,103.94574200445057
40,79.99900000642742,79.99900000642742,-12.0,0.1324089607688643,0.2973231969824122,0.2878375605612963,0.1316252524111286,14.00527982735878,4.451393323528303,5.524493494369515,61.82279835385689
40,79.99900000642742,79.99900000642742,-12.0,0.1319860717941118,0.2974935470686995,0.1175283874269034,0.1354636368855964,11.11697414060542,3.8106871295710736,78.71671950753874,104.22855652990364
40,79.99900000642742,79.99900000642742,-12.0,0.0971854199487603,0.2344676415663761,0.1471532711059102,0.1664997387636158,9.130278765289574,4.450523390822766,26.88003058785591,66.35321898794214
40,79.99900000642742,79.99900000642742,-12.0,0.1153510843003499,0.2957424958465232,0.1149270003104618,0.1666361082414462,9.384416162200113,4.450635860793888,16.704015086487757,67.87572512468753
40,79.99900000642742,79.99900000642742,-12.0,0.1123242989876648,0.2933773509847329,0.1586219032348815,0.1999187103063381,12.14632523340355,4.12874982353204,25.688986537533747,80.83271824123855
40,79.99900000642742,79.99900000642742,-12.0,0.1319860717941118,0.3300287396010208,0.0975103570553553,0.1354636368855964,11.719756505989782,3.215828452325515,78.71815478818428,104.22855652990364
40,79.99900000642742,79.99900000642742,-12.0,0.1094357940805329,0.3064324272408325,0.1384133534035476,0.2003169500714395,0.1888704870631752,3.7969105334753377,77.5301390871426,117.20840506215882
41,79.99900000642742,79.99900000642742,-12.0,0.1318297020918379,0.2973275722056777,0.0874235997668207,0.1990728663313772,12.226693816627996,4.441936118018948,6.664310350718533,75.07266894720937
41,79.99900000642742,79.99900000642742,-12.0,0.0985066985111548,0.3067525046489703,0.1448360328411098,0.1805163285360711,0.345514358321072,4.349543632670208,80.88081126506695,105.80471734860912
41,79.99900000642742,79.99900000642742,-12.0,0.0977327329172789,0.2344676415663761,0.1471532711059102,0.1664997387636158,0.0026854143971393,4.430406438963445,26.88003058785591,67.59570439353743
41,79.99900000642742,79.99900000642742,-12.0,0.1295014676456468,0.304046120560568,0.149951783879596,0.1622040350402344,10.321206184380175,13.46904155662104,15.21323963986097,93.28124868871896
41,79.99900000642742,79.99900000642742,-12.0,0.1123242989876648,0.2643975115936137,0.139191076447656,0.2006558681555328,13.00041275267036,4.135340738770606,67.72638822499498,69.94369186422212
41,79.99900000642742,79.99900000642742,-12.0,0.1711286671739885,0.2975090970274681,0.1241167754096414,0.2009670996388148,11.08167080623042,34.350208349396986,8.9193574556082,69.08813566609253
41,79.99900000642742,79.99900000642742,-12.0,0.1328620600358273,0.2832934066968619,0.2989852218562997,0.1342208570559456,12.089260317317455,4.32352947753018,12.777270750246489,92.36974793570732
41,79.99900000642742,79.99900000642742,-12.0,0.1324089607688643,0.2973554691337705,0.287902027413995,0.1316252524111286,13.928428779549389,12.939749679516956,5.37510280411235,62.72037489417064
41,79.99900000642742,79.99900000642742,-12.0,0.1070418592213609,0.2985597295113449,0.194993790839741,0.1998035413924813,17.14832848672008,4.417450289122466,12.953481400884977,104.72391272472775
41,79.99900000642742,79.99900000642742,-12.0,0.1691065415965595,0.23728199917746,0.1235687238017428,0.2009949954479657,12.033090449868244,20.275652578487964,6.527934871023092,95.3583629496901
41,79.99900000642742,79.99900000642742,-12.0,0.1107641808452696,0.2985066387426759,0.1513042529252542,0.199296249755622,12.129526267497823,4.342934975664511,15.362632140802717,92.3707900349754
41,79.99900000642742,79.99900000642742,-12.0,0.1124941251331042,0.3094590394732748,0.1435214139200969,0.1666492960678609,10.240663690865388,4.6275178998929,27.010218672510515,113.75362986563168
41,79.99900000642742,79.99900000642742,-12.0,0.1322553636355786,0.2935826702005918,0.1471161531702002,0.1321783448232558,6.46882748174891,9.255148137423085,24.939809343997304,106.89945848952932
41,79.99900000642742,79.99900000642742,-12.0,0.1093946409145273,0.3059012852360025,0.1440275408007826,0.1805163285360711,0.2697493880781021,4.34932577773235,80.24360127593255,105.30477996830577
41,79.99900000642742,79.99900000642742,-12.0,0.0971811524351114,0.2989665982156116,0.0884204317673132,0.1956505860457253,12.218176453794424,18.740456285645816,27.70746943678565,66.67646427979254
41,79.99900000642742,79.99900000642742,-12.0,0.1308723504757946,0.3091856369336747,0.1585297720691704,0.1999187103063381,12.170745437199828,4.137421386186738,25.688986537533747,81.16003201742029
41,79.99900000642742,79.99900000642742,-12.0,0.0978356712670534,0.3061033504286075,0.1392125185923925,0.1798750958499554,7.365024856116981,9.57712941099706,46.45347731352069,93.49543986698195
41,79.99900000642742,79.99900000642742,-12.0,0.0897714435531612,0.2973275722056777,0.0871710939468358,0.1991097792875765,12.132815320479036,18.332442994463257,2.7432680005349948,75.07266894720937
41,79.99900000642742,79.99900000642742,-12.0,0.1341095498301548,0.2994339101437476,0.1355221534632202,0.1589721143860568,12.147643888383032,17.21343676796089,43.6944093120714,113.62248743507747
41,79.99900000642742,79.99900000642742,-12.0,0.1088884811121043,0.3069491182883614,0.1384133534035476,0.2003169500714395,10.787566134232604,3.817027485334659,77.5301390871426,115.96591965747382
41,79.99900000642742,79.99900000642742,-12.0,0.127064368560579,0.2992153997092651,0.158198406837663,0.1666492960678609,10.501310236063604,4.636189462547598,27.774517197471248,93.5533245057234
41,79.99900000642742,79.99900000642742,-12.0,0.0988138075876159,0.2996804225880424,0.1323118592573307,0.200685849958435,9.786314933826398,9.040813157507152,27.69385902616292,57.332999641766094
42,79.99900000642742,79.99900000642742,-12.0,0.09879806156413,0.2989665982156116,0.0861129893792364,0.2007269865650019,12.218176453794424,28.15668633039039,26.706561034119467,58.43339122705499
42,79.99900000642742,79.99900000642742,-12.0,0.1320008244284646,0.2975090970274681,0.3432830514821568,0.2009670996388148,11.012355269089111,34.350208349396986,9.23451425732852,67.36108524195521
42,79.99900000642742,79.99900000642742,-12.0,0.1106001066003194,0.298645133481438,0.0874235997668207,0.1742443169888005,12.226693816627996,4.441936118018948,6.754823606234947,75.07266894720937
42,79.99900000642742,79.99900000642742,-12.0,0.1078662480634772,0.2978767529762613,0.1488764787355753,0.2005657489229334,16.6980517073371,4.416592462845045,26.48736029526352,103.71444655849272
42,79.99900000642742,79.99900000642742,-12.0,0.0985135729895622,0.3065997078677285,0.1448360328411098,0.2000302161423561,0.1095643174870593,4.186550520873206,10.831302220595845,103.94574200445057
42,79.99900000642742,79.99900000642742,-12.0,0.0988138075876159,0.3003899059014259,0.086117083940069,0.1678745102671003,12.226693816627996,4.1813423362671145,2.0405398942586164,66.68171719281635
42,79.99900000642742,79.99900000642742,-12.0,0.0868848630573137,0.3063174439514407,0.086117083940069,0.18117196235215,12.489390936299026,4.344117593126258,68.54000190307012,66.68171719281635
42,79.99900000642742,79.99900000642742,-12.0,0.0820524576786054,0.2989665982156116,0.0884019792031075,0.1991436989233058,12.226693741654486,18.129593664568603,27.70746943678565,66.63546786936743
42,79.99900000642742,79.99900000642742,-12.0,0.0971968984585974,0.297480292049478,0.0884245263281459,0.1956094494391584,12.226693816627996,4.746234245137218,3.0771244713798485,66.67651938698238
42,79.99900000642742,79.99900000642742,-12.0,0.1486198861164777,0.3098326993540357,0.2874675680261276,0.1316252524111286,15.549758096512443,4.451393323528303,4.263908260267364,61.82279835385689
42,79.99900000642742,79.99900000642742,-12.0,0.1319937763369554,0.2972213496182739,0.1516221712074822,0.186526757138536,12.052675219688432,12.831288811283276,15.122726422985288,93.26836657528538
42,79.99900000642742,79.99900000642742,-12.0,0.1135102497108531,0.2598981552374667,0.1951133626856429,0.1998035413924813,17.14832848672008,4.349780151228831,10.958414228508415,104.72391272472775
42,79.99900000642742,79.99900000642742,-12.0,0.1889183396075614,0.304046120560568,0.149951783879596,0.1622040350402344,10.321206184380175,13.46904155662104,15.21323963986097,93.28124868871896
42,79.99900000642742,79.99900000642742,-12.0,0.1322553636355786,0.2997110579685685,0.1471161531702002,0.1321783448232558,11.9992922603714,9.255148137423085,50.88125670584861,108.1177017453724
42,79.99900000642742,79.99900000642742,-12.0,0.1492767778591381,0.2832934066968619,0.1416208494868121,0.1342208570559456,9.888216316865613,4.350001769640015,12.777270750246489,92.7610790749108
42,79.99900000642742,79.99900000642742,-12.0,0.1321429916103709,0.2759376363987486,0.2876470520023217,0.2009918343548523,13.88656316754028,20.275652578487964,6.527934871023092,95.37124506312368
42,79.99900000642742,79.99900000642742,-12.0,0.1318297020918379,0.2973275722056777,0.0874235997668207,0.1991518759982627,12.226693816627996,0.6150536554756041,6.313622908272576,75.07266894720937
42,79.99900000642742,79.99900000642742,-12.0,0.0893406548750035,0.2344676415663761,0.1736797252994253,0.1986954303539134,9.189334207028526,4.450523390822766,2.8328421168775577,66.35321898794214
42,79.99900000642742,79.99900000642742,-12.0,0.1494034174222079,0.3065997078677285,0.1445279306693355,0.1805163285360711,0.4940755371193037,4.416995915625986,90.9227806574466,103.94574200445057
42,79.99900000642742,79.99900000642742,-12.0,0.1114754624618745,0.2641696659437355,0.1039228610827378,0.2006558681555328,13.00041275267036,3.369461975234012,67.72638822499498,96.02734275743536
42,79.99900000642742,79.99900000642742,-12.0,0.1324089607688643,0.3093262331039797,0.2847824167451234,0.1674011770218612,12.591767522545371,12.939749679516956,5.37510280411235,62.72037489417064
42,79.99900000642742,79.99900000642742,-12.0,0.1324089607688643,0.2973554691337705,0.1238265313758759,0.1316252524111286,10.3434870265691,12.939749679516956,5.37510280411235,62.72037489417064
42,79.99900000642742,79.99900000642742,-12.0,0.1711286671739885,0.2975090970274681,0.1241167754096414,0.2024823867097167,11.07002937669034,34.65131673495715,43.98724195539589,69.08813566609253
42,79.99900000642742,79.99900000642742,-12.0,0.098322533794053,0.2973275722056777,0.0846551070958679,0.1846410812869548,12.218176528767934,5.0528883769448765,2.732947650605458,61.804508736640535
43,79.99900000642742,79.99900000642742,-12.0,0.1319860717941118,0.2976442287319025,0.0975103570553553,0.1354636368855964,11.719756505989782,3.215828452325515,78.71815478818428,103.61610048884228
43,79.99900000642742,79.99900000642742,-12.0,0.1328666214588549,0.2839744691453105,0.3011442380187988,0.1363408925419559,11.015134258186404,4.32352947753018,29.990296227176323,66.23942198475777
43,79.99900000642742,79.99900000642742,-12.0,0.1276549036003867,0.2378508256058282,0.1904406831124115,0.1664710904450443,5.786090433495631,4.636189462547598,26.91237795362416,68.19425496716781
43,79.99900000642742,79.99900000642742,-12.0,0.1319860717941118,0.2739891568553607,0.2829475016809938,0.1354636368855964,13.872437248768572,3.5467268669321648,14.060359188069253,104.0352797542108
43,79.99900000642742,79.99900000642742,-12.0,0.0868848630573137,0.3063174439514407,0.086117083940069,0.18117196235215,12.489390936299026,4.344117593126258,68.54000190307012,68.95241809354563
43,79.99900000642742,79.99900000642742,-12.0,0.1321429916103709,0.3319772191444086,0.1063552968263154,0.2009918343548523,11.733882424761488,2.85832553212855,71.2493666225731,95.56452183881652
43,79.99900000642742,79.99900000642742,-12.0,0.1318620396099553,0.3064324272408325,0.1384133534035476,0.200383254073578,0.1888704870631752,37.04169014098103,86.57871730275305,117.20840506215882
43,79.99900000642742,79.99900000642742,-12.0,0.127064368560579,0.2992153997092651,0.158198406837663,0.1666492960678609,13.496098226718994,4.636189462547598,27.774517197471248,111.47863646834878
43,79.99900000642742,79.99900000642742,-12.0,0.0976451771688146,0.2344676415663761,0.147472493064599,0.1662772426238306,9.130278765289574,4.450523390822766,26.88003058785591,66.35321898794214
43,79.99900000642742,79.99900000642742,-12.0,0.1319937763369554,0.2934007126804565,0.1516221712074822,0.1861558924221893,11.619289809038316,4.393272609539728,17.016444299504958,93.06026708602924
43,79.99900000642742,79.99900000642742,-12.0,0.0996872865341983,0.3004196919237552,0.087425840154951,0.1678745102671003,12.226693816627996,4.1813423362671145,6.738398833659725,66.68171719281635
43,79.99900000642742,79.99900000642742,-12.0,0.098322533794053,0.2973116926073028,0.0857597481746312,0.2006127997994423,8.272722150641258,26.160125508277925,2.732947650605458,61.76351232621544
43,79.99900000642742,79.99900000642742,-12.0,0.132640635729082,0.2973410930941699,0.1920385441606171,0.1764136397084067,9.103118950883832,12.73957708706724,13.941431636873563,95.01655546929088
43,79.99900000642742,79.99900000642742,-12.0,0.0938411538831592,0.3018417778048738,0.1945174901344575,0.166638987696528,0.5870953871805913,4.417450289122466,21.162101681469235,112.8534767706186
43,79.99900000642742,79.99900000642742,-12.0,0.1708505001934532,0.2975090970274681,0.140991887954436,0.2033414799050724,11.06277057508239,36.89901567472829,53.44531662034386,68.38819292533583
43,79.99900000642742,79.99900000642742,-12.0,0.131996263005437,0.2968280345790196,0.3411240353196577,0.1988470643453371,12.08648132822016,34.350208349396986,22.3508791006421,93.49141119290516
43,79.99900000642742,79.99900000642742,-12.0,0.0817331674890206,0.3063174439514407,0.086117083940069,0.1812426075026233,16.576523570574555,4.344117593126258,69.49420093602208,66.68171719281635
43,79.99900000642742,79.99900000642742,-12.0,0.1324089607688643,0.3093262331039797,0.2847824167451234,0.1840929220661591,12.591767522545371,22.732832876698737,5.37510280411235,62.69767807773013
43,79.99900000642742,79.99900000642742,-12.0,0.0971422019692178,0.2958322156698136,0.1583245316723385,0.1666779443864323,10.69666827738757,4.430406438963445,27.742169831702995,92.9547739320931
44,79.99900000642742,79.99900000642742,-12.0,0.100343852112977,0.31709483085325,0.1590395863119105,0.1291517251944064,10.69666827738757,4.430406438963445,2.703673855615099,92.9547739320931
44,79.99900000642742,79.99900000642742,-12.0,0.0983280783387325,0.2989665982156116,0.0861129893792364,0.2007269865650019,12.218176453794424,5.123429835672997,27.005711569606284,58.562021863166855
44,79.99900000642742,79.99900000642742,-12.0,0.09879806156413,0.2517611995760674,0.0861129893792364,0.2007269865650019,12.218176453794424,28.15668633039039,26.706561034119467,62.46557915114795
44,79.99900000642742,79.99900000642742,-12.0,0.0987925170194504,0.2973275722056777,0.0846551070958679,0.1935913110825756,12.218176528767934,28.08722608616625,2.46150183763349,61.67587810052867
44,79.99900000642742,79.99900000642742,-12.0,0.1118507846344824,0.3094590394732748,0.1511625177900316,0.1328936272624374,10.240663690865388,4.6275178998929,5.010039439353033,112.38173097757335
44,79.99900000642742,79.99900000642742,-12.0,0.0812743821293613,0.2973231969824122,0.2878375605612963,0.1316909652288592,9.809222356415304,4.450614687287012,5.524493494369515,61.82279835385689
44,79.99900000642742,79.99900000642742,-12.0,0.1494034174222079,0.3065997078677285,0.1445279306693355,0.1805163285360711,0.1759901204603018,4.416995915625986,90.9227806574466,103.94574200445057
44,79.99900000642742,79.99900000642742,-12.0,0.1328666214588549,0.2840747410725158,0.3011442380187988,0.1342254303378607,11.006593825342568,4.45943144465005,29.990296227176323,66.23942198475777
44,79.99900000642742,79.99900000642742,-12.0,0.0971422019692178,0.2958129132751674,0.1596196143665768,0.1667523195906459,10.69666827738757,4.299860541906053,5.893818608295074,92.9547739320931
44,79.99900000642742,79.99900000642742,-12.0,0.1319860717941118,0.3007309115512915,0.1896305705220232,0.1354636368855964,11.762861295212035,3.215828452325515,28.40583672335831,103.61610048884228
44,79.99900000642742,79.99900000642742,-12.0,0.1320008244284646,0.2975090970274681,0.3428512777927308,0.2011475110003402,10.975085712741931,5.12493995093781,17.13909974024087,76.82155098594777
44,79.99900000642742,79.99900000642742,-12.0,0.1150641125831753,0.2968407911215364,0.3264908230689676,0.199046622760867,12.22341321708248,4.441936118018948,6.664310350718533,75.07266894720937
44,79.99900000642742,79.99900000642742,-12.0,0.1319860717941118,0.2739891568553607,0.3002302305900856,0.1156465675056258,13.872437248768572,3.5467268669321648,14.060359188069253,104.0352797542108
44,79.99900000642742,79.99900000642742,-12.0,0.1294927819219623,0.3605137589893464,0.1032051964669985,0.1622040350402344,10.321206184380175,13.46904155662104,25.679880931822503,97.02739075475134
44,79.99900000642742,79.99900000642742,-12.0,0.1568029513579137,0.2973275722056777,0.0874235997668207,0.1990728663313772,12.890143326543535,4.441936118018948,6.664310350718533,21.545454445353208
44,79.99900000642742,79.99900000642742,-12.0,0.1328666214588549,0.2839744691453105,0.3011442380187988,0.0981961884735926,11.015134258186404,3.243085372496537,77.52369904956733,66.77891207399597
44,79.99900000642742,79.99900000642742,-12.0,0.0817331674890206,0.3064381089740257,0.0864459239257246,0.1801965074154646,16.576523570574555,4.344117593126258,69.49420093602208,66.32880976046474
44,79.99900000642742,79.99900000642742,-12.0,0.1094357940805329,0.3063117622182474,0.1381127047086829,0.2013630501585982,0.1888704870631752,3.7969105334753377,77.5301390871426,117.56131249577491
44,79.99900000642742,79.99900000642742,-12.0,0.131996263005437,0.2973148156631609,0.094425675459368,0.1988733079158473,12.08976192776568,34.350208349396986,22.3508791006421,93.49141119290516
44,79.99900000642742,79.99900000642742,-12.0,0.1110961414140255,0.2935397585509987,0.1907434614663792,0.1759683997878465,9.127574560294129,4.432104924545644,16.991586178275412,94.80845598003472
45,79.99900000642742,79.99900000642742,-12.0,0.1114754624618745,0.2641696659437355,0.1039228610827378,0.200555373505526,9.99691955749224,3.266222566566205,7.428753816594568,22.39786954425509
45,79.99900000642742,79.99900000642742,-12.0,0.0971422019692178,0.2958129132751674,0.1580341154400552,0.2007737617826518,10.80306773940515,4.309492717815297,1.2394486467059058,95.82971230148844
45,79.99900000642742,79.99900000642742,-12.0,0.1504639306627292,0.2975069619539632,0.3428512777927308,0.2017844449232521,10.975085712741931,5.12493995093781,17.85065978953359,76.63117698003259
45,79.99900000642742,79.99900000642742,-12.0,0.098535674401586,0.2989300773104443,0.0884056393216961,0.1767279438126578,12.270931509403855,12.770638921986848,13.941431636873563,89.59397401492845
45,79.99900000642742,79.99900000642742,-12.0,0.1308443361990827,0.3053633249162114,0.1503545066906576,0.1329308039782413,10.248711897930512,4.6275178998929,4.011218251743266,112.38173097757335
45,79.99900000642742,79.99900000642742,-12.0,0.1324330443886575,0.2879909450224114,0.1900352661242462,0.2004126824607508,9.050363895274405,5.092368183552573,27.005711569606284,66.21740914075247
45,79.99900000642742,79.99900000642742,-12.0,0.1326356739874302,0.2975090970274681,0.1900354890441766,0.1479614379655127,11.0888311885037,35.86583548615691,29.74809753273078,68.38819292533583
45,79.99900000642742,79.99900000642742,-12.0,0.0817331674890206,0.3064381089740257,0.0864459239257246,0.1814334380647732,16.68294848093553,4.327144864862823,69.49420093602208,80.32695111467777
45,79.99900000642742,79.99900000642742,-12.0,0.1318802315387721,0.2939780033876628,0.0874235997668207,0.1781657787708408,10.967736034687602,4.441936118018948,6.664310350718533,65.8988223681706
45,79.99900000642742,79.99900000642742,-12.0,0.0985066985111548,0.3067525046489703,0.1616034195308254,0.1805163285360711,0.345514358321072,4.349543632670208,80.88081126506695,105.80471734860912
45,79.99900000642742,79.99900000642742,-12.0,0.1328666214588549,0.2839744691453105,0.4097879233393047,0.1363408925419559,12.555459413809386,4.303007191675016,5.805608603511141,66.09704343970282
45,79.99900000642742,79.99900000642742,-12.0,0.1295464407025416,0.3587725910624776,0.1061361750906825,0.0994815403843493,11.015134258186404,3.243085372496537,25.16028417630425,98.22179156821956
45,79.99900000642742,79.99900000642742,-12.0,0.100343852112977,0.31709483085325,0.0860332796652918,0.2004172305140668,2.7987715480329705,4.430406438963445,2.703673855615099,64.23267310281075
45,79.99900000642742,79.99900000642742,-12.0,0.1244625868669495,0.2840747410725158,0.3011442380187988,0.1342254303378607,11.006593825342568,4.45943144465005,29.990296227176323,66.23942198475777
45,79.99900000642742,79.99900000642742,-12.0,0.1328160920119206,0.2840747410725158,0.2441838953434426,0.2081378926014073,12.26555160728296,4.45943144465005,29.990296227176323,75.41326856379654
45,79.99900000642742,79.99900000642742,-12.0,0.1129925202295457,0.2976515398250299,0.1348360661848108,0.1354264601697926,11.711708298924655,56.10600647112077,80.0862987626877,103.61610048884228
45,79.99900000642742,79.99900000642742,-12.0,0.0988138075876159,0.2992226830110148,0.1592332641332199,0.1294203457270309,10.751997081305944,4.1813423362671145,35.11238572743153,93.690144991873
45,79.99900000642742,79.99900000642742,-12.0,0.1324089607688643,0.3093262331039797,0.3008788104174848,0.1840929220661591,11.05144236692239,22.754008668802484,29.5609173796062,62.840056622785085
45,79.99900000642742,79.99900000642742,-12.0,0.132185099771516,0.2992175347827701,0.158198406837663,0.1707738329340984,13.496098226718994,4.636189462547598,53.866150503353424,111.66901047426526
45,79.99900000642742,79.99900000642742,-12.0,0.0988138075876159,0.2992223703825505,0.0861616689728767,0.2006748103551712,12.459144393124763,4.1813423362671145,15.680338877585772,64.96804416258912
45,79.99900000642742,79.99900000642742,-12.0,0.1319860717941118,0.3007309115512915,0.1896305705220232,0.1342267062422442,11.656436384851176,3.232801180588951,28.40583672335831,103.61610048884228
45,79.99900000642742,79.99900000642742,-12.0,0.094917829035633,0.3018417778048738,0.1927357780701734,0.166638987696528,11.95490281731058,11.969813993131908,21.162101681469235,112.8534767706186
46,79.99900000642742,79.99900000642742,-12.0,0.1328666214588549,0.2812529075239337,0.1513406110476458,0.1375074740960114,12.555459413809386,4.304564347426658,25.94942489419215,66.09704343970282
46,79.99900000642742,79.99900000642742,-12.0,0.1092641980514188,0.2935645301910424,0.1485896829480165,0.1759683997878465,9.127574560294129,4.615933065344931,4.315219144453006,94.80845598003472
46,79.99900000642742,79.99900000642742,-12.0,0.1504639306627292,0.2975069619539632,0.3349827279781186,0.2017844449232521,13.297114707808491,5.12493995093781,24.505638063027604,76.63117698003259
46,79.99900000642742,79.99900000642742,-12.0,0.1364398838911495,0.2975090970274681,0.3428512777927308,0.2011475110003402,10.976112454534276,4.44339127339982,17.01580100451212,76.82155098594777
46,79.99900000642742,79.99900000642742,-12.0,0.0842225233138672,0.3090927914458916,0.1389100899669381,0.1814334380647732,17.075224894262355,4.325325155826386,69.49420093602208,80.32695111467777
46,79.99900000642742,79.99900000642742,-12.0,0.1324089607688643,0.3067159847211258,0.2873071709274898,0.1841440639655129,11.05144236692239,5.424528670105458,29.5609173796062,62.840056622785085
46,79.99900000642742,79.99900000642742,-12.0,0.1300701231867933,0.2957058360000298,0.2441838953434426,0.2081378926014073,12.24797109246017,4.45943144465005,29.19098770334925,75.41326856379654
46,79.99900000642742,79.99900000642742,-12.0,0.1328666214588549,0.2988306267758274,0.4097879233393047,0.1363408925419559,12.555803698595716,12.772645902960951,5.805608603511141,66.09704343970282
46,79.99900000642742,79.99900000642742,-12.0,0.0948064661754684,0.2841818183476534,0.1580341154400552,0.2007737617826518,10.82064825422794,4.309492717815297,2.15944344955264,95.82971230148844
46,79.99900000642742,79.99900000642742,-12.0,0.1146727637389181,0.2970076521624161,0.0877426708482146,0.199046622760867,12.226795208040718,4.680302207489653,6.664310350718533,75.07266894720937
46,79.99900000642742,79.99900000642742,-12.0,0.0985066985111548,0.3093627530318242,0.1476230055273412,0.1804651866367173,0.345514358321072,20.00221421115915,80.88081126506695,105.80471734860912
46,79.99900000642742,79.99900000642742,-12.0,0.1208102451053387,0.2968407911215364,0.3264908230689676,0.2017503769721489,4.1474827621944,4.441936118018948,6.664310350718533,75.07266894720937
46,79.99900000642742,79.99900000642742,-12.0,0.1004921998131351,0.31709483085325,0.1606007024093429,0.1291517251944064,10.784507300888244,4.521723239901593,3.829048821258695,92.95364527422036
46,79.99900000642742,79.99900000642742,-12.0,0.1126616478343967,0.308501790653309,0.1511625177900316,0.1328936272624374,10.240663690865388,4.6275178998929,4.999346674117405,112.38173097757335
46,79.99900000642742,79.99900000642742,-12.0,0.1326762795630853,0.3053385532761676,0.1925082852091911,0.1008544484171852,10.248711897930512,4.443689759093614,16.687672880801742,112.38173097757335
46,79.99900000642742,79.99900000642742,-12.0,0.1318479161895359,0.2973148156631609,0.1372368544131967,0.2471390092588602,12.001922904265005,34.26624426704178,3.5278904593491305,93.49253985077787
46,79.99900000642742,79.99900000642742,-12.0,0.1319860717941118,0.2877839765173628,0.1895618655396065,0.1209265128559699,11.656436384851176,3.1370529015340924,28.394760702971805,103.61610048884228
46,79.99900000642742,79.99900000642742,-12.0,0.1328817252949675,0.2972928877177654,0.1927357780701734,0.1661444994300397,11.952108219062149,11.969813993131908,21.162101681469235,112.4644537036282
46,79.99900000642742,79.99900000642742,-12.0,0.1078662480634772,0.3005983145976382,0.4073283232544474,0.1993991674569415,16.6980517073371,4.415035307093402,6.343789451432645,103.71444655849272
46,79.99900000642742,79.99900000642742,-12.0,0.1323350270868272,0.2973231969824122,0.2878375605612963,0.1277261543131878,11.86612826956495,4.451393323528303,6.137144434100772,96.26303444131516
46,79.99900000642742,79.99900000642742,-12.0,0.0825239336161911,0.2987997371747319,0.3292118170582294,0.1698635089557338,12.223311750696247,17.89129661211728,27.70746943678565,66.63546786936743
46,79.99900000642742,79.99900000642742,-12.0,0.0959049110291121,0.31709483085325,0.1590395863119105,0.1291517251944064,10.695641535595223,5.111955116501434,2.828339153715607,92.9547739320931
46,79.99900000642742,79.99900000642742,-12.0,0.1294927819219623,0.3605137589893464,0.1032051964669985,0.1622040350402344,7.820613053638179,13.46904155662104,25.679880931822503,97.02739075475134
46,79.99900000642742,79.99900000642742,-12.0,0.1324330443886575,0.3009378800563401,0.1900357324170214,0.2137129924844712,9.050363895274405,5.188116462618009,27.01678758999279,66.21740914075247
10,6416.9681188596,0.0,-12.0,0.1279102335866409,0.2891390328401632,0.282014892000445,0.6288372455572242,67.60575290030654,139.13897208679035,7.187889218854146,94.4959715474344
13,6416.9681188596,0.0,-12.0,0.1292468021629057,0.2848389389007272,0.1012819245736915,0.6315872111148167,67.43730178452783,240.65748889582835,5.768446944389533,95.5510244571418
16,6416.9681188596,0.0,-12.0,0.132973062580114,0.2894185942961723,0.2937829515097393,0.6299268457058815,67.43826578143444,139.07182102358996,32.451471697187834,126.6235190800135
18,6416.9681188596,0.0,-12.0,0.1283618864920783,0.2586799408883922,0.1012819245736915,0.6315872111148167,67.73441690865126,234.7061505573332,5.930736346330109,87.26135476047764
18,6416.9681188596,0.0,-12.0,0.1296915957621,0.2875065310652422,0.1012927847199074,0.631944061154807,67.79973748341465,138.53384961935055,5.808297983109057,193.2522112824334
18,6416.9681188596,0.0,-12.0,0.132973062580114,0.2894185942961723,0.2937829515097393,0.6299388359497337,67.44324809759283,139.07182102358996,32.451471697187834,113.92694747166809
19,6416.9681188596,0.0,-12.0,0.132973062580114,0.2894185942961723,0.2937829515097393,0.6299388359497337,67.44324809759283,232.7900836686219,31.89934383836411,113.92694747166809
20,6416.9681188596,0.0,-12.0,0.1323665841821109,0.2848389389007272,0.1012819245736915,0.6315872111148167,67.11606745109523,237.20839564421595,44.065107583355854,95.5510244571418
20,6416.9681188596,0.0,-12.0,0.1292468021629057,0.2847887859008726,0.101281936162077,0.6315872111148167,67.79248843225542,140.44441567218308,5.768446944389533,189.6213914546784
20,6416.9681188596,0.0,-12.0,0.1283618864920783,0.2586799408883922,0.1012819245736915,0.6315872111148167,67.73441690865126,238.5761178341589,5.930736346330109,87.26135476047764
21,6416.9681188596,0.0,-12.0,0.132973062580114,0.2596591213259146,0.2937829515097393,0.6299388359497337,67.46484049058178,234.84637617554657,31.89934383836411,113.92694747166809
21,6416.9681188596,0.0,-12.0,0.1295646099549242,0.2848389389007272,0.1012819245736915,0.6315872111148167,67.43730178452783,240.65748889582835,5.768446944389533,95.5510244571418
21,6416.9681188596,0.0,-12.0,0.132973062580114,0.2894185942961723,0.2937829515097393,0.6299268457058815,67.43826578143444,139.07182102358996,28.612953616909703,120.16284855098324
22,6416.9681188596,0.0,-12.0,0.132334398046158,0.2875352774852113,0.1012927960098988,0.6319421866534385,67.11606745109523,233.3213510428184,44.065107583355854,94.1207925125488
22,6416.9681188596,0.0,-12.0,0.1297237818980528,0.2848101924807582,0.1012819132837001,0.6315890856161852,67.79973748341465,138.53384961935055,5.808297983109057,192.67465613428504
23,6416.9681188596,0.0,-12.0,0.132973062580114,0.2894185942961723,0.2937829515097393,0.6299388359497337,67.44324809759283,232.7900836686219,31.81069062923773,113.92694747166809
24,6416.9681188596,0.0,-12.0,0.132334398046158,0.306240603667749,0.1012927960098988,0.6319421866534385,67.11606745109523,237.89829507669225,44.065107583355854,94.1207925125488
25,6416.9681188596,0.0,-12.0,0.132973062580114,0.2596591213259146,0.2937829515097393,0.6299280539544311,67.45627934725499,237.95934956941056,43.431553891445695,113.92694747166809
30,6416.9681188596,0.0,-12.0,0.132973062580114,0.2596591213259146,0.2937829515097393,0.6299280539544311,67.45627934725499,237.39233146694588,43.431553891445695,113.92694747166809
32,6416.9681188596,0.0,-12.0,0.132334398046158,0.3056309328928929,0.1012927960098988,0.6319421866534385,67.11606745109523,237.89829507669225,44.065107583355854,94.1207925125488
35,6416.9681188596,0.0,-12.0,0.1321341076818924,0.2942242218520786,0.1012927960098988,0.6319421866534385,67.11606745109523,237.89829507669225,43.35160940274547,103.85293377902497
38,6416.9681188596,0.0,-12.0,0.132334398046158,0.3056715017364437,0.1012927960098988,0.6319421866534385,67.11606745109523,237.89829507669225,44.065107583355854,94.58604719247694
40,6416.9681188596,0.0,-12.0,0.132334398046158,0.3056309328928929,0.1012927960098988,0.6319421866534385,67.11606745109523,233.85056872737712,44.065107583355854,94.1207925125488
42,6416.9681188596,0.0,-12.0,0.132334398046158,0.3056755401405698,0.1015266140522686,0.6319421866534385,67.11606745109523,237.27208573003725,44.065107583355854,94.37604726402132
43,6416.9681188596,0.0,-12.0,0.132334398046158,0.3056773767027599,0.1015266140522686,0.6319421866534385,67.11606745109523,237.9425403608968,44.065107583355854,94.11755679165046
46,6416.9681188596,0.0,-12.0,0.132334398046158,0.3056755401405698,0.1015266140522686,0.6319421866534385,67.11606745109523,237.27208573003725,43.88457352729777,94.37604726402132
