generation,l_max_kg_per_m,s_max_kg_per_m,constraint,x_00,x_01,x_02,x_03,x_04,x_05,x_06,x_07
2,191.83215794506484,191.83215794506484,-12.0,0.1828221362424592,0.25578582717564957,0.3284951149447441,0.2866004717122943,41.95610185445808,121.62468593386541,129.58686120091315,227.13220776622532
2,6416.968118859603,0.0,-12.0,0.12979007930631503,0.2894573338868143,0.1265312860185489,0.6090132757619521,67.79866651232535,42.13315004347251,5.808297983109057,110.11240136105633
2,5364.873619281667,200.81308986135903,-12.0,0.2075104787135914,0.19487780560676105,0.6034538004586512,0.4102525190693579,68.41017484235509,119.96233757328545,197.29976658824376,53.289422962011336
2,215.02112649669368,215.02112649669357,-12.0,0.1466271143160126,0.2677632983149414,0.20486015330162238,0.16802177703620674,70.74353394428815,218.5936728604233,37.98109615092585,86.05772825399896
2,2793.061428270783,203.9505655819204,-12.0,0.42383940865215547,0.6292885023192185,0.10535365643305519,0.36305809960984575,204.95154690477204,99.59718594193457,102.56901507167665,186.47109442746577
2,6416.968118859604,0.0,-12.0,0.29563909906707975,0.3465596690399802,0.330567153619415,0.6411844099400659,4.260676915609329,62.774721981829344,70.45380728791775,16.602210132390493
2,6416.968118859604,0.0,-12.0,0.32904577555513637,0.464726705325164,0.4838988911792306,0.6295125233012552,213.70743236741097,113.34872815812314,177.46168311730722,234.13922531644312
2,328.8372750812622,232.92640318256065,-12.0,0.2501221989806718,0.2344136102577809,0.16972094476880017,0.08927644285682292,164.3674724789374,70.61285029438343,189.81240195752895,191.0438252727953
2,2505.297621163402,217.8792070888325,-12.0,0.276955316753763,0.5738916030561215,0.1019038666494713,0.12072524244623498,87.24465062800698,70.93771373783369,60.757732713145415,152.6585418180228
2,6416.968118859607,0.0,-12.0,0.15198912050634727,0.5093195039476653,0.24817316546055734,0.597523117671194,84.0100280918124,198.23925595563298,197.7301173263962,147.54619079030317
2,341.9371856610784,341.93718566107833,-12.0,0.08803052511960308,0.3222781612643317,0.33174235298375415,0.3440249259699198,121.24008597774177,53.57497839291983,224.7724209646567,210.6043465161953
2,942.6593905465224,297.0753168907122,-12.0,0.4000449591806616,0.4394936580219113,0.18095330717094477,0.2995258047533836,97.56720847853637,22.158414193501315,67.48386837079293,81.11514511486514
2,4854.1302063451985,248.61891920916455,-12.0,0.5531065447745708,0.16391945422792756,0.6113952347160543,0.20050844498683273,7.557200479077874,128.2884043116355,147.12142233268364,93.94912896793325
2,4918.621892839939,223.66493775043546,-12.0,0.5998583518310721,0.4928555101094085,0.6187251449815256,0.23719236977640862,218.37964515996103,204.31699225462978,134.26745709143796,104.44913063239336
2,2806.1366940120265,267.6160922365342,-12.0,0.529936315726003,0.5735779329716593,0.27267780781722134,0.08131051837928294,143.93331162775732,190.49689765686713,62.43675775091365,54.93055220628948
2,6416.968118859608,0.0,-12.0,0.26037542765180877,0.3686519801019825,0.6171077302789485,0.5941145547456514,201.73713580557614,28.500613775149482,9.641323218035097,144.34531657461807
2,6416.968118859608,0.0,-12.0,0.5773120244787108,0.5719914985622493,0.648370863698655,0.5718173910659186,93.73526369306379,8.738341599842409,84.78920594759268,40.792437075104324
2,361.11173593342676,345.37640379113594,-12.0,0.3736335450178349,0.13576154877738467,0.36994440556976504,0.21351819456621735,46.925014659720404,134.6440723173266,71.59338531154152,43.73788558773833
2,2626.8436341912416,317.7187352495746,-12.0,0.24199218534333888,0.5470461452831278,0.08258492171566327,0.34260944512554087,87.16363837511459,143.7718769042376,145.93408411107765,224.90417100618467
2,5690.925584873475,252.92177898143274,-12.0,0.3262460649340692,0.2987943786040622,0.602525402776492,0.45296091585590564,44.82867887983494,197.41927030141704,210.0850732210438,74.4308547828795
2,4645.451921465265,276.03841123113494,-12.0,0.14283524422206773,0.6456381842184179,0.536886528616079,0.19420183993548804,55.3264044231902,14.417911600703547,229.94388090121686,139.8714686667666
2,3968.456579217684,288.93192784538206,-12.0,0.5465997260747676,0.6075847829351457,0.4843905257932835,0.08433935965909721,215.44247576797738,196.21949160976484,39.066713594317264,60.863869156754156
2,4974.23857934857,273.987505715697,-12.0,0.6094818332288818,0.41747087895536283,0.581471368984373,0.23594198840126024,38.275238198471286,28.942784237143528,248.40994586550744,215.205177006287
2,6416.96811885961,0.0,-12.0,0.41262004644400907,0.29405517659258035,0.6064349412875654,0.622585975871297,28.77584732502461,178.04969257893018,163.99490391661038,117.74711515859174
2,411.9062244724099,411.9062244724097,-12.0,0.1540936678164444,0.1928353667251008,0.4460952638672929,0.3823461186481776,122.80266147660507,193.2448222150076,83.68199051970038,52.254451107176386
2,902.7259256390157,369.1869416622292,-12.0,0.565066643823932,0.16915777893502373,0.10083535836124038,0.22487961174093157,39.6111677159405,108.25010586136666,196.8039598660525,219.62678048082464
2,6284.606949451678,261.85862289381987,-12.0,0.41491586565365884,0.5650065814042222,0.6045083460659761,0.5218575856271734,137.57872440419422,217.37682638325535,38.29221707589636,4.583951953901017
2,4755.463204040306,303.86661484536637,-12.0,0.5117720510705157,0.28615420184090057,0.6192839830779693,0.15247755427604312,187.61863155806918,39.45145534228531,20.921607694838002,56.393750244884714
2,5113.360850654759,277.3581736618003,-12.0,0.5352011377233422,0.4902067687144105,0.5784610283842819,0.39920173932671454,99.09862644729323,112.97981145386282,73.00652793241613,97.80286430225912
2,600.1840935950717,455.4171372885852,-12.0,0.1477078133782181,0.2267809164955223,0.30274018574206835,0.41738155708492103,208.92687253006653,121.28670388984239,144.71882297484368,142.79099887886647
2,2541.498158631567,415.3239043879374,-12.0,0.5337844877407906,0.5249775191456488,0.19996566455783632,0.36552749589233613,31.04301059438702,221.69256183950372,26.572772286060196,10.118658937835423
2,5113.578206198585,330.3427977602079,-12.0,0.6450339070346006,0.5360635250810539,0.5742104493290141,0.3552667869943311,163.70499635134692,144.86249097501675,167.1764619480187,156.78495340315595
2,2246.4851564323667,471.0286279584354,-12.0,0.646886619530555,0.40233588506613693,0.3653441630303935,0.13337048489231784,40.88082672811574,215.30295526932696,99.85402409222307,7.500812235772258
2,751.7494814708152,563.3038380312902,-12.0,0.45448805482158994,0.28897820200943897,0.14103941530041897,0.16359536803170294,181.73937981410765,210.50784500405433,21.593393090653944,124.88797820181097
2,6416.968118859604,429.8216039566538,-12.0,0.5230408963920518,0.09286137927014762,0.42001569671216155,0.5894441366086535,46.33688534668881,175.44328472994042,224.23811565928054,1.5640280363040382
2,5079.682541145385,472.9773903701012,-12.0,0.13498853482459738,0.34063749298122803,0.5562219826049463,0.3760396739195129,187.92956518802347,236.30586332160112,245.46713591357437,69.69449357285212
2,2799.9132813295,484.9387326476126,-12.0,0.2268886672393079,0.5633649414697548,0.17462052308597142,0.12945740756130228,122.88895179471405,117.89327204543228,206.11065832583336,65.4802165451446
2,2362.7013263868166,2324.894777840995,-12.0,0.33576444682384915,0.34867286396477915,0.4953083450491692,0.1995492061207393,65.48163686240207,211.9629646689238,180.79667519766596,77.97361219640631
2,2406.363011547888,1347.3790240736805,-12.0,0.32934279891741347,0.20357501031302333,0.31167594258286474,0.45951249420811346,233.53922925277482,231.99177984898253,69.4595988442448,200.10464654089472
2,6416.968118859605,450.21849637656754,-12.0,0.23253759239463223,0.37935161026730724,0.2266990699351339,0.558270148527716,229.42574460572015,2.567553168549064,8.068881580552661,6.026093583117426
2,4854.130206345195,582.6701446261603,-12.0,0.2964717246462212,0.17640662131984836,0.5724629517722686,0.3450812584333278,134.98704671214455,228.80117516790472,34.71724568095533,114.2793395889305
2,3613.7196771531935,594.0741844242908,-12.0,0.6203765341781113,0.612279897056144,0.31390646039552095,0.38125474404060816,147.66410695091125,201.89600158646329,188.6945696182027,249.25769886318218
2,3478.891893470854,746.9666933598941,-12.0,0.2799763129646069,0.5527313438220878,0.42437306886759474,0.289143344117445,102.75144739685979,101.8769401068366,223.57298721400235,24.69124141750198
2,6284.606949451677,734.1880910190686,-12.0,0.2950824478531693,0.269046042858809,0.5514503674564647,0.4843873894947279,222.9294367278535,168.78624225037112,94.6328957950824,215.7239969951622
2,5410.953629455136,879.0118885802773,-12.0,0.19253025554074626,0.34488191190780193,0.5507044154540605,0.42092583817560225,84.35149423973884,248.9206778887198,147.79755831575807,138.29642992833087
2,6416.968118859604,800.6071855856616,-12.0,0.5887803280177613,0.3872544815726363,0.15161071553466277,0.5336906247627057,189.15791688460402,42.76752208965348,32.99281363948489,237.76283339066862
2,6284.6069494516805,3927.8793434072995,-12.0,0.1949423154856806,0.5608940557351382,0.30453352908478065,0.5203620789960317,93.55617544556804,7.514735234352115,85.29695183353472,127.2256726567573
2,6284.606949451677,6215.419614575463,-12.0,0.4391224682253521,0.23858180861812706,0.09248612177049269,0.5190437577821799,183.7445683200239,165.46955323100494,33.17965405326589,92.75834589508153
3,191.83215794506484,191.83215794506484,-12.0,0.1828221362424592,0.25578582717564957,0.3284951149447441,0.2866004717122943,41.95610185445808,121.62468593386541,129.58686120091315,227.13220776622532
3,4863.865251464398,156.44861175748198,-12.0,0.5117720510705157,0.28615420184090057,0.6215335787200373,0.15247755427604312,124.87607908848328,39.45145534228531,32.97105459266335,216.23439726132915
3,6416.968118859601,0.0,-12.0,0.41262004644400907,0.2975820994480396,0.11401796540976145,0.6221154827556681,28.77584732502461,179.18856903827137,95.18411348022784,182.92060481460518
3,201.56297515567007,201.56297515567007,-12.0,0.20766732211352956,0.25578582717564957,0.3284951149447441,0.2404476637520628,39.79899232442159,121.62468593386541,130.3258279927313,227.10471051136383
3,5364.873619281667,200.81308986135903,-12.0,0.2075104787135914,0.19487780560676105,0.6034538004586512,0.4102525190693579,68.41017484235509,119.96233757328545,197.29976658824376,53.289422962011336
3,6416.968118859603,0.0,-12.0,0.12979007930631503,0.2894573338868143,0.1265312860185489,0.6090132757619521,67.79866651232535,42.13315004347251,5.808297983109057,110.11240136105633
3,6416.968118859603,0.0,-12.0,0.13051692912316865,0.2894573338868143,0.2546226148765002,0.6090132757619521,67.79866651232535,67.68692651090271,4.220221988579162,110.05267126896511
3,201.96968522541488,201.96968522541493,-12.0,0.14590026449915902,0.2677632983149414,0.1285964677063457,0.16802177703620674,70.74353394428815,193.02866937370936,40.12198667127002,86.11745834609017
3,6416.968118859604,0.0,-12.0,0.29563909906707975,0.3465596690399802,0.330567153619415,0.6411844099400659,4.260676915609329,62.774721981829344,70.45380728791775,16.602210132390493
3,6416.968118859604,0.0,-12.0,0.32904577555513637,0.464726705325164,0.4838988911792306,0.6295125233012552,213.70743236741097,113.34872815812314,177.46168311730722,234.13922531644312
3,6416.968118859604,0.0,-12.0,0.29563909906707975,0.35493240283133476,0.36763080325046227,0.6411844099400659,4.260676915609329,55.784389611462146,70.27508496459319,42.35403663690084
3,6416.968118859604,0.0,-12.0,0.32904577555513637,0.464726705325164,0.4838988911792306,0.6295125233012552,213.70743236741097,113.34872815812314,177.46168311730722,237.29791217491274
3,215.02112649669368,215.02112649669357,-12.0,0.1466271143160126,0.2677632983149414,0.20486015330162238,0.16802177703620674,70.74353394428815,218.5936728604233,37.98109615092585,86.05772825399896
3,2793.061428270783,203.9505655819204,-12.0,0.42383940865215547,0.6292885023192185,0.10535365643305519,0.36305809960984575,204.95154690477204,99.59718594193457,102.56901507167665,186.47109442746577
3,6416.968118859605,0.0,-12.0,0.12955695616530083,0.26869793310442364,0.1265312860185489,0.6090132757619521,67.79866651232535,42.13315004347251,5.808297983109057,110.11240136105633
3,6416.968118859605,0.0,-12.0,0.15198912050634727,0.5102457832506366,0.24817316546055734,0.597523117671194,134.89479319843608,198.23925595563298,197.7301173263962,147.54619079030317
3,6416.968118859605,0.0,-12.0,0.15727897096280374,0.5093195039476653,0.08976103498416797,0.597523117671194,84.0100280918124,166.47124980610363,197.7301173263962,148.227525850164
3,328.8372750812622,232.92640318256065,-12.0,0.2501221989806718,0.2344136102577809,0.16972094476880017,0.08927644285682292,164.3674724789374,70.61285029438343,189.81240195752895,191.0438252727953
3,2505.297621163402,217.8792070888325,-12.0,0.276955316753763,0.5738916030561215,0.1019038666494713,0.12072524244623498,87.24465062800698,70.93771373783369,60.757732713145415,152.6585418180228
3,238.4597098017406,238.45970980174042,-12.0,0.14686023745702684,0.288522699097332,0.20486015330162238,0.12354911580020281,59.190830138447396,218.5936728604233,46.29403873656954,86.05772825399896
3,6416.968118859606,0.0,-12.0,0.15198912050634727,0.5232541721267485,0.24817316546055734,0.6057962100221275,84.0100280918124,198.23925595563298,197.7301173263962,148.6443909672467
3,4918.621892839939,223.66493775043546,-12.0,0.5998583518310721,0.4928555101094085,0.6187251449815256,0.23719236977640862,218.37964515996103,204.31699225462978,134.26745709143796,104.44913063239336
3,2506.777135872392,233.91473148522763,-12.0,0.2496569771276967,0.5778511303622866,0.10505812302924661,0.13408480457555041,87.24465062800698,68.43643656130696,60.757732713145415,120.61866356019723
3,4918.621892839943,223.12617612832761,-12.0,0.5998583518310721,0.3022538694146362,0.6187251449815256,0.23719236977640862,218.37964515996103,197.4854574589574,134.26745709143796,106.23224222219773
3,323.2345422751066,280.0658038402599,-12.0,0.3291242482327874,0.23042695356669562,0.16972094476880017,0.09272054070659135,164.3674724789374,49.789151979470475,189.81240195752895,191.0438252727953
3,328.8372750812622,243.6952881370025,-12.0,0.2501221989806718,0.2344136102577809,0.16052775427282,0.08927644285682292,161.71066130590668,70.61285029438343,189.81240195752895,186.53789569985116
3,6416.968118859607,0.0,-12.0,0.15198912050634727,0.5093195039476653,0.24817316546055734,0.597523117671194,84.0100280918124,198.23925595563298,197.7301173263962,147.54619079030317
3,942.6593905465224,297.0753168907122,-12.0,0.4000449591806616,0.4394936580219113,0.18095330717094477,0.2995258047533836,97.56720847853637,22.158414193501315,67.48386837079293,81.11514511486514
3,4854.1302063451985,248.61891920916455,-12.0,0.5531065447745708,0.16391945422792756,0.6113952347160543,0.20050844498683273,7.557200479077874,128.2884043116355,147.12142233268364,93.94912896793325
3,392.76023169882217,310.93518342823427,-12.0,0.08803052511960308,0.3222781612643317,0.33174235298375415,0.3440249259699198,183.98263840602044,48.45437647553022,212.78423188234638,50.747573796292784
3,331.4906607171132,313.35880971818756,-12.0,0.3736335450178349,0.1274118528971746,0.3328807559387178,0.21351819456621735,46.925014659720404,134.6440723173266,71.77210763486607,17.986060148827626
3,2509.84550267157,258.3356561792991,-12.0,0.276955316753763,0.5738916030561215,0.12856980669588333,0.12072524244623498,87.24465062800698,70.93771373783369,60.757732713145415,152.6585418180228
3,6416.968118859608,0.0,-12.0,0.26037542765180877,0.3686519801019825,0.6171077302789485,0.5941145547456514,201.73713580557614,28.500613775149482,9.641323218035097,144.34531657461807
3,6416.968118859608,0.0,-12.0,0.5773120244787108,0.5719914985622493,0.648370863698655,0.5718173910659186,93.73526369306379,8.738341599842409,84.78920594759268,40.792437075104324
3,6416.968118859608,0.0,-12.0,0.26251013498685905,0.37467249404399594,0.6171077302789485,0.5719466654092603,201.73713580557614,28.500613775149482,9.641323218035097,47.078120228527126
3,6416.968118859608,0.0,-12.0,0.5751657086468263,0.5659706544931113,0.648370863698655,0.5939852804023096,93.73526369306379,8.738341599842409,84.78920594759268,138.05976384898338
3,4854.130206345199,248.61891920916455,-12.0,0.5643071848195151,0.35787634155968473,0.6138997673559103,0.20050844498683273,7.557200479077874,134.309227646656,144.14075251304206,93.94912896793325
3,341.9371856610784,341.93718566107833,-12.0,0.08803052511960308,0.3222781612643317,0.33174235298375415,0.3440249259699198,121.24008597774177,53.57497839291983,224.7724209646567,210.6043465161953
3,341.9371856610784,341.93718566107833,-12.0,0.08803052511960308,0.3222781612643317,0.33174235298375415,0.3440249259699198,121.24008597774177,53.57497839291983,216.31126353650592,210.6043465161953
3,2806.1366940120265,267.6160922365342,-12.0,0.529936315726003,0.5735779329716593,0.27267780781722134,0.08131051837928294,143.93331162775732,190.49689765686713,62.43675775091365,54.93055220628948
3,2626.8436341912416,317.7187352495746,-12.0,0.24199218534333888,0.5470461452831278,0.08258492171566327,0.34260944512554087,87.16363837511459,143.7718769042376,145.93408411107765,224.90417100618467
3,6416.968118859609,0.0,-12.0,0.48826289220550834,0.5458177534123373,0.6049361062928291,0.6413628277064323,4.260676915609329,66.97677280953837,70.45380728791775,16.602210132390493
3,5690.925584873475,252.92177898143274,-12.0,0.3262460649340692,0.2987943786040622,0.602525402776492,0.45296091585590564,44.82867887983494,197.41927030141704,210.0850732210438,74.4308547828795
3,361.11173593342676,345.37640379113594,-12.0,0.3736335450178349,0.13576154877738467,0.36994440556976504,0.21351819456621735,46.925014659720404,134.6440723173266,71.59338531154152,43.73788558773833
3,2825.722745263723,269.0168724540142,-12.0,0.42383940865215547,0.6341469412012117,0.12521784638262604,0.36305809960984575,204.95154690477204,211.77741883999272,98.68050350675352,78.15859579850797
3,6416.96811885961,0.0,-12.0,0.41262004644400907,0.29405517659258035,0.6064349412875654,0.622585975871297,28.77584732502461,178.04969257893018,163.99490391661038,117.74711515859174
3,411.9062244724099,411.9062244724097,-12.0,0.1540936678164444,0.1928353667251008,0.4460952638672929,0.3823461186481776,122.80266147660507,193.2448222150076,83.68199051970038,52.254451107176386
3,6416.9681188596105,0.0,-12.0,0.41262004644400907,0.29541178424650905,0.6064349412875654,0.6223192296332144,28.77584732502461,5.248878794738985,27.789137845271796,117.74711515859174
4,6416.968118859601,0.0,-12.0,0.41262004644400907,0.2975820994480396,0.11401796540976145,0.6221154827556681,28.77584732502461,179.18856903827137,95.18411348022784,182.92060481460518
4,152.33748811496085,152.33748811496085,-12.0,0.1313977292220872,0.26816187414269915,0.23731364335888258,0.15594442506877693,81.22426293188546,49.922601356892685,6.904527435847987,86.47653528234956
4,6416.968118859602,0.0,-12.0,0.4637218304360829,0.3457233872934029,0.4838988911792306,0.6296759533507361,213.70743236741097,5.380149247315016,26.425557037159706,238.96457835425483
4,4863.865251464398,156.44861175748198,-12.0,0.5117720510705157,0.28615420184090057,0.6215335787200373,0.15247755427604312,124.87607908848328,39.45145534228531,32.97105459266335,216.23439726132915
4,187.3504996985249,187.35049969852503,-12.0,0.1458867668382369,0.288522699097332,0.12911942085347872,0.13475370644744267,59.190830138447396,218.5936728604233,46.06500501726645,86.05513066309601
4,6416.968118859603,0.0,-12.0,0.12979007930631503,0.2894573338868143,0.1265312860185489,0.6090132757619521,67.79866651232535,42.13315004347251,5.808297983109057,110.11240136105633
4,6416.968118859603,0.0,-12.0,0.13051692912316865,0.2894573338868143,0.2546226148765002,0.6090132757619521,67.79866651232535,67.68692651090271,4.220221988579162,110.05267126896511
4,6416.968118859603,0.0,-12.0,0.3736335450178349,0.0850074073916134,0.36994440556976504,0.6223110731712257,27.22734311273917,134.6440723173266,94.72607491561405,43.73788558773833
4,6416.968118859603,0.0,-12.0,0.12979007930631503,0.34575466493105994,0.12146935652656969,0.6065489262221225,1.9005797225295424,42.13315004347251,5.808297983109057,114.39738503072073
4,6416.968118859603,0.0,-12.0,0.14574631421709405,0.2890587580590565,0.23904428425110327,0.6093992549101859,48.86649383776316,235.75451011417675,35.309370944515095,109.63386424061453
4,6416.968118859603,0.0,-12.0,0.29563909906707975,0.2902623379957346,0.3356565452279039,0.643638909482231,71.18924032027311,62.774721981829344,70.45380728791775,12.403995814213985
4,191.83215794506484,191.83215794506484,-12.0,0.1828221362424592,0.25578582717564957,0.3284951149447441,0.2866004717122943,41.95610185445808,121.62468593386541,129.58686120091315,227.13220776622532
4,191.83215794506484,191.83215794506484,-12.0,0.0814680259919646,0.288522699097332,0.20486015330162238,0.09716012409451949,59.190830138447396,218.76442103259456,31.025514740874783,109.28815865986819
4,6416.968118859604,0.0,-12.0,0.29563909906707975,0.3465596690399802,0.330567153619415,0.6411844099400659,4.260676915609329,62.774721981829344,70.45380728791775,16.602210132390493
4,6416.968118859604,0.0,-12.0,0.32904577555513637,0.464726705325164,0.4838988911792306,0.6295125233012552,213.70743236741097,113.34872815812314,177.46168311730722,234.13922531644312
4,6416.968118859604,0.0,-12.0,0.29563909906707975,0.35493240283133476,0.36763080325046227,0.6411844099400659,4.260676915609329,55.784389611462146,70.27508496459319,42.35403663690084
4,6416.968118859604,0.0,-12.0,0.32904577555513637,0.464726705325164,0.4838988911792306,0.6295125233012552,213.70743236741097,113.34872815812314,177.46168311730722,237.29791217491274
4,6416.968118859604,0.0,-12.0,0.41262004644400907,0.29876923660429816,0.11401796540976145,0.6221154827556681,31.13119741513745,179.18856903827137,95.18411348022784,182.92060481460518
4,6416.968118859604,0.0,-12.0,0.3227050283202853,0.46328152664607364,0.47898478978281966,0.6295125233012552,241.00182717213784,113.34872815812314,177.46168311730722,236.81905600679787
4,6416.968118859604,0.0,-12.0,0.15198912050634727,0.5093195039476653,0.24817316546055734,0.597523117671194,86.56757583971145,202.79509551216947,197.46133052754982,147.54619079030317
4,6416.968118859604,0.0,-12.0,0.13051692912316865,0.2894573338868143,0.2546226148765002,0.6090132757619521,67.79866651232535,36.8797946221446,4.220221988579162,110.05267126896511
4,6416.968118859604,0.0,-12.0,0.09858830457466913,0.319748487270485,0.11383810705726266,0.6090132757619521,27.849496926220596,188.7441935922297,7.681355817064912,110.11240136105633
4,201.56297515567007,201.56297515567007,-12.0,0.20766732211352956,0.25578582717564957,0.3284951149447441,0.2404476637520628,39.79899232442159,121.62468593386541,130.3258279927313,227.10471051136383
4,5364.873619281667,200.81308986135903,-12.0,0.2075104787135914,0.19487780560676105,0.6034538004586512,0.4102525190693579,68.41017484235509,119.96233757328545,197.29976658824376,53.289422962011336
4,201.56297515567007,201.56297515567007,-12.0,0.20766732211352956,0.25578582717564957,0.2987683398277404,0.2404476637520628,39.79899232442159,121.62468593386541,130.3258279927313,227.10471051136383
4,5107.67500439051,200.94452017601753,-12.0,0.42383940865215547,0.6341469412012117,0.6108416232999532,0.36305809960984575,204.95154690477204,127.79859578179972,98.68050350675352,76.70833063253798
4,6416.968118859605,0.0,-12.0,0.12955695616530083,0.26869793310442364,0.1265312860185489,0.6090132757619521,67.79866651232535,42.13315004347251,5.808297983109057,110.11240136105633
4,6416.968118859605,0.0,-12.0,0.15198912050634727,0.5102457832506366,0.24817316546055734,0.597523117671194,134.89479319843608,198.23925595563298,197.7301173263962,147.54619079030317
4,6416.968118859605,0.0,-12.0,0.15727897096280374,0.5093195039476653,0.08976103498416797,0.597523117671194,84.0100280918124,166.47124980610363,197.7301173263962,148.227525850164
4,6416.968118859605,0.0,-12.0,0.14473684874495102,0.3465596690399802,0.08126912517309899,0.6411844099400659,4.260676915609329,62.774721981829344,70.45380728791775,18.181083852105687
4,6416.968118859605,0.0,-12.0,0.15883799957725436,0.5236143356776708,0.24446432956900935,0.6413628277064323,4.260676915609329,68.06096171886409,66.9562474305917,153.61368956599813
4,201.96968522541488,201.96968522541493,-12.0,0.14590026449915902,0.2677632983149414,0.1285964677063457,0.16802177703620674,70.74353394428815,193.02866937370936,40.12198667127002,86.11745834609017
4,4922.2969304462185,201.61471211278374,-12.0,0.5998583518310721,0.3022538694146362,0.617063877765015,0.23719236977640862,218.3279226559199,19.018376514922522,131.03381149310715,106.23224222219773
4,6416.968118859606,0.0,-12.0,0.15198912050634727,0.5232541721267485,0.24817316546055734,0.6057962100221275,84.0100280918124,198.23925595563298,197.7301173263962,148.6443909672467
4,215.02112649669368,215.02112649669357,-12.0,0.1466271143160126,0.2677632983149414,0.20486015330162238,0.16802177703620674,70.74353394428815,218.5936728604233,37.98109615092585,86.05772825399896
4,2793.061428270783,203.9505655819204,-12.0,0.42383940865215547,0.6292885023192185,0.10535365643305519,0.36305809960984575,204.95154690477204,99.59718594193457,102.56901507167665,186.47109442746577
4,6416.968118859607,0.0,-12.0,0.15198912050634727,0.5093195039476653,0.24817316546055734,0.597523117671194,84.0100280918124,198.23925595563298,197.7301173263962,147.54619079030317
4,6416.968118859607,0.0,-12.0,0.30818165664837655,0.5093195039476653,0.34736471308596106,0.597523117671194,84.0100280918124,166.47124980610363,197.7301173263962,146.70394167590618
4,225.8094504761437,217.7409874579822,-12.0,0.3736335450178349,0.12674249172326663,0.1713165090934609,0.0944009994015852,45.17549309662977,132.81983623563195,71.77210763486607,15.937809562159686
4,2793.0614282707834,203.9505655819204,-12.0,0.42383940865215547,0.6292885023192185,0.10535365643305519,0.34477813521423595,200.4787713914505,99.59718594193457,102.56901507167665,186.47109442746577
4,6416.968118859608,0.0,-12.0,0.26037542765180877,0.3686519801019825,0.6171077302789485,0.5941145547456514,201.73713580557614,28.500613775149482,9.641323218035097,144.34531657461807
4,6416.968118859608,0.0,-12.0,0.5773120244787108,0.5719914985622493,0.648370863698655,0.5718173910659186,93.73526369306379,8.738341599842409,84.78920594759268,40.792437075104324
4,6416.968118859608,0.0,-12.0,0.26251013498685905,0.37467249404399594,0.6171077302789485,0.5719466654092603,201.73713580557614,28.500613775149482,9.641323218035097,47.078120228527126
4,6416.968118859608,0.0,-12.0,0.5751657086468263,0.5659706544931113,0.648370863698655,0.5939852804023096,93.73526369306379,8.738341599842409,84.78920594759268,138.05976384898338
4,6416.968118859608,0.0,-12.0,0.41262004644400907,0.29541178424650905,0.5943813680985564,0.6438474650738699,28.156476327778982,5.248878794738985,28.915688477526032,117.74711515859174
4,6416.968118859608,0.0,-12.0,0.5751657086468263,0.5659706544931113,0.6495638564915291,0.5939852804023096,83.76806396886296,8.738341599842409,84.78920594759268,138.05976384898338
4,2503.207908375088,217.8792070888325,-12.0,0.276955316753763,0.5738916030561215,0.1019038666494713,0.09184371698812077,87.24465062800698,70.93771373783369,59.63118214635677,152.6585418180228
4,225.85829152213563,225.85829152213552,-12.0,0.20766732211352956,0.25578582717564957,0.34171924207005727,0.26828810448674806,42.855908010726516,121.62468593386541,130.3258279927313,227.10471051136383
5,6416.968118859601,0.0,-12.0,0.41262004644400907,0.2975820994480396,0.11401796540976145,0.6221154827556681,28.77584732502461,179.18856903827137,95.18411348022784,182.92060481460518
5,152.33748811496085,152.33748811496085,-12.0,0.1313977292220872,0.26816187414269915,0.23731364335888258,0.15594442506877693,81.22426293188546,49.922601356892685,6.904527435847987,86.47653528234956
5,220.87295357978252,130.2959674639364,-12.0,0.29563909906707975,0.2885821335881188,0.330567153619415,0.12203334129079119,130.86826544790244,62.774721981829344,32.79741132765973,17.278409594866375
5,6416.968118859602,0.0,-12.0,0.4637218304360829,0.3457233872934029,0.4838988911792306,0.6296759533507361,213.70743236741097,5.380149247315016,26.425557037159706,238.96457835425483
5,6416.968118859602,0.0,-12.0,0.15387984817703326,0.2890587580590565,0.2987998024908308,0.6076471057643655,51.24800039901166,118.30923765571184,35.309370944515095,109.63386424061453
5,6416.968118859602,0.0,-12.0,0.12955695616530083,0.2702418279642298,0.282014892000445,0.6090132757619521,67.79866651232535,138.53384961935055,5.808297983109057,110.11240136105633
5,6416.968118859602,0.0,-12.0,0.12979007930631503,0.2894061739440603,0.1265312860185489,0.6299090050512148,70.6921469616404,42.13315004347251,5.808297983109057,87.39494576421644
5,6416.968118859602,0.0,-12.0,0.33917999896195183,0.4653071240243285,0.4838988911792306,0.6438846163618798,214.2622105052276,2.9433069158553344,177.46168311730722,239.07042387459555
5,6416.968118859602,0.0,-12.0,0.4535876070282086,0.34644698475829305,0.4838988911792306,0.6296759533507361,213.70743236741097,114.02617814737354,26.425557037159706,237.19206665457202
5,152.51978991583778,152.51978991583783,-12.0,0.12471255957954852,0.29376620896394806,0.23731364335888258,0.15883297866689108,81.22426293188546,49.922601356892685,5.196348436457676,226.69745321244125
5,152.51978991583778,152.51978991583783,-12.0,0.1313977292220872,0.2877858263180838,0.23731364335888258,0.15594442506877693,67.32658745671559,49.922601356892685,6.904527435847987,86.47653528234956
5,6416.968118859603,0.0,-12.0,0.12979007930631503,0.2894573338868143,0.1265312860185489,0.6090132757619521,67.79866651232535,42.13315004347251,5.808297983109057,110.11240136105633
5,6416.968118859603,0.0,-12.0,0.13051692912316865,0.2894573338868143,0.2546226148765002,0.6090132757619521,67.79866651232535,67.68692651090271,4.220221988579162,110.05267126896511
5,6416.968118859603,0.0,-12.0,0.3736335450178349,0.0850074073916134,0.36994440556976504,0.6223110731712257,27.22734311273917,134.6440723173266,94.72607491561405,43.73788558773833
5,6416.968118859603,0.0,-12.0,0.12979007930631503,0.34575466493105994,0.12146935652656969,0.6065489262221225,1.9005797225295424,42.13315004347251,5.808297983109057,114.39738503072073
5,6416.968118859603,0.0,-12.0,0.14574631421709405,0.2890587580590565,0.23904428425110327,0.6093992549101859,48.86649383776316,235.75451011417675,35.309370944515095,109.63386424061453
5,6416.968118859603,0.0,-12.0,0.29563909906707975,0.2902623379957346,0.3356565452279039,0.643638909482231,71.18924032027311,62.774721981829344,70.45380728791775,12.403995814213985
5,6416.968118859603,0.0,-12.0,0.14473684874495102,0.3456630233322233,0.24805584357522087,0.6411844099400659,3.2806679806333108,206.9202380948061,198.47818434119736,18.181083852105687
5,6416.968118859603,0.0,-12.0,0.3662310430915803,0.3413789340405976,0.4794244797306605,0.6296759533507361,55.03277310463622,4.29466805422496,26.425557037159706,235.1514159074917
5,6416.968118859603,0.0,-12.0,0.29563909906707975,0.2902623379957346,0.3356565452279039,0.643638909482231,232.1940892488213,64.02940655705945,70.45380728791775,16.078443623578735
5,4863.865251464398,156.44861175748198,-12.0,0.5117720510705157,0.28615420184090057,0.6215335787200373,0.15247755427604312,124.87607908848328,39.45145534228531,32.97105459266335,216.23439726132915
5,175.3224421866214,175.32244218662143,-12.0,0.14633643689515896,0.26663559566056827,0.3284951149447441,0.16004985055434096,41.95610185445808,121.62468593386541,128.74750246647085,227.13220776622532
5,6416.968118859604,0.0,-12.0,0.29563909906707975,0.3465596690399802,0.330567153619415,0.6411844099400659,4.260676915609329,62.774721981829344,70.45380728791775,16.602210132390493
5,6416.968118859604,0.0,-12.0,0.32904577555513637,0.464726705325164,0.4838988911792306,0.6295125233012552,213.70743236741097,113.34872815812314,177.46168311730722,234.13922531644312
5,6416.968118859604,0.0,-12.0,0.29563909906707975,0.35493240283133476,0.36763080325046227,0.6411844099400659,4.260676915609329,55.784389611462146,70.27508496459319,42.35403663690084
5,6416.968118859604,0.0,-12.0,0.32904577555513637,0.464726705325164,0.4838988911792306,0.6295125233012552,213.70743236741097,113.34872815812314,177.46168311730722,237.29791217491274
5,6416.968118859604,0.0,-12.0,0.41262004644400907,0.29876923660429816,0.11401796540976145,0.6221154827556681,31.13119741513745,179.18856903827137,95.18411348022784,182.92060481460518
5,6416.968118859604,0.0,-12.0,0.3227050283202853,0.46328152664607364,0.47898478978281966,0.6295125233012552,241.00182717213784,113.34872815812314,177.46168311730722,236.81905600679787
5,6416.968118859604,0.0,-12.0,0.15198912050634727,0.5093195039476653,0.24817316546055734,0.597523117671194,86.56757583971145,202.79509551216947,197.46133052754982,147.54619079030317
5,6416.968118859604,0.0,-12.0,0.13051692912316865,0.2894573338868143,0.2546226148765002,0.6090132757619521,67.79866651232535,36.8797946221446,4.220221988579162,110.05267126896511
5,6416.968118859604,0.0,-12.0,0.09858830457466913,0.319748487270485,0.11383810705726266,0.6090132757619521,27.849496926220596,188.7441935922297,7.681355817064912,110.11240136105633
5,6416.968118859604,0.0,-12.0,0.12861646558541154,0.2975820994480396,0.11080736176677276,0.6218564012315704,28.77584732502461,197.7531003859375,95.18411348022784,182.92060481460518
5,6416.968118859604,0.0,-12.0,0.09133979950784317,0.3645113225001832,0.5491207290884059,0.5934521774240336,68.93475497461085,68.47977097825263,9.990655098379264,138.42378957440226
5,6416.968118859604,0.0,-12.0,0.12640887224201064,0.5096636930342177,0.12146935652656969,0.6065489262221225,1.9005797225295424,167.1014126068696,5.808297983109057,114.68023706947744
5,6416.968118859604,0.0,-12.0,0.1662411435323756,0.464726705325164,0.4838988911792306,0.6295125233012552,213.70743236741097,113.34872815812314,177.46168311730722,240.87347118556795
5,6416.968118859604,0.0,-12.0,0.14744722014234948,0.3321479509229935,0.24440763356157627,0.6413028255665251,4.260676915609329,60.120612572700026,66.9562474305917,153.61368956599813
5,6416.968118859604,0.0,-12.0,0.09858830457466913,0.319748487270485,0.11383810705726266,0.6090132757619521,27.849496926220596,14.775507174526709,122.37591186498074,106.15690146972935
5,6416.968118859604,0.0,-12.0,0.13051692912316865,0.2698333817114297,0.2546226148765002,0.6090132757619521,81.69634198749525,36.8797946221446,4.220221988579162,110.05267126896511
5,6416.968118859604,0.0,-12.0,0.3009424328577829,0.29359799148861376,0.2546226148765002,0.6096756530835696,200.60072733141362,27.707770324893495,4.220221988579162,110.53840059016957
5,4875.0877411608035,171.5746830118805,-12.0,0.5998583518310721,0.3022538694146362,0.617063877765015,0.1891811629295948,218.3279226559199,193.3756150025624,16.602120582897548,110.1877421135247
5,187.3504996985249,187.35049969852503,-12.0,0.1458867668382369,0.288522699097332,0.12911942085347872,0.13475370644744267,59.190830138447396,218.5936728604233,46.06500501726645,86.05513066309601
5,6416.968118859605,0.0,-12.0,0.29563909906707975,0.2902623379957346,0.33287495860250843,0.6413726373231183,71.18924032027311,62.774721981829344,70.45380728791775,12.403995814213985
5,187.91225951083004,187.91225951082998,-12.0,0.14590026449915902,0.245245556194976,0.1285964677063457,0.14303268543522168,67.8500534949731,193.02866937370936,40.12198667127002,108.83491394293004
5,6416.968118859605,0.0,-12.0,0.12955695616530083,0.26869793310442364,0.1265312860185489,0.6090132757619521,67.79866651232535,42.13315004347251,5.808297983109057,110.11240136105633
5,6416.968118859605,0.0,-12.0,0.15198912050634727,0.5102161492792039,0.083944209849983,0.6229213238402777,83.89267543907117,54.09112034227023,69.70556547035359,147.54619079030317
5,6416.968118859605,0.0,-12.0,0.31156916245773614,0.34541047551945503,0.34736471308596106,0.597523117671194,84.0100280918124,77.25225399889365,197.7301173263962,146.42108963714944
5,6416.968118859605,0.0,-12.0,0.14473684874495102,0.3465596690399802,0.08126912517309899,0.6411844099400659,4.260676915609329,62.774721981829344,70.45380728791775,18.181083852105687
5,6416.968118859605,0.0,-12.0,0.15727897096280374,0.5093195039476653,0.08976103498416797,0.597523117671194,84.0100280918124,166.47124980610363,197.7301173263962,148.227525850164
6,6416.968118859601,0.0,-12.0,0.41262004644400907,0.2975820994480396,0.11401796540976145,0.6221154827556681,28.77584732502461,179.18856903827137,95.18411348022784,182.92060481460518
6,220.87295357978252,130.2959674639364,-12.0,0.29563909906707975,0.2885821335881188,0.330567153619415,0.12203334129079119,130.86826544790244,62.774721981829344,32.79741132765973,17.278409594866375
6,6416.968118859601,0.0,-12.0,0.14574631421709405,0.2847137275843711,0.23127871540878164,0.645721896721912,54.962350389446385,235.75451011417675,35.309370944515095,110.4586270627971
6,6416.968118859601,0.0,-12.0,0.12979007930631503,0.2894061739440603,0.12178120744777812,0.6299090050512148,70.6921469616404,42.13315004347251,5.808297983109057,87.39494576421644
6,145.43818972699094,145.43818972699088,-12.0,0.13912737110531023,0.2940861549314487,0.22476894420629578,0.15883297866689108,81.22426293188546,39.207226809217964,5.196348436457676,226.69745321244125
6,226.7529362594379,141.1530929677655,-12.0,0.29563909906707975,0.2885821335881188,0.330567153619415,0.08462778650282138,122.10865259045687,62.774721981829344,32.79741132765973,14.915412030984804
6,6416.968118859602,0.0,-12.0,0.4637218304360829,0.3457233872934029,0.4838988911792306,0.6296759533507361,213.70743236741097,5.380149247315016,26.425557037159706,238.96457835425483
6,6416.968118859602,0.0,-12.0,0.15387984817703326,0.2890587580590565,0.2987998024908308,0.6076471057643655,51.24800039901166,118.30923765571184,35.309370944515095,109.63386424061453
6,6416.968118859602,0.0,-12.0,0.12955695616530083,0.2702418279642298,0.282014892000445,0.6090132757619521,67.79866651232535,138.53384961935055,5.808297983109057,110.11240136105633
6,6416.968118859602,0.0,-12.0,0.12979007930631503,0.2894061739440603,0.1265312860185489,0.6299090050512148,70.6921469616404,42.13315004347251,5.808297983109057,87.39494576421644
6,6416.968118859602,0.0,-12.0,0.33917999896195183,0.4653071240243285,0.4838988911792306,0.6438846163618798,214.2622105052276,2.9433069158553344,177.46168311730722,239.07042387459555
6,6416.968118859602,0.0,-12.0,0.4535876070282086,0.34644698475829305,0.4838988911792306,0.6296759533507361,213.70743236741097,114.02617814737354,26.425557037159706,237.19206665457202
6,6416.968118859602,0.0,-12.0,0.3996754401929651,0.29876923660429816,0.1067692457325015,0.6221154827556681,21.021671809261093,178.73150551325142,13.490502923302756,182.446580989358
6,6416.968118859602,0.0,-12.0,0.30008497692426955,0.29359799148861376,0.44915090685541936,0.6096756530835696,213.62023872994013,27.50143283651216,187.9144928777664,110.53840059016957
6,6416.968118859602,0.0,-12.0,0.12979007930631503,0.2981846805670253,0.1267173772777419,0.6299090050512148,70.6921469616404,42.13315004347251,97.60777561223729,186.51265959296347
6,6416.968118859602,0.0,-12.0,0.3662310430915803,0.3413789340405976,0.47944473989040565,0.6296759533507361,54.20024516999749,4.30073016744045,26.425557037159706,238.94967348883853
6,6416.968118859602,0.0,-12.0,0.14473684874495102,0.3456630233322233,0.23678364330777318,0.6411844099400659,3.2806679806333108,206.9202380948061,198.47818434119736,21.256773328697292
6,6416.968118859602,0.0,-12.0,0.41335243448042464,0.2975820994480396,0.11401796540976145,0.6221154827556681,34.96798905169243,176.52119683529403,21.109018514756407,235.80094304145615
6,6416.968118859602,0.0,-12.0,0.12955695616530083,0.2702418279642298,0.282014892000445,0.6090132757619521,67.79973748341465,138.53384961935055,5.808297983109057,110.12056827336298
6,6416.968118859602,0.0,-12.0,0.4637218304360829,0.3457233872934029,0.4838786310194854,0.6297564816016282,214.5324683333621,5.374087134099526,26.425557037159706,235.16632077290802
6,152.33748811496085,152.33748811496085,-12.0,0.1313977292220872,0.26816187414269915,0.23731364335888258,0.15594442506877693,81.22426293188546,49.922601356892685,6.904527435847987,86.47653528234956
6,6416.968118859603,0.0,-12.0,0.12979007930631503,0.2894573338868143,0.1265312860185489,0.6090132757619521,67.79866651232535,42.13315004347251,5.808297983109057,110.11240136105633
6,6416.968118859603,0.0,-12.0,0.13051692912316865,0.2894573338868143,0.2546226148765002,0.6090132757619521,67.79866651232535,67.68692651090271,4.220221988579162,110.05267126896511
6,6416.968118859603,0.0,-12.0,0.3736335450178349,0.0850074073916134,0.36994440556976504,0.6223110731712257,27.22734311273917,134.6440723173266,94.72607491561405,43.73788558773833
6,6416.968118859603,0.0,-12.0,0.12979007930631503,0.34575466493105994,0.12146935652656969,0.6065489262221225,1.9005797225295424,42.13315004347251,5.808297983109057,114.39738503072073
6,6416.968118859603,0.0,-12.0,0.14574631421709405,0.2890587580590565,0.23904428425110327,0.6093992549101859,48.86649383776316,235.75451011417675,35.309370944515095,109.63386424061453
6,6416.968118859603,0.0,-12.0,0.29563909906707975,0.2902623379957346,0.3356565452279039,0.643638909482231,71.18924032027311,62.774721981829344,70.45380728791775,12.403995814213985
6,6416.968118859603,0.0,-12.0,0.14473684874495102,0.3456630233322233,0.24805584357522087,0.6411844099400659,3.2806679806333108,206.9202380948061,198.47818434119736,18.181083852105687
6,6416.968118859603,0.0,-12.0,0.3662310430915803,0.3413789340405976,0.4794244797306605,0.6296759533507361,55.03277310463622,4.29466805422496,26.425557037159706,235.1514159074917
6,6416.968118859603,0.0,-12.0,0.29563909906707975,0.2902623379957346,0.3356565452279039,0.643638909482231,232.1940892488213,64.02940655705945,70.45380728791775,16.078443623578735
6,6416.968118859603,0.0,-12.0,0.32267328406140666,0.0850074073916134,0.36994440556976504,0.6223110731712257,25.72780202072674,134.6440723173266,197.17531041418556,30.52269624158008
6,6416.968118859603,0.0,-12.0,0.4560382969170218,0.2891851952063848,0.2829279704550064,0.6296759533507361,213.70743236741097,5.380149247315016,19.74520616122183,235.40991336042003
6,6416.968118859603,0.0,-12.0,0.1615723515059922,0.34559695014607456,0.499770717606304,0.6076471057643655,51.24800039901166,118.30923765571184,26.380969590733066,109.6531355862708
6,6416.968118859603,0.0,-12.0,0.14473684874495102,0.3556527846948712,0.24762195980426988,0.6410092558049368,3.2806679806333108,206.29235506015058,198.47818434119736,18.181083852105687
6,6416.968118859603,0.0,-12.0,0.34003745489546516,0.4653071240243285,0.26530507682937104,0.6438846163618798,201.24269910670105,1.270945966221747,18.464305927701318,239.07042387459555
6,6416.968118859603,0.0,-12.0,0.41262004644400907,0.2888035928250746,0.1138318741505685,0.6221154827556681,28.77584732502461,179.18856903827137,4.057392334750247,83.80288457646988
6,6416.968118859603,0.0,-12.0,0.1313977292220872,0.26816187414269915,0.24281855363723412,0.6382807416197097,80.82037689110547,44.839369168343985,6.904527435847987,86.47653528234956
6,6416.968118859603,0.0,-12.0,0.2917179470178463,0.2874885033993724,0.1404330249960385,0.6274224919424912,231.91298459243689,58.40674519171915,40.08443838038785,15.186534488655333
6,6416.968118859603,0.0,-12.0,0.12979007930631503,0.34575466493105994,0.1262194350973405,0.6065489262221225,13.06107711978504,32.82363748589407,5.808297983109057,114.39738503072073
6,152.51978991583778,152.51978991583783,-12.0,0.12471255957954852,0.29376620896394806,0.23731364335888258,0.15883297866689108,81.22426293188546,49.922601356892685,5.196348436457676,226.69745321244125
6,152.51978991583778,152.51978991583783,-12.0,0.1313977292220872,0.2877858263180838,0.23731364335888258,0.15594442506877693,67.32658745671559,49.922601356892685,6.904527435847987,86.47653528234956
6,6416.968118859604,0.0,-12.0,0.09858830457466913,0.319748487270485,0.1085026499125376,0.6090132757619521,24.16459438757012,188.7441935922297,7.681355817064912,88.16048464862665
6,160.6626073754366,160.66260737543655,-12.0,0.1305311140753911,0.27032507497076286,0.23731364335888258,0.19781003372918754,81.78898471634784,49.73522049576524,4.163361169381826,84.3415365565743
6,6416.968118859604,0.0,-12.0,0.29563909906707975,0.3465596690399802,0.330567153619415,0.6411844099400659,4.260676915609329,62.774721981829344,70.45380728791775,16.602210132390493
6,4863.865251464398,156.44861175748198,-12.0,0.5117720510705157,0.28615420184090057,0.6215335787200373,0.15247755427604312,124.87607908848328,39.45145534228531,32.97105459266335,216.23439726132915
6,6416.968118859604,0.0,-12.0,0.12471255957954852,0.301004717066191,0.23731364335888258,0.6427897933971654,81.22426293188546,49.568419707942034,5.196348436457676,226.69745321244125
6,6416.968118859604,0.0,-12.0,0.13051692912316865,0.2894573338868143,0.2546226148765002,0.6090132757619521,67.79866651232535,36.8797946221446,4.220221988579162,110.05267126896511
6,6416.968118859604,0.0,-12.0,0.3009424328577829,0.29359799148861376,0.2546226148765002,0.6096756530835696,200.60072733141362,27.707770324893495,4.220221988579162,110.53840059016957
7,6416.968118859601,0.0,-12.0,0.41262004644400907,0.2975820994480396,0.11401796540976145,0.6221154827556681,28.77584732502461,179.18856903827137,95.18411348022784,182.92060481460518
7,6416.968118859601,0.0,-12.0,0.14574631421709405,0.2847137275843711,0.23127871540878164,0.645721896721912,54.962350389446385,235.75451011417675,35.309370944515095,110.4586270627971
7,6416.968118859601,0.0,-12.0,0.12979007930631503,0.2894061739440603,0.12178120744777812,0.6299090050512148,70.6921469616404,42.13315004347251,5.808297983109057,87.39494576421644
7,6416.968118859601,0.0,-12.0,0.1295764711517448,0.2895262673617064,0.10647292881651058,0.631944061154807,67.79973748341465,138.53384961935055,5.808297983109057,110.12056827336298
7,103.18521932874032,100.12351041515826,-12.0,0.13148524791083233,0.28941252242672927,0.24807810385574358,0.15344083331173156,67.43774902115881,6.897611922212519,5.773692674684335,87.39494576421644
7,6416.968118859601,0.0,-12.0,0.132973062580114,0.2894061739440603,0.1265312860185489,0.6299090050512148,67.59992512509265,41.50344600131716,32.451471697187834,87.414092416042
7,6416.968118859601,0.0,-12.0,0.14473684874495102,0.3456630233322233,0.09566656015123022,0.6411844099400659,29.91081327933065,207.30693496083373,198.47818434119736,28.955372450213133
7,6416.968118859601,0.0,-12.0,0.12979007930631503,0.2987124414188522,0.16413778486857758,0.6135191306077822,60.70709830967516,32.631362627087064,5.808297983109057,114.39738503072073
7,129.75572645488958,129.75572645488955,-12.0,0.15663745131437265,0.28820766886098137,0.23687748086117,0.15685184742783373,28.77584732502461,170.6797586263945,3.886019767340036,86.52479423234838
7,144.82877178852806,117.29657156999961,-12.0,0.3089542569443087,0.23517672597786998,0.330567153619415,0.0867596248068867,122.10865259045687,4.691785203475913,32.79741132765973,16.854909166295556
7,6416.968118859602,0.0,-12.0,0.4637218304360829,0.3457233872934029,0.4838988911792306,0.6296759533507361,213.70743236741097,5.380149247315016,26.425557037159706,238.96457835425483
7,6416.968118859602,0.0,-12.0,0.15387984817703326,0.2890587580590565,0.2987998024908308,0.6076471057643655,51.24800039901166,118.30923765571184,35.309370944515095,109.63386424061453
7,6416.968118859602,0.0,-12.0,0.12955695616530083,0.2702418279642298,0.282014892000445,0.6090132757619521,67.79866651232535,138.53384961935055,5.808297983109057,110.11240136105633
7,6416.968118859602,0.0,-12.0,0.12979007930631503,0.2894061739440603,0.1265312860185489,0.6299090050512148,70.6921469616404,42.13315004347251,5.808297983109057,87.39494576421644
7,6416.968118859602,0.0,-12.0,0.33917999896195183,0.4653071240243285,0.4838988911792306,0.6438846163618798,214.2622105052276,2.9433069158553344,177.46168311730722,239.07042387459555
7,6416.968118859602,0.0,-12.0,0.4535876070282086,0.34644698475829305,0.4838988911792306,0.6296759533507361,213.70743236741097,114.02617814737354,26.425557037159706,237.19206665457202
7,6416.968118859602,0.0,-12.0,0.3996754401929651,0.29876923660429816,0.1067692457325015,0.6221154827556681,21.021671809261093,178.73150551325142,13.490502923302756,182.446580989358
7,6416.968118859602,0.0,-12.0,0.30008497692426955,0.29359799148861376,0.44915090685541936,0.6096756530835696,213.62023872994013,27.50143283651216,187.9144928777664,110.53840059016957
7,6416.968118859602,0.0,-12.0,0.12979007930631503,0.2981846805670253,0.1267173772777419,0.6299090050512148,70.6921469616404,42.13315004347251,97.60777561223729,186.51265959296347
7,6416.968118859602,0.0,-12.0,0.3662310430915803,0.3413789340405976,0.47944473989040565,0.6296759533507361,54.20024516999749,4.30073016744045,26.425557037159706,238.94967348883853
7,6416.968118859602,0.0,-12.0,0.14473684874495102,0.3456630233322233,0.23678364330777318,0.6411844099400659,3.2806679806333108,206.9202380948061,198.47818434119736,21.256773328697292
7,6416.968118859602,0.0,-12.0,0.41335243448042464,0.2975820994480396,0.11401796540976145,0.6221154827556681,34.96798905169243,176.52119683529403,21.109018514756407,235.80094304145615
7,6416.968118859602,0.0,-12.0,0.12955695616530083,0.2702418279642298,0.282014892000445,0.6090132757619521,67.79973748341465,138.53384961935055,5.808297983109057,110.12056827336298
7,6416.968118859602,0.0,-12.0,0.4637218304360829,0.3457233872934029,0.4838786310194854,0.6297564816016282,214.5324683333621,5.374087134099526,26.425557037159706,235.16632077290802
7,6416.968118859602,0.0,-12.0,0.30008497692426955,0.2935979538487007,0.44915090685541936,0.6057663339724674,86.55315994502483,27.50143283651216,186.31243329241116,115.10945355768183
7,6416.968118859602,0.0,-12.0,0.10120701897080571,0.3197305509007639,0.11365960078454436,0.6410092558049368,3.634568344171102,189.58858277357817,198.47818434119736,18.181083852105687
7,6416.968118859602,0.0,-12.0,0.4535876070282086,0.34644698475829305,0.49050075238752633,0.6296759533507361,213.70743236741097,117.0124771440651,5.359887951462186,237.19206665457202
7,6416.968118859602,0.0,-12.0,0.2945962225593796,0.4653071240243285,0.4838988911792306,0.6426011717059942,214.2622105052276,61.234936985555365,177.46168311730722,236.79022132802194
7,6416.968118859602,0.0,-12.0,0.1277708072879452,0.29740680093477007,0.282014892000445,0.6090132757619521,67.79866651232535,139.13897208679037,5.808297983109057,202.21872566624856
7,6416.968118859603,0.0,-12.0,0.12979007930631503,0.2894573338868143,0.1265312860185489,0.6090132757619521,67.79866651232535,42.13315004347251,5.808297983109057,110.11240136105633
7,6416.968118859603,0.0,-12.0,0.4126130998983505,0.2890102334218975,0.1138318741505685,0.6221154827556681,28.77584732502461,179.18856903827137,4.057392334750247,83.80288457646988
7,144.59344987626173,144.59344987626173,-12.0,0.12979007930631503,0.26783117523852107,0.2403318807126408,0.20329376446365766,70.6921469616404,42.13315004347251,5.805232620692174,84.37009883231057
7,172.79898239600257,122.35374375476543,-12.0,0.12471255957954852,0.27129142549540824,0.23731364335888258,0.16229246793411975,208.28962502544834,51.59469022967599,8.084786055944704,226.69745321244125
7,6416.968118859603,0.0,-12.0,0.4580909580834591,0.3412168401168085,0.4972531758583748,0.6356870752119645,52.09322362119552,1.748202138069649,26.425557037159706,238.96457835425483
7,6416.968118859603,0.0,-12.0,0.32267328406140666,0.0850074073916134,0.36994440556976504,0.6223110731712257,25.72780202072674,134.6440723173266,197.17531041418556,30.52269624158008
7,6416.968118859603,0.0,-12.0,0.2917179470178463,0.2874885033993724,0.1404330249960385,0.6274224919424912,231.91298459243689,58.40674519171915,40.08443838038785,15.186534488655333
7,6416.968118859603,0.0,-12.0,0.14473684874495102,0.3456630233322233,0.24805584357522087,0.6411844099400659,3.2806679806333108,206.9202380948061,198.47818434119736,18.181083852105687
7,6416.968118859603,0.0,-12.0,0.3736335450178349,0.0850074073916134,0.36994440556976504,0.6223110731712257,27.22734311273917,134.6440723173266,94.72607491561405,43.73788558773833
7,6416.968118859603,0.0,-12.0,0.5014954062564737,0.26390464307017547,0.23506122205395255,0.6383690167972602,83.4350660916227,44.839369168343985,6.903399665250127,234.07191716955822
7,6416.968118859603,0.0,-12.0,0.14574631421709405,0.2890587580590565,0.23904428425110327,0.6093992549101859,48.86649383776316,235.75451011417675,35.309370944515095,109.63386424061453
7,6416.968118859603,0.0,-12.0,0.37186191544418823,0.34588548121719204,0.47944473989040565,0.6296759533507361,236.49719684750684,5.572911191148009,26.425557037159706,238.94967348883853
7,6416.968118859603,0.0,-12.0,0.12979007930631503,0.34575466493105994,0.1262194350973405,0.6065489262221225,13.06107711978504,32.82363748589407,5.808297983109057,114.39738503072073
7,6416.968118859603,0.0,-12.0,0.3476481023592209,0.2981846805670253,0.14386759891312767,0.6450544926027507,70.6921469616404,43.98118914508635,97.60777561223729,186.51265959296347
7,6416.968118859603,0.0,-12.0,0.1297025606175699,0.28777947783541485,0.1110272796157728,0.6299624729315224,70.58098539719718,42.103749474901804,6.939132744272709,86.47653528234956
7,6416.968118859603,0.0,-12.0,0.3662310430915803,0.3413789340405976,0.4794244797306605,0.6296759533507361,55.03277310463622,4.29466805422496,26.425557037159706,235.1514159074917
7,6416.968118859603,0.0,-12.0,0.1313977292220872,0.26816187414269915,0.24281855363723412,0.6382807416197097,80.82037689110547,44.839369168343985,6.904527435847987,86.47653528234956
7,6416.968118859603,0.0,-12.0,0.34003745489546516,0.4653071240243285,0.26530507682937104,0.6438846163618798,201.24269910670105,1.270945966221747,18.464305927701318,239.07042387459555
7,6416.968118859603,0.0,-12.0,0.4637218304360829,0.28857736584488064,0.482590957860932,0.6297564816016282,210.97446489091527,5.374087134099526,26.425557037159706,235.48296512466374
8,6416.968118859601,0.0,-12.0,0.41262004644400907,0.2975820994480396,0.11401796540976145,0.6221154827556681,28.77584732502461,179.18856903827137,95.18411348022784,182.92060481460518
8,6416.968118859601,0.0,-12.0,0.14574631421709405,0.2847137275843711,0.23127871540878164,0.645721896721912,54.962350389446385,235.75451011417675,35.309370944515095,110.4586270627971
8,6416.968118859601,0.0,-12.0,0.12979007930631503,0.2894061739440603,0.12178120744777812,0.6299090050512148,70.6921469616404,42.13315004347251,5.808297983109057,87.39494576421644
8,6416.968118859601,0.0,-12.0,0.1295764711517448,0.2895262673617064,0.10647292881651058,0.631944061154807,67.79973748341465,138.53384961935055,5.808297983109057,110.12056827336298
8,103.18521932874032,100.12351041515826,-12.0,0.13148524791083233,0.28941252242672927,0.24807810385574358,0.15344083331173156,67.43774902115881,6.897611922212519,5.773692674684335,87.39494576421644
8,6416.968118859601,0.0,-12.0,0.132973062580114,0.2894061739440603,0.1265312860185489,0.6299090050512148,67.59992512509265,41.50344600131716,32.451471697187834,87.414092416042
8,6416.968118859601,0.0,-12.0,0.14473684874495102,0.3456630233322233,0.09566656015123022,0.6411844099400659,29.91081327933065,207.30693496083373,198.47818434119736,28.955372450213133
8,6416.968118859601,0.0,-12.0,0.12979007930631503,0.2987124414188522,0.16413778486857758,0.6135191306077822,60.70709830967516,32.631362627087064,5.808297983109057,114.39738503072073
8,6416.968118859601,0.0,-12.0,0.4148394736027651,0.2940587524334324,0.11401796540976145,0.6221154827556681,34.96798905169243,176.73999155460535,16.11176198341995,235.80094304145615
8,6416.968118859601,0.0,-12.0,0.39897370114190017,0.2975820994480396,0.10614983450854114,0.6221154827556681,28.77584732502461,179.18856903827137,95.18411348022784,111.72471639116239
8,117.95935912056746,105.46330297262257,-12.0,0.1566274189269266,0.23517672597786998,0.330567153619415,0.08256134585519245,122.10865259045687,4.691785203475913,32.79741132765973,16.854909166295556
8,105.93005329825304,105.9300532982531,-12.0,0.12979007930631503,0.26783117523852107,0.2403318807126408,0.20329376446365766,24.298319054635265,41.91530479732022,5.654445177525476,84.37009883231057
8,6416.968118859602,0.0,-12.0,0.4637218304360829,0.3457233872934029,0.4838988911792306,0.6296759533507361,213.70743236741097,5.380149247315016,26.425557037159706,238.96457835425483
8,6416.968118859602,0.0,-12.0,0.15387984817703326,0.2890587580590565,0.2987998024908308,0.6076471057643655,51.24800039901166,118.30923765571184,35.309370944515095,109.63386424061453
8,6416.968118859602,0.0,-12.0,0.12955695616530083,0.2702418279642298,0.282014892000445,0.6090132757619521,67.79866651232535,138.53384961935055,5.808297983109057,110.11240136105633
8,6416.968118859602,0.0,-12.0,0.12979007930631503,0.2894061739440603,0.1265312860185489,0.6299090050512148,70.6921469616404,42.13315004347251,5.808297983109057,87.39494576421644
8,6416.968118859602,0.0,-12.0,0.33917999896195183,0.4653071240243285,0.4838988911792306,0.6438846163618798,214.2622105052276,2.9433069158553344,177.46168311730722,239.07042387459555
8,6416.968118859602,0.0,-12.0,0.4535876070282086,0.34644698475829305,0.4838988911792306,0.6296759533507361,213.70743236741097,114.02617814737354,26.425557037159706,237.19206665457202
8,6416.968118859602,0.0,-12.0,0.3996754401929651,0.29876923660429816,0.1067692457325015,0.6221154827556681,21.021671809261093,178.73150551325142,13.490502923302756,182.446580989358
8,6416.968118859602,0.0,-12.0,0.30008497692426955,0.29359799148861376,0.44915090685541936,0.6096756530835696,213.62023872994013,27.50143283651216,187.9144928777664,110.53840059016957
8,6416.968118859602,0.0,-12.0,0.12979007930631503,0.2981846805670253,0.1267173772777419,0.6299090050512148,70.6921469616404,42.13315004347251,97.60777561223729,186.51265959296347
8,6416.968118859602,0.0,-12.0,0.3662310430915803,0.3413789340405976,0.47944473989040565,0.6296759533507361,54.20024516999749,4.30073016744045,26.425557037159706,238.94967348883853
8,6416.968118859602,0.0,-12.0,0.14473684874495102,0.3456630233322233,0.23678364330777318,0.6411844099400659,3.2806679806333108,206.9202380948061,198.47818434119736,21.256773328697292
8,6416.968118859602,0.0,-12.0,0.41335243448042464,0.2975820994480396,0.11401796540976145,0.6221154827556681,34.96798905169243,176.52119683529403,21.109018514756407,235.80094304145615
8,6416.968118859602,0.0,-12.0,0.12955695616530083,0.2702418279642298,0.282014892000445,0.6090132757619521,67.79973748341465,138.53384961935055,5.808297983109057,110.12056827336298
8,6416.968118859602,0.0,-12.0,0.4637218304360829,0.3457233872934029,0.4838786310194854,0.6297564816016282,214.5324683333621,5.374087134099526,26.425557037159706,235.16632077290802
8,6416.968118859602,0.0,-12.0,0.30008497692426955,0.2935979538487007,0.44915090685541936,0.6057663339724674,86.55315994502483,27.50143283651216,186.31243329241116,115.10945355768183
8,6416.968118859602,0.0,-12.0,0.10120701897080571,0.3197305509007639,0.11365960078454436,0.6410092558049368,3.634568344171102,189.58858277357817,198.47818434119736,18.181083852105687
8,6416.968118859602,0.0,-12.0,0.4535876070282086,0.34644698475829305,0.49050075238752633,0.6296759533507361,213.70743236741097,117.0124771440651,5.359887951462186,237.19206665457202
8,6416.968118859602,0.0,-12.0,0.2945962225593796,0.4653071240243285,0.4838988911792306,0.6426011717059942,214.2622105052276,61.234936985555365,177.46168311730722,236.79022132802194
8,6416.968118859602,0.0,-12.0,0.1277708072879452,0.29740680093477007,0.282014892000445,0.6090132757619521,67.79866651232535,139.13897208679037,5.808297983109057,202.21872566624856
8,6416.968118859602,0.0,-12.0,0.4165270704355911,0.31748331765055676,0.11401796540976145,0.6221154827556681,3.406675411640026,179.18856903827137,197.5943216640223,182.92545760736914
8,6416.968118859602,0.0,-12.0,0.2908334452849167,0.3413789340405976,0.47944473989040565,0.6296759533507361,63.738800620211734,56.55611363849266,39.452882246527466,8.01017756277281
8,6416.968118859602,0.0,-12.0,0.1277708072879452,0.29740680093477007,0.282014892000445,0.6090132757619521,67.79866651232535,139.13897208679037,5.808297983109057,201.89284255973098
8,6416.968118859602,0.0,-12.0,0.46424462678338413,0.34633552570443515,0.49045554153444315,0.6356870752119645,52.09322362119552,1.748202138069649,26.425557037159706,238.88638753941257
8,6416.968118859602,0.0,-12.0,0.30008497692426955,0.28897554339468895,0.44915090685541936,0.605790255583104,86.55315994502483,27.50143283651216,186.31243329241116,115.10945355768183
8,6416.968118859602,0.0,-12.0,0.4637218304360829,0.29213319902651685,0.4838988911792306,0.5968098087863377,213.70743236741097,5.380149247315016,26.425557037159706,88.24333657089643
8,6416.968118859602,0.0,-12.0,0.12979007930631503,0.2894061739440603,0.12178120744777812,0.6299090050512148,67.81617417280277,42.13315004347251,5.808297983109057,86.32684165218673
8,6416.968118859602,0.0,-12.0,0.14477952849475575,0.3456630233322233,0.25353835210246056,0.6411844099400659,55.11768236800593,207.30693496083373,198.47818434119736,28.955372450213133
8,6416.968118859602,0.0,-12.0,0.13291474904003725,0.2894633777242443,0.1265312860185489,0.6299090050512148,71.41803776025603,33.159563532265715,5.665979051481843,120.74448243905988
8,6416.968118859602,0.0,-12.0,0.29466540995667745,0.4653071240243285,0.4838988911792306,0.642937012035302,214.2622105052276,61.234936985555365,177.46168311730722,249.00519329811533
8,6416.968118859602,0.0,-12.0,0.4535876070282086,0.3413282991706663,0.497298386711458,0.6173973424737823,213.70743236741097,117.0124771440651,5.359887951462186,237.27025746941428
8,6416.968118859602,0.0,-12.0,0.15387984817703326,0.2936811685130683,0.2987998024908308,0.6076231841537288,51.24800039901166,118.30923765571184,35.309370944515095,109.63386424061453
8,6416.968118859602,0.0,-12.0,0.1432555904514298,0.2895262673617064,0.11434105971773088,0.631944061154807,67.79973748341465,138.53384961935055,5.808297983109057,181.31645663728438
8,6416.968118859602,0.0,-12.0,0.12957566567332668,0.2702418279642298,0.12733129219050376,0.6290348275087744,70.69029734586776,134.18576109700155,5.808297983109057,109.75637487122574
8,6416.968118859602,0.0,-12.0,0.3662310430915803,0.34126306702925024,0.47944473989040565,0.6299290906812423,67.15144478164865,5.531899810022136,32.24698163134018,238.94967348883853
8,6416.968118859602,0.0,-12.0,0.14574631421709405,0.2847137275843711,0.23127871540878164,0.645721896721912,54.962350389446385,235.75451011417675,17.24665120032627,110.4586270627971
8,6416.968118859603,0.0,-12.0,0.12979007930631503,0.2894573338868143,0.1265312860185489,0.6090132757619521,69.73909559901448,42.13315004347251,5.808297983109057,107.29634302186759
9,6416.968118859601,0.0,-12.0,0.41262004644400907,0.2975820994480396,0.11401796540976145,0.6221154827556681,28.77584732502461,179.18856903827137,95.18411348022784,182.92060481460518
9,6416.968118859601,0.0,-12.0,0.14574631421709405,0.2847137275843711,0.23127871540878164,0.645721896721912,54.962350389446385,235.75451011417675,35.309370944515095,110.4586270627971
9,6416.968118859601,0.0,-12.0,0.12979007930631503,0.2894061739440603,0.12178120744777812,0.6299090050512148,70.6921469616404,42.13315004347251,5.808297983109057,87.39494576421644
9,6416.968118859601,0.0,-12.0,0.1295764711517448,0.2895262673617064,0.10647292881651058,0.631944061154807,67.79973748341465,138.53384961935055,5.808297983109057,110.12056827336298
9,6416.968118859601,0.0,-12.0,0.132973062580114,0.2894061739440603,0.1265312860185489,0.6299090050512148,67.59992512509265,41.50344600131716,32.451471697187834,87.414092416042
9,6416.968118859601,0.0,-12.0,0.14473684874495102,0.3456630233322233,0.09566656015123022,0.6411844099400659,29.91081327933065,207.30693496083373,198.47818434119736,28.955372450213133
9,6416.968118859601,0.0,-12.0,0.12979007930631503,0.2987124414188522,0.16413778486857758,0.6135191306077822,60.70709830967516,32.631362627087064,5.808297983109057,114.39738503072073
9,6416.968118859601,0.0,-12.0,0.4148394736027651,0.2940587524334324,0.11401796540976145,0.6221154827556681,34.96798905169243,176.73999155460535,16.11176198341995,235.80094304145615
9,6416.968118859601,0.0,-12.0,0.39897370114190017,0.2975820994480396,0.10614983450854114,0.6221154827556681,28.77584732502461,179.18856903827137,95.18411348022784,111.72471639116239
9,99.59614527853668,99.4258186341626,-12.0,0.1296842773798464,0.28941252242672927,0.22080873811179633,0.16348351989682552,61.28583751730021,5.922078015415957,5.806726260622298,108.01640961435984
9,6416.968118859601,0.0,-12.0,0.1287331112197889,0.2981846805670253,0.1267173772777419,0.6299090050512148,54.102470780503765,26.56572205417021,196.4889183139979,27.89960462587991
9,6416.968118859601,0.0,-12.0,0.13159104983730097,0.2987124414188522,0.16413778486857758,0.6028908973668851,66.85900981353375,33.60935065586986,5.775264397171092,114.39738503072073
9,6416.968118859601,0.0,-12.0,0.1458364965812819,0.3456630233322233,0.25353835210246056,0.6411844099400659,71.70735854914258,207.30693496083373,96.13583678394173,189.46247426321605
9,6416.968118859601,0.0,-12.0,0.12979007930631503,0.2894061739440603,0.12178120744777812,0.6299090050512148,70.6921469616404,47.69548267975091,5.653414333780311,87.31915446698648
9,99.86390593797167,96.70567913900003,-12.0,0.13148524791083233,0.23585663563941806,0.24807810385574358,0.15306157161442396,67.43774902115881,6.897611922212519,5.773692674684335,87.39494576421644
9,6416.968118859602,0.0,-12.0,0.15387984817703326,0.2891889947830096,0.2987998024908308,0.607623431736474,51.24800039901166,118.30923765571184,30.376312651991267,109.63386424061453
9,103.18521932874032,100.12351041515826,-12.0,0.13148524791083233,0.28941252242672927,0.24807810385574358,0.15344083331173156,67.43774902115881,6.897611922212519,5.773692674684335,87.39494576421644
9,6416.968118859602,0.0,-12.0,0.4637218304360829,0.3457233872934029,0.4838988911792306,0.6296759533507361,213.70743236741097,5.380149247315016,26.425557037159706,238.96457835425483
9,6416.968118859602,0.0,-12.0,0.46424462678338413,0.34341093957939167,0.49045554153444315,0.6356870752119645,52.09322362119552,1.748202138069649,26.425557037159706,238.88638753941257
9,6416.968118859602,0.0,-12.0,0.4165270704355911,0.31748331765055676,0.11401796540976145,0.6221154827556681,3.406675411640026,179.18856903827137,197.5943216640223,182.92545760736914
9,6416.968118859602,0.0,-12.0,0.12957566567332668,0.2702418279642298,0.12733129219050376,0.6290348275087744,70.69029734586776,134.18576109700155,5.808297983109057,109.75637487122574
9,6416.968118859602,0.0,-12.0,0.14473684874495102,0.3092598222017458,0.08577317765714362,0.6411844099400659,37.21666859968861,207.30693496083373,198.47818434119736,28.955372450213133
9,6416.968118859602,0.0,-12.0,0.12979007930631503,0.2894061739440603,0.12178120744777812,0.6299090050512148,67.81617417280277,42.13315004347251,5.808297983109057,86.32684165218673
9,6416.968118859602,0.0,-12.0,0.15387984817703326,0.2936811685130683,0.2987998024908308,0.6076231841537288,59.35050840257268,118.30923765571184,35.309370944515095,109.63386424061453
9,6416.968118859602,0.0,-12.0,0.2908334452849167,0.3413789340405976,0.47944473989040565,0.6296759533507361,63.738800620211734,56.55611363849266,39.452882246527466,8.01017756277281
9,6416.968118859602,0.0,-12.0,0.10120701897080571,0.3197305509007639,0.11365960078454436,0.6410092558049368,3.634568344171102,189.58858277357817,198.47818434119736,18.181083852105687
9,6416.968118859602,0.0,-12.0,0.1432555904514298,0.2895262673617064,0.11434105971773088,0.631944061154807,67.79973748341465,138.53384961935055,5.808297983109057,181.31645663728438
9,6416.968118859602,0.0,-12.0,0.12955695616530083,0.2702418279642298,0.282014892000445,0.6090132757619521,67.79973748341465,138.53384961935055,5.808297983109057,110.12056827336298
9,6416.968118859602,0.0,-12.0,0.4637218304360829,0.3457233872934029,0.4838786310194854,0.6297564816016282,214.5324683333621,5.374087134099526,26.425557037159706,235.16632077290802
9,6416.968118859602,0.0,-12.0,0.29466540995667745,0.4653071240243285,0.4838988911792306,0.642937012035302,214.2622105052276,61.234936985555365,177.46168311730722,249.00519329811533
9,6416.968118859602,0.0,-12.0,0.3662310430915803,0.3413789340405976,0.47944473989040565,0.6296759533507361,54.20024516999749,4.30073016744045,26.425557037159706,238.94967348883853
9,6416.968118859602,0.0,-12.0,0.3996754401929651,0.29876923660429816,0.1067692457325015,0.6221154827556681,21.021671809261093,178.73150551325142,13.490502923302756,182.446580989358
9,6416.968118859602,0.0,-12.0,0.4535876070282086,0.34644698475829305,0.4838988911792306,0.6296759533507361,213.70743236741097,114.02617814737354,26.425557037159706,237.19206665457202
9,6416.968118859602,0.0,-12.0,0.4535070002536406,0.34644698475829305,0.4904740844860273,0.6296759533507361,229.7131242854047,109.87060427139724,169.862523593905,237.19206665457202
9,6416.968118859602,0.0,-12.0,0.15387984817703326,0.2936811685130683,0.2987998024908308,0.6076231841537288,51.24800039901166,118.30923765571184,35.309370944515095,109.63386424061453
9,6416.968118859602,0.0,-12.0,0.30008497692426955,0.28897554339468895,0.44915090685541936,0.605790255583104,86.55315994502483,27.50143283651216,186.31243329241116,115.10945355768183
9,6416.968118859602,0.0,-12.0,0.41335243448042464,0.2975820994480396,0.11401796540976145,0.6221154827556681,34.96798905169243,176.52119683529403,21.109018514756407,235.80094304145615
9,6416.968118859602,0.0,-12.0,0.12979007930631503,0.2981846805670253,0.1267173772777419,0.6299090050512148,70.6921469616404,42.13315004347251,97.60777561223729,186.51265959296347
9,6416.968118859602,0.0,-12.0,0.1277708072879452,0.29740680093477007,0.282014892000445,0.6090132757619521,67.79866651232535,139.13897208679037,5.808297983109057,201.89284255973098
9,6416.968118859602,0.0,-12.0,0.1277708072879452,0.2973008550200519,0.11249743140590932,0.6087347506689341,67.79866651232535,44.280863290011155,5.808297983109057,201.34307101449158
9,6416.968118859602,0.0,-12.0,0.132973062580114,0.28951211985877856,0.29609225232620073,0.6301875301200683,42.06855195184407,137.65582900073068,32.451471697187834,87.96376237698817
9,6416.968118859602,0.0,-12.0,0.14473684874495102,0.3456630233322233,0.23678364330777318,0.6411844099400659,3.2806679806333108,206.9202380948061,198.47818434119736,21.256773328697292
9,6416.968118859602,0.0,-12.0,0.15387984817703326,0.2890587580590565,0.2987998024908308,0.6076471057643655,51.24800039901166,118.30923765571184,35.309370944515095,109.63386424061453
9,6416.968118859602,0.0,-12.0,0.2908334452849167,0.2332967131016271,0.47944473989040565,0.6296759533507361,63.738800620211734,56.55611363849266,39.283210895053344,16.691356593307084
9,6416.968118859602,0.0,-12.0,0.30008497692426955,0.29359799148861376,0.44915090685541936,0.6096756530835696,213.62023872994013,27.50143283651216,187.9144928777664,110.53840059016957
9,6416.968118859602,0.0,-12.0,0.14477952849475575,0.3456630233322233,0.25353835210246056,0.6411844099400659,55.11768236800593,207.30693496083373,198.47818434119736,28.955372450213133
9,6416.968118859602,0.0,-12.0,0.14574631421709405,0.2847137275843711,0.23127871540878164,0.645721896721912,54.962350389446385,235.75451011417675,17.24665120032627,110.4586270627971
9,6416.968118859602,0.0,-12.0,0.14473684874495102,0.3456630233322233,0.10645968881294093,0.6323279524671843,66.82995740774803,138.6866925598556,198.47818434119736,109.19053355168114
10,99.59614527853668,99.4258186341626,-12.0,0.1296842773798464,0.28941252242672927,0.22080873811179633,0.16348351989682552,61.28583751730021,5.922078015415957,5.806726260622298,108.01640961435984
10,99.86390593797167,96.70567913900003,-12.0,0.13148524791083233,0.23585663563941806,0.24807810385574358,0.15306157161442396,67.43774902115881,6.897611922212519,5.773692674684335,87.39494576421644
10,6416.9681188596,0.0,-12.0,0.1279102335866409,0.28913903284016323,0.282014892000445,0.6288372455572242,67.60575290030654,139.13897208679037,7.187889218854146,94.49597154743441
10,102.87882574594366,99.4258186341626,-12.0,0.1296842773798464,0.2870911510224062,0.22080873811179633,0.16348351989682552,61.28583751730021,9.05348052740122,9.69076078574156,108.01640961435984
10,6416.9681188596005,0.0,-12.0,0.1295764711517448,0.28483893890072726,0.10128192457369153,0.6315872111148167,67.79973748341465,237.23861610580076,5.930736346330109,95.5510244571418
10,6416.9681188596005,0.0,-12.0,0.4148726414202275,0.2976861946714314,0.11401796540976145,0.6221154827556681,34.96798905169243,179.13615004611862,16.11176198341995,235.80094304145615
10,103.18521932874032,100.12351041515826,-12.0,0.13148524791083233,0.28941252242672927,0.24807810385574358,0.15344083331173156,67.43774902115881,6.897611922212519,5.773692674684335,87.39494576421644
10,103.18521932874032,100.12351041515826,-12.0,0.13148524791083233,0.2894061658110282,0.13228350592724517,0.15344083331173156,67.43774902115881,6.897611922212519,5.773692674684335,87.39623950074555
10,6416.968118859601,0.0,-12.0,0.41262004644400907,0.2975820994480396,0.11401796540976145,0.6221154827556681,28.77584732502461,179.18856903827137,95.18411348022784,182.92060481460518
10,6416.968118859601,0.0,-12.0,0.14574631421709405,0.2847137275843711,0.23127871540878164,0.645721896721912,54.962350389446385,235.75451011417675,35.309370944515095,110.4586270627971
10,6416.968118859601,0.0,-12.0,0.12979007930631503,0.2894061739440603,0.12178120744777812,0.6299090050512148,70.6921469616404,42.13315004347251,5.808297983109057,87.39494576421644
10,6416.968118859601,0.0,-12.0,0.1295764711517448,0.2895262673617064,0.10647292881651058,0.631944061154807,67.79973748341465,138.53384961935055,5.808297983109057,110.12056827336298
10,6416.968118859601,0.0,-12.0,0.132973062580114,0.2894061739440603,0.1265312860185489,0.6299090050512148,67.59992512509265,41.50344600131716,32.451471697187834,87.414092416042
10,6416.968118859601,0.0,-12.0,0.14473684874495102,0.3456630233322233,0.09566656015123022,0.6411844099400659,29.91081327933065,207.30693496083373,198.47818434119736,28.955372450213133
10,6416.968118859601,0.0,-12.0,0.12979007930631503,0.2987124414188522,0.16413778486857758,0.6135191306077822,60.70709830967516,32.631362627087064,5.808297983109057,114.39738503072073
10,6416.968118859601,0.0,-12.0,0.4148394736027651,0.2940587524334324,0.11401796540976145,0.6221154827556681,34.96798905169243,176.73999155460535,16.11176198341995,235.80094304145615
10,6416.968118859601,0.0,-12.0,0.39897370114190017,0.2975820994480396,0.10614983450854114,0.6221154827556681,28.77584732502461,179.18856903827137,95.18411348022784,111.72471639116239
10,6416.968118859601,0.0,-12.0,0.1287331112197889,0.2981846805670253,0.1267173772777419,0.6299090050512148,54.102470780503765,26.56572205417021,196.4889183139979,27.89960462587991
10,6416.968118859601,0.0,-12.0,0.13159104983730097,0.2987124414188522,0.16413778486857758,0.6028908973668851,66.85900981353375,33.60935065586986,5.775264397171092,114.39738503072073
10,6416.968118859601,0.0,-12.0,0.1458364965812819,0.3456630233322233,0.25353835210246056,0.6411844099400659,71.70735854914258,207.30693496083373,96.13583678394173,189.46247426321605
10,6416.968118859601,0.0,-12.0,0.12979007930631503,0.2894061739440603,0.12178120744777812,0.6299090050512148,70.6921469616404,47.69548267975091,5.653414333780311,87.31915446698648
10,6416.968118859601,0.0,-12.0,0.12979007930631503,0.2894817109544114,0.12723913224302527,0.6299090050512148,70.6921469616404,47.799399127216915,5.653414333780311,87.31915446698648
10,6416.968118859601,0.0,-12.0,0.13301271948880636,0.2702418279642298,0.1273287305974682,0.6290348275087744,70.59371106472697,134.18576109700155,32.681340005432396,86.85205877391147
10,6416.968118859601,0.0,-12.0,0.1287331112197889,0.2981846805670253,0.12623195445297722,0.6299090050512148,54.277274732674904,30.03849680027253,196.4889183139979,27.89960462587991
10,6416.968118859601,0.0,-12.0,0.14574631421709405,0.2847137275843711,0.22962731132541842,0.6441849589193999,54.962350389446385,231.24658496603104,34.825365117961226,109.27794298780417
10,6416.968118859601,0.0,-12.0,0.39897370114190017,0.2975820994480396,0.10614983450854114,0.6221154827556681,42.03372737953978,136.66177263060177,31.806351657639432,111.72471639116239
10,6416.968118859601,0.0,-12.0,0.1287331112197889,0.2981091435566742,0.12125945248249476,0.6299090050512148,54.102470780503765,26.461805607528134,196.4889183139979,27.89960462587991
10,6416.968118859601,0.0,-12.0,0.1328336362814183,0.2976739420386672,0.1265312860185489,0.6100850352456232,67.79283873711147,41.50344600131716,31.07302275481506,183.8498947365578
10,6416.968118859601,0.0,-12.0,0.15018504020272622,0.23291643773667076,0.3017409067725544,0.607623431736474,63.755597505183495,116.65483936088138,20.30207247691805,109.63386424061453
10,6416.968118859601,0.0,-12.0,0.1458364965812819,0.34268414596272395,0.2540241420510521,0.6411844099400659,71.53255459697145,208.23585963743096,96.13583678394173,181.220018574243
10,6416.968118859601,0.0,-12.0,0.4003134245830464,0.29821255218584547,0.1267173772777419,0.6226579886454465,70.6921469616404,42.12166807756334,97.60777561223729,186.51265959296347
10,6416.968118859602,0.0,-12.0,0.14473684874495102,0.3456630233322233,0.2885582492105197,0.6417972907229331,29.91081327933065,133.57203791743575,198.47818434119736,28.955372450213133
10,106.50653271950898,102.85580353819697,-12.0,0.13158343171444012,0.23840981062219063,0.20246825147242725,0.15306157161442396,67.43774902115881,18.96347614378773,5.773692674684335,200.69483296737087
10,106.50653271950898,102.85580353819697,-12.0,0.13148524791083233,0.30074577170685346,0.2497295079391068,0.14784292312884728,67.43774902115881,12.353384777592979,6.259974435618201,88.57562983920938
10,6416.968118859602,0.0,-12.0,0.15387984817703326,0.2891889947830096,0.2987998024908308,0.607623431736474,51.24800039901166,118.30923765571184,30.376312651991267,109.63386424061453
10,6416.968118859602,0.0,-12.0,0.12955695616530083,0.2702418279642298,0.282014892000445,0.6090132757619521,67.79973748341465,138.53384961935055,5.808297983109057,110.12056827336298
10,6416.968118859602,0.0,-12.0,0.14473684874495102,0.3092598222017458,0.08577317765714362,0.6411844099400659,37.21666859968861,207.30693496083373,198.47818434119736,28.955372450213133
10,6416.968118859602,0.0,-12.0,0.2908334452849167,0.2332967131016271,0.47944473989040565,0.6296759533507361,63.738800620211734,56.55611363849266,39.283210895053344,16.691356593307084
10,6416.968118859602,0.0,-12.0,0.29466540995667745,0.4653071240243285,0.4838988911792306,0.642937012035302,214.2622105052276,61.234936985555365,177.46168311730722,249.00519329811533
10,6416.968118859602,0.0,-12.0,0.14574631421709405,0.2847137275843711,0.23127871540878164,0.645721896721912,54.962350389446385,235.75451011417675,17.24665120032627,110.4586270627971
10,6416.968118859602,0.0,-12.0,0.1432555904514298,0.2895262673617064,0.11434105971773088,0.631944061154807,67.79973748341465,138.53384961935055,5.808297983109057,181.31645663728438
10,6416.968118859602,0.0,-12.0,0.10120701897080571,0.3197305509007639,0.11365960078454436,0.6410092558049368,3.634568344171102,189.58858277357817,198.47818434119736,18.181083852105687
10,6416.968118859602,0.0,-12.0,0.30008497692426955,0.29359799148861376,0.44915090685541936,0.6096756530835696,213.62023872994013,27.50143283651216,187.9144928777664,110.53840059016957
10,6416.968118859602,0.0,-12.0,0.14468550614909648,0.3456630233322233,0.2509781774458614,0.6411844099400659,71.62191241374342,207.30693496083373,97.29036512034929,183.7682363223252
10,6416.968118859602,0.0,-12.0,0.4165270704355911,0.31748331765055676,0.11401796540976145,0.6221154827556681,3.406675411640026,179.18856903827137,197.5943216640223,182.92545760736914
10,6416.968118859602,0.0,-12.0,0.14477952849475575,0.3456630233322233,0.25353835210246056,0.6411844099400659,55.11768236800593,207.30693496083373,198.47818434119736,28.955372450213133
10,6416.968118859602,0.0,-12.0,0.4637218304360829,0.3457233872934029,0.4838988911792306,0.6296759533507361,213.70743236741097,5.380149247315016,26.425557037159706,238.96457835425483
10,6416.968118859602,0.0,-12.0,0.30008497692426955,0.28897554339468895,0.44915090685541936,0.605790255583104,86.55315994502483,27.50143283651216,186.31243329241116,115.10945355768183
11,99.59614527853668,99.4258186341626,-12.0,0.1296842773798464,0.28941252242672927,0.22080873811179633,0.16348351989682552,61.28583751730021,5.922078015415957,5.806726260622298,108.01640961435984
11,99.86390593797167,96.70567913900003,-12.0,0.13148524791083233,0.23585663563941806,0.24807810385574358,0.15306157161442396,67.43774902115881,6.897611922212519,5.773692674684335,87.39494576421644
11,6416.9681188596,0.0,-12.0,0.1279102335866409,0.28913903284016323,0.282014892000445,0.6288372455572242,67.60575290030654,139.13897208679037,7.187889218854146,94.49597154743441
11,99.86390593797167,96.70567913900003,-12.0,0.1315215252829222,0.23585663563941806,0.24807810385574358,0.15306157161442396,67.35450507851833,6.897611922212519,9.736069001846692,88.56248751145633
11,99.86390593797167,96.70567913900003,-12.0,0.12958924418348108,0.28941252242672927,0.2837767407027561,0.16689581264113548,67.43774902115881,1.5330228384891456,5.773692674684335,87.39494576421644
11,6416.9681188596005,0.0,-12.0,0.1295764711517448,0.28483893890072726,0.10128192457369153,0.6315872111148167,67.79973748341465,237.23861610580076,5.930736346330109,95.5510244571418
11,6416.9681188596005,0.0,-12.0,0.4148726414202275,0.2976861946714314,0.11401796540976145,0.6221154827556681,34.96798905169243,179.13615004611862,16.11176198341995,235.80094304145615
11,6416.9681188596005,0.0,-12.0,0.1279510216052,0.29772092883739854,0.282014892000445,0.6288372455572242,67.60575290030654,41.51116966589286,7.895744457046035,184.11186473231504
11,6416.9681188596005,0.0,-12.0,0.1327928482628592,0.2890920460414319,0.1265312860185489,0.6188013333524914,67.79283873711147,139.1313293183406,30.365354339919463,114.51262444602979
11,6416.9681188596005,0.0,-12.0,0.15387984817703326,0.2891889947830096,0.29223469524095613,0.6074939469844928,51.24800039901166,136.64469443359224,30.376312651991267,109.51763864192586
11,102.87882574594366,99.4258186341626,-12.0,0.1296842773798464,0.2870911510224062,0.22080873811179633,0.16348351989682552,61.28583751730021,9.05348052740122,9.69076078574156,108.01640961435984
11,103.18521932874032,97.48076230040107,-12.0,0.1328336362814183,0.2976739420386672,0.1265312860185489,0.09957498257683867,67.79283873711147,5.123864218774724,5.781740091626247,183.8498947365578
11,102.5359856113588,99.83071202456443,-12.0,0.1296480000077565,0.2870911510224062,0.22080873811179633,0.16348351989682552,61.36908145994069,9.05348052740122,5.728384458613066,106.84886786711995
11,6416.968118859601,0.0,-12.0,0.41262004644400907,0.2975820994480396,0.11401796540976145,0.6221154827556681,28.77584732502461,179.18856903827137,95.18411348022784,182.92060481460518
11,6416.968118859601,0.0,-12.0,0.14574631421709405,0.2847137275843711,0.23127871540878164,0.645721896721912,54.962350389446385,235.75451011417675,35.309370944515095,110.4586270627971
11,6416.968118859601,0.0,-12.0,0.12979007930631503,0.2894061739440603,0.12178120744777812,0.6299090050512148,70.6921469616404,42.13315004347251,5.808297983109057,87.39494576421644
11,6416.968118859601,0.0,-12.0,0.1295764711517448,0.2895262673617064,0.10647292881651058,0.631944061154807,67.79973748341465,138.53384961935055,5.808297983109057,110.12056827336298
11,6416.968118859601,0.0,-12.0,0.132973062580114,0.2894061739440603,0.1265312860185489,0.6299090050512148,67.59992512509265,41.50344600131716,32.451471697187834,87.414092416042
11,6416.968118859601,0.0,-12.0,0.14473684874495102,0.3456630233322233,0.09566656015123022,0.6411844099400659,29.91081327933065,207.30693496083373,198.47818434119736,28.955372450213133
11,6416.968118859601,0.0,-12.0,0.12979007930631503,0.2987124414188522,0.16413778486857758,0.6135191306077822,60.70709830967516,32.631362627087064,5.808297983109057,114.39738503072073
11,6416.968118859601,0.0,-12.0,0.4148394736027651,0.2940587524334324,0.11401796540976145,0.6221154827556681,34.96798905169243,176.73999155460535,16.11176198341995,235.80094304145615
11,6416.968118859601,0.0,-12.0,0.39897370114190017,0.2975820994480396,0.10614983450854114,0.6221154827556681,28.77584732502461,179.18856903827137,95.18411348022784,111.72471639116239
11,6416.968118859601,0.0,-12.0,0.1287331112197889,0.2981846805670253,0.1267173772777419,0.6299090050512148,54.102470780503765,26.56572205417021,196.4889183139979,27.89960462587991
11,6416.968118859601,0.0,-12.0,0.13159104983730097,0.2987124414188522,0.16413778486857758,0.6028908973668851,66.85900981353375,33.60935065586986,5.775264397171092,114.39738503072073
11,6416.968118859601,0.0,-12.0,0.1458364965812819,0.3456630233322233,0.25353835210246056,0.6411844099400659,71.70735854914258,207.30693496083373,96.13583678394173,189.46247426321605
11,6416.968118859601,0.0,-12.0,0.12979007930631503,0.2894061739440603,0.12178120744777812,0.6299090050512148,70.6921469616404,47.69548267975091,5.653414333780311,87.31915446698648
11,6416.968118859601,0.0,-12.0,0.12979007930631503,0.2894817109544114,0.12723913224302527,0.6299090050512148,70.6921469616404,47.799399127216915,5.653414333780311,87.31915446698648
11,6416.968118859601,0.0,-12.0,0.13301271948880636,0.2702418279642298,0.1273287305974682,0.6290348275087744,70.59371106472697,134.18576109700155,32.681340005432396,86.85205877391147
11,6416.968118859601,0.0,-12.0,0.1287331112197889,0.2981846805670253,0.12623195445297722,0.6299090050512148,54.277274732674904,30.03849680027253,196.4889183139979,27.89960462587991
11,6416.968118859601,0.0,-12.0,0.14574631421709405,0.2847137275843711,0.22962731132541842,0.6441849589193999,54.962350389446385,231.24658496603104,34.825365117961226,109.27794298780417
11,6416.968118859601,0.0,-12.0,0.39897370114190017,0.2975820994480396,0.10614983450854114,0.6221154827556681,42.03372737953978,136.66177263060177,31.806351657639432,111.72471639116239
11,6416.968118859601,0.0,-12.0,0.1287331112197889,0.2981091435566742,0.12125945248249476,0.6299090050512148,54.102470780503765,26.461805607528134,196.4889183139979,27.89960462587991
11,6416.968118859601,0.0,-12.0,0.1328336362814183,0.2976739420386672,0.1265312860185489,0.6100850352456232,67.79283873711147,41.50344600131716,31.07302275481506,183.8498947365578
11,6416.968118859601,0.0,-12.0,0.15018504020272622,0.23291643773667076,0.3017409067725544,0.607623431736474,63.755597505183495,116.65483936088138,20.30207247691805,109.63386424061453
11,6416.968118859601,0.0,-12.0,0.1458364965812819,0.34268414596272395,0.2540241420510521,0.6411844099400659,71.53255459697145,208.23585963743096,96.13583678394173,181.220018574243
11,6416.968118859601,0.0,-12.0,0.4003134245830464,0.29821255218584547,0.1267173772777419,0.6226579886454465,70.6921469616404,42.12166807756334,97.60777561223729,186.51265959296347
11,6416.968118859601,0.0,-12.0,0.13148524791083233,0.2971384550597747,0.24807810385574358,0.6361951996167055,67.88196124352922,6.897611922212519,185.86952556283603,87.39494576421644
11,6416.968118859601,0.0,-12.0,0.40156123395853627,0.2992603937045052,0.1267173772777419,0.6220316403995134,70.6921469616404,42.12166807756334,97.60777561223729,186.51265959296347
11,6416.968118859601,0.0,-12.0,0.14477952849475575,0.3456630233322233,0.2547526958150156,0.6411844099400659,63.098201615444715,210.6704822415014,17.22642056008523,28.955372450213133
11,6416.968118859601,0.0,-12.0,0.13147247487909605,0.28483893890072726,0.10128192457369153,0.615906588534463,67.79973748341465,246.61235963915823,5.930736346330109,95.5510244571418
11,6416.968118859601,0.0,-12.0,0.15418392568334383,0.2702418279642298,0.282014892000445,0.6090132757619521,51.292993265309775,118.30817283699768,17.66721884517127,110.12056827336298
11,103.18521932874032,100.12351041515826,-12.0,0.13148524791083233,0.28941252242672927,0.24807810385574358,0.15344083331173156,67.43774902115881,6.897611922212519,5.773692674684335,87.39494576421644
11,103.18521932874032,100.12351041515826,-12.0,0.13148524791083233,0.2894061658110282,0.13228350592724517,0.15344083331173156,67.43774902115881,6.897611922212519,5.773692674684335,87.39623950074555
11,103.18521932874032,100.12351041515826,-12.0,0.13148524791083233,0.3007103720960483,0.13228350592724517,0.14798723333209476,67.43774902115881,6.8342608957645865,5.7738424948265035,87.30489003700475
11,6416.968118859602,0.0,-12.0,0.14473684874495102,0.3456630233322233,0.2885582492105197,0.6417972907229331,29.91081327933065,133.57203791743575,198.47818434119736,28.955372450213133
11,106.50653271950898,102.85580353819697,-12.0,0.13158343171444012,0.23840981062219063,0.20246825147242725,0.15306157161442396,67.43774902115881,18.96347614378773,5.773692674684335,200.69483296737087
11,6416.968118859602,0.0,-12.0,0.132973062580114,0.335230464897856,0.1265427057971428,0.6299090050512148,67.59992512509265,41.50344600131716,27.551278585045637,32.01284966543198
11,106.50653271950898,102.85580353819697,-12.0,0.13148524791083233,0.28944156542183336,0.2497295079391068,0.15329652310848405,67.43774902115881,12.416735804326038,6.259824615476031,88.66697930295018
12,6416.9681188596,0.0,-12.0,0.1279102335866409,0.28913903284016323,0.282014892000445,0.6288372455572242,67.60575290030654,139.13897208679037,7.187889218854146,94.49597154743441
12,99.59614527853668,96.52542668820827,-12.0,0.1381095016547193,0.26543374486508164,0.24807810385574358,0.15133906284985846,61.14164764269839,1.7549228865263018,5.773692674684335,87.39494576421644
12,6416.9681188596005,0.0,-12.0,0.1295764711517448,0.28483893890072726,0.10128192457369153,0.6315872111148167,67.79973748341465,237.23861610580076,5.930736346330109,95.5510244571418
12,6416.9681188596005,0.0,-12.0,0.4148726414202275,0.2976861946714314,0.11401796540976145,0.6221154827556681,34.96798905169243,179.13615004611862,16.11176198341995,235.80094304145615
12,6416.9681188596005,0.0,-12.0,0.1279510216052,0.29772092883739854,0.282014892000445,0.6288372455572242,67.60575290030654,41.51116966589286,7.895744457046035,184.11186473231504
12,6416.9681188596005,0.0,-12.0,0.1327928482628592,0.2890920460414319,0.1265312860185489,0.6188013333524914,67.79283873711147,139.1313293183406,30.365354339919463,114.51262444602979
12,6416.9681188596005,0.0,-12.0,0.15387984817703326,0.2891889947830096,0.29223469524095613,0.6074939469844928,51.24800039901166,136.64469443359224,30.376312651991267,109.51763864192586
12,6416.9681188596005,0.0,-12.0,0.13378017690495347,0.297535200813747,0.12690552578982264,0.6221154827556681,68.1146746954354,179.18856903827137,95.18411348022784,182.92060481460518
12,6416.9681188596005,0.0,-12.0,0.1295764711517448,0.28483893890072726,0.10128192457369153,0.6315872111148167,67.43730178452783,235.10489771980008,5.768446944389533,95.5510244571418
12,99.59614527853668,99.4258186341626,-12.0,0.1296842773798464,0.28941252242672927,0.22080873811179633,0.16348351989682552,61.28583751730021,5.922078015415957,5.806726260622298,108.01640961435984
12,99.86390593797167,96.70567913900003,-12.0,0.13148524791083233,0.23585663563941806,0.24807810385574358,0.15306157161442396,67.43774902115881,6.897611922212519,5.773692674684335,87.39494576421644
12,99.86390593797167,96.70567913900003,-12.0,0.1315215252829222,0.23585663563941806,0.24807810385574358,0.15306157161442396,67.35450507851833,6.897611922212519,9.736069001846692,88.56248751145633
12,99.86390593797167,96.70567913900003,-12.0,0.12958924418348108,0.28941252242672927,0.2837767407027561,0.16689581264113548,67.43774902115881,1.5330228384891456,5.773692674684335,87.39494576421644
12,99.59614527853668,99.4258186341626,-12.0,0.12964859972863105,0.2871120267113593,0.22080873811179633,0.16348351989682552,61.28192313588961,3.6553277573962264,5.728384458613066,106.84886786711995
12,99.86390593797167,96.70567913900003,-12.0,0.1315207336394614,0.23585663563941806,0.24807810385574358,0.1480242816536994,67.35421825010114,6.897611922212519,18.07832070911038,88.52442756036001
12,99.86390593797167,96.70567913900003,-12.0,0.13148524791083233,0.23940434576857011,0.12485227548022061,0.15306157161442396,67.43774902115881,6.897611922212519,16.204737503892474,87.39494576421644
12,6416.968118859601,0.0,-12.0,0.1328336362814183,0.2976739420386672,0.1265312860185489,0.603820555355918,67.79283873711147,41.50344600131716,30.118273756030234,188.25124295084925
12,99.83071202456446,99.83071202456443,-12.0,0.13747552257655013,0.2870911510224062,0.22080873811179633,0.16348351989682552,61.374978602512066,6.027242418986492,5.806704720580134,106.82918171516171
12,6416.968118859601,0.0,-12.0,0.41262004644400907,0.2975820994480396,0.11401796540976145,0.6221154827556681,28.77584732502461,179.18856903827137,95.18411348022784,182.92060481460518
12,103.18521932874032,97.48076230040107,-12.0,0.1328336362814183,0.2976739420386672,0.1265312860185489,0.09957498257683867,67.79283873711147,5.123864218774724,5.781740091626247,183.8498947365578
12,102.87882574594366,99.4258186341626,-12.0,0.1296842773798464,0.2870911510224062,0.22080873811179633,0.16348351989682552,61.28583751730021,9.05348052740122,9.69076078574156,108.01640961435984
12,102.87882574594366,99.4258186341626,-12.0,0.12968263330025726,0.28941252242672927,0.20546360959000132,0.16348351989682552,61.27994037472883,8.948316123831296,5.72840599865523,108.03609576631807
12,6416.968118859601,0.0,-12.0,0.13301271948880636,0.2702418279642298,0.1273287305974682,0.6290348275087744,70.59371106472697,134.18576109700155,32.681340005432396,86.85205877391147
12,6416.968118859601,0.0,-12.0,0.13148524791083233,0.2971384550597747,0.24807810385574358,0.6361951996167055,67.88196124352922,6.897611922212519,185.86952556283603,87.39494576421644
12,6416.968118859601,0.0,-12.0,0.15018504020272622,0.23291643773667076,0.3017409067725544,0.607623431736474,63.755597505183495,116.65483936088138,20.30207247691805,109.63386424061453
12,6416.968118859601,0.0,-12.0,0.4003134245830464,0.29821255218584547,0.1267173772777419,0.6226579886454465,70.6921469616404,42.12166807756334,97.60777561223729,186.51265959296347
12,6416.968118859601,0.0,-12.0,0.12979007930631503,0.2894061739440603,0.12178120744777812,0.6299090050512148,70.6921469616404,42.13315004347251,5.808297983109057,87.39494576421644
12,6416.968118859601,0.0,-12.0,0.14473684874495102,0.3456630233322233,0.09566656015123022,0.6411844099400659,29.91081327933065,207.30693496083373,198.47818434119736,28.955372450213133
12,6416.968118859601,0.0,-12.0,0.13147247487909605,0.28483893890072726,0.10128192457369153,0.615906588534463,67.79973748341465,246.61235963915823,5.930736346330109,95.5510244571418
12,6416.968118859601,0.0,-12.0,0.132973062580114,0.2894061739440603,0.1265312860185489,0.6299090050512148,67.59992512509265,41.50344600131716,32.451471697187834,87.414092416042
12,6416.968118859601,0.0,-12.0,0.1328336362814183,0.2976739420386672,0.1265312860185489,0.6100850352456232,67.79283873711147,41.50344600131716,31.07302275481506,183.8498947365578
12,102.87882574594366,99.4258186341626,-12.0,0.1295801057912266,0.2870911510224062,0.2277361796410571,0.20449248588457028,61.28583751730021,9.05348052740122,27.354220704274248,32.24592159673346
12,6416.968118859601,0.0,-12.0,0.1295764711517448,0.2895262673617064,0.10647292881651058,0.631944061154807,67.79973748341465,138.53384961935055,5.808297983109057,110.12056827336298
12,6416.968118859601,0.0,-12.0,0.1458364965812819,0.34268414596272395,0.2540241420510521,0.6411844099400659,71.53255459697145,208.23585963743096,96.13583678394173,181.220018574243
12,6416.968118859601,0.0,-12.0,0.1279102335866409,0.28913903284016323,0.282014892000445,0.6297919981509036,67.60575290030654,139.13897208679037,8.142820932272445,94.49597154743441
12,6416.968118859601,0.0,-12.0,0.1458364965812819,0.3456630233322233,0.25353835210246056,0.6411844099400659,71.70735854914258,207.30693496083373,96.13583678394173,189.46247426321605
12,6416.968118859601,0.0,-12.0,0.39897370114190017,0.2975820994480396,0.10614983450854114,0.6221154827556681,42.03372737953978,136.66177263060177,31.806351657639432,111.72471639116239
12,6416.968118859601,0.0,-12.0,0.17914656679971142,0.2895262673617064,0.1218104735485849,0.631944061154807,70.746220746434,134.9310137984696,5.808297983109057,110.12056827336298
12,6416.968118859601,0.0,-12.0,0.132973062580114,0.28941859429617234,0.2937829515097393,0.6299090050512148,67.5263309892207,137.73374665812003,32.451471697187834,87.414092416042
12,6416.968118859601,0.0,-12.0,0.15418392568334383,0.2702418279642298,0.282014892000445,0.6090132757619521,51.292993265309775,118.30817283699768,17.66721884517127,110.12056827336298
12,6416.968118859601,0.0,-12.0,0.1287331112197889,0.2981846805670253,0.12623195445297722,0.6299090050512148,54.277274732674904,30.03849680027253,196.4889183139979,27.89960462587991
12,6416.968118859601,0.0,-12.0,0.12979007930631503,0.2894061739440603,0.12178120744777812,0.6299090050512148,70.6921469616404,47.69548267975091,5.653414333780311,87.31915446698648
12,6416.968118859601,0.0,-12.0,0.14477952849475575,0.3456630233322233,0.2547526958150156,0.6411844099400659,63.098201615444715,210.6704822415014,17.22642056008523,28.955372450213133
12,6416.968118859601,0.0,-12.0,0.14574631421709405,0.2847137275843711,0.22962731132541842,0.6441849589193999,54.962350389446385,231.24658496603104,34.825365117961226,109.27794298780417
12,6416.968118859601,0.0,-12.0,0.15387984817703326,0.2891765744308975,0.12498659098551014,0.6074939469844928,51.321594534883616,40.41451848193208,30.376312651991267,116.58214924239667
12,6416.968118859601,0.0,-12.0,0.1287331112197889,0.2981091435566742,0.12125945248249476,0.6299090050512148,54.102470780503765,26.461805607528134,196.4889183139979,27.89960462587991
12,6416.968118859601,0.0,-12.0,0.39897370114190017,0.2975820994480396,0.10614983450854114,0.6221154827556681,28.77584732502461,179.18856903827137,95.18411348022784,111.72471639116239
12,6416.968118859601,0.0,-12.0,0.12979007930631503,0.2987124414188522,0.16413778486857758,0.6135191306077822,60.70709830967516,32.631362627087064,5.808297983109057,114.39738503072073
13,6416.9681188596,0.0,-12.0,0.1279102335866409,0.28913903284016323,0.282014892000445,0.6288372455572242,67.60575290030654,139.13897208679037,7.187889218854146,94.49597154743441
13,6416.9681188596,0.0,-12.0,0.12924680216290577,0.28483893890072726,0.10128192457369153,0.6315872111148167,67.43730178452783,240.65748889582835,5.768446944389533,95.5510244571418
13,99.27534786380008,96.52542668820827,-12.0,0.13148524791083233,0.23585663563941806,0.24807810385574358,0.15306157161442396,61.16648959120697,6.897611922212519,5.773692674684335,87.39494576421644
13,6416.9681188596005,0.0,-12.0,0.1295764711517448,0.28483893890072726,0.10128192457369153,0.6315872111148167,67.79973748341465,237.23861610580076,5.930736346330109,95.5510244571418
13,6416.9681188596005,0.0,-12.0,0.4148726414202275,0.2976861946714314,0.11401796540976145,0.6221154827556681,34.96798905169243,179.13615004611862,16.11176198341995,235.80094304145615
13,6416.9681188596005,0.0,-12.0,0.1279510216052,0.29772092883739854,0.282014892000445,0.6288372455572242,67.60575290030654,41.51116966589286,7.895744457046035,184.11186473231504
13,6416.9681188596005,0.0,-12.0,0.1327928482628592,0.2890920460414319,0.1265312860185489,0.6188013333524914,67.79283873711147,139.1313293183406,30.365354339919463,114.51262444602979
13,6416.9681188596005,0.0,-12.0,0.15387984817703326,0.2891889947830096,0.29223469524095613,0.6074939469844928,51.24800039901166,136.64469443359224,30.376312651991267,109.51763864192586
13,6416.9681188596005,0.0,-12.0,0.13378017690495347,0.297535200813747,0.12690552578982264,0.6221154827556681,68.1146746954354,179.18856903827137,95.18411348022784,182.92060481460518
13,6416.9681188596005,0.0,-12.0,0.1295764711517448,0.28483893890072726,0.10128192457369153,0.6315872111148167,67.43730178452783,235.10489771980008,5.768446944389533,95.5510244571418
13,6416.9681188596005,0.0,-12.0,0.1401826196760739,0.2968721406257326,0.10128192457369153,0.6315872111148167,30.68970470560439,237.23861610580076,4.478416952835168,95.5510244571418
13,99.59614527853668,96.52542668820827,-12.0,0.1381095016547193,0.26543374486508164,0.24807810385574358,0.15133906284985846,61.14164764269839,1.7549228865263018,5.773692674684335,87.39494576421644
13,99.59614527853668,96.52542668820827,-12.0,0.1381095016547193,0.26543374486508164,0.12928881525094701,0.15133906284985846,61.14164764269839,1.7268591169948166,5.773692674684335,87.39494576421644
13,6416.968118859601,0.0,-12.0,0.1328336362814183,0.2976739420386672,0.1265312860185489,0.603820555355918,67.79283873711147,41.50344600131716,30.118273756030234,188.25124295084925
13,99.59614527853668,99.4258186341626,-12.0,0.1296842773798464,0.24910278715615702,0.22118744286325723,0.16348351989682552,61.28583751730021,7.072681639295041,9.69076078574156,186.05225267506293
13,6416.968118859601,0.0,-12.0,0.1279102335866409,0.28940553575722816,0.282014892000445,0.6288372455572242,67.60575290030654,139.13897208679037,5.805117402312802,81.32139422888493
13,99.59614527853668,99.4258186341626,-12.0,0.1296842773798464,0.28941252242672927,0.22080873811179633,0.16348351989682552,61.28583751730021,5.922078015415957,5.806726260622298,108.01640961435984
13,99.86390593797167,96.70567913900003,-12.0,0.13148524791083233,0.23919013438799494,0.12485227548022061,0.15306157161442396,67.35550173358074,6.897611922212519,9.727404757884552,87.39494576421644
13,99.86390593797167,96.70567913900003,-12.0,0.13148524791083233,0.23585663563941806,0.24807810385574358,0.15306157161442396,67.43774902115881,6.897611922212519,5.773692674684335,87.39494576421644
13,99.83071202456446,97.48076230040107,-12.0,0.12964859972863105,0.2996608945264131,0.2216769924225614,0.16348351989682552,65.33695972666044,4.059336062063183,5.733183944113441,106.64803454859033
13,6416.968118859601,0.0,-12.0,0.39897370114190017,0.2975820994480396,0.10614983450854114,0.6221154827556681,28.77584732502461,179.18856903827137,95.18411348022784,111.72471639116239
13,6416.968118859601,0.0,-12.0,0.13148524791083233,0.2971384550597747,0.24807810385574358,0.6361951996167055,67.88196124352922,6.897611922212519,185.86952556283603,87.39494576421644
13,99.59614527853668,99.4258186341626,-12.0,0.12964859972863105,0.2871120267113593,0.22080873811179633,0.16348351989682552,61.28192313588961,3.6553277573962264,5.728384458613066,106.84886786711995
13,6416.968118859601,0.0,-12.0,0.13147247487909605,0.28483893890072726,0.10128192457369153,0.615906588534463,67.79973748341465,246.61235963915823,5.930736346330109,95.5510244571418
13,99.86390593797167,96.70567913900003,-12.0,0.1315215252829222,0.23607084701999323,0.24807810385574358,0.15306157161442396,67.4367523660964,6.897611922212519,16.21340174787925,88.56248751145633
13,6416.968118859601,0.0,-12.0,0.13301271948880636,0.2702418279642298,0.1273287305974682,0.6290348275087744,70.59371106472697,134.18576109700155,32.681340005432396,86.85205877391147
13,6416.968118859601,0.0,-12.0,0.132973062580114,0.28941859429617234,0.2937829515097393,0.6299090050512148,67.5263309892207,137.73374665812003,32.451471697187834,87.414092416042
13,6416.968118859601,0.0,-12.0,0.4003134245830464,0.29821255218584547,0.1267173772777419,0.6226579886454465,70.6921469616404,42.12166807756334,97.60777561223729,186.51265959296347
13,99.86390593797167,96.70567913900003,-12.0,0.13193202164825643,0.23585663563941806,0.12511294355824798,0.1480242816536994,67.35421825010114,6.697867587154466,44.29418696485675,115.38998813369717
13,99.86390593797167,96.70567913900003,-12.0,0.13148524791083233,0.23940434576857011,0.12485227548022061,0.15306157161442396,67.43774902115881,6.897611922212519,16.204737503892474,87.39494576421644
13,6416.968118859601,0.0,-12.0,0.12979007930631503,0.2987124414188522,0.16413778486857758,0.6135191306077822,60.70709830967516,32.631362627087064,5.808297983109057,114.39738503072073
13,6416.968118859601,0.0,-12.0,0.1295764711517448,0.2895262673617064,0.10647292881651058,0.631944061154807,67.79973748341465,138.53384961935055,5.808297983109057,110.12056827336298
13,6416.968118859601,0.0,-12.0,0.39897370114190017,0.2975820994480396,0.10614983450854114,0.6221154827556681,42.03372737953978,118.72766624999068,46.4411081982312,111.72471639116239
13,6416.968118859601,0.0,-12.0,0.15418392568334383,0.2702418279642298,0.282014892000445,0.6090132757619521,51.292993265309775,118.30817283699768,17.66721884517127,110.12056827336298
13,6416.968118859601,0.0,-12.0,0.14477952849475575,0.3456630233322233,0.2547526958150156,0.6411844099400659,63.098201615444715,210.6704822415014,17.22642056008523,28.955372450213133
13,6416.968118859601,0.0,-12.0,0.1458364965812819,0.2893032324981079,0.2531596473509997,0.6411844099400659,71.70735854914258,211.05904185889764,96.13583678394173,126.33272673984973
13,6416.968118859601,0.0,-12.0,0.1287331112197889,0.2981846805670253,0.12623195445297722,0.6299090050512148,54.277274732674904,30.03849680027253,196.4889183139979,27.89960462587991
13,6416.968118859601,0.0,-12.0,0.1279102335866409,0.28913903284016323,0.282014892000445,0.6297919981509036,67.60575290030654,139.13897208679037,8.142820932272445,94.49597154743441
13,6416.968118859601,0.0,-12.0,0.1328336362814183,0.2976739420386672,0.1265312860185489,0.6100850352456232,67.79283873711147,41.50344600131716,31.07302275481506,183.8498947365578
13,6416.968118859601,0.0,-12.0,0.12979007930631503,0.2894061739440603,0.12178120744777812,0.6299090050512148,70.6921469616404,42.13315004347251,5.808297983109057,87.39494576421644
13,99.86390593797167,96.70567913900003,-12.0,0.1315215252829222,0.23585663563941806,0.24807810385574358,0.15306157161442396,67.35450507851833,6.897611922212519,9.736069001846692,88.56248751145633
13,6416.968118859601,0.0,-12.0,0.15418392568334383,0.2702418279642298,0.282014892000445,0.6090132757619521,51.292993265309775,106.32159482945664,42.95433167808473,110.12056827336298
13,99.86390593797167,96.70567913900003,-12.0,0.12958924418348108,0.28941252242672927,0.2837767407027561,0.16689581264113548,67.43774902115881,1.5330228384891456,5.773692674684335,87.39494576421644
13,6416.968118859601,0.0,-12.0,0.1458364965812819,0.34268414596272395,0.2540241420510521,0.6411844099400659,71.53255459697145,208.23585963743096,96.13583678394173,181.220018574243
13,6416.968118859601,0.0,-12.0,0.39897370114190017,0.2975820994480396,0.10614983450854114,0.6221154827556681,42.03372737953978,136.66177263060177,31.806351657639432,111.72471639116239
13,99.59614527853668,99.4258186341626,-12.0,0.1296489158757297,0.2870098176649453,0.22080873811179633,0.16348351989682552,61.28180334572416,6.017059163401887,5.728384458613066,106.84886786711995
13,99.59614527853668,99.4258186341626,-12.0,0.12968396123274772,0.28951473147314327,0.22080873811179633,0.16348351989682552,61.285957307465665,3.560346609433548,5.806726260622298,108.01640961435984
13,6416.968118859601,0.0,-12.0,0.41262004644400907,0.2975820994480396,0.11401796540976145,0.6221154827556681,28.77584732502461,179.18856903827137,95.18411348022784,182.92060481460518
14,6416.9681188596,0.0,-12.0,0.1279102335866409,0.28913903284016323,0.282014892000445,0.6288372455572242,67.60575290030654,139.13897208679037,7.187889218854146,94.49597154743441
14,6416.9681188596,0.0,-12.0,0.12924680216290577,0.28483893890072726,0.10128192457369153,0.6315872111148167,67.43730178452783,240.65748889582835,5.768446944389533,95.5510244571418
14,99.27534786380008,96.52542668820827,-12.0,0.13148524791083233,0.23585663563941806,0.24807810385574358,0.15306157161442396,61.16648959120697,6.897611922212519,5.773692674684335,87.39494576421644
14,99.83071202456446,94.21258244822698,-12.0,0.11265653918240004,0.23940434576857011,0.12485227548022061,0.14446980720574423,67.43774902115881,6.897611922212519,16.099837106556066,180.32992772985548
14,99.27534786380008,96.52542668820827,-12.0,0.13148524791083233,0.23585663563941806,0.24807810385574358,0.15306157161442396,61.16052782784224,6.899167403883051,5.773692674684335,180.5168095428788
14,6416.9681188596005,0.0,-12.0,0.1295764711517448,0.28483893890072726,0.10128192457369153,0.6315872111148167,67.79973748341465,237.23861610580076,5.930736346330109,95.5510244571418
14,6416.9681188596005,0.0,-12.0,0.4148726414202275,0.2976861946714314,0.11401796540976145,0.6221154827556681,34.96798905169243,179.13615004611862,16.11176198341995,235.80094304145615
14,6416.9681188596005,0.0,-12.0,0.1279510216052,0.29772092883739854,0.282014892000445,0.6288372455572242,67.60575290030654,41.51116966589286,7.895744457046035,184.11186473231504
14,6416.9681188596005,0.0,-12.0,0.1327928482628592,0.2890920460414319,0.1265312860185489,0.6188013333524914,67.79283873711147,139.1313293183406,30.365354339919463,114.51262444602979
14,6416.9681188596005,0.0,-12.0,0.15387984817703326,0.2891889947830096,0.29223469524095613,0.6074939469844928,51.24800039901166,136.64469443359224,30.376312651991267,109.51763864192586
14,6416.9681188596005,0.0,-12.0,0.13378017690495347,0.297535200813747,0.12690552578982264,0.6221154827556681,68.1146746954354,179.18856903827137,95.18411348022784,182.92060481460518
14,6416.9681188596005,0.0,-12.0,0.1295764711517448,0.28483893890072726,0.10128192457369153,0.6315872111148167,67.43730178452783,235.10489771980008,5.768446944389533,95.5510244571418
14,6416.9681188596005,0.0,-12.0,0.1401826196760739,0.2968721406257326,0.10128192457369153,0.6315872111148167,30.68970470560439,237.23861610580076,4.478416952835168,95.5510244571418
14,6416.9681188596005,0.0,-12.0,0.132973062580114,0.28941859429617234,0.2937829515097393,0.6299090050512148,67.43826578143444,137.73374665812003,32.451471697187834,100.93241979469313
14,99.59614527853668,96.52542668820827,-12.0,0.1381095016547193,0.26543374486508164,0.24807810385574358,0.15133906284985846,61.14164764269839,1.7549228865263018,5.773692674684335,87.39494576421644
14,99.59614527853668,96.52542668820827,-12.0,0.1381095016547193,0.26543374486508164,0.12928881525094701,0.15133906284985846,61.14164764269839,1.7268591169948166,5.773692674684335,87.39494576421644
14,99.59614527853668,99.4258186341626,-12.0,0.1296842773798464,0.24910278715615702,0.22118744286325723,0.16348351989682552,61.29179928066494,7.0711261576245095,9.69076078574156,92.93038672037801
14,6416.968118859601,0.0,-12.0,0.1328336362814183,0.2976739420386672,0.1265312860185489,0.603820555355918,67.79283873711147,41.50344600131716,30.118273756030234,188.25124295084925
14,6416.968118859601,0.0,-12.0,0.1328336362814183,0.2975278386524239,0.12687972056621963,0.603820555355918,68.12532273954211,179.2935515162238,96.51672076521206,182.78997826749853
14,99.59614527853668,99.4258186341626,-12.0,0.1296842773798464,0.24910278715615702,0.22118744286325723,0.16348351989682552,61.28583751730021,7.072681639295041,9.69076078574156,186.05225267506293
14,99.86390593797167,96.70567913900003,-12.0,0.13148524791083233,0.23585663563941806,0.2481018497880183,0.15306157161442396,67.35760100177234,6.897611922212519,9.822440586788638,87.39494576421644
14,99.86390593797167,96.70567913900003,-12.0,0.13148524791083233,0.23919013438799494,0.12485227548022061,0.15306157161442396,67.35550173358074,6.897611922212519,9.727404757884552,87.39494576421644
14,99.83071202456446,97.48076230040107,-12.0,0.12964859972863105,0.2996608945264131,0.2216769924225614,0.16348351989682552,65.33695972666044,4.059336062063183,5.733183944113441,106.64803454859033
14,99.6656202153506,99.30807869474484,-12.0,0.17705200732617482,0.2806759971779434,0.2471517638404013,0.15133906284985846,61.14164764269839,1.7549228865263018,5.773407231288661,87.39494576421644
14,99.59614527853668,99.4258186341626,-12.0,0.1296489158757297,0.2870098176649453,0.22080873811179633,0.16348351989682552,61.28180334572416,6.017059163401887,5.728384458613066,106.84886786711995
14,6416.968118859601,0.0,-12.0,0.1279102335866409,0.28940553575722816,0.282014892000445,0.6288372455572242,67.60575290030654,139.13897208679037,5.805117402312802,81.32139422888493
14,99.59614527853668,99.4258186341626,-12.0,0.13135033354181821,0.23585663563941806,0.24807810385574358,0.14679873484726289,60.94948343897725,7.60864255628111,5.773692674684335,87.39494576421644
14,6416.968118859601,0.0,-12.0,0.13301271948880636,0.2702418279642298,0.1273287305974682,0.6290348275087744,70.59371106472697,134.18576109700155,32.681340005432396,86.85205877391147
14,6416.968118859601,0.0,-12.0,0.1458364965812819,0.2893032324981079,0.2531596473509997,0.6411844099400659,71.70735854914258,211.05904185889764,96.13583678394173,126.33272673984973
14,99.86390593797167,96.70567913900003,-12.0,0.1315215252829222,0.23585663563941806,0.24807810385574358,0.15306157161442396,67.35450507851833,6.897611922212519,9.736069001846692,88.56248751145633
14,99.59614527853668,99.4258186341626,-12.0,0.1296842773798464,0.28941252242672927,0.22080873811179633,0.16348351989682552,61.28583751730021,5.922078015415957,5.806726260622298,108.01640961435984
14,6416.968118859601,0.0,-12.0,0.13148524791083233,0.2971384550597747,0.24807810385574358,0.6361951996167055,67.88196124352922,6.897611922212519,185.86952556283603,87.39494576421644
14,99.86390593797167,96.70567913900003,-12.0,0.13148524791083233,0.23940434576857011,0.12485227548022061,0.15306157161442396,67.43774902115881,6.897611922212519,16.204737503892474,87.39494576421644
14,6416.968118859601,0.0,-12.0,0.39897370114190017,0.2975820994480396,0.10614983450854114,0.6221154827556681,42.03372737953978,136.66177263060177,31.806351657639432,111.72471639116239
14,6416.968118859601,0.0,-12.0,0.12979007930631503,0.2987124414188522,0.16413778486857758,0.6135191306077822,60.70709830967516,32.631362627087064,5.808297983109057,114.39738503072073
14,99.59614527853668,99.4258186341626,-12.0,0.12968396123274772,0.28951473147314327,0.22080873811179633,0.16348351989682552,61.285957307465665,3.560346609433548,5.806726260622298,108.01640961435984
14,6416.968118859601,0.0,-12.0,0.41262004644400907,0.2975820994480396,0.11401796540976145,0.6221154827556681,28.77584732502461,179.18856903827137,95.18411348022784,182.92060481460518
14,99.86390593797167,96.70567913900003,-12.0,0.13148524791083233,0.23585663563941806,0.24807810385574358,0.15306157161442396,67.43774902115881,6.897611922212519,5.773692674684335,87.39494576421644
14,6416.968118859601,0.0,-12.0,0.15418392568334383,0.2702418279642298,0.282014892000445,0.6090132757619521,51.292993265309775,118.30817283699768,17.66721884517127,110.12056827336298
14,6416.968118859601,0.0,-12.0,0.4187762794059572,0.31891483653974495,0.10128192457369153,0.6422268567907123,34.93343293937336,237.23861610580076,4.478416952835168,231.5500020816121
14,6416.968118859601,0.0,-12.0,0.12979007930631503,0.2894061739440603,0.12178120744777812,0.6299090050512148,70.6921469616404,42.13315004347251,5.808297983109057,87.39494576421644
14,6416.968118859601,0.0,-12.0,0.1279102335866409,0.28913903284016323,0.282014892000445,0.6297919981509036,67.60575290030654,139.13897208679037,8.142820932272445,94.49597154743441
14,6416.968118859601,0.0,-12.0,0.1328336362814183,0.2976739420386672,0.1265312860185489,0.6100850352456232,67.79283873711147,41.50344600131716,31.07302275481506,183.8498947365578
14,6416.968118859601,0.0,-12.0,0.39897370114190017,0.2975820994480396,0.10614983450854114,0.6221154827556681,28.77584732502461,179.18856903827137,95.18411348022784,111.72471639116239
14,99.86390593797167,96.70567913900003,-12.0,0.13822116356538233,0.2996608945264131,0.22260333243790367,0.16348351989682552,65.33695972666044,4.059336062063183,5.733469387509115,106.64803454859033
14,99.86390593797167,96.70567913900003,-12.0,0.1315215252829222,0.23607084701999323,0.24807810385574358,0.15306157161442396,67.4367523660964,6.897611922212519,16.21340174787925,88.56248751145633
14,6416.968118859601,0.0,-12.0,0.132973062580114,0.28941859429617234,0.2937829515097393,0.6299090050512148,67.5263309892207,137.73374665812003,32.451471697187834,87.414092416042
14,6416.968118859601,0.0,-12.0,0.1295764711517448,0.2895262673617064,0.10647292881651058,0.631944061154807,67.79973748341465,138.53384961935055,5.808297983109057,110.12056827336298
15,6416.9681188596,0.0,-12.0,0.1279102335866409,0.28913903284016323,0.282014892000445,0.6288372455572242,67.60575290030654,139.13897208679037,7.187889218854146,94.49597154743441
15,6416.9681188596,0.0,-12.0,0.12924680216290577,0.28483893890072726,0.10128192457369153,0.6315872111148167,67.43730178452783,240.65748889582835,5.768446944389533,95.5510244571418
15,79.99900000642742,79.99900000642742,-12.0,0.13305921685526725,0.2975820994480396,0.1456543134230346,0.16663593391269377,14.179956518839623,9.189817456239908,95.68855791253793,110.27058624059373
15,6416.9681188596005,0.0,-12.0,0.1295764711517448,0.28483893890072726,0.10128192457369153,0.6315872111148167,67.79973748341465,237.23861610580076,5.930736346330109,95.5510244571418
15,6416.9681188596005,0.0,-12.0,0.4148726414202275,0.2976861946714314,0.11401796540976145,0.6221154827556681,34.96798905169243,179.13615004611862,16.11176198341995,235.80094304145615
15,6416.9681188596005,0.0,-12.0,0.1279510216052,0.29772092883739854,0.282014892000445,0.6288372455572242,67.60575290030654,41.51116966589286,7.895744457046035,184.11186473231504
15,6416.9681188596005,0.0,-12.0,0.1327928482628592,0.2890920460414319,0.1265312860185489,0.6188013333524914,67.79283873711147,139.1313293183406,30.365354339919463,114.51262444602979
15,6416.9681188596005,0.0,-12.0,0.15387984817703326,0.2891889947830096,0.29223469524095613,0.6074939469844928,51.24800039901166,136.64469443359224,30.376312651991267,109.51763864192586
15,6416.9681188596005,0.0,-12.0,0.13378017690495347,0.297535200813747,0.12690552578982264,0.6221154827556681,68.1146746954354,179.18856903827137,95.18411348022784,182.92060481460518
15,6416.9681188596005,0.0,-12.0,0.1295764711517448,0.28483893890072726,0.10128192457369153,0.6315872111148167,67.43730178452783,235.10489771980008,5.768446944389533,95.5510244571418
15,6416.9681188596005,0.0,-12.0,0.1401826196760739,0.2968721406257326,0.10128192457369153,0.6315872111148167,30.68970470560439,237.23861610580076,4.478416952835168,95.5510244571418
15,6416.9681188596005,0.0,-12.0,0.132973062580114,0.28941859429617234,0.2937829515097393,0.6299090050512148,67.43826578143444,137.73374665812003,32.451471697187834,100.93241979469313
15,6416.9681188596005,0.0,-12.0,0.12969159576210001,0.2875065310652422,0.10647292881651058,0.631944061154807,67.79973748341465,138.53384961935055,5.808297983109057,193.2522112824334
15,6416.9681188596005,0.0,-12.0,0.13305786420243487,0.28483893890072726,0.10128192457369153,0.6315872111148167,67.43730178452783,230.5520666107455,33.14735905573984,95.5510244571418
15,6416.9681188596005,0.0,-12.0,0.13378017690495347,0.23328703215148636,0.1281210489062986,0.6221154827556681,68.1146746954354,178.6565255735583,96.3323769383644,182.92060481460518
15,6416.9681188596005,0.0,-12.0,0.13800166468018665,0.26532400642191706,0.10128192457369153,0.6315872111148167,67.73441690865126,237.23861610580076,5.930736346330109,87.26135476047764
15,99.83071202456446,94.21258244822698,-12.0,0.11265653918240004,0.23940434576857011,0.12485227548022061,0.14446980720574423,67.43774902115881,6.897611922212519,16.099837106556066,180.32992772985548
15,96.42116245864801,96.42116245864807,-12.0,0.13903027695790748,0.25834054683409113,0.12517941092688054,0.14262852548808577,51.292993265309775,4.99114283871139,6.032524379932893,87.61498745409024
15,99.83071202456446,94.21258244822698,-12.0,0.1417746623725549,0.24910278715615702,0.22118744286325723,0.16348351989682552,61.42577911945114,7.0711261576245095,6.152824829786409,92.93038672037801
15,99.59614527853668,96.09252696722811,-12.0,0.12968430812627746,0.2849486773438919,0.122941526330917,0.15133906284985846,61.20696821746177,1.7268591169948166,5.773692674684335,92.38185348193912
15,99.86390593797167,93.1921350212738,-12.0,0.15392376244440711,0.23585663563941806,0.21935721020389268,0.15306157161442396,61.16648959120697,6.897611922212519,5.721412992142929,191.17383876997772
15,99.83071202456446,94.21258244822698,-12.0,0.11265653918240004,0.246217361116452,0.12620113211498965,0.14446980720574423,67.43774902115881,6.004652608241424,15.120796620938014,180.32992772985548
15,99.27534786380008,96.52542668820827,-12.0,0.13148524791083233,0.23585663563941806,0.24807810385574358,0.15306157161442396,61.16648959120697,6.897611922212519,5.773692674684335,87.39494576421644
15,6416.968118859601,0.0,-12.0,0.14030310645292576,0.28455744802115324,0.10128192457369153,0.6315872111148167,26.368463865163395,237.1499766299742,5.768446944389533,95.5510244571418
15,6416.968118859601,0.0,-12.0,0.1328336362814183,0.2976739420386672,0.1265312860185489,0.603820555355918,67.79283873711147,41.50344600131716,30.118273756030234,188.25124295084925
15,99.27534786380008,96.52542668820827,-12.0,0.13307002090959386,0.23585663563941806,0.24807810385574358,0.15306157161442396,61.16052782784224,6.899167403883051,5.773692674684335,180.5168095428788
15,6416.968118859601,0.0,-12.0,0.39897370114190017,0.2975820994480396,0.10614983450854114,0.6221154827556681,42.03372737953978,136.66177263060177,31.806351657639432,111.72471639116239
15,6416.968118859601,0.0,-12.0,0.1328336362814183,0.2976739420386672,0.1265312860185489,0.6100850352456232,67.79283873711147,41.50344600131716,31.07302275481506,183.8498947365578
15,6416.968118859601,0.0,-12.0,0.132973062580114,0.28941859429617234,0.2937829515097393,0.6299090050512148,67.5263309892207,137.73374665812003,32.451471697187834,87.414092416042
15,6416.968118859601,0.0,-12.0,0.13148524791083233,0.2971384550597747,0.24807810385574358,0.6361951996167055,67.88196124352922,6.897611922212519,185.86952556283603,87.39494576421644
15,99.27534786380008,96.52542668820827,-12.0,0.13137012330047712,0.23420534225350703,0.24807810385574358,0.15306157161442396,61.16052782784224,6.899167403883051,5.773692674684335,106.8278281374055
15,6416.968118859601,0.0,-12.0,0.4187762794059572,0.31891483653974495,0.10128192457369153,0.6422268567907123,34.93343293937336,237.23861610580076,4.478416952835168,231.5500020816121
15,6416.968118859601,0.0,-12.0,0.15418392568334383,0.2702418279642298,0.282014892000445,0.6090132757619521,51.292993265309775,118.30817283699768,17.66721884517127,110.12056827336298
15,6416.968118859601,0.0,-12.0,0.1279102335866409,0.28913903284016323,0.282014892000445,0.6297919981509036,67.60575290030654,139.13897208679037,8.142820932272445,94.49597154743441
15,6416.968118859601,0.0,-12.0,0.0963909768565776,0.28913903284016323,0.2802618288365021,0.6121261318821178,55.628346254923244,5.696000255382586,7.187889218854146,94.49597154743441
15,6416.968118859601,0.0,-12.0,0.39897370114190017,0.2975820994480396,0.10614983450854114,0.6221154827556681,28.77584732502461,179.18856903827137,95.18411348022784,111.72471639116239
15,6416.968118859601,0.0,-12.0,0.12979007930631503,0.2987124414188522,0.16413778486857758,0.6135191306077822,60.70709830967516,32.631362627087064,5.808297983109057,114.39738503072073
15,6416.968118859601,0.0,-12.0,0.12979007930631503,0.2894061739440603,0.12178120744777812,0.6299090050512148,70.6921469616404,42.13315004347251,5.808297983109057,87.39494576421644
15,6416.968118859601,0.0,-12.0,0.132973062580114,0.28941859429617234,0.2937829515097393,0.6299090050512148,82.48231360552205,137.73374665812003,32.451471697187834,100.93241979469313
15,6416.968118859601,0.0,-12.0,0.1279102335866409,0.28940553575722816,0.282014892000445,0.6288372455572242,67.60575290030654,139.13897208679037,5.805117402312802,81.32139422888493
15,6416.968118859601,0.0,-12.0,0.1458364965812819,0.2893032324981079,0.2531596473509997,0.6411844099400659,71.70735854914258,211.05904185889764,96.13583678394173,126.33272673984973
15,6416.968118859601,0.0,-12.0,0.1328336362814183,0.2975278386524239,0.12687972056621963,0.603820555355918,68.12532273954211,179.2935515162238,96.51672076521206,182.78997826749853
15,6416.968118859601,0.0,-12.0,0.12926124674688472,0.28518453519570475,0.10060135579699109,0.6315872111148167,67.43730178452783,240.65748889582835,5.768446944389533,104.19176841632084
15,6416.968118859601,0.0,-12.0,0.13301271948880636,0.2702418279642298,0.1273287305974682,0.6290348275087744,70.59371106472697,134.18576109700155,32.681340005432396,86.85205877391147
15,6416.968118859601,0.0,-12.0,0.1295764711517448,0.2895262673617064,0.10647292881651058,0.631944061154807,67.79973748341465,138.53384961935055,5.808297983109057,110.12056827336298
15,6416.968118859601,0.0,-12.0,0.1278957890026619,0.2890599394622506,0.2828201256151669,0.6288372455572242,67.60575290030654,142.77238273183156,5.805117402312802,82.3211505430472
15,6416.968118859601,0.0,-12.0,0.1458364965812819,0.2893032324981079,0.2531596473509997,0.6462003819180443,68.93735857519452,211.05904185889764,96.13583678394173,126.33272673984973
15,99.27534786380008,96.52542668820827,-12.0,0.13148524791083233,0.23585663563941806,0.24807810385574358,0.15306157161442396,61.16052782784224,6.899167403883051,5.773692674684335,180.5168095428788
16,6416.9681188596,0.0,-12.0,0.1279102335866409,0.28913903284016323,0.282014892000445,0.6288372455572242,67.60575290030654,139.13897208679037,7.187889218854146,94.49597154743441
16,6416.9681188596,0.0,-12.0,0.12924680216290577,0.28483893890072726,0.10128192457369153,0.6315872111148167,67.43730178452783,240.65748889582835,5.768446944389533,95.5510244571418
16,79.99900000642742,79.99900000642742,-12.0,0.13305921685526725,0.2975820994480396,0.1456543134230346,0.16663593391269377,14.179956518839623,9.189817456239908,95.68855791253793,110.27058624059373
16,6416.9681188596,0.0,-12.0,0.132973062580114,0.28941859429617234,0.2937829515097393,0.6299268457058815,67.43826578143444,139.07182102358996,32.451471697187834,126.6235190800135
16,79.99900000642742,79.99900000642742,-12.0,0.13305921685526725,0.2975820994480396,0.1456543134230346,0.16663593391269377,14.179956518839623,5.143530160114564,95.68855791253793,109.69867464283826
16,6416.9681188596005,0.0,-12.0,0.1295764711517448,0.28483893890072726,0.10128192457369153,0.6315872111148167,67.79973748341465,237.23861610580076,5.930736346330109,95.5510244571418
16,6416.9681188596005,0.0,-12.0,0.4148726414202275,0.2976861946714314,0.11401796540976145,0.6221154827556681,34.96798905169243,179.13615004611862,16.11176198341995,235.80094304145615
16,6416.9681188596005,0.0,-12.0,0.1279510216052,0.29772092883739854,0.282014892000445,0.6288372455572242,67.60575290030654,41.51116966589286,7.895744457046035,184.11186473231504
16,6416.9681188596005,0.0,-12.0,0.1327928482628592,0.2890920460414319,0.1265312860185489,0.6188013333524914,67.79283873711147,139.1313293183406,30.365354339919463,114.51262444602979
16,6416.9681188596005,0.0,-12.0,0.15387984817703326,0.2891889947830096,0.29223469524095613,0.6074939469844928,51.24800039901166,136.64469443359224,30.376312651991267,109.51763864192586
16,6416.9681188596005,0.0,-12.0,0.13378017690495347,0.297535200813747,0.12690552578982264,0.6221154827556681,68.1146746954354,179.18856903827137,95.18411348022784,182.92060481460518
16,6416.9681188596005,0.0,-12.0,0.1295764711517448,0.28483893890072726,0.10128192457369153,0.6315872111148167,67.43730178452783,235.10489771980008,5.768446944389533,95.5510244571418
16,6416.9681188596005,0.0,-12.0,0.1401826196760739,0.2968721406257326,0.10128192457369153,0.6315872111148167,30.68970470560439,237.23861610580076,4.478416952835168,95.5510244571418
16,6416.9681188596005,0.0,-12.0,0.132973062580114,0.28941859429617234,0.2937829515097393,0.6299090050512148,67.43826578143444,137.73374665812003,32.451471697187834,100.93241979469313
16,6416.9681188596005,0.0,-12.0,0.12969159576210001,0.2875065310652422,0.10647292881651058,0.631944061154807,67.79973748341465,138.53384961935055,5.808297983109057,193.2522112824334
16,6416.9681188596005,0.0,-12.0,0.13305786420243487,0.28483893890072726,0.10128192457369153,0.6315872111148167,67.43730178452783,230.5520666107455,33.14735905573984,95.5510244571418
16,6416.9681188596005,0.0,-12.0,0.13378017690495347,0.23328703215148636,0.1281210489062986,0.6221154827556681,68.1146746954354,178.6565255735583,96.3323769383644,182.92060481460518
16,6416.9681188596005,0.0,-12.0,0.13800166468018665,0.26532400642191706,0.10128192457369153,0.6315872111148167,67.73441690865126,237.23861610580076,5.930736346330109,87.26135476047764
16,6416.9681188596005,0.0,-12.0,0.12944773833639256,0.2836015154505315,0.1031552096572483,0.6352888151638241,67.43730178452783,233.5907868978626,5.768446944389533,95.7294927106312
16,6416.9681188596005,0.0,-12.0,0.13311221164896256,0.2907324876428506,0.2956484204225862,0.6299090050512148,67.47582554279421,143.39513363577964,32.451471697187834,101.01541098413915
16,6416.9681188596005,0.0,-12.0,0.13298217946462412,0.23328703215148636,0.1281210489062986,0.6218249698328072,68.1146746954354,178.6565255735583,96.3323769383644,180.2172698841802
16,96.42116245864801,96.42116245864807,-12.0,0.13903027695790748,0.25834054683409113,0.12517941092688054,0.14262852548808577,51.292993265309775,4.99114283871139,6.032524379932893,87.61498745409024
16,99.59614527853668,93.05793462343487,-12.0,0.11307531261257298,0.2091088067180834,0.13985827341900134,0.15635690529082366,67.43774902115881,6.068364755818536,15.120796620938014,95.6855229448794
16,96.42116245864801,96.42116245864807,-12.0,0.1388911278890589,0.2570266534874129,0.12331910094821912,0.14262852548808577,51.25543350395,2.3936343782212504,6.032524379932893,87.53199626464422
16,6416.968118859601,0.0,-12.0,0.1327928482628592,0.2890920460414319,0.10663303904143076,0.6188013333524914,67.79283873711147,138.54453925985766,30.365354339919463,115.28307445720611
16,99.27534786380008,96.52542668820827,-12.0,0.1330145007767295,0.23585663563941806,0.24971340401925707,0.15306157161442396,61.166177839164064,6.897651218712121,5.720519866311477,191.17383876997772
16,99.27534786380008,96.52542668820827,-12.0,0.13148524791083233,0.23585663563941806,0.24807810385574358,0.15306157161442396,61.16648959120697,6.897611922212519,5.773692674684335,87.39494576421644
16,6416.968118859601,0.0,-12.0,0.14030310645292576,0.28455744802115324,0.10128192457369153,0.6315872111148167,26.368463865163395,237.1499766299742,5.768446944389533,95.5510244571418
16,99.86390593797167,93.1921350212738,-12.0,0.15397928257727156,0.23585663563941806,0.21772191004037916,0.15306157161442396,61.16083957988515,6.89912810738345,3.0985986511016486,180.5168095428788
16,99.86390593797167,93.1921350212738,-12.0,0.15392376244440711,0.23585663563941806,0.21935721020389268,0.15306157161442396,61.16648959120697,6.897611922212519,5.721412992142929,191.17383876997772
16,99.59614527853668,96.09252696722811,-12.0,0.12968430812627746,0.2849486773438919,0.122941526330917,0.15133906284985846,61.20696821746177,1.7268591169948166,5.773692674684335,92.38185348193912
16,99.83071202456446,94.21258244822698,-12.0,0.14685159249175636,0.23585663563941806,0.24807810385574358,0.1536735318568576,61.16648959120697,6.897611922212519,5.704786628977596,89.60574104931175
16,99.83071202456446,94.21258244822698,-12.0,0.11265653918240004,0.23940434576857011,0.12485227548022061,0.14446980720574423,67.43774902115881,6.897611922212519,16.099837106556066,180.32992772985548
16,99.59614527853668,96.09252696722811,-12.0,0.12926553469610735,0.2849486773438919,0.122941526330917,0.14398705683273835,61.20696821746177,1.6631586441181452,5.773692674684335,177.02625796330258
16,6416.968118859601,0.0,-12.0,0.1278957890026619,0.2890599394622506,0.2828201256151669,0.6288372455572242,67.60575290030654,142.77238273183156,5.805117402312802,82.3211505430472
16,6416.968118859601,0.0,-12.0,0.1279102335866409,0.28913903284016323,0.282014892000445,0.6263065615274293,67.60575290030654,139.13897208679037,7.256795264560884,74.99662404535975
16,6416.968118859601,0.0,-12.0,0.15418392568334383,0.2702418279642298,0.282014892000445,0.6090132757619521,51.292993265309775,118.30817283699768,17.66721884517127,110.12056827336298
16,6416.968118859601,0.0,-12.0,0.4187762794059572,0.31891483653974495,0.10128192457369153,0.6422268567907123,34.93343293937336,237.23861610580076,4.478416952835168,231.5500020816121
16,6416.968118859601,0.0,-12.0,0.1328336362814183,0.2976739420386672,0.1265312860185489,0.603820555355918,67.79283873711147,41.50344600131716,30.118273756030234,188.25124295084925
16,6416.968118859601,0.0,-12.0,0.1458364965812819,0.26055151056015036,0.25304732879257247,0.6406238480486612,71.70735854914258,224.1586938849464,74.94970717540332,126.22593879896472
16,6416.968118859601,0.0,-12.0,0.1328336362814183,0.2976739420386672,0.1265312860185489,0.6100850352456232,67.79283873711147,41.50344600131716,31.07302275481506,183.8498947365578
16,6416.968118859601,0.0,-12.0,0.12979007930631503,0.2987124414188522,0.16413778486857758,0.6135191306077822,60.70709830967516,32.631362627087064,5.808297983109057,114.39738503072073
16,6416.968118859601,0.0,-12.0,0.1279102335866409,0.28940553575722816,0.282014892000445,0.6288372455572242,67.60575290030654,139.13897208679037,5.805117402312802,81.32139422888493
16,6416.968118859601,0.0,-12.0,0.12979007930631503,0.2894061739440603,0.12178120744777812,0.6299090050512148,70.6921469616404,42.13315004347251,5.808297983109057,87.39494576421644
16,99.83071202456446,94.21258244822698,-12.0,0.11265653918240004,0.246217361116452,0.12620113211498965,0.14446980720574423,67.43774902115881,6.004652608241424,15.120796620938014,180.32992772985548
16,6416.968118859601,0.0,-12.0,0.1328336362814183,0.2975278386524239,0.12687972056621963,0.603820555355918,68.12532273954211,179.2935515162238,96.51672076521206,182.78997826749853
16,6416.968118859601,0.0,-12.0,0.132973062580114,0.28941859429617234,0.2937829515097393,0.6299090050512148,82.48231360552205,137.73374665812003,32.451471697187834,100.93241979469313
16,6416.968118859601,0.0,-12.0,0.0963909768565776,0.28913903284016323,0.2802618288365021,0.6121261318821178,55.628346254923244,5.696000255382586,7.187889218854146,94.49597154743441
17,6416.9681188596,0.0,-12.0,0.1279102335866409,0.28913903284016323,0.282014892000445,0.6288372455572242,67.60575290030654,139.13897208679037,7.187889218854146,94.49597154743441
17,6416.9681188596,0.0,-12.0,0.12924680216290577,0.28483893890072726,0.10128192457369153,0.6315872111148167,67.43730178452783,240.65748889582835,5.768446944389533,95.5510244571418
17,79.99900000642742,79.99900000642742,-12.0,0.13305921685526725,0.2975820994480396,0.1456543134230346,0.16663593391269377,14.179956518839623,9.189817456239908,95.68855791253793,110.27058624059373
17,6416.9681188596,0.0,-12.0,0.132973062580114,0.28941859429617234,0.2937829515097393,0.6299268457058815,67.43826578143444,139.07182102358996,32.451471697187834,126.6235190800135
17,79.99900000642742,79.99900000642742,-12.0,0.13305921685526725,0.2975820994480396,0.1456543134230346,0.16663593391269377,14.179956518839623,5.143530160114564,95.68855791253793,109.69867464283826
17,79.99900000642742,79.99900000642742,-12.0,0.1124240983727936,0.2400404898802304,0.1456543134230346,0.16663593391269377,14.989737204929991,5.163988017555321,13.083871065511175,100.96049244248745
17,79.99900000642742,79.99900000642742,-12.0,0.1279102335866409,0.29817007502471593,0.282014892000445,0.14158913837464188,17.245807124215453,10.748397589882629,5.805117402312802,66.21198388561046
17,6416.9681188596005,0.0,-12.0,0.1295764711517448,0.28483893890072726,0.10128192457369153,0.6315872111148167,67.79973748341465,237.23861610580076,5.930736346330109,95.5510244571418
17,6416.9681188596005,0.0,-12.0,0.4148726414202275,0.2976861946714314,0.11401796540976145,0.6221154827556681,34.96798905169243,179.13615004611862,16.11176198341995,235.80094304145615
17,6416.9681188596005,0.0,-12.0,0.1279510216052,0.29772092883739854,0.282014892000445,0.6288372455572242,67.60575290030654,41.51116966589286,7.895744457046035,184.11186473231504
17,6416.9681188596005,0.0,-12.0,0.1327928482628592,0.2890920460414319,0.1265312860185489,0.6188013333524914,67.79283873711147,139.1313293183406,30.365354339919463,114.51262444602979
17,6416.9681188596005,0.0,-12.0,0.15387984817703326,0.2891889947830096,0.29223469524095613,0.6074939469844928,51.24800039901166,136.64469443359224,30.376312651991267,109.51763864192586
17,6416.9681188596005,0.0,-12.0,0.13378017690495347,0.297535200813747,0.12690552578982264,0.6221154827556681,68.1146746954354,179.18856903827137,95.18411348022784,182.92060481460518
17,6416.9681188596005,0.0,-12.0,0.1295764711517448,0.28483893890072726,0.10128192457369153,0.6315872111148167,67.43730178452783,235.10489771980008,5.768446944389533,95.5510244571418
17,6416.9681188596005,0.0,-12.0,0.1401826196760739,0.2968721406257326,0.10128192457369153,0.6315872111148167,30.68970470560439,237.23861610580076,4.478416952835168,95.5510244571418
17,6416.9681188596005,0.0,-12.0,0.132973062580114,0.28941859429617234,0.2937829515097393,0.6299090050512148,67.43826578143444,137.73374665812003,32.451471697187834,100.93241979469313
17,6416.9681188596005,0.0,-12.0,0.12969159576210001,0.2875065310652422,0.10647292881651058,0.631944061154807,67.79973748341465,138.53384961935055,5.808297983109057,193.2522112824334
17,6416.9681188596005,0.0,-12.0,0.13305786420243487,0.28483893890072726,0.10128192457369153,0.6315872111148167,67.43730178452783,230.5520666107455,33.14735905573984,95.5510244571418
17,6416.9681188596005,0.0,-12.0,0.13378017690495347,0.23328703215148636,0.1281210489062986,0.6221154827556681,68.1146746954354,178.6565255735583,96.3323769383644,182.92060481460518
17,6416.9681188596005,0.0,-12.0,0.13800166468018665,0.26532400642191706,0.10128192457369153,0.6315872111148167,67.73441690865126,237.23861610580076,5.930736346330109,87.26135476047764
17,6416.9681188596005,0.0,-12.0,0.12944773833639256,0.2836015154505315,0.1031552096572483,0.6352888151638241,67.43730178452783,233.5907868978626,5.768446944389533,95.7294927106312
17,6416.9681188596005,0.0,-12.0,0.13311221164896256,0.2907324876428506,0.2956484204225862,0.6299090050512148,67.47582554279421,143.39513363577964,32.451471697187834,101.01541098413915
17,6416.9681188596005,0.0,-12.0,0.13298217946462412,0.23328703215148636,0.1281210489062986,0.6218249698328072,68.1146746954354,178.6565255735583,96.3323769383644,180.2172698841802
17,6416.9681188596005,0.0,-12.0,0.13266826475341706,0.28913594781094587,0.10752651886986149,0.6284219522607639,67.79283873711147,138.54177350750868,30.365354339919463,115.31729453687252
17,6416.9681188596005,0.0,-12.0,0.4231603558809657,0.31891483653974495,0.10128192457369153,0.6298918635957241,33.90502419752199,237.23861610580076,32.459423476797014,220.0450025762958
17,6416.9681188596005,0.0,-12.0,0.13314353995891848,0.28502046559557004,0.10907987921830294,0.6315872111148167,67.79973748341465,240.0898343016242,5.930736346330109,95.5510244571418
17,6416.9681188596005,0.0,-12.0,0.1295764711517448,0.28483893890072726,0.08413300023288678,0.6315872111148167,67.79973748341465,237.23861610580076,5.930736346330109,94.51781104593294
17,6416.9681188596005,0.0,-12.0,0.12803481709608303,0.2890951310706493,0.28116050493189404,0.6192166266489512,67.60575290030654,139.14173783913938,7.187889218854146,94.461751467768
17,96.42116245864801,96.42116245864807,-12.0,0.13903027695790748,0.25834054683409113,0.12517941092688054,0.14262852548808577,51.292993265309775,4.99114283871139,6.032524379932893,87.61498745409024
17,99.59614527853668,93.05793462343487,-12.0,0.11307531261257298,0.2091088067180834,0.13985827341900134,0.15635690529082366,67.43774902115881,6.068364755818536,15.120796620938014,95.6855229448794
17,96.42116245864801,96.42116245864807,-12.0,0.1388911278890589,0.2570266534874129,0.12331910094821912,0.14262852548808577,51.25543350395,2.3936343782212504,6.032524379932893,87.53199626464422
17,6416.968118859601,0.0,-12.0,0.1327928482628592,0.2890920460414319,0.10663303904143076,0.6188013333524914,67.79283873711147,138.54453925985766,30.365354339919463,115.28307445720611
17,6416.968118859601,0.0,-12.0,0.15387984817703326,0.2891889947830096,0.29223469524095613,0.6074939469844928,51.24542928335517,136.64469443359224,5.904649390546441,109.63863744037879
17,96.5254266882083,96.52542668820827,-12.0,0.13298004646435937,0.16377323369945573,0.25016292422652125,0.15306157161442396,61.166177839164064,6.897651218712121,5.721424010846428,191.17383876997772
17,99.86390593797167,93.1921350212738,-12.0,0.15397928257727156,0.23585663563941806,0.24944328965177393,0.15303964337779466,61.16136490443801,6.89932912928265,5.6158874904722635,180.5168095428788
17,99.86390593797167,93.1921350212738,-12.0,0.15397928257727156,0.23585663563941806,0.21772191004037916,0.15306157161442396,61.16083957988515,6.89912810738345,3.0985986511016486,180.5168095428788
17,99.59614527853668,96.09252696722811,-12.0,0.12968430812627746,0.2849486773438919,0.122941526330917,0.15133906284985846,61.20696821746177,1.7268591169948166,5.773692674684335,92.38185348193912
17,99.83071202456446,94.21258244822698,-12.0,0.14685159249175636,0.23585663563941806,0.21635672424434882,0.15369546009348686,61.16596426665411,6.89741090031332,3.1874977897390595,89.60574104931175
17,99.83071202456446,94.21258244822698,-12.0,0.14685159249175636,0.23585663563941806,0.24807810385574358,0.1536735318568576,61.16648959120697,6.897611922212519,5.704786628977596,89.60574104931175
17,99.59614527853668,96.09252696722811,-12.0,0.13903027695790748,0.25834054683409113,0.12517941092688054,0.14262852548808577,59.092212858247464,4.99114283871139,30.505025299062154,87.49398865563732
17,6416.968118859601,0.0,-12.0,0.0963909768565776,0.28913903284016323,0.2802618288365021,0.6121261318821178,55.628346254923244,5.696000255382586,7.187889218854146,94.49597154743441
17,99.83071202456446,94.21258244822698,-12.0,0.11265653918240004,0.23940434576857011,0.12485227548022061,0.14446980720574423,67.43774902115881,6.897611922212519,16.099837106556066,180.32992772985548
17,6416.968118859601,0.0,-12.0,0.12940599377294032,0.2892370676013295,0.2860993497250195,0.6299268457058815,67.43826578143444,139.07182102358996,32.451471697187834,126.6235190800135
17,6416.968118859601,0.0,-12.0,0.13294158620364363,0.23328703215148636,0.11810564817195288,0.6218249698328072,59.27471029177863,178.6565255735583,96.3323769383644,192.53317802351353
17,6416.968118859601,0.0,-12.0,0.12979007930631503,0.2894061739440603,0.12178120744777812,0.6299090050512148,70.6921469616404,42.13315004347251,5.808297983109057,87.39494576421644
17,99.59614527853668,96.09252696722811,-12.0,0.12926553469610735,0.2849486773438919,0.122941526330917,0.14398705683273835,61.20696821746177,1.6631586441181452,5.773692674684335,177.02625796330258
17,6416.968118859601,0.0,-12.0,0.1458364965812819,0.26055151056015036,0.25304732879257247,0.6406238480486612,71.70735854914258,224.1586938849464,74.94970717540332,126.22593879896472
17,6416.968118859601,0.0,-12.0,0.14030310645292576,0.28455744802115324,0.10128192457369153,0.6315872111148167,26.368463865163395,237.1499766299742,5.768446944389533,95.5510244571418
18,6416.9681188596,0.0,-12.0,0.1279102335866409,0.28913903284016323,0.282014892000445,0.6288372455572242,67.60575290030654,139.13897208679037,7.187889218854146,94.49597154743441
18,6416.9681188596,0.0,-12.0,0.12924680216290577,0.28483893890072726,0.10128192457369153,0.6315872111148167,67.43730178452783,240.65748889582835,5.768446944389533,95.5510244571418
18,79.99900000642742,79.99900000642742,-12.0,0.13305921685526725,0.2975820994480396,0.1456543134230346,0.16663593391269377,14.179956518839623,9.189817456239908,95.68855791253793,110.27058624059373
18,6416.9681188596,0.0,-12.0,0.132973062580114,0.28941859429617234,0.2937829515097393,0.6299268457058815,67.43826578143444,139.07182102358996,32.451471697187834,126.6235190800135
18,79.99900000642742,79.99900000642742,-12.0,0.13305921685526725,0.2975820994480396,0.1456543134230346,0.16663593391269377,14.179956518839623,5.143530160114564,95.68855791253793,109.69867464283826
18,79.99900000642742,79.99900000642742,-12.0,0.1124240983727936,0.2400404898802304,0.1456543134230346,0.16663593391269377,14.989737204929991,5.163988017555321,13.083871065511175,100.96049244248745
18,79.99900000642742,79.99900000642742,-12.0,0.1279102335866409,0.29817007502471593,0.282014892000445,0.14158913837464188,17.245807124215453,10.748397589882629,5.805117402312802,66.21198388561046
18,6416.9681188596,0.0,-12.0,0.12836188649207833,0.2586799408883922,0.10128192457369153,0.6315872111148167,67.73441690865126,234.70615055733322,5.930736346330109,87.26135476047764
18,79.99900000642742,79.99900000642742,-12.0,0.1279102335866409,0.2839146888821521,0.282014892000445,0.14158913837464188,17.245807124215453,26.937625987425488,5.805117402312802,66.21198388561046
18,6416.9681188596,0.0,-12.0,0.12969159576210001,0.2875065310652422,0.10129278471990741,0.631944061154807,67.79973748341465,138.53384961935055,5.808297983109057,193.2522112824334
18,79.99900000642742,79.99900000642742,-12.0,0.14685159249175636,0.23502922986755975,0.21635672424434882,0.15369546009348686,23.828697837891355,6.89741090031332,2.8167626229447498,89.60574104931175
18,6416.9681188596,0.0,-12.0,0.132973062580114,0.28941859429617234,0.2937829515097393,0.6299388359497337,67.44324809759283,139.07182102358996,32.451471697187834,113.92694747166809
18,99.59614527853668,93.05793462343487,-12.0,0.11307531261257298,0.2091088067180834,0.13985827341900134,0.15635690529082366,67.43774902115881,6.068364755818536,15.120796620938014,95.6855229448794
18,96.36486004365918,96.36486004365925,-12.0,0.13903027695790748,0.25834054683409113,0.15479790807902616,0.14262852548808577,51.84435437170393,5.057949466295154,5.718771872660821,87.61498745409024
18,99.59614527853668,93.05793462343487,-12.0,0.14685159249175636,0.23585663563941806,0.25042383959669584,0.1536735318568576,60.615128484812814,6.830805294628759,6.018539136249667,89.60574104931175
18,6416.9681188596005,0.0,-12.0,0.1295764711517448,0.28483893890072726,0.10128192457369153,0.6315872111148167,67.79973748341465,237.23861610580076,5.930736346330109,95.5510244571418
18,6416.9681188596005,0.0,-12.0,0.4148726414202275,0.2976861946714314,0.11401796540976145,0.6221154827556681,34.96798905169243,179.13615004611862,16.11176198341995,235.80094304145615
18,6416.9681188596005,0.0,-12.0,0.1279510216052,0.29772092883739854,0.282014892000445,0.6288372455572242,67.60575290030654,41.51116966589286,7.895744457046035,184.11186473231504
18,6416.9681188596005,0.0,-12.0,0.1327928482628592,0.2890920460414319,0.1265312860185489,0.6188013333524914,67.79283873711147,139.1313293183406,30.365354339919463,114.51262444602979
18,6416.9681188596005,0.0,-12.0,0.15387984817703326,0.2891889947830096,0.29223469524095613,0.6074939469844928,51.24800039901166,136.64469443359224,30.376312651991267,109.51763864192586
18,6416.9681188596005,0.0,-12.0,0.13378017690495347,0.297535200813747,0.12690552578982264,0.6221154827556681,68.1146746954354,179.18856903827137,95.18411348022784,182.92060481460518
18,6416.9681188596005,0.0,-12.0,0.1295764711517448,0.28483893890072726,0.10128192457369153,0.6315872111148167,67.43730178452783,235.10489771980008,5.768446944389533,95.5510244571418
18,6416.9681188596005,0.0,-12.0,0.1401826196760739,0.2968721406257326,0.10128192457369153,0.6315872111148167,30.68970470560439,237.23861610580076,4.478416952835168,95.5510244571418
18,6416.9681188596005,0.0,-12.0,0.132973062580114,0.28941859429617234,0.2937829515097393,0.6299090050512148,67.43826578143444,137.73374665812003,32.451471697187834,100.93241979469313
18,6416.9681188596005,0.0,-12.0,0.12969159576210001,0.2875065310652422,0.10647292881651058,0.631944061154807,67.79973748341465,138.53384961935055,5.808297983109057,193.2522112824334
18,6416.9681188596005,0.0,-12.0,0.13305786420243487,0.28483893890072726,0.10128192457369153,0.6315872111148167,67.43730178452783,230.5520666107455,33.14735905573984,95.5510244571418
18,6416.9681188596005,0.0,-12.0,0.13378017690495347,0.23328703215148636,0.1281210489062986,0.6221154827556681,68.1146746954354,178.6565255735583,96.3323769383644,182.92060481460518
18,6416.9681188596005,0.0,-12.0,0.13800166468018665,0.26532400642191706,0.10128192457369153,0.6315872111148167,67.73441690865126,237.23861610580076,5.930736346330109,87.26135476047764
18,6416.9681188596005,0.0,-12.0,0.12944773833639256,0.2836015154505315,0.1031552096572483,0.6352888151638241,67.43730178452783,233.5907868978626,5.768446944389533,95.7294927106312
18,6416.9681188596005,0.0,-12.0,0.13311221164896256,0.2907324876428506,0.2956484204225862,0.6299090050512148,67.47582554279421,143.39513363577964,32.451471697187834,101.01541098413915
18,6416.9681188596005,0.0,-12.0,0.13298217946462412,0.23328703215148636,0.1281210489062986,0.6218249698328072,68.1146746954354,178.6565255735583,96.3323769383644,180.2172698841802
18,6416.9681188596005,0.0,-12.0,0.13266826475341706,0.28913594781094587,0.10752651886986149,0.6284219522607639,67.79283873711147,138.54177350750868,30.365354339919463,115.31729453687252
18,6416.9681188596005,0.0,-12.0,0.4231603558809657,0.31891483653974495,0.10128192457369153,0.6298918635957241,33.90502419752199,237.23861610580076,32.459423476797014,220.0450025762958
18,6416.9681188596005,0.0,-12.0,0.13314353995891848,0.28502046559557004,0.10907987921830294,0.6315872111148167,67.79973748341465,240.0898343016242,5.930736346330109,95.5510244571418
18,6416.9681188596005,0.0,-12.0,0.1295764711517448,0.28483893890072726,0.08413300023288678,0.6315872111148167,67.79973748341465,237.23861610580076,5.930736346330109,94.51781104593294
18,6416.9681188596005,0.0,-12.0,0.12803481709608303,0.2890951310706493,0.28116050493189404,0.6192166266489512,67.60575290030654,139.14173783913938,7.187889218854146,94.461751467768
18,6416.9681188596005,0.0,-12.0,0.13305786420243487,0.28483893890072726,0.10128192457369153,0.6315872111148167,67.43730178452783,230.5520666107455,44.065107583355854,95.5510244571418
18,6416.9681188596005,0.0,-12.0,0.1327928482628592,0.2890920460414319,0.1265312860185489,0.6187893431086348,67.78785642095309,139.1313293183406,30.19647474489434,127.20919605437518
18,6416.9681188596005,0.0,-12.0,0.12924680216290577,0.28483893890072726,0.09988242759393605,0.6315872111148167,67.43730178452783,238.3803271856617,5.768446944389533,95.5510244571418
18,6416.968118859601,0.0,-12.0,0.14700681955829892,0.23328703215148636,0.11810564817195288,0.6271796319417957,59.27471029177863,178.09150568580944,96.72525391535066,192.53317802351353
18,96.42116245864801,96.42116245864807,-12.0,0.1388911278890589,0.2570266534874129,0.12331910094821912,0.14262852548808577,51.25543350395,2.3936343782212504,6.032524379932893,87.53199626464422
18,6416.968118859601,0.0,-12.0,0.1327928482628592,0.2890920460414319,0.10663303904143076,0.6188013333524914,67.79283873711147,138.54453925985766,30.365354339919463,115.28307445720611
18,96.42116245864801,96.42116245864807,-12.0,0.13903027695790748,0.25834054683409113,0.12517941092688054,0.14262852548808577,51.292993265309775,4.99114283871139,6.032524379932893,87.61498745409024
18,99.86390593797167,93.1921350212738,-12.0,0.15397928257727156,0.23585663563941806,0.21772191004037916,0.15306157161442396,61.16083957988515,6.89912810738345,3.0985986511016486,180.5168095428788
18,99.86390593797167,93.1921350212738,-12.0,0.15397928257727156,0.23585663563941806,0.24944328965177393,0.15303964337779466,61.16136490443801,6.89932912928265,5.6158874904722635,180.5168095428788
18,99.59614527853668,94.21258244822698,-12.0,0.13915485397659197,0.2852765773416552,0.122941526330917,0.20110351580890573,61.79131624678345,2.383937703496859,5.773692674684335,92.38185348193912
18,6416.968118859601,0.0,-12.0,0.4231603558809657,0.31891483653974495,0.1064620686702947,0.6298918635957241,33.90502419752199,237.23861610580076,32.459423476797014,220.0450025762958
18,6416.968118859601,0.0,-12.0,0.15387984817703326,0.2891889947830096,0.29223469524095613,0.6074939469844928,51.24542928335517,136.64469443359224,5.904649390546441,109.63863744037879
19,6416.9681188596,0.0,-12.0,0.1279102335866409,0.28913903284016323,0.282014892000445,0.6288372455572242,67.60575290030654,139.13897208679037,7.187889218854146,94.49597154743441
19,6416.9681188596,0.0,-12.0,0.12924680216290577,0.28483893890072726,0.10128192457369153,0.6315872111148167,67.43730178452783,240.65748889582835,5.768446944389533,95.5510244571418
19,79.99900000642742,79.99900000642742,-12.0,0.13305921685526725,0.2975820994480396,0.1456543134230346,0.16663593391269377,14.179956518839623,9.189817456239908,95.68855791253793,110.27058624059373
19,6416.9681188596,0.0,-12.0,0.132973062580114,0.28941859429617234,0.2937829515097393,0.6299268457058815,67.43826578143444,139.07182102358996,32.451471697187834,126.6235190800135
19,79.99900000642742,79.99900000642742,-12.0,0.13305921685526725,0.2975820994480396,0.1456543134230346,0.16663593391269377,14.179956518839623,5.143530160114564,95.68855791253793,109.69867464283826
19,79.99900000642742,79.99900000642742,-12.0,0.1124240983727936,0.2400404898802304,0.1456543134230346,0.16663593391269377,14.989737204929991,5.163988017555321,13.083871065511175,100.96049244248745
19,79.99900000642742,79.99900000642742,-12.0,0.1279102335866409,0.29817007502471593,0.282014892000445,0.14158913837464188,17.245807124215453,10.748397589882629,5.805117402312802,66.21198388561046
19,6416.9681188596,0.0,-12.0,0.12836188649207833,0.2586799408883922,0.10128192457369153,0.6315872111148167,67.73441690865126,234.70615055733322,5.930736346330109,87.26135476047764
19,79.99900000642742,79.99900000642742,-12.0,0.1279102335866409,0.2839146888821521,0.282014892000445,0.14158913837464188,17.245807124215453,26.937625987425488,5.805117402312802,66.21198388561046
19,6416.9681188596,0.0,-12.0,0.12969159576210001,0.2875065310652422,0.10129278471990741,0.631944061154807,67.79973748341465,138.53384961935055,5.808297983109057,193.2522112824334
19,79.99900000642742,79.99900000642742,-12.0,0.14685159249175636,0.23502922986755975,0.21635672424434882,0.15369546009348686,23.828697837891355,6.89741090031332,2.8167626229447498,89.60574104931175
19,6416.9681188596,0.0,-12.0,0.132973062580114,0.28941859429617234,0.2937829515097393,0.6299388359497337,67.44324809759283,139.07182102358996,32.451471697187834,113.92694747166809
19,79.99900000642742,79.99900000642742,-12.0,0.14720600113194315,0.29845104562316205,0.21635672424434882,0.15821784005584066,19.351086606085488,6.89741090031332,3.3782233653581972,105.57104992396023
19,79.99900000642742,79.99900000642742,-12.0,0.13284611634561247,0.2935829948310357,0.1456543134230346,0.1407289964815948,14.179956518839623,9.269488062988113,89.13876168448954,110.27058624059373
19,79.99900000642742,79.99900000642742,-12.0,0.13950265399242193,0.2591295015877102,0.12517941092688054,0.14270388869980524,15.259397795872292,5.8225727323226995,6.0320661800629995,87.61498745409024
19,79.99900000642742,79.99900000642742,-12.0,0.13305921685526725,0.2975820994480396,0.17233517283201524,0.16663593391269377,14.179956518839623,9.189817456239908,95.68855791253793,110.27058624059373
19,79.99900000642742,79.99900000642742,-12.0,0.1279102335866409,0.2839146888821521,0.282014892000445,0.14158913837464188,17.245807124215453,42.48125952536684,5.805117402312802,66.21198388561046
19,6416.9681188596,0.0,-12.0,0.132973062580114,0.28941859429617234,0.2937829515097393,0.6299388359497337,67.44324809759283,232.7900836686219,31.89934383836411,113.92694747166809
19,79.99900000642742,79.99900000642742,-12.0,0.1280795711778148,0.29817007502471593,0.1219215495137576,0.14158913837464188,17.245807124215453,23.114090465582517,10.342415743559773,69.39100652871521
19,6416.9681188596005,0.0,-12.0,0.1295764711517448,0.28483893890072726,0.10128192457369153,0.6315872111148167,67.79973748341465,237.23861610580076,5.930736346330109,95.5510244571418
19,6416.9681188596005,0.0,-12.0,0.4148726414202275,0.2976861946714314,0.11401796540976145,0.6221154827556681,34.96798905169243,179.13615004611862,16.11176198341995,235.80094304145615
19,6416.9681188596005,0.0,-12.0,0.1279510216052,0.29772092883739854,0.282014892000445,0.6288372455572242,67.60575290030654,41.51116966589286,7.895744457046035,184.11186473231504
19,6416.9681188596005,0.0,-12.0,0.1327928482628592,0.2890920460414319,0.1265312860185489,0.6188013333524914,67.79283873711147,139.1313293183406,30.365354339919463,114.51262444602979
19,6416.9681188596005,0.0,-12.0,0.15387984817703326,0.2891889947830096,0.29223469524095613,0.6074939469844928,51.24800039901166,136.64469443359224,30.376312651991267,109.51763864192586
19,6416.9681188596005,0.0,-12.0,0.13378017690495347,0.297535200813747,0.12690552578982264,0.6221154827556681,68.1146746954354,179.18856903827137,95.18411348022784,182.92060481460518
19,6416.9681188596005,0.0,-12.0,0.1295764711517448,0.28483893890072726,0.10128192457369153,0.6315872111148167,67.43730178452783,235.10489771980008,5.768446944389533,95.5510244571418
19,6416.9681188596005,0.0,-12.0,0.1401826196760739,0.2968721406257326,0.10128192457369153,0.6315872111148167,30.68970470560439,237.23861610580076,4.478416952835168,95.5510244571418
19,6416.9681188596005,0.0,-12.0,0.132973062580114,0.28941859429617234,0.2937829515097393,0.6299090050512148,67.43826578143444,137.73374665812003,32.451471697187834,100.93241979469313
19,6416.9681188596005,0.0,-12.0,0.12969159576210001,0.2875065310652422,0.10647292881651058,0.631944061154807,67.79973748341465,138.53384961935055,5.808297983109057,193.2522112824334
19,6416.9681188596005,0.0,-12.0,0.13305786420243487,0.28483893890072726,0.10128192457369153,0.6315872111148167,67.43730178452783,230.5520666107455,33.14735905573984,95.5510244571418
19,6416.9681188596005,0.0,-12.0,0.13378017690495347,0.23328703215148636,0.1281210489062986,0.6221154827556681,68.1146746954354,178.6565255735583,96.3323769383644,182.92060481460518
19,6416.9681188596005,0.0,-12.0,0.13800166468018665,0.26532400642191706,0.10128192457369153,0.6315872111148167,67.73441690865126,237.23861610580076,5.930736346330109,87.26135476047764
19,6416.9681188596005,0.0,-12.0,0.12944773833639256,0.2836015154505315,0.1031552096572483,0.6352888151638241,67.43730178452783,233.5907868978626,5.768446944389533,95.7294927106312
19,6416.9681188596005,0.0,-12.0,0.13311221164896256,0.2907324876428506,0.2956484204225862,0.6299090050512148,67.47582554279421,143.39513363577964,32.451471697187834,101.01541098413915
19,6416.9681188596005,0.0,-12.0,0.13298217946462412,0.23328703215148636,0.1281210489062986,0.6218249698328072,68.1146746954354,178.6565255735583,96.3323769383644,180.2172698841802
19,6416.9681188596005,0.0,-12.0,0.13266826475341706,0.28913594781094587,0.10752651886986149,0.6284219522607639,67.79283873711147,138.54177350750868,30.365354339919463,115.31729453687252
19,6416.9681188596005,0.0,-12.0,0.4231603558809657,0.31891483653974495,0.10128192457369153,0.6298918635957241,33.90502419752199,237.23861610580076,32.459423476797014,220.0450025762958
19,6416.9681188596005,0.0,-12.0,0.13314353995891848,0.28502046559557004,0.10907987921830294,0.6315872111148167,67.79973748341465,240.0898343016242,5.930736346330109,95.5510244571418
19,6416.9681188596005,0.0,-12.0,0.1295764711517448,0.28483893890072726,0.08413300023288678,0.6315872111148167,67.79973748341465,237.23861610580076,5.930736346330109,94.51781104593294
19,6416.9681188596005,0.0,-12.0,0.12803481709608303,0.2890951310706493,0.28116050493189404,0.6192166266489512,67.60575290030654,139.14173783913938,7.187889218854146,94.461751467768
19,6416.9681188596005,0.0,-12.0,0.13305786420243487,0.28483893890072726,0.10128192457369153,0.6315872111148167,67.43730178452783,230.5520666107455,44.065107583355854,95.5510244571418
19,6416.9681188596005,0.0,-12.0,0.1327928482628592,0.2890920460414319,0.1265312860185489,0.6187893431086348,67.78785642095309,139.1313293183406,30.19647474489434,127.20919605437518
19,6416.9681188596005,0.0,-12.0,0.12924680216290577,0.28483893890072726,0.09988242759393605,0.6315872111148167,67.43730178452783,238.3803271856617,5.768446944389533,95.5510244571418
19,6416.9681188596005,0.0,-12.0,0.13266826475341706,0.28913594781094587,0.10752651886986149,0.6240494215391272,67.79283873711147,138.54177350750868,30.365354339919463,115.31729453687252
19,6416.9681188596005,0.0,-12.0,0.12922871837663266,0.28483893890072726,0.10127208505639075,0.6315872111148167,67.03231951904107,238.4388633631089,5.768446944389533,95.5510244571418
19,6416.9681188596005,0.0,-12.0,0.132973062580114,0.2894640742250891,0.2937829515097393,0.6299090050512148,67.43826578143444,235.38501671556082,32.451471697187834,100.91771027802726
19,6416.9681188596005,0.0,-12.0,0.13278819947733272,0.2890764833584411,0.10524641891518607,0.6295055194902578,67.79283873711147,138.54453925985766,30.365354339919463,115.28307445720611
19,90.52867171310798,90.52867171310797,-12.0,0.12812333409629564,0.29817007502471593,0.282014892000445,0.16749607580574175,17.245807124215453,10.668726983134423,12.532726272144835,66.21198388561046
20,6416.9681188596,0.0,-12.0,0.1279102335866409,0.28913903284016323,0.282014892000445,0.6288372455572242,67.60575290030654,139.13897208679037,7.187889218854146,94.49597154743441
20,6416.9681188596,0.0,-12.0,0.12924680216290577,0.28483893890072726,0.10128192457369153,0.6315872111148167,67.43730178452783,240.65748889582835,5.768446944389533,95.5510244571418
20,79.99900000642742,79.99900000642742,-12.0,0.13305921685526725,0.2975820994480396,0.1456543134230346,0.16663593391269377,14.179956518839623,9.189817456239908,95.68855791253793,110.27058624059373
20,6416.9681188596,0.0,-12.0,0.132973062580114,0.28941859429617234,0.2937829515097393,0.6299268457058815,67.43826578143444,139.07182102358996,32.451471697187834,126.6235190800135
20,79.99900000642742,79.99900000642742,-12.0,0.13305921685526725,0.2975820994480396,0.1456543134230346,0.16663593391269377,14.179956518839623,5.143530160114564,95.68855791253793,109.69867464283826
20,79.99900000642742,79.99900000642742,-12.0,0.1124240983727936,0.2400404898802304,0.1456543134230346,0.16663593391269377,14.989737204929991,5.163988017555321,13.083871065511175,100.96049244248745
20,79.99900000642742,79.99900000642742,-12.0,0.1279102335866409,0.29817007502471593,0.282014892000445,0.14158913837464188,17.245807124215453,10.748397589882629,5.805117402312802,66.21198388561046
20,6416.9681188596,0.0,-12.0,0.12836188649207833,0.2586799408883922,0.10128192457369153,0.6315872111148167,67.73441690865126,234.70615055733322,5.930736346330109,87.26135476047764
20,79.99900000642742,79.99900000642742,-12.0,0.1279102335866409,0.2839146888821521,0.282014892000445,0.14158913837464188,17.245807124215453,26.937625987425488,5.805117402312802,66.21198388561046
20,6416.9681188596,0.0,-12.0,0.12969159576210001,0.2875065310652422,0.10129278471990741,0.631944061154807,67.79973748341465,138.53384961935055,5.808297983109057,193.2522112824334
20,79.99900000642742,79.99900000642742,-12.0,0.14685159249175636,0.23502922986755975,0.21635672424434882,0.15369546009348686,23.828697837891355,6.89741090031332,2.8167626229447498,89.60574104931175
20,6416.9681188596,0.0,-12.0,0.132973062580114,0.28941859429617234,0.2937829515097393,0.6299388359497337,67.44324809759283,139.07182102358996,32.451471697187834,113.92694747166809
20,79.99900000642742,79.99900000642742,-12.0,0.14720600113194315,0.29845104562316205,0.21635672424434882,0.15821784005584066,19.351086606085488,6.89741090031332,3.3782233653581972,105.57104992396023
20,79.99900000642742,79.99900000642742,-12.0,0.13284611634561247,0.2935829948310357,0.1456543134230346,0.1407289964815948,14.179956518839623,9.269488062988113,89.13876168448954,110.27058624059373
20,79.99900000642742,79.99900000642742,-12.0,0.13950265399242193,0.2591295015877102,0.12517941092688054,0.14270388869980524,15.259397795872292,5.8225727323226995,6.0320661800629995,87.61498745409024
20,79.99900000642742,79.99900000642742,-12.0,0.13305921685526725,0.2975820994480396,0.17233517283201524,0.16663593391269377,14.179956518839623,9.189817456239908,95.68855791253793,110.27058624059373
20,79.99900000642742,79.99900000642742,-12.0,0.1279102335866409,0.2839146888821521,0.282014892000445,0.14158913837464188,17.245807124215453,42.48125952536684,5.805117402312802,66.21198388561046
20,6416.9681188596,0.0,-12.0,0.132973062580114,0.28941859429617234,0.2937829515097393,0.6299388359497337,67.44324809759283,232.7900836686219,31.89934383836411,113.92694747166809
20,79.99900000642742,79.99900000642742,-12.0,0.1280795711778148,0.29817007502471593,0.1219215495137576,0.14158913837464188,17.245807124215453,23.114090465582517,10.342415743559773,69.39100652871521
20,79.99900000642742,79.99900000642742,-12.0,0.1332232953658473,0.29780616572182067,0.18579633139001792,0.16663593391269377,14.179956518839623,9.189817456239908,95.68855791253793,64.06253360063849
20,79.99900000642742,79.99900000642742,-12.0,0.1278278083012534,0.29755815772635025,0.1219215495137576,0.15198374803126696,17.245807124215453,16.53405000063161,10.163114322775812,96.3436500516692
20,6416.9681188596,0.0,-12.0,0.1323665841821109,0.28483893890072726,0.10128192457369153,0.6315872111148167,67.11606745109523,237.20839564421595,44.065107583355854,95.5510244571418
20,79.99900000642742,79.99900000642742,-12.0,0.1326354997712287,0.2975820994480396,0.1471406396448252,0.16663593391269377,14.179956518839623,9.189817456239908,95.68855791253793,110.27058624059373
20,6416.9681188596,0.0,-12.0,0.12924680216290577,0.28478878590087264,0.10128193616207706,0.6315872111148167,67.79248843225542,140.44441567218308,5.768446944389533,189.62139145467836
20,79.99900000642742,79.99900000642742,-12.0,0.13413866476945507,0.2591295015877102,0.12517941092688054,0.14270388869980524,15.259397795872292,5.8225727323226995,6.744735717230674,87.61498745409024
20,6416.9681188596,0.0,-12.0,0.12836188649207833,0.2586799408883922,0.10128192457369153,0.6315872111148167,67.73441690865126,238.57611783415894,5.930736346330109,87.26135476047764
20,79.99900000642742,79.99900000642742,-12.0,0.13297181961576196,0.2975804263225192,0.1502189984067936,0.16663593391269377,14.179956518839623,16.508006611900118,95.68855791253793,114.15138974032357
20,79.99900000642742,79.99900000642742,-12.0,0.1279102335866409,0.29817007502471593,0.282014892000445,0.138296862142293,17.245807124215453,10.748397589882629,5.805117402312802,61.98329251549957
20,79.99900000642742,79.99900000642742,-12.0,0.12929643445284872,0.2975820994480396,0.17284055502280765,0.16663593391269377,14.179956518839623,9.189817456239908,4.437169172509293,110.27058624059373
20,79.99900000642742,79.99900000642742,-12.0,0.13939629130307915,0.25693582116881974,0.12515272324349713,0.14270388869980524,15.261941981778044,5.8225727323226995,10.46878331102587,70.01409787785391
20,79.99900000642742,79.99900000642742,-12.0,0.12818593386715757,0.3003637554436064,0.12194823719714099,0.13907072503788812,17.243262938309705,23.114090465582517,5.905698612747616,97.01663334131823
20,6416.9681188596005,0.0,-12.0,0.1295764711517448,0.28483893890072726,0.10128192457369153,0.6315872111148167,67.79973748341465,237.23861610580076,5.930736346330109,95.5510244571418
20,6416.9681188596005,0.0,-12.0,0.1295764711517448,0.28483893890072726,0.10127178372610103,0.6315872111148167,67.79973748341465,237.21340170832212,5.930736346330109,95.5510244571418
20,82.88152339260569,82.88152339260567,-12.0,0.12774615507606082,0.283690622608371,0.2685537336210178,0.14158913837464188,17.245807124215453,26.937625987425488,5.805117402312802,112.42003652691945
20,6416.9681188596005,0.0,-12.0,0.1327928482628592,0.2890920460414319,0.1265312860185489,0.6188013333524914,67.79283873711147,139.1313293183406,30.365354339919463,114.51262444602979
20,6416.9681188596005,0.0,-12.0,0.1330095845653243,0.3033072336331949,0.10077747102130563,0.6315872111148167,67.43730178452783,240.65748889582835,75.35957054699007,95.5510244571418
20,6416.9681188596005,0.0,-12.0,0.13378017690495347,0.297535200813747,0.12690552578982264,0.6221154827556681,68.1146746954354,179.18856903827137,95.18411348022784,182.92060481460518
20,6416.9681188596005,0.0,-12.0,0.132973062580114,0.2894640742250891,0.2937829515097393,0.6299090050512148,67.43826578143444,235.38501671556082,32.451471697187834,100.91771027802726
20,6416.9681188596005,0.0,-12.0,0.1295764711517448,0.28483893890072726,0.10128192457369153,0.6315872111148167,67.43730178452783,235.10489771980008,5.768446944389533,95.5510244571418
20,6416.9681188596005,0.0,-12.0,0.1327928482628592,0.2890920460414319,0.1265312860185489,0.6187893431086348,67.78785642095309,139.1313293183406,30.19647474489434,127.20919605437518
20,6416.9681188596005,0.0,-12.0,0.13295995444143455,0.29761251925680354,0.12690552578982264,0.6221154827556681,68.1146746954354,137.56428255200288,33.77357184306089,182.92060481460518
20,6416.9681188596005,0.0,-12.0,0.12803481709608303,0.2890951310706493,0.28116050493189404,0.6192166266489512,67.60575290030654,139.14173783913938,7.187889218854146,94.461751467768
20,6416.9681188596005,0.0,-12.0,0.13278819947733272,0.2890774759737957,0.10424852899876139,0.6194464574590046,67.79283873711147,138.54453925985766,7.413246587995397,115.28307445720611
20,6416.9681188596005,0.0,-12.0,0.13311221164896256,0.2907324876428506,0.2956484204225862,0.6299090050512148,67.47582554279421,143.39513363577964,32.451471697187834,101.01541098413915
20,6416.9681188596005,0.0,-12.0,0.4148726414202275,0.2976861946714314,0.11401796540976145,0.6221154827556681,34.96798905169243,179.13615004611862,16.11176198341995,235.80094304145615
20,6416.9681188596005,0.0,-12.0,0.13378017690495347,0.23328703215148636,0.1281210489062986,0.6221154827556681,68.1146746954354,178.6565255735583,96.3323769383644,182.92060481460518
20,6416.9681188596005,0.0,-12.0,0.12969159576210001,0.2875065310652422,0.10647292881651058,0.631944061154807,67.79973748341465,138.53384961935055,5.808297983109057,193.2522112824334
20,6416.9681188596005,0.0,-12.0,0.13305786420243487,0.28483893890072726,0.10128192457369153,0.6315872111148167,67.43730178452783,230.5520666107455,33.14735905573984,95.5510244571418
21,79.99900000642742,79.99900000642742,-12.0,0.1279102335866409,0.29805410826544704,0.282014892000445,0.13846155865171716,17.245807124215453,25.645957764786843,5.805117402312802,66.21198388561046
21,6416.9681188596,0.0,-12.0,0.132973062580114,0.2596591213259146,0.2937829515097393,0.6299388359497337,67.46484049058178,234.84637617554657,31.89934383836411,113.92694747166809
21,6416.9681188596,0.0,-12.0,0.1279102335866409,0.28913903284016323,0.282014892000445,0.6288372455572242,67.60575290030654,139.13897208679037,7.187889218854146,94.49597154743441
21,79.99900000642742,79.99900000642742,-12.0,0.13305921685526725,0.2975820994480396,0.1456543134230346,0.16663593391269377,14.179956518839623,9.189817456239908,95.68855791253793,110.27058624059373
21,6416.9681188596,0.0,-12.0,0.12836188649207833,0.2586799408883922,0.10128192457369153,0.6315872111148167,67.73441690865126,238.57611783415894,5.930736346330109,87.26135476047764
21,79.99900000642742,79.99900000642742,-12.0,0.13284611634561247,0.2935829948310357,0.1456543134230346,0.1407289964815948,14.179956518839623,9.269488062988113,89.13876168448954,110.27058624059373
21,6416.9681188596,0.0,-12.0,0.132973062580114,0.28941859429617234,0.2937829515097393,0.6299268457058815,67.43826578143444,139.07182102358996,32.451471697187834,126.6235190800135
21,79.99900000642742,79.99900000642742,-12.0,0.1311463186937012,0.2591295015877102,0.1252163328741264,0.14270388869980524,18.381899946171732,12.8854584468679,9.903992098879655,87.552376977095
21,6416.9681188596,0.0,-12.0,0.1323665841821109,0.28483893890072726,0.10128192457369153,0.6315872111148167,67.11606745109523,237.20839564421595,44.065107583355854,95.5510244571418
21,79.99900000642742,79.99900000642742,-12.0,0.13950265399242193,0.2591295015877102,0.12517941092688054,0.14270388869980524,15.259397795872292,5.8225727323226995,6.0320661800629995,87.61498745409024
21,79.99900000642742,79.99900000642742,-12.0,0.13297181961576196,0.2975804263225192,0.1502189984067936,0.16663593391269377,14.179956518839623,16.508006611900118,95.68855791253793,114.15138974032357
21,79.99900000642742,79.99900000642742,-12.0,0.1124240983727936,0.2400404898802304,0.1456543134230346,0.16663593391269377,14.989737204929991,5.163988017555321,13.083871065511175,100.96049244248745
21,79.99900000642742,79.99900000642742,-12.0,0.1358891906658708,0.2838117273482493,0.25962017846650653,0.12245333874885678,14.25663221589838,26.937625987425488,5.805117402312802,110.33124199150312
21,79.99900000642742,79.99900000642742,-12.0,0.1280795711778148,0.29817007502471593,0.1219215495137576,0.14158913837464188,17.245807124215453,23.114090465582517,10.342415743559773,69.39100652871521
21,79.99900000642742,79.99900000642742,-12.0,0.13305921685526725,0.2975820994480396,0.1456543134230346,0.16663593391269377,14.179956518839623,5.143530160114564,95.68855791253793,109.69867464283826
21,6416.9681188596,0.0,-12.0,0.12924680216290577,0.28478878590087264,0.10128193616207706,0.6315872111148167,67.79248843225542,140.44441567218308,5.768446944389533,189.62139145467836
21,79.99900000642742,79.99900000642742,-12.0,0.13413866476945507,0.2591295015877102,0.12517941092688054,0.1427025754846073,17.149639959360268,5.8225727323226995,5.775362006323162,87.61498745409024
21,79.99900000642742,79.99900000642742,-12.0,0.13950062479832104,0.25693582116881974,0.12598831382578354,0.14331660503830013,15.261941981778044,4.838414297616499,5.621523295517811,70.01409787785391
21,79.99900000642742,79.99900000642742,-12.0,0.12929643445284872,0.2975820994480396,0.17284055502280765,0.16663593391269377,14.179956518839623,9.189817456239908,4.437169172509293,110.27058624059373
21,79.99900000642742,79.99900000642742,-12.0,0.1279102335866409,0.2839146888821521,0.282014892000445,0.14158913837464188,17.245807124215453,26.937625987425488,5.805117402312802,66.21198388561046
21,79.99900000642742,79.99900000642742,-12.0,0.13305921685526725,0.2975820994480396,0.17233517283201524,0.16663593391269377,14.179956518839623,9.189817456239908,95.68855791253793,110.27058624059373
21,79.99900000642742,79.99900000642742,-12.0,0.13939629130307915,0.25693582116881974,0.12515272324349713,0.14270388869980524,15.261941981778044,5.8225727323226995,10.46878331102587,70.01409787785391
21,79.99900000642742,79.99900000642742,-12.0,0.12929643445284872,0.2982687106376578,0.1744212040336593,0.16580262234513543,14.200866603864386,27.354600233006593,4.437169172509293,111.37871326302897
21,79.99900000642742,79.99900000642742,-12.0,0.1279102335866409,0.284030655641421,0.282014892000445,0.14142444186521774,17.245807124215453,12.040066098464976,5.805117402312802,61.98329251549957
21,79.99900000642742,79.99900000642742,-12.0,0.1397261705146938,0.2590934222548358,0.1456543134230346,0.14278935504618326,14.179956518839623,5.143530160114564,96.68405109403429,109.69867464283826
21,6416.9681188596,0.0,-12.0,0.12969159576210001,0.2875065310652422,0.10129278471990741,0.631944061154807,67.79973748341465,138.53384961935055,5.808297983109057,193.2522112824334
21,6416.9681188596,0.0,-12.0,0.12836188649207833,0.2586799408883922,0.10128192457369153,0.6315872111148167,67.73441690865126,234.70615055733322,5.930736346330109,87.26135476047764
21,79.99900000642742,79.99900000642742,-12.0,0.13283570033299538,0.297618178780914,0.12517941092688054,0.16655046756631584,15.259397795872292,16.936577625787038,5.365572690604438,87.61498745409024
21,6416.9681188596,0.0,-12.0,0.12956460995492428,0.28483893890072726,0.10128192457369153,0.6315872111148167,67.43730178452783,240.65748889582835,5.768446944389533,95.5510244571418
21,79.99900000642742,79.99900000642742,-12.0,0.1284416380554327,0.29845104562316205,0.2825773839199493,0.15821784005584066,19.736341818434454,9.439569688335794,7.10314048810896,105.57104992396023
21,6416.9681188596,0.0,-12.0,0.132973062580114,0.28941859429617234,0.2937829515097393,0.6299388359497337,67.44324809759283,139.07182102358996,32.451471697187834,113.92694747166809
21,79.99900000642742,79.99900000642742,-12.0,0.1326354997712287,0.2975820994480396,0.1471406396448252,0.16663593391269377,14.179956518839623,9.189817456239908,95.68855791253793,110.27058624059373
21,79.99900000642742,79.99900000642742,-12.0,0.14685159249175636,0.23502922986755975,0.21635672424434882,0.15369546009348686,23.828697837891355,6.89741090031332,2.8167626229447498,89.60574104931175
21,79.99900000642742,79.99900000642742,-12.0,0.1279102335866409,0.29817007502471593,0.282014892000445,0.14158913837464188,17.245807124215453,10.748397589882629,5.805117402312802,66.21198388561046
21,79.99900000642742,79.99900000642742,-12.0,0.1124240983727936,0.2400404898802304,0.14565348393610242,0.16663593391269377,14.166480544019656,9.214481892125256,13.083871065511175,100.96049244248745
21,6416.9681188596,0.0,-12.0,0.12924680216290577,0.28483893890072726,0.10128192457369153,0.6315872111148167,67.43730178452783,240.65748889582835,5.768446944389533,95.5510244571418
21,79.99900000642742,79.99900000642742,-12.0,0.13297181961576196,0.2976456224450013,0.1502189984067936,0.16371821378558474,7.093684648389797,16.508006611900118,95.68855791253793,114.10257428157473
21,79.99900000642742,79.99900000642742,-12.0,0.1279102335866409,0.2839146888821521,0.282014892000445,0.14158913837464188,17.245807124215453,42.48125952536684,5.805117402312802,66.21198388561046
21,6416.9681188596,0.0,-12.0,0.132973062580114,0.28941859429617234,0.2937829515097393,0.6299388359497337,67.44324809759283,232.7900836686219,31.89934383836411,113.92694747166809
21,6416.9681188596,0.0,-12.0,0.132973062580114,0.28941859429617234,0.2937829515097393,0.6299268457058815,67.43826578143444,139.07182102358996,28.612953616909703,120.16284855098323
21,79.99900000642742,79.99900000642742,-12.0,0.13413866476945507,0.2591295015877102,0.12517941092688054,0.14270388869980524,15.259397795872292,5.8225727323226995,6.744735717230674,87.61498745409024
21,79.99900000642742,79.99900000642742,-12.0,0.13284154007767895,0.2935829948310357,0.2949445501836212,0.13286359467154663,14.179956518839623,3.469413805335864,89.49602665547957,109.38016040942942
21,79.99900000642742,79.99900000642742,-12.0,0.1331189618706054,0.3720546370513881,0.1843963824143054,0.16602321757419897,14.179956518839623,9.189817456239908,101.03510824381749,70.1436358799038
21,79.99900000642742,79.99900000642742,-12.0,0.1326354997712287,0.2975820994480396,0.14714146913175738,0.16663593391269377,15.003213179749956,5.1393235818035095,95.68855791253793,110.27058624059373
21,79.99900000642742,79.99900000642742,-12.0,0.12818593386715757,0.3003637554436064,0.12194823719714099,0.13907072503788812,17.243262938309705,23.114090465582517,5.905698612747616,97.01663334131823
21,79.99900000642742,79.99900000642742,-12.0,0.1326354997712287,0.29841232048047167,0.09919979049681027,0.1787416723972268,14.179956518839623,9.189817456239908,2.9079165993046203,110.27058624059373
21,79.99900000642742,79.99900000642742,-12.0,0.1279102335866409,0.29817007502471593,0.282014892000445,0.138296862142293,17.245807124215453,10.748397589882629,5.805117402312802,61.98329251549957
21,79.99900000642742,79.99900000642742,-12.0,0.14720600113194315,0.29845104562316205,0.21635672424434882,0.15821784005584066,19.351086606085488,6.89741090031332,3.3782233653581972,105.57104992396023
22,6416.9681188596,0.0,-12.0,0.13233439804615807,0.2875352774852113,0.1012927960098988,0.6319421866534385,67.11606745109523,233.3213510428184,44.065107583355854,94.1207925125488
22,79.99900000642742,79.99900000642742,-12.0,0.1279102335866409,0.29805410826544704,0.282014892000445,0.13846155865171716,17.245807124215453,25.645957764786843,5.805117402312802,66.21198388561046
22,79.99900000642742,79.99900000642742,-12.0,0.13257254879355287,0.29841232048047167,0.1254981044089458,0.17993529133001737,15.260319253703772,5.7481281553430446,2.9079165993046203,110.55193083423333
22,6416.9681188596,0.0,-12.0,0.132973062580114,0.2596591213259146,0.2937829515097393,0.6299388359497337,67.46484049058178,234.84637617554657,31.89934383836411,113.92694747166809
22,79.99900000642742,79.99900000642742,-12.0,0.12929643445284872,0.2975820994480396,0.17284055502280765,0.16663593391269377,14.179956518839623,9.189817456239908,4.437169172509293,110.27058624059373
22,79.99900000642742,79.99900000642742,-12.0,0.14720600113194315,0.29845104562316205,0.21635672424434882,0.15821784005584066,19.351086606085488,6.89741090031332,3.3782233653581972,105.57104992396023
22,6416.9681188596,0.0,-12.0,0.12924680216290577,0.28478878590087264,0.10128193616207706,0.6315872111148167,67.79248843225542,140.44441567218308,5.768446944389533,189.62139145467836
22,79.99900000642742,79.99900000642742,-12.0,0.13181207958582078,0.2400404898802304,0.3075717605617204,0.1778854985731967,10.388722152454704,9.214481892125256,13.083871065511175,100.96049244248745
22,79.99900000642742,79.99900000642742,-12.0,0.1124240983727936,0.2894275653005909,0.2858978091417861,0.19957956839225138,3.8718067411266635,5.163988017555321,13.083871065511175,94.5573178823783
22,79.99900000642742,79.99900000642742,-12.0,0.1279102335866409,0.30488410949675326,0.282014892000445,0.14142444186521774,15.24147387770704,12.040066098464976,5.6240320958995005,61.98329251549957
22,79.99900000642742,79.99900000642742,-12.0,0.13950265399242193,0.2591295015877102,0.12517941092688054,0.14270388869980524,15.259397795872292,5.8225727323226995,6.0320661800629995,87.61498745409024
22,6416.9681188596,0.0,-12.0,0.12836188649207833,0.2586799408883922,0.10128192457369153,0.6315872111148167,67.73441690865126,234.70615055733322,5.930736346330109,87.26135476047764
22,79.99900000642742,79.99900000642742,-12.0,0.13305921685526725,0.2975820994480396,0.1456543134230346,0.17363836099599253,14.179956518839623,2.4428130996211195,95.68855791253793,74.73071151411534
22,79.99900000642742,79.99900000642742,-12.0,0.13283570033299538,0.297618178780914,0.12517941092688054,0.16655046756631584,15.259397795872292,16.936577625787038,5.365572690604438,87.61498745409024
22,6416.9681188596,0.0,-12.0,0.1279102335866409,0.28913903284016323,0.282014892000445,0.6288372455572242,67.60575290030654,139.13897208679037,7.187889218854146,94.49597154743441
22,79.99900000642742,79.99900000642742,-12.0,0.1453992632774757,0.2975820994480396,0.17284055502280765,0.16663593391269377,21.859562617514946,9.189817456239908,0.5515157309822944,110.27058624059373
22,79.99900000642742,79.99900000642742,-12.0,0.13284154007767895,0.2935829948310357,0.29549215594321987,0.13286359467154663,14.179956518839623,3.469413805335864,88.67155830547891,109.38016040942942
22,79.99900000642742,79.99900000642742,-12.0,0.1280795711778148,0.29817007502471593,0.1219215495137576,0.14158913837464188,17.245807124215453,23.114090465582517,10.342415743559773,69.39100652871521
22,79.99900000642742,79.99900000642742,-12.0,0.124833556037769,0.2935829948310357,0.1330289016586075,0.10236581323246666,14.179559402098674,3.469413805335864,89.49602665547957,104.12781819216883
22,79.99900000642742,79.99900000642742,-12.0,0.1124240983727936,0.2400404898802304,0.1456543134230346,0.16663593391269377,14.989737204929991,5.163988017555321,13.083871065511175,100.96049244248745
22,79.99900000642742,79.99900000642742,-12.0,0.1358891906658708,0.2838117273482493,0.25962017846650653,0.12245333874885678,14.25663221589838,26.937625987425488,5.805117402312802,110.33124199150312
22,79.99900000642742,79.99900000642742,-12.0,0.1326354997712287,0.29756752352316235,0.1471406396448252,0.16663593391269377,14.179956518839623,9.189817456239908,95.68855791253793,114.06950217154437
22,79.99900000642742,79.99900000642742,-12.0,0.1279102335866409,0.2839146888821521,0.282014892000445,0.14158913837464188,17.245807124215453,42.48125952536684,5.805117402312802,66.21198388561046
22,79.99900000642742,79.99900000642742,-12.0,0.1284416380554327,0.29845104562316205,0.2825773839199493,0.15821784005584066,19.736341818434454,9.439569688335794,7.10314048810896,105.57104992396023
22,79.99900000642742,79.99900000642742,-12.0,0.13297181961576196,0.2975804263225192,0.1502189984067936,0.16663593391269377,14.179956518839623,16.508006611900118,95.68855791253793,114.15138974032357
22,79.99900000642742,79.99900000642742,-12.0,0.1279102335866409,0.29817007502471593,0.282014892000445,0.138296862142293,17.245807124215453,10.748397589882629,5.805117402312802,61.98329251549957
22,6416.9681188596,0.0,-12.0,0.12836188649207833,0.2586799408883922,0.10128192457369153,0.6315872111148167,67.73441690865126,238.57611783415894,5.930736346330109,87.26135476047764
22,79.99900000642742,79.99900000642742,-12.0,0.12929643445284872,0.2982687106376578,0.1744212040336593,0.16580262234513543,14.200866603864386,27.354600233006593,4.437169172509293,111.37871326302897
22,79.99900000642742,79.99900000642742,-12.0,0.1279102335866409,0.29816933256000533,0.282014892000445,0.1386254513938003,17.245807124215453,10.748397589882629,4.131537018731044,66.21198388561046
22,79.99900000642742,79.99900000642742,-12.0,0.1279102335866409,0.29805410826544704,0.2827183137725425,0.1427311749622311,15.406777977427081,25.645957764786843,5.805117402312802,66.21198388561046
22,79.99900000642742,79.99900000642742,-12.0,0.13297181961576196,0.2975804263225192,0.18421023192451053,0.16663367728203546,14.179956518839623,9.10546906597907,101.24838781665214,71.05892070482534
22,6416.9681188596,0.0,-12.0,0.12969159576210001,0.2875065310652422,0.10129278471990741,0.631944061154807,67.79973748341465,138.53384961935055,5.808297983109057,193.2522112824334
22,79.99900000642742,79.99900000642742,-12.0,0.1397261705146938,0.2590934222548358,0.1456543134230346,0.14278935504618326,14.179956518839623,5.143530160114564,96.68405109403429,109.69867464283826
22,79.99900000642742,79.99900000642742,-12.0,0.1279102335866409,0.2980548507301576,0.282014892000445,0.14142524563255873,17.245807124215453,25.645957764786843,5.805117402312802,66.21198388561046
22,79.99900000642742,79.99900000642742,-12.0,0.13284154007767895,0.2935829948310357,0.2949445501836212,0.13286359467154663,14.179956518839623,3.469413805335864,89.49602665547957,109.38016040942942
22,79.99900000642742,79.99900000642742,-12.0,0.13305921685526725,0.2975820994480396,0.1456543134230346,0.16663593391269377,14.179956518839623,9.189817456239908,95.68855791253793,110.27058624059373
22,79.99900000642742,79.99900000642742,-12.0,0.13305921685526725,0.2975820994480396,0.17233517283201524,0.16663593391269377,14.179956518839623,9.189817456239908,95.68855791253793,110.27058624059373
22,79.99900000642742,79.99900000642742,-12.0,0.1331189618706054,0.3720546370513881,0.15040514889659093,0.16602547420485728,14.179956518839623,16.59235500257248,95.47527833970328,113.23610491547566
22,79.99900000642742,79.99900000642742,-12.0,0.13950265399242193,0.2591295015877102,0.12447821692922342,0.1384342723892913,17.098426942660666,5.8225727323226995,6.0320661800629995,87.61498745409024
22,79.99900000642742,79.99900000642742,-12.0,0.1279102335866409,0.29817007502471593,0.282014892000445,0.14158913837464188,17.245807124215453,10.748397589882629,5.805117402312802,66.21198388561046
22,6416.9681188596,0.0,-12.0,0.1297237818980528,0.2848101924807582,0.10128191328370015,0.6315890856161852,67.79973748341465,138.53384961935055,5.808297983109057,192.67465613428504
22,6416.9681188596,0.0,-12.0,0.1323665841821109,0.28483893890072726,0.10128192457369153,0.6315872111148167,67.11606745109523,237.20839564421595,44.065107583355854,95.5510244571418
22,79.99900000642742,79.99900000642742,-12.0,0.1124240983727936,0.2400404898802304,0.14565348393610242,0.16663593391269377,14.166480544019656,9.214481892125256,13.083871065511175,100.96049244248745
22,79.99900000642742,79.99900000642742,-12.0,0.12833872807736207,0.2977044066536116,0.10121611197910728,0.16663593391269377,14.179956518839623,0.2186092379475184,95.74534775295018,110.27058624059373
22,6416.9681188596,0.0,-12.0,0.132973062580114,0.28941859429617234,0.2937829515097393,0.6299388359497337,67.44324809759283,232.7900836686219,31.89934383836411,113.92694747166809
22,6416.9681188596,0.0,-12.0,0.12956460995492428,0.28483893890072726,0.10128192457369153,0.6315872111148167,67.43730178452783,240.65748889582835,5.768446944389533,95.5510244571418
22,79.99900000642742,79.99900000642742,-12.0,0.13284611634561247,0.2935829948310357,0.1456543134230346,0.1407289964815948,14.179956518839623,9.269488062988113,89.13876168448954,110.27058624059373
22,79.99900000642742,79.99900000642742,-12.0,0.13297181961576196,0.2976601983698785,0.1502189984067936,0.13319895143466715,7.093684648389797,16.508006611900118,95.68855791253793,105.07726936127003
23,79.99900000642742,79.99900000642742,-12.0,0.1279102335866409,0.2741590680532413,0.18105931812433007,0.13846155865171716,17.245807124215453,13.23040382813834,5.805117402312802,66.21198388561046
23,79.99900000642742,79.99900000642742,-12.0,0.1279102335866409,0.29805410826544704,0.282014892000445,0.13846155865171716,17.245807124215453,25.645957764786843,5.805117402312802,66.21198388561046
23,6416.9681188596,0.0,-12.0,0.13233439804615807,0.2875352774852113,0.1012927960098988,0.6319421866534385,67.11606745109523,233.3213510428184,44.065107583355854,94.1207925125488
23,6416.9681188596,0.0,-12.0,0.132973062580114,0.28941859429617234,0.2937829515097393,0.6299388359497337,67.44324809759283,232.7900836686219,31.810690629237726,113.92694747166809
23,79.99900000642742,79.99900000642742,-12.0,0.1279102335866409,0.29816933256000533,0.282014892000445,0.1386254513938003,17.245807124215453,10.748397589882629,4.131537018731044,66.21198388561046
23,79.99900000642742,79.99900000642742,-12.0,0.13305921685526725,0.2976644062791403,0.14560236878694924,0.14592337695975427,14.179956518839623,9.250425370763054,95.68855791253793,110.23147587862125
23,79.99900000642742,79.99900000642742,-12.0,0.1254738399368253,0.29755664646416446,0.14767480253938725,0.14158913837464188,17.245807124215453,19.26328893941187,10.578716869490457,99.16597412093458
23,79.99900000642742,79.99900000642742,-12.0,0.1279102335866409,0.29805410826544704,0.2827183137725425,0.1427311749622311,15.406777977427081,25.645957764786843,5.805117402312802,66.21198388561046
23,79.99900000642742,79.99900000642742,-12.0,0.1124240983727936,0.2894275653005909,0.2858978091417861,0.19957956839225138,3.8718067411266635,5.163988017555321,13.172524530294512,82.99933228803351
23,6416.9681188596,0.0,-12.0,0.12956460995492428,0.28483893890072726,0.10128192457369153,0.6315872111148167,67.43730178452783,240.65748889582835,5.768446944389533,95.5510244571418
23,79.99900000642742,79.99900000642742,-12.0,0.13297181961576196,0.29760360777789974,0.1502189984067936,0.1658241982140211,14.181388677043273,20.81216228109632,95.68855791253793,112.83993664215245
23,6416.9681188596,0.0,-12.0,0.12836188649207833,0.2586799408883922,0.10128192457369153,0.6315872111148167,67.73441690865126,234.70615055733322,5.930736346330109,87.26135476047764
23,79.99900000642742,79.99900000642742,-12.0,0.1279102335866409,0.29817007502471593,0.282014892000445,0.14158913837464188,17.245807124215453,10.748397589882629,5.805117402312802,66.21198388561046
23,79.99900000642742,79.99900000642742,-12.0,0.13297181961576196,0.2975804263225192,0.18421023192451053,0.16663367728203546,14.179956518839623,9.10546906597907,101.24838781665214,71.05892070482534
23,79.99900000642742,79.99900000642742,-12.0,0.13233439804615807,0.2592117340593559,0.1012927960098988,0.16006127538760598,14.97913610132711,4.293003823491389,44.065107583355854,93.86866468034931
23,79.99900000642742,79.99900000642742,-12.0,0.124833556037769,0.2935829948310357,0.1330289016586075,0.10236581323246666,14.179559402098674,3.469413805335864,89.49602665547957,104.12781819216883
23,79.99900000642742,79.99900000642742,-12.0,0.12929643445284872,0.2982687106376578,0.1744212040336593,0.16580262234513543,14.200866603864386,27.354600233006593,4.437169172509293,111.37871326302897
23,79.99900000642742,79.99900000642742,-12.0,0.1124240983727936,0.2894275653005909,0.2858978091417861,0.19957956839225138,3.8718067411266635,5.163988017555321,13.083871065511175,94.5573178823783
23,6416.9681188596,0.0,-12.0,0.1279102335866409,0.28913903284016323,0.282014892000445,0.6288372455572242,67.60575290030654,139.13897208679037,7.187889218854146,94.49597154743441
23,6416.9681188596,0.0,-12.0,0.12969159576210001,0.2875065310652422,0.10129278471990741,0.631944061154807,67.79973748341465,138.53384961935055,5.808297983109057,193.2522112824334
23,79.99900000642742,79.99900000642742,-12.0,0.12929643445284872,0.2975820994480396,0.17284055502280765,0.16663593391269377,14.179956518839623,9.189817456239908,4.437169172509293,110.27058624059373
23,79.99900000642742,79.99900000642742,-12.0,0.1279102335866409,0.2839146888821521,0.282014892000445,0.14158913837464188,17.245807124215453,42.48125952536684,5.805117402312802,66.21198388561046
23,79.99900000642742,79.99900000642742,-12.0,0.13950265399242193,0.2839330935518774,0.12517941092688054,0.14270388869980524,15.255655938414261,40.5810704575659,6.0320661800629995,81.1566208971663
23,6416.9681188596,0.0,-12.0,0.12924680216290577,0.28478878590087264,0.10128193616207706,0.6315872111148167,67.79248843225542,140.44441567218308,5.768446944389533,189.62139145467836
23,6416.9681188596,0.0,-12.0,0.132973062580114,0.2596591213259146,0.2937829515097393,0.6299388359497337,67.46484049058178,234.84637617554657,31.89934383836411,113.92694747166809
23,79.99900000642742,79.99900000642742,-12.0,0.1279102335866409,0.29817007502471593,0.282014892000445,0.138296862142293,17.245807124215453,10.748397589882629,5.805117402312802,61.98329251549957
23,79.99900000642742,79.99900000642742,-12.0,0.1280795711778148,0.29817007502471593,0.22456359233965303,0.14159238227178902,17.245807124215453,6.954437422135925,2.6286106892770165,69.39100652871521
23,79.99900000642742,79.99900000642742,-12.0,0.14346327970045963,0.2886864979877985,0.282014892000445,0.14158913837464188,17.249548981673488,7.728996649441214,5.805117402312802,76.92054661010415
23,79.99900000642742,79.99900000642742,-12.0,0.13181207958582078,0.2400404898802304,0.3075717605617204,0.1778854985731967,10.388722152454704,9.214481892125256,13.083871065511175,100.96049244248745
23,79.99900000642742,79.99900000642742,-12.0,0.13305921685526725,0.2975820994480396,0.17233517283201524,0.16663593391269377,14.179956518839623,9.189817456239908,95.68855791253793,110.27058624059373
23,79.99900000642742,79.99900000642742,-12.0,0.127899679874075,0.29817007502471593,0.282014892000445,0.15431776233457675,15.409492555317518,10.748397589882629,5.813126106102322,62.434521832973644
23,79.99900000642742,79.99900000642742,-12.0,0.13283570033299538,0.297618178780914,0.12517941092688054,0.16655046756631584,15.259397795872292,16.936577625787038,5.365572690604438,87.61498745409024
23,79.99900000642742,79.99900000642742,-12.0,0.13381493891989957,0.297618178780914,0.12517941092688054,0.16183545573537356,16.429080936441935,16.936577625787038,5.3643088257740965,87.61498745409024
23,79.99900000642742,79.99900000642742,-12.0,0.13297181961576196,0.29757789153877784,0.15027094304287894,0.13319895143466715,11.556804245987976,16.447398697587392,95.68855791253793,105.1163797232425
23,79.99900000642742,79.99900000642742,-12.0,0.13950265399242193,0.2591295015877102,0.12447821692922342,0.1384342723892913,17.098426942660666,5.8225727323226995,6.0320661800629995,87.61498745409024
23,79.99900000642742,79.99900000642742,-12.0,0.13284154007767895,0.2935829948310357,0.29549215594321987,0.13286359467154663,14.179956518839623,3.469413805335864,88.67155830547891,109.38016040942942
23,79.99900000642742,79.99900000642742,-12.0,0.1279102335866409,0.2980548507301576,0.282014892000445,0.14142524563255873,17.245807124215453,25.645957764786843,5.805117402312802,66.21198388561046
23,79.99900000642742,79.99900000642742,-12.0,0.09744018849164346,0.2985604395456607,0.2894166868047111,0.11605291311990144,7.093684648389797,8.100427992904386,95.68855791253793,105.07726936127003
23,79.99900000642742,79.99900000642742,-12.0,0.13305921685526725,0.2975820994480396,0.1456543134230346,0.16663593391269377,14.179956518839623,9.189817456239908,95.68855791253793,110.27058624059373
23,79.99900000642742,79.99900000642742,-12.0,0.13297181961576196,0.2975804263225192,0.1952255431916116,0.15839046341938662,14.179956518839623,9.10546906597907,100.92725115766245,70.49269570752631
23,79.99900000642742,79.99900000642742,-12.0,0.12807172375088768,0.2991934285230137,0.282014892000445,0.17349909885878761,14.346050709573351,25.079884566281542,6.454722092420084,66.30421999598647
23,79.99900000642742,79.99900000642742,-12.0,0.1280795711778148,0.29817007502471593,0.1219215495137576,0.14158913837464188,17.245807124215453,23.114090465582517,10.342415743559773,69.39100652871521
23,79.99900000642742,79.99900000642742,-12.0,0.1331189618706054,0.3720546370513881,0.15040514889659093,0.16602547420485728,14.179956518839623,16.59235500257248,95.47527833970328,113.23610491547566
23,79.99900000642742,79.99900000642742,-12.0,0.1326354997712287,0.29756752352316235,0.14711599497029867,0.16663593391269377,14.179956518839623,5.157838954881955,95.71435970673,114.06950217154437
23,79.99900000642742,79.99900000642742,-12.0,0.1284416380554327,0.29845104562316205,0.2713465149453734,0.16646105391848948,19.736341818434454,9.439569688335794,7.582417479303054,102.08417614978002
23,79.99900000642742,79.99900000642742,-12.0,0.13950265399242193,0.2591295015877102,0.12517941092688054,0.14270388869980524,15.259397795872292,5.8225727323226995,6.0320661800629995,87.61498745409024
23,79.99900000642742,79.99900000642742,-12.0,0.1124240983727936,0.2400404898802304,0.1456543134230346,0.16663593391269377,14.989737204929991,5.163988017555321,13.083871065511175,100.96049244248745
23,79.99900000642742,79.99900000642742,-12.0,0.12929643445284872,0.29807020146283936,0.28951533520211237,0.16663593391269377,14.179956518839623,9.189817456239908,4.437169172509293,110.27058624059373
24,6416.9681188596,0.0,-12.0,0.13233439804615807,0.306240603667749,0.1012927960098988,0.6319421866534385,67.11606745109523,237.89829507669222,44.065107583355854,94.1207925125488
24,79.99900000642742,79.99900000642742,-12.0,0.1279102335866409,0.2741590680532413,0.18105931812433007,0.13846155865171716,17.245807124215453,13.23040382813834,5.805117402312802,66.21198388561046
24,6416.9681188596,0.0,-12.0,0.13233439804615807,0.2875352774852113,0.1012927960098988,0.6319421866534385,67.11606745109523,233.3213510428184,44.065107583355854,94.1207925125488
24,79.99900000642742,79.99900000642742,-12.0,0.09744018849164346,0.2985604395456607,0.2893823336128215,0.11618787161431356,7.093684648389797,8.100427992904386,95.68855791253793,105.07726936127003
24,79.99900000642742,79.99900000642742,-12.0,0.1254738399368253,0.29755664646416446,0.14767480253938725,0.14158913837464188,17.245807124215453,19.26328893941187,10.578716869490457,99.16597412093458
24,79.99900000642742,79.99900000642742,-12.0,0.1279102335866409,0.29816933256000533,0.282014892000445,0.1386254513938003,17.245807124215453,10.748397589882629,4.131537018731044,66.21198388561046
24,79.99900000642742,79.99900000642742,-12.0,0.13297181961576196,0.29760360777789974,0.1502189984067936,0.1658241982140211,14.181388677043273,20.81216228109632,95.68855791253793,112.83993664215245
24,79.99900000642742,79.99900000642742,-12.0,0.1279102335866409,0.29816933256000533,0.12491663292115479,0.14268434926986623,16.520506711643883,11.821060374292982,4.078338793948543,81.39869320639423
24,79.99900000642742,79.99900000642742,-12.0,0.12807146364279795,0.3202110644198446,0.282014892000445,0.17349909885878761,14.346050709573351,25.079884566281542,6.454722092420084,66.30421999598647
24,6416.9681188596,0.0,-12.0,0.132973062580114,0.28941859429617234,0.2937829515097393,0.6299388359497337,67.44324809759283,232.7900836686219,31.810690629237726,113.92694747166809
24,79.99900000642742,79.99900000642742,-12.0,0.12925622487961047,0.2982687106376578,0.2752599342477106,0.16646588361990422,14.200866603864386,27.354600233006593,6.826019396203702,110.53534995121775
24,79.99900000642742,79.99900000642742,-12.0,0.13297181961576196,0.2975804263225192,0.18421023192451053,0.16663367728203546,14.179956518839623,9.10546906597907,101.24838781665214,71.05892070482534
24,79.99900000642742,79.99900000642742,-12.0,0.12929643445284872,0.2975820994480396,0.17284055502280765,0.16663593391269377,14.179956518839623,9.189817456239908,4.437169172509293,110.27058624059373
24,79.99900000642742,79.99900000642742,-12.0,0.13229199743627296,0.25631151984649303,0.18421023192451053,0.16663367728203546,14.179956518839623,10.17719981083738,101.24838781665214,71.06373644470676
24,79.99900000642742,79.99900000642742,-12.0,0.1279102335866409,0.29805410826544704,0.2827183137725425,0.1427311749622311,15.406777977427081,25.645957764786843,5.805117402312802,66.21198388561046
24,79.99900000642742,79.99900000642742,-12.0,0.12929643445284872,0.29807020146283936,0.12415958214920356,0.16663593391269377,14.179956518839623,5.77580601092399,4.437169172509293,110.55062625550697
24,79.99900000642742,79.99900000642742,-12.0,0.13381493891989957,0.297618178780914,0.12517941092688054,0.16183545573537356,16.429080936441935,16.936577625787038,5.3643088257740965,87.61498745409024
24,79.99900000642742,79.99900000642742,-12.0,0.13950265399242193,0.2839330935518774,0.28227955261555354,0.13864499082373932,15.255655938414261,39.5084810108695,6.0852644048457645,65.96991157638254
24,79.99900000642742,79.99900000642742,-12.0,0.12929643445284872,0.2982687106376578,0.1744212040336593,0.16580262234513543,14.200866603864386,27.354600233006593,4.437169172509293,111.37871326302897
24,79.99900000642742,79.99900000642742,-12.0,0.1280795711778148,0.29817007502471593,0.22456359233965303,0.14159238227178902,17.245807124215453,6.954437422135925,2.6286106892770165,69.39100652871521
24,79.99900000642742,79.99900000642742,-12.0,0.1326363725092836,0.297604227615783,0.14711599497029867,0.16663593391269377,14.179956518839623,20.436863738495617,95.68791489125839,114.06494854500622
24,79.99900000642742,79.99900000642742,-12.0,0.12807172375088768,0.2991934285230137,0.282014892000445,0.17349909885878761,14.346050709573351,25.079884566281542,6.454722092420084,66.30421999598647
24,79.99900000642742,79.99900000642742,-12.0,0.13950265399242193,0.2591295015877102,0.12517941092688054,0.14270388869980524,15.259397795872292,5.8225727323226995,6.0320661800629995,87.61498745409024
24,6416.9681188596,0.0,-12.0,0.132973062580114,0.2596591213259146,0.2937829515097393,0.6299388359497337,67.46484049058178,234.84637617554657,31.89934383836411,113.92694747166809
24,79.99900000642742,79.99900000642742,-12.0,0.13297181961576196,0.29757789153877784,0.15027094304287894,0.13319895143466715,11.556804245987976,16.447398697587392,95.68855791253793,105.1163797232425
24,79.99900000642742,79.99900000642742,-12.0,0.09744018849164346,0.2985604395456607,0.2894166868047111,0.11605291311990144,7.093684648389797,8.100427992904386,95.68855791253793,105.07726936127003
24,6416.9681188596,0.0,-12.0,0.12956460995492428,0.28483893890072726,0.10128192457369153,0.6315872111148167,67.43730178452783,240.65748889582835,5.768446944389533,95.5510244571418
24,79.99900000642742,79.99900000642742,-12.0,0.1279102335866409,0.29817007502471593,0.282014892000445,0.138296862142293,17.245807124215453,10.748397589882629,5.805117402312802,61.98329251549957
24,79.99900000642742,79.99900000642742,-12.0,0.1124240983727936,0.2894275653005909,0.2858978091417861,0.19957956839225138,3.8718067411266635,5.163988017555321,13.172524530294512,82.99933228803351
24,79.99900000642742,79.99900000642742,-12.0,0.13284154007767895,0.2935829948310357,0.29549215594321987,0.13286359467154663,14.179956518839623,3.469413805335864,88.67155830547891,109.38016040942942
24,79.99900000642742,79.99900000642742,-12.0,0.12786726571403392,0.29353103036959605,0.1336895870029239,0.20495844944423836,14.22012439879165,3.455219434343494,74.8529036663495,62.434521832973644
24,79.99900000642742,79.99900000642742,-12.0,0.13950265399242193,0.2591295015877102,0.28983691829126584,0.1384342723892913,17.098426942660666,9.236584177643278,6.0320661800629995,87.33494743917699
24,79.99900000642742,79.99900000642742,-12.0,0.13305921685526725,0.2975820994480396,0.17233517283201524,0.16663593391269377,14.179956518839623,9.189817456239908,95.68855791253793,110.27058624059373
24,79.99900000642742,79.99900000642742,-12.0,0.1124240983727936,0.2894275653005909,0.2858978091417861,0.19957956839225138,3.8718067411266635,5.163988017555321,13.083871065511175,94.5573178823783
24,79.99900000642742,79.99900000642742,-12.0,0.124833556037769,0.2935829948310357,0.1330289016586075,0.10236581323246666,14.179559402098674,3.469413805335864,89.49602665547957,104.12781819216883
24,79.99900000642742,79.99900000642742,-12.0,0.1279102335866409,0.2741590680532413,0.2755681877927394,0.13850605162007937,17.245807124215453,25.795132082262203,5.805117402312802,66.21198388561046
24,79.99900000642742,79.99900000642742,-12.0,0.13308980907325907,0.2976223245730982,0.12489741120834211,0.14594751169948572,16.526801731655173,16.936577625787038,3.9520303974924786,87.61498745409024
24,79.99900000642742,79.99900000642742,-12.0,0.1326354997712287,0.29756752352316235,0.14711599497029867,0.16663593391269377,14.179956518839623,5.157838954881955,95.71435970673,114.06950217154437
24,79.99900000642742,79.99900000642742,-12.0,0.09942959412398367,0.2980685992459057,0.28934704658215965,0.14000426291585702,6.137824230115257,24.32229414049828,5.805117402312802,64.83413595418278
24,79.99900000642742,79.99900000642742,-12.0,0.1279102335866409,0.29814151424038055,0.1818537376114871,0.14277310987695147,15.406777977427081,38.23843071991462,5.805117402312802,66.21198388561046
24,79.99900000642742,79.99900000642742,-12.0,0.127899679874075,0.29817007502471593,0.282014892000445,0.15431776233457675,15.409492555317518,10.748397589882629,5.813126106102322,62.434521832973644
24,79.99900000642742,79.99900000642742,-12.0,0.13297181961576196,0.29758048136273874,0.19598426782521633,0.15839046341938662,14.179956518839623,9.14836867508685,100.92725115766245,98.27538501817527
24,79.99900000642742,79.99900000642742,-12.0,0.13950265399242193,0.2839330935518774,0.12517941092688054,0.14270388869980524,15.255655938414261,40.5810704575659,6.0320661800629995,81.1566208971663
24,79.99900000642742,79.99900000642742,-12.0,0.1279102335866409,0.2980548507301576,0.282014892000445,0.14142524563255873,17.245807124215453,25.645957764786843,5.805117402312802,66.21198388561046
24,79.99900000642742,79.99900000642742,-12.0,0.13181207958582078,0.2400404898802304,0.3075717605617204,0.1778854985731967,10.388722152454704,9.214481892125256,13.083871065511175,100.96049244248745
24,79.99900000642742,79.99900000642742,-12.0,0.13293788006060453,0.2451200818011485,0.2999139335018756,0.1651311331821626,10.383917714645186,21.46938487865963,10.829531085339326,112.85545172493391
24,79.99900000642742,79.99900000642742,-12.0,0.13305921685526725,0.2936484187164169,0.17247151699180133,0.16663593391269377,14.179956518839623,3.3609981591759825,95.65079325059789,106.72831633991757
24,79.99900000642742,79.99900000642742,-12.0,0.13233439804615807,0.2592117340593559,0.1012927960098988,0.16006127538760598,14.97913610132711,4.293003823491389,44.065107583355854,93.86866468034931
25,79.99900000642742,79.99900000642742,-12.0,0.13266326339368822,0.29758048136273874,0.19590619484769412,0.15839046341938662,14.179956518839623,9.14836867508685,100.92725115766245,110.93227441071261
25,79.99900000642742,79.99900000642742,-12.0,0.1279102335866409,0.2741590680532413,0.18105931812433007,0.13846155865171716,17.245807124215453,13.23040382813834,5.805117402312802,66.21198388561046
25,6416.9681188596,0.0,-12.0,0.13233439804615807,0.306240603667749,0.1012927960098988,0.6319421866534385,67.11606745109523,237.89829507669222,44.065107583355854,94.1207925125488
25,6416.9681188596,0.0,-12.0,0.132973062580114,0.2596591213259146,0.2937829515097393,0.6299280539544311,67.45627934725499,237.95934956941056,43.431553891445695,113.92694747166809
25,79.99900000642742,79.99900000642742,-12.0,0.1124240983727936,0.2894275653005909,0.11654892059432927,0.19957956839225138,3.8718067411266635,5.163988017555321,13.083871065511175,94.5573178823783
25,79.99900000642742,79.99900000642742,-12.0,0.12745231301399373,0.2975820994480396,0.2398899151007194,0.16550110683703947,14.1033633932591,9.189817456239908,4.943602666117371,110.27058624059373
25,79.99900000642742,79.99900000642742,-12.0,0.12925622487961047,0.2982687106376578,0.2752599342477106,0.16646588361990422,14.200866603864386,27.354600233006593,6.826019396203702,110.53534995121775
25,79.99900000642742,79.99900000642742,-12.0,0.1124240983727936,0.2894275653005909,0.2858978091417861,0.19957956839225138,3.8718067411266635,5.964271702970828,13.172524530294512,82.99933228803351
25,79.99900000642742,79.99900000642742,-12.0,0.124833556037769,0.2935829948310357,0.1330289016586075,0.10236581323246666,14.179559402098674,3.469413805335864,89.49602665547957,101.37726831652195
25,79.99900000642742,79.99900000642742,-12.0,0.12807146364279795,0.3201938020575236,0.32289855061093253,0.17349909885878761,5.903998212870209,24.3165889475986,6.454722092420084,65.19444314393897
25,79.99900000642742,79.99900000642742,-12.0,0.13305921685526725,0.2975820994480396,0.17233517283201524,0.16663593391269377,14.179956518839623,9.189817456239908,95.68855791253793,110.27058624059373
25,79.99900000642742,79.99900000642742,-12.0,0.13181207958582078,0.2400404898802304,0.3075717605617204,0.1778854985731967,10.388722152454704,9.214481892125256,13.083871065511175,100.96049244248745
25,79.99900000642742,79.99900000642742,-12.0,0.13284154007767895,0.2935829948310357,0.29549215594321987,0.13286359467154663,14.179956518839623,18.51518791173396,79.75869896259084,109.38016040942942
25,79.99900000642742,79.99900000642742,-12.0,0.12929643445284872,0.2982687106376578,0.1744212040336593,0.16580262234513543,14.200866603864386,27.354600233006593,4.437169172509293,111.37871326302897
25,6416.9681188596,0.0,-12.0,0.132973062580114,0.28941859429617234,0.2937829515097393,0.6299388359497337,67.44324809759283,232.7900836686219,31.810690629237726,113.92694747166809
25,79.99900000642742,79.99900000642742,-12.0,0.12786766215604137,0.24967602988591733,0.125408204527012,0.2021419995437191,16.556573222467733,3.708170976174197,4.078338793948543,61.42936085195289
25,79.99900000642742,79.99900000642742,-12.0,0.13950265399242193,0.2591295015877102,0.12517941092688054,0.14270388869980524,15.259397795872292,5.8225727323226995,6.0320661800629995,87.61498745409024
25,79.99900000642742,79.99900000642742,-12.0,0.1279102335866409,0.29814151424038055,0.15669025641700518,0.16492170538911272,15.406777977427081,42.99209279350741,4.109282378602124,66.21198388561046
25,79.99900000642742,79.99900000642742,-12.0,0.09744018849164346,0.2985604395456607,0.2893823336128215,0.11618787161431356,7.093684648389797,8.100427992904386,95.68855791253793,105.07726936127003
25,79.99900000642742,79.99900000642742,-12.0,0.13284154007767895,0.2935829948310357,0.29549215594321987,0.13286359467154663,14.179956518839623,3.469413805335864,88.67155830547891,109.38016040942942
25,79.99900000642742,79.99900000642742,-12.0,0.13950265399242193,0.2591295015877102,0.12517941092688054,0.14270388869980524,15.259397795872292,5.022289046907192,6.0320661800629995,87.61498745409024
25,79.99900000642742,79.99900000642742,-12.0,0.13950265399242193,0.2839330935518774,0.28227955261555354,0.13864499082373932,15.255655938414261,39.5084810108695,6.0852644048457645,65.96991157638254
25,79.99900000642742,79.99900000642742,-12.0,0.1279102335866409,0.29805410826544704,0.2827183137725425,0.1427311749622311,15.406777977427081,25.645957764786843,5.805117402312802,66.21198388561046
25,79.99900000642742,79.99900000642742,-12.0,0.13281932149813316,0.29788601809654414,0.15027094304287894,0.17856848343192086,11.662590870502182,16.447398697587392,13.033717070264785,105.1163797232425
25,79.99900000642742,79.99900000642742,-12.0,0.13308980907325907,0.2976223245730982,0.10749542940704723,0.11635688030166118,16.355123642256196,16.936577625787038,3.9520303974924786,104.22493239269276
25,79.99900000642742,79.99900000642742,-12.0,0.09942959412398367,0.29808586160822664,0.28934704658215965,0.14000426291585702,14.57987695769819,25.08558975918122,5.805117402312802,66.27243085160205
25,79.99900000642742,79.99900000642742,-12.0,0.13950265399242193,0.2814493520884282,0.12517941092688054,0.14270388869980524,15.1819079932864,40.5810704575659,5.05409501456094,70.26458304923933
25,79.99900000642742,79.99900000642742,-12.0,0.1280795711778148,0.29896703153136595,0.22456359233965303,0.14159238227178902,17.319555069343313,6.954437422135925,2.6167842853545737,80.28304437664217
25,79.99900000642742,79.99900000642742,-12.0,0.1326363725092836,0.297604227615783,0.14711599497029867,0.16663593391269377,14.179956518839623,20.436863738495617,95.68791489125839,114.06494854500622
25,79.99900000642742,79.99900000642742,-12.0,0.13297181961576196,0.2975804263225192,0.18421023192451053,0.16663367728203546,14.179956518839623,9.10546906597907,101.24838781665214,71.05892070482534
25,79.99900000642742,79.99900000642742,-12.0,0.1297890468328724,0.29820096578438504,0.2893823336128215,0.11618787161431356,7.1501187307475815,8.100427992904386,92.87040275110662,61.22811452495084
25,79.99900000642742,79.99900000642742,-12.0,0.12929643445284872,0.29807020146283936,0.12415958214920356,0.16663593391269377,14.179956518839623,5.77580601092399,4.437169172509293,110.55062625550697
25,79.99900000642742,79.99900000642742,-12.0,0.127899679874075,0.29817007502471593,0.282014892000445,0.15431776233457675,15.409492555317518,10.748397589882629,5.813126106102322,62.434521832973644
25,79.99900000642742,79.99900000642742,-12.0,0.13297181961576196,0.29758048136273874,0.19598426782521633,0.15839046341938662,14.179956518839623,9.14836867508685,100.92725115766245,98.27538501817527
25,79.99900000642742,79.99900000642742,-12.0,0.124833556037769,0.2935829948310357,0.1330289016586075,0.10236581323246666,14.179559402098674,3.469413805335864,89.49602665547957,104.12781819216883
25,79.99900000642742,79.99900000642742,-12.0,0.09744018849164346,0.2985604395456607,0.2894166868047111,0.09881764566359116,7.093684648389797,5.568019607185999,95.72335984467428,104.85598481194204
25,79.99900000642742,79.99900000642742,-12.0,0.13297181961576196,0.29757789153877784,0.15027094304287894,0.13319895143466715,11.556804245987976,16.447398697587392,95.68855791253793,105.1163797232425
25,79.99900000642742,79.99900000642742,-12.0,0.13308980907325907,0.2976223245730982,0.12489741120834211,0.14594751169948572,16.526801731655173,16.936577625787038,3.9520303974924786,87.61498745409024
25,79.99900000642742,79.99900000642742,-12.0,0.12936849857135252,0.2935223092402895,0.135529137037298,0.20495844944423836,14.22012439879165,3.4066450861697906,74.8529036663495,62.434521832973644
25,79.99900000642742,79.99900000642742,-12.0,0.13305921685526725,0.2936484187164169,0.17247151699180133,0.16663593391269377,14.179956518839623,3.3609981591759825,95.65079325059789,106.72831633991757
25,79.99900000642742,79.99900000642742,-12.0,0.1279102335866409,0.29816933256000533,0.282014892000445,0.1386254513938003,17.245807124215453,10.748397589882629,4.131537018731044,66.21198388561046
25,79.99900000642742,79.99900000642742,-12.0,0.13381493891989957,0.297618178780914,0.12517941092688054,0.16183545573537356,16.429080936441935,16.936577625787038,5.3643088257740965,87.61498745409024
25,79.99900000642742,79.99900000642742,-12.0,0.13950265399242193,0.2839330935518774,0.12517941092688054,0.14270388869980524,15.255655938414261,40.5810704575659,6.0320661800629995,81.1566208971663
25,79.99900000642742,79.99900000642742,-12.0,0.1326354997712287,0.29756752352316235,0.14711599497029867,0.16663593391269377,14.179956518839623,5.157838954881955,95.71435970673,114.06950217154437
25,79.99900000642742,79.99900000642742,-12.0,0.13196457770344958,0.2397323633224643,0.3075717605617204,0.13251596658146647,10.282935527940499,9.214481892125256,95.75530689446902,100.96049244248745
25,79.99900000642742,79.99900000642742,-12.0,0.1279102335866409,0.29816933256000533,0.12491663292115479,0.14268434926986623,16.520506711643883,11.821060374292982,4.078338793948543,81.39869320639423
25,79.99900000642742,79.99900000642742,-12.0,0.13297181961576196,0.29758048136273874,0.19598426782521633,0.1758367690827637,14.179956518839623,9.14836867508685,100.89244922552611,98.49666956750328
25,79.99900000642742,79.99900000642742,-12.0,0.12929643445284872,0.2975820994480396,0.17284055502280765,0.16663593391269377,14.179956518839623,9.189817456239908,4.437169172509293,110.27058624059373
26,79.99900000642742,79.99900000642742,-12.0,0.1922341565585311,0.2969180299919287,0.1097463785628246,0.1622415312424404,15.255655938414261,17.76528011830747,6.108715899015393,56.90522651971882
26,6416.9681188596,0.0,-12.0,0.13233439804615807,0.306240603667749,0.1012927960098988,0.6319421866534385,67.11606745109523,237.89829507669222,44.065107583355854,94.1207925125488
26,79.99900000642742,79.99900000642742,-12.0,0.13266326339368822,0.29758048136273874,0.19590619484769412,0.15839046341938662,14.179956518839623,9.14836867508685,100.92725115766245,110.93227441071261
26,6416.9681188596,0.0,-12.0,0.132973062580114,0.28941859429617234,0.2937829515097393,0.6299388359497337,67.44324809759283,232.7900836686219,31.810690629237726,113.92694747166809
26,79.99900000642742,79.99900000642742,-12.0,0.1279102335866409,0.29816933256000533,0.12491663292115479,0.14268434926986623,16.520506711643883,11.821060374292982,4.078338793948543,81.39869320639423
26,79.99900000642742,79.99900000642742,-12.0,0.1326354997712287,0.29756752352316235,0.1471243928731436,0.16691853812772559,11.62465455214824,4.094378041650627,95.71435970673,114.00525939798858
26,79.99900000642742,79.99900000642742,-12.0,0.13305921685526725,0.2936484187164169,0.17247151699180133,0.16663593391269377,14.179956518839623,3.3609981591759825,95.65079325059789,106.72831633991757
26,79.99900000642742,79.99900000642742,-12.0,0.09744018849164346,0.2985604395456607,0.2894166868047111,0.09881764566359116,7.093684648389797,5.568019607185999,95.72335984467428,104.85598481194204
26,79.99900000642742,79.99900000642742,-12.0,0.13308980907325907,0.2976181245627252,0.10749542940704723,0.11635688030166118,16.428179661190406,16.936577625787038,3.936060473105918,104.22493239269276
26,79.99900000642742,79.99900000642742,-12.0,0.13297181961576196,0.29757789153877784,0.15027094304287894,0.13319895143466715,11.556804245987976,16.447398697587392,95.68855791253793,105.1163797232425
26,79.99900000642742,79.99900000642742,-12.0,0.13303435088903234,0.29816933256000533,0.1211377486188087,0.14268434926986623,14.099132889388866,11.848532665134437,74.56040047053303,81.39869320639423
26,79.99900000642742,79.99900000642742,-12.0,0.1279102335866409,0.2741590680532413,0.18105931812433007,0.13846155865171716,17.245807124215453,13.23040382813834,5.805117402312802,66.21198388561046
26,79.99900000642742,79.99900000642742,-12.0,0.13950265399242193,0.2591295015877102,0.12517941092688054,0.14270388869980524,15.259397795872292,5.8225727323226995,6.0320661800629995,87.61498745409024
26,79.99900000642742,79.99900000642742,-12.0,0.1124240983727936,0.2894275653005909,0.2858978091417861,0.19957956839225138,3.8718067411266635,1.4956201622436662,13.172524530294512,89.76134404506821
26,79.99900000642742,79.99900000642742,-12.0,0.1124240983727936,0.2894275653005909,0.11654892059432927,0.19957956839225138,2.506222749958984,5.19946131418351,34.09174336179471,94.5573178823783
26,79.99900000642742,79.99900000642742,-12.0,0.14302238751156396,0.29805647003269714,0.32662673094907557,0.15431776233457675,15.40949172725167,10.903717889270482,5.805483895818104,62.434521832973644
26,79.99900000642742,79.99900000642742,-12.0,0.12929643445284872,0.2975820994480396,0.17284055502280765,0.16663593391269377,14.179956518839623,9.189817456239908,4.437169172509293,110.27058624059373
26,79.99900000642742,79.99900000642742,-12.0,0.13284154007767895,0.2935829948310357,0.29549215594321987,0.13286359467154663,14.179956518839623,3.469413805335864,88.67155830547891,109.38016040942942
26,79.99900000642742,79.99900000642742,-12.0,0.09942959412398367,0.29808586160822664,0.28934704658215965,0.14000426291585702,14.57987695769819,25.08558975918122,5.805117402312802,66.27243085160205
26,79.99900000642742,79.99900000642742,-12.0,0.1274643815170033,0.2895654402434859,0.21834274591599,0.16550110683703947,14.1033633932591,9.189817456239908,4.918694913739657,66.00159873416342
26,79.99900000642742,79.99900000642742,-12.0,0.1326363725092836,0.297604227615783,0.14663469730178058,0.16663593391269377,14.179956518839623,20.436863738495617,4.744725430144385,114.06494854500622
26,79.99900000642742,79.99900000642742,-12.0,0.1124240983727936,0.2894275653005909,0.11654892059432927,0.19957956839225138,3.8718067411266635,5.163988017555321,13.083871065511175,94.5573178823783
26,79.99900000642742,79.99900000642742,-12.0,0.12762200591642378,0.29775282731788577,0.2398899151007194,0.16550110683703947,14.1033633932591,9.189817456239908,3.4501898436296496,110.40293205057054
26,79.99900000642742,79.99900000642742,-12.0,0.13305921685526725,0.2975820994480396,0.17233517283201524,0.16663593391269377,14.179956518839623,9.189817456239908,95.68855791253793,110.27058624059373
26,79.99900000642742,79.99900000642742,-12.0,0.1278992735069276,0.29786121830205176,0.16303344608436252,0.14063365226480623,17.302266107283206,3.7742766276317217,0.5804924244295719,106.72831633991757
26,79.99900000642742,79.99900000642742,-12.0,0.1124240983727936,0.2894275653005909,0.2858978091417861,0.19957956839225138,3.8718067411266635,5.964271702970828,13.172524530294512,82.99933228803351
26,79.99900000642742,79.99900000642742,-12.0,0.13950265399242193,0.2591295015877102,0.12517941092688054,0.14270388869980524,15.259397795872292,5.022289046907192,6.0320661800629995,87.61498745409024
26,79.99900000642742,79.99900000642742,-12.0,0.13297181961576196,0.2975804263225192,0.18421023192451053,0.16663367728203546,14.179956518839623,9.10546906597907,101.24838781665214,71.05892070482534
26,79.99900000642742,79.99900000642742,-12.0,0.12936849857135252,0.2935223092402895,0.135529137037298,0.20495844944423836,14.22012439879165,3.4066450861697906,74.8529036663495,62.434521832973644
26,79.99900000642742,79.99900000642742,-12.0,0.13950265399242193,0.2839330935518774,0.12517941092688054,0.14270388869980524,15.255655938414261,40.5810704575659,6.0320661800629995,81.1566208971663
26,79.99900000642742,79.99900000642742,-12.0,0.13916141024996434,0.28376236568203117,0.28227955261555354,0.1661318856363642,15.255655938414261,39.5084810108695,6.010902309885264,65.83756576661798
26,79.99900000642742,79.99900000642742,-12.0,0.12925622487961047,0.2982687106376578,0.2752599342477106,0.16646588361990422,14.200866603864386,27.354600233006593,6.826019396203702,110.53534995121775
26,79.99900000642742,79.99900000642742,-12.0,0.1326354997712287,0.29756752352316235,0.14711599497029867,0.16663593391269377,14.179956518839623,5.157838954881955,95.71435970673,114.06950217154437
26,79.99900000642742,79.99900000642742,-12.0,0.1279102335866409,0.29814151424038055,0.15669025641700518,0.16492170538911272,15.406777977427081,42.99209279350741,4.109282378602124,66.21198388561046
26,79.99900000642742,79.99900000642742,-12.0,0.13281932149813316,0.29788601809654414,0.15027094304287894,0.17856848343192086,11.662590870502182,16.447398697587392,13.033717070264785,105.1163797232425
26,79.99900000642742,79.99900000642742,-12.0,0.13181207958582078,0.2400404898802304,0.3075717605617204,0.1778854985731967,10.388722152454704,9.214481892125256,13.083871065511175,100.96049244248745
26,79.99900000642742,79.99900000642742,-12.0,0.1326363725092836,0.297604227615783,0.14711599497029867,0.16663593391269377,14.179956518839623,20.436863738495617,95.68791489125839,114.06494854500622
26,79.99900000642742,79.99900000642742,-12.0,0.13213936949054098,0.2935829948310357,0.12575955391364743,0.1321783448232558,10.381969393516819,9.255148137423083,89.49602665547957,104.12781819216883
26,79.99900000642742,79.99900000642742,-12.0,0.09744018849164346,0.2985604395456607,0.12423447110760981,0.16484605971293442,6.994715816917826,5.568019607185999,95.72335984467428,110.39428817594816
26,79.99900000642742,79.99900000642742,-12.0,0.13297181961576196,0.2975804263225192,0.2740134113186517,0.16663367728203546,14.179956518839623,26.761221696065206,95.00638945452192,71.05892070482534
26,79.99900000642742,79.99900000642742,-12.0,0.10131208551392533,0.29808586160822664,0.19578050341998035,0.15906602265280834,3.6281778586509965,25.08558975918122,5.805117402312802,66.27243085160205
26,6416.9681188596,0.0,-12.0,0.132973062580114,0.2596591213259146,0.2937829515097393,0.6299280539544311,67.45627934725499,237.95934956941056,43.431553891445695,113.92694747166809
26,79.99900000642742,79.99900000642742,-12.0,0.12925622487961047,0.2982687106376578,0.1854567548609458,0.16646588361990422,14.200866603864386,9.698851739642233,13.219708360962102,110.53534995121775
26,79.99900000642742,79.99900000642742,-12.0,0.13196457770344958,0.2397323633224643,0.3075717605617204,0.13251596658146647,10.282935527940499,9.214481892125256,95.75530689446902,100.96049244248745
26,79.99900000642742,79.99900000642742,-12.0,0.13284154007767895,0.2935829948310357,0.29549215594321987,0.13286359467154663,14.179956518839623,18.51518791173396,79.75869896259084,109.38016040942942
26,79.99900000642742,79.99900000642742,-12.0,0.13381493891989957,0.297618178780914,0.10808786832851468,0.16183545573537356,16.429080936441935,16.936577625787038,5.3643088257740965,87.61498745409024
26,79.99900000642742,79.99900000642742,-12.0,0.1301669183510696,0.2741590680532413,0.1791977709629543,0.11578613787299566,17.245807124215453,13.23040382813834,5.805117402312802,65.86499239659864
26,79.99900000642742,79.99900000642742,-12.0,0.12745231301399373,0.2975820994480396,0.2398899151007194,0.16550110683703947,14.1033633932591,9.189817456239908,4.943602666117371,110.27058624059373
27,6416.9681188596,0.0,-12.0,0.13233439804615807,0.306240603667749,0.1012927960098988,0.6319421866534385,67.11606745109523,237.89829507669222,44.065107583355854,94.1207925125488
27,79.99900000642742,79.99900000642742,-12.0,0.10097336440130951,0.2985597295113449,0.19578050341998035,0.15906602265280834,3.6281778586509965,4.486595615677146,5.805117402312802,66.27243085160205
27,79.99900000642742,79.99900000642742,-12.0,0.1922341565585311,0.2969180299919287,0.1097463785628246,0.1622415312424404,15.255655938414261,17.76528011830747,6.108715899015393,56.90522651971882
27,6416.9681188596,0.0,-12.0,0.132973062580114,0.2596591213259146,0.2937829515097393,0.6299280539544311,67.45627934725499,237.95934956941056,43.431553891445695,113.92694747166809
27,79.99900000642742,79.99900000642742,-12.0,0.1310242510620221,0.29758048136273874,0.11672384147505248,0.15839046341938662,14.179956518839623,5.196313986384931,103.20059550550047,93.73449461948279
27,79.99900000642742,79.99900000642742,-12.0,0.13923154200089477,0.29494787557860874,0.12209272340886548,0.14270388869980524,15.288968857826818,5.918493116841972,6.0320661800629995,93.97420276251503
27,79.99900000642742,79.99900000642742,-12.0,0.12936849857135252,0.2935223092402895,0.135529137037298,0.20495844944423836,14.22012439879165,3.4066450861697906,74.8529036663495,62.434521832973644
27,79.99900000642742,79.99900000642742,-12.0,0.1291715447947767,0.2976022612027192,0.15669025641700518,0.16553091679251145,15.406777977427081,42.99209279350741,4.109282378602124,109.60595612213626
27,79.99900000642742,79.99900000642742,-12.0,0.12761786487594712,0.2982687106376578,0.2752599342477106,0.16646588361990422,14.207065578173458,27.354600233006593,6.777561508917868,110.53534995121775
27,79.99900000642742,79.99900000642742,-12.0,0.13308980907325907,0.297617395920355,0.10641532928610378,0.1629204095824142,16.428179661190406,8.873407348732073,3.936060473105918,104.22493239269276
27,79.99900000642742,79.99900000642742,-12.0,0.13305921685526725,0.29758282809040976,0.17341540743140962,0.12007240503919761,14.179956518839623,36.099000641182826,95.68855791253793,112.12086134596865
27,79.99900000642742,79.99900000642742,-12.0,0.1278992735069276,0.29786121830205176,0.16303344608436252,0.14063365226480623,17.302266107283206,3.7742766276317217,0.5804924244295719,106.72831633991757
27,79.99900000642742,79.99900000642742,-12.0,0.1279102335866409,0.29814151424038055,0.15669025641700518,0.16492170538911272,15.406777977427081,42.99209279350741,4.109282378602124,66.21198388561046
27,79.99900000642742,79.99900000642742,-12.0,0.13297181961576196,0.2975804263225192,0.2740134113186517,0.16663367728203546,14.179956518839623,26.761221696065206,95.00638945452192,71.05892070482534
27,79.99900000642742,79.99900000642742,-12.0,0.1124240983727936,0.2894275653005909,0.11654892059432927,0.19957956839225138,3.8718067411266635,5.163988017555321,13.083871065511175,94.5573178823783
27,79.99900000642742,79.99900000642742,-12.0,0.1124240983727936,0.2894275653005909,0.2858978091417861,0.19957956839225138,3.8718067411266635,5.964271702970828,13.172524530294512,82.99933228803351
27,79.99900000642742,79.99900000642742,-12.0,0.13196457770344958,0.2397323633224643,0.3075717605617204,0.13251596658146647,10.282935527940499,9.214481892125256,95.75530689446902,100.96049244248745
27,79.99900000642742,79.99900000642742,-12.0,0.1301669183510696,0.2741590680532413,0.1791977709629543,0.11578613787299566,17.245807124215453,13.23040382813834,5.805117402312802,65.86499239659864
27,79.99900000642742,79.99900000642742,-12.0,0.13297181961576196,0.2975804263225192,0.10917496184969262,0.16663367728203546,14.179956518839623,9.10546906597907,6.020141873523521,71.23410862604142
27,79.99900000642742,79.99900000642742,-12.0,0.13950265399242193,0.2591295015877102,0.12517941092688054,0.14270388869980524,15.259397795872292,5.8225727323226995,6.0320661800629995,87.61498745409024
27,79.99900000642742,79.99900000642742,-12.0,0.13916141024996434,0.28376236568203117,0.28227955261555354,0.1661318856363642,15.255655938414261,39.5084810108695,6.010902309885264,65.83756576661798
27,79.99900000642742,79.99900000642742,-12.0,0.13863852013790987,0.2975820994480396,0.2398899151007194,0.1931424861300917,15.27042990561798,39.14072597441991,0.03565418395403874,110.27058624059373
27,79.99900000642742,79.99900000642742,-12.0,0.1279102335866409,0.29816933256000533,0.12491663292115479,0.14268434926986623,16.520506711643883,11.821060374292982,4.078338793948543,81.39869320639423
27,79.99900000642742,79.99900000642742,-12.0,0.10441791015246685,0.2975820994480396,0.2398899151007194,0.16550110683703947,14.097164418950028,9.189817456239908,4.99206055340321,110.27058624059373
27,79.99900000642742,79.99900000642742,-12.0,0.0909693225249523,0.2839330935518774,0.11934047158828434,0.14270388869980524,15.255655938414261,40.26585565923444,2.232577264698531,105.20869343299027
27,79.99900000642742,79.99900000642742,-12.0,0.13181207958582078,0.2400404898802304,0.3075717605617204,0.1778854985731967,10.388722152454704,9.214481892125256,13.083871065511175,100.96049244248745
27,79.99900000642742,79.99900000642742,-12.0,0.13266326339368822,0.29758048136273874,0.19590619484769412,0.15839046341938662,14.179956518839623,9.14836867508685,100.92725115766245,110.93227441071261
27,79.99900000642742,79.99900000642742,-12.0,0.12929643445284872,0.2975820994480396,0.17284055502280765,0.16663593391269377,14.179956518839623,9.189817456239908,4.437169172509293,110.27058624059373
27,79.99900000642742,79.99900000642742,-12.0,0.1326363725092836,0.297604227615783,0.14711599497029867,0.16663593391269377,14.179956518839623,20.436863738495617,95.68791489125839,114.06494854500622
27,79.99900000642742,79.99900000642742,-12.0,0.12797520312604818,0.28376236568203117,0.28227955261555354,0.1661318856363642,14.088589426055378,9.55780802832547,6.010902309885264,65.83756576661798
27,79.99900000642742,79.99900000642742,-12.0,0.1723919874407007,0.2981213524857009,0.19059710432735316,0.16663593391269377,14.179956518839623,9.189817456239908,4.437169172509293,66.8766140042199
27,79.99900000642742,79.99900000642742,-12.0,0.09744018849164346,0.2985604395456607,0.2894166868047111,0.09881764566359116,7.093684648389797,5.568019607185999,95.72335984467428,104.85598481194204
27,79.99900000642742,79.99900000642742,-12.0,0.13261884331615165,0.29750375417948816,0.14877286091134032,0.16691853812772559,11.62465455214824,4.094378041650627,96.08648324921212,114.00525939798858
27,79.99900000642742,79.99900000642742,-12.0,0.1124240983727936,0.28933491321799315,0.11654892059432927,0.19957956839225138,2.6907328031366253,5.200147519335067,96.11689830073325,94.5573178823783
27,79.99900000642742,79.99900000642742,-12.0,0.1333303288467944,0.25783004472551835,0.17247151699180133,0.16663593391269377,13.43001003769575,3.2650777748228688,95.65079325059789,106.72831633991757
27,79.99900000642742,79.99900000642742,-12.0,0.12762200591642378,0.29775282731788577,0.2398899151007194,0.16550110683703947,14.1033633932591,9.189817456239908,3.4501898436296496,110.40293205057054
27,79.99900000642742,79.99900000642742,-12.0,0.12281525410801356,0.29766017560576,0.14711599497029867,0.16663593391269377,13.996028710777576,5.157152749730399,33.68921425540216,114.06950217154437
27,79.99900000642742,79.99900000642742,-12.0,0.12745231301399373,0.2975820994480396,0.2398899151007194,0.16550110683703947,14.1033633932591,9.189817456239908,4.943602666117371,110.27058624059373
27,79.99900000642742,79.99900000642742,-12.0,0.1326354997712287,0.29756752352316235,0.1471243928731436,0.16691853812772559,11.62465455214824,4.094378041650627,95.71435970673,114.00525939798858
27,79.99900000642742,79.99900000642742,-12.0,0.13303435088903234,0.29816933256000533,0.1211377486188087,0.14268434926986623,14.099132889388866,11.848532665134437,74.56040047053303,81.39869320639423
27,79.99900000642742,79.99900000642742,-12.0,0.10131208551392533,0.29808586160822664,0.19578050341998035,0.15906602265280834,3.6281778586509965,25.08558975918122,5.805117402312802,66.27243085160205
27,79.99900000642742,79.99900000642742,-12.0,0.13213936949054098,0.2935829948310357,0.12575955391364743,0.1321783448232558,10.381969393516819,9.255148137423083,89.49602665547957,104.12781819216883
27,79.99900000642742,79.99900000642742,-12.0,0.12925622487961047,0.2982687106376578,0.1854567548609458,0.16646588361990422,14.200866603864386,9.698851739642233,13.219708360962102,110.53534995121775
27,79.99900000642742,79.99900000642742,-12.0,0.09942959412398367,0.29808586160822664,0.28934704658215965,0.14000426291585702,14.57987695769819,25.08558975918122,5.805117402312802,66.27243085160205
27,79.99900000642742,79.99900000642742,-12.0,0.13284154007767895,0.2935829948310357,0.29549215594321987,0.13286359467154663,14.179956518839623,3.469413805335864,88.67155830547891,109.38016040942942
27,79.99900000642742,79.99900000642742,-12.0,0.13284154007767895,0.2935829948310357,0.29549215594321987,0.13286359467154663,14.179956518839623,18.51518791173396,79.75869896259084,109.38016040942942
27,79.99900000642742,79.99900000642742,-12.0,0.16741000052533675,0.29816933256000533,0.12491663292115479,0.15213469727407805,3.0688295870790014,11.821060374292982,43.38166945533591,81.39869320639423
27,79.99900000642742,79.99900000642742,-12.0,0.13225977769621572,0.2895654402434859,0.21834274591599,0.16546980073376835,14.1033633932591,9.189817456239908,19.807087769903603,61.33235955613913
28,79.99900000642742,79.99900000642742,-12.0,0.10097336440130951,0.2985597295113449,0.19578050341998035,0.15906602265280834,3.6281778586509965,4.486595615677146,5.805117402312802,66.27243085160205
28,6416.9681188596,0.0,-12.0,0.132973062580114,0.2596591213259146,0.2937829515097393,0.6299280539544311,67.45627934725499,237.95934956941056,43.431553891445695,113.92694747166809
28,6416.9681188596,0.0,-12.0,0.13233439804615807,0.306240603667749,0.1012927960098988,0.6319421866534385,67.11606745109523,237.89829507669222,44.065107583355854,94.1207925125488
28,79.99900000642742,79.99900000642742,-12.0,0.13305921685526725,0.2975829011185183,0.17341540743140962,0.1185679442126073,14.179956518839623,36.099000641182826,95.0315747637356,111.33968987805626
28,79.99900000642742,79.99900000642742,-12.0,0.12773227839533693,0.29784252198576905,0.16303344608436252,0.14063365226480623,17.302266107283206,3.7742766276317217,3.323319493340236,106.72831633991757
28,79.99900000642742,79.99900000642742,-12.0,0.12745231301399373,0.2980801501625004,0.28836137814438473,0.13903164644713784,14.07656395015601,9.189817456239908,4.943602666117371,110.53196689875047
28,79.99900000642742,79.99900000642742,-12.0,0.13305921685526725,0.29756736135618345,0.12032903942717055,0.1204955794621481,14.179956518839623,36.099000641182826,7.083736194726555,112.11186469687968
28,79.99900000642742,79.99900000642742,-12.0,0.13284154007767895,0.2935829948310357,0.29549215594321987,0.13286359467154663,14.179956518839623,3.469413805335864,88.67155830547891,109.38016040942942
28,79.99900000642742,79.99900000642742,-12.0,0.1310242510620221,0.29758048136273874,0.11672384147505248,0.15839046341938662,14.179956518839623,5.196313986384931,103.20059550550047,93.73449461948279
28,79.99900000642742,79.99900000642742,-12.0,0.12745231301399373,0.2975820994480396,0.2398899151007194,0.16550110683703947,14.1033633932591,9.189817456239908,4.943602666117371,110.27058624059373
28,79.99900000642742,79.99900000642742,-12.0,0.13261884331615165,0.29750375417948816,0.14877286091134032,0.16691853812772559,11.62465455214824,4.094378041650627,96.08648324921212,114.00525939798858
28,79.99900000642742,79.99900000642742,-12.0,0.13305921685526725,0.29758282809040976,0.17341540743140962,0.12007240503919761,14.179956518839623,36.099000641182826,95.68855791253793,112.12086134596865
28,79.99900000642742,79.99900000642742,-12.0,0.1301669183510696,0.2741590680532413,0.1791977709629543,0.11578613787299566,17.245807124215453,13.23040382813834,5.805117402312802,65.86499239659864
28,79.99900000642742,79.99900000642742,-12.0,0.1333303288467944,0.25783004472551835,0.17247151699180133,0.16663593391269377,13.43001003769575,3.2650777748228688,95.65079325059789,106.72831633991757
28,79.99900000642742,79.99900000642742,-12.0,0.1922341565585311,0.2969180299919287,0.1097463785628246,0.1622415312424404,15.255655938414261,17.76528011830747,6.108715899015393,56.90522651971882
28,79.99900000642742,79.99900000642742,-12.0,0.12761786487594712,0.2982687106376578,0.2752599342477106,0.16646588361990422,14.207065578173458,27.354600233006593,6.777561508917868,110.53534995121775
28,79.99900000642742,79.99900000642742,-12.0,0.1279102335866409,0.29816933256000533,0.12491663292115479,0.14268434926986623,16.520506711643883,11.821060374292982,4.078338793948543,81.39869320639423
28,79.99900000642742,79.99900000642742,-12.0,0.12939487541744352,0.25838959767179653,0.12517941092688054,0.14270388869980524,15.259397795872292,5.8225727323226995,6.0320661800629995,87.61498745409024
28,79.99900000642742,79.99900000642742,-12.0,0.13916141024996434,0.28376236568203117,0.28227955261555354,0.1661318856363642,15.255655938414261,39.5084810108695,6.010902309885264,65.83756576661798
28,79.99900000642742,79.99900000642742,-12.0,0.1310242510620221,0.28913501903970273,0.11672384147505248,0.16097230171275434,14.142783665994656,5.20026875603468,96.3505243311829,93.73449461948279
28,79.99900000642742,79.99900000642742,-12.0,0.13266326339368822,0.29758048136273874,0.19590619484769412,0.15839046341938662,14.179956518839623,9.14836867508685,100.92725115766245,110.93227441071261
28,79.99900000642742,79.99900000642742,-12.0,0.13308980907325907,0.297617395920355,0.10641532928610378,0.1629204095824142,16.428179661190406,8.873407348732073,3.936060473105918,104.22493239269276
28,79.99900000642742,79.99900000642742,-12.0,0.1291715447947767,0.2976022612027192,0.15669025641700518,0.16553091679251145,15.406777977427081,42.99209279350741,4.109282378602124,109.60595612213626
28,79.99900000642742,79.99900000642742,-12.0,0.1301669183510696,0.2741590680532413,0.1791977709629543,0.11578613787299566,10.352961506677499,13.23040382813834,88.33933583137545,104.51682352076742
28,79.99900000642742,79.99900000642742,-12.0,0.13923154200089477,0.29494787557860874,0.12209272340886548,0.14270388869980524,15.288968857826818,5.918493116841972,6.0320661800629995,93.97420276251503
28,79.99900000642742,79.99900000642742,-12.0,0.09958403595677653,0.29861066410875653,0.2894166868047111,0.09881764566359116,7.2211782681975825,5.568019607185999,95.72335984467428,104.22010734422588
28,79.99900000642742,79.99900000642742,-12.0,0.09744018849164346,0.2985604395456607,0.2894166868047111,0.09881764566359116,7.093684648389797,5.568019607185999,95.72335984467428,104.85598481194204
28,79.99900000642742,79.99900000642742,-12.0,0.13213936949054098,0.2935829948310357,0.12575955391364743,0.1321783448232558,17.274815011084122,9.255148137423083,7.125747187496891,65.47598706804666
28,79.99900000642742,79.99900000642742,-12.0,0.1278992735069276,0.29786121830205176,0.16303344608436252,0.14063365226480623,17.302266107283206,3.7742766276317217,0.5804924244295719,106.72831633991757
28,79.99900000642742,79.99900000642742,-12.0,0.12797520312604818,0.28376236568203117,0.28227955261555354,0.1661318856363642,14.088589426055378,9.55780802832547,6.010902309885264,65.83756576661798
28,79.99900000642742,79.99900000642742,-12.0,0.1124240983727936,0.28933491321799315,0.11654892059432927,0.19957956839225138,2.6907328031366253,5.200147519335067,96.11689830073325,94.5573178823783
28,79.99900000642742,79.99900000642742,-12.0,0.09942959412398367,0.29808586160822664,0.28934704658215965,0.14000426291585702,14.57987695769819,25.08558975918122,5.805117402312802,66.27243085160205
28,79.99900000642742,79.99900000642742,-12.0,0.1723919874407007,0.2981213524857009,0.19059710432735316,0.16663593391269377,14.179956518839623,9.189817456239908,4.437169172509293,66.8766140042199
28,79.99900000642742,79.99900000642742,-12.0,0.12281525410801356,0.29766017560576,0.14711599497029867,0.16663593391269377,13.996028710777576,5.157152749730399,33.68921425540216,114.06950217154437
28,79.99900000642742,79.99900000642742,-12.0,0.13297181961576196,0.2975803532944106,0.2740134113186517,0.16813813848947412,14.179956518839623,26.761221696065206,83.93209134907659,71.84009217276281
28,79.99900000642742,79.99900000642742,-12.0,0.13316609489215395,0.2985491071379403,0.19590619484769412,0.1548260152084244,14.179956518839623,9.14836867508685,100.92725115766245,110.93227441071261
28,79.99900000642742,79.99900000642742,-12.0,0.13196457770344958,0.2397323633224643,0.3075717605617204,0.13251596658146647,10.282935527940499,9.214481892125256,95.75530689446902,100.96049244248745
28,79.99900000642742,79.99900000642742,-12.0,0.13181207958582078,0.2400404898802304,0.3075717605617204,0.1778854985731967,10.388722152454704,9.214481892125256,13.083871065511175,100.96049244248745
28,79.99900000642742,79.99900000642742,-12.0,0.13303435088903234,0.29816933256000533,0.1211377486188087,0.14268434926986623,14.099132889388866,11.848532665134437,74.56040047053303,81.39869320639423
28,79.99900000642742,79.99900000642742,-12.0,0.13297181961576196,0.2975804263225192,0.10917496184969262,0.16663367728203546,14.179956518839623,9.10546906597907,6.020141873523521,71.23410862604142
28,79.99900000642742,79.99900000642742,-12.0,0.1327858384277423,0.2975224504957709,0.14877286091134032,0.16691853812772559,11.62465455214824,4.094378041650627,94.86310538829986,114.00525939798858
28,79.99900000642742,79.99900000642742,-12.0,0.12761786487594712,0.2982841773718842,0.28129251929746535,0.16604270927281858,14.207065578173458,27.354600233006593,95.5289241792882,110.54434660030674
28,79.99900000642742,79.99900000642742,-12.0,0.12062140850236769,0.2975948293703117,0.29419263436920745,0.13286359467154663,14.179956518839623,4.389772792042923,74.5515019523013,108.27363797571081
28,79.99900000642742,79.99900000642742,-12.0,0.09947044425907685,0.29790529818410283,0.28934704658215965,0.19830699984726657,14.57987695769819,4.911064412393756,13.46849082108556,66.27243085160205
28,79.99900000642742,79.99900000642742,-12.0,0.13213936949054098,0.2935829948310357,0.12575955391364743,0.1321783448232558,10.381969393516819,9.255148137423083,89.49602665547957,104.12781819216883
28,79.99900000642742,79.99900000642742,-12.0,0.1124240983727936,0.2894275653005909,0.11654892059432927,0.19957956839225138,3.8718067411266635,5.163988017555321,13.083871065511175,94.5573178823783
28,79.99900000642742,79.99900000642742,-12.0,0.13261865535781117,0.2974983453069031,0.1249669734601143,0.16691853812772559,3.096954550716747,4.094378041650627,95.71435970673,117.20840506215882
28,79.99900000642742,79.99900000642742,-12.0,0.1326363725092836,0.297604227615783,0.14711599497029867,0.16663593391269377,14.179956518839623,20.436863738495617,95.68791489125839,114.06494854500622
29,6416.9681188596,0.0,-12.0,0.13233439804615807,0.306240603667749,0.1012927960098988,0.6319421866534385,67.11606745109523,237.89829507669222,44.065107583355854,94.1207925125488
29,79.99900000642742,79.99900000642742,-12.0,0.13213936949054098,0.2935829948310357,0.19018546063165548,0.1321783448232558,10.381969393516819,9.255148137423083,89.49602665547957,104.12781819216883
29,79.99900000642742,79.99900000642742,-12.0,0.10097336440130951,0.2985597295113449,0.19578050341998035,0.15906602265280834,3.6281778586509965,4.486595615677146,5.805117402312802,66.27243085160205
29,6416.9681188596,0.0,-12.0,0.132973062580114,0.2596591213259146,0.2937829515097393,0.6299280539544311,67.45627934725499,237.95934956941056,43.431553891445695,113.92694747166809
29,79.99900000642742,79.99900000642742,-12.0,0.1339620847111099,0.2981263629136854,0.28934704658215965,0.15449425510314685,14.57987695769819,24.698819468058115,5.805117402312802,68.39240515649195
29,79.99900000642742,79.99900000642742,-12.0,0.12679879927388552,0.28933491321799315,0.11680755282288176,0.19957216936880573,2.6907328031366253,3.8244009640805814,95.21794080238222,94.8195993896211
29,79.99900000642742,79.99900000642742,-12.0,0.12773227839533693,0.29784252198576905,0.16303344608436252,0.14063365226480623,17.302266107283206,3.7742766276317217,3.323319493340236,106.72831633991757
29,79.99900000642742,79.99900000642742,-12.0,0.1333303288467944,0.25783004472551835,0.18231153123562246,0.16663593391269377,13.43001003769575,3.2650777748228688,95.65079325059789,106.72831633991757
29,79.99900000642742,79.99900000642742,-12.0,0.13213936949054098,0.2935829948310357,0.12222185076438037,0.1321783448232558,10.381969393516819,9.255148137423083,95.75549408939902,104.12781819216883
29,79.99900000642742,79.99900000642742,-12.0,0.1291715447947767,0.2976022612027192,0.15669025641700518,0.16553091679251145,15.406777977427081,42.99209279350741,4.109282378602124,109.60595612213626
29,79.99900000642742,79.99900000642742,-12.0,0.1291715447947767,0.2976048954020486,0.13627786656535112,0.16553091679251145,15.390583671792333,42.99209279350741,4.109282378602124,106.95604647082682
29,79.99900000642742,79.99900000642742,-12.0,0.13261884331615165,0.29750375417948816,0.10469563704194418,0.16663824932265298,11.62465455214824,9.328609138372073,96.08648324921212,114.00525939798858
29,79.99900000642742,79.99900000642742,-12.0,0.12062140850236769,0.2975948293703117,0.29419263436920745,0.13286359467154663,14.179956518839623,4.389772792042923,74.5515019523013,108.27363797571081
29,79.99900000642742,79.99900000642742,-12.0,0.10097336440130951,0.2985597295113449,0.19578426435453503,0.15914131500964804,3.6281778586509965,4.486595615677146,5.805117402312802,111.80096276536679
29,79.99900000642742,79.99900000642742,-12.0,0.1301669183510696,0.2741590680532413,0.1791977709629543,0.11578613787299566,17.245807124215453,13.23040382813834,5.805117402312802,65.86499239659864
29,79.99900000642742,79.99900000642742,-12.0,0.13305921685526725,0.29853706637282906,0.1728572999520363,0.1541587928714337,14.179956518839623,7.921274959000256,101.26404434951816,112.20800015714688
29,79.99900000642742,79.99900000642742,-12.0,0.1326363725092836,0.297604227615783,0.14711599497029867,0.16663593391269377,14.179956518839623,20.436863738495617,95.68791489125839,114.06494854500622
29,79.99900000642742,79.99900000642742,-12.0,0.13303435088903234,0.29816933256000533,0.1211377486188087,0.14268434926986623,14.099132889388866,11.848532665134437,74.56040047053303,81.39869320639423
29,79.99900000642742,79.99900000642742,-12.0,0.1301669183510696,0.2741590680532413,0.1791977709629543,0.11578613787299566,10.352961506677499,13.23040382813834,88.33933583137545,104.51682352076742
29,79.99900000642742,79.99900000642742,-12.0,0.12939487541744352,0.25838959767179653,0.12517941092688054,0.14270388869980524,15.259397795872292,5.8225727323226995,6.0320661800629995,87.61498745409024
29,79.99900000642742,79.99900000642742,-12.0,0.1723919874407007,0.2981213524857009,0.19255518738661284,0.16663593391269377,14.179956518839623,3.469022817675341,0.1944893867544195,66.8766140042199
29,79.99900000642742,79.99900000642742,-12.0,0.1310242510620221,0.28913501903970273,0.1168527069563808,0.16653797013379773,14.141356857555808,5.20026875603468,96.3505243311829,94.15201370985218
29,79.99900000642742,79.99900000642742,-12.0,0.1124240983727936,0.2894275653005909,0.11654892059432927,0.19957956839225138,3.8718067411266635,5.163988017555321,13.083871065511175,94.5573178823783
29,79.99900000642742,79.99900000642742,-12.0,0.13266326339368822,0.29758048136273874,0.19590619484769412,0.15839046341938662,14.179956518839623,9.14836867508685,100.92725115766245,110.93227441071261
29,79.99900000642742,79.99900000642742,-12.0,0.13916141024996434,0.28376236568203117,0.28227955261555354,0.1661318856363642,15.255655938414261,39.5084810108695,6.010902309885264,65.83756576661798
29,79.99900000642742,79.99900000642742,-12.0,0.12797520312604818,0.28376236568203117,0.28227955261555354,0.1661318856363642,14.088589426055378,9.55780802832547,6.010902309885264,65.83756576661798
29,79.99900000642742,79.99900000642742,-12.0,0.1310242510620221,0.28913501903970273,0.11672384147505248,0.16097230171275434,14.142783665994656,5.20026875603468,96.3505243311829,93.73449461948279
29,79.99900000642742,79.99900000642742,-12.0,0.12761786487594712,0.2982687106376578,0.2752599342477106,0.16646588361990422,14.207065578173458,27.354600233006593,6.777561508917868,110.53534995121775
29,79.99900000642742,79.99900000642742,-12.0,0.12744727592603938,0.2982687106376578,0.28878757657493664,0.16646588361990422,14.073907264056267,27.354600233006593,6.952751015986459,110.53534995121775
29,79.99900000642742,79.99900000642742,-12.0,0.09920085590129707,0.29398494417442866,0.12575955391364743,0.19886009270293953,14.713059373288564,9.461039336635364,7.125747187496891,65.47598706804666
29,79.99900000642742,79.99900000642742,-12.0,0.12514157768708759,0.2833405463009597,0.28918938122107035,0.1661318856363642,15.267129926486612,13.019612115749263,6.010902309885264,65.83756576661798
29,79.99900000642742,79.99900000642742,-12.0,0.09958403595677653,0.29861066410875653,0.2894166868047111,0.09881764566359116,7.2211782681975825,5.568019607185999,95.72335984467428,104.22010734422588
29,79.99900000642742,79.99900000642742,-12.0,0.09744018849164346,0.2985604395456607,0.2894166868047111,0.09881764566359116,7.093684648389797,5.568019607185999,95.72335984467428,104.85598481194204
29,79.99900000642742,79.99900000642742,-12.0,0.09947044425907685,0.29790529818410283,0.28934704658215965,0.19830699984726657,14.57987695769819,4.911064412393756,13.46849082108556,66.27243085160205
29,79.99900000642742,79.99900000642742,-12.0,0.1327858384277423,0.2975224504957709,0.14877286091134032,0.16691853812772559,11.62465455214824,4.094378041650627,94.86310538829986,114.00525939798858
29,79.99900000642742,79.99900000642742,-12.0,0.10049697519750049,0.2985597295113449,0.19578050341998035,0.15908104061468123,3.6281778586509965,4.486595615677146,5.363779215696752,68.19977437019422
29,79.99900000642742,79.99900000642742,-12.0,0.1279102335866409,0.29816933256000533,0.12491663292115479,0.14268434926986623,16.520506711643883,11.821060374292982,4.078338793948543,81.39869320639423
29,79.99900000642742,79.99900000642742,-12.0,0.13240896076886438,0.29750334884070995,0.28934704658215965,0.13162525241112866,17.141632595493746,4.705173216597,13.46849082108556,66.27243085160205
29,79.99900000642742,79.99900000642742,-12.0,0.13261865535781117,0.2974983453069031,0.1249669734601143,0.16691853812772559,3.096954550716747,4.094378041650627,95.71435970673,117.20840506215882
29,79.99900000642742,79.99900000642742,-12.0,0.13213936949054098,0.2935829948310357,0.12575955391364743,0.1321783448232558,10.381969393516819,9.255148137423083,89.49602665547957,104.12781819216883
29,79.99900000642742,79.99900000642742,-12.0,0.13305921685526725,0.29756736135618345,0.12032903942717055,0.1204955794621481,14.179956518839623,36.099000641182826,7.083736194726555,112.11186469687968
29,79.99900000642742,79.99900000642742,-12.0,0.13305921685526725,0.29758282809040976,0.17341540743140962,0.12007240503919761,14.179956518839623,36.099000641182826,95.68855791253793,112.12086134596865
29,79.99900000642742,79.99900000642742,-12.0,0.13316609489215395,0.297594868855521,0.1964643023270674,0.12073962737875155,14.179956518839623,37.32690951383571,95.35176472068223,110.84513559953437
29,79.99900000642742,79.99900000642742,-12.0,0.1320833361364944,0.29494787557860874,0.09715473847491357,0.13232573392228011,10.317462417652418,5.918493116841972,6.0320661800629995,93.97420276251503
29,79.99900000642742,79.99900000642742,-12.0,0.1327858384277423,0.2975180479029804,0.15076378835724802,0.16469766972389818,11.62465455214824,27.28857936118377,75.54486715860494,114.00525939798858
29,79.99900000642742,79.99900000642742,-12.0,0.09942959412398367,0.29808586160822664,0.28934704658215965,0.14000426291585702,14.57987695769819,25.08558975918122,5.805117402312802,66.27243085160205
29,79.99900000642742,79.99900000642742,-12.0,0.13196457770344958,0.2397323633224643,0.3075717605617204,0.13251596658146647,10.282935527940499,9.214481892125256,95.75530689446902,100.96049244248745
29,79.99900000642742,79.99900000642742,-12.0,0.12281525410801356,0.29766017560576,0.14711599497029867,0.16663593391269377,13.996028710777576,5.157152749730399,33.68921425540216,114.06950217154437
30,6416.9681188596,0.0,-12.0,0.132973062580114,0.2596591213259146,0.2937829515097393,0.6299280539544311,67.45627934725499,237.39233146694588,43.431553891445695,113.92694747166809
30,79.99900000642742,79.99900000642742,-12.0,0.13213936949054098,0.2935829948310357,0.19018546063165548,0.1321783448232558,10.381969393516819,9.255148137423083,89.49602665547957,104.12781819216883
30,79.99900000642742,79.99900000642742,-12.0,0.12797520312604818,0.2841002786110772,0.28227955261555354,0.1661318856363642,10.265083894661664,9.519868923181035,14.427046379797588,66.36466045777932
30,6416.9681188596,0.0,-12.0,0.13233439804615807,0.306240603667749,0.1012927960098988,0.6319421866534385,67.11606745109523,237.89829507669222,44.065107583355854,94.1207925125488
30,79.99900000642742,79.99900000642742,-12.0,0.09920085590129707,0.29398494417442866,0.12575955391364743,0.19886009270293953,14.713059373288564,9.461039336635364,7.125747187496891,65.47598706804666
30,79.99900000642742,79.99900000642742,-12.0,0.12786363267194714,0.29827798448412574,0.2752599342477106,0.17593766751812456,14.207065578173458,28.89614300044436,13.487182073948343,132.51031415813404
30,79.99900000642742,79.99900000642742,-12.0,0.13213936949054098,0.2935829948310357,0.09669114792240767,0.11470748726199462,10.381969393516819,9.255148137423083,89.49602665547957,104.12781819216883
30,79.99900000642742,79.99900000642742,-12.0,0.13213936949054098,0.2935829948310357,0.12222185076438037,0.1321783448232558,10.381969393516819,9.255148137423083,95.75549408939902,104.12781819216883
30,79.99900000642742,79.99900000642742,-12.0,0.1279102335866409,0.29816933256000533,0.12491663292115479,0.14268434926986623,16.520506711643883,11.821060374292982,4.078338793948543,81.39869320639423
30,79.99900000642742,79.99900000642742,-12.0,0.0927308055528979,0.2935790271884564,0.19578050341998035,0.15756065119043622,3.6281778586509965,9.549282387639376,5.363779215696752,68.16876002867939
30,79.99900000642742,79.99900000642742,-12.0,0.1338419671509802,0.29750334884070995,0.28934704658215965,0.13162525241112866,14.308241013939009,4.705173216597,13.46849082108556,66.27243085160205
30,79.99900000642742,79.99900000642742,-12.0,0.12062140850236769,0.2975948293703117,0.29419263436920745,0.13286359467154663,14.179956518839623,4.389772792042923,74.5515019523013,108.27363797571081
30,79.99900000642742,79.99900000642742,-12.0,0.10097336440130951,0.29855558760161227,0.3079430927002956,0.15906602265280834,3.6281778586509965,4.251771793612187,5.805117402312802,66.27243085160205
30,79.99900000642742,79.99900000642742,-12.0,0.13196457770344958,0.2397323633224643,0.3075717605617204,0.13251596658146647,10.282935527940499,9.214481892125256,95.75530689446902,100.96049244248745
30,79.99900000642742,79.99900000642742,-12.0,0.13305921685526725,0.29758282809040976,0.17341540743140962,0.12007240503919761,14.179956518839623,36.099000641182826,95.68855791253793,112.12086134596865
30,79.99900000642742,79.99900000642742,-12.0,0.1320833361364944,0.29494787557860874,0.09715473847491357,0.13232573392228011,10.317462417652418,5.918493116841972,6.0320661800629995,93.97420276251503
30,79.99900000642742,79.99900000642742,-12.0,0.1387422325224685,0.28376236568203117,0.27697365930919576,0.1979873850893726,15.255655938414261,39.2254883997989,4.4231978755761245,94.96050700568703
30,79.99900000642742,79.99900000642742,-12.0,0.13194372958091474,0.2397030732053351,0.12491663292115479,0.14268434926986623,10.313400086629953,11.821060374292982,4.078338793948543,81.38738325374909
30,79.99900000642742,79.99900000642742,-12.0,0.11284327610141603,0.30902507418851677,0.12186182596667214,0.1677240689392431,3.8718067411266635,5.454870244348324,13.083871065511175,65.43437664331034
30,79.99900000642742,79.99900000642742,-12.0,0.13316609489215395,0.297594868855521,0.1964643023270674,0.12073962737875155,14.179956518839623,37.32690951383571,95.35176472068223,110.84513559953437
30,79.99900000642742,79.99900000642742,-12.0,0.1291715447947767,0.2976048954020486,0.13627786656535112,0.16553091679251145,15.390583671792333,42.99209279350741,4.109282378602124,106.95604647082682
30,79.99900000642742,79.99900000642742,-12.0,0.1291715447947767,0.2976022612027192,0.15669025641700518,0.16553091679251145,15.406777977427081,42.99209279350741,4.109282378602124,109.60595612213626
30,79.99900000642742,79.99900000642742,-12.0,0.09511110767206446,0.2975180479029804,0.14690118895464657,0.16461427517917968,11.62465455214824,26.483876516746538,75.99365962887849,114.00525939798858
30,79.99900000642742,79.99900000642742,-12.0,0.1327858384277423,0.2975180479029804,0.15076378835724802,0.16469766972389818,11.62465455214824,27.28857936118377,75.54486715860494,114.00525939798858
30,79.99900000642742,79.99900000642742,-12.0,0.12773227839533693,0.29784252198576905,0.16303344608436252,0.14063365226480623,17.302266107283206,3.7742766276317217,3.323319493340236,106.72831633991757
30,79.99900000642742,79.99900000642742,-12.0,0.13261865535781117,0.2974983453069031,0.1249669734601143,0.16691853812772559,3.096954550716747,4.094378041650627,95.71435970673,117.20840506215882
30,79.99900000642742,79.99900000642742,-12.0,0.12757928828690449,0.2982687106376578,0.28878757657493664,0.16646588361990422,14.080917415779554,27.31565363547957,6.952751015986459,68.14488667680732
30,79.99900000642742,79.99900000642742,-12.0,0.09919169298074883,0.29896564649731716,0.13839808767574233,0.20038048212721063,14.713059373288564,4.398352578427991,2.0405398942586164,65.50700140956151
30,79.99900000642742,79.99900000642742,-12.0,0.13303435088903234,0.29816933256000533,0.1211377486188087,0.14268434926986623,14.099132889388866,11.848532665134437,74.56040047053303,81.39869320639423
30,79.99900000642742,79.99900000642742,-12.0,0.09942959412398367,0.289101141683841,0.2907751147709183,0.14000426291585702,14.57987695769819,25.660698378280937,7.020034277867289,66.27243085160205
30,79.99900000642742,79.99900000642742,-12.0,0.10097336440130951,0.2985597295113449,0.19578050341998035,0.15906602265280834,3.6281778586509965,4.486595615677146,5.805117402312802,66.27243085160205
30,79.99900000642742,79.99900000642742,-12.0,0.13213936949054098,0.2935829948310357,0.12575955391364743,0.1321783448232558,10.381969393516819,9.255148137423083,89.49602665547957,104.12781819216883
30,79.99900000642742,79.99900000642742,-12.0,0.13305921685526725,0.29853706637282906,0.1728572999520363,0.1541587928714337,14.179956518839623,7.921274959000256,101.26404434951816,112.20800015714688
30,79.99900000642742,79.99900000642742,-12.0,0.12761786487594712,0.2982687106376578,0.2752599342477106,0.16646588361990422,14.207065578173458,27.354600233006593,6.777561508917868,110.53534995121775
30,79.99900000642742,79.99900000642742,-12.0,0.13213936949054098,0.2838017413844561,0.19018546063165548,0.1666725199413375,10.381969393516819,9.255148137423083,85.49878709338503,104.12781819216883
30,79.99900000642742,79.99900000642742,-12.0,0.13916141024996434,0.28376236568203117,0.28227955261555354,0.1661318856363642,15.255655938414261,39.5084810108695,6.010902309885264,65.83756576661798
30,79.99900000642742,79.99900000642742,-12.0,0.10049697519750049,0.2985597295113449,0.19578050341998035,0.15908104061468123,3.6281778586509965,4.486595615677146,5.363779215696752,68.19977437019422
30,79.99900000642742,79.99900000642742,-12.0,0.13261884331615165,0.29750375417948816,0.10469563704194418,0.16663824932265298,11.62465455214824,9.328609138372073,96.08648324921212,114.00525939798858
30,79.99900000642742,79.99900000642742,-12.0,0.13240896076886438,0.29750334884070995,0.28934704658215965,0.13162525241112866,17.141632595493746,4.705173216597,13.46849082108556,66.27243085160205
30,79.99900000642742,79.99900000642742,-12.0,0.13305921685526725,0.29756736135618345,0.12032903942717055,0.1204955794621481,14.179956518839623,36.099000641182826,7.083736194726555,112.11186469687968
30,79.99900000642742,79.99900000642742,-12.0,0.13296323407998467,0.2741590680532413,0.17878981124428303,0.11578613787299566,11.668015265687398,13.23040382813834,6.590447053451868,118.45296020026774
30,79.99900000642742,79.99900000642742,-12.0,0.10049697519750049,0.2985686380348101,0.19578050341998035,0.14179019683598507,3.747823009666975,4.486595615677146,5.363779215696752,68.19977437019422
30,79.99900000642742,79.99900000642742,-12.0,0.09947044425907685,0.29790529818410283,0.28934704658215965,0.19830699984726657,14.57987695769819,4.911064412393756,13.46849082108556,66.27243085160205
30,79.99900000642742,79.99900000642742,-12.0,0.12514157768708759,0.2833405463009597,0.28918938122107035,0.1661318856363642,15.267129926486612,13.019612115749263,6.010902309885264,65.83756576661798
30,79.99900000642742,79.99900000642742,-12.0,0.1301669183510696,0.2741590680532413,0.1791977709629543,0.11578613787299566,17.245807124215453,13.23040382813834,5.805117402312802,65.86499239659864
30,79.99900000642742,79.99900000642742,-12.0,0.12281525410801356,0.29766017560576,0.14711599497029867,0.16663593391269377,13.996028710777576,5.157152749730399,33.68921425540216,114.06950217154437
30,79.99900000642742,79.99900000642742,-12.0,0.1124240983727936,0.2894275653005909,0.11654892059432927,0.19957956839225138,3.8718067411266635,5.163988017555321,13.083871065511175,94.5573178823783
30,79.99900000642742,79.99900000642742,-12.0,0.1333303288467944,0.25783004472551835,0.18231153123562246,0.16663593391269377,13.43001003769575,3.2650777748228688,95.65079325059789,106.72831633991757
31,6416.9681188596,0.0,-12.0,0.13233439804615807,0.306240603667749,0.1012927960098988,0.6319421866534385,67.11606745109523,237.89829507669222,44.065107583355854,94.1207925125488
31,79.99900000642742,79.99900000642742,-12.0,0.12768102877266868,0.29827798448412574,0.2752599342477106,0.17593766751812456,14.30426412356465,29.450521259371932,13.487182073948343,132.51031415813404
31,79.99900000642742,79.99900000642742,-12.0,0.13213936949054098,0.2935829948310357,0.19018546063165548,0.1321783448232558,10.381969393516819,9.255148137423083,89.49602665547957,104.12781819216883
31,6416.9681188596,0.0,-12.0,0.132973062580114,0.2596591213259146,0.2937829515097393,0.6299280539544311,67.45627934725499,237.39233146694588,43.431553891445695,113.92694747166809
31,79.99900000642742,79.99900000642742,-12.0,0.1301669183510696,0.2741590680532413,0.1791977709629543,0.11578613787299566,17.245807124215453,13.23040382813834,5.805117402312802,65.86499239659864
31,79.99900000642742,79.99900000642742,-12.0,0.10094296198507434,0.2939966164058495,0.19578050341998035,0.15926169728010592,3.6281778586509965,9.607960274497026,5.805117402312802,66.29218719539584
31,79.99900000642742,79.99900000642742,-12.0,0.13240896076886438,0.29750334884070995,0.28934704658215965,0.13162525241112866,17.141632595493746,4.705173216597,13.46849082108556,66.27243085160205
31,79.99900000642742,79.99900000642742,-12.0,0.10049697519750049,0.2985597295113449,0.19578050341998035,0.15908104061468123,3.6281778586509965,4.486595615677146,5.363779215696752,68.19977437019422
31,79.99900000642742,79.99900000642742,-12.0,0.13261865535781117,0.2974983453069031,0.1249669734601143,0.16691853812772559,3.096954550716747,4.094378041650627,95.71435970673,117.20840506215882
31,79.99900000642742,79.99900000642742,-12.0,0.09425099631434332,0.297519670807866,0.12157976370006263,0.1670666022284225,14.179956518839623,35.64985404310425,77.42929016953454,112.20762345902955
31,79.99900000642742,79.99900000642742,-12.0,0.13208082003934715,0.29494787557860874,0.08172776782561218,0.1325860607230134,10.317462417652418,37.348474062242744,6.0320661800629995,93.97420276251503
31,79.99900000642742,79.99900000642742,-12.0,0.13305921685526725,0.29756736135618345,0.12032903942717055,0.1204955794621481,14.179956518839623,36.099000641182826,7.083736194726555,112.11186469687968
31,79.99900000642742,79.99900000642742,-12.0,0.12797520312604818,0.2841002786110772,0.28227955261555354,0.1661318856363642,10.265083894661664,9.519868923181035,14.4589761693358,114.08094364181314
31,79.99900000642742,79.99900000642742,-12.0,0.12514157768708759,0.2833405463009597,0.28918938122107035,0.1661318856363642,15.267129926486612,13.019612115749263,6.010902309885264,65.83756576661798
31,79.99900000642742,79.99900000642742,-12.0,0.1276293736397192,0.29784252198576905,0.16303344608436252,0.14063365226480623,17.302266107283206,2.446674198077402,5.169003828113318,106.72831633991757
31,79.99900000642742,79.99900000642742,-12.0,0.09942959412398367,0.289101141683841,0.2907751147709183,0.14000426291585702,14.57987695769819,25.660698378280937,7.020034277867289,66.27243085160205
31,79.99900000642742,79.99900000642742,-12.0,0.12281525410801356,0.29766017560576,0.14711599497029867,0.16663593391269377,13.996028710777576,5.157152749730399,33.68921425540216,114.06950217154437
31,79.99900000642742,79.99900000642742,-12.0,0.10049697519750049,0.2985686380348101,0.19578050341998035,0.14179019683598507,3.747823009666975,4.486595615677146,5.363779215696752,68.19977437019422
31,79.99900000642742,79.99900000642742,-12.0,0.13305921685526725,0.29853706637282906,0.1728572999520363,0.1541587928714337,14.179956518839623,7.921274959000256,101.26404434951816,112.20800015714688
31,79.99900000642742,79.99900000642742,-12.0,0.1339194897602113,0.29756573845129786,0.14565046468183052,0.11804325284229139,11.62465455214824,26.933023114825122,5.421767806000667,113.9095006358387
31,79.99900000642742,79.99900000642742,-12.0,0.12757928828690449,0.2981671575250768,0.298041446468188,0.13707483045136493,10.299935865389589,9.60423473584169,6.952751015986459,104.69447940187925
31,79.99900000642742,79.99900000642742,-12.0,0.14273286185500325,0.2742935624667068,0.15940914172109097,0.09522318981087181,17.245807124215453,13.23040382813834,3.148540427853092,65.86499239659864
31,79.99900000642742,79.99900000642742,-12.0,0.1291715447947767,0.2976048954020486,0.13627786656535112,0.16553091679251145,14.202645916686444,42.88764597793263,4.109282378602124,106.95604647082682
31,79.99900000642742,79.99900000642742,-12.0,0.1322422742461587,0.2935829948310357,0.09669114792240767,0.11470748726199462,10.381969393516819,9.255148137423083,88.07839970669144,104.12781819216883
31,79.99900000642742,79.99900000642742,-12.0,0.13261884331615165,0.29750375417948816,0.10469563704194418,0.16663824932265298,11.62465455214824,9.328609138372073,96.08648324921212,114.00525939798858
31,79.99900000642742,79.99900000642742,-12.0,0.1333303288467944,0.25783004472551835,0.18231153123562246,0.16663593391269377,13.43001003769575,3.2650777748228688,95.65079325059789,106.72831633991757
31,79.99900000642742,79.99900000642742,-12.0,0.09933909117029423,0.2985478920877407,0.1211377486188087,0.14268434926986623,14.099132889388866,11.848532665134437,74.56040047053303,81.35474097862092
31,79.99900000642742,79.99900000642742,-12.0,0.09511110767206446,0.2975180479029804,0.14690118895464657,0.16461427517917968,11.62465455214824,26.483876516746538,75.99365962887849,114.00525939798858
31,79.99900000642742,79.99900000642742,-12.0,0.13213936949054098,0.2935829948310357,0.12222185076438037,0.1321783448232558,10.381969393516819,9.255148137423083,95.75549408939902,104.12781819216883
31,79.99900000642742,79.99900000642742,-12.0,0.1314497117503707,0.3063849256212419,0.12258747813756977,0.19957956839225138,9.029211602024422,19.07275243055345,13.083871065511175,94.5573178823783
31,79.99900000642742,79.99900000642742,-12.0,0.13213936949054098,0.2838017413844561,0.19018546063165548,0.1666725199413375,10.381969393516819,9.255148137423083,85.49878709338503,104.12781819216883
31,79.99900000642742,79.99900000642742,-12.0,0.1279102335866409,0.24088942330836866,0.12319389893809404,0.14258316642119645,16.624142745954444,9.20340331073029,96.89261030606582,81.50635778318181
31,79.99900000642742,79.99900000642742,-12.0,0.12281525410801356,0.29766017560576,0.14711599497029867,0.16663593391269377,13.996028710777576,5.157152749730399,33.657284596389566,66.35321898794214
31,79.99900000642742,79.99900000642742,-12.0,0.13196457770344958,0.29701227257410107,0.3093027071976996,0.13261714943013625,10.17929949364763,11.83213895568795,3.5930741345286066,100.85282786569988
31,79.99900000642742,79.99900000642742,-12.0,0.1124240983727936,0.2894275653005909,0.11654892059432927,0.19957956839225138,3.8718067411266635,5.163988017555321,13.083871065511175,94.5573178823783
31,79.99900000642742,79.99900000642742,-12.0,0.12761786487594712,0.2982687106376578,0.2752599342477106,0.16646588361990422,14.207065578173458,27.354600233006593,6.777561508917868,110.53534995121775
31,79.99900000642742,79.99900000642742,-12.0,0.13196457770344958,0.2397323633224643,0.3075717605617204,0.13251596658146647,10.282935527940499,9.214481892125256,95.75530689446902,100.96049244248745
31,79.99900000642742,79.99900000642742,-12.0,0.09919169298074883,0.29896564649731716,0.13839808767574233,0.20038048212721063,14.713059373288564,4.398352578427991,2.0405398942586164,65.50700140956151
31,79.99900000642742,79.99900000642742,-12.0,0.10083947224482098,0.29855558760161227,0.10710577508972158,0.15365333604706424,3.6281778586509965,3.9220362623484153,5.805117402312802,66.27243085160205
31,79.99900000642742,79.99900000642742,-12.0,0.1387422325224685,0.28376236568203117,0.27697365930919576,0.1979873850893726,15.255655938414261,39.2254883997989,4.4231978755761245,94.96050700568703
31,79.99900000642742,79.99900000642742,-12.0,0.1320833361364944,0.29494787557860874,0.09715473847491357,0.13232573392228011,10.317462417652418,5.918493116841972,6.0320661800629995,93.97420276251503
31,79.99900000642742,79.99900000642742,-12.0,0.1327858384277423,0.2975180479029804,0.15076378835724802,0.16469766972389818,11.62465455214824,27.28857936118377,75.54486715860494,114.00525939798858
31,79.99900000642742,79.99900000642742,-12.0,0.13213936949054098,0.2935829948310357,0.12575955391364743,0.1321783448232558,10.381969393516819,9.255148137423083,89.49602665547957,104.12781819216883
31,79.99900000642742,79.99900000642742,-12.0,0.1338419671509802,0.29750334884070995,0.28934704658215965,0.13162525241112866,14.308241013939009,4.705173216597,13.46849082108556,66.27243085160205
31,79.99900000642742,79.99900000642742,-12.0,0.13291973150925945,0.2975180479029804,0.3078724010585741,0.15893400202880156,11.62465455214824,27.623553254030167,75.54486715860494,113.85649010272999
31,79.99900000642742,79.99900000642742,-12.0,0.13194372958091474,0.2397030732053351,0.12491663292115479,0.14268434926986623,10.313400086629953,11.821060374292982,4.078338793948543,81.38738325374909
31,79.99900000642742,79.99900000642742,-12.0,0.12514157768708759,0.28296020742980194,0.28918938122107035,0.16553184404241536,15.258325475525673,13.244924786999132,6.1124920590340865,65.83756576661798
31,79.99900000642742,79.99900000642742,-12.0,0.1291715447947767,0.2979852342732063,0.13627786656535112,0.16613095838646028,15.399388122753273,42.76680097058578,4.007692629454029,106.95604647082682
32,79.99900000642742,79.99900000642742,-12.0,0.1314609666511186,0.3065997078677285,0.1249669734601143,0.19861918179321036,9.21566698712013,4.34932577773235,95.71435970673,117.20840506215882
32,79.99900000642742,79.99900000642742,-12.0,0.12768102877266868,0.29827798448412574,0.2752599342477106,0.17593766751812456,14.30426412356465,29.450521259371932,13.487182073948343,132.51031415813404
32,6416.9681188596,0.0,-12.0,0.13233439804615807,0.306240603667749,0.1012927960098988,0.6319421866534385,67.11606745109523,237.89829507669222,44.065107583355854,94.1207925125488
32,6416.9681188596,0.0,-12.0,0.13233439804615807,0.3056309328928929,0.1012927960098988,0.6319421866534385,67.11606745109523,237.89829507669222,44.065107583355854,94.1207925125488
32,79.99900000642742,79.99900000642742,-12.0,0.1224231356998253,0.30681297356616527,0.14711599497029867,0.16663593391269377,13.996028710777576,12.14476638541185,77.04624603888253,65.55672334589319
32,79.99900000642742,79.99900000642742,-12.0,0.13261865535781117,0.2974983453069031,0.1249669734601143,0.16691853812772559,3.096954550716747,4.094378041650627,95.71435970673,117.20840506215882
32,79.99900000642742,79.99900000642742,-12.0,0.13076047156115422,0.25783004472551835,0.18231153123562246,0.16263086753837167,13.46698033989347,3.2650777748228688,95.71816247631284,106.72831633991757
32,79.99900000642742,79.99900000642742,-12.0,0.10066558198868153,0.2985410743162151,0.12190175365443601,0.1670666022284225,3.9267918937833945,34.95843074488727,77.42929016953454,112.20762345902955
32,79.99900000642742,79.99900000642742,-12.0,0.16587713984272529,0.2833405463009597,0.2853388803625567,0.16544581081073467,14.211013437905324,13.019612115749263,6.010902309885264,65.83756576661798
32,79.99900000642742,79.99900000642742,-12.0,0.10083947224482098,0.29855558760161227,0.10710577508972158,0.15365333604706424,3.558982246337446,3.9220362623484153,5.805117402312802,66.24996054415878
32,79.99900000642742,79.99900000642742,-12.0,0.09442488657048298,0.29753418409326315,0.10678378513535895,0.1344256440179241,13.881378391134659,3.9220362623484153,15.356648007622024,66.27243085160205
32,79.99900000642742,79.99900000642742,-12.0,0.13213936949054098,0.28403370941772504,0.19148220058812254,0.1666725199413375,10.381969393516819,9.255148137423083,85.49878709338503,104.12781819216883
32,79.99900000642742,79.99900000642742,-12.0,0.1333303288467944,0.25783004472551835,0.18231153123562246,0.16663593391269377,13.43001003769575,3.2650777748228688,95.65079325059789,106.72831633991757
32,79.99900000642742,79.99900000642742,-12.0,0.13196457770344958,0.29701227257410107,0.3093027071976996,0.13261714943013625,10.17929949364763,11.83213895568795,3.5930741345286066,100.85282786569988
32,79.99900000642742,79.99900000642742,-12.0,0.13213936949054098,0.2838017413844561,0.19018546063165548,0.1666725199413375,10.381969393516819,9.255148137423083,85.49878709338503,104.12781819216883
32,79.99900000642742,79.99900000642742,-12.0,0.09425099631434332,0.297519670807866,0.12157976370006263,0.1670666022284225,14.179956518839623,35.64985404310425,77.42929016953454,112.20762345902955
32,79.99900000642742,79.99900000642742,-12.0,0.09942959412398367,0.2892116472536366,0.2907751147709183,0.13235847048336435,10.414859877745084,25.660698378280937,8.42490553354144,102.02898938827576
32,79.99900000642742,79.99900000642742,-12.0,0.09919169298074883,0.29896564649731716,0.13839808767574233,0.20038048212721063,14.782334972252269,4.398352578427991,2.0405398942586164,51.5903543169246
32,79.99900000642742,79.99900000642742,-12.0,0.12767969416068553,0.3043827411875798,0.12491663292115479,0.14268434926986623,10.295752699838397,11.821060374292982,4.13731868197328,157.1790994745972
32,79.99900000642742,79.99900000642742,-12.0,0.13212736358631783,0.2397323633224643,0.3075717605617204,0.17564202604309015,10.282935527940499,9.214481892125256,13.232880231947462,100.53153258276605
32,79.99900000642742,79.99900000642742,-12.0,0.13213936949054098,0.2935829948310357,0.12222185076438037,0.1321783448232558,10.381969393516819,9.255148137423083,95.75549408939902,104.12781819216883
32,79.99900000642742,79.99900000642742,-12.0,0.1327858384277423,0.2975180479029804,0.15076378835724802,0.16469766972389818,11.62465455214824,27.28857936118377,75.54486715860494,114.00525939798858
32,79.99900000642742,79.99900000642742,-12.0,0.1124240983727936,0.2894275653005909,0.11654892059432927,0.19905255842796069,0.8154791092844205,2.033070361685202,13.083871065511175,94.5573178823783
32,79.99900000642742,79.99900000642742,-12.0,0.10094296198507434,0.2939966164058495,0.19578050341998035,0.15926169728010592,3.6281778586509965,9.607960274497026,5.805117402312802,66.29218719539584
32,79.99900000642742,79.99900000642742,-12.0,0.13188190029617636,0.23637206092661803,0.2855385404860068,0.16646588361990422,14.224712964965025,27.354600233006593,6.7185816209017375,82.68663609604117
32,79.99900000642742,79.99900000642742,-12.0,0.1320833361364944,0.29494787557860874,0.09715473847491357,0.13232573392228011,10.317462417652418,5.918493116841972,6.0320661800629995,93.97420276251503
32,79.99900000642742,79.99900000642742,-12.0,0.10049697519750049,0.2985597295113449,0.19578050341998035,0.15908104061468123,3.6281778586509965,4.486595615677146,5.363779215696752,68.19977437019422
32,79.99900000642742,79.99900000642742,-12.0,0.12797520312604818,0.2841002786110772,0.28227955261555354,0.1661318856363642,10.265083894661664,9.519868923181035,14.4589761693358,114.08094364181314
32,79.99900000642742,79.99900000642742,-12.0,0.1301669183510696,0.2741590680532413,0.1791977709629543,0.11578613787299566,17.245807124215453,13.23040382813834,5.805117402312802,65.86499239659864
32,79.99900000642742,79.99900000642742,-12.0,0.12761786487594712,0.2982687106376578,0.2752599342477106,0.16646588361990422,14.207065578173458,27.354600233006593,6.777561508917868,110.53534995121775
32,79.99900000642742,79.99900000642742,-12.0,0.1275182428898004,0.29827798448412574,0.30999198001873873,0.13281160805842143,14.30426412356465,29.450521259371932,96.0264667899412,136.82964904751952
32,79.99900000642742,79.99900000642742,-12.0,0.13240896076886438,0.29750334884070995,0.28934704658215965,0.13162525241112866,17.141632595493746,4.705173216597,13.46849082108556,66.27243085160205
32,79.99900000642742,79.99900000642742,-12.0,0.13213936949054098,0.2935829948310357,0.19018546063165548,0.1321783448232558,10.381969393516819,9.255148137423083,89.49602665547957,104.12781819216883
32,79.99900000642742,79.99900000642742,-12.0,0.12757928828690449,0.2981671575250768,0.298041446468188,0.13707483045136493,10.299935865389589,9.60423473584169,6.952751015986459,104.69447940187925
32,79.99900000642742,79.99900000642742,-12.0,0.13261884331615165,0.29750375417948816,0.10469563704194418,0.16663824932265298,11.62465455214824,9.328609138372073,96.08648324921212,114.00525939798858
32,79.99900000642742,79.99900000642742,-12.0,0.12514157768708759,0.2833405463009597,0.28918938122107035,0.1661318856363642,15.267129926486612,13.019612115749263,6.010902309885264,65.83756576661798
32,79.99900000642742,79.99900000642742,-12.0,0.1291600588340216,0.2935829948310357,0.13892634757016017,0.1321783448232558,10.381969393516819,9.255148137423083,89.95511179297458,104.2420068997737
32,79.99900000642742,79.99900000642742,-12.0,0.15143897207229334,0.2841002786110772,0.28227955261555354,0.1661318856363642,10.228113592463949,9.519868923181035,14.401812906314142,114.08094364181314
32,79.99900000642742,79.99900000642742,-12.0,0.1280010932480027,0.29827798448412574,0.274985819200332,0.16721592000425922,14.30426412356465,29.450521259371932,13.487182073948343,117.4750996756532
32,79.99900000642742,79.99900000642742,-12.0,0.13196457770344958,0.29701227257410107,0.3093027071976996,0.13258601680450124,10.17929949364763,11.582791317054172,3.1256052835299815,101.23718599896276
32,79.99900000642742,79.99900000642742,-12.0,0.1339194897602113,0.29756573845129786,0.14565046468183052,0.11804325284229139,11.62465455214824,26.933023114825122,5.421767806000667,113.9095006358387
32,79.99900000642742,79.99900000642742,-12.0,0.12281525410801356,0.29766017560576,0.14711599497029867,0.16663593391269377,13.996028710777576,5.157152749730399,33.657284596389566,66.35321898794214
32,79.99900000642742,79.99900000642742,-12.0,0.12798573962712106,0.2840920106895038,0.28228270336781425,0.1661318856363642,10.308104770635325,13.019612115749263,14.382249091164137,65.83756576661798
32,79.99900000642742,79.99900000642742,-12.0,0.09919169298074883,0.29896564649731716,0.13839808767574233,0.20038048212721063,14.713059373288564,4.398352578427991,2.0405398942586164,65.50700140956151
32,79.99900000642742,79.99900000642742,-12.0,0.13186159691129085,0.2975069064347402,0.19431981207971016,0.16383062632230272,7.0921059625945775,4.486595615677146,5.363779215696752,68.19977437019422
32,79.99900000642742,79.99900000642742,-12.0,0.12281525410801356,0.2975058028752019,0.14711599497029867,0.14020878288492997,17.12406463352904,5.157152749730399,33.68921425540216,78.48829874202576
32,79.99900000642742,79.99900000642742,-12.0,0.13213936949054098,0.2935829948310357,0.12575955391364743,0.1321783448232558,10.381969393516819,9.255148137423083,89.49602665547957,104.12781819216883
32,79.99900000642742,79.99900000642742,-12.0,0.1373235878715838,0.263473864470984,0.28918623046880965,0.1661318856363642,15.224109050513311,9.519868923181035,1.1367087655830108,114.08094364181314
33,6416.9681188596,0.0,-12.0,0.13233439804615807,0.3056309328928929,0.1012927960098988,0.6319421866534385,67.11606745109523,237.89829507669222,44.065107583355854,94.1207925125488
33,6416.9681188596,0.0,-12.0,0.13233439804615807,0.306240603667749,0.1012927960098988,0.6319421866534385,67.11606745109523,237.89829507669222,44.065107583355854,94.1207925125488
33,79.99900000642742,79.99900000642742,-12.0,0.13146559550588727,0.3043827411875798,0.15155902666764806,0.14153602648198538,10.295752699838397,11.821060374292982,4.635874627588549,157.1790994745972
33,79.99900000642742,79.99900000642742,-12.0,0.1314609666511186,0.3065997078677285,0.1249669734601143,0.19861918179321036,9.21566698712013,4.34932577773235,95.71435970673,117.20840506215882
33,79.99900000642742,79.99900000642742,-12.0,0.1333303288467944,0.25783004472551835,0.18231153123562246,0.16663593391269377,13.43001003769575,3.2650777748228688,95.65079325059789,106.72831633991757
33,79.99900000642742,79.99900000642742,-12.0,0.13196457770344958,0.29701227257410107,0.3093027071976996,0.13261714943013625,10.17929949364763,11.83213895568795,3.5930741345286066,100.85282786569988
33,79.99900000642742,79.99900000642742,-12.0,0.13409357443865572,0.28314397426830495,0.1130264153468866,0.16675289828657405,10.19538755826343,9.255148137423083,85.49878709338503,104.12781819216883
33,79.99900000642742,79.99900000642742,-12.0,0.12762031479416527,0.2982779070438422,0.2752599342477106,0.17622473485835727,14.30426412356465,29.450521259371932,13.487182073948343,132.51031415813404
33,79.99900000642742,79.99900000642742,-12.0,0.13076047156115422,0.25783004472551835,0.18231153123562246,0.16263086753837167,13.46698033989347,3.2650777748228688,95.71816247631284,106.72831633991757
33,79.99900000642742,79.99900000642742,-12.0,0.13196457770344958,0.29701227257410107,0.3093027071976996,0.13258601680450124,10.17929949364763,11.582791317054172,3.1256052835299815,101.23718599896276
33,79.99900000642742,79.99900000642742,-12.0,0.1280010932480027,0.29827798448412574,0.274985819200332,0.16721592000425922,14.30426412356465,29.450521259371932,13.487182073948343,117.4750996756532
33,79.99900000642742,79.99900000642742,-12.0,0.13261865535781117,0.2974983453069031,0.1249669734601143,0.16691853812772559,3.096954550716747,4.094378041650627,95.71435970673,117.20840506215882
33,79.99900000642742,79.99900000642742,-12.0,0.09425099631434332,0.297519670807866,0.12157976370006263,0.1670666022284225,14.179956518839623,35.64985404310425,77.42929016953454,112.20762345902955
33,79.99900000642742,79.99900000642742,-12.0,0.12767969416068553,0.3043827411875798,0.12491663292115479,0.14268434926986623,10.295752699838397,11.821060374292982,4.13731868197328,157.1790994745972
33,79.99900000642742,79.99900000642742,-12.0,0.13261884331615165,0.29750375417948816,0.10469563704194418,0.16663824932265298,11.62465455214824,9.328609138372073,96.08648324921212,114.00525939798858
33,79.99900000642742,79.99900000642742,-12.0,0.1339194897602113,0.29756573845129786,0.14565046468183052,0.11804325284229139,11.62465455214824,26.933023114825122,5.421767806000667,113.9095006358387
33,79.99900000642742,79.99900000642742,-12.0,0.1314609666511186,0.3065997078677285,0.12496256655861986,0.1986595596545924,14.202036369491733,4.34932577773235,95.71435970673,112.24228993712094
33,79.99900000642742,79.99900000642742,-12.0,0.09919169298074883,0.29896564649731716,0.13839808767574233,0.20038048212721063,14.713059373288564,4.398352578427991,2.0405398942586164,65.50700140956151
33,79.99900000642742,79.99900000642742,-12.0,0.10066558198868153,0.2985410743162151,0.12190175365443601,0.1670666022284225,3.9267918937833945,34.95843074488727,77.42929016953454,112.20762345902955
33,79.99900000642742,79.99900000642742,-12.0,0.1339357919670718,0.2976231932240986,0.32342890799116414,0.13515888435167014,10.173486065977784,11.138187679552695,5.421767806000667,119.91520691411455
33,79.99900000642742,79.99900000642742,-12.0,0.14719393021783528,0.2981671575250768,0.2949858665070988,0.13707483045136493,10.372717661322737,9.60423473584169,6.3788851312266885,104.69447940187925
33,79.99900000642742,79.99900000642742,-12.0,0.12281525410801356,0.2975058028752019,0.14711599497029867,0.14020878288492997,17.12406463352904,5.157152749730399,33.68921425540216,78.48829874202576
33,79.99900000642742,79.99900000642742,-12.0,0.09425099631434332,0.297519670807866,0.08418855441272095,0.16702622436704054,12.342962997087444,35.64985404310425,77.42929016953454,117.17373858406742
33,79.99900000642742,79.99900000642742,-12.0,0.12768433488118813,0.3043827411875798,0.30301589130331075,0.12978688186877438,14.119482648979854,30.069321069572588,4.13731868197328,156.99099464548897
33,79.99900000642742,79.99900000642742,-12.0,0.12904071338581458,0.2935829948310357,0.1368664086854011,0.1321783448232558,10.381969393516819,9.255148137423083,89.48234164861248,99.71246806689558
33,79.99900000642742,79.99900000642742,-12.0,0.12797520312604818,0.2841002786110772,0.28227955261555354,0.1661318856363642,10.265083894661664,9.519868923181035,14.4589761693358,114.08094364181314
33,79.99900000642742,79.99900000642742,-12.0,0.11345166835259002,0.29743330499794063,0.12217093506134083,0.16691853812772559,0.7854956405816063,4.040341152509177,95.66269902947892,116.78515634017272
33,79.99900000642742,79.99900000642742,-12.0,0.13213936949054098,0.2838017413844561,0.19018546063165548,0.1666725199413375,10.381969393516819,9.255148137423083,85.49878709338503,104.12781819216883
33,79.99900000642742,79.99900000642742,-12.0,0.13240896076886438,0.29750334884070995,0.28934704658215965,0.13162525241112866,17.141632595493746,4.705173216597,13.46849082108556,66.27243085160205
33,79.99900000642742,79.99900000642742,-12.0,0.09942959412398367,0.2892116472536366,0.2907751147709183,0.13235847048336435,10.414859877745084,25.660698378280937,8.42490553354144,102.02898938827576
33,79.99900000642742,79.99900000642742,-12.0,0.1327858384277423,0.2975180479029804,0.15076378835724802,0.16469766972389818,11.62465455214824,27.28857936118377,75.54486715860494,114.00525939798858
33,79.99900000642742,79.99900000642742,-12.0,0.13213936949054098,0.2935829948310357,0.19018546063165548,0.1321783448232558,10.381969393516819,9.255148137423083,89.49602665547957,104.12781819216883
33,79.99900000642742,79.99900000642742,-12.0,0.1334940078293323,0.2534953847558499,0.1816455883440242,0.16663593391269377,14.005999610747681,5.141695897129137,95.65079325059789,106.72831633991757
33,79.99900000642742,79.99900000642742,-12.0,0.09838047396698815,0.2989370984948515,0.0947568321485352,0.13232573392228011,10.317462417652418,5.9420851939841395,1.802872015341737,51.77232676676798
33,79.99900000642742,79.99900000642742,-12.0,0.10049697519750049,0.2985597295113449,0.19578050341998035,0.15908104061468123,3.6281778586509965,4.486595615677146,5.363779215696752,68.19977437019422
33,79.99900000642742,79.99900000642742,-12.0,0.12265157512547564,0.3019948355754285,0.1477819378619033,0.16663593391269377,13.420039137725643,3.2805346274253546,26.88003058785591,66.35321898794214
33,79.99900000642742,79.99900000642742,-12.0,0.12797520312604818,0.29753743807362687,0.28892942250210724,0.1661318856363642,10.265083894661664,4.636189462547598,14.4589761693358,114.08094364181314
33,79.99900000642742,79.99900000642742,-12.0,0.1320833361364944,0.29494787557860874,0.09715473847491357,0.13232573392228011,10.317462417652418,5.918493116841972,6.0320661800629995,93.97420276251503
33,79.99900000642742,79.99900000642742,-12.0,0.12912626625458865,0.2935829948310357,0.14198226408225956,0.1321783448232558,10.309187597583671,20.328864925119113,90.70692857076027,104.2420068997737
33,79.99900000642742,79.99900000642742,-12.0,0.1275182428898004,0.29827798448412574,0.30999198001873873,0.13281160805842143,14.30426412356465,29.450521259371932,96.0264667899412,136.82964904751952
33,79.99900000642742,79.99900000642742,-12.0,0.16587713984272529,0.2833405463009597,0.2853388803625567,0.16544581081073467,14.211013437905324,13.019612115749263,6.010902309885264,65.83756576661798
33,79.99900000642742,79.99900000642742,-12.0,0.13159108537804373,0.28949260560955337,0.11654892059432927,0.19905255842796069,3.126951292979859,2.087107251647731,13.151379334881199,94.9805666043644
33,79.99900000642742,79.99900000642742,-12.0,0.12757928828690449,0.2981671575250768,0.298041446468188,0.13707483045136493,10.299935865389589,9.60423473584169,6.952751015986459,104.69447940187925
33,79.99900000642742,79.99900000642742,-12.0,0.13225871493874797,0.2935829948310357,0.1922453995422864,0.1321783448232558,10.381969393516819,9.255148137423083,89.96879679984167,104.2420068997737
33,79.99900000642742,79.99900000642742,-12.0,0.1291600588340216,0.2935829948310357,0.13892634757016017,0.1321783448232558,10.381969393516819,9.255148137423083,89.95511179297458,104.2420068997737
33,79.99900000642742,79.99900000642742,-12.0,0.13186159691129085,0.2975069064347402,0.19431981207971016,0.16383062632230272,7.0921059625945775,4.486595615677146,5.363779215696752,68.19977437019422
33,79.99900000642742,79.99900000642742,-12.0,0.11176415810332858,0.2889846287142577,0.11654892059432927,0.19905255842796069,0.8154791092844205,2.033070361685202,18.19744594986163,94.5573178823783
33,79.99900000642742,79.99900000642742,-12.0,0.12719028360456713,0.29855558760161227,0.10710577508972158,0.15365333604706424,18.4018353780702,3.9220362623484153,14.406211830730854,66.315546890288
34,79.99900000642742,79.99900000642742,-12.0,0.09881380758761595,0.29748029204947807,0.08611708394006903,0.200685849958435,12.226693816627996,4.1813423362671145,2.0405398942586164,66.68171719281635
34,6416.9681188596,0.0,-12.0,0.13233439804615807,0.3056309328928929,0.1012927960098988,0.6319421866534385,67.11606745109523,237.89829507669222,44.065107583355854,94.1207925125488
34,6416.9681188596,0.0,-12.0,0.13233439804615807,0.306240603667749,0.1012927960098988,0.6319421866534385,67.11606745109523,237.89829507669222,44.065107583355854,94.1207925125488
34,79.99900000642742,79.99900000642742,-12.0,0.13146559550588727,0.3043827411875798,0.15155902666764806,0.14153602648198538,10.295752699838397,11.821060374292982,4.635874627588549,157.1790994745972
34,79.99900000642742,79.99900000642742,-12.0,0.13154770698066284,0.23446764156637612,0.1477819378619033,0.16663593391269377,9.127574560294127,4.450523390822766,26.88003058785591,66.35321898794214
34,79.99900000642742,79.99900000642742,-12.0,0.1320833361364944,0.29494787557860874,0.09715473847491357,0.13232573392228011,10.317462417652418,5.918493116841972,6.0320661800629995,93.97420276251503
34,79.99900000642742,79.99900000642742,-12.0,0.13240896076886438,0.2973231969824122,0.28934704658215965,0.13162525241112866,17.141632595493746,4.451393323528303,13.46849082108556,65.80007647002385
34,79.99900000642742,79.99900000642742,-12.0,0.10049697519750049,0.2985597295113449,0.19578050341998035,0.19980354139248135,14.123914236676413,4.486595615677146,5.407506645140856,68.41781888458478
34,79.99900000642742,79.99900000642742,-12.0,0.14952771633154913,0.34120809855616047,0.15149356424625304,0.13449146837508796,10.296461544837873,11.821060374292982,4.635874627588549,157.1790994745972
34,79.99900000642742,79.99900000642742,-12.0,0.1314609666511186,0.3065997078677285,0.1249669734601143,0.19861918179321036,9.21566698712013,4.34932577773235,95.71435970673,117.20840506215882
34,79.99900000642742,79.99900000642742,-12.0,0.12904071338581458,0.2935829948310357,0.1368664086854011,0.1321783448232558,10.381969393516819,9.255148137423083,89.48234164861248,99.71246806689558
34,79.99900000642742,79.99900000642742,-12.0,0.11176415810332858,0.2889846287142577,0.11654892059432927,0.19905255842796069,0.8154791092844205,2.033070361685202,18.19744594986163,94.5573178823783
34,79.99900000642742,79.99900000642742,-12.0,0.16587713984272529,0.34803036506280466,0.2853388803625567,0.16544581081073467,14.211013437905324,11.217588255897297,6.010902309885264,64.52574379754459
34,79.99900000642742,79.99900000642742,-12.0,0.13225871493874797,0.2935829948310357,0.1922453995422864,0.1321783448232558,10.381969393516819,9.255148137423083,89.96879679984167,104.2420068997737
34,79.99900000642742,79.99900000642742,-12.0,0.12797520312604818,0.2841002786110772,0.28227955261555354,0.1661318856363642,10.265083894661664,9.519868923181035,14.4589761693358,114.08094364181314
34,79.99900000642742,79.99900000642742,-12.0,0.13409357443865572,0.28315041334384233,0.10936492926565654,0.16545687036114187,14.181928031799314,13.246370399249377,14.11872187126422,65.16326287830911
34,79.99900000642742,79.99900000642742,-12.0,0.13198174174965063,0.2989033640210343,0.311171544484518,0.13546363688559646,10.17929949364763,20.140855046370582,93.37051659658633,104.22855652990363
34,79.99900000642742,79.99900000642742,-12.0,0.1280010932480027,0.29827798448412574,0.274985819200332,0.16721592000425922,14.30426412356465,29.450521259371932,13.487182073948343,117.4750996756532
34,79.99900000642742,79.99900000642742,-12.0,0.16587713984272529,0.28333410722542224,0.28044391996575624,0.16674183873616688,10.22447296436946,9.028389853923299,82.97847176033335,107.27523694590384
34,79.99900000642742,79.99900000642742,-12.0,0.13159108537804373,0.28949260560955337,0.11654892059432927,0.19905255842796069,3.126951292979859,2.087107251647731,13.151379334881199,94.9805666043644
34,79.99900000642742,79.99900000642742,-12.0,0.1290168643870218,0.29347861358313415,0.32342890799116414,0.13229230492875446,10.173486065977784,9.255656973113568,85.92217619241336,119.91520691411455
34,79.99900000642742,79.99900000642742,-12.0,0.13076047156115422,0.25783004472551835,0.18231153123562246,0.16263086753837167,13.46698033989347,3.2650777748228688,95.71816247631284,106.72831633991757
34,79.99900000642742,79.99900000642742,-12.0,0.1327858384277423,0.2975180479029804,0.15076378835724802,0.16469766972389818,11.62465455214824,27.28857936118377,75.54486715860494,114.00525939798858
34,79.99900000642742,79.99900000642742,-12.0,0.09425099631434332,0.33236185220068526,0.08418855441272095,0.16702622436704054,12.342962997087444,35.64985404310425,77.42929016953454,117.17373858406742
34,79.99900000642742,79.99900000642742,-12.0,0.1314609666511186,0.3065997078677285,0.12496256655861986,0.1986595596545924,5.618650269192244,4.34932577773235,96.64362183567927,112.24228993712094
34,79.99900000642742,79.99900000642742,-12.0,0.12757928828690449,0.2981671575250768,0.298041446468188,0.13707483045136493,10.299935865389589,9.60423473584169,6.952751015986459,104.69447940187925
34,79.99900000642742,79.99900000642742,-12.0,0.1333303288467944,0.25783004472551835,0.18104752888763254,0.16675273395392004,13.43001003769575,8.832827814539357,95.65079325059789,106.72831633991757
34,79.99900000642742,79.99900000642742,-12.0,0.1291600588340216,0.2935829948310357,0.13892634757016017,0.1321783448232558,10.381969393516819,9.255148137423083,89.95511179297458,104.2420068997737
34,79.99900000642742,79.99900000642742,-12.0,0.12762031479416527,0.2982779070438422,0.2752599342477106,0.17622473485835727,14.30426412356465,29.450521259371932,13.487182073948343,132.51031415813404
34,79.99900000642742,79.99900000642742,-12.0,0.13213936949054098,0.2935829948310357,0.19018546063165548,0.1321783448232558,10.381969393516819,9.255148137423083,89.49602665547957,104.12781819216883
34,79.99900000642742,79.99900000642742,-12.0,0.12768433488118813,0.3043827411875798,0.30301589130331075,0.12978688186877438,14.119482648979854,30.069321069572588,4.13731868197328,156.99099464548897
34,79.99900000642742,79.99900000642742,-12.0,0.09919169298074883,0.29896564649731716,0.13839808767574233,0.20038048212721063,14.713059373288564,4.398352578427991,2.0405398942586164,65.50700140956151
34,79.99900000642742,79.99900000642742,-12.0,0.13261865535781117,0.2974983453069031,0.1249669734601143,0.16691853812772559,3.096954550716747,4.094378041650627,95.71435970673,117.20840506215882
34,79.99900000642742,79.99900000642742,-12.0,0.10066558198868153,0.2985410743162151,0.12490504976460404,0.1659310348010187,3.918101115230145,34.95843074488727,95.34751083953138,112.20762345902955
34,79.99900000642742,79.99900000642742,-12.0,0.1334940078293323,0.2534953847558499,0.1816455883440242,0.16663593391269377,14.005999610747681,5.141695897129137,95.65079325059789,106.72831633991757
34,79.99900000642742,79.99900000642742,-12.0,0.09425099631434332,0.297519670807866,0.08418855441272095,0.16702622436704054,12.342962997087444,35.64985404310425,77.42929016953454,117.17373858406742
34,79.99900000642742,79.99900000642742,-12.0,0.1314609666511186,0.3065997078677285,0.12496256655861986,0.1986595596545924,14.202036369491733,4.34932577773235,95.71435970673,112.24228993712094
34,79.99900000642742,79.99900000642742,-12.0,0.13409357443865572,0.28314397426830495,0.11429044091399163,0.1666360982453478,10.19538755826343,3.6873987035474842,85.49878709338503,104.12781819216883
34,79.99900000642742,79.99900000642742,-12.0,0.12256483479593142,0.30230181007814977,0.10043777302344427,0.19861918179321036,13.508131564552041,3.179337014334952,95.71435970673,117.20840506215882
34,79.99900000642742,79.99900000642742,-12.0,0.1334940078293323,0.2983391346477342,0.1811167748608289,0.16663593391269377,13.825034286543838,5.141695897129137,100.22363461681834,107.01618837922115
34,79.99900000642742,79.99900000642742,-12.0,0.12797520312604818,0.29753743807362687,0.28892942250210724,0.1661318856363642,10.265083894661664,4.636189462547598,14.4589761693358,114.08094364181314
34,79.99900000642742,79.99900000642742,-12.0,0.1619247672465204,0.3065997078677285,0.12196367734994629,0.19975474922061442,0.345514358321072,4.34932577773235,77.79613903673315,117.20840506215882
34,79.99900000642742,79.99900000642742,-12.0,0.12763434511970653,0.2982779070438422,0.09504643002133478,0.17622473485835727,14.30426412356465,29.450521259371932,45.22196289951498,132.51031415813404
34,79.99900000642742,79.99900000642742,-12.0,0.13196457770344958,0.29701227257410107,0.3093027071976996,0.13258601680450124,10.17929949364763,11.582791317054172,3.1256052835299815,101.23718599896276
34,79.99900000642742,79.99900000642742,-12.0,0.13146559550588727,0.3051028368068677,0.15094141448792622,0.16807102724098452,10.295752699838397,11.821060374292982,4.635874627588549,157.1790994745972
34,79.99900000642742,79.99900000642742,-12.0,0.11120566052691566,0.2889846287142577,0.11654892059432927,0.20338333653130827,0.5823109830017632,2.033070361685202,13.474712109219585,67.34941919275091
34,79.99900000642742,79.99900000642742,-12.0,0.13186159691129085,0.2975069064347402,0.19431981207971016,0.16383062632230272,7.0921059625945775,4.486595615677146,5.363779215696752,68.19977437019422
34,79.99900000642742,79.99900000642742,-12.0,0.13240896076886438,0.29750334884070995,0.28934704658215965,0.13162525241112866,17.141632595493746,4.705173216597,13.46849082108556,66.27243085160205
35,6416.9681188596,0.0,-12.0,0.13233439804615807,0.3056309328928929,0.1012927960098988,0.6319421866534385,67.11606745109523,237.89829507669222,44.065107583355854,94.1207925125488
35,79.99900000642742,79.99900000642742,-12.0,0.09881380758761595,0.29748029204947807,0.08611708394006903,0.200685849958435,12.226693816627996,4.1813423362671145,2.0405398942586164,66.68171719281635
35,6416.9681188596,0.0,-12.0,0.13213410768189243,0.2942242218520786,0.1012927960098988,0.6319421866534385,67.11606745109523,237.89829507669222,43.35160940274547,103.85293377902495
35,79.99900000642742,79.99900000642742,-12.0,0.12399524843882963,0.2975151931634263,0.2845665374376978,0.1316161068017403,10.381969393516819,9.255148137423083,88.89039018157067,104.2420068997737
35,79.99900000642742,79.99900000642742,-12.0,0.1323235550834469,0.2974983453069031,0.1249669734601143,0.20095894520561192,3.096954550716747,5.621862387991854,79.02398786665628,116.36274019032672
35,79.99900000642742,79.99900000642742,-12.0,0.13186159691129085,0.2975069064347402,0.19431981207971016,0.16383062632230272,7.0921059625945775,4.486595615677146,5.363779215696752,68.19977437019422
35,79.99900000642742,79.99900000642742,-12.0,0.12768433488118813,0.3043827411875798,0.30301589130331075,0.12978688186877438,14.119482648979854,30.069321069572588,4.13731868197328,156.99099464548897
35,79.99900000642742,79.99900000642742,-12.0,0.12762031479416527,0.2982779070438422,0.2752599342477106,0.17622473485835727,14.30426412356465,29.450521259371932,13.487182073948343,132.51031415813404
35,79.99900000642742,79.99900000642742,-12.0,0.13409357443865572,0.2829458791246654,0.2850517105183377,0.16545687036114187,13.802923379073592,4.321583033734465,14.11872187126422,65.15463118738887
35,79.99900000642742,79.99900000642742,-12.0,0.13240896076886438,0.2977078830598868,0.11262275206682755,0.13162525241112866,17.099907195255444,13.629967523804144,13.46849082108556,66.2810625425223
35,79.99900000642742,79.99900000642742,-12.0,0.1619247672465204,0.3065997078677285,0.12196367734994629,0.19975474922061442,0.345514358321072,4.34932577773235,77.79613903673315,117.20840506215882
35,79.99900000642742,79.99900000642742,-12.0,0.1280010932480027,0.29701643881700407,0.274985819200332,0.16721592000425922,12.819196209451524,28.772837260183294,13.3024911294866,117.66611051964745
35,79.99900000642742,79.99900000642742,-12.0,0.09425099631434332,0.33236185220068526,0.08418855441272095,0.16702622436704054,12.342962997087444,35.64985404310425,77.42929016953454,117.17373858406742
35,79.99900000642742,79.99900000642742,-12.0,0.13240896076886438,0.2973231969824122,0.28934704658215965,0.13162525241112866,17.141632595493746,4.451393323528303,13.46849082108556,65.80007647002385
35,79.99900000642742,79.99900000642742,-12.0,0.10049697519750049,0.2985597295113449,0.19578050341998035,0.19980354139248135,14.123914236676413,4.486595615677146,5.407506645140856,68.41781888458478
35,79.99900000642742,79.99900000642742,-12.0,0.13154770698066284,0.23446764156637612,0.1477819378619033,0.16663593391269377,9.127574560294127,4.450523390822766,26.88003058785591,66.35321898794214
35,79.99900000642742,79.99900000642742,-12.0,0.1333303288467944,0.25783004472551835,0.18104752888763254,0.16675273395392004,13.43001003769575,8.832827814539357,95.65079325059789,106.72831633991757
35,79.99900000642742,79.99900000642742,-12.0,0.16587713984272529,0.34803036506280466,0.2853388803625567,0.16544581081073467,14.211013437905324,11.217588255897297,6.010902309885264,64.52574379754459
35,79.99900000642742,79.99900000642742,-12.0,0.1280403074524838,0.2842416133932262,0.09715473847491357,0.13232573392228011,10.317462417652418,9.423949739515782,6.0320661800629995,114.21227631703391
35,79.99900000642742,79.99900000642742,-12.0,0.15978329565933605,0.2889846287142577,0.11654892059432927,0.19905255842796069,0.8154791092844205,2.033070361685202,6.073823075817803,94.5573178823783
35,79.99900000642742,79.99900000642742,-12.0,0.09425099631434332,0.297519670807866,0.08418855441272095,0.16702622436704054,12.342962997087444,35.64985404310425,77.42929016953454,117.17373858406742
35,79.99900000642742,79.99900000642742,-12.0,0.13409357443865572,0.28315041334384233,0.10936492926565654,0.16545687036114187,14.181928031799314,13.246370399249377,14.11872187126422,65.16326287830911
35,79.99900000642742,79.99900000642742,-12.0,0.11176415810332858,0.2889846287142577,0.11654892059432927,0.19905255842796069,0.8154791092844205,2.033070361685202,18.19744594986163,94.5573178823783
35,79.99900000642742,79.99900000642742,-12.0,0.12797520312604818,0.29753743807362687,0.28892942250210724,0.1661318856363642,10.265083894661664,4.636189462547598,14.4589761693358,114.08094364181314
35,79.99900000642742,79.99900000642742,-12.0,0.09919169298074883,0.29896564649731716,0.13839808767574233,0.2890109005142563,14.713059373288564,4.580962385757839,2.0405398942586164,119.01232123070743
35,79.99900000642742,79.99900000642742,-12.0,0.17112866717398856,0.2985597295113449,0.19578050341998035,0.19980354139248135,10.184528050622012,4.486595615677146,5.407506645140856,68.41781888458478
35,79.99900000642742,79.99900000642742,-12.0,0.13213936949054098,0.2935829948310357,0.19018546063165548,0.1321783448232558,10.381969393516819,9.255148137423083,89.49602665547957,104.12781819216883
35,79.99900000642742,79.99900000642742,-12.0,0.14952771633154913,0.34120809855616047,0.15149356424625304,0.1104173259352777,10.296461544837873,11.585521350415846,4.635874627588549,103.91993283552515
35,79.99900000642742,79.99900000642742,-12.0,0.13198174174965063,0.2989033640210343,0.311171544484518,0.13546363688559646,10.17929949364763,20.140855046370582,93.37051659658633,104.22855652990363
35,79.99900000642742,79.99900000642742,-12.0,0.10942427038222735,0.3065997078677285,0.1448360328411098,0.19975474922061442,0.345514358321072,4.34932577773235,80.24360127593255,117.20840506215882
35,79.99900000642742,79.99900000642742,-12.0,0.1314609666511186,0.3065997078677285,0.12496256655861986,0.1986595596545924,5.618650269192244,4.34932577773235,96.64362183567927,112.24228993712094
35,79.99900000642742,79.99900000642742,-12.0,0.13146559550588727,0.3043827411875798,0.15155902666764806,0.14153602648198538,10.295752699838397,11.821060374292982,4.635874627588549,157.1790994745972
35,79.99900000642742,79.99900000642742,-12.0,0.09731493670666462,0.28314397426830495,0.11464965245463711,0.16673636076524476,13.910969496611768,29.083895526941596,11.092485838340004,127.80778344572637
35,79.99900000642742,79.99900000642742,-12.0,0.13237077926495144,0.2973231969824122,0.28934704658215965,0.1326447860627408,10.092146093169763,4.451393323528303,13.46849082108556,65.80007647002385
35,79.99900000642742,79.99900000642742,-12.0,0.09919169298074883,0.29896564649731716,0.13839808767574233,0.20038048212721063,14.713059373288564,4.398352578427991,2.0405398942586164,65.50700140956151
35,79.99900000642742,79.99900000642742,-12.0,0.13225871493874797,0.2935829948310357,0.1922453995422864,0.1321783448232558,10.381969393516819,9.255148137423083,89.96879679984167,104.2420068997737
35,79.99900000642742,79.99900000642742,-12.0,0.09425099631434332,0.33236185220068526,0.08418855441272095,0.1687499882163241,12.342962997087444,35.47641447052173,77.42929016953454,65.14166755878011
35,79.99900000642742,79.99900000642742,-12.0,0.1327054736200439,0.25783004472551835,0.13508176194027732,0.16465478213346468,13.43001003769575,7.674066432929502,76.24680879317094,114.58452665656276
35,79.99900000642742,79.99900000642742,-12.0,0.1334106936544928,0.2975180479029804,0.17993383977291164,0.12398659842154029,11.62465455214824,28.44742668751615,94.9488516160319,106.1490490813434
35,79.99900000642742,79.99900000642742,-12.0,0.13146559550588727,0.3051028368068677,0.15094141448792622,0.16807102724098452,10.295752699838397,11.821060374292982,4.635874627588549,157.1790994745972
35,79.99900000642742,79.99900000642742,-12.0,0.13357465398304477,0.2957015805338177,0.19447955538865772,0.16663593391269377,14.005999610747681,4.4702167448781305,95.65079325059789,106.72831633991757
35,79.99900000642742,79.99900000642742,-12.0,0.1314609666511186,0.3065997078677285,0.1249669734601143,0.2298631476139062,9.21566698712013,0.2980526988974175,95.71435970673,117.20840506215882
35,79.99900000642742,79.99900000642742,-12.0,0.1334940078293323,0.2983391346477342,0.1811167748608289,0.16663593391269377,13.825034286543838,5.141695897129137,100.22363461681834,107.01618837922115
35,79.99900000642742,79.99900000642742,-12.0,0.09636025658386638,0.3043827411875798,0.15155902666764806,0.14051649283037324,17.345239202265713,11.821060374292982,4.635874627588549,157.1790994745972
35,79.99900000642742,79.99900000642742,-12.0,0.13240896076886438,0.29750334884070995,0.28934704658215965,0.13162525241112866,17.141632595493746,4.705173216597,13.46849082108556,66.27243085160205
35,79.99900000642742,79.99900000642742,-12.0,0.1327858384277423,0.2975180479029804,0.15076378835724802,0.16469766972389818,11.62465455214824,27.28857936118377,75.54486715860494,114.00525939798858
35,79.99900000642742,79.99900000642742,-12.0,0.1291600588340216,0.2935829948310357,0.13892634757016017,0.1321783448232558,10.381969393516819,9.255148137423083,89.95511179297458,104.2420068997737
35,79.99900000642742,79.99900000642742,-12.0,0.12757928828690449,0.2981671575250768,0.298041446468188,0.13707483045136493,10.299935865389589,9.60423473584169,6.952751015986459,104.69447940187925
36,6416.9681188596,0.0,-12.0,0.13233439804615807,0.3056309328928929,0.1012927960098988,0.6319421866534385,67.11606745109523,237.89829507669222,44.065107583355854,94.1207925125488
36,79.99900000642742,79.99900000642742,-12.0,0.09881380758761595,0.29748029204947807,0.08611708394006903,0.200685849958435,12.226693816627996,4.1813423362671145,2.0405398942586164,66.68171719281635
36,6416.9681188596,0.0,-12.0,0.13213410768189243,0.2942242218520786,0.1012927960098988,0.6319421866534385,67.11606745109523,237.89829507669222,43.35160940274547,103.85293377902495
36,79.99900000642742,79.99900000642742,-12.0,0.12757928828690449,0.29817439531024503,0.298041446468188,0.20705002396329025,12.17473985615332,9.783155457864796,2.231232459417869,104.69447940187925
36,79.99900000642742,79.99900000642742,-12.0,0.13104217662122203,0.29921539970926514,0.14342928275438582,0.16664929606786094,10.265083894661664,4.636189462547598,27.010218672510515,114.08094364181314
36,79.99900000642742,79.99900000642742,-12.0,0.13409357443865572,0.2829458791246654,0.2850517105183377,0.16545687036114187,13.802923379073592,4.321583033734465,14.11872187126422,65.15463118738887
36,79.99900000642742,79.99900000642742,-12.0,0.13357465398304477,0.2957015805338177,0.19447955538865772,0.16663593391269377,14.005999610747681,4.4702167448781305,95.65079325059789,106.72831633991757
36,79.99900000642742,79.99900000642742,-12.0,0.1323235550834469,0.2974983453069031,0.1249669734601143,0.20095894520561192,3.096954550716747,5.621862387991854,79.02398786665628,116.36274019032672
36,79.99900000642742,79.99900000642742,-12.0,0.13198174174965063,0.2989033640210343,0.311171544484518,0.13546363688559646,10.17929949364763,20.140855046370582,93.37051659658633,104.22855652990363
36,79.99900000642742,79.99900000642742,-12.0,0.13225871493874797,0.2935829948310357,0.1922453995422864,0.1321783448232558,10.381969393516819,9.255148137423083,89.96879679984167,104.2420068997737
36,79.99900000642742,79.99900000642742,-12.0,0.12757928828690449,0.2981671575250768,0.298041446468188,0.13707483045136493,10.299935865389589,9.60423473584169,6.952751015986459,104.69447940187925
36,79.99900000642742,79.99900000642742,-12.0,0.11176415810332858,0.3123176758128075,0.11127302843257117,0.20930045122927754,0.8154791092844205,2.59762157727698,43.97231532174222,94.15058863773775
36,79.99900000642742,79.99900000642742,-12.0,0.1291600588340216,0.2935829948310357,0.13892634757016017,0.1321783448232558,10.381969393516819,9.255148137423083,89.95511179297458,104.2420068997737
36,79.99900000642742,79.99900000642742,-12.0,0.13240896076886438,0.29750334884070995,0.28934704658215965,0.13162525241112866,17.141632595493746,4.705173216597,13.46849082108556,66.27243085160205
36,79.99900000642742,79.99900000642742,-12.0,0.13240896076886438,0.29360918052172263,0.129260632966408,0.13162525241112866,8.186111968796501,9.282275578441773,13.46849082108556,105.39813360945732
36,79.99900000642742,79.99900000642742,-12.0,0.13237077926495144,0.2973231969824122,0.28934704658215965,0.1326447860627408,10.092146093169763,4.451393323528303,13.46849082108556,65.80007647002385
36,79.99900000642742,79.99900000642742,-12.0,0.13213936949054098,0.2935829948310357,0.19018546063165548,0.1321783448232558,10.66284349493353,10.144828941119176,88.71657937232459,104.12781819216883
36,79.99900000642742,79.99900000642742,-12.0,0.16587713984272529,0.34803036506280466,0.2853388803625567,0.16544581081073467,14.211013437905324,11.217588255897297,6.010902309885264,64.52574379754459
36,79.99900000642742,79.99900000642742,-12.0,0.1314609666511186,0.3065997078677285,0.1249669734601143,0.23787534227468624,9.21566698712013,0.2980526988974175,104.09551852239925,117.20840506215882
36,79.99900000642742,79.99900000642742,-12.0,0.1334940078293323,0.2983391346477342,0.1811167748608289,0.16663593391269377,13.825034286543838,5.141695897129137,100.22363461681834,107.01618837922115
36,79.99900000642742,79.99900000642742,-12.0,0.1327858384277423,0.2975180479029804,0.15076378835724802,0.16469766972389818,11.62465455214824,27.28857936118377,75.54486715860494,114.00525939798858
36,79.99900000642742,79.99900000642742,-12.0,0.09636025658386638,0.3043827411875798,0.15155902666764806,0.14051649283037324,17.345239202265713,11.821060374292982,4.635874627588549,157.1790994745972
36,79.99900000642742,79.99900000642742,-12.0,0.14940341742220795,0.3065997078677285,0.1448360328411098,0.18051632853607114,0.345514358321072,4.34932577773235,80.24360127593255,103.94574200445055
36,79.99900000642742,79.99900000642742,-12.0,0.10049697519750049,0.2985597295113449,0.19578050341998035,0.19980354139248135,14.123914236676413,4.486595615677146,5.407506645140856,68.41781888458478
36,79.99900000642742,79.99900000642742,-12.0,0.13154770698066284,0.23446764156637612,0.1477819378619033,0.16663593391269377,9.127574560294127,4.450523390822766,26.88003058785591,66.35321898794214
36,79.99900000642742,79.99900000642742,-12.0,0.1280010932480027,0.29701643881700407,0.274985819200332,0.16721592000425922,12.819196209451524,28.772837260183294,13.3024911294866,117.66611051964745
36,79.99900000642742,79.99900000642742,-12.0,0.09718541994876037,0.23446764156637612,0.1477819378619033,0.16663593391269377,9.127574560294127,4.450523390822766,26.88003058785591,66.35321898794214
36,79.99900000642742,79.99900000642742,-12.0,0.10942427038222735,0.3065997078677285,0.1448360328411098,0.19975474922061442,0.345514358321072,4.34932577773235,80.24360127593255,117.20840506215882
36,79.99900000642742,79.99900000642742,-12.0,0.09919169298074883,0.29896564649731716,0.13839808767574233,0.20038048212721063,14.713059373288564,4.398352578427991,2.0405398942586164,65.50700140956151
36,79.99900000642742,79.99900000642742,-12.0,0.13213936949054098,0.2925316539222149,0.19018546063165548,0.1321783448232558,10.393217074876981,4.57830142686162,11.3207995146722,80.72792862752044
36,79.99900000642742,79.99900000642742,-12.0,0.13240896076886438,0.2977078830598868,0.11262275206682755,0.13162525241112866,17.099907195255444,13.629967523804144,13.46849082108556,66.2810625425223
36,79.99900000642742,79.99900000642742,-12.0,0.1619247672465204,0.3065997078677285,0.12196367734994629,0.19975474922061442,0.345514358321072,4.34932577773235,77.79613903673315,117.20840506215882
36,79.99900000642742,79.99900000642742,-12.0,0.20653933497704557,0.2975069064347402,0.0881706154393498,0.15893501930510018,11.97328580914399,4.486595615677146,5.32271812571477,68.2566436166863
36,79.99900000642742,79.99900000642742,-12.0,0.1314609666511186,0.3065997078677285,0.12496256655861986,0.1986595596545924,5.618650269192244,4.34932577773235,96.64362183567927,112.24228993712094
36,79.99900000642742,79.99900000642742,-12.0,0.1663534096972788,0.29750334884070995,0.28934704658215965,0.13162525241112866,17.141632595493746,4.705173216597,20.862522300072435,65.78493194413737
36,79.99900000642742,79.99900000642742,-12.0,0.13240896076886438,0.2973231969824122,0.28934704658215965,0.13162525241112866,17.141632595493746,4.451393323528303,13.46849082108556,66.28757537748852
36,79.99900000642742,79.99900000642742,-12.0,0.16616801844152002,0.2975180479029804,0.15144288747670642,0.16469766972389818,11.62465455214824,3.1319385123405024,6.484520067649477,94.25943920965231
36,79.99900000642742,79.99900000642742,-12.0,0.12758116811884052,0.29702583852723835,0.274985819200332,0.16721592000425922,12.819196209451524,28.772837260183294,100.07491940067882,114.22227903091411
36,79.99900000642742,79.99900000642742,-12.0,0.17112866717398856,0.2985597295113449,0.19578050341998035,0.19980354139248135,10.184528050622012,4.486595615677146,5.407506645140856,68.41781888458478
36,79.99900000642742,79.99900000642742,-12.0,0.09919115686352034,0.2974175548188807,0.13839808767574233,0.20038280608973127,12.244225727397243,4.397274775508412,2.0405398942586164,66.6887647696275
36,79.99900000642742,79.99900000642742,-12.0,0.10295772286171424,0.33236185220068526,0.08418855441272095,0.16702622436704054,12.062088895670733,34.76025133077994,78.20873745268952,117.17373858406742
36,79.99900000642742,79.99900000642742,-12.0,0.13409357443865572,0.28315041334384233,0.10936492926565654,0.16545687036114187,14.181928031799314,13.246370399249377,14.11872187126422,65.16326287830911
36,79.99900000642742,79.99900000642742,-12.0,0.13409357443865572,0.2828523141439052,0.2850517105183377,0.16545687036114187,13.79167569771343,8.99842975068011,96.46974848343967,65.15463118738887
36,79.99900000642742,79.99900000642742,-12.0,0.09425099631434332,0.297519670807866,0.08418855441272095,0.16702622436704054,12.342962997087444,35.64985404310425,77.42929016953454,117.17373858406742
36,79.99900000642742,79.99900000642742,-12.0,0.13409357443865572,0.28315041334384233,0.10935084965587283,0.19929624975562202,0.9134503545579014,13.246370399249377,14.343531092501232,65.16326287830911
36,79.99900000642742,79.99900000642742,-12.0,0.09731493670666462,0.28314397426830495,0.11464965245463711,0.16673636076524476,13.910969496611768,29.083895526941596,11.092485838340004,127.80778344572637
36,79.99900000642742,79.99900000642742,-12.0,0.10954856962149415,0.34120809855616047,0.15149356424625304,0.1104173259352777,10.296461544837873,13.405360041986887,4.635874627588549,117.18259589323341
36,79.99900000642742,79.99900000642742,-12.0,0.09941177518793104,0.29748029204947807,0.1925742659745844,0.200685849958435,7.345513970123416,4.1813423362671145,2.0816011215622043,66.62484794632427
37,6416.9681188596,0.0,-12.0,0.13233439804615807,0.3056309328928929,0.1012927960098988,0.6319421866534385,67.11606745109523,237.89829507669222,44.065107583355854,94.1207925125488
37,79.99900000642742,79.99900000642742,-12.0,0.09881380758761595,0.29748029204947807,0.08611708394006903,0.200685849958435,12.226693816627996,4.1813423362671145,2.0405398942586164,66.68171719281635
37,6416.9681188596,0.0,-12.0,0.13213410768189243,0.2942242218520786,0.1012927960098988,0.6319421866534385,67.11606745109523,237.89829507669222,43.35160940274547,103.85293377902495
37,79.99900000642742,79.99900000642742,-12.0,0.09502243112974519,0.29878760646217306,0.28934704658215965,0.1326447860627408,9.548481681148191,3.748989281840446,13.46849082108556,68.46850952193981
37,79.99900000642742,79.99900000642742,-12.0,0.13158523743331937,0.23348282899574305,0.190267688133708,0.16663593391269377,13.749158008842738,4.470104274907008,26.88003058785591,62.2710943202949
37,79.99900000642742,79.99900000642742,-12.0,0.13225536363557863,0.29358267020059187,0.1922453995422864,0.1321783448232558,6.666231187436803,9.255148137423083,89.96879679984167,104.2420068997737
37,79.99900000642742,79.99900000642742,-12.0,0.13241231207203372,0.2936095051521665,0.129260632966408,0.13162525241112866,10.478056296244873,9.282275578441773,13.46849082108556,105.39813360945732
37,79.99900000642742,79.99900000642742,-12.0,0.13914814050920668,0.2975065806522308,0.28934704658215965,0.13942544787771155,16.947521651232485,4.70331476004972,13.306636753485762,66.67484881258895
37,79.99900000642742,79.99900000642742,-12.0,0.14940341742220795,0.3065997078677285,0.1448360328411098,0.18051632853607114,0.345514358321072,4.34932577773235,80.24360127593255,103.94574200445055
37,79.99900000642742,79.99900000642742,-12.0,0.09941177518793104,0.2974798121502406,0.19311130493374465,0.200685849958435,7.345513970123416,4.1813423362671145,14.744162229216107,136.63480324649393
37,79.99900000642742,79.99900000642742,-12.0,0.09919169298074883,0.29896564649731716,0.13839808767574233,0.20038048212721063,14.713059373288564,4.398352578427991,2.0405398942586164,65.50700140956151
37,79.99900000642742,79.99900000642742,-12.0,0.13240896076886438,0.2973231969824122,0.28783756056129634,0.13162525241112866,14.117218345450079,4.451393323528303,5.534813842983803,75.1319549748508
37,79.99900000642742,79.99900000642742,-12.0,0.10295772286171424,0.33236185220068526,0.08418855441272095,0.16702622436704054,12.062088895670733,34.76025133077994,78.20873745268952,117.17373858406742
37,79.99900000642742,79.99900000642742,-12.0,0.13240896076886438,0.2973231969824122,0.28934704658215965,0.13162525241112866,17.141632595493746,4.451393323528303,13.46849082108556,66.28757537748852
37,79.99900000642742,79.99900000642742,-12.0,0.13154770698066284,0.23446764156637612,0.1477819378619033,0.16663593391269377,9.127574560294127,4.450523390822766,26.88003058785591,66.35321898794214
37,79.99900000642742,79.99900000642742,-12.0,0.13154770698066284,0.28545603845148637,0.1477819378619033,0.1760427749920601,9.127574560294127,4.450523390822766,14.46683158151566,66.33325318621976
37,79.99900000642742,79.99900000642742,-12.0,0.13240896076886438,0.2977078830598868,0.11262275206682755,0.13162525241112866,17.099907195255444,13.629967523804144,13.46849082108556,66.2810625425223
37,79.99900000642742,79.99900000642742,-12.0,0.09718541994876037,0.2936031737469656,0.1477819378619033,0.13282987544391167,1.0210488262932866,4.450523390822766,26.88003058785591,66.35321898794214
37,79.99900000642742,79.99900000642742,-12.0,0.09425099631434332,0.297519670807866,0.08418855441272095,0.16702622436704054,12.342962997087444,35.64985404310425,77.42929016953454,117.17373858406742
37,79.99900000642742,79.99900000642742,-12.0,0.13104217662122203,0.29921539970926514,0.14342928275438582,0.16664929606786094,10.501310236063604,4.636189462547598,27.010218672510515,114.08094364181314
37,79.99900000642742,79.99900000642742,-12.0,0.09718541994876037,0.23446764156637612,0.1477819378619033,0.16663593391269377,9.107572149352642,4.450523390822766,26.88003058785591,67.11772819123784
37,79.99900000642742,79.99900000642742,-12.0,0.12757928828690449,0.2981671575250768,0.298041446468188,0.13707483045136493,10.319938276331072,9.60423473584169,6.952751015986459,103.92997019860691
37,79.99900000642742,79.99900000642742,-12.0,0.12757928828690449,0.2981671575250768,0.298041446468188,0.13707483045136493,10.299935865389589,9.60423473584169,6.952751015986459,104.69447940187925
37,79.99900000642742,79.99900000642742,-12.0,0.13104217662122203,0.29921539970926514,0.14342928275438582,0.16664929606786094,10.265083894661664,4.636189462547598,27.010218672510515,114.08094364181314
37,79.99900000642742,79.99900000642742,-12.0,0.13237077926495144,0.2973231969824122,0.28934704658215965,0.1326447860627408,10.092146093169763,4.451393323528303,13.46849082108556,65.80007647002385
37,79.99900000642742,79.99900000642742,-12.0,0.12752731508368098,0.29705890160471904,0.274985819200332,0.21653554756819574,12.819196209451524,8.744618701582624,89.86724169693012,104.16927396250244
37,79.99900000642742,79.99900000642742,-12.0,0.13353712353038824,0.2957015805338177,0.15199380511705918,0.16663593391269377,9.384416162200113,4.450635860793888,95.65079325059789,110.81044100972683
37,79.99900000642742,79.99900000642742,-12.0,0.13379657525070815,0.2975180479029804,0.10942504125119541,0.16469766972389818,0.5612725516876527,2.909487667791611,5.614812736255008,66.15433551267668
37,79.99900000642742,79.99900000642742,-12.0,0.1664650176295156,0.28315041334384233,0.1513686964421075,0.19929624975562202,12.052675219688432,13.46904155662104,15.21323963986097,93.26836657528538
37,79.99900000642742,79.99900000642742,-12.0,0.11176415810332858,0.3123176758128075,0.11832566642911732,0.20930045122927754,0.3312182165446076,2.59762157727698,43.97231532174222,94.15058863773775
37,79.99900000642742,79.99900000642742,-12.0,0.17112866717398856,0.2985597295113449,0.12390114653829365,0.20096709963881484,10.184528050622012,5.617246946821318,6.873735942855667,69.08813566609253
37,79.99900000642742,79.99900000642742,-12.0,0.13213936949054098,0.2925316539222149,0.19018546063165548,0.1321783448232558,10.393217074876981,4.57830142686162,11.3207995146722,80.72792862752044
37,79.99900000642742,79.99900000642742,-12.0,0.09555898105134514,0.3322993716281848,0.08403744522825501,0.16763614291664133,12.226693816627996,4.1813423362671145,2.481927750690275,66.68171719281635
37,79.99900000642742,79.99900000642742,-12.0,0.1323235550834469,0.2974983453069031,0.1249669734601143,0.20095894520561192,3.096954550716747,5.621862387991854,79.02398786665628,116.36274019032672
37,79.99900000642742,79.99900000642742,-12.0,0.10959441837139379,0.2976601389367373,0.1448360328411098,0.19975474922061442,0.345514358321072,3.826268246792541,80.24360127593255,117.20840506215882
37,79.99900000642742,79.99900000642742,-12.0,0.16436721888440706,0.2975180479029804,0.15144288747670642,0.16469766972389818,11.62465455214824,3.1319385123405024,6.484520067649477,94.25943920965231
37,79.99900000642742,79.99900000642742,-12.0,0.09718541994876037,0.23446764156637612,0.1477819378619033,0.16663593391269377,9.127574560294127,4.450523390822766,26.88003058785591,66.35321898794214
37,79.99900000642742,79.99900000642742,-12.0,0.1327858384277423,0.29751852780221794,0.15022674939815953,0.16469766972389818,11.62465455214824,27.28857936118377,75.54486715860494,68.13711153777679
37,79.99900000642742,79.99900000642742,-12.0,0.10942427038222735,0.3065997078677285,0.1448360328411098,0.19975474922061442,0.345514358321072,4.34932577773235,80.24360127593255,117.20840506215882
37,79.99900000642742,79.99900000642742,-12.0,0.12758116811884052,0.29702583852723835,0.274985819200332,0.16721592000425922,12.819196209451524,28.772837260183294,100.07491940067882,114.22227903091411
37,79.99900000642742,79.99900000642742,-12.0,0.13409357443865572,0.28315041334384233,0.10935084965587283,0.19929624975562202,0.9134503545579014,13.246370399249377,14.343531092501232,65.16326287830911
37,79.99900000642742,79.99900000642742,-12.0,0.17119583783002132,0.2975180479029804,0.15144289687334403,0.16469766972389818,11.62465455214824,13.634245681317353,6.484520067649477,94.25943920965231
37,79.99900000642742,79.99900000642742,-12.0,0.13297911466913082,0.2977078830598868,0.1393213184149078,0.20286821543416925,12.147643888383033,13.71088275175022,13.46849082108556,104.96522433510843
37,79.99900000642742,79.99900000642742,-12.0,0.10220441646585618,0.33236185220068526,0.26709753247110407,0.16702622436704054,12.062088895670733,34.76025133077994,70.16047224638498,117.17373858406742
37,79.99900000642742,79.99900000642742,-12.0,0.13198174174965063,0.2989033640210343,0.311171544484518,0.13546363688559646,10.17929949364763,20.140855046370582,93.37051659658633,104.22855652990363
37,79.99900000642742,79.99900000642742,-12.0,0.16587713984272529,0.34803036506280466,0.2853388803625567,0.16544581081073467,14.211013437905324,11.217588255897297,6.010902309885264,64.52574379754459
37,79.99900000642742,79.99900000642742,-12.0,0.09880871307910986,0.27918384323716144,0.08626819312453653,0.2000759314088343,12.062088895670733,34.76025133077994,78.35556328350127,117.17373858406742
37,79.99900000642742,79.99900000642742,-12.0,0.10704185922136095,0.2985597295113449,0.19578050341998035,0.19980354139248135,17.14832848672008,4.486595615677146,13.341183772494494,72.07221636735052
38,6416.9681188596,0.0,-12.0,0.13233439804615807,0.3056715017364437,0.1012927960098988,0.6319421866534385,67.11606745109523,237.89829507669222,44.065107583355854,94.58604719247694
38,79.99900000642742,79.99900000642742,-12.0,0.09881380758761595,0.29748029204947807,0.08611708394006903,0.200685849958435,12.226693816627996,4.1813423362671145,2.0405398942586164,66.68171719281635
38,79.99900000642742,79.99900000642742,-12.0,0.13353712353038824,0.2956610116902669,0.15199380511705918,0.16663593391269377,9.384416162200113,4.450635860793888,95.65079325059789,111.92062846646789
38,6416.9681188596,0.0,-12.0,0.13233439804615807,0.3056309328928929,0.1012927960098988,0.6319421866534385,67.11606745109523,237.89829507669222,44.065107583355854,94.1207925125488
38,79.99900000642742,79.99900000642742,-12.0,0.13059245865274996,0.23591561707045727,0.08403744522825501,0.1594039750473523,12.226693816627996,4.145749186303286,2.481927750690275,66.68171719281635
38,79.99900000642742,79.99900000642742,-12.0,0.1664650176295156,0.28315041334384233,0.1513686964421075,0.19929624975562202,12.052675219688432,13.46904155662104,15.21323963986097,93.26836657528538
38,79.99900000642742,79.99900000642742,-12.0,0.13198174174965063,0.2989033640210343,0.311171544484518,0.13546363688559646,10.17929949364763,20.140855046370582,93.37051659658633,104.22855652990363
38,79.99900000642742,79.99900000642742,-12.0,0.1631713793848031,0.2975180479029804,0.15855513985151087,0.1697916564366983,11.62465455214824,16.89323907987024,44.05953242392084,94.25943920965231
38,79.99900000642742,79.99900000642742,-12.0,0.09881380758761595,0.2992226830110148,0.08611708394006903,0.200685849958435,12.267776381256942,4.1813423362671145,27.69385902616292,64.96804416258912
38,79.99900000642742,79.99900000642742,-12.0,0.17112866717398856,0.2985597295113449,0.12390114653829365,0.20096709963881484,10.300570678123833,35.67362576928737,6.873735942855667,69.08813566609253
38,79.99900000642742,79.99900000642742,-12.0,0.09718541994876037,0.23446764156637612,0.14702738354456493,0.16663593391269377,9.127574560294127,4.450523390822766,28.4437319267393,66.35321898794214
38,79.99900000642742,79.99900000642742,-12.0,0.09718541994876037,0.2936031737469656,0.1477819378619033,0.13282987544391167,1.0210488262932866,4.450523390822766,26.88003058785591,66.35321898794214
38,79.99900000642742,79.99900000642742,-12.0,0.13104217662122203,0.3240455718133029,0.14342928275438582,0.16664929606786094,10.46022767143466,4.636189462547598,1.4811954543591987,115.79461667406807
38,79.99900000642742,79.99900000642742,-12.0,0.09828736301033004,0.3425111981805735,0.1477819378619033,0.1941211958597485,9.107572149352642,4.420601518007061,27.089091463408053,94.54343779240736
38,79.99900000642742,79.99900000642742,-12.0,0.11535108430034995,0.2957015805338177,0.11492700031046185,0.16663593391269377,9.384416162200113,4.450635860793888,16.704015086487757,67.87572512468753
38,79.99900000642742,79.99900000642742,-12.0,0.13379657525070815,0.2975180479029804,0.10942504125119541,0.16469766972389818,0.5612725516876527,2.909487667791611,5.614812736255008,66.15433551267668
38,79.99900000642742,79.99900000642742,-12.0,0.17112866717398856,0.2985597295113449,0.12390114653829365,0.20096709963881484,10.184528050622012,5.617246946821318,6.873735942855667,69.08813566609253
38,79.99900000642742,79.99900000642742,-12.0,0.09941177518793104,0.2974798121502406,0.19311130493374465,0.200685849958435,7.345513970123416,4.1813423362671145,14.744162229216107,136.63480324649393
38,79.99900000642742,79.99900000642742,-12.0,0.10956608940745449,0.29906151139025894,0.1448207671133045,0.19980860139697937,15.25940791299653,4.398352578427991,5.319184936133354,65.50700140956151
38,79.99900000642742,79.99900000642742,-12.0,0.13154770698066284,0.253034568276606,0.11805137930755746,0.1760427749920601,9.127574560294127,4.450523390822766,17.035845287759308,94.80845598003472
38,79.99900000642742,79.99900000642742,-12.0,0.16587713984272529,0.34803036506280466,0.2853388803625567,0.16544581081073467,14.211013437905324,11.217588255897297,6.010902309885264,64.52574379754459
38,79.99900000642742,79.99900000642742,-12.0,0.09718541994876037,0.23446764156637612,0.14747249306459903,0.16627724262383065,9.130278765289574,4.450523390822766,26.88003058785591,66.35321898794214
38,79.99900000642742,79.99900000642742,-12.0,0.17119583783002132,0.2975180479029804,0.15144289687334403,0.16469766972389818,11.62465455214824,13.634245681317353,6.484520067649477,94.25943920965231
38,79.99900000642742,79.99900000642742,-12.0,0.10942427038222735,0.28678528159882055,0.1448360328411098,0.19975474922061442,0.345514358321072,2.4205326082802188,80.24360127593255,115.62522832515111
38,79.99900000642742,79.99900000642742,-12.0,0.10959441837139379,0.2976601389367373,0.1448360328411098,0.19975474922061442,0.345514358321072,3.826268246792541,80.24360127593255,117.20840506215882
38,79.99900000642742,79.99900000642742,-12.0,0.1323235550834469,0.2974983453069031,0.1249669734601143,0.20095894520561192,3.096954550716747,5.621862387991854,79.02398786665628,116.36274019032672
38,79.99900000642742,79.99900000642742,-12.0,0.14940341742220795,0.3065997078677285,0.1448360328411098,0.18051632853607114,0.345514358321072,4.34932577773235,80.24360127593255,103.94574200445055
38,79.99900000642742,79.99900000642742,-12.0,0.09502243112974519,0.2977152461683692,0.29314696196173795,0.13133250803406996,9.548481681148191,3.748989281840446,13.46849082108556,75.8857058773078
38,79.99900000642742,79.99900000642742,-12.0,0.13213936949054098,0.2925316539222149,0.19018546063165548,0.1321783448232558,10.393217074876981,4.57830142686162,11.3207995146722,80.72792862752044
38,79.99900000642742,79.99900000642742,-12.0,0.12758116811884052,0.29702583852723835,0.274985819200332,0.16721592000425922,12.819196209451524,28.772837260183294,100.07491940067882,114.22227903091411
38,79.99900000642742,79.99900000642742,-12.0,0.09880871307910986,0.27918384323716144,0.08626819312453653,0.2000759314088343,12.062088895670733,34.76025133077994,78.35556328350127,117.17373858406742
38,79.99900000642742,79.99900000642742,-12.0,0.13240896076886438,0.2977078830598868,0.11262275206682755,0.13162525241112866,17.099907195255444,13.629967523804144,13.46849082108556,66.2810625425223
38,79.99900000642742,79.99900000642742,-12.0,0.13237077926495144,0.2973231969824122,0.28934704658215965,0.1326447860627408,10.092146093169763,4.451393323528303,13.46849082108556,67.3832532081644
38,79.99900000642742,79.99900000642742,-12.0,0.13104217662122203,0.29921539970926514,0.14342928275438582,0.16664929606786094,10.265083894661664,4.636189462547598,27.010218672510515,114.08094364181314
38,79.99900000642742,79.99900000642742,-12.0,0.13104217662122203,0.29921539970926514,0.14342928275438582,0.16664929606786094,10.501310236063604,4.636189462547598,27.010218672510515,114.08094364181314
38,79.99900000642742,79.99900000642742,-12.0,0.12757928828690449,0.2981671575250768,0.298041446468188,0.13707483045136493,10.299935865389589,9.60423473584169,6.952751015986459,104.69447940187925
38,79.99900000642742,79.99900000642742,-12.0,0.13240896076886438,0.2973231969824122,0.28783756056129634,0.13162525241112866,14.117218345450079,4.451393323528303,5.534813842983803,75.1319549748508
38,79.99900000642742,79.99900000642742,-12.0,0.13297911466913082,0.2987802433536907,0.1355221534632202,0.2041804947379675,12.147643888383033,13.71088275175022,13.46849082108556,103.48266607844333
38,79.99900000642742,79.99900000642742,-12.0,0.09524936912667979,0.27918384323716144,0.08707154931196084,0.2000759314088343,12.062088895670733,34.76025133077994,71.04283705454823,117.17373858406742
38,79.99900000642742,79.99900000642742,-12.0,0.13225536363557863,0.29358267020059187,0.1922453995422864,0.1321783448232558,6.666231187436803,9.255148137423083,89.96879679984167,104.2420068997737
38,79.99900000642742,79.99900000642742,-12.0,0.12752731508368098,0.29705890160471904,0.274985819200332,0.21653554756819574,12.819196209451524,8.744618701582624,89.86724169693012,104.16927396250244
38,79.99900000642742,79.99900000642742,-12.0,0.096407173108466,0.2975642740437955,0.13841335340354766,0.20032662995084566,0.18887048706317522,3.826268246792541,77.5301390871426,117.20840506215882
38,79.99900000642742,79.99900000642742,-12.0,0.13241231207203372,0.2936095051521665,0.129260632966408,0.13162525241112866,10.478056296244873,9.282275578441773,13.46849082108556,105.39813360945732
38,79.99900000642742,79.99900000642742,-12.0,0.10704185922136095,0.2985597295113449,0.19566561825769768,0.19980354139248135,17.14832848672008,4.417450289122466,13.341183772494494,104.72391272472775
38,79.99900000642742,79.99900000642742,-12.0,0.10704185922136095,0.2985597295113449,0.19578050341998035,0.19980354139248135,17.14832848672008,4.486595615677146,13.341183772494494,72.07221636735052
38,79.99900000642742,79.99900000642742,-12.0,0.12757928828690449,0.29747563678471045,0.298041446468188,0.13541235279611588,10.399389269044573,9.60423473584169,6.952751015986459,103.92997019860691
38,79.99900000642742,79.99900000642742,-12.0,0.13258875616087895,0.2978865855960829,0.28783756056129634,0.13162525241112866,12.047210652791001,4.451393323528303,15.27285033964013,75.1319549748508
38,79.99900000642742,79.99900000642742,-12.0,0.10942427038222735,0.3065997078677285,0.1448360328411098,0.19975474922061442,0.345514358321072,4.34932577773235,80.24360127593255,117.20840506215882
39,6416.9681188596,0.0,-12.0,0.13233439804615807,0.3056309328928929,0.1012927960098988,0.6319421866534385,67.11606745109523,237.89829507669222,44.065107583355854,94.1207925125488
39,6416.9681188596,0.0,-12.0,0.13233439804615807,0.3056715017364437,0.1012927960098988,0.6319421866534385,67.11606745109523,237.89829507669222,44.065107583355854,94.58604719247694
39,79.99900000642742,79.99900000642742,-12.0,0.09881380758761595,0.29748029204947807,0.08611708394006903,0.200685849958435,12.226693816627996,4.1813423362671145,2.0405398942586164,66.68171719281635
39,79.99900000642742,79.99900000642742,-12.0,0.11232429898766486,0.29748029204947807,0.15862190323488154,0.200685849958435,11.621094779625263,4.135837593116011,2.0405398942586164,69.94369186422212
39,79.99900000642742,79.99900000642742,-12.0,0.12752731508368098,0.29705890160471904,0.274985819200332,0.21653554756819574,12.819196209451524,8.744618701582624,89.86724169693012,104.16927396250244
39,79.99900000642742,79.99900000642742,-12.0,0.12846715406493175,0.29773264359387747,0.27474448456664996,0.13409286466268078,9.526627961070341,28.772837260183294,100.07491940067882,119.4175913151467
39,79.99900000642742,79.99900000642742,-12.0,0.13225536363557863,0.29358267020059187,0.1922453995422864,0.1321783448232558,6.666231187436803,9.255148137423083,89.96879679984167,104.2420068997737
39,79.99900000642742,79.99900000642742,-12.0,0.10959441837139379,0.2976601389367373,0.1448360328411098,0.19975474922061442,0.345514358321072,3.826268246792541,80.24360127593255,117.20840506215882
39,79.99900000642742,79.99900000642742,-12.0,0.13379657525070815,0.2975180479029804,0.10942504125119541,0.16469766972389818,0.5612725516876527,2.909487667791611,5.614812736255008,66.15433551267668
39,79.99900000642742,79.99900000642742,-12.0,0.13297911466913082,0.2987802433536907,0.1355221534632202,0.2041804947379675,12.147643888383033,13.71088275175022,13.46849082108556,103.48266607844333
39,79.99900000642742,79.99900000642742,-12.0,0.1631713793848031,0.2975180479029804,0.15855513985151087,0.1697916564366983,11.62465455214824,16.89323907987024,44.05953242392084,94.25943920965231
39,79.99900000642742,79.99900000642742,-12.0,0.09881380758761595,0.29898199995631647,0.13150336721700354,0.200685849958435,12.218176453794424,9.040813157507152,27.69385902616292,64.96804416258912
39,79.99900000642742,79.99900000642742,-12.0,0.09792649288505821,0.3486876096523558,0.2936555004263658,0.16544581081073467,7.264992536171861,11.166736239190493,6.145514429459565,95.56593716014066
39,79.99900000642742,79.99900000642742,-12.0,0.13240896076886438,0.2973231969824122,0.28783756056129634,0.13162525241112866,14.117218345450079,4.451393323528303,5.534813842983803,75.1319549748508
39,79.99900000642742,79.99900000642742,-12.0,0.13241231207203372,0.2936095051521665,0.3287772652985139,0.13100576703490335,10.478056296244873,9.282275578441773,12.469837758521102,105.38825142146813
39,79.99900000642742,79.99900000642742,-12.0,0.09862313987277582,0.2982614825671388,0.14747249306459903,0.16627724262383065,13.63670202774758,0.580325472316142,5.355308169442987,75.18187356201939
39,79.99900000642742,79.99900000642742,-12.0,0.11076418084526968,0.2985389108940342,0.1513686964421075,0.19929624975562202,12.052675219688432,12.831288811283276,15.21323963986097,93.26836657528538
39,79.99900000642742,79.99900000642742,-12.0,0.16529526456982918,0.2822716413865454,0.1448360328411098,0.19975474922061442,0.345514358321072,4.46403238912514,80.24360127593255,117.20840506215882
39,79.99900000642742,79.99900000642742,-12.0,0.11535108430034995,0.2957015805338177,0.11492700031046185,0.16663593391269377,9.384416162200113,4.450635860793888,16.704015086487757,67.87572512468753
39,79.99900000642742,79.99900000642742,-12.0,0.09718541994876037,0.23446764156637612,0.14702738354456493,0.16663593391269377,12.800940343655228,4.450523390822766,28.4437319267393,106.83352991702414
39,79.99900000642742,79.99900000642742,-12.0,0.098322533794053,0.29732757220567774,0.08611708394006903,0.19910977928757656,12.226693816627996,4.441936118018948,2.7329476506054586,61.76351232621544
39,79.99900000642742,79.99900000642742,-12.0,0.09718541994876037,0.2932975683652252,0.08717576042740391,0.19992336563166188,1.0210488262932866,18.359631140992803,26.88003058785591,66.67862797752544
39,79.99900000642742,79.99900000642742,-12.0,0.12757928828690449,0.29747563678471045,0.298041446468188,0.13541235279611588,10.399389269044573,9.60423473584169,6.952751015986459,103.92997019860691
39,79.99900000642742,79.99900000642742,-12.0,0.1328620600358273,0.29747591682621255,0.28934704658215965,0.13422085705594566,10.092146093169763,4.190799541776471,12.777270750246487,67.3832532081644
39,79.99900000642742,79.99900000642742,-12.0,0.17112866717398856,0.2985597295113449,0.12390114653829365,0.20096709963881484,10.184528050622012,5.617246946821318,6.873735942855667,69.08813566609253
39,79.99900000642742,79.99900000642742,-12.0,0.10942427038222735,0.3065997078677285,0.1448360328411098,0.19975474922061442,0.345514358321072,4.34932577773235,80.24360127593255,117.20840506215882
39,79.99900000642742,79.99900000642742,-12.0,0.13863359806937758,0.2956610116902669,0.16314833866083783,0.1665483983768471,9.384416162200113,4.450635860793888,98.20827008922117,112.6670823873863
39,79.99900000642742,79.99900000642742,-12.0,0.10704185922136095,0.2985597295113449,0.19566561825769768,0.19980354139248135,17.14832848672008,4.417450289122466,13.341183772494494,104.72391272472775
39,79.99900000642742,79.99900000642742,-12.0,0.12682405431644952,0.29703443742335595,0.11492700031046185,0.16658495040777827,9.384416162200113,0.28890116249166553,16.704015086487757,67.87572512468753
39,79.99900000642742,79.99900000642742,-12.0,0.17112866717398856,0.2985597295113449,0.1244913920906755,0.14375123998591796,10.181015871241534,5.617246946821318,6.876802457444616,69.08813566609253
39,79.99900000642742,79.99900000642742,-12.0,0.11610819810274095,0.29569298163770014,0.274985819200332,0.16726690350917472,12.819196209451524,28.772837260183294,89.42965804835922,114.22227903091411
39,79.99900000642742,79.99900000642742,-12.0,0.14940341742220795,0.3065997078677285,0.14464750251391195,0.18051632853607114,0.49407553711930374,4.34932577773235,88.88685742534499,103.94574200445055
39,79.99900000642742,79.99900000642742,-12.0,0.13213936949054098,0.2925316539222149,0.19018546063165548,0.10796878402276672,10.45956560521757,4.57830142686162,11.309167926841495,80.72792862752044
39,79.99900000642742,79.99900000642742,-12.0,0.096407173108466,0.2975642740437955,0.13841335340354766,0.20032662995084566,0.18887048706317522,3.826268246792541,77.5301390871426,117.20840506215882
39,79.99900000642742,79.99900000642742,-12.0,0.13198174174965063,0.2989033640210343,0.311171544484518,0.13546363688559646,10.17929949364763,20.140855046370582,93.37051659658633,104.22855652990363
39,79.99900000642742,79.99900000642742,-12.0,0.09502243112974519,0.2977152461683692,0.29314696196173795,0.13133250803406996,9.548481681148191,3.748989281840446,13.46849082108556,75.8857058773078
39,79.99900000642742,79.99900000642742,-12.0,0.14940341742220795,0.3065997078677285,0.1448360328411098,0.18051632853607114,0.345514358321072,4.34932577773235,80.24360127593255,103.94574200445055
39,79.99900000642742,79.99900000642742,-12.0,0.09881380758761595,0.2992226830110148,0.08611708394006903,0.200685849958435,12.267776381256942,4.1813423362671145,35.11238572743153,64.96804416258912
39,79.99900000642742,79.99900000642742,-12.0,0.1319860717941118,0.29746165476112396,0.11718189791202678,0.13546363688559646,10.17929949364763,3.8106871295710736,78.71815478818428,104.22855652990363
39,79.99900000642742,79.99900000642742,-12.0,0.1664650176295156,0.28315041334384233,0.1513686964421075,0.19929624975562202,12.052675219688432,13.46904155662104,15.21323963986097,93.26836657528538
39,79.99900000642742,79.99900000642742,-12.0,0.09718541994876037,0.23446764156637612,0.14747249306459903,0.16627724262383065,9.130278765289574,4.450523390822766,26.88003058785591,66.35321898794214
39,79.99900000642742,79.99900000642742,-12.0,0.09880871307910986,0.3040635529445307,0.08626819312453653,0.13453330845174,10.087230387731761,20.33943959274364,79.67315456367483,117.17373858406742
39,79.99900000642742,79.99900000642742,-12.0,0.13154770698066284,0.253034568276606,0.11805137930755746,0.1760427749920601,9.127574560294127,4.450523390822766,17.035845287759308,94.80845598003472
39,79.99900000642742,79.99900000642742,-12.0,0.17119583783002132,0.2947551886504645,0.15201755476004852,0.16478520525974483,11.62465455214824,13.634245681317353,6.484520067649477,93.51298528873389
39,79.99900000642742,79.99900000642742,-12.0,0.17112866717398856,0.2985597295113449,0.12390114653829365,0.20096709963881484,10.300570678123833,35.67362576928737,6.873735942855667,69.08813566609253
39,79.99900000642742,79.99900000642742,-12.0,0.13104217662122203,0.29921539970926514,0.14342928275438582,0.16664929606786094,10.501310236063604,4.636189462547598,27.010218672510515,114.08094364181314
39,79.99900000642742,79.99900000642742,-12.0,0.13104217662122203,0.29921539970926514,0.14342928275438582,0.16664929606786094,10.265083894661664,4.636189462547598,27.010218672510515,114.08094364181314
39,79.99900000642742,79.99900000642742,-12.0,0.17127934084275842,0.30652189023731685,0.12371189577841331,0.19243583810438258,0.24521380099153056,4.34932577773235,86.43086612524756,117.20840506215882
40,6416.9681188596,0.0,-12.0,0.13233439804615807,0.3056309328928929,0.1012927960098988,0.6319421866534385,67.11606745109523,237.89829507669222,44.065107583355854,94.1207925125488
40,79.99900000642742,79.99900000642742,-12.0,0.09881380758761595,0.29748029204947807,0.08611708394006903,0.200685849958435,12.226693816627996,4.1813423362671145,2.0405398942586164,66.68171719281635
40,79.99900000642742,79.99900000642742,-12.0,0.096407173108466,0.2828906560479115,0.13841335340354766,0.1677177065578817,0.18887048706317522,3.826268246792541,76.03109584333916,93.49543986698197
40,6416.9681188596,0.0,-12.0,0.13233439804615807,0.3056309328928929,0.1012927960098988,0.6319421866534385,67.11606745109523,233.85056872737712,44.065107583355854,94.1207925125488
40,79.99900000642742,79.99900000642742,-12.0,0.098322533794053,0.29732757220567774,0.08611708394006903,0.19910977928757656,12.226693816627996,4.441936118018948,2.7329476506054586,61.76351232621544
40,79.99900000642742,79.99900000642742,-12.0,0.13151831533973662,0.29352045615635247,0.19203854416061716,0.1760427749920601,9.127574560294127,4.301559027488252,17.035845287759308,94.80845598003472
40,79.99900000642742,79.99900000642742,-12.0,0.13297911466913082,0.2987802433536907,0.1355221534632202,0.2041804947379675,12.148115843229418,13.705410314532962,23.49647699425214,103.27844687969865
40,79.99900000642742,79.99900000642742,-12.0,0.098322533794053,0.29732757220567774,0.08611708394006903,0.19910977928757656,12.226693816627996,4.441936118018948,2.7432680005349948,75.07266894720937
40,79.99900000642742,79.99900000642742,-12.0,0.14940341742220795,0.3065997078677285,0.14464750251391195,0.18059807995419483,0.4057405927873097,12.514536704742339,15.5952032133305,104.01187473959347
40,6416.9681188596,0.0,-12.0,0.13233439804615807,0.3056715017364437,0.1012927960098988,0.6319421866534385,67.11606745109523,237.89829507669222,44.065107583355854,94.58604719247694
40,79.99900000642742,79.99900000642742,-12.0,0.1273704824842963,0.29747940763915914,0.11492700031046185,0.1665850017061014,12.331335693344801,4.502748929532716,16.96061243008093,67.87572512468753
40,79.99900000642742,79.99900000642742,-12.0,0.09384115388315929,0.2985597295113449,0.19566561825769768,0.19980354139248135,17.14832848672008,4.417450289122466,13.341183772494494,104.72391272472775
40,79.99900000642742,79.99900000642742,-12.0,0.1631713793848031,0.2975180479029804,0.15855513985151087,0.1697916564366983,11.62465455214824,16.89323907987024,44.05953242392084,94.25943920965231
40,79.99900000642742,79.99900000642742,-12.0,0.13213936949054098,0.2925316539222149,0.19018546063165548,0.10796878402276672,10.45956560521757,4.57830142686162,11.309167926841495,80.72792862752044
40,79.99900000642742,79.99900000642742,-12.0,0.1664650176295156,0.28315041334384233,0.1513686964421075,0.19929624975562202,12.052675219688432,13.46904155662104,15.21323963986097,93.26836657528538
40,79.99900000642742,79.99900000642742,-12.0,0.096407173108466,0.2975611479100323,0.13549431947950275,0.20029513947935804,0.18887048706317522,3.826268246792541,75.98795506105319,117.20840506215882
40,79.99900000642742,79.99900000642742,-12.0,0.09718541994876037,0.2932975683652252,0.08717576042740391,0.19992336563166188,1.0210488262932866,18.359631140992803,26.88003058785591,66.67862797752544
40,79.99900000642742,79.99900000642742,-12.0,0.11535108430034995,0.2957015805338177,0.11492700031046185,0.16663593391269377,9.384416162200113,4.450635860793888,16.704015086487757,67.87572512468753
40,79.99900000642742,79.99900000642742,-12.0,0.1319860717941118,0.29746165476112396,0.11718189791202678,0.13546363688559646,10.17929949364763,3.8106871295710736,78.71815478818428,104.22855652990363
40,79.99900000642742,79.99900000642742,-12.0,0.13370574749063466,0.29921539970926514,0.14342928275438582,0.16475226125245118,10.11838219095688,2.982315063854953,25.658789095017397,114.08094364181314
40,79.99900000642742,79.99900000642742,-12.0,0.09881380758761595,0.29898199995631647,0.13150336721700354,0.200685849958435,12.218176453794424,9.040813157507152,27.69385902616292,64.96804416258912
40,79.99900000642742,79.99900000642742,-12.0,0.13154770698066284,0.253034568276606,0.11805137930755746,0.1760427749920601,9.127574560294127,4.450523390822766,17.035845287759308,94.80845598003472
40,79.99900000642742,79.99900000642742,-12.0,0.17127934084275842,0.30652189023731685,0.12371189577841331,0.19243583810438258,0.24521380099153056,4.34932577773235,86.43086612524756,117.20840506215882
40,79.99900000642742,79.99900000642742,-12.0,0.13214299161037096,0.2759376363987486,0.12356872380174286,0.20099183435485235,10.301621414559987,20.275652578487964,6.527934871023092,95.37124506312368
40,79.99900000642742,79.99900000642742,-12.0,0.12846715406493175,0.2977281012114815,0.27474448456664996,0.13409286466268078,9.526627961070341,4.95871142763121,100.07491940067882,119.4175913151467
40,79.99900000642742,79.99900000642742,-12.0,0.11232429898766486,0.29748029204947807,0.15862190323488154,0.200685849958435,11.621094779625263,4.135837593116011,2.0405398942586164,69.94369186422212
40,79.99900000642742,79.99900000642742,-12.0,0.14940341742220795,0.3065997078677285,0.14464750251391195,0.18051632853607114,0.49407553711930374,4.34932577773235,88.88685742534499,103.94574200445055
40,79.99900000642742,79.99900000642742,-12.0,0.14940341742220795,0.3065997078677285,0.1448360328411098,0.18051632853607114,0.345514358321072,4.34932577773235,80.24360127593255,103.94574200445055
40,79.99900000642742,79.99900000642742,-12.0,0.09851357298956229,0.3065997078677285,0.1448360328411098,0.18051632853607114,0.345514358321072,4.34932577773235,76.89687111610299,103.94574200445055
40,79.99900000642742,79.99900000642742,-12.0,0.11076418084526968,0.2985389108940342,0.1513686964421075,0.19929624975562202,12.052675219688432,12.831288811283276,15.21323963986097,93.26836657528538
40,79.99900000642742,79.99900000642742,-12.0,0.09881380758761595,0.2992226830110148,0.08611708394006903,0.200685849958435,12.267776381256942,4.1813423362671145,35.11238572743153,64.96804416258912
40,79.99900000642742,79.99900000642742,-12.0,0.1328620600358273,0.29747591682621255,0.28934704658215965,0.13422085705594566,10.092146093169763,4.190799541776471,12.777270750246487,67.3832532081644
40,79.99900000642742,79.99900000642742,-12.0,0.13240896076886438,0.2973231969824122,0.28783756056129634,0.13162525241112866,14.00527982735878,4.451393323528303,5.524493494369515,61.82279835385689
40,79.99900000642742,79.99900000642742,-12.0,0.13241231207203372,0.2936095051521665,0.3287772652985139,0.13100576703490335,10.478056296244873,9.282275578441773,12.469837758521102,105.38825142146813
40,79.99900000642742,79.99900000642742,-12.0,0.1319860717941118,0.2974935470686995,0.11752838742690347,0.13546363688559646,11.116974140605421,3.8106871295710736,78.71671950753874,104.22855652990363
40,79.99900000642742,79.99900000642742,-12.0,0.09718541994876037,0.23446764156637612,0.14715327110591023,0.1664997387636158,9.130278765289574,4.450523390822766,26.88003058785591,66.35321898794214
40,79.99900000642742,79.99900000642742,-12.0,0.13225536363557863,0.29358267020059187,0.1922453995422864,0.1321783448232558,6.666231187436803,9.255148137423083,89.96879679984167,104.2420068997737
40,79.99900000642742,79.99900000642742,-12.0,0.11535108430034995,0.29574249584652323,0.11492700031046185,0.16663610824144623,9.384416162200113,4.450635860793888,16.704015086487757,67.87572512468753
40,79.99900000642742,79.99900000642742,-12.0,0.09718541994876037,0.23446764156637612,0.14747249306459903,0.16627724262383065,9.130278765289574,4.450523390822766,26.88003058785591,66.35321898794214
40,79.99900000642742,79.99900000642742,-12.0,0.13297911466913082,0.2987802433536907,0.1355221534632202,0.2041804947379675,12.147643888383033,13.71088275175022,13.46849082108556,103.48266607844333
40,79.99900000642742,79.99900000642742,-12.0,0.13104217662122203,0.29921539970926514,0.14342928275438582,0.16664929606786094,10.501310236063604,4.636189462547598,27.010218672510515,114.08094364181314
40,79.99900000642742,79.99900000642742,-12.0,0.17112866717398856,0.2985597295113449,0.12390114653829365,0.20096709963881484,10.300570678123833,35.67362576928737,6.873735942855667,69.08813566609253
40,79.99900000642742,79.99900000642742,-12.0,0.11232429898766486,0.29337735098473294,0.15862190323488154,0.19991871030633812,12.14632523340355,4.12874982353204,25.688986537533747,80.83271824123855
40,79.99900000642742,79.99900000642742,-12.0,0.1319860717941118,0.3300287396010208,0.09751035705535538,0.13546363688559646,11.719756505989782,3.215828452325515,78.71815478818428,104.22855652990363
40,79.99900000642742,79.99900000642742,-12.0,0.10704185922136095,0.2985597295113449,0.19566561825769768,0.19980354139248135,17.14832848672008,4.417450289122466,13.341183772494494,104.72391272472775
40,79.99900000642742,79.99900000642742,-12.0,0.10943579408053292,0.3064324272408325,0.13841335340354766,0.20031695007143954,0.18887048706317522,3.7969105334753377,77.5301390871426,117.20840506215882
40,79.99900000642742,79.99900000642742,-12.0,0.13104217662122203,0.29921539970926514,0.14342928275438582,0.16664929606786094,10.265083894661664,4.636189462547598,27.010218672510515,114.08094364181314
40,79.99900000642742,79.99900000642742,-12.0,0.096407173108466,0.2975642740437955,0.13841335340354766,0.20032662995084566,0.18887048706317522,3.826268246792541,77.5301390871426,117.20840506215882
41,6416.9681188596,0.0,-12.0,0.13233439804615807,0.3056309328928929,0.1012927960098988,0.6319421866534385,67.11606745109523,237.89829507669222,44.065107583355854,94.1207925125488
41,79.99900000642742,79.99900000642742,-12.0,0.13182970209183795,0.29732757220567774,0.08742359976682075,0.19907286633137727,12.226693816627996,4.441936118018948,6.664310350718533,75.07266894720937
41,79.99900000642742,79.99900000642742,-12.0,0.09881380758761595,0.29748029204947807,0.08611708394006903,0.200685849958435,12.226693816627996,4.1813423362671145,2.0405398942586164,66.68171719281635
41,6416.9681188596,0.0,-12.0,0.13233439804615807,0.3056715017364437,0.1012927960098988,0.6319421866534385,67.11606745109523,237.89829507669222,44.065107583355854,94.58604719247694
41,79.99900000642742,79.99900000642742,-12.0,0.098322533794053,0.29732757220567774,0.08611708394006903,0.19910977928757656,12.226693816627996,4.441936118018948,2.7329476506054586,61.76351232621544
41,79.99900000642742,79.99900000642742,-12.0,0.10943579408053292,0.3064324272408325,0.13841335340354766,0.20031695007143954,0.18887048706317522,3.7969105334753377,77.5301390871426,117.20840506215882
41,79.99900000642742,79.99900000642742,-12.0,0.10704185922136095,0.2985597295113449,0.19566561825769768,0.19980354139248135,17.14832848672008,4.417450289122466,13.341183772494494,104.72391272472775
41,79.99900000642742,79.99900000642742,-12.0,0.09718541994876037,0.2932975683652252,0.08717576042740391,0.19992336563166188,1.0210488262932866,18.359631140992803,26.88003058785591,66.67862797752544
41,79.99900000642742,79.99900000642742,-12.0,0.13104217662122203,0.29921539970926514,0.14342928275438582,0.16664929606786094,10.265083894661664,4.636189462547598,27.010218672510515,114.08094364181314
41,79.99900000642742,79.99900000642742,-12.0,0.09850669851115483,0.30675250464897036,0.1448360328411098,0.18051632853607114,0.345514358321072,4.349543632670208,80.88081126506695,105.80471734860913
41,79.99900000642742,79.99900000642742,-12.0,0.1328620600358273,0.29747591682621255,0.28934704658215965,0.13422085705594566,10.092146093169763,4.190799541776471,12.777270750246487,67.3832532081644
41,79.99900000642742,79.99900000642742,-12.0,0.09773273291727894,0.23446764156637612,0.14715327110591023,0.1664997387636158,0.0026854143971393185,4.430406438963445,26.88003058785591,67.59570439353743
41,79.99900000642742,79.99900000642742,-12.0,0.12950146764564682,0.30404612056056807,0.14995178387959607,0.16220403504023445,10.321206184380175,13.46904155662104,15.21323963986097,93.28124868871896
41,79.99900000642742,79.99900000642742,-12.0,0.1319860717941118,0.3300287396010208,0.09751035705535538,0.13546363688559646,11.719756505989782,3.215828452325515,78.71815478818428,104.22855652990363
41,79.99900000642742,79.99900000642742,-12.0,0.11232429898766486,0.2643975115936137,0.139191076447656,0.20065586815553288,13.000412752670359,4.135340738770606,67.72638822499498,69.94369186422212
41,79.99900000642742,79.99900000642742,-12.0,0.17112866717398856,0.29750909702746814,0.12411677540964146,0.20096709963881484,11.08167080623042,34.350208349396986,8.9193574556082,69.08813566609253
41,79.99900000642742,79.99900000642742,-12.0,0.1328620600358273,0.2832934066968619,0.2989852218562997,0.13422085705594566,12.089260317317457,4.32352947753018,12.777270750246487,92.36974793570732
41,79.99900000642742,79.99900000642742,-12.0,0.13240896076886438,0.29735546913377053,0.28790202741399507,0.13162525241112866,13.928428779549389,12.939749679516957,5.37510280411235,62.72037489417064
41,79.99900000642742,79.99900000642742,-12.0,0.10704185922136095,0.2985597295113449,0.19499379083974103,0.19980354139248135,17.14832848672008,4.417450289122466,12.953481400884975,104.72391272472775
41,79.99900000642742,79.99900000642742,-12.0,0.1664650176295156,0.28315041334384233,0.1513686964421075,0.19929624975562202,12.052675219688432,13.46904155662104,15.21323963986097,93.26836657528538
41,79.99900000642742,79.99900000642742,-12.0,0.14940341742220795,0.3065997078677285,0.14464750251391195,0.18051632853607114,0.49407553711930374,4.34932577773235,88.88685742534499,103.94574200445055
41,79.99900000642742,79.99900000642742,-12.0,0.16910654159655955,0.23728199917746,0.12356872380174286,0.20099499544796573,12.033090449868245,20.275652578487964,6.527934871023092,95.3583629496901
41,79.99900000642742,79.99900000642742,-12.0,0.09851357298956229,0.3065997078677285,0.1448360328411098,0.18051632853607114,0.345514358321072,4.34932577773235,76.89687111610299,103.94574200445055
41,79.99900000642742,79.99900000642742,-12.0,0.11076418084526968,0.2985066387426759,0.15130425292525426,0.19929624975562202,12.129526267497823,4.342934975664511,15.362632140802715,92.37079003497541
41,79.99900000642742,79.99900000642742,-12.0,0.1124941251331042,0.3094590394732748,0.14352141392009693,0.16664929606786094,10.240663690865388,4.6275178998929,27.010218672510515,113.75362986563168
41,79.99900000642742,79.99900000642742,-12.0,0.13214299161037096,0.2759376363987486,0.12356872380174286,0.20099183435485235,10.301621414559987,20.275652578487964,6.527934871023092,95.37124506312368
41,79.99900000642742,79.99900000642742,-12.0,0.14940341742220795,0.3065997078677285,0.1448360328411098,0.18051632853607114,0.345514358321072,4.34932577773235,80.24360127593255,103.94574200445055
41,79.99900000642742,79.99900000642742,-12.0,0.13225536363557863,0.29358267020059187,0.14711615317020024,0.1321783448232558,6.46882748174891,9.255148137423083,24.939809343997304,106.89945848952932
41,79.99900000642742,79.99900000642742,-12.0,0.11232429898766486,0.29337735098473294,0.15862190323488154,0.19991871030633812,12.14632523340355,4.12874982353204,25.688986537533747,80.83271824123855
41,79.99900000642742,79.99900000642742,-12.0,0.09718541994876037,0.23446764156637612,0.14715327110591023,0.1664997387636158,9.130278765289574,4.450523390822766,26.88003058785591,66.35321898794214
41,79.99900000642742,79.99900000642742,-12.0,0.1631713793848031,0.2975180479029804,0.15855513985151087,0.1697916564366983,11.62465455214824,16.89323907987024,44.05953242392084,94.25943920965231
41,79.99900000642742,79.99900000642742,-12.0,0.09881380758761595,0.2992226830110148,0.08611708394006903,0.200685849958435,12.267776381256942,4.1813423362671145,35.11238572743153,64.96804416258912
41,79.99900000642742,79.99900000642742,-12.0,0.10939464091452733,0.3059012852360025,0.1440275408007826,0.18051632853607114,0.2697493880781021,4.34932577773235,80.24360127593255,105.30477996830577
41,79.99900000642742,79.99900000642742,-12.0,0.09718541994876037,0.23446764156637612,0.14747249306459903,0.16627724262383065,9.130278765289574,4.450523390822766,26.88003058785591,66.35321898794214
41,79.99900000642742,79.99900000642742,-12.0,0.098322533794053,0.29732757220567774,0.08611708394006903,0.19910977928757656,12.226693816627996,4.441936118018948,2.7432680005349948,75.07266894720937
41,79.99900000642742,79.99900000642742,-12.0,0.09718115243511147,0.29896659821561167,0.08842043176731329,0.19565058604572533,12.218176453794424,18.740456285645816,27.707469436785654,66.67646427979254
41,79.99900000642742,79.99900000642742,-12.0,0.13087235047579465,0.3091856369336747,0.15852977206917046,0.19991871030633812,12.170745437199828,4.137421386186738,25.688986537533747,81.16003201742029
41,79.99900000642742,79.99900000642742,-12.0,0.09783567126705348,0.3061033504286075,0.13921251859239256,0.1798750958499554,7.365024856116981,9.57712941099706,46.45347731352069,93.49543986698197
41,79.99900000642742,79.99900000642742,-12.0,0.11076418084526968,0.2985389108940342,0.1513686964421075,0.19929624975562202,12.052675219688432,12.831288811283276,15.21323963986097,93.26836657528538
41,79.99900000642742,79.99900000642742,-12.0,0.13151831533973662,0.29352045615635247,0.19203854416061716,0.1760427749920601,9.127574560294127,4.301559027488252,17.035845287759308,94.80845598003472
41,79.99900000642742,79.99900000642742,-12.0,0.0897714435531612,0.29732757220567774,0.0871710939468358,0.19910977928757656,12.132815320479036,18.332442994463257,2.7432680005349948,75.07266894720937
41,79.99900000642742,79.99900000642742,-12.0,0.13410954983015483,0.29943391014374765,0.1355221534632202,0.15897211438605685,12.147643888383033,17.21343676796089,43.6944093120714,113.62248743507749
41,79.99900000642742,79.99900000642742,-12.0,0.10888848111210438,0.30694911828836147,0.13841335340354766,0.20031695007143954,10.787566134232605,3.817027485334659,77.5301390871426,115.96591965747382
41,79.99900000642742,79.99900000642742,-12.0,0.13240896076886438,0.2973231969824122,0.28783756056129634,0.13162525241112866,14.00527982735878,4.451393323528303,5.524493494369515,61.82279835385689
41,79.99900000642742,79.99900000642742,-12.0,0.1319860717941118,0.29746165476112396,0.11718189791202678,0.13546363688559646,10.17929949364763,3.8106871295710736,78.71815478818428,104.22855652990363
41,79.99900000642742,79.99900000642742,-12.0,0.09384115388315929,0.2985597295113449,0.19566561825769768,0.19980354139248135,17.14832848672008,4.417450289122466,13.341183772494494,104.72391272472775
41,79.99900000642742,79.99900000642742,-12.0,0.12706436856057904,0.29921539970926514,0.15819840683766306,0.16664929606786094,10.501310236063604,4.636189462547598,27.774517197471248,93.55332450572341
41,79.99900000642742,79.99900000642742,-12.0,0.09881380758761595,0.29968042258804245,0.13231185925733072,0.200685849958435,9.786314933826398,9.040813157507152,27.69385902616292,57.332999641766094
42,79.99900000642742,79.99900000642742,-12.0,0.13182970209183795,0.29732757220567774,0.08742359976682075,0.19907286633137727,12.226693816627996,4.441936118018948,6.664310350718533,75.07266894720937
42,6416.9681188596,0.0,-12.0,0.13233439804615807,0.3056755401405698,0.10152661405226865,0.6319421866534385,67.11606745109523,237.27208573003725,44.065107583355854,94.37604726402131
42,79.99900000642742,79.99900000642742,-12.0,0.09879806156413,0.29896659821561167,0.08611298937923642,0.20072698656500193,12.218176453794424,28.15668633039039,26.706561034119467,58.43339122705499
42,6416.9681188596,0.0,-12.0,0.13233439804615807,0.3056309328928929,0.1012927960098988,0.6319421866534385,67.11606745109523,237.89829507669222,44.065107583355854,94.1207925125488
42,79.99900000642742,79.99900000642742,-12.0,0.09881380758761595,0.2992226830110148,0.08611708394006903,0.200685849958435,12.267776381256942,4.1813423362671145,35.11238572743153,64.96804416258912
42,79.99900000642742,79.99900000642742,-12.0,0.13240896076886438,0.2973231969824122,0.28783756056129634,0.13162525241112866,14.00527982735878,4.451393323528303,5.524493494369515,61.82279835385689
42,79.99900000642742,79.99900000642742,-12.0,0.12950146764564682,0.30404612056056807,0.14995178387959607,0.16220403504023445,10.321206184380175,13.46904155662104,15.21323963986097,93.28124868871896
42,79.99900000642742,79.99900000642742,-12.0,0.1320008244284646,0.29750909702746814,0.3432830514821568,0.20096709963881484,11.012355269089111,34.350208349396986,9.23451425732852,67.36108524195521
42,6416.9681188596,0.0,-12.0,0.13233439804615807,0.3056715017364437,0.1012927960098988,0.6319421866534385,67.11606745109523,237.89829507669222,44.065107583355854,94.58604719247694
42,79.99900000642742,79.99900000642742,-12.0,0.11060010660031949,0.29864513348143806,0.08742359976682075,0.1742443169888005,12.226693816627996,4.441936118018948,6.754823606234947,75.07266894720937
42,79.99900000642742,79.99900000642742,-12.0,0.1078662480634772,0.29787675297626137,0.14887647873557533,0.20056574892293344,16.6980517073371,4.416592462845045,26.48736029526352,103.71444655849272
42,79.99900000642742,79.99900000642742,-12.0,0.09851357298956229,0.3065997078677285,0.1448360328411098,0.2000302161423561,0.1095643174870593,4.186550520873206,10.831302220595845,103.94574200445055
42,79.99900000642742,79.99900000642742,-12.0,0.09881380758761595,0.3003899059014259,0.08611708394006903,0.16787451026710037,12.226693816627996,4.1813423362671145,2.0405398942586164,66.68171719281635
42,79.99900000642742,79.99900000642742,-12.0,0.08688486305731379,0.3063174439514407,0.08611708394006903,0.18117196235215,12.489390936299026,4.344117593126258,68.54000190307012,66.68171719281635
42,79.99900000642742,79.99900000642742,-12.0,0.08205245767860544,0.29896659821561167,0.08840197920310759,0.19914369892330588,12.226693741654486,18.129593664568603,27.707469436785654,66.63546786936743
42,79.99900000642742,79.99900000642742,-12.0,0.09719689845859743,0.29748029204947807,0.08842452632814592,0.19560944943915842,12.226693816627996,4.746234245137218,3.0771244713798485,66.67651938698238
42,79.99900000642742,79.99900000642742,-12.0,0.1486198861164777,0.3098326993540357,0.2874675680261276,0.13162525241112866,15.549758096512443,4.451393323528303,4.263908260267364,61.82279835385689
42,79.99900000642742,79.99900000642742,-12.0,0.13199377633695544,0.29722134961827396,0.15162217120748225,0.186526757138536,12.052675219688432,12.831288811283276,15.122726422985288,93.26836657528538
42,79.99900000642742,79.99900000642742,-12.0,0.09773273291727894,0.23446764156637612,0.14715327110591023,0.1664997387636158,0.0026854143971393185,4.430406438963445,26.88003058785591,67.59570439353743
42,79.99900000642742,79.99900000642742,-12.0,0.1319860717941118,0.3300287396010208,0.09751035705535538,0.13546363688559646,11.719756505989782,3.215828452325515,78.71815478818428,104.22855652990363
42,79.99900000642742,79.99900000642742,-12.0,0.098322533794053,0.29732757220567774,0.08611708394006903,0.19910977928757656,12.226693816627996,4.441936118018948,2.7329476506054586,61.76351232621544
42,79.99900000642742,79.99900000642742,-12.0,0.10943579408053292,0.3064324272408325,0.13841335340354766,0.20031695007143954,0.18887048706317522,3.7969105334753377,77.5301390871426,117.20840506215882
42,79.99900000642742,79.99900000642742,-12.0,0.09384115388315929,0.2985597295113449,0.19566561825769768,0.19980354139248135,17.14832848672008,4.417450289122466,13.341183772494494,104.72391272472775
42,79.99900000642742,79.99900000642742,-12.0,0.1124941251331042,0.3094590394732748,0.14352141392009693,0.16664929606786094,10.240663690865388,4.6275178998929,27.010218672510515,113.75362986563168
42,79.99900000642742,79.99900000642742,-12.0,0.11351024971085315,0.25989815523746673,0.1951133626856429,0.19980354139248135,17.14832848672008,4.349780151228831,10.958414228508417,104.72391272472775
42,79.99900000642742,79.99900000642742,-12.0,0.1889183396075614,0.30404612056056807,0.14995178387959607,0.16220403504023445,10.321206184380175,13.46904155662104,15.21323963986097,93.28124868871896
42,79.99900000642742,79.99900000642742,-12.0,0.09850669851115483,0.30675250464897036,0.1448360328411098,0.18051632853607114,0.345514358321072,4.349543632670208,80.88081126506695,105.80471734860913
42,79.99900000642742,79.99900000642742,-12.0,0.1328620600358273,0.2832934066968619,0.2989852218562997,0.13422085705594566,12.089260317317457,4.32352947753018,12.777270750246487,92.36974793570732
42,79.99900000642742,79.99900000642742,-12.0,0.13225536363557863,0.2997110579685685,0.14711615317020024,0.1321783448232558,11.999292260371401,9.255148137423083,50.881256705848614,108.11770174537239
42,79.99900000642742,79.99900000642742,-12.0,0.14927677785913818,0.2832934066968619,0.14162084948681214,0.13422085705594566,9.888216316865611,4.350001769640015,12.777270750246487,92.7610790749108
42,79.99900000642742,79.99900000642742,-12.0,0.13214299161037096,0.2759376363987486,0.28764705200232177,0.20099183435485235,13.88656316754028,20.275652578487964,6.527934871023092,95.37124506312368
42,79.99900000642742,79.99900000642742,-12.0,0.14940341742220795,0.3065997078677285,0.14464750251391195,0.18051632853607114,0.49407553711930374,4.34932577773235,88.88685742534499,103.94574200445055
42,79.99900000642742,79.99900000642742,-12.0,0.12706436856057904,0.29921539970926514,0.15819840683766306,0.16664929606786094,10.501310236063604,4.636189462547598,27.774517197471248,93.55332450572341
42,79.99900000642742,79.99900000642742,-12.0,0.13225536363557863,0.29358267020059187,0.14711615317020024,0.1321783448232558,6.46882748174891,9.255148137423083,24.939809343997304,106.89945848952932
42,79.99900000642742,79.99900000642742,-12.0,0.13240896076886438,0.29735546913377053,0.28790202741399507,0.13162525241112866,13.928428779549389,12.939749679516957,5.37510280411235,62.72037489417064
42,79.99900000642742,79.99900000642742,-12.0,0.13182970209183795,0.29732757220567774,0.08742359976682075,0.19915187599826278,12.226693816627996,0.6150536554756041,6.313622908272576,75.07266894720937
42,79.99900000642742,79.99900000642742,-12.0,0.08934065487500359,0.23446764156637612,0.17367972529942532,0.19869543035391343,9.189334207028526,4.450523390822766,2.8328421168775577,66.35321898794214
42,79.99900000642742,79.99900000642742,-12.0,0.14940341742220795,0.3065997078677285,0.14452793066933556,0.18051632853607114,0.49407553711930374,4.416995915625986,90.92278065744661,103.94574200445055
42,79.99900000642742,79.99900000642742,-12.0,0.09718541994876037,0.23446764156637612,0.14715327110591023,0.1664997387636158,9.130278765289574,4.450523390822766,26.88003058785591,66.35321898794214
42,79.99900000642742,79.99900000642742,-12.0,0.09718541994876037,0.23446764156637612,0.14747249306459903,0.16627724262383065,9.130278765289574,4.450523390822766,26.88003058785591,66.35321898794214
42,79.99900000642742,79.99900000642742,-12.0,0.11147546246187452,0.26416966594373553,0.10392286108273784,0.20065586815553288,13.000412752670359,3.369461975234012,67.72638822499498,96.02734275743536
42,79.99900000642742,79.99900000642742,-12.0,0.13240896076886438,0.3093262331039797,0.28478241674512345,0.16740117702186127,12.591767522545371,12.939749679516957,5.37510280411235,62.72037489417064
42,79.99900000642742,79.99900000642742,-12.0,0.13087235047579465,0.3091856369336747,0.15852977206917046,0.19991871030633812,12.170745437199828,4.137421386186738,25.688986537533747,81.16003201742029
42,79.99900000642742,79.99900000642742,-12.0,0.13240896076886438,0.29735546913377053,0.12382653137587597,0.13162525241112866,10.343487026569099,12.939749679516957,5.37510280411235,62.72037489417064
42,79.99900000642742,79.99900000642742,-12.0,0.17112866717398856,0.29750909702746814,0.12411677540964146,0.20248238670971672,11.07002937669034,34.65131673495715,43.98724195539589,69.08813566609253
42,79.99900000642742,79.99900000642742,-12.0,0.13214299161037096,0.2759376363987486,0.12356872380174286,0.20099183435485235,10.301621414559987,20.275652578487964,6.527934871023092,95.37124506312368
42,79.99900000642742,79.99900000642742,-12.0,0.13151831533973662,0.29352045615635247,0.19203854416061716,0.1760427749920601,9.127574560294127,4.301559027488252,17.035845287759308,94.80845598003472
42,79.99900000642742,79.99900000642742,-12.0,0.098322533794053,0.29732757220567774,0.08465510709586793,0.1846410812869548,12.218176528767934,5.0528883769448765,2.7329476506054586,61.804508736640535
43,79.99900000642742,79.99900000642742,-12.0,0.13182970209183795,0.29732757220567774,0.08742359976682075,0.19907286633137727,12.226693816627996,4.441936118018948,6.664310350718533,75.07266894720937
43,6416.9681188596,0.0,-12.0,0.13233439804615807,0.30567737670275996,0.10152661405226865,0.6319421866534385,67.11606745109523,237.9425403608968,44.065107583355854,94.11755679165046
43,79.99900000642742,79.99900000642742,-12.0,0.1319860717941118,0.29764422873190255,0.09751035705535538,0.13546363688559646,11.719756505989782,3.215828452325515,78.71815478818428,103.61610048884228
43,6416.9681188596,0.0,-12.0,0.13233439804615807,0.3056755401405698,0.10152661405226865,0.6319421866534385,67.11606745109523,237.27208573003725,44.065107583355854,94.37604726402131
43,79.99900000642742,79.99900000642742,-12.0,0.13151831533973662,0.29352045615635247,0.19203854416061716,0.1760427749920601,9.127574560294127,4.301559027488252,17.035845287759308,94.80845598003472
43,79.99900000642742,79.99900000642742,-12.0,0.13286662145885492,0.2839744691453105,0.30114423801879886,0.13634089254195597,11.015134258186405,4.32352947753018,29.990296227176323,66.23942198475777
43,79.99900000642742,79.99900000642742,-12.0,0.11147546246187452,0.26416966594373553,0.10392286108273784,0.20065586815553288,13.000412752670359,3.369461975234012,67.72638822499498,96.02734275743536
43,79.99900000642742,79.99900000642742,-12.0,0.09879806156413,0.29896659821561167,0.08611298937923642,0.20072698656500193,12.218176453794424,28.15668633039039,26.706561034119467,58.43339122705499
43,79.99900000642742,79.99900000642742,-12.0,0.12765490360038675,0.23785082560582826,0.19044068311241152,0.16647109044504438,5.786090433495631,4.636189462547598,26.91237795362416,68.19425496716781
43,79.99900000642742,79.99900000642742,-12.0,0.11351024971085315,0.25989815523746673,0.1951133626856429,0.19980354139248135,17.14832848672008,4.349780151228831,10.958414228508417,104.72391272472775
43,79.99900000642742,79.99900000642742,-12.0,0.1319860717941118,0.2739891568553607,0.2829475016809938,0.13546363688559646,13.872437248768572,3.5467268669321648,14.060359188069253,104.03527975421079
43,79.99900000642742,79.99900000642742,-12.0,0.08688486305731379,0.3063174439514407,0.08611708394006903,0.18117196235215,12.489390936299026,4.344117593126258,68.54000190307012,68.95241809354563
43,79.99900000642742,79.99900000642742,-12.0,0.13214299161037096,0.33197721914440864,0.10635529682631542,0.20099183435485235,11.733882424761488,2.85832553212855,71.2493666225731,95.56452183881652
43,79.99900000642742,79.99900000642742,-12.0,0.1318620396099553,0.3064324272408325,0.13841335340354766,0.200383254073578,0.18887048706317522,37.041690140981025,86.57871730275305,117.20840506215882
43,79.99900000642742,79.99900000642742,-12.0,0.1889183396075614,0.30404612056056807,0.14995178387959607,0.16220403504023445,10.321206184380175,13.46904155662104,15.21323963986097,93.28124868871896
43,6416.9681188596,0.0,-12.0,0.13233439804615807,0.3056715017364437,0.1012927960098988,0.6319421866534385,67.11606745109523,237.89829507669222,44.065107583355854,94.58604719247694
43,79.99900000642742,79.99900000642742,-12.0,0.1124941251331042,0.3094590394732748,0.14352141392009693,0.16664929606786094,10.240663690865388,4.6275178998929,27.010218672510515,113.75362986563168
43,79.99900000642742,79.99900000642742,-12.0,0.13240896076886438,0.3093262331039797,0.28478241674512345,0.16740117702186127,12.591767522545371,12.939749679516957,5.37510280411235,62.72037489417064
43,79.99900000642742,79.99900000642742,-12.0,0.08205245767860544,0.29896659821561167,0.08840197920310759,0.19914369892330588,12.226693741654486,18.129593664568603,27.707469436785654,66.63546786936743
43,79.99900000642742,79.99900000642742,-12.0,0.09773273291727894,0.23446764156637612,0.14715327110591023,0.1664997387636158,0.0026854143971393185,4.430406438963445,26.88003058785591,67.59570439353743
43,79.99900000642742,79.99900000642742,-12.0,0.12706436856057904,0.29921539970926514,0.15819840683766306,0.16664929606786094,13.496098226718994,4.636189462547598,27.774517197471248,111.47863646834878
43,79.99900000642742,79.99900000642742,-12.0,0.09764517716881466,0.23446764156637612,0.14747249306459903,0.16627724262383065,9.130278765289574,4.450523390822766,26.88003058785591,66.35321898794214
43,79.99900000642742,79.99900000642742,-12.0,0.10943579408053292,0.3064324272408325,0.13841335340354766,0.20031695007143954,0.18887048706317522,3.7969105334753377,77.5301390871426,117.20840506215882
43,79.99900000642742,79.99900000642742,-12.0,0.13199377633695544,0.29340071268045653,0.15162217120748225,0.18615589242218936,11.619289809038317,4.393272609539728,17.016444299504958,93.06026708602923
43,79.99900000642742,79.99900000642742,-12.0,0.09968728653419838,0.3004196919237552,0.08742584015495108,0.16787451026710037,12.226693816627996,4.1813423362671145,6.738398833659725,66.68171719281635
43,79.99900000642742,79.99900000642742,-12.0,0.098322533794053,0.2973116926073028,0.08575974817463129,0.20061279979944238,8.272722150641258,26.160125508277925,2.7329476506054586,61.76351232621544
43,79.99900000642742,79.99900000642742,-12.0,0.13264063572908208,0.2973410930941699,0.19203854416061716,0.17641363970840676,9.103118950883832,12.739577087067241,13.941431636873563,95.01655546929089
43,79.99900000642742,79.99900000642742,-12.0,0.09384115388315929,0.3018417778048738,0.19451749013445754,0.166638987696528,0.5870953871805913,4.417450289122466,21.162101681469235,112.85347677061861
43,79.99900000642742,79.99900000642742,-12.0,0.17112866717398856,0.29750909702746814,0.12411677540964146,0.20248238670971672,11.07002937669034,34.65131673495715,43.98724195539589,69.08813566609253
43,79.99900000642742,79.99900000642742,-12.0,0.17085050019345324,0.29750909702746814,0.14099188795443607,0.20334147990507248,11.06277057508239,36.89901567472829,53.44531662034386,68.38819292533583
43,79.99900000642742,79.99900000642742,-12.0,0.131996263005437,0.2968280345790196,0.34112403531965774,0.1988470643453371,12.086481328220161,34.350208349396986,22.3508791006421,93.49141119290515
43,79.99900000642742,79.99900000642742,-12.0,0.09850669851115483,0.30675250464897036,0.1448360328411098,0.18051632853607114,0.345514358321072,4.349543632670208,80.88081126506695,105.80471734860913
43,79.99900000642742,79.99900000642742,-12.0,0.098322533794053,0.29732757220567774,0.08465510709586793,0.1846410812869548,12.218176528767934,5.0528883769448765,2.7329476506054586,61.804508736640535
43,79.99900000642742,79.99900000642742,-12.0,0.08173316748902064,0.3063174439514407,0.08611708394006903,0.1812426075026233,16.576523570574555,4.344117593126258,69.49420093602208,66.68171719281635
43,79.99900000642742,79.99900000642742,-12.0,0.13240896076886438,0.3093262331039797,0.28478241674512345,0.18409292206615915,12.591767522545371,22.732832876698737,5.37510280411235,62.69767807773013
43,79.99900000642742,79.99900000642742,-12.0,0.1078662480634772,0.29787675297626137,0.14887647873557533,0.20056574892293344,16.6980517073371,4.416592462845045,26.48736029526352,103.71444655849272
43,79.99900000642742,79.99900000642742,-12.0,0.098322533794053,0.29732757220567774,0.08611708394006903,0.19910977928757656,12.226693816627996,4.441936118018948,2.7329476506054586,61.76351232621544
43,79.99900000642742,79.99900000642742,-12.0,0.13214299161037096,0.2759376363987486,0.28764705200232177,0.20099183435485235,13.88656316754028,20.275652578487964,6.527934871023092,95.37124506312368
43,79.99900000642742,79.99900000642742,-12.0,0.12950146764564682,0.30404612056056807,0.14995178387959607,0.16220403504023445,10.321206184380175,13.46904155662104,15.21323963986097,93.28124868871896
43,79.99900000642742,79.99900000642742,-12.0,0.13199377633695544,0.29722134961827396,0.15162217120748225,0.186526757138536,12.052675219688432,12.831288811283276,15.122726422985288,93.26836657528538
43,79.99900000642742,79.99900000642742,-12.0,0.13240896076886438,0.29735546913377053,0.28790202741399507,0.13162525241112866,13.928428779549389,12.939749679516957,5.37510280411235,62.72037489417064
43,79.99900000642742,79.99900000642742,-12.0,0.13225536363557863,0.29358267020059187,0.14711615317020024,0.1321783448232558,6.46882748174891,9.255148137423083,24.939809343997304,106.89945848952932
43,79.99900000642742,79.99900000642742,-12.0,0.14940341742220795,0.3065997078677285,0.14452793066933556,0.18051632853607114,0.49407553711930374,4.416995915625986,90.92278065744661,103.94574200445055
43,79.99900000642742,79.99900000642742,-12.0,0.09714220196921786,0.2958322156698136,0.1583245316723385,0.16667794438643235,10.69666827738757,4.430406438963445,27.742169831702995,92.9547739320931
43,79.99900000642742,79.99900000642742,-12.0,0.13240896076886438,0.2973231969824122,0.28783756056129634,0.13162525241112866,14.00527982735878,4.451393323528303,5.524493494369515,61.82279835385689
43,79.99900000642742,79.99900000642742,-12.0,0.1320008244284646,0.29750909702746814,0.3432830514821568,0.20096709963881484,11.012355269089111,34.350208349396986,9.23451425732852,67.36108524195521
43,79.99900000642742,79.99900000642742,-12.0,0.11060010660031949,0.29864513348143806,0.08742359976682075,0.1742443169888005,12.226693816627996,4.441936118018948,6.754823606234947,75.07266894720937
43,79.99900000642742,79.99900000642742,-12.0,0.09881380758761595,0.2992226830110148,0.08611708394006903,0.200685849958435,12.267776381256942,4.1813423362671145,35.11238572743153,64.96804416258912
44,6416.9681188596,0.0,-12.0,0.13233439804615807,0.30567737670275996,0.10152661405226865,0.6319421866534385,67.11606745109523,237.9425403608968,44.065107583355854,94.11755679165046
44,6416.9681188596,0.0,-12.0,0.13233439804615807,0.3056715017364437,0.1012927960098988,0.6319421866534385,67.11606745109523,237.89829507669222,44.065107583355854,94.58604719247694
44,79.99900000642742,79.99900000642742,-12.0,0.100343852112977,0.31709483085325,0.15903958631191056,0.12915172519440646,10.69666827738757,4.430406438963445,2.703673855615099,92.9547739320931
44,79.99900000642742,79.99900000642742,-12.0,0.13182970209183795,0.29732757220567774,0.08742359976682075,0.19907286633137727,12.226693816627996,4.441936118018948,6.664310350718533,75.07266894720937
44,79.99900000642742,79.99900000642742,-12.0,0.09832807833873251,0.29896659821561167,0.08611298937923642,0.20072698656500193,12.218176453794424,5.123429835672997,27.005711569606284,58.562021863166855
44,79.99900000642742,79.99900000642742,-12.0,0.09879806156413,0.25176119957606746,0.08611298937923642,0.20072698656500193,12.218176453794424,28.15668633039039,26.706561034119467,62.46557915114795
44,79.99900000642742,79.99900000642742,-12.0,0.11147546246187452,0.26416966594373553,0.10392286108273784,0.20065586815553288,13.000412752670359,3.369461975234012,67.72638822499498,96.02734275743536
44,79.99900000642742,79.99900000642742,-12.0,0.09879251701945048,0.29732757220567774,0.08465510709586793,0.19359131108257563,12.218176528767934,28.087226086166254,2.46150183763349,61.67587810052867
44,79.99900000642742,79.99900000642742,-12.0,0.11185078463448245,0.3094590394732748,0.1511625177900316,0.13289362726243747,10.240663690865388,4.6275178998929,5.010039439353033,112.38173097757337
44,79.99900000642742,79.99900000642742,-12.0,0.09968728653419838,0.3004196919237552,0.08742584015495108,0.16787451026710037,12.226693816627996,4.1813423362671145,6.738398833659725,66.68171719281635
44,79.99900000642742,79.99900000642742,-12.0,0.08127438212936137,0.2973231969824122,0.28783756056129634,0.13169096522885923,9.809222356415304,4.450614687287012,5.524493494369515,61.82279835385689
44,79.99900000642742,79.99900000642742,-12.0,0.14940341742220795,0.3065997078677285,0.14452793066933556,0.18051632853607114,0.17599012046030182,4.416995915625986,90.92278065744661,103.94574200445055
44,79.99900000642742,79.99900000642742,-12.0,0.1078662480634772,0.29787675297626137,0.14887647873557533,0.20056574892293344,16.6980517073371,4.416592462845045,26.48736029526352,103.71444655849272
44,79.99900000642742,79.99900000642742,-12.0,0.13240896076886438,0.2973231969824122,0.28783756056129634,0.13162525241112866,14.00527982735878,4.451393323528303,5.524493494369515,61.82279835385689
44,79.99900000642742,79.99900000642742,-12.0,0.08205245767860544,0.29896659821561167,0.08840197920310759,0.19914369892330588,12.226693741654486,18.129593664568603,27.707469436785654,66.63546786936743
44,79.99900000642742,79.99900000642742,-12.0,0.13286662145885492,0.2840747410725158,0.30114423801879886,0.13422543033786077,11.006593825342568,4.45943144465005,29.990296227176323,66.23942198475777
44,79.99900000642742,79.99900000642742,-12.0,0.13240896076886438,0.3093262331039797,0.28478241674512345,0.18409292206615915,12.591767522545371,22.732832876698737,5.37510280411235,62.69767807773013
44,79.99900000642742,79.99900000642742,-12.0,0.1319860717941118,0.29764422873190255,0.09751035705535538,0.13546363688559646,11.719756505989782,3.215828452325515,78.71815478818428,103.61610048884228
44,79.99900000642742,79.99900000642742,-12.0,0.09850669851115483,0.30675250464897036,0.1448360328411098,0.18051632853607114,0.345514358321072,4.349543632670208,80.88081126506695,105.80471734860913
44,79.99900000642742,79.99900000642742,-12.0,0.13240896076886438,0.29735546913377053,0.28790202741399507,0.13162525241112866,13.928428779549389,12.939749679516957,5.37510280411235,62.72037489417064
44,79.99900000642742,79.99900000642742,-12.0,0.1319860717941118,0.2739891568553607,0.2829475016809938,0.13546363688559646,13.872437248768572,3.5467268669321648,14.060359188069253,104.03527975421079
44,79.99900000642742,79.99900000642742,-12.0,0.10943579408053292,0.3064324272408325,0.13841335340354766,0.20031695007143954,0.18887048706317522,3.7969105334753377,77.5301390871426,117.20840506215882
44,79.99900000642742,79.99900000642742,-12.0,0.09714220196921786,0.2958129132751674,0.15961961436657687,0.16675231959064596,10.69666827738757,4.299860541906053,5.893818608295074,92.9547739320931
44,79.99900000642742,79.99900000642742,-12.0,0.1319860717941118,0.3007309115512915,0.18963057052202326,0.13546363688559646,11.762861295212037,3.215828452325515,28.40583672335831,103.61610048884228
44,79.99900000642742,79.99900000642742,-12.0,0.09384115388315929,0.3018417778048738,0.19451749013445754,0.166638987696528,0.5870953871805913,4.417450289122466,21.162101681469235,112.85347677061861
44,79.99900000642742,79.99900000642742,-12.0,0.098322533794053,0.29732757220567774,0.08465510709586793,0.1846410812869548,12.218176528767934,5.0528883769448765,2.7329476506054586,61.804508736640535
44,79.99900000642742,79.99900000642742,-12.0,0.12706436856057904,0.29921539970926514,0.15819840683766306,0.16664929606786094,13.496098226718994,4.636189462547598,27.774517197471248,111.47863646834878
44,79.99900000642742,79.99900000642742,-12.0,0.17085050019345324,0.29750909702746814,0.14099188795443607,0.20334147990507248,11.06277057508239,36.89901567472829,53.44531662034386,68.38819292533583
44,79.99900000642742,79.99900000642742,-12.0,0.1320008244284646,0.29750909702746814,0.3428512777927308,0.20114751100034026,10.975085712741933,5.12493995093781,17.13909974024087,76.82155098594777
44,79.99900000642742,79.99900000642742,-12.0,0.09881380758761595,0.2992226830110148,0.08611708394006903,0.200685849958435,12.267776381256942,4.1813423362671145,35.11238572743153,64.96804416258912
44,6416.9681188596,0.0,-12.0,0.13233439804615807,0.3056755401405698,0.10152661405226865,0.6319421866534385,67.11606745109523,237.27208573003725,44.065107583355854,94.37604726402131
44,79.99900000642742,79.99900000642742,-12.0,0.1150641125831753,0.29684079112153644,0.3264908230689676,0.19904662276086704,12.22341321708248,4.441936118018948,6.664310350718533,75.07266894720937
44,79.99900000642742,79.99900000642742,-12.0,0.1319860717941118,0.2739891568553607,0.30023023059008563,0.11564656750562588,13.872437248768572,3.5467268669321648,14.060359188069253,104.03527975421079
44,79.99900000642742,79.99900000642742,-12.0,0.12949278192196237,0.3605137589893464,0.1032051964669985,0.16220403504023445,10.321206184380175,13.46904155662104,25.679880931822503,97.02739075475134
44,79.99900000642742,79.99900000642742,-12.0,0.13286662145885492,0.2839744691453105,0.30114423801879886,0.13634089254195597,11.015134258186405,4.32352947753018,29.990296227176323,66.23942198475777
44,79.99900000642742,79.99900000642742,-12.0,0.12950146764564682,0.30404612056056807,0.14995178387959607,0.16220403504023445,10.321206184380175,13.46904155662104,15.21323963986097,93.28124868871896
44,79.99900000642742,79.99900000642742,-12.0,0.11351024971085315,0.25989815523746673,0.1951133626856429,0.19980354139248135,17.14832848672008,4.349780151228831,10.958414228508417,104.72391272472775
44,79.99900000642742,79.99900000642742,-12.0,0.13214299161037096,0.33197721914440864,0.10635529682631542,0.20099183435485235,11.733882424761488,2.85832553212855,71.2493666225731,95.56452183881652
44,79.99900000642742,79.99900000642742,-12.0,0.15680295135791378,0.29732757220567774,0.08742359976682075,0.19907286633137727,12.890143326543537,4.441936118018948,6.664310350718533,21.545454445353208
44,79.99900000642742,79.99900000642742,-12.0,0.09773273291727894,0.23446764156637612,0.14715327110591023,0.1664997387636158,0.0026854143971393185,4.430406438963445,26.88003058785591,67.59570439353743
44,79.99900000642742,79.99900000642742,-12.0,0.13286662145885492,0.2839744691453105,0.30114423801879886,0.09819618847359268,11.015134258186405,3.243085372496537,77.52369904956733,66.77891207399597
44,79.99900000642742,79.99900000642742,-12.0,0.08173316748902064,0.3063174439514407,0.08611708394006903,0.1812426075026233,16.576523570574555,4.344117593126258,69.49420093602208,66.68171719281635
44,79.99900000642742,79.99900000642742,-12.0,0.08173316748902064,0.30643810897402574,0.08644592392572462,0.18019650741546464,16.576523570574555,4.344117593126258,69.49420093602208,66.32880976046474
44,79.99900000642742,79.99900000642742,-12.0,0.13214299161037096,0.2759376363987486,0.28764705200232177,0.20099183435485235,13.88656316754028,20.275652578487964,6.527934871023092,95.37124506312368
44,79.99900000642742,79.99900000642742,-12.0,0.10943579408053292,0.30631176221824746,0.13811270470868295,0.2013630501585982,0.18887048706317522,3.7969105334753377,77.5301390871426,117.56131249577493
44,79.99900000642742,79.99900000642742,-12.0,0.13264063572908208,0.2973410930941699,0.19203854416061716,0.17641363970840676,9.103118950883832,12.739577087067241,13.941431636873563,95.01655546929089
44,79.99900000642742,79.99900000642742,-12.0,0.131996263005437,0.2973148156631609,0.09442567545936802,0.19887330791584734,12.089761927765679,34.350208349396986,22.3508791006421,93.49141119290515
44,79.99900000642742,79.99900000642742,-12.0,0.11109614141402552,0.29353975855099873,0.19074346146637924,0.1759683997878465,9.127574560294127,4.432104924545644,16.991586178275412,94.80845598003472
45,6416.9681188596,0.0,-12.0,0.13233439804615807,0.3056755401405698,0.10152661405226865,0.6319421866534385,67.11606745109523,237.27208573003725,44.065107583355854,94.37604726402131
45,79.99900000642742,79.99900000642742,-12.0,0.11147546246187452,0.26416966594373553,0.10392286108273784,0.20055537350552605,9.99691955749224,3.266222566566205,7.428753816594568,22.397869544255094
45,6416.9681188596,0.0,-12.0,0.13233439804615807,0.30567737670275996,0.10152661405226865,0.6319421866534385,67.11606745109523,237.9425403608968,44.065107583355854,94.11755679165046
45,79.99900000642742,79.99900000642742,-12.0,0.100343852112977,0.31709483085325,0.15903958631191056,0.12915172519440646,10.69666827738757,4.430406438963445,2.703673855615099,92.9547739320931
45,79.99900000642742,79.99900000642742,-12.0,0.09384115388315929,0.3018417778048738,0.19451749013445754,0.166638987696528,0.5870953871805913,4.417450289122466,21.162101681469235,112.85347677061861
45,79.99900000642742,79.99900000642742,-12.0,0.09714220196921786,0.2958129132751674,0.1580341154400552,0.20077376178265183,10.80306773940515,4.309492717815297,1.2394486467059058,95.82971230148844
45,79.99900000642742,79.99900000642742,-12.0,0.08205245767860544,0.29896659821561167,0.08840197920310759,0.19914369892330588,12.226693741654486,18.129593664568603,27.707469436785654,66.63546786936743
45,79.99900000642742,79.99900000642742,-12.0,0.1320008244284646,0.29750909702746814,0.3428512777927308,0.20114751100034026,10.975085712741933,5.12493995093781,17.13909974024087,76.82155098594777
45,79.99900000642742,79.99900000642742,-12.0,0.09832807833873251,0.29896659821561167,0.08611298937923642,0.20072698656500193,12.218176453794424,5.123429835672997,27.005711569606284,58.562021863166855
45,79.99900000642742,79.99900000642742,-12.0,0.08173316748902064,0.30643810897402574,0.08644592392572462,0.18019650741546464,16.576523570574555,4.344117593126258,69.49420093602208,66.32880976046474
45,79.99900000642742,79.99900000642742,-12.0,0.10943579408053292,0.3064324272408325,0.13841335340354766,0.20031695007143954,0.18887048706317522,3.7969105334753377,77.5301390871426,117.20840506215882
45,79.99900000642742,79.99900000642742,-12.0,0.15046393066272923,0.29750696195396326,0.3428512777927308,0.20178444492325218,10.975085712741933,5.12493995093781,17.85065978953359,76.63117698003259
45,79.99900000642742,79.99900000642742,-12.0,0.09853567440158603,0.29893007731044435,0.0884056393216961,0.17672794381265788,12.270931509403855,12.770638921986848,13.941431636873563,89.59397401492845
45,79.99900000642742,79.99900000642742,-12.0,0.12949278192196237,0.3605137589893464,0.1032051964669985,0.16220403504023445,10.321206184380175,13.46904155662104,25.679880931822503,97.02739075475134
45,79.99900000642742,79.99900000642742,-12.0,0.13084433619908273,0.3053633249162114,0.15035450669065767,0.13293080397824134,10.248711897930512,4.6275178998929,4.011218251743266,112.38173097757337
45,79.99900000642742,79.99900000642742,-12.0,0.11109614141402552,0.29353975855099873,0.19074346146637924,0.1759683997878465,9.127574560294127,4.432104924545644,16.991586178275412,94.80845598003472
45,79.99900000642742,79.99900000642742,-12.0,0.1319860717941118,0.2739891568553607,0.2829475016809938,0.13546363688559646,13.872437248768572,3.5467268669321648,14.060359188069253,104.03527975421079
45,79.99900000642742,79.99900000642742,-12.0,0.131996263005437,0.2973148156631609,0.09442567545936802,0.19887330791584734,12.089761927765679,34.350208349396986,22.3508791006421,93.49141119290515
45,79.99900000642742,79.99900000642742,-12.0,0.13243304438865752,0.28799094502241146,0.19003526612424626,0.20041268246075084,9.050363895274405,5.092368183552573,27.005711569606284,66.21740914075247
45,79.99900000642742,79.99900000642742,-12.0,0.1326356739874302,0.29750909702746814,0.19003548904417664,0.14796143796551273,11.0888311885037,35.86583548615691,29.74809753273078,68.38819292533583
45,6416.9681188596,0.0,-12.0,0.13233439804615807,0.3056715017364437,0.1012927960098988,0.6319421866534385,67.11606745109523,237.89829507669222,44.065107583355854,94.58604719247694
45,79.99900000642742,79.99900000642742,-12.0,0.09714220196921786,0.2958129132751674,0.15961961436657687,0.16675231959064596,10.69666827738757,4.299860541906053,5.893818608295074,92.9547739320931
45,79.99900000642742,79.99900000642742,-12.0,0.08173316748902064,0.30643810897402574,0.08644592392572462,0.1814334380647732,16.68294848093553,4.327144864862823,69.49420093602208,80.32695111467777
45,79.99900000642742,79.99900000642742,-12.0,0.13188023153877215,0.29397800338766283,0.08742359976682075,0.1781657787708408,10.967736034687602,4.441936118018948,6.664310350718533,65.8988223681706
45,79.99900000642742,79.99900000642742,-12.0,0.13264063572908208,0.2973410930941699,0.19203854416061716,0.17641363970840676,9.103118950883832,12.739577087067241,13.941431636873563,95.01655546929089
45,79.99900000642742,79.99900000642742,-12.0,0.11185078463448245,0.3094590394732748,0.1511625177900316,0.13289362726243747,10.240663690865388,4.6275178998929,5.010039439353033,112.38173097757337
45,79.99900000642742,79.99900000642742,-12.0,0.13240896076886438,0.2973231969824122,0.28783756056129634,0.13162525241112866,14.00527982735878,4.451393323528303,5.524493494369515,61.82279835385689
45,79.99900000642742,79.99900000642742,-12.0,0.09879251701945048,0.29732757220567774,0.08465510709586793,0.19359131108257563,12.218176528767934,28.087226086166254,2.46150183763349,61.67587810052867
45,79.99900000642742,79.99900000642742,-12.0,0.09850669851115483,0.30675250464897036,0.1616034195308254,0.18051632853607114,0.345514358321072,4.349543632670208,80.88081126506695,105.80471734860913
45,79.99900000642742,79.99900000642742,-12.0,0.08173316748902064,0.3063174439514407,0.08611708394006903,0.1812426075026233,16.576523570574555,4.344117593126258,69.49420093602208,66.68171719281635
45,79.99900000642742,79.99900000642742,-12.0,0.1078662480634772,0.29787675297626137,0.14887647873557533,0.20056574892293344,16.6980517073371,4.416592462845045,26.48736029526352,103.71444655849272
45,79.99900000642742,79.99900000642742,-12.0,0.13286662145885492,0.2839744691453105,0.4097879233393047,0.13634089254195597,12.555459413809386,4.303007191675016,5.805608603511141,66.09704343970282
45,79.99900000642742,79.99900000642742,-12.0,0.1295464407025416,0.35877259106247766,0.10613617509068257,0.09948154038434935,11.015134258186405,3.243085372496537,25.16028417630425,98.22179156821956
45,79.99900000642742,79.99900000642742,-12.0,0.1319860717941118,0.2739891568553607,0.30023023059008563,0.11564656750562588,13.872437248768572,3.5467268669321648,14.060359188069253,104.03527975421079
45,79.99900000642742,79.99900000642742,-12.0,0.100343852112977,0.31709483085325,0.08603327966529185,0.20041723051406687,2.7987715480329705,4.430406438963445,2.703673855615099,64.23267310281075
45,79.99900000642742,79.99900000642742,-12.0,0.12446258686694957,0.2840747410725158,0.30114423801879886,0.13422543033786077,11.006593825342568,4.45943144465005,29.990296227176323,66.23942198475777
45,79.99900000642742,79.99900000642742,-12.0,0.09773273291727894,0.23446764156637612,0.14715327110591023,0.1664997387636158,0.0026854143971393185,4.430406438963445,26.88003058785591,67.59570439353743
45,79.99900000642742,79.99900000642742,-12.0,0.13281609201192068,0.2840747410725158,0.24418389534344262,0.20813789260140736,12.26555160728296,4.45943144465005,29.990296227176323,75.41326856379654
45,79.99900000642742,79.99900000642742,-12.0,0.1129925202295457,0.2976515398250299,0.1348360661848108,0.13542646016979262,11.711708298924655,56.10600647112077,80.0862987626877,103.61610048884228
45,79.99900000642742,79.99900000642742,-12.0,0.09881380758761595,0.2992226830110148,0.15923326413321998,0.12942034572703096,10.751997081305944,4.1813423362671145,35.11238572743153,93.690144991873
45,79.99900000642742,79.99900000642742,-12.0,0.09850669851115483,0.30675250464897036,0.1448360328411098,0.18051632853607114,0.345514358321072,4.349543632670208,80.88081126506695,105.80471734860913
45,79.99900000642742,79.99900000642742,-12.0,0.1150641125831753,0.29684079112153644,0.3264908230689676,0.19904662276086704,12.22341321708248,4.441936118018948,6.664310350718533,75.07266894720937
45,79.99900000642742,79.99900000642742,-12.0,0.13240896076886438,0.3093262331039797,0.3008788104174848,0.18409292206615915,11.05144236692239,22.754008668802484,29.560917379606202,62.840056622785085
45,79.99900000642742,79.99900000642742,-12.0,0.13218509977151602,0.2992175347827701,0.15819840683766306,0.17077383293409845,13.496098226718994,4.636189462547598,53.866150503353424,111.66901047426526
45,79.99900000642742,79.99900000642742,-12.0,0.09881380758761595,0.29922237038255056,0.08616166897287675,0.20067481035517126,12.459144393124763,4.1813423362671145,15.680338877585772,64.96804416258912
45,79.99900000642742,79.99900000642742,-12.0,0.1319860717941118,0.3007309115512915,0.18963057052202326,0.13422670624224425,11.656436384851176,3.232801180588951,28.40583672335831,103.61610048884228
45,79.99900000642742,79.99900000642742,-12.0,0.09491782903563306,0.3018417778048738,0.19273577807017347,0.166638987696528,11.95490281731058,11.969813993131908,21.162101681469235,112.85347677061861
45,79.99900000642742,79.99900000642742,-12.0,0.13214299161037096,0.2759376363987486,0.28764705200232177,0.20099183435485235,13.88656316754028,20.275652578487964,6.527934871023092,95.37124506312368
46,79.99900000642742,79.99900000642742,-12.0,0.11147546246187452,0.26416966594373553,0.10392286108273784,0.20055537350552605,9.99691955749224,3.266222566566205,7.428753816594568,22.397869544255094
46,6416.9681188596,0.0,-12.0,0.13233439804615807,0.3056755401405698,0.10152661405226865,0.6319421866534385,67.11606745109523,237.27208573003725,44.065107583355854,94.37604726402131
46,79.99900000642742,79.99900000642742,-12.0,0.13286662145885492,0.2812529075239337,0.15134061104764582,0.13750747409601147,12.555459413809386,4.304564347426658,25.94942489419215,66.09704343970282
46,6416.9681188596,0.0,-12.0,0.13233439804615807,0.3056755401405698,0.10152661405226865,0.6319421866534385,67.11606745109523,237.27208573003725,43.88457352729777,94.37604726402131
46,79.99900000642742,79.99900000642742,-12.0,0.10926419805141882,0.29356453019104245,0.1485896829480165,0.1759683997878465,9.127574560294127,4.615933065344931,4.315219144453006,94.80845598003472
46,79.99900000642742,79.99900000642742,-12.0,0.13240896076886438,0.2973231969824122,0.28783756056129634,0.13162525241112866,14.00527982735878,4.451393323528303,5.524493494369515,61.82279835385689
46,79.99900000642742,79.99900000642742,-12.0,0.15046393066272923,0.29750696195396326,0.3349827279781186,0.20178444492325218,13.297114707808493,5.12493995093781,24.505638063027604,76.63117698003259
46,79.99900000642742,79.99900000642742,-12.0,0.13214299161037096,0.2759376363987486,0.28764705200232177,0.20099183435485235,13.88656316754028,20.275652578487964,6.527934871023092,95.37124506312368
46,79.99900000642742,79.99900000642742,-12.0,0.13643988389114953,0.29750909702746814,0.3428512777927308,0.20114751100034026,10.976112454534277,4.44339127339982,17.01580100451212,76.82155098594777
46,79.99900000642742,79.99900000642742,-12.0,0.0842225233138672,0.30909279144589163,0.1389100899669381,0.1814334380647732,17.075224894262355,4.325325155826386,69.49420093602208,80.32695111467777
46,79.99900000642742,79.99900000642742,-12.0,0.131996263005437,0.2973148156631609,0.09442567545936802,0.19887330791584734,12.089761927765679,34.350208349396986,22.3508791006421,93.49141119290515
46,79.99900000642742,79.99900000642742,-12.0,0.13264063572908208,0.2973410930941699,0.19203854416061716,0.17641363970840676,9.103118950883832,12.739577087067241,13.941431636873563,95.01655546929089
46,79.99900000642742,79.99900000642742,-12.0,0.13240896076886438,0.3067159847211258,0.28730717092748986,0.18414406396551292,11.05144236692239,5.424528670105458,29.560917379606202,62.840056622785085
46,79.99900000642742,79.99900000642742,-12.0,0.1078662480634772,0.29787675297626137,0.14887647873557533,0.20056574892293344,16.6980517073371,4.416592462845045,26.48736029526352,103.71444655849272
46,79.99900000642742,79.99900000642742,-12.0,0.100343852112977,0.31709483085325,0.15903958631191056,0.12915172519440646,10.69666827738757,4.430406438963445,2.703673855615099,92.9547739320931
46,79.99900000642742,79.99900000642742,-12.0,0.1300701231867933,0.2957058360000298,0.24418389534344262,0.20813789260140736,12.24797109246017,4.45943144465005,29.19098770334925,75.41326856379654
46,79.99900000642742,79.99900000642742,-12.0,0.13286662145885492,0.2988306267758274,0.4097879233393047,0.13634089254195597,12.555803698595717,12.772645902960951,5.805608603511141,66.09704343970282
46,79.99900000642742,79.99900000642742,-12.0,0.13084433619908273,0.3053633249162114,0.15035450669065767,0.13293080397824134,10.248711897930512,4.6275178998929,4.011218251743266,112.38173097757337
46,79.99900000642742,79.99900000642742,-12.0,0.13286662145885492,0.2839744691453105,0.4097879233393047,0.13634089254195597,12.555459413809386,4.303007191675016,5.805608603511141,66.09704343970282
46,79.99900000642742,79.99900000642742,-12.0,0.09480646617546842,0.2841818183476534,0.1580341154400552,0.20077376178265183,10.820648254227939,4.309492717815297,2.15944344955264,95.82971230148844
46,79.99900000642742,79.99900000642742,-12.0,0.11467276373891816,0.29700765216241615,0.08774267084821465,0.19904662276086704,12.226795208040718,4.680302207489653,6.664310350718533,75.07266894720937
46,79.99900000642742,79.99900000642742,-12.0,0.13218509977151602,0.2992175347827701,0.15819840683766306,0.17077383293409845,13.496098226718994,4.636189462547598,53.866150503353424,111.66901047426526
46,79.99900000642742,79.99900000642742,-12.0,0.09850669851115483,0.30936275303182426,0.14762300552734126,0.18046518663671735,0.345514358321072,20.00221421115915,80.88081126506695,105.80471734860913
46,79.99900000642742,79.99900000642742,-12.0,0.12081024510533876,0.29684079112153644,0.3264908230689676,0.20175037697214893,4.1474827621944,4.441936118018948,6.664310350718533,75.07266894720937
46,79.99900000642742,79.99900000642742,-12.0,0.10049219981313515,0.31709483085325,0.1606007024093429,0.12915172519440646,10.784507300888244,4.521723239901593,3.829048821258695,92.95364527422035
46,79.99900000642742,79.99900000642742,-12.0,0.11185078463448245,0.3094590394732748,0.1511625177900316,0.13289362726243747,10.240663690865388,4.6275178998929,5.010039439353033,112.38173097757337
46,79.99900000642742,79.99900000642742,-12.0,0.11266164783439675,0.308501790653309,0.1511625177900316,0.13289362726243747,10.240663690865388,4.6275178998929,4.999346674117405,112.38173097757337
46,79.99900000642742,79.99900000642742,-12.0,0.1326762795630853,0.30533855327616766,0.19250828520919117,0.10085444841718522,10.248711897930512,4.443689759093614,16.687672880801742,112.38173097757337
46,79.99900000642742,79.99900000642742,-12.0,0.100343852112977,0.31709483085325,0.08603327966529185,0.20041723051406687,2.7987715480329705,4.430406438963445,2.703673855615099,64.23267310281075
46,79.99900000642742,79.99900000642742,-12.0,0.09881380758761595,0.29922237038255056,0.08616166897287675,0.20067481035517126,12.459144393124763,4.1813423362671145,15.680338877585772,64.96804416258912
46,79.99900000642742,79.99900000642742,-12.0,0.15046393066272923,0.29750696195396326,0.3428512777927308,0.20178444492325218,10.975085712741933,5.12493995093781,17.85065978953359,76.63117698003259
46,79.99900000642742,79.99900000642742,-12.0,0.09881380758761595,0.2992226830110148,0.15923326413321998,0.12942034572703096,10.751997081305944,4.1813423362671145,35.11238572743153,93.690144991873
46,79.99900000642742,79.99900000642742,-12.0,0.09384115388315929,0.3018417778048738,0.19451749013445754,0.166638987696528,0.5870953871805913,4.417450289122466,21.162101681469235,112.85347677061861
46,79.99900000642742,79.99900000642742,-12.0,0.1318479161895359,0.2973148156631609,0.1372368544131967,0.24713900925886026,12.001922904265005,34.26624426704178,3.5278904593491305,93.49253985077789
46,79.99900000642742,79.99900000642742,-12.0,0.1319860717941118,0.2877839765173628,0.1895618655396065,0.12092651285596996,11.656436384851176,3.1370529015340924,28.394760702971805,103.61610048884228
46,79.99900000642742,79.99900000642742,-12.0,0.13288172529496756,0.2972928877177654,0.19273577807017347,0.16614449943003978,11.952108219062147,11.969813993131908,21.162101681469235,112.46445370362821
46,79.99900000642742,79.99900000642742,-12.0,0.1078662480634772,0.3005983145976382,0.40732832325444746,0.19939916745694156,16.6980517073371,4.415035307093402,6.343789451432645,103.71444655849272
46,79.99900000642742,79.99900000642742,-12.0,0.09714220196921786,0.2958129132751674,0.1580341154400552,0.20077376178265183,10.80306773940515,4.309492717815297,1.2394486467059058,95.82971230148844
46,79.99900000642742,79.99900000642742,-12.0,0.1323350270868272,0.2973231969824122,0.28783756056129634,0.1277261543131878,11.86612826956495,4.451393323528303,6.137144434100772,96.26303444131516
46,79.99900000642742,79.99900000642742,-12.0,0.0825239336161911,0.2987997371747319,0.32921181705822944,0.16986350895573385,12.223311750696249,17.89129661211728,27.707469436785654,66.63546786936743
46,79.99900000642742,79.99900000642742,-12.0,0.13188023153877215,0.29397800338766283,0.08742359976682075,0.1781657787708408,10.967736034687602,4.441936118018948,6.664310350718533,65.8988223681706
46,79.99900000642742,79.99900000642742,-12.0,0.09491782903563306,0.3018417778048738,0.19273577807017347,0.166638987696528,11.95490281731058,11.969813993131908,21.162101681469235,112.85347677061861
46,79.99900000642742,79.99900000642742,-12.0,0.09590491102911214,0.31709483085325,0.15903958631191056,0.12915172519440646,10.695641535595225,5.111955116501434,2.828339153715607,92.9547739320931
46,79.99900000642742,79.99900000642742,-12.0,0.12446258686694957,0.2840747410725158,0.30114423801879886,0.13422543033786077,11.006593825342568,4.45943144465005,29.990296227176323,66.23942198475777
46,79.99900000642742,79.99900000642742,-12.0,0.12949278192196237,0.3605137589893464,0.1032051964669985,0.16220403504023445,7.820613053638179,13.46904155662104,25.679880931822503,97.02739075475134
46,79.99900000642742,79.99900000642742,-12.0,0.09832807833873251,0.29896659821561167,0.08611298937923642,0.20072698656500193,12.218176453794424,5.123429835672997,27.005711569606284,58.562021863166855
46,79.99900000642742,79.99900000642742,-12.0,0.13281609201192068,0.2840747410725158,0.24418389534344262,0.20813789260140736,12.26555160728296,4.45943144465005,29.990296227176323,75.41326856379654
46,79.99900000642742,79.99900000642742,-12.0,0.13243304438865752,0.3009378800563401,0.19003573241702146,0.21371299248447123,9.050363895274405,5.188116462618009,27.01678758999279,66.21740914075247
