generation,l_max_kg_per_m,s_max_kg_per_m,constraint,x_00,x_01,x_02,x_03
2,6416.968067419714,0.0,-10.032042010811963,10.071102521471909,25.158780438580173,14.314062273585142,9.522916321090992
2,159.60407570853278,159.60407570853275,-9.845634443846365,44.62536491664531,36.4047922429567,39.28254266868001,22.76574007150217
2,6416.968067419714,0.0,-8.474311588870819,39.05610583209211,35.74975255687956,8.71947473822257,12.468585494961713
2,720.7747593571278,146.88139240877396,-8.399101869398926,10.671086957691696,38.277972625633225,18.938494299378185,35.22029718741994
2,6416.968067419714,0.0,-7.622529938714042,7.3393978222345675,40.13112063639464,6.570516833202354,3.7404093373076925
2,192.01578519815365,192.01578519815354,-10.236121412019358,36.33973495105914,32.945422903016926,39.603200386884424,26.080131212366183
2,5644.57791977699,159.95205860427075,-7.429786587322425,14.220463104848372,37.23330569679736,2.195002866269334,21.810887965610974
2,2787.1695681928823,190.15955720242457,-9.507968975488723,7.589522308959841,10.51214170031462,29.617712888234376,24.80856684538883
2,6416.968067419715,0.0,-7.596920237759846,37.69049372860796,8.33076584526471,42.08771068910585,11.090987955147028
2,6416.968067419715,0.0,-10.687250119383933,2.732836429484805,12.797252180874647,14.118054853521853,4.855580142771165
2,197.7155954395979,197.71559543959782,-8.92624030162829,27.09238946858314,18.148022093826235,41.713513114675976,42.931924495553986
2,6416.968067419716,0.0,-8.675901611854584,34.2704046279879,8.785650318873074,5.598516523512137,11.699725042120171
2,274.9578204852685,199.8504441597658,-8.307926140744598,16.50845700923508,44.8143565968598,27.421180030310385,25.786985947672907
2,6416.968067419717,0.0,-11.208440827868415,14.83377992310331,13.648746036990488,8.768422149225277,2.6998018295497985
2,276.10193833255676,276.1019383325568,-11.499390912083953,30.15725937243167,26.91634844770288,30.754351455059215,28.967011985342825
2,341.19917841201436,199.88370301611403,-9.437292105316025,16.449724831791734,36.097152024368874,36.00958018014015,27.377944815932146
2,6416.968067419718,0.0,-8.08687746403195,9.031502197235909,39.03210830632424,19.17489214386237,3.2901397045528284
2,6416.968067419718,0.0,-9.659383103354836,24.151302518889295,6.206572977943052,23.872999016666483,12.072425204118147
2,404.36175890785285,255.87700501826262,-10.228323267918466,16.992145800519708,26.728762827528865,27.10066246710536,40.68351741306376
2,1466.5621658932407,234.17794000140987,-9.878688088370733,6.1482578902766445,21.662126663496146,37.92551798598717,24.332817506208865
2,2475.966758238297,232.7405690676855,-8.159222592738416,22.853294788171585,11.214896283582211,40.66085640592095,38.22394760078559
2,2479.74924997234,203.73172261219815,-7.9796870071781925,11.619211552077948,10.666220422966182,41.488620034600004,26.913786526284888
2,4843.989633068406,201.49339538086355,-8.801942849593601,36.23286486465613,35.56847951449631,11.050041361380634,23.53979354977272
2,6416.968067419719,0.0,-6.910485792105202,41.461228072183864,2.441619144990439,3.387847631855058,3.036488096296197
2,977.3938852825795,262.9327106673,-8.651073732564551,6.949445739904233,32.62454712357599,30.20712347365699,22.25250380727778
2,559.8107480295595,311.35138461637337,-8.94358306137574,18.26751098225338,22.10888731354236,20.902434395850605,44.334964258636546
2,1552.4102803878977,247.20220909553828,-9.291421687930445,3.2998384824013947,24.065605541601304,27.304884641221584,18.15925018248452
2,2750.157492348867,204.76128685754213,-7.164721732214559,11.516141560788714,4.4798807953210105,41.5503475150093,26.05789261068385
2,6416.968067419721,0.0,-9.541981688922668,23.12205777397607,35.2381094209813,16.393302369388465,10.98776559043434
2,1070.4414207345465,286.8047354527019,-9.97474424428166,10.489124540793137,21.982319670237686,37.50928046407824,27.718966739562973
2,4083.52617505961,223.0918218513047,-10.069678993522285,18.091662176637705,3.292534460308564,16.671075715367973,23.882815696962254
2,6416.968067419723,0.0,-7.406710197143507,34.572277536898554,17.551983647646882,42.682826793601194,7.467604971701498
2,1295.0579374556776,337.4527197840945,-9.81159135531734,9.21644951896679,22.91944598062485,24.288940126557062,41.066739735790755
2,1245.6532536221046,1160.818708292707,-9.325783971383341,30.271205266377233,14.145410250633951,34.647733136694974,34.85953794692079
2,5268.808475919856,276.6425814677105,-7.64576923411887,25.21777203448886,41.35380212887961,7.971366257124316,21.656046409296046
2,6416.968067419724,0.0,-9.089784216493705,21.294510900746513,22.26830377278158,33.33027866160399,11.018624321389103
2,6416.968067419724,0.0,-8.769159247341907,13.766550072885076,22.633522062605095,35.93555985317793,11.165780749465949
2,2753.9463325807496,347.58628347983455,-8.102878212939569,18.330323087346507,9.272780204830664,39.15071390562727,21.997358092338764
2,2504.316986252201,367.71360446966594,-11.28205063841483,9.756757646360956,15.261036085180582,20.746122706357884,17.58564962040115
2,1877.3835180874305,419.0331336003187,-9.695046143198322,2.6058115441104066,20.2771244462566,20.99108978649373,21.91766985387114
2,1769.0209550198665,734.7040574022309,-8.483934442110595,7.430758213636725,34.38726082412212,14.686747569831518,41.041217648879545
2,6416.968067419725,0.0,-9.593665541883297,44.76513094704187,26.31656676814717,23.525963175977054,6.026194474332749
2,6416.968067419725,0.0,-8.063569761151019,37.19962845827194,41.80025555475661,32.506653700195066,2.327355202352947
2,4388.224493534746,508.5961769778739,-8.737401286159944,13.50722188240208,24.582665335954754,13.066771942475011,38.08002874858207
2,2406.362985827941,1124.169127976424,-8.713723254427599,13.262841540333158,38.457629923054895,33.09702813399855,15.411461297781884
2,6416.968067419726,0.0,-7.0525111167407175,6.740202634296336,44.67095073928416,36.466878474546306,10.615226521449095
2,3071.697063692949,3044.226232866913,-11.103208074040584,19.044963748934435,21.432527570064405,14.557122804375574,18.82209265998857
2,6291.913737405253,6205.330642904212,-8.056578980529874,34.32388521234004,42.64460849131539,44.22034737713479,13.987452894530565
3,720.7747593571278,146.88139240877396,-8.399101869398926,10.671086957691696,38.277972625633225,18.938494299378185,35.22029718741994
3,159.45822102719848,159.4582210271985,-9.651089899978608,43.76132896739454,44.97590493004095,26.96759416321028,22.76574007150217
3,964.0309912304795,140.92725424360043,-8.470272550857931,7.326017047366287,34.38726082412212,37.67954412312645,41.041217648879545
3,4854.933345578062,85.61862054925552,-6.6435495862460705,41.29355252779122,22.10888731354236,3.2688444198565154,44.334964258636546
3,6416.968067419713,0.0,-7.002012833276062,11.516141560788714,3.2876730077212954,41.5503475150093,3.232445903459194
3,159.60407570853278,159.60407570853275,-9.845634443846365,44.62536491664531,36.4047922429567,39.28254266868001,22.76574007150217
3,159.60407570853278,159.60407570853275,-10.08751611361373,43.98387202663419,32.366993138225034,38.8360866893556,24.173710227060912
3,6416.968067419714,0.0,-10.032042010811963,10.071102521471909,25.158780438580173,14.314062273585142,9.522916321090992
3,6416.968067419714,0.0,-8.474311588870819,39.05610583209211,35.74975255687956,8.71947473822257,12.468585494961713
3,6416.968067419714,0.0,-7.622529938714042,7.3393978222345675,40.13112063639464,6.570516833202354,3.7404093373076925
3,192.01578519815365,192.01578519815354,-10.236121412019358,36.33973495105914,32.945422903016926,39.603200386884424,26.080131212366183
3,5644.57791977699,159.95205860427075,-7.429786587322425,14.220463104848372,37.23330569679736,2.195002866269334,21.810887965610974
3,700.5909862699216,188.99429360763855,-8.771422852761276,10.489124540793137,35.24154933629,37.50928046407824,27.718966739562973
3,747.7039057541135,185.2118455235235,-8.478708700292408,10.671086957691696,37.66765358878321,33.05744460796078,36.87343608435805
3,5120.61146055299,162.5429270062005,-8.854214261416644,34.2704046279879,10.152713965515515,5.598516523512137,27.450953750749154
3,6416.968067419715,0.0,-7.596920237759846,37.69049372860796,8.33076584526471,42.08771068910585,11.090987955147028
3,6416.968067419715,0.0,-10.687250119383933,2.732836429484805,12.797252180874647,14.118054853521853,4.855580142771165
3,6416.968067419715,0.0,-10.329187979346681,10.071102521471909,22.88066134648068,14.314062273585142,4.418392210968365
3,6416.968067419715,0.0,-8.907370611543296,30.15725937243167,26.91634844770288,3.20618980286822,3.0939671628509426
3,6416.968067419715,0.0,-11.256903526257696,14.389826670558934,13.648746036990488,8.768422149225277,3.071349183867632
3,6416.968067419715,0.0,-7.363077717563719,34.572277536898554,41.6708379513725,6.121100452694414,7.467604971701498
3,6416.968067419715,0.0,-10.549368295725506,2.732836429484805,13.854346162255919,14.006404581158327,9.391950500205995
3,6416.968067419715,0.0,-8.28118035767498,36.84171643642317,8.33076584526471,14.659846010652666,11.090987955147028
3,6416.968067419715,0.0,-9.538790573092154,34.2704046279879,15.401132355027768,5.598516523512137,11.778505943545351
3,197.7155954395979,197.71559543959782,-8.92624030162829,27.09238946858314,18.148022093826235,41.713513114675976,42.931924495553986
3,2787.1695681928823,190.15955720242457,-9.507968975488723,7.589522308959841,10.51214170031462,29.617712888234376,24.80856684538883
3,5391.107533363419,162.61553836419773,-6.910485792105202,41.461228072183864,2.441619144990439,3.387847631855058,25.95745306347602
3,6416.968067419716,0.0,-8.675901611854584,34.2704046279879,8.785650318873074,5.598516523512137,11.699725042120171
3,274.9578204852685,199.8504441597658,-8.307926140744598,16.50845700923508,44.8143565968598,27.421180030310385,25.786985947672907
3,348.1906446929185,197.99539702323125,-9.509242640772499,16.50845700923508,35.60426342997925,39.73610614136274,25.786985947672907
3,250.4045347261937,250.4045347261936,-9.93690281990257,27.01865353614839,26.52265378691075,27.10066246710536,42.917740847852315
3,265.3633548890931,204.8791097336946,-8.347534097995933,16.81211801482862,44.8143565968598,31.609845863140247,25.786985947672907
3,6416.968067419717,0.0,-11.208440827868415,14.83377992310331,13.648746036990488,8.768422149225277,2.6998018295497985
3,6416.968067419717,0.0,-8.795391777361989,33.35431335909781,8.785650318873074,5.598516523512137,11.699725042120171
3,6416.968067419717,0.0,-6.878609196794553,7.3393978222345675,15.993302938493391,43.00440549521605,3.7404093373076925
3,341.19917841201436,199.88370301611403,-9.437292105316025,16.449724831791734,36.097152024368874,36.00958018014015,27.377944815932146
3,276.10193833255676,276.1019383325568,-11.499390912083953,30.15725937243167,26.91634844770288,30.754351455059215,28.967011985342825
3,276.10193833255676,276.1019383325568,-10.652895276729662,30.15725937243167,24.28522093138909,18.531230185132088,28.85903306353799
3,6416.968067419718,0.0,-8.08687746403195,9.031502197235909,39.03210830632424,19.17489214386237,3.2901397045528284
3,6416.968067419718,0.0,-9.659383103354836,24.151302518889295,6.206572977943052,23.872999016666483,12.072425204118147
3,6416.968067419718,0.0,-7.7228187633704195,7.3393978222345675,40.13112063639464,24.24091489024704,11.88941873933796
3,404.36175890785285,255.87700501826262,-10.228323267918466,16.992145800519708,26.728762827528865,27.10066246710536,40.68351741306376
3,6416.968067419719,0.0,-6.910485792105202,41.461228072183864,2.441619144990439,3.387847631855058,3.036488096296197
3,6416.968067419719,0.0,-8.351007475832002,3.1368498435855106,25.158780438580173,37.49852567304559,9.522916321090992
3,4843.989633068406,201.49339538086355,-8.801942849593601,36.23286486465613,35.56847951449631,11.050041361380634,23.53979354977272
3,2479.74924997234,203.73172261219815,-7.9796870071781925,11.619211552077948,10.666220422966182,41.488620034600004,26.913786526284888
3,2475.966758238297,232.7405690676855,-8.159222592738416,22.853294788171585,11.214896283582211,40.66085640592095,38.22394760078559
3,1466.5621658932407,234.17794000140987,-9.878688088370733,5.937415047975547,21.662126663496146,37.92551798598717,24.332817506208865
4,159.45822102719848,159.4582210271985,-9.651089899978608,43.76132896739454,44.97590493004095,26.96759416321028,22.76574007150217
4,4854.933345578062,85.61862054925552,-6.6435495862460705,41.29355252779122,22.10888731354236,3.2688444198565154,44.334964258636546
4,6416.968067419713,0.0,-7.002012833276062,11.516141560788714,3.2876730077212954,41.5503475150093,3.232445903459194
4,159.45822102719848,159.4582210271985,-10.731916295553951,43.76132896739454,39.381250350315526,29.659275282895823,22.76574007150217
4,167.14287766542185,153.21430452663677,-10.236121412019358,36.3000703540554,42.887112062188486,39.603200386884424,26.080131212366183
4,159.45822102719848,159.4582210271985,-9.545372243718425,43.76132896739454,44.97797325629474,41.71235314359836,22.89354034543965
4,179.25811541503668,129.45664160406568,-10.621612335403718,27.09238946858314,36.584936140202515,32.36428573364918,42.931924495553986
4,6416.968067419713,0.0,-7.7228187633704195,7.3393978222345675,40.13112063639464,8.731276417738947,3.7404093373076925
4,159.60407570853278,159.60407570853275,-9.845634443846365,44.62536491664531,36.4047922429567,39.28254266868001,22.76574007150217
4,159.60407570853278,159.60407570853275,-10.08751611361373,43.98387202663419,32.366993138225034,38.8360866893556,24.173710227060912
4,159.60407570853278,159.60407570853275,-9.802925051950886,44.62536491664531,37.26109042531278,39.28254266868001,22.438301400303516
4,720.7747593571278,146.88139240877396,-8.399101869398926,10.671086957691696,38.277972625633225,18.938494299378185,35.22029718741994
4,964.0309912304795,140.92725424360043,-8.470272550857931,7.326017047366287,34.38726082412212,37.67954412312645,41.041217648879545
4,710.6885107240184,154.15462190142017,-8.042018965335167,9.513773707295062,39.85829497305877,18.938494299378185,35.22029718741994
4,6416.968067419714,0.0,-10.032042010811963,10.071102521471909,25.158780438580173,14.314062273585142,9.522916321090992
4,6416.968067419714,0.0,-8.474311588870819,39.05610583209211,35.74975255687956,8.71947473822257,12.468585494961713
4,6416.968067419714,0.0,-7.622529938714042,7.3393978222345675,40.13112063639464,6.570516833202354,3.7404093373076925
4,6416.968067419714,0.0,-9.397234776351617,34.2704046279879,14.315871246683644,6.0641450137385,11.778505943545351
4,6416.968067419714,0.0,-7.460717534246008,11.516141560788714,2.984248688359083,37.785414259139614,3.3653925411054013
4,6416.968067419714,0.0,-9.847638729107153,10.071102521471909,26.572538931650367,14.314062273585142,9.522916321090992
4,159.60407570874776,159.60407570874779,-9.534130703435139,41.47104771165107,43.97242270525161,25.067424764921057,29.101377452810432
4,2777.471258215999,144.36118271572892,-7.606526973720413,37.69704779308952,8.404417487629077,42.08771068910585,38.18229773941516
4,6416.968067419715,0.0,-7.596920237759846,37.69049372860796,8.33076584526471,42.08771068910585,11.090987955147028
4,6416.968067419715,0.0,-10.687250119383933,2.732836429484805,12.797252180874647,14.118054853521853,4.855580142771165
4,6416.968067419715,0.0,-10.329187979346681,10.071102521471909,22.88066134648068,14.314062273585142,4.418392210968365
4,6416.968067419715,0.0,-8.907370611543296,30.15725937243167,26.91634844770288,3.20618980286822,3.0939671628509426
4,6416.968067419715,0.0,-11.256903526257696,14.389826670558934,13.648746036990488,8.768422149225277,3.071349183867632
4,6416.968067419715,0.0,-7.363077717563719,34.572277536898554,41.6708379513725,6.121100452694414,7.467604971701498
4,6416.968067419715,0.0,-10.549368295725506,2.732836429484805,13.854346162255919,14.006404581158327,9.391950500205995
4,6416.968067419715,0.0,-8.28118035767498,36.84171643642317,8.33076584526471,14.659846010652666,11.090987955147028
4,6416.968067419715,0.0,-9.538790573092154,34.2704046279879,15.401132355027768,5.598516523512137,11.778505943545351
4,6416.968067419715,0.0,-9.385573868315213,42.15282098979239,22.10888731354236,3.2688444198565154,13.077848797710852
4,6416.968067419715,0.0,-8.38599941423664,37.87763137366592,10.942315049706067,38.64965287389178,11.644883828003888
4,6416.968067419715,0.0,-8.890449771553087,11.516141560788714,4.310589206132315,27.008420570690824,3.1685354859311943
4,6416.968067419715,0.0,-11.08159780796065,14.389826670558934,13.648746036990488,6.607662564688816,3.071349183867632
4,6416.968067419715,0.0,-7.46090981760155,8.921967125128514,40.13112063639464,5.331429238006585,3.7229273874484954
4,6416.968067419715,0.0,-6.9502559393714165,7.3393978222345675,15.412123597464188,42.45511380212676,3.7404093373076925
4,6416.968067419715,0.0,-8.895920500567147,30.15725937243167,27.00413263185337,3.20618980286822,3.0939671628509426
4,159.97635684231136,159.97635684231136,-9.657458464446776,39.06099601216136,22.10888731354236,40.06837241945037,44.85029293550313
4,5379.882781926333,147.64682472851902,-8.570311249883225,44.158947067390635,32.366993138225034,6.072712720663127,22.68527888740685
4,4589.386473278556,156.5705236558118,-7.471200329394733,39.05610583209211,33.73187793996036,8.71947473822257,43.440272212862844
4,5124.942954407493,155.52981563325935,-8.385747431932389,30.15725937243167,26.91634844770288,3.233855919228663,30.94312560774696
4,6416.968067419716,0.0,-8.675901611854584,34.2704046279879,8.785650318873074,5.598516523512137,11.699725042120171
4,6416.968067419716,0.0,-8.842077676772867,32.99638813028107,8.785650318873074,5.551913793906477,3.3445249369946293
4,6416.968067419717,0.0,-8.210796480198738,22.846736626030264,11.141244641217929,40.18266614228658,11.132105823810278
4,192.01578519815365,192.01578519815354,-10.236121412019358,36.33973495105914,32.945422903016926,39.603200386884424,26.080131212366183
4,6416.968067419717,0.0,-11.208440827868415,14.83377992310331,13.648746036990488,8.768422149225277,2.6998018295497985
4,5644.57791977699,159.95205860427075,-7.429786587322425,14.220463104848372,37.23330569679736,2.195002866269334,21.810887965610974
5,159.45822102719848,159.4582210271985,-9.651089899978608,43.76132896739454,44.97590493004095,26.96759416321028,22.76574007150217
5,4854.933345578062,85.61862054925552,-6.6435495862460705,41.29355252779122,22.10888731354236,3.2688444198565154,44.334964258636546
5,6416.968067419713,0.0,-7.002012833276062,11.516141560788714,3.2876730077212954,41.5503475150093,3.232445903459194
5,159.45822102719848,159.4582210271985,-10.731916295553951,43.76132896739454,39.381250350315526,29.659275282895823,22.76574007150217
5,167.14287766542185,153.21430452663677,-10.236121412019358,36.3000703540554,42.887112062188486,39.603200386884424,26.080131212366183
5,159.45822102719848,159.4582210271985,-9.545372243718425,43.76132896739454,44.97797325629474,41.71235314359836,22.89354034543965
5,179.25811541503668,129.45664160406568,-10.621612335403718,27.09238946858314,36.584936140202515,32.36428573364918,42.931924495553986
5,6416.968067419713,0.0,-7.7228187633704195,7.3393978222345675,40.13112063639464,8.731276417738947,3.7404093373076925
5,6416.968067419713,0.0,-6.675423306080283,10.674666248988473,3.2876730077212954,44.10942766110569,5.671241310239237
5,6416.968067419713,0.0,-8.803767543009425,11.172342554059684,2.5039717337631435,27.008420570690824,12.301754956637275
5,159.45822102719848,159.4582210271985,-9.607964447534421,43.76132896739454,44.97797325629474,41.71235314359836,23.37341390802897
5,2740.442701847994,106.60408024391486,-7.507044154145646,41.7571337629726,7.6417158708892465,42.08771068910585,38.18229773941516
5,159.45822102719848,159.4582210271985,-9.650218387221631,43.76132896739454,44.98258652784441,26.96759416321028,22.384090373588098
5,159.45822102719848,159.4582210271985,-9.578929814321349,43.76132896739454,44.9949965481432,41.71235314359836,23.15081505339538
5,720.7747593571278,146.88139240877396,-8.399101869398926,10.671086957691696,38.277972625633225,18.938494299378185,35.22029718741994
5,964.0309912304795,140.92725424360043,-8.470272550857931,7.326017047366287,34.38726082412212,37.67954412312645,41.041217648879545
5,710.6885107240184,154.15462190142017,-8.042018965335167,9.513773707295062,39.85829497305877,18.938494299378185,35.22029718741994
5,710.6885107240184,154.15462190142017,-8.042018965335167,9.513773707295062,39.85829497305877,18.938494299378185,35.60194664770076
5,964.0309912304795,140.92725424360043,-8.470272550857931,7.326017047366287,34.38726082412212,40.26463860017977,41.041217648879545
5,6416.968067419714,0.0,-10.032042010811963,10.071102521471909,25.158780438580173,14.314062273585142,9.522916321090992
5,6416.968067419714,0.0,-8.474311588870819,39.05610583209211,35.74975255687956,8.71947473822257,12.468585494961713
5,6416.968067419714,0.0,-7.622529938714042,7.3393978222345675,40.13112063639464,6.570516833202354,3.7404093373076925
5,6416.968067419714,0.0,-9.397234776351617,34.2704046279879,14.315871246683644,6.0641450137385,11.778505943545351
5,6416.968067419714,0.0,-7.460717534246008,11.516141560788714,2.984248688359083,37.785414259139614,3.3653925411054013
5,6416.968067419714,0.0,-9.847638729107153,10.071102521471909,26.572538931650367,14.314062273585142,9.522916321090992
5,6416.968067419714,0.0,-8.895920500567147,37.10876859548925,27.00413263185337,3.20618980286822,3.0939671628509426
5,6416.968067419714,0.0,-7.133194476790948,3.5659116157001947,40.878087293636206,8.731276417738947,4.546320573078522
5,6416.968067419714,0.0,-9.397234776351617,34.2704046279879,14.315871246683644,5.926547662968233,11.535324093921652
5,159.60407570853278,159.60407570853275,-9.845634443846365,44.62536491664531,36.4047922429567,39.28254266868001,22.76574007150217
5,159.60407570853278,159.60407570853275,-10.08751611361373,43.98387202663419,32.366993138225034,38.8360866893556,24.173710227060912
5,159.60407570853278,159.60407570853275,-9.802925051950886,44.62536491664531,37.26109042531278,39.28254266868001,22.438301400303516
5,159.60407570853278,159.60407570853275,-10.4847549275988,43.98387202663419,32.366993138225034,24.409953969540233,24.173710227060912
5,159.60407570853278,159.60407570853275,-9.682047123153456,44.603881832434055,44.97590493004095,27.20493287421749,22.76574007150217
5,159.60407570874776,159.60407570874779,-9.534130703435139,41.47104771165107,43.97242270525161,25.067424764921057,29.101377452810432
5,159.60407570874776,159.60407570874779,-10.644506687049478,41.47104771165107,43.97242270525161,39.493492852097745,29.101377452810432
5,6416.968067419715,0.0,-7.596920237759846,37.69049372860796,8.33076584526471,42.08771068910585,11.090987955147028
5,6416.968067419715,0.0,-9.75008565651165,7.3393978222345675,24.588741122311895,8.731276417738947,9.539063094622021
5,2777.471258215999,144.36118271572892,-7.606526973720413,37.69704779308952,8.404417487629077,42.08771068910585,38.18229773941516
5,6416.968067419715,0.0,-10.990719783913923,11.37835623055854,3.6405412405652915,7.457901265958451,3.071349183867632
5,6416.968067419715,0.0,-7.67415850115659,13.250950477631035,8.33076584526471,41.49555066973079,11.64112737920914
5,6416.968067419715,0.0,-10.991481707334145,14.390423231069688,12.92886319219207,5.1968896150872,11.49729652905167
5,6416.968067419715,0.0,-8.474311588870819,39.397316532569896,35.74975255687956,8.71947473822257,3.3392700032543114
5,6416.968067419715,0.0,-11.256903526257696,14.389826670558934,13.648746036990488,8.768422149225277,3.071349183867632
5,6416.968067419715,0.0,-10.687250119383933,2.732836429484805,12.797252180874647,14.118054853521853,4.855580142771165
5,6416.968067419715,0.0,-11.08159780796065,14.389826670558934,13.648746036990488,6.607662564688816,3.071349183867632
5,6416.968067419715,0.0,-9.385573868315213,42.15282098979239,22.10888731354236,3.2688444198565154,13.077848797710852
5,6416.968067419715,0.0,-8.666231158101887,39.20764049154265,13.648746036990488,9.323811959008427,2.280871893494769
5,6416.968067419715,0.0,-8.28118035767498,36.84171643642317,8.33076584526471,14.659846010652666,11.090987955147028
6,4854.933345578062,85.61862054925552,-6.6435495862460705,41.29355252779122,22.10888731354236,3.2688444198565154,44.334964258636546
6,6416.968067419713,0.0,-7.002012833276062,11.516141560788714,3.2876730077212954,41.5503475150093,3.232445903459194
6,6416.968067419713,0.0,-7.7228187633704195,7.3393978222345675,40.13112063639464,8.731276417738947,3.7404093373076925
6,6416.968067419713,0.0,-6.675423306080283,10.674666248988473,3.2876730077212954,44.10942766110569,5.671241310239237
6,6416.968067419713,0.0,-8.803767543009425,11.172342554059684,2.5039717337631435,27.008420570690824,12.301754956637275
6,2740.442701847994,106.60408024391486,-7.507044154145646,41.7571337629726,7.6417158708892465,42.08771068910585,38.18229773941516
6,159.38088288104737,159.38088288104743,-9.461575661738529,43.300302674700816,44.9949965481432,41.95624813598488,22.49499487598034
6,3009.434659125552,96.08360012278862,-7.51218259555062,3.3584355239697974,3.272944022347927,37.67954412312645,44.19626176505772
6,6416.968067419713,0.0,-8.472527772639346,41.699782014384375,35.76342848132087,8.71947473822257,10.862118037442697
6,159.60407570853278,125.74643442459977,-9.538982359906896,26.12719464076276,44.9949965481432,41.71235314359836,23.01919996689727
6,159.45822102719848,159.4582210271985,-9.651089899978608,43.76132896739454,44.97590493004095,26.96759416321028,22.76574007150217
6,159.45822102719848,159.4582210271985,-10.731916295553951,43.76132896739454,39.381250350315526,29.659275282895823,22.76574007150217
6,159.45822102719848,159.4582210271985,-9.545372243718425,43.76132896739454,44.97797325629474,41.71235314359836,22.89354034543965
6,159.45822102719848,159.4582210271985,-9.607964447534421,43.76132896739454,44.97797325629474,41.71235314359836,23.37341390802897
6,159.45822102719848,159.4582210271985,-9.650218387221631,43.76132896739454,44.98258652784441,26.96759416321028,22.384090373588098
6,159.45822102719848,159.4582210271985,-9.578929814321349,43.76132896739454,44.9949965481432,41.71235314359836,23.15081505339538
6,159.45822102719848,159.4582210271985,-9.697472741826914,43.76132896739454,44.97797325629474,41.71235314359836,24.059644164271408
6,6416.968067419714,0.0,-10.032042010811963,10.071102521471909,25.158780438580173,14.314062273585142,9.522916321090992
6,6416.968067419714,0.0,-8.474311588870819,39.05610583209211,35.74975255687956,8.71947473822257,12.468585494961713
6,6416.968067419714,0.0,-7.622529938714042,7.3393978222345675,40.13112063639464,6.570516833202354,3.7404093373076925
6,6416.968067419714,0.0,-9.397234776351617,34.2704046279879,14.315871246683644,6.0641450137385,11.778505943545351
6,6416.968067419714,0.0,-7.460717534246008,11.516141560788714,2.984248688359083,37.785414259139614,3.3653925411054013
6,6416.968067419714,0.0,-9.847638729107153,10.071102521471909,26.572538931650367,14.314062273585142,9.522916321090992
6,6416.968067419714,0.0,-8.895920500567147,37.10876859548925,27.00413263185337,3.20618980286822,3.0939671628509426
6,6416.968067419714,0.0,-7.133194476790948,3.5659116157001947,40.878087293636206,8.731276417738947,4.546320573078522
6,6416.968067419714,0.0,-9.397234776351617,34.2704046279879,14.315871246683644,5.926547662968233,11.535324093921652
6,6416.968067419714,0.0,-8.231718579975336,7.485969964287609,36.376127517810005,8.731276417738947,3.7404093373076925
6,6416.968067419714,0.0,-9.495905157207932,10.071102521471909,29.269162982877738,14.314062273585142,10.77548359098625
6,6416.968067419714,0.0,-7.539515478189781,36.41100550409791,7.890662688560894,42.08771068910585,11.090987955147028
6,6416.968067419714,0.0,-6.848211799832939,41.39985504863795,43.20901391122954,3.711971043282153,3.016464825448713
6,167.14287766542185,153.21430452663677,-10.236121412019358,36.3000703540554,42.887112062188486,39.603200386884424,26.080131212366183
6,179.25811541503668,129.45664160406568,-10.621612335403718,27.09238946858314,36.584936140202515,32.36428573364918,42.931924495553986
6,166.38876634286402,159.45590107857794,-9.852489696744549,36.82939236223167,43.17222178695161,39.603200386884424,23.138954728592694
6,178.4159449355676,133.5608661846352,-10.49103706884123,27.525806371240762,36.584936140202515,32.12028323302495,43.68899903857552
6,6416.968067419715,0.0,-7.658315538113005,3.5659116157001947,36.85215915683379,8.731276417738947,4.546320573078522
6,159.60407570853278,159.60407570853275,-9.803164149803614,44.66682610547927,37.07681641534712,39.28254266868001,22.44013448384107
6,159.60407570853278,159.60407570853275,-9.845634443846365,44.62536491664531,36.4047922429567,39.28254266868001,22.76574007150217
6,6416.968067419715,0.0,-7.596920237759846,37.69049372860796,8.33076584526471,42.08771068910585,11.090987955147028
6,4854.0702477360865,134.4938591253948,-7.929117188155011,14.390423231069688,12.92886319219207,5.453014702075482,36.66311625955363
6,2761.078047665856,140.86800871172812,-7.498758263208778,37.69704779308952,8.404417487629077,42.91393746969503,38.81899876714809
6,964.0309912304795,140.92725424360043,-8.470272550857931,7.326017047366287,34.38726082412212,40.26463860017977,41.041217648879545
6,710.6885107240184,154.15462190142017,-8.042018965335167,9.513773707295062,39.85829497305877,18.938494299378185,35.22029718741994
6,720.7747593571278,146.88139240877396,-8.399101869398926,10.671086957691696,38.277972625633225,18.938494299378185,35.22029718741994
6,964.0309912304795,140.92725424360043,-8.470272550857931,7.326017047366287,34.38726082412212,37.67954412312645,41.041217648879545
6,710.6885107240184,154.15462190142017,-8.042018965335167,9.513773707295062,39.85829497305877,18.938494299378185,35.60194664770076
6,159.60407570853278,159.60407570853275,-10.08751611361373,43.98387202663419,32.366993138225034,38.8360866893556,24.173710227060912
6,6416.968067419715,0.0,-10.687250119383933,2.732836429484805,12.797252180874647,14.118054853521853,4.855580142771165
6,6416.968067419715,0.0,-10.991481707334145,14.390423231069688,12.92886319219207,5.1968896150872,11.49729652905167
7,4854.933345578062,85.61862054925552,-6.6435495862460705,41.29355252779122,22.10888731354236,3.2688444198565154,44.334964258636546
7,6416.968067419713,0.0,-7.002012833276062,11.516141560788714,3.2876730077212954,41.5503475150093,3.232445903459194
7,6416.968067419713,0.0,-7.7228187633704195,7.3393978222345675,40.13112063639464,8.731276417738947,3.7404093373076925
7,6416.968067419713,0.0,-6.675423306080283,10.674666248988473,3.2876730077212954,44.10942766110569,5.671241310239237
7,6416.968067419713,0.0,-8.803767543009425,11.172342554059684,2.5039717337631435,27.008420570690824,12.301754956637275
7,159.38088288104737,159.38088288104743,-9.461575661738529,43.300302674700816,44.9949965481432,41.95624813598488,22.49499487598034
7,3009.434659125552,96.08360012278862,-7.51218259555062,3.3584355239697974,3.272944022347927,37.67954412312645,44.19626176505772
7,6416.968067419713,0.0,-8.472527772639346,41.699782014384375,35.76342848132087,8.71947473822257,10.862118037442697
7,159.60407570853278,125.74643442459977,-9.538982359906896,26.12719464076276,44.9949965481432,41.71235314359836,23.01919996689727
7,159.38088288104737,159.38088288104743,-11.088564630842114,43.32735024788536,44.98762443225389,42.08656603645723,35.098894872913476
7,159.38088288104737,159.38088288104743,-10.358816416301359,43.300302674700816,44.9949965481432,32.412589073120316,22.49499487598034
7,6416.968067419713,0.0,-7.313731925331503,7.24967991083543,42.01666300294579,6.088607763820738,12.403526845049264
7,159.58223863077973,126.33593891603398,-9.772664812099201,27.758586748980463,44.834823189553234,32.12028323302495,43.56047653107002
7,6416.968067419713,0.0,-7.163046542488345,41.39985504863795,43.585534002950546,6.502224162027907,3.016464825448713
7,6416.968067419713,0.0,-10.016325678660884,10.071102521471909,25.27927231840512,14.314062273585142,7.244793004390896
7,165.38884174968763,99.69114524019899,-10.761841738484428,27.09238946858314,36.584936140202515,41.59653584028304,42.931924495553986
7,4854.933345578063,85.61862054925552,-6.6435495862460705,42.41949063603269,22.10888731354236,3.2688444198565154,44.334964258636546
7,159.45822102719848,159.4582210271985,-9.651089899978608,43.76132896739454,44.97590493004095,26.96759416321028,22.76574007150217
7,159.45822102719848,159.4582210271985,-10.731916295553951,43.76132896739454,39.381250350315526,29.659275282895823,22.76574007150217
7,159.45822102719848,159.4582210271985,-9.545372243718425,43.76132896739454,44.97797325629474,41.71235314359836,22.89354034543965
7,159.45822102719848,159.4582210271985,-9.607964447534421,43.76132896739454,44.97797325629474,41.71235314359836,23.37341390802897
7,159.45822102719848,159.4582210271985,-9.650218387221631,43.76132896739454,44.98258652784441,26.96759416321028,22.384090373588098
7,159.45822102719848,159.4582210271985,-9.578929814321349,43.76132896739454,44.9949965481432,41.71235314359836,23.15081505339538
7,159.45822102719848,159.4582210271985,-9.697472741826914,43.76132896739454,44.97797325629474,41.71235314359836,24.059644164271408
7,159.45822102719848,159.4582210271985,-11.364630572413901,43.76132896739454,41.747414803960446,41.7915878504341,36.9204222389407
7,159.45822102719848,159.4582210271985,-9.710704107200058,43.76132896739454,44.51886267467648,26.96759416321028,22.76574007150217
7,159.45822102719848,159.4582210271985,-8.97363408806438,43.78767400043883,36.6589099170272,42.89321890914575,19.69108025097273
7,159.45822102719848,159.4582210271985,-10.514792450711855,43.76132896739454,39.381250350315526,34.152331282711266,22.76574007150217
7,6416.968067419714,0.0,-10.032042010811963,10.071102521471909,25.158780438580173,14.314062273585142,9.522916321090992
7,6416.968067419714,0.0,-8.474311588870819,39.05610583209211,35.74975255687956,8.71947473822257,12.468585494961713
7,6416.968067419714,0.0,-7.622529938714042,7.3393978222345675,40.13112063639464,6.570516833202354,3.7404093373076925
7,6416.968067419714,0.0,-9.397234776351617,34.2704046279879,14.315871246683644,6.0641450137385,11.778505943545351
7,6416.968067419714,0.0,-7.460717534246008,11.516141560788714,2.984248688359083,37.785414259139614,3.3653925411054013
7,6416.968067419714,0.0,-9.847638729107153,10.071102521471909,26.572538931650367,14.314062273585142,9.522916321090992
7,6416.968067419714,0.0,-8.895920500567147,37.10876859548925,27.00413263185337,3.20618980286822,3.0939671628509426
7,6416.968067419714,0.0,-7.133194476790948,3.5659116157001947,40.878087293636206,8.731276417738947,4.546320573078522
7,6416.968067419714,0.0,-9.397234776351617,34.2704046279879,14.315871246683644,5.926547662968233,11.535324093921652
7,6416.968067419714,0.0,-8.231718579975336,7.485969964287609,36.376127517810005,8.731276417738947,3.7404093373076925
7,6416.968067419714,0.0,-9.495905157207932,10.071102521471909,29.269162982877738,14.314062273585142,10.77548359098625
7,6416.968067419714,0.0,-7.539515478189781,36.41100550409791,7.890662688560894,42.08771068910585,11.090987955147028
7,6416.968067419714,0.0,-6.848211799832939,41.39985504863795,43.20901391122954,3.711971043282153,3.016464825448713
7,6416.968067419714,0.0,-8.474311588870819,35.63907997808702,35.74975255687956,8.71947473822257,12.468585494961713
7,6416.968067419714,0.0,-7.25858389846745,7.3393978222345675,40.13112063639464,3.7802638579784706,3.7404093373076925
7,6416.968067419714,0.0,-7.002012833276062,11.215429865816272,3.6600826378888875,41.5503475150093,3.232445903459194
7,6416.968067419714,0.0,-7.117403807191991,11.518728524309878,8.131217540129779,40.66568338165384,3.232445903459194
7,2740.442701847994,106.60408024391486,-7.507044154145646,41.7571337629726,7.6417158708892465,42.08771068910585,38.18229773941516
7,171.63066354437638,120.1628292666749,-10.423745546026275,24.379826690577787,36.464444171042985,32.36428573364918,43.85039282647926
7,166.38876634286402,129.528021671732,-9.237342865915242,26.12719464076276,43.28373993158653,42.088275720809875,20.907904359493436
8,4854.933345578062,85.61862054925552,-6.6435495862460705,41.29355252779122,22.10888731354236,3.2688444198565154,44.334964258636546
8,6416.968067419713,0.0,-7.002012833276062,11.516141560788714,3.2876730077212954,41.5503475150093,3.232445903459194
8,6416.968067419713,0.0,-7.7228187633704195,7.3393978222345675,40.13112063639464,8.731276417738947,3.7404093373076925
8,6416.968067419713,0.0,-6.675423306080283,10.674666248988473,3.2876730077212954,44.10942766110569,5.671241310239237
8,6416.968067419713,0.0,-8.803767543009425,11.172342554059684,2.5039717337631435,27.008420570690824,12.301754956637275
8,3009.434659125552,96.08360012278862,-7.51218259555062,3.3584355239697974,3.272944022347927,37.67954412312645,44.19626176505772
8,6416.968067419713,0.0,-8.472527772639346,41.699782014384375,35.76342848132087,8.71947473822257,10.862118037442697
8,6416.968067419713,0.0,-7.313731925331503,7.24967991083543,42.01666300294579,6.088607763820738,12.403526845049264
8,6416.968067419713,0.0,-7.163046542488345,41.39985504863795,43.585534002950546,6.502224162027907,3.016464825448713
8,6416.968067419713,0.0,-10.016325678660884,10.071102521471909,25.27927231840512,14.314062273585142,7.244793004390896
8,165.38884174968763,96.96278876735536,-10.455576620122386,27.09238946858314,29.755956594554696,41.59653584028304,42.931924495553986
8,6416.968067419713,0.0,-9.945911799452976,10.071102521471909,25.819112058999067,14.314062273585142,3.9921423050592875
8,157.29086223322113,120.1628292666749,-10.423745546026275,24.379826690577787,36.464444171042985,40.83430596066964,42.44298146925636
8,6416.968067419713,0.0,-6.675423306080283,10.42999471597089,3.2876730077212954,44.10942766110569,5.671241310239237
8,4854.9333455780625,85.61862054925552,-6.6435495862460705,42.41949063603269,23.543467332927108,3.2688444198565154,44.334964258636546
8,165.38884174968763,99.69114524019899,-10.761841738484428,27.09238946858314,36.584936140202515,41.59653584028304,42.931924495553986
8,159.60407570853278,125.74643442459977,-9.538982359906896,26.12719464076276,44.9949965481432,41.71235314359836,23.01919996689727
8,159.60407570853278,125.74643442459977,-9.539153463511568,26.144912458131245,44.91588105735092,41.63435715031064,22.767867037232705
8,159.60407570853278,125.74643442459977,-9.534363507366166,26.09178343795048,44.9949965481432,41.71235314359836,23.01919996689727
8,159.20750426389276,125.8638017295581,-9.613999218112557,26.595965461053524,44.88863812219057,41.597187335538344,43.56047653107002
8,6416.968067419714,0.0,-10.032042010811963,10.071102521471909,25.158780438580173,14.314062273585142,9.522916321090992
8,6416.968067419714,0.0,-8.474311588870819,39.05610583209211,35.74975255687956,8.71947473822257,12.468585494961713
8,6416.968067419714,0.0,-7.622529938714042,7.3393978222345675,40.13112063639464,6.570516833202354,3.7404093373076925
8,6416.968067419714,0.0,-9.397234776351617,34.2704046279879,14.315871246683644,6.0641450137385,11.778505943545351
8,6416.968067419714,0.0,-7.460717534246008,11.516141560788714,2.984248688359083,37.785414259139614,3.3653925411054013
8,6416.968067419714,0.0,-9.847638729107153,10.071102521471909,26.572538931650367,14.314062273585142,9.522916321090992
8,6416.968067419714,0.0,-8.895920500567147,37.10876859548925,27.00413263185337,3.20618980286822,3.0939671628509426
8,6416.968067419714,0.0,-7.133194476790948,3.5659116157001947,40.878087293636206,8.731276417738947,4.546320573078522
8,6416.968067419714,0.0,-9.397234776351617,34.2704046279879,14.315871246683644,5.926547662968233,11.535324093921652
8,6416.968067419714,0.0,-8.231718579975336,7.485969964287609,36.376127517810005,8.731276417738947,3.7404093373076925
8,6416.968067419714,0.0,-9.495905157207932,10.071102521471909,29.269162982877738,14.314062273585142,10.77548359098625
8,6416.968067419714,0.0,-7.539515478189781,36.41100550409791,7.890662688560894,42.08771068910585,11.090987955147028
8,6416.968067419714,0.0,-6.848211799832939,41.39985504863795,43.20901391122954,3.711971043282153,3.016464825448713
8,6416.968067419714,0.0,-8.474311588870819,35.63907997808702,35.74975255687956,8.71947473822257,12.468585494961713
8,6416.968067419714,0.0,-7.25858389846745,7.3393978222345675,40.13112063639464,3.7802638579784706,3.7404093373076925
8,6416.968067419714,0.0,-7.002012833276062,11.215429865816272,3.6600826378888875,41.5503475150093,3.232445903459194
8,6416.968067419714,0.0,-7.117403807191991,11.518728524309878,8.131217540129779,40.66568338165384,3.232445903459194
8,6416.968067419714,0.0,-6.904123137359658,11.516141560788714,2.4819582347667244,41.5503475150093,3.229558209050083
8,6416.968067419715,0.0,-8.40337496851188,9.730215720212287,8.131217540129779,32.19565911679179,4.621533875382905
8,6416.968067419715,0.0,-8.908860785765476,11.172342554059684,3.3096865948928613,27.008420570690824,12.30778369123838
8,159.38088288104737,159.38088288104743,-9.461575661738529,43.300302674700816,44.9949965481432,41.95624813598488,22.49499487598034
8,159.38088288104737,159.38088288104743,-9.570473021230505,43.300302674700816,44.9949965481432,41.12136837987977,22.49499487598034
8,4854.933345578063,85.61862054925552,-6.6435495862460705,42.41949063603269,22.10888731354236,3.2688444198565154,44.334964258636546
8,2740.442701847994,106.60408024391486,-7.507044154145646,41.7571337629726,7.6417158708892465,42.08771068910585,38.18229773941516
8,171.63066354437638,120.1628292666749,-10.423745546026275,24.379826690577787,36.464444171042985,32.36428573364918,43.85039282647926
8,2740.442701847994,106.60408024391486,-7.507044154145646,41.7571337629726,7.6417158708892465,42.08771068910585,41.37049878481581
8,159.58223863077973,126.33593891603398,-9.772664812099201,27.758586748980463,44.834823189553234,32.12028323302495,43.56047653107002
8,159.38088288104737,159.38088288104743,-10.358816416301359,43.300302674700816,44.9949965481432,32.412589073120316,22.49499487598034
9,4854.933345578062,85.61862054925552,-6.6435495862460705,41.29355252779122,22.10888731354236,3.2688444198565154,44.334964258636546
9,6416.968067419713,0.0,-7.002012833276062,11.516141560788714,3.2876730077212954,41.5503475150093,3.232445903459194
9,6416.968067419713,0.0,-7.7228187633704195,7.3393978222345675,40.13112063639464,8.731276417738947,3.7404093373076925
9,6416.968067419713,0.0,-6.675423306080283,10.674666248988473,3.2876730077212954,44.10942766110569,5.671241310239237
9,6416.968067419713,0.0,-8.803767543009425,11.172342554059684,2.5039717337631435,27.008420570690824,12.301754956637275
9,3009.434659125552,96.08360012278862,-7.51218259555062,3.3584355239697974,3.272944022347927,37.67954412312645,44.19626176505772
9,6416.968067419713,0.0,-8.472527772639346,41.699782014384375,35.76342848132087,8.71947473822257,10.862118037442697
9,6416.968067419713,0.0,-7.313731925331503,7.24967991083543,42.01666300294579,6.088607763820738,12.403526845049264
9,6416.968067419713,0.0,-7.163046542488345,41.39985504863795,43.585534002950546,6.502224162027907,3.016464825448713
9,6416.968067419713,0.0,-10.016325678660884,10.071102521471909,25.27927231840512,14.314062273585142,7.244793004390896
9,165.38884174968763,96.96278876735536,-10.455576620122386,27.09238946858314,29.755956594554696,41.59653584028304,42.931924495553986
9,6416.968067419713,0.0,-9.945911799452976,10.071102521471909,25.819112058999067,14.314062273585142,3.9921423050592875
9,157.29086223322113,120.1628292666749,-10.423745546026275,24.379826690577787,36.464444171042985,40.83430596066964,42.44298146925636
9,6416.968067419713,0.0,-6.675423306080283,10.42999471597089,3.2876730077212954,44.10942766110569,5.671241310239237
9,6416.968067419713,0.0,-8.209713089970329,37.10876859548925,32.26505611309565,3.20618980286822,3.0939671628509426
9,6416.968067419713,0.0,-9.734798350500746,14.718463341024052,25.924370407101495,8.557824427607251,9.522916321090992
9,6416.968067419713,0.0,-6.713093114696825,10.674666248988473,3.2876730077212954,43.820625795045565,6.240902595109233
9,6416.968067419713,0.0,-7.156653349414743,41.39985504863795,43.67917243902298,6.546848117869408,11.244421187598824
9,6416.968067419713,0.0,-7.7228187633704195,7.3393978222345675,40.13112063639464,8.731276417738947,5.445304845885978
9,6416.968067419713,0.0,-8.059955636173427,11.516141560788714,7.6343195104081,33.436564998387105,3.229558209050083
9,6416.968067419713,0.0,-6.675423306080283,10.071775874659258,3.2876730077212954,44.10942766110569,9.357953649192538
9,6416.968067419714,0.0,-10.032042010811963,10.071102521471909,25.158780438580173,14.314062273585142,9.522916321090992
9,6416.968067419714,0.0,-7.0266682624678936,8.336458958932246,7.942797116657071,41.5503475150093,3.421470860596571
9,159.08674618472438,145.60113459690498,-10.64342049161062,34.488195224538664,44.88863812219057,41.597187335538344,43.56047653107002
9,4854.9333455780625,85.61862054925552,-6.6435495862460705,42.41949063603269,23.543467332927108,3.2688444198565154,44.334964258636546
9,165.38884174968763,99.69114524019899,-10.761841738484428,27.09238946858314,36.584936140202515,41.59653584028304,42.931924495553986
9,4854.9333455780625,85.61862054925552,-6.6435495862460705,42.97845421748386,23.53223215708122,3.2688444198565154,44.334964258636546
9,159.20750426389276,124.92792199064247,-9.531685900907625,26.506278403794155,44.62863411729167,41.70156296857887,22.77782154220406
9,163.13873025249842,120.1628292666749,-10.423745546026275,24.379826690577787,36.464444171042985,40.012188395469316,42.44298146925636
9,6416.968067419714,0.0,-6.904123137359658,11.516141560788714,2.4819582347667244,41.5503475150093,3.229558209050083
9,6416.968067419714,0.0,-7.460717534246008,11.516141560788714,2.984248688359083,37.785414259139614,3.3653925411054013
9,6416.968067419714,0.0,-7.133194476790948,3.5659116157001947,40.878087293636206,8.731276417738947,4.546320573078522
9,6416.968067419714,0.0,-7.002012833276062,11.215429865816272,3.6600826378888875,41.5503475150093,3.232445903459194
9,6416.968067419714,0.0,-9.344791428580528,10.429321362783542,30.78592041033281,14.314062273585142,7.141309719886847
9,6416.968067419714,0.0,-9.397234776351617,34.2704046279879,14.315871246683644,5.926547662968233,11.535324093921652
9,6416.968067419714,0.0,-8.474311588870819,35.63907997808702,35.74975255687956,8.71947473822257,12.468585494961713
9,6416.968067419714,0.0,-6.848211799832939,41.39985504863795,43.20901391122954,3.711971043282153,3.016464825448713
9,6416.968067419714,0.0,-7.117403807191991,11.518728524309878,8.131217540129779,40.66568338165384,3.232445903459194
9,6416.968067419714,0.0,-9.847638729107153,10.071102521471909,26.572538931650367,14.314062273585142,9.522916321090992
9,6416.968067419714,0.0,-9.397234776351617,34.2704046279879,14.315871246683644,6.0641450137385,11.778505943545351
9,6416.968067419714,0.0,-7.7228187633704195,7.3393978222345675,40.13112063639464,8.395367038838394,3.7404093373076925
9,6416.968067419714,0.0,-8.231718579975336,7.485969964287609,36.376127517810005,8.731276417738947,3.7404093373076925
9,6416.968067419714,0.0,-7.539515478189781,36.41100550409791,7.890662688560894,42.08771068910585,11.090987955147028
9,6416.968067419714,0.0,-8.895920500567147,37.10876859548925,27.00413263185337,3.20618980286822,3.0939671628509426
9,6416.968067419714,0.0,-7.622529938714042,7.3393978222345675,40.13112063639464,6.570516833202354,3.7404093373076925
9,6416.968067419714,0.0,-8.474311588870819,39.05610583209211,35.74975255687956,8.71947473822257,12.468585494961713
9,6416.968067419714,0.0,-9.495905157207932,10.071102521471909,29.269162982877738,14.314062273585142,10.77548359098625
9,6416.968067419714,0.0,-7.085104581092448,11.518728524309878,2.9848185033626997,40.66568338165384,3.232445903459194
10,4854.933345578062,85.61862054925552,-6.6435495862460705,41.29355252779122,22.10888731354236,3.2688444198565154,44.334964258636546
10,3009.434659125552,96.08360012278862,-7.51218259555062,3.3584355239697974,3.272944022347927,37.67954412312645,44.19626176505772
10,165.38884174968763,96.96278876735536,-10.455576620122386,27.09238946858314,29.755956594554696,41.59653584028304,42.931924495553986
10,157.29086223322113,120.1628292666749,-10.423745546026275,24.379826690577787,36.464444171042985,40.83430596066964,42.44298146925636
10,4853.777291029251,91.77583409905216,-6.869270816351481,3.649217786825652,23.543467332927108,3.7580891189437695,43.093679526915665
10,6416.9680674197125,0.0,-6.82147674231561,10.071775874659258,4.147998854311002,43.85001049655793,9.426053333100668
10,165.38884174968763,96.96278876735536,-10.264649396396976,27.03701873934385,29.755956594554696,43.060311222177816,42.93664160092229
10,4854.9333455780625,85.61862054925552,-6.6435495862460705,42.41949063603269,23.543467332927108,3.2688444198565154,44.334964258636546
10,4854.9333455780625,85.61862054925552,-6.6435495862460705,42.97845421748386,23.53223215708122,3.2688444198565154,44.334964258636546
10,4854.9333455780625,85.61862054925552,-6.644164926922343,43.025692117444855,23.651626058326872,3.2688444198565154,44.330246646785106
10,159.08674618472438,145.60113459690498,-10.64342049161062,34.488195224538664,44.88863812219057,41.597187335538344,43.56047653107002
10,159.20750426389276,124.92792199064247,-9.531685900907625,26.506278403794155,44.62863411729167,41.70156296857887,22.77782154220406
10,163.13873025249842,120.1628292666749,-10.423745546026275,24.379826690577787,36.464444171042985,40.012188395469316,42.44298146925636
10,6416.968067419713,0.0,-7.002012833276062,11.516141560788714,3.2876730077212954,41.5503475150093,3.232445903459194
10,6416.968067419713,0.0,-7.7228187633704195,7.3393978222345675,40.13112063639464,8.731276417738947,3.7404093373076925
10,6416.968067419713,0.0,-6.675423306080283,10.674666248988473,3.2876730077212954,44.10942766110569,5.671241310239237
10,6416.968067419713,0.0,-8.803767543009425,11.172342554059684,2.5039717337631435,27.008420570690824,12.301754956637275
10,6416.968067419713,0.0,-8.472527772639346,41.699782014384375,35.76342848132087,8.71947473822257,10.862118037442697
10,6416.968067419713,0.0,-7.313731925331503,7.24967991083543,42.01666300294579,6.088607763820738,12.403526845049264
10,6416.968067419713,0.0,-7.163046542488345,41.39985504863795,43.585534002950546,6.502224162027907,3.016464825448713
10,6416.968067419713,0.0,-10.016325678660884,10.071102521471909,25.27927231840512,14.314062273585142,7.244793004390896
10,6416.968067419713,0.0,-9.945911799452976,10.071102521471909,25.819112058999067,14.314062273585142,3.9921423050592875
10,6416.968067419713,0.0,-6.675423306080283,10.42999471597089,3.2876730077212954,44.10942766110569,5.671241310239237
10,6416.968067419713,0.0,-8.209713089970329,37.10876859548925,32.26505611309565,3.20618980286822,3.0939671628509426
10,6416.968067419713,0.0,-9.734798350500746,14.718463341024052,25.924370407101495,8.557824427607251,9.522916321090992
10,6416.968067419713,0.0,-6.713093114696825,10.674666248988473,3.2876730077212954,43.820625795045565,6.240902595109233
10,6416.968067419713,0.0,-7.156653349414743,41.39985504863795,43.67917243902298,6.546848117869408,11.244421187598824
10,6416.968067419713,0.0,-7.7228187633704195,7.3393978222345675,40.13112063639464,8.731276417738947,5.445304845885978
10,6416.968067419713,0.0,-8.059955636173427,11.516141560788714,7.6343195104081,33.436564998387105,3.229558209050083
10,6416.968067419713,0.0,-6.675423306080283,10.071775874659258,3.2876730077212954,44.10942766110569,9.357953649192538
10,6416.968067419713,0.0,-7.163046542488345,41.39985504863795,43.585534002950546,6.502224162027907,2.9276664719469236
10,6416.968067419713,0.0,-9.734798350500746,24.600850949211477,25.924370407101495,8.557824427607251,9.522916321090992
10,6416.968067419713,0.0,-7.7228187633704195,7.3393978222345675,40.13112063639464,8.709484210360237,2.394546476780119
10,6416.968067419713,0.0,-6.675423306080283,6.512937608444876,3.2876730077212954,44.10942766110569,9.357953649192538
10,165.38884174968763,99.69114524019899,-10.761841738484428,27.09238946858314,36.584936140202515,41.59653584028304,42.931924495553986
10,159.50583238431835,126.2754506375854,-9.530025042069717,28.889106399834603,44.62863411729167,41.71429621966953,22.77782154220406
10,6416.968067419714,0.0,-10.032042010811963,10.071102521471909,25.158780438580173,14.314062273585142,9.522916321090992
10,6416.968067419714,0.0,-6.585224426746194,10.081246983420444,3.2876730077212954,44.800952402667065,5.406992916440132
10,4857.674358170663,91.72571864001509,-6.6873508440937,11.172342554059684,2.10098508521205,3.228988986523353,43.95929918180491
10,6416.968067419714,0.0,-7.7228187633704195,7.3393978222345675,40.13112063639464,12.332145371311078,3.7404093373076925
10,6416.968067419714,0.0,-7.117403807191991,11.518728524309878,8.131217540129779,40.66568338165384,3.232445903459194
10,6416.968067419714,0.0,-7.539515478189781,36.41100550409791,7.890662688560894,42.08771068910585,11.090987955147028
10,6416.968067419714,0.0,-6.65317500322508,10.674666248988473,3.2876730077212954,44.27999798299561,6.240902595109233
10,6416.968067419714,0.0,-9.495905157207932,10.071102521471909,29.269162982877738,14.314062273585142,10.77548359098625
10,6416.968067419714,0.0,-8.474311588870819,35.63907997808702,35.74975255687956,8.71947473822257,12.468585494961713
10,6416.968067419714,0.0,-7.460717534246008,11.516141560788714,2.984248688359083,37.785414259139614,3.3653925411054013
10,6416.968067419714,0.0,-7.085104581092448,11.518728524309878,2.9848185033626997,40.66568338165384,3.232445903459194
10,6416.968067419714,0.0,-8.231718579975336,7.485969964287609,36.376127517810005,8.731276417738947,3.7404093373076925
11,4854.933345578062,85.61862054925552,-6.6435495862460705,41.29355252779122,22.10888731354236,3.2688444198565154,44.334964258636546
11,6416.9680674197125,0.0,-6.82147674231561,10.071775874659258,4.147998854311002,43.85001049655793,9.426053333100668
11,3009.434659125552,96.02026937207748,-7.4661497651629105,3.4929994163972533,3.0241494922828935,37.783667959367186,44.19626176505772
11,157.29086223322113,105.99549921275717,-10.459885950997712,24.379826690577787,36.18736773292865,40.83430596066964,42.44298146925636
11,6416.9680674197125,0.0,-6.693338738695051,11.548622315373176,3.2876730077212954,43.97207601105914,9.357953649192538
11,161.8097072392023,96.96278876735536,-10.264649396396976,27.03701873934385,29.755956594554696,43.060311222177816,44.61477201247617
11,4851.629495589337,89.92472203518476,-6.6392444564616255,6.512937608444876,3.2876730077212954,3.644884693795074,44.7440105275892
11,4857.356562376012,83.72484446796027,-6.985797268257926,42.776421671977005,23.73049430818832,5.8880257034292605,44.330246646785106
11,4854.9333455780625,85.61862054925552,-6.6435495862460705,42.41949063603269,23.543467332927108,3.2688444198565154,44.334964258636546
11,4854.9333455780625,85.61862054925552,-6.6435495862460705,42.97845421748386,23.53223215708122,3.2688444198565154,44.334964258636546
11,4854.9333455780625,85.61862054925552,-6.644164926922343,43.025692117444855,23.651626058326872,3.2688444198565154,44.330246646785106
11,4854.9333455780625,85.61862054925552,-6.643580964731488,40.894664000228005,22.10888731354236,3.2688444198565154,44.33472369024838
11,3009.434659125552,96.08360012278862,-7.51218259555062,3.3584355239697974,3.272944022347927,37.67954412312645,44.19626176505772
11,157.29086223322113,120.1628292666749,-10.423745546026275,24.379826690577787,36.464444171042985,40.83430596066964,42.44298146925636
11,6416.968067419713,0.0,-7.002012833276062,11.516141560788714,3.2876730077212954,41.5503475150093,3.232445903459194
11,6416.968067419713,0.0,-7.7228187633704195,7.3393978222345675,40.13112063639464,8.731276417738947,3.7404093373076925
11,6416.968067419713,0.0,-6.675423306080283,10.674666248988473,3.2876730077212954,44.10942766110569,5.671241310239237
11,6416.968067419713,0.0,-8.803767543009425,11.172342554059684,2.5039717337631435,27.008420570690824,12.301754956637275
11,6416.968067419713,0.0,-8.472527772639346,41.699782014384375,35.76342848132087,8.71947473822257,10.862118037442697
11,6416.968067419713,0.0,-7.313731925331503,7.24967991083543,42.01666300294579,6.088607763820738,12.403526845049264
11,6416.968067419713,0.0,-7.163046542488345,41.39985504863795,43.585534002950546,6.502224162027907,3.016464825448713
11,6416.968067419713,0.0,-10.016325678660884,10.071102521471909,25.27927231840512,14.314062273585142,7.244793004390896
11,6416.968067419713,0.0,-9.945911799452976,10.071102521471909,25.819112058999067,14.314062273585142,3.9921423050592875
11,6416.968067419713,0.0,-6.675423306080283,10.42999471597089,3.2876730077212954,44.10942766110569,5.671241310239237
11,6416.968067419713,0.0,-8.209713089970329,37.10876859548925,32.26505611309565,3.20618980286822,3.0939671628509426
11,6416.968067419713,0.0,-9.734798350500746,14.718463341024052,25.924370407101495,8.557824427607251,9.522916321090992
11,6416.968067419713,0.0,-6.713093114696825,10.674666248988473,3.2876730077212954,43.820625795045565,6.240902595109233
11,6416.968067419713,0.0,-7.156653349414743,41.39985504863795,43.67917243902298,6.546848117869408,11.244421187598824
11,6416.968067419713,0.0,-7.7228187633704195,7.3393978222345675,40.13112063639464,8.731276417738947,5.445304845885978
11,6416.968067419713,0.0,-8.059955636173427,11.516141560788714,7.6343195104081,33.436564998387105,3.229558209050083
11,6416.968067419713,0.0,-6.675423306080283,10.071775874659258,3.2876730077212954,44.10942766110569,9.357953649192538
11,6416.968067419713,0.0,-7.163046542488345,41.39985504863795,43.585534002950546,6.502224162027907,2.9276664719469236
11,6416.968067419713,0.0,-9.734798350500746,24.600850949211477,25.924370407101495,8.557824427607251,9.522916321090992
11,6416.968067419713,0.0,-7.7228187633704195,7.3393978222345675,40.13112063639464,8.709484210360237,2.394546476780119
11,6416.968067419713,0.0,-6.675423306080283,6.512937608444876,3.2876730077212954,44.10942766110569,9.357953649192538
11,6416.968067419713,0.0,-9.945911799452976,10.071102521471909,25.819112058999067,14.314062273585142,2.3648577069123107
11,6416.968067419713,0.0,-7.156653349414743,41.39985504863795,43.67917243902298,6.546848117869408,11.542830863215197
11,6416.968067419713,0.0,-7.158052638707238,10.23516131971169,4.085114611525055,41.206711048102854,9.426053333100668
11,6416.968067419713,0.0,-7.686678358551234,7.3393978222345675,40.40819707334171,8.639496656420604,5.445304845885978
11,165.38884174968763,96.96278876735536,-10.455576620122386,27.09238946858314,29.755956594554696,41.59653584028304,42.931924495553986
11,165.38884174968763,96.96278876735536,-10.264649396396976,27.03701873934385,29.755956594554696,43.060311222177816,42.93664160092229
11,165.38884174968763,96.96278876735536,-10.241079619820852,27.03701873934385,29.755956594554696,43.24101284259475,42.93664160092229
11,4853.777291029251,91.77583409905216,-6.869270816351481,3.649217786825652,23.543467332927108,3.7580891189437695,43.093679526915665
11,6416.968067419714,0.0,-7.087678520783001,10.674666248988473,3.2876730077212954,40.9488043483849,5.671241310239237
11,159.08674618472438,145.60113459690498,-10.64342049161062,34.488195224538664,44.88863812219057,41.597187335538344,43.56047653107002
11,6416.968067419714,0.0,-10.032042010811963,10.071102521471909,25.158780438580173,14.314062273585142,9.522916321090992
11,4857.674358170663,91.72571864001509,-6.6873508440937,11.172342554059684,2.10098508521205,3.228988986523353,43.95929918180491
11,165.38884174968763,99.69114524019899,-10.761841738484428,27.09238946858314,36.584936140202515,41.59653584028304,42.931924495553986
12,4854.933345578062,85.61862054925552,-6.6435495862460705,41.29355252779122,22.10888731354236,3.2688444198565154,44.334964258636546
12,6416.9680674197125,0.0,-6.82147674231561,10.071775874659258,4.147998854311002,43.85001049655793,9.426053333100668
12,6416.9680674197125,0.0,-6.693338738695051,11.548622315373176,3.2876730077212954,43.97207601105914,9.357953649192538
12,161.8097072392023,96.96278876735536,-10.264649396396976,27.03701873934385,29.755956594554696,43.060311222177816,44.61477201247617
12,4851.629495589337,89.92472203518476,-6.6392444564616255,6.512937608444876,3.2876730077212954,3.644884693795074,44.7440105275892
12,4857.356562376012,83.72484446796027,-6.985797268257926,42.776421671977005,23.73049430818832,5.8880257034292605,44.330246646785106
12,157.09275366420508,105.99549921275717,-10.459885950997712,24.379826690577787,36.18736773292865,40.83430596066964,44.3917989974008
12,166.38876634286402,92.53676682754445,-10.241079619820852,26.621533932416604,29.755956594554696,43.24101284259475,42.125268117004225
12,4854.933345578062,85.61862054925552,-6.636651919412948,42.77359832885377,26.596766316474046,3.2587244909936963,44.37772644216097
12,4854.946108657807,85.14692336923352,-6.62456982051166,41.29355252779122,22.10888731354236,3.1233328825593567,44.334964258636546
12,6416.968067419713,0.0,-7.686678358551234,7.3393978222345675,40.40819707334171,8.639496656420604,5.802854811993156
12,6416.968067419713,0.0,-7.002012833276062,11.516141560788714,3.2876730077212954,41.5503475150093,3.232445903459194
12,157.29086223322113,105.99549921275717,-10.459885950997712,24.379826690577787,36.18736773292865,40.83430596066964,42.44298146925636
12,4854.946108657808,85.14692336923352,-6.655250138762625,3.0607104628889688,2.9777342982150974,3.228988986523353,44.20540458934316
12,165.38884174968763,96.96278876735536,-10.241079619820852,27.03701873934385,29.755956594554696,43.24101284259475,42.93664160092229
12,3009.434659125552,96.02026937207748,-7.4661497651629105,3.4929994163972533,3.0241494922828935,37.783667959367186,44.19626176505772
12,4853.777291029251,91.77583409905216,-6.869270816351481,3.649217786825652,23.543467332927108,3.7580891189437695,43.093679526915665
12,3026.5209791491548,95.38871609621752,-7.4291992346255,12.39335698502014,2.740862091496089,37.783667959367186,43.950156357519475
12,4854.9333455780625,85.61862054925552,-6.643580964731488,40.894664000228005,22.10888731354236,3.2688444198565154,44.33472369024838
12,165.38884174968763,96.96278876735536,-10.455576620122386,27.09238946858314,29.755956594554696,41.59653584028304,42.931924495553986
12,4854.9333455780625,85.61862054925552,-6.6435495862460705,42.41949063603269,23.543467332927108,3.2688444198565154,44.334964258636546
12,6416.968067419713,0.0,-7.156653349414743,41.39985504863795,43.67917243902298,6.546848117869408,11.542830863215197
12,6416.968067419713,0.0,-9.945911799452976,10.071102521471909,25.819112058999067,14.314062273585142,3.9921423050592875
12,6416.968067419713,0.0,-7.7228187633704195,7.3393978222345675,40.13112063639464,8.731276417738947,3.7404093373076925
12,6416.968067419713,0.0,-6.675423306080283,10.674666248988473,3.2876730077212954,44.10942766110569,5.671241310239237
12,6416.968067419713,0.0,-9.734798350500746,24.600850949211477,25.924370407101495,8.557824427607251,9.522916321090992
12,6416.968067419713,0.0,-8.472527772639346,41.699782014384375,35.76342848132087,8.71947473822257,10.862118037442697
12,6416.968067419713,0.0,-7.158052638707238,10.23516131971169,4.085114611525055,41.206711048102854,9.426053333100668
12,6416.968067419713,0.0,-7.7228187633704195,7.3393978222345675,40.13112063639464,8.731276417738947,5.445304845885978
12,6416.968067419713,0.0,-7.336035457515862,11.548622315373176,8.215014518680793,43.97207601105914,9.357953649192538
12,6416.968067419713,0.0,-7.313731925331503,7.24967991083543,42.01666300294579,6.088607763820738,12.403526845049264
12,6416.968067419713,0.0,-7.7228187633704195,7.3393978222345675,40.13112063639464,8.709484210360237,2.394546476780119
12,6416.968067419713,0.0,-9.734798350500746,24.600850949211477,25.924370407101495,8.557824427607251,10.25515844916075
12,6416.968067419713,0.0,-9.945911799452976,10.071102521471909,25.819112058999067,14.314062273585142,2.3648577069123107
12,6416.968067419713,0.0,-6.675423306080283,6.512937608444876,3.2876730077212954,44.10942766110569,9.357953649192538
12,6416.968067419713,0.0,-6.675423306080283,10.42999471597089,3.2876730077212954,44.10942766110569,5.671241310239237
12,6416.968067419713,0.0,-6.713093114696825,10.674666248988473,3.2876730077212954,43.820625795045565,6.240902595109233
12,6416.968067419713,0.0,-7.686678358551234,7.3393978222345675,40.40819707334171,8.639496656420604,5.445304845885978
12,6416.968067419713,0.0,-6.815634596185504,10.071775874659258,4.074340249123024,43.82114167836744,9.426053333100668
12,6416.968067419713,0.0,-8.803767543009425,11.172342554059684,2.5039717337631435,27.008420570690824,12.301754956637275
12,6416.968067419713,0.0,-7.156653349414743,41.39985504863795,43.67917243902298,6.546848117869408,11.244421187598824
12,6416.968067419713,0.0,-8.059955636173427,11.516141560788714,7.6343195104081,33.436564998387105,3.229558209050083
12,6416.968067419713,0.0,-7.163046542488345,41.39985504863795,43.585534002950546,6.502224162027907,3.016464825448713
12,6416.968067419713,0.0,-7.163046542488345,41.39985504863795,43.585534002950546,6.502224162027907,2.9276664719469236
12,6416.968067419713,0.0,-8.209713089970329,37.10876859548925,32.26505611309565,3.20618980286822,3.0939671628509426
12,4854.9333455780625,85.61862054925552,-6.644164926922343,43.025692117444855,23.651626058326872,3.2688444198565154,44.330246646785106
12,4854.9333455780625,85.61862054925552,-6.6435495862460705,42.97845421748386,23.53223215708122,3.2688444198565154,44.334964258636546
12,6416.968067419713,0.0,-9.734798350500746,14.718463341024052,25.924370407101495,8.557824427607251,9.522916321090992
13,4854.933345578062,85.61862054925552,-6.6435495862460705,41.29355252779122,22.10888731354236,3.2688444198565154,44.334964258636546
13,6416.9680674197125,0.0,-6.82147674231561,10.071775874659258,4.147998854311002,43.85001049655793,9.426053333100668
13,6416.9680674197125,0.0,-6.693338738695051,11.548622315373176,3.2876730077212954,43.97207601105914,9.357953649192538
13,4851.629495589337,89.92472203518476,-6.6392444564616255,6.512937608444876,3.2876730077212954,3.644884693795074,44.7440105275892
13,4857.356562376012,83.72484446796027,-6.985797268257926,42.776421671977005,23.73049430818832,5.8880257034292605,44.330246646785106
13,157.09275366420508,105.99549921275717,-10.459885950997712,24.379826690577787,36.18736773292865,40.83430596066964,44.3917989974008
13,4854.933345578062,85.61862054925552,-6.636651919412948,42.77359832885377,26.596766316474046,3.2587244909936963,44.37772644216097
13,4854.946108657807,85.14692336923352,-6.62456982051166,41.29355252779122,22.10888731354236,3.1233328825593567,44.334964258636546
13,4857.356562376012,83.72484446796027,-6.985797268257926,41.88661147499052,24.855571279704336,5.8880257034292605,44.330246646785106
13,4854.946108657807,85.14692336923352,-6.62456982051166,41.26375316195407,22.10888731354236,3.1233328825593567,44.334964258636546
13,159.38088288118266,91.21846517281726,-10.683809744012095,25.261442304956688,35.35223426753062,41.242926346831446,44.3917989974008
13,6416.9680674197125,0.0,-6.82147674231561,7.878533869990738,4.147998854311002,43.85001049655793,9.45109425431152
13,6416.9680674197125,0.0,-6.693238786913611,11.516985851855653,3.2876730077212954,43.972842308050225,9.357953649192538
13,155.05430372437596,115.28725792603991,-10.028338122717933,22.34378844822515,29.76268625142339,44.878760643919215,43.093679526915665
13,157.09275366420508,105.99549921275717,-10.459885950997712,24.379826690577787,36.18736773292865,40.83430596066964,44.46531489310662
13,6416.968067419713,0.0,-7.686678358551234,7.3393978222345675,40.40819707334171,8.639496656420604,5.802854811993156
13,6416.968067419713,0.0,-6.840683206895349,10.064108303329355,4.147998854311002,43.70276093477995,9.426053333100668
13,157.29086223322113,105.99549921275717,-10.459885950997712,24.379826690577787,36.18736773292865,40.83430596066964,42.44298146925636
13,4854.946108657808,85.14692336923352,-6.655250138762625,3.0607104628889688,2.9777342982150974,3.228988986523353,44.20540458934316
13,159.97635687150776,92.53676682754445,-10.241079619820852,26.651004435307495,29.755956594554696,43.24101284259475,42.125268117004225
13,4853.777291029251,91.77583409905216,-6.869270816351481,3.649217786825652,23.543467332927108,3.7580891189437695,43.093679526915665
13,4854.9333455780625,85.61862054925552,-6.6435495862460705,41.29355252779122,22.44048759509154,3.2688444198565154,44.334964258636546
13,4853.777291029251,91.77583409905216,-6.900795122115607,27.158725083632973,2.925252869619987,3.858596476900985,42.95250054068126
13,4854.9333455780625,85.61862054925552,-6.643580964731488,40.894664000228005,22.10888731354236,3.2688444198565154,44.33472369024838
13,6416.968067419713,0.0,-7.7228187633704195,7.3393978222345675,40.13112063639464,8.731276417738947,3.7404093373076925
13,6416.968067419713,0.0,-7.313731925331503,7.24967991083543,42.01666300294579,6.088607763820738,12.403526845049264
13,6416.968067419713,0.0,-9.945911799452976,10.071102521471909,25.819112058999067,14.314062273585142,2.3648577069123107
13,6416.968067419713,0.0,-8.059955636173427,11.516141560788714,7.6343195104081,33.436564998387105,3.229558209050083
13,6416.968067419713,0.0,-8.135887761171727,37.10876859548925,32.645965876033124,3.0211053783497537,3.0939671628509426
13,6416.968067419713,0.0,-7.65487754134578,4.174749080860641,3.0241494922828935,36.33675500863187,10.877860848719632
13,6416.968067419713,0.0,-8.803767543009425,11.172342554059684,2.5039717337631435,27.008420570690824,12.301754956637275
13,6416.968067419713,0.0,-7.7228187633704195,7.3393978222345675,40.13112063639464,8.731276417738947,5.445304845885978
13,6416.968067419713,0.0,-7.163046542488345,41.39985504863795,43.585534002950546,6.502224162027907,2.9276664719469236
13,6416.968067419713,0.0,-9.945911799452976,10.071102521471909,25.819112058999067,14.314062273585142,3.9921423050592875
13,4854.9333455780625,85.61862054925552,-6.6435495862460705,42.41949063603269,23.543467332927108,3.2688444198565154,44.334964258636546
13,4854.9333455780625,85.61862054925552,-6.6435495862460705,42.97845421748386,23.53223215708122,3.2688444198565154,44.334964258636546
13,6416.968067419713,0.0,-6.713093114696825,10.674666248988473,3.2876730077212954,43.820625795045565,6.240902595109233
13,6416.968067419713,0.0,-7.336035457515862,11.548622315373176,8.215014518680793,43.97207601105914,9.357953649192538
13,6416.968067419713,0.0,-7.686678358551234,7.3393978222345675,40.40819707334171,8.639496656420604,5.445304845885978
13,6416.968067419713,0.0,-7.158052638707238,10.23516131971169,4.085114611525055,41.206711048102854,9.426053333100668
13,6416.968067419713,0.0,-9.734798350500746,14.718463341024052,25.924370407101495,8.557824427607251,9.522916321090992
13,6416.968067419713,0.0,-8.209713089970329,37.10876859548925,32.26505611309565,3.20618980286822,3.0939671628509426
13,6416.968067419713,0.0,-7.7228187633704195,7.3393978222345675,40.13112063639464,8.709484210360237,2.394546476780119
13,6416.968067419713,0.0,-9.734798350500746,24.600850949211477,25.924370407101495,8.557824427607251,10.25515844916075
13,6416.968067419713,0.0,-8.472527772639346,41.699782014384375,35.76342848132087,8.71947473822257,10.862118037442697
13,6416.968067419713,0.0,-6.815734547966947,10.10341233817678,4.074340249123024,43.820375381376344,9.426053333100668
13,6416.968067419713,0.0,-7.686678358551234,7.3393978222345675,40.40819707334171,8.588042374090696,3.240845976306069
13,6416.968067419713,0.0,-7.091496861572015,41.39985504863795,43.67917243902298,6.047315044408502,11.542830863215197
14,6416.9680674197125,0.0,-6.82147674231561,10.071775874659258,4.147998854311002,43.85001049655793,9.426053333100668
14,6416.9680674197125,0.0,-6.693338738695051,11.548622315373176,3.2876730077212954,43.97207601105914,9.357953649192538
14,6416.9680674197125,0.0,-6.82147674231561,7.878533869990738,4.147998854311002,43.85001049655793,9.45109425431152
14,6416.9680674197125,0.0,-6.693238786913611,11.516985851855653,3.2876730077212954,43.972842308050225,9.357953649192538
14,155.05430372437596,115.28725792603991,-10.028338122717933,22.34378844822515,29.76268625142339,44.878760643919215,43.093679526915665
14,157.09275366420508,77.67469825541131,-10.278086811328265,24.626010820343843,29.76268625142339,42.96402069790666,43.093679526915665
14,6416.968067419713,0.0,-7.686678358551234,7.3393978222345675,40.40819707334171,8.639496656420604,5.802854811993156
14,6416.968067419713,0.0,-6.840683206895349,10.064108303329355,4.147998854311002,43.70276093477995,9.426053333100668
14,6416.968067419713,0.0,-7.7228187633704195,7.3393978222345675,40.13112063639464,8.731276417738947,3.7404093373076925
14,6416.968067419713,0.0,-7.313731925331503,7.24967991083543,42.01666300294579,6.088607763820738,12.403526845049264
14,6416.968067419713,0.0,-9.945911799452976,10.071102521471909,25.819112058999067,14.314062273585142,2.3648577069123107
14,6416.968067419713,0.0,-8.059955636173427,11.516141560788714,7.6343195104081,33.436564998387105,3.229558209050083
14,6416.968067419713,0.0,-8.135887761171727,37.10876859548925,32.645965876033124,3.0211053783497537,3.0939671628509426
14,6416.968067419713,0.0,-7.65487754134578,4.174749080860641,3.0241494922828935,36.33675500863187,10.877860848719632
14,6416.968067419713,0.0,-8.803767543009425,11.172342554059684,2.5039717337631435,27.008420570690824,12.301754956637275
14,6416.968067419713,0.0,-7.7228187633704195,7.3393978222345675,40.13112063639464,8.731276417738947,5.445304845885978
14,6416.968067419713,0.0,-7.163046542488345,41.39985504863795,43.585534002950546,6.502224162027907,2.9276664719469236
14,6416.968067419713,0.0,-9.945911799452976,10.071102521471909,25.819112058999067,14.314062273585142,3.9921423050592875
14,6416.968067419713,0.0,-6.713093114696825,10.674666248988473,3.2876730077212954,43.820625795045565,6.240902595109233
14,6416.968067419713,0.0,-7.336035457515862,11.548622315373176,8.215014518680793,43.97207601105914,9.357953649192538
14,6416.968067419713,0.0,-7.686678358551234,7.3393978222345675,40.40819707334171,8.639496656420604,5.445304845885978
14,6416.968067419713,0.0,-7.158052638707238,10.23516131971169,4.085114611525055,41.206711048102854,9.426053333100668
14,6416.968067419713,0.0,-9.734798350500746,14.718463341024052,25.924370407101495,8.557824427607251,9.522916321090992
14,6416.968067419713,0.0,-8.209713089970329,37.10876859548925,32.26505611309565,3.20618980286822,3.0939671628509426
14,6416.968067419713,0.0,-7.7228187633704195,7.3393978222345675,40.13112063639464,8.709484210360237,2.394546476780119
14,6416.968067419713,0.0,-9.734798350500746,24.600850949211477,25.924370407101495,8.557824427607251,10.25515844916075
14,6416.968067419713,0.0,-8.472527772639346,41.699782014384375,35.76342848132087,8.71947473822257,10.862118037442697
14,6416.968067419713,0.0,-6.815734547966947,10.10341233817678,4.074340249123024,43.820375381376344,9.426053333100668
14,6416.968067419713,0.0,-7.686678358551234,7.3393978222345675,40.40819707334171,8.588042374090696,3.240845976306069
14,6416.968067419713,0.0,-7.091496861572015,41.39985504863795,43.67917243902298,6.047315044408502,11.542830863215197
14,6416.968067419713,0.0,-7.163046542488345,41.39985504863795,43.585534002950546,6.502224162027907,2.278344589699918
14,6416.968067419713,0.0,-6.78995474936378,8.57678825660952,4.147998854311002,44.09167910918856,9.45109425431152
14,6416.968067419713,0.0,-8.476145271897249,41.699782014384375,35.78563764281579,8.769418060694761,10.975222128350111
14,6416.968067419713,0.0,-8.138784608323238,37.10876859548925,32.62375671453819,3.0211053783497537,2.9859122082453053
14,4854.933345578062,85.61862054925552,-6.6435495862460705,41.29355252779122,22.10888731354236,3.2688444198565154,44.334964258636546
14,4857.356562376012,83.72484446796027,-6.985797268257926,42.776421671977005,23.73049430818832,5.8880257034292605,44.330246646785106
14,4854.933345578062,85.61862054925552,-6.636651919412948,42.77359832885377,26.596766316474046,3.2587244909936963,44.37772644216097
14,4854.946108657807,85.14692336923352,-6.62456982051166,41.29355252779122,22.10888731354236,3.1233328825593567,44.334964258636546
14,4857.356562376012,83.72484446796027,-6.985797268257926,41.88661147499052,24.855571279704336,5.8880257034292605,44.330246646785106
14,4854.946108657807,85.14692336923352,-6.62456982051166,41.26375316195407,22.10888731354236,3.1233328825593567,44.334964258636546
14,4854.933345578062,85.61862054925552,-6.641680791896093,41.215168184355214,22.10888731354236,3.2688444198565154,44.34929168198642
14,157.09275366420508,85.71548296708131,-10.855273619044809,24.379826690577787,32.05807037334655,40.83430596066964,44.3917989974008
14,157.09275366420508,93.10262251330998,-10.575775677298829,24.417758732764092,35.33681187347305,41.242926346831446,44.39012989891419
14,6416.968067419714,0.0,-7.260357798858443,10.23516131971169,7.34817858666705,43.68543546208554,10.661033053241068
14,6416.968067419714,0.0,-6.683668194236194,11.917228349845933,3.2135321668700576,43.97207601105914,9.954683411661982
14,4854.946108657808,85.14692336923352,-6.655250138762625,3.0607104628889688,2.9777342982150974,3.228988986523353,44.20540458934316
14,159.60407570874776,86.45220767557169,-10.836234020323978,28.760991676383544,35.249416791708725,44.17162263589154,42.44298146925636
14,4854.9333455780625,85.61862054925552,-6.6435495862460705,41.29355252779122,22.44048759509154,3.2688444198565154,44.334964258636546
15,6416.9680674197125,0.0,-6.82147674231561,10.071775874659258,4.147998854311002,43.85001049655793,9.426053333100668
15,6416.9680674197125,0.0,-6.693338738695051,11.548622315373176,3.2876730077212954,43.97207601105914,9.357953649192538
15,6416.9680674197125,0.0,-6.82147674231561,7.878533869990738,4.147998854311002,43.85001049655793,9.45109425431152
15,6416.9680674197125,0.0,-6.693238786913611,11.516985851855653,3.2876730077212954,43.972842308050225,9.357953649192538
15,155.05430372437596,115.28725792603991,-10.028338122717933,22.34378844822515,29.76268625142339,44.878760643919215,43.093679526915665
15,157.09275366420508,77.67469825541131,-10.278086811328265,24.626010820343843,29.76268625142339,42.96402069790666,43.093679526915665
15,6416.9680674197125,0.0,-6.693238786913611,7.768175010675155,3.2876730077212954,43.972842308050225,9.357953649192538
15,155.05430372437596,115.28725792603991,-10.028338122717933,22.34378844822515,29.76268625142339,44.878760643919215,43.21135511247416
15,6416.968067419713,0.0,-9.497652363358839,41.29355252779122,22.10888731354236,3.1047952438462487,8.713971964371956
15,156.80635969057357,156.80635969057354,-10.159224598363451,22.34378844822515,29.76268625142339,43.87529766397023,43.5726096254867
15,6416.968067419713,0.0,-7.686678358551234,7.3393978222345675,40.40819707334171,8.639496656420604,5.802854811993156
15,166.38876636202696,78.75295672926772,-10.420710350526775,24.00247414183777,29.838531144185374,41.94641845681342,43.095350832745474
15,157.09275366420508,85.71548296708131,-10.855273619044809,24.379826690577787,32.05807037334655,40.83430596066964,44.3917989974008
15,6416.968067419713,0.0,-6.840683206895349,10.064108303329355,4.147998854311002,43.70276093477995,9.426053333100668
15,6416.968067419713,0.0,-7.648687603721562,7.048135368540368,40.40819707334171,8.639496656420604,6.9146404381396955
15,6416.968067419713,0.0,-6.713093114696825,10.674666248988473,3.2876730077212954,43.820625795045565,6.240902595109233
15,6416.968067419713,0.0,-7.091496861572015,41.39985504863795,43.67917243902298,6.047315044408502,11.542830863215197
15,6416.968067419713,0.0,-8.138784608323238,37.10876859548925,32.62375671453819,3.0211053783497537,2.9859122082453053
15,6416.968067419713,0.0,-8.472527772639346,41.699782014384375,35.76342848132087,8.71947473822257,10.862118037442697
15,6416.968067419713,0.0,-9.945911799452976,10.071102521471909,25.819112058999067,14.314062273585142,2.3648577069123107
15,6416.968067419713,0.0,-7.686678358551234,7.3393978222345675,40.40819707334171,8.588042374090696,3.240845976306069
15,6416.968067419713,0.0,-9.60548151677904,42.08846934621565,23.73049430818832,5.8880257034292605,11.333010382238829
15,6416.968067419713,0.0,-8.079960652079265,37.10876859548925,33.074740379075315,3.0211053783497537,2.9859122082453053
15,6416.968067419713,0.0,-7.336035457515862,11.548622315373176,8.215014518680793,43.97207601105914,9.357953649192538
15,6416.968067419713,0.0,-9.720069214741489,9.959534200098451,25.819112058999067,8.339642705350512,2.3648577069123107
15,6416.968067419713,0.0,-7.158052638707238,10.23516131971169,4.085114611525055,41.206711048102854,9.426053333100668
15,6416.968067419713,0.0,-7.599046828472595,7.3393978222345675,41.08003880394462,8.511825868497887,5.5305760619020425
15,6416.968067419713,0.0,-7.163046542488345,41.39985504863795,43.585534002950546,6.502224162027907,2.278344589699918
15,6416.968067419713,0.0,-6.864806031552824,11.548622315373176,3.1845532077939387,42.55437363255554,9.357953649192538
15,6416.968067419713,0.0,-8.059955636173427,11.516141560788714,7.6343195104081,33.436564998387105,3.229558209050083
15,6416.968067419713,0.0,-7.7228187633704195,7.3393978222345675,40.13112063639464,8.709484210360237,2.394546476780119
15,6416.968067419713,0.0,-7.313731925331503,7.24967991083543,42.01666300294579,6.088607763820738,12.403526845049264
15,6416.968067419713,0.0,-7.77447941674469,7.3393978222345675,39.73505562719189,8.639496656420604,5.802854811993156
15,6416.968067419713,0.0,-8.476145271897249,41.699782014384375,35.78563764281579,8.769418060694761,10.975222128350111
15,6416.968067419713,0.0,-6.815734547966947,10.10341233817678,4.074340249123024,43.820375381376344,9.426053333100668
15,6416.968067419713,0.0,-9.734798350500746,24.600850949211477,25.924370407101495,8.557824427607251,10.25515844916075
15,6416.968067419713,0.0,-9.945911799452976,10.071102521471909,25.819112058999067,14.314062273585142,3.9921423050592875
15,6416.968067419713,0.0,-7.65487754134578,4.174749080860641,3.0241494922828935,36.33675500863187,10.877860848719632
15,6416.968067419713,0.0,-9.986532317972351,10.071102521471909,25.507688083683867,14.314062273585142,2.2857103787475888
15,6416.968067419713,0.0,-7.686678358551234,7.3393978222345675,40.40819707334171,8.639496656420604,5.445304845885978
15,6416.968067419713,0.0,-6.78995474936378,8.57678825660952,4.147998854311002,44.09167910918856,9.45109425431152
15,6416.968067419713,0.0,-8.803767543009425,11.172342554059684,2.5039717337631435,27.008420570690824,12.301754956637275
15,6416.968067419713,0.0,-7.163046542488345,41.39985504863795,43.585534002950546,6.502224162027907,2.9276664719469236
15,6416.968067419713,0.0,-7.7228187633704195,7.3393978222345675,40.13112063639464,8.731276417738947,3.7404093373076925
15,6416.968067419713,0.0,-8.48237366544743,41.699782014384375,35.78563764281579,8.817169077912805,10.975222128350111
15,6416.968067419713,0.0,-8.209713089970329,37.10876859548925,32.26505611309565,3.20618980286822,3.0939671628509426
15,6416.968067419713,0.0,-9.734798350500746,14.718463341024052,25.924370407101495,8.557824427607251,9.522916321090992
15,6416.968067419713,0.0,-8.135887761171727,37.10876859548925,32.645965876033124,3.0211053783497537,3.0939671628509426
16,6416.9680674197125,0.0,-6.82147674231561,10.071775874659258,4.147998854311002,43.85001049655793,9.426053333100668
16,6416.9680674197125,0.0,-6.693338738695051,11.548622315373176,3.2876730077212954,43.97207601105914,9.357953649192538
16,6416.9680674197125,0.0,-6.82147674231561,7.878533869990738,4.147998854311002,43.85001049655793,9.45109425431152
16,6416.9680674197125,0.0,-6.693238786913611,11.516985851855653,3.2876730077212954,43.972842308050225,9.357953649192538
16,155.05430372437596,115.28725792603991,-10.028338122717933,22.34378844822515,29.76268625142339,44.878760643919215,43.093679526915665
16,6416.9680674197125,0.0,-6.693238786913611,7.768175010675155,3.2876730077212954,43.972842308050225,9.357953649192538
16,155.05430372437596,115.28725792603991,-10.028338122717933,22.34378844822515,29.76268625142339,44.878760643919215,43.21135511247416
16,6416.9680674197125,0.0,-6.693238786913611,7.6820068143816735,3.2876730077212954,43.972842308050225,9.357953649192538
16,157.09275366420508,74.185181145986,-10.039584320811095,24.659388618376596,29.76268625142339,44.79253979187165,43.093679526915665
16,6416.9680674197125,0.0,-6.727555880267573,7.878533869990738,3.4279389119427286,43.85001049655793,9.235312385371156
16,155.05430372437596,115.28725792603991,-10.028338122717933,22.34378844822515,29.76268625142339,44.878760643919215,43.05810811866116
16,6416.968067419713,0.0,-9.497652363358839,41.29355252779122,22.10888731354236,3.1047952438462487,8.713971964371956
16,156.80635969057357,156.80635969057354,-10.159224598363451,22.34378844822515,29.76268625142339,43.87529766397023,43.5726096254867
16,6416.968067419713,0.0,-6.713093114696825,7.972228876648631,3.2876730077212954,43.820625795045565,6.240902595109233
16,157.09275366420508,77.67469825541131,-10.278086811328265,24.626010820343843,29.76268625142339,42.96402069790666,43.093679526915665
16,6416.968067419713,0.0,-7.7228187633704195,7.3393978222345675,40.13112063639464,8.731276417738947,3.7404093373076925
16,6416.968067419713,0.0,-9.986532317972351,10.071102521471909,25.507688083683867,14.314062273585142,2.2857103787475888
16,6416.968067419713,0.0,-7.686678358551234,7.3393978222345675,40.40819707334171,8.588042374090696,3.240845976306069
16,6416.968067419713,0.0,-8.135887761171727,37.10876859548925,32.645965876033124,3.0211053783497537,3.0939671628509426
16,6416.968067419713,0.0,-7.895954741792234,37.10876859548925,33.66204216850248,2.1976951889096923,9.585661410472186
16,6416.968067419713,0.0,-7.2240907948421516,4.46473489773447,41.08003880394462,7.262677032274425,5.459162633822239
16,6416.968067419713,0.0,-7.163046542488345,41.39985504863795,43.585534002950546,6.502224162027907,2.278344589699918
16,6416.968067419713,0.0,-9.945911799452976,10.071102521471909,25.819112058999067,14.314062273585142,2.3648577069123107
16,6416.968067419713,0.0,-6.840683206895349,10.064108303329355,4.147998854311002,43.70276093477995,9.426053333100668
16,6416.968067419713,0.0,-6.78995474936378,8.57678825660952,4.147998854311002,44.09167910918856,9.45109425431152
16,6416.968067419713,0.0,-8.442922857005478,41.699782014384375,35.78563764281579,8.514712879857823,11.046635851243249
16,6416.968067419713,0.0,-9.734798350500746,24.600850949211477,25.924370407101495,8.557824427607251,10.25515844916075
16,6416.968067419713,0.0,-7.648687603721562,7.048135368540368,40.40819707334171,8.639496656420604,6.9146404381396955
16,6416.968067419713,0.0,-9.945911799452976,10.071102521471909,25.819112058999067,14.314062273585142,3.9921423050592875
16,6416.968067419713,0.0,-9.720069214741489,9.959534200098451,25.819112058999067,8.339642705350512,2.3648577069123107
16,6416.968067419713,0.0,-8.472527772639346,41.699782014384375,35.76342848132087,8.71947473822257,10.862118037442697
16,6416.968067419713,0.0,-7.686678358551234,7.3393978222345675,40.40819707334171,8.639496656420604,5.445304845885978
16,6416.968067419713,0.0,-7.315575450440768,7.3393978222345675,43.25331936885533,8.709484210360237,2.368894041499658
16,6416.968067419713,0.0,-7.599046828472595,7.3393978222345675,41.08003880394462,8.511825868497887,5.5305760619020425
16,6416.968067419713,0.0,-6.864806031552824,11.548622315373176,3.1845532077939387,42.55437363255554,9.357953649192538
16,6416.968067419713,0.0,-8.209713089970329,37.10876859548925,32.26505611309565,3.20618980286822,3.0939671628509426
16,6416.968067419713,0.0,-8.456543613810194,41.699782014384375,35.885973699011046,8.71947473822257,9.51296431451136
16,6416.968067419713,0.0,-7.122511964618205,41.39985504863795,43.585534002950546,6.191459065023531,5.727489203721569
16,6416.968067419713,0.0,-8.803767543009425,11.172342554059684,2.5039717337631435,27.008420570690824,12.301754956637275
16,6416.968067419713,0.0,-9.734798350500746,14.718463341024052,25.924370407101495,8.557824427607251,9.522916321090992
16,6416.968067419713,0.0,-8.059955636173427,11.516141560788714,7.6343195104081,33.436564998387105,3.229558209050083
16,6416.968067419713,0.0,-7.65487754134578,4.174749080860641,3.0241494922828935,36.33675500863187,10.877860848719632
16,6416.968067419713,0.0,-9.60548151677904,42.08846934621565,23.73049430818832,5.8880257034292605,11.333010382238829
16,6416.968067419713,0.0,-8.138784608323238,37.10876859548925,32.62375671453819,3.0211053783497537,2.9859122082453053
16,6416.968067419713,0.0,-8.482322569323916,41.699782014384375,35.78563764281579,8.816777340965874,10.975222128350111
16,6416.968067419713,0.0,-7.158052638707238,10.23516131971169,4.085114611525055,41.206711048102854,9.426053333100668
16,6416.968067419713,0.0,-7.091496861572015,41.39985504863795,43.67917243902298,6.047315044408502,11.542830863215197
16,6416.968067419713,0.0,-7.313731925331503,7.24967991083543,42.01666300294579,6.088607763820738,12.403526845049264
17,6416.9680674197125,0.0,-6.82147674231561,10.071775874659258,4.147998854311002,43.85001049655793,9.426053333100668
17,6416.9680674197125,0.0,-6.693338738695051,11.548622315373176,3.2876730077212954,43.97207601105914,9.357953649192538
17,6416.9680674197125,0.0,-6.82147674231561,7.878533869990738,4.147998854311002,43.85001049655793,9.45109425431152
17,6416.9680674197125,0.0,-6.693238786913611,11.516985851855653,3.2876730077212954,43.972842308050225,9.357953649192538
17,155.05430372437596,115.28725792603991,-10.028338122717933,22.34378844822515,29.76268625142339,44.878760643919215,43.093679526915665
17,6416.9680674197125,0.0,-6.693238786913611,7.768175010675155,3.2876730077212954,43.972842308050225,9.357953649192538
17,155.05430372437596,115.28725792603991,-10.028338122717933,22.34378844822515,29.76268625142339,44.878760643919215,43.21135511247416
17,6416.9680674197125,0.0,-6.693238786913611,7.6820068143816735,3.2876730077212954,43.972842308050225,9.357953649192538
17,157.09275366420508,74.185181145986,-10.039584320811095,24.659388618376596,29.76268625142339,44.79253979187165,43.093679526915665
17,6416.9680674197125,0.0,-6.727555880267573,7.878533869990738,3.4279389119427286,43.85001049655793,9.235312385371156
17,155.05430372437596,115.28725792603991,-10.028338122717933,22.34378844822515,29.76268625142339,44.878760643919215,43.05810811866116
17,6416.9680674197125,0.0,-6.712446381186332,10.071750526821818,3.3120994189865582,43.85001049655793,9.426053333100668
17,6416.968067419713,0.0,-7.402099758006024,7.338556759355995,42.158117716782826,6.907549194829084,9.512101726450545
17,156.80635969057357,156.80635969057354,-10.269089541619465,22.34378844822515,29.76268625142339,43.032999765674134,43.5726096254867
17,6416.968067419713,0.0,-9.497652363358839,41.29355252779122,22.10888731354236,3.1047952438462487,8.713971964371956
17,156.80635969057357,156.80635969057354,-10.159224598363451,22.34378844822515,29.76268625142339,43.87529766397023,43.5726096254867
17,157.09275366420508,77.67469825541131,-10.278086811328265,24.626010820343843,29.76268625142339,42.96402069790666,43.093679526915665
17,6416.968067419713,0.0,-7.686678358551234,7.3393978222345675,40.40819707334171,8.588042374090696,2.8606685498185342
17,6416.968067419713,0.0,-6.864806031552824,11.548622315373176,3.1845532077939387,42.55437363255554,9.357953649192538
17,6416.968067419713,0.0,-7.895954741792234,37.10876859548925,33.66204216850248,2.1976951889096923,9.585661410472186
17,6416.968067419713,0.0,-8.456543613810194,41.699782014384375,35.885973699011046,8.71947473822257,9.51296431451136
17,6416.968067419713,0.0,-6.794585096722528,7.6820068143816735,4.06466138292306,43.972842308050225,9.357953649192538
17,6416.968067419713,0.0,-7.2240907948421516,4.46473489773447,41.08003880394462,7.262677032274425,5.459162633822239
17,6416.968067419713,0.0,-8.563475577810358,41.699782014384375,35.163464577753075,8.816777340965874,9.112542183805116
17,6416.968067419713,0.0,-7.163046542488345,41.39985504863795,43.585534002950546,6.502224162027907,2.278344589699918
17,6416.968067419713,0.0,-7.686678358551234,7.3393978222345675,40.40819707334171,8.588042374090696,3.240845976306069
17,6416.968067419713,0.0,-8.442922857005478,41.699782014384375,35.78563764281579,8.514712879857823,11.046635851243249
17,6416.968067419713,0.0,-7.520212907929796,11.124866796010693,42.65313345060033,8.308099078062158,12.646103578531218
17,6416.968067419713,0.0,-8.138784608323238,37.10876859548925,32.62375671453819,3.0211053783497537,2.9859122082453053
17,6416.968067419713,0.0,-7.648687603721562,7.048135368540368,40.40819707334171,8.639496656420604,6.9146404381396955
17,6416.968067419713,0.0,-9.945911799452976,10.071102521471909,25.819112058999067,14.314062273585142,3.9921423050592875
17,6416.968067419713,0.0,-7.0412777546930165,10.064203050940751,4.147998854311002,42.16486940166443,9.426053333100668
17,6416.968067419713,0.0,-7.313731925331503,7.24967991083543,42.01666300294579,6.088607763820738,12.403526845049264
17,6416.968067419713,0.0,-7.315575450440768,7.3393978222345675,43.25331936885533,8.709484210360237,2.368894041499658
17,6416.968067419713,0.0,-9.734798350500746,24.600850949211477,25.924370407101495,8.557824427607251,10.25515844916075
17,6416.968067419713,0.0,-9.734798350500746,14.718463341024052,25.924370407101495,8.557824427607251,9.522916321090992
17,6416.968067419713,0.0,-7.7228187633704195,7.3393978222345675,40.13112063639464,8.731276417738947,3.7404093373076925
17,6416.968067419713,0.0,-7.122511964618205,41.39985504863795,43.585534002950546,6.191459065023531,5.727489203721569
17,6416.968067419713,0.0,-9.986532317972351,10.071102521471909,25.507688083683867,14.314062273585142,2.2857103787475888
17,6416.968067419713,0.0,-8.135887761171727,37.10876859548925,32.645965876033124,3.0211053783497537,3.0939671628509426
17,6416.968067419713,0.0,-9.945911799452976,10.071102521471909,25.819112058999067,14.314062273585142,2.3648577069123107
17,6416.968067419713,0.0,-8.209713089970329,37.10876859548925,32.26505611309565,3.20618980286822,3.0939671628509426
17,6416.968067419713,0.0,-8.803767543009425,11.172342554059684,2.5039717337631435,27.008420570690824,12.301754956637275
17,6416.968067419713,0.0,-9.945915105692642,10.071127869309349,25.819112058999067,14.314062273585142,2.3648577069123107
17,6416.968067419713,0.0,-6.840683206895349,10.064108303329355,4.147998854311002,43.70276093477995,9.426053333100668
17,6416.968067419713,0.0,-7.599046828472595,7.3393978222345675,41.08003880394462,8.511825868497887,5.5305760619020425
17,6416.968067419713,0.0,-8.472527772639346,41.699782014384375,35.76342848132087,8.71947473822257,10.862118037442697
17,6416.968067419713,0.0,-9.60548151677904,42.08846934621565,23.73049430818832,5.8880257034292605,11.333010382238829
18,6416.9680674197125,0.0,-6.82147674231561,10.071775874659258,4.147998854311002,43.85001049655793,9.426053333100668
18,6416.9680674197125,0.0,-6.693338738695051,11.548622315373176,3.2876730077212954,43.97207601105914,9.357953649192538
18,6416.9680674197125,0.0,-6.82147674231561,7.878533869990738,4.147998854311002,43.85001049655793,9.45109425431152
18,6416.9680674197125,0.0,-6.693238786913611,11.516985851855653,3.2876730077212954,43.972842308050225,9.357953649192538
18,155.05430372437596,115.28725792603991,-10.028338122717933,22.34378844822515,29.76268625142339,44.878760643919215,43.093679526915665
18,6416.9680674197125,0.0,-6.693238786913611,7.768175010675155,3.2876730077212954,43.972842308050225,9.357953649192538
18,155.05430372437596,115.28725792603991,-10.028338122717933,22.34378844822515,29.76268625142339,44.878760643919215,43.21135511247416
18,6416.9680674197125,0.0,-6.693238786913611,7.6820068143816735,3.2876730077212954,43.972842308050225,9.357953649192538
18,157.09275366420508,74.185181145986,-10.039584320811095,24.659388618376596,29.76268625142339,44.79253979187165,43.093679526915665
18,6416.9680674197125,0.0,-6.727555880267573,7.878533869990738,3.4279389119427286,43.85001049655793,9.235312385371156
18,155.05430372437596,115.28725792603991,-10.028338122717933,22.34378844822515,29.76268625142339,44.878760643919215,43.05810811866116
18,6416.9680674197125,0.0,-6.712446381186332,10.071750526821818,3.3120994189865582,43.85001049655793,9.426053333100668
18,155.05430372437596,115.28725792603991,-10.028338122717933,22.34378844822515,29.76268625142339,44.878760643919215,43.55104276954842
18,6416.9680674197125,0.0,-6.738949033393645,10.071750526821818,3.5152864192425852,43.85001049655793,9.426053333100668
18,155.05430372437596,115.28725792603991,-10.025486071281442,22.34378844822515,29.76268625142339,44.90062637159896,43.093679526915665
18,6416.9680674197125,0.0,-6.711918965701528,7.657442663907258,3.3120160681031043,43.85397066439133,9.354538491857955
18,6416.968067419713,0.0,-7.402099758006024,7.338556759355995,42.158117716782826,6.907549194829084,9.512101726450545
18,155.05430372437596,127.72177945712481,-10.118670293003603,22.34378844822515,30.45523289028021,44.878760643919215,43.05810811866116
18,6416.968067419713,0.0,-7.7228187633704195,7.3393978222345675,40.13112063639464,8.731276417738947,5.516473571558046
18,157.09275366420508,77.67469825541131,-10.278086811328265,24.626010820343843,29.76268625142339,42.96402069790666,43.093679526915665
18,6416.968067419713,0.0,-8.209713089970329,37.10876859548925,32.26505611309565,3.20618980286822,3.0939671628509426
18,6416.968067419713,0.0,-6.841157249354026,11.563767428598744,4.147998854311002,43.699126609263395,9.426053333100668
18,6416.968067419713,0.0,-8.442922857005478,41.699782014384375,35.78563764281579,8.514712879857823,11.046635851243249
18,6416.968067419713,0.0,-9.945911799452976,10.071102521471909,25.819112058999067,14.314062273585142,3.9921423050592875
18,6416.968067419713,0.0,-7.405583934073963,7.338556759355995,42.158117716782826,6.934261211349932,9.512101726450545
18,6416.968067419713,0.0,-6.6650748546410306,7.6820068143816735,3.2876730077212954,44.188765788806634,9.357953649192538
18,6416.968067419713,0.0,-7.599046828472595,7.3393978222345675,41.08003880394462,8.511825868497887,5.5305760619020425
18,6416.968067419713,0.0,-8.138784608323238,37.10876859548925,32.62375671453819,3.0211053783497537,2.9859122082453053
18,6416.968067419713,0.0,-6.840683206895349,10.064108303329355,4.147998854311002,43.70276093477995,9.426053333100668
18,6416.968067419713,0.0,-7.686678358551234,7.3393978222345675,40.40819707334171,8.588042374090696,3.240845976306069
18,6416.968067419713,0.0,-9.986532317972351,10.071102521471909,25.507688083683867,14.314062273585142,2.2857103787475888
18,6416.968067419713,0.0,-9.945911799452976,10.071102521471909,25.819112058999067,14.314062273585142,2.3648577069123107
18,6416.968067419713,0.0,-9.734798350500746,14.718463341024052,25.924370407101495,8.557824427607251,9.522916321090992
18,6416.968067419713,0.0,-7.315575450440768,7.3393978222345675,43.25331936885533,8.709484210360237,2.368894041499658
18,6416.968067419713,0.0,-7.895954741792234,37.10876859548925,33.66204216850248,2.1976951889096923,9.585661410472186
18,6416.968067419713,0.0,-9.945915105692642,10.071127869309349,25.819112058999067,14.314062273585142,2.3648577069123107
18,6416.968067419713,0.0,-9.60548151677904,42.08846934621565,23.73049430818832,5.8880257034292605,11.333010382238829
18,6416.968067419713,0.0,-8.472527772639346,41.699782014384375,35.76342848132087,8.71947473822257,10.862118037442697
18,6416.968067419713,0.0,-7.520212907929796,11.124866796010693,42.65313345060033,8.308099078062158,12.646103578531218
18,6416.968067419713,0.0,-6.534405519565638,10.048963190103787,2.4764468497439465,44.379337866407354,9.357953649192538
18,6416.968067419713,0.0,-7.315575450440768,7.3393978222345675,43.25331936885533,8.709484210360237,3.431657551918314
18,6416.968067419713,0.0,-7.122511964618205,41.39985504863795,43.585534002950546,6.191459065023531,5.727489203721569
18,6416.968067419713,0.0,-9.851299654550889,24.735585691948785,25.184311783867052,8.710942468757231,10.274381686234836
18,6416.968067419713,0.0,-8.563475577810358,41.699782014384375,35.163464577753075,8.816777340965874,9.112542183805116
18,6416.968067419713,0.0,-8.456543613810194,41.699782014384375,35.885973699011046,8.71947473822257,9.51296431451136
18,6416.968067419713,0.0,-6.794585096722528,7.6820068143816735,4.06466138292306,43.972842308050225,9.357953649192538
18,6416.968067419713,0.0,-7.744871760236588,8.781343768453715,41.2106922122768,8.588042374090696,2.6301637950366867
18,6416.968067419713,0.0,-8.135887761171727,37.10876859548925,32.645965876033124,3.0211053783497537,3.0939671628509426
19,6416.9680674197125,0.0,-6.82147674231561,10.071775874659258,4.147998854311002,43.85001049655793,9.426053333100668
19,6416.9680674197125,0.0,-6.693338738695051,11.548622315373176,3.2876730077212954,43.97207601105914,9.357953649192538
19,6416.9680674197125,0.0,-6.82147674231561,7.878533869990738,4.147998854311002,43.85001049655793,9.45109425431152
19,6416.9680674197125,0.0,-6.693238786913611,11.516985851855653,3.2876730077212954,43.972842308050225,9.357953649192538
19,155.05430372437596,115.28725792603991,-10.028338122717933,22.34378844822515,29.76268625142339,44.878760643919215,43.093679526915665
19,6416.9680674197125,0.0,-6.693238786913611,7.768175010675155,3.2876730077212954,43.972842308050225,9.357953649192538
19,155.05430372437596,115.28725792603991,-10.028338122717933,22.34378844822515,29.76268625142339,44.878760643919215,43.21135511247416
19,6416.9680674197125,0.0,-6.693238786913611,7.6820068143816735,3.2876730077212954,43.972842308050225,9.357953649192538
19,157.09275366420508,74.185181145986,-10.039584320811095,24.659388618376596,29.76268625142339,44.79253979187165,43.093679526915665
19,6416.9680674197125,0.0,-6.727555880267573,7.878533869990738,3.4279389119427286,43.85001049655793,9.235312385371156
19,155.05430372437596,115.28725792603991,-10.028338122717933,22.34378844822515,29.76268625142339,44.878760643919215,43.05810811866116
19,6416.9680674197125,0.0,-6.712446381186332,10.071750526821818,3.3120994189865582,43.85001049655793,9.426053333100668
19,155.05430372437596,115.28725792603991,-10.028338122717933,22.34378844822515,29.76268625142339,44.878760643919215,43.55104276954842
19,6416.9680674197125,0.0,-6.738949033393645,10.071750526821818,3.5152864192425852,43.85001049655793,9.426053333100668
19,155.05430372437596,115.28725792603991,-10.025486071281442,22.34378844822515,29.76268625142339,44.90062637159896,43.093679526915665
19,6416.9680674197125,0.0,-6.711918965701528,7.657442663907258,3.3120160681031043,43.85397066439133,9.354538491857955
19,155.05430372437596,115.28725792603991,-10.028338122717933,22.34378844822515,29.76268625142339,44.878760643919215,43.5495774165658
19,6416.9680674197125,0.0,-6.722180755311591,10.071775874659258,3.3867296206135773,43.85001049655793,9.426053333100668
19,6416.9680674197125,0.0,-6.711918965701528,7.657442663907258,3.3120160681031043,43.85397066439133,9.461388441443997
19,6416.9680674197125,0.0,-6.70054715012887,7.878533869990738,3.3226463566835216,43.951784872362126,9.451653613309439
19,6416.9680674197125,0.0,-6.696028986071763,3.577982431447025,3.3090645346004655,43.972842308050225,9.357953649192538
19,6416.9680674197125,0.0,-6.689705228571938,11.516985851855653,3.2605823937685283,43.972842308050225,9.357953649192538
19,6416.968067419713,0.0,-7.744871760236588,8.781343768453715,41.2106922122768,8.588042374090696,2.0119599339831145
19,6416.968067419713,0.0,-7.402099758006024,7.338556759355995,42.158117716782826,6.907549194829084,9.512101726450545
19,155.05430372437596,127.72177945712481,-10.118670293003603,22.34378844822515,30.45523289028021,44.878760643919215,43.05810811866116
19,157.09275366420508,77.67469825541131,-10.278086811328265,24.626010820343843,29.76268625142339,42.96402069790666,43.093679526915665
19,6416.968067419713,0.0,-8.472527772639346,41.699782014384375,35.76342848132087,8.71947473822257,10.862118037442697
19,6416.968067419713,0.0,-9.734798350500746,14.718463341024052,25.924370407101495,8.557824427607251,9.522916321090992
19,6416.968067419713,0.0,-9.945911799452976,10.071102521471909,25.819112058999067,14.314062273585142,2.3648577069123107
19,6416.968067419713,0.0,-9.963363112089077,10.07111431208703,25.685330452737436,14.352929323721064,3.694454605997767
19,6416.968067419713,0.0,-6.534405519565638,10.048963190103787,2.4764468497439465,44.379337866407354,9.357953649192538
19,6416.968067419713,0.0,-7.520212907929796,11.124866796010693,42.65313345060033,8.308099078062158,12.646103578531218
19,6416.968067419713,0.0,-8.283064580932717,37.10876859548925,33.66204216850248,5.165537288986704,9.246779011769355
19,6416.968067419713,0.0,-6.6650748546410306,7.6820068143816735,3.2876730077212954,44.188765788806634,9.357953649192538
19,6416.968067419713,0.0,-6.794585096722528,7.6820068143816735,4.06466138292306,43.972842308050225,9.357953649192538
19,6416.968067419713,0.0,-6.841157249354026,11.563767428598744,4.147998854311002,43.699126609263395,9.426053333100668
19,6416.968067419713,0.0,-9.986532317972351,10.071102521471909,25.507688083683867,14.314062273585142,2.2857103787475888
19,6416.968067419713,0.0,-8.456543613810194,41.699782014384375,35.885973699011046,8.71947473822257,9.51296431451136
19,6416.968067419713,0.0,-9.945911799452976,10.071102521471909,25.819112058999067,14.314062273585142,3.9921423050592875
19,6416.968067419713,0.0,-9.945915105692642,10.071127869309349,25.819112058999067,14.314062273585142,2.3648577069123107
19,6416.968067419713,0.0,-8.138784608323238,37.10876859548925,32.62375671453819,3.0211053783497537,2.9859122082453053
19,6416.968067419713,0.0,-7.895954741792234,37.10876859548925,33.66204216850248,2.1976951889096923,9.585661410472186
19,6416.968067419713,0.0,-7.122511964618205,41.39985504863795,43.585534002950546,6.191459065023531,5.727489203721569
19,6416.968067419713,0.0,-7.744871760236588,8.781343768453715,41.2106922122768,8.588042374090696,2.6301637950366867
19,6416.968067419713,0.0,-7.686678358551234,7.3393978222345675,40.40819707334171,8.588042374090696,3.240845976306069
19,6416.968067419713,0.0,-8.209713089970329,37.10876859548925,32.26505611309565,3.20618980286822,3.0939671628509426
19,6416.968067419713,0.0,-9.851299654550889,24.735585691948785,25.184311783867052,8.710942468757231,10.274381686234836
19,6416.968067419713,0.0,-6.733042826618494,10.071738736206697,3.281640542195058,43.66164553811986,9.426053333100668
20,6416.9680674197125,0.0,-6.82147674231561,10.071775874659258,4.147998854311002,43.85001049655793,9.426053333100668
20,6416.9680674197125,0.0,-6.693338738695051,11.548622315373176,3.2876730077212954,43.97207601105914,9.357953649192538
20,6416.9680674197125,0.0,-6.82147674231561,7.878533869990738,4.147998854311002,43.85001049655793,9.45109425431152
20,6416.9680674197125,0.0,-6.693238786913611,11.516985851855653,3.2876730077212954,43.972842308050225,9.357953649192538
20,155.05430372437596,115.28725792603991,-10.028338122717933,22.34378844822515,29.76268625142339,44.878760643919215,43.093679526915665
20,6416.9680674197125,0.0,-6.693238786913611,7.768175010675155,3.2876730077212954,43.972842308050225,9.357953649192538
20,155.05430372437596,115.28725792603991,-10.028338122717933,22.34378844822515,29.76268625142339,44.878760643919215,43.21135511247416
20,6416.9680674197125,0.0,-6.693238786913611,7.6820068143816735,3.2876730077212954,43.972842308050225,9.357953649192538
20,157.09275366420508,74.185181145986,-10.039584320811095,24.659388618376596,29.76268625142339,44.79253979187165,43.093679526915665
20,6416.9680674197125,0.0,-6.727555880267573,7.878533869990738,3.4279389119427286,43.85001049655793,9.235312385371156
20,155.05430372437596,115.28725792603991,-10.028338122717933,22.34378844822515,29.76268625142339,44.878760643919215,43.05810811866116
20,6416.9680674197125,0.0,-6.712446381186332,10.071750526821818,3.3120994189865582,43.85001049655793,9.426053333100668
20,155.05430372437596,115.28725792603991,-10.028338122717933,22.34378844822515,29.76268625142339,44.878760643919215,43.55104276954842
20,6416.9680674197125,0.0,-6.738949033393645,10.071750526821818,3.5152864192425852,43.85001049655793,9.426053333100668
20,155.05430372437596,115.28725792603991,-10.025486071281442,22.34378844822515,29.76268625142339,44.90062637159896,43.093679526915665
20,6416.9680674197125,0.0,-6.711918965701528,7.657442663907258,3.3120160681031043,43.85397066439133,9.354538491857955
20,155.05430372437596,115.28725792603991,-10.028338122717933,22.34378844822515,29.76268625142339,44.878760643919215,43.5495774165658
20,6416.9680674197125,0.0,-6.722180755311591,10.071775874659258,3.3867296206135773,43.85001049655793,9.426053333100668
20,6416.9680674197125,0.0,-6.711918965701528,7.657442663907258,3.3120160681031043,43.85397066439133,9.461388441443997
20,6416.9680674197125,0.0,-6.70054715012887,7.878533869990738,3.3226463566835216,43.951784872362126,9.451653613309439
20,6416.9680674197125,0.0,-6.696028986071763,3.577982431447025,3.3090645346004655,43.972842308050225,9.357953649192538
20,6416.9680674197125,0.0,-6.689705228571938,11.516985851855653,3.2605823937685283,43.972842308050225,9.357953649192538
20,6416.9680674197125,0.0,-6.82147674231561,10.071775874659258,4.147998854311002,43.85001049655793,9.435538582040376
20,6416.9680674197125,0.0,-6.712446381186332,10.008268525087486,3.3120994189865582,43.85001049655793,9.426053333100668
20,6416.9680674197125,0.0,-6.689705228571938,11.605128694868336,3.2605823937685283,43.972842308050225,9.461845626839267
20,6416.9680674197125,0.0,-6.693238786913611,8.336118883345545,3.2876730077212954,43.972842308050225,9.357953649192538
20,6416.9680674197125,0.0,-6.693238786913611,7.768175010675155,3.2876730077212954,43.972842308050225,9.42868612185395
20,6416.9680674197125,0.0,-6.693238786913611,11.516985851855653,3.2876730077212954,43.972842308050225,9.35507675637691
20,6416.9680674197125,0.0,-6.695869942757199,3.577982431447025,3.307845202522131,43.972842308050225,9.357953649192538
20,6416.9680674197125,0.0,-6.710774635475264,7.6820068143816735,3.294257555598926,43.84498535028852,9.35822131084015
20,6416.9680674197125,0.0,-6.693497782009615,7.964561202385978,3.28889233979963,43.97207601105914,9.357953649192538
20,155.05430372437596,127.72177945712481,-10.118670293003603,22.34378844822515,30.45523289028021,44.878760643919215,43.05810811866116
20,6416.968067419713,0.0,-7.744871760236588,8.781343768453715,41.2106922122768,8.588042374090696,2.0119599339831145
20,6416.968067419713,0.0,-7.318071143201394,9.893967491576447,44.20288698018475,8.308099078062158,12.646103578531218
20,157.09275366420508,76.61687321676366,-10.028338122717933,24.360755433455488,29.76268625142339,44.878760643919215,43.093679526915665
20,6416.968067419713,0.0,-6.841157249354026,11.563767428598744,4.147998854311002,43.699126609263395,9.426053333100668
20,6416.968067419713,0.0,-6.596696351358567,7.569299820954284,3.3120160681031043,44.73734404102064,7.442678228692393
20,6416.968067419713,0.0,-7.402099758006024,7.338556759355995,42.158117716782826,6.907549194829084,9.512101726450545
20,6416.968067419713,0.0,-8.209713089970329,37.10876859548925,32.26505611309565,3.20618980286822,3.0939671628509426
20,6416.968067419713,0.0,-7.895954741792234,37.10876859548925,33.66204216850248,2.1976951889096923,9.585661410472186
20,6416.968067419713,0.0,-9.963363112089077,10.07111431208703,25.685330452737436,14.352929323721064,3.694454605997767
20,6416.968067419713,0.0,-6.794585096722528,7.6820068143816735,4.06466138292306,43.972842308050225,9.357953649192538
20,6416.968067419713,0.0,-9.851299654550889,24.735585691948785,25.184311783867052,8.710942468757231,10.274381686234836
20,6416.968067419713,0.0,-9.986532317972351,10.071102521471909,25.507688083683867,14.314062273585142,2.2857103787475888
20,6416.968067419713,0.0,-8.283064580932717,37.10876859548925,33.66204216850248,5.165537288986704,9.246779011769355
20,6416.968067419713,0.0,-8.138784608323238,37.10876859548925,32.62375671453819,3.0211053783497537,2.9859122082453053
20,6416.968067419713,0.0,-6.733042826618494,10.071738736206697,3.281640542195058,43.66164553811986,9.426053333100668
20,6416.968067419713,0.0,-7.686678358551234,7.3393978222345675,40.40819707334171,8.588042374090696,3.240845976306069
21,6416.9680674197125,0.0,-6.82147674231561,10.071775874659258,4.147998854311002,43.85001049655793,9.426053333100668
21,6416.9680674197125,0.0,-6.693338738695051,11.548622315373176,3.2876730077212954,43.97207601105914,9.357953649192538
21,6416.9680674197125,0.0,-6.82147674231561,7.878533869990738,4.147998854311002,43.85001049655793,9.45109425431152
21,6416.9680674197125,0.0,-6.693238786913611,11.516985851855653,3.2876730077212954,43.972842308050225,9.357953649192538
21,155.05430372437596,115.28725792603991,-10.028338122717933,22.34378844822515,29.76268625142339,44.878760643919215,43.093679526915665
21,6416.9680674197125,0.0,-6.693238786913611,7.768175010675155,3.2876730077212954,43.972842308050225,9.357953649192538
21,155.05430372437596,115.28725792603991,-10.028338122717933,22.34378844822515,29.76268625142339,44.878760643919215,43.21135511247416
21,6416.9680674197125,0.0,-6.693238786913611,7.6820068143816735,3.2876730077212954,43.972842308050225,9.357953649192538
21,157.09275366420508,74.185181145986,-10.039584320811095,24.659388618376596,29.76268625142339,44.79253979187165,43.093679526915665
21,6416.9680674197125,0.0,-6.727555880267573,7.878533869990738,3.4279389119427286,43.85001049655793,9.235312385371156
21,155.05430372437596,115.28725792603991,-10.028338122717933,22.34378844822515,29.76268625142339,44.878760643919215,43.05810811866116
21,6416.9680674197125,0.0,-6.712446381186332,10.071750526821818,3.3120994189865582,43.85001049655793,9.426053333100668
21,155.05430372437596,115.28725792603991,-10.028338122717933,22.34378844822515,29.76268625142339,44.878760643919215,43.55104276954842
21,6416.9680674197125,0.0,-6.738949033393645,10.071750526821818,3.5152864192425852,43.85001049655793,9.426053333100668
21,155.05430372437596,115.28725792603991,-10.025486071281442,22.34378844822515,29.76268625142339,44.90062637159896,43.093679526915665
21,6416.9680674197125,0.0,-6.711918965701528,7.657442663907258,3.3120160681031043,43.85397066439133,9.354538491857955
21,155.05430372437596,115.28725792603991,-10.028338122717933,22.34378844822515,29.76268625142339,44.878760643919215,43.5495774165658
21,6416.9680674197125,0.0,-6.722180755311591,10.071775874659258,3.3867296206135773,43.85001049655793,9.426053333100668
21,6416.9680674197125,0.0,-6.711918965701528,7.657442663907258,3.3120160681031043,43.85397066439133,9.461388441443997
21,6416.9680674197125,0.0,-6.70054715012887,7.878533869990738,3.3226463566835216,43.951784872362126,9.451653613309439
21,6416.9680674197125,0.0,-6.696028986071763,3.577982431447025,3.3090645346004655,43.972842308050225,9.357953649192538
21,6416.9680674197125,0.0,-6.689705228571938,11.516985851855653,3.2605823937685283,43.972842308050225,9.357953649192538
21,6416.9680674197125,0.0,-6.82147674231561,10.071775874659258,4.147998854311002,43.85001049655793,9.435538582040376
21,6416.9680674197125,0.0,-6.712446381186332,10.008268525087486,3.3120994189865582,43.85001049655793,9.426053333100668
21,6416.9680674197125,0.0,-6.689705228571938,11.605128694868336,3.2605823937685283,43.972842308050225,9.461845626839267
21,6416.9680674197125,0.0,-6.693238786913611,8.336118883345545,3.2876730077212954,43.972842308050225,9.357953649192538
21,6416.9680674197125,0.0,-6.693238786913611,7.768175010675155,3.2876730077212954,43.972842308050225,9.42868612185395
21,6416.9680674197125,0.0,-6.693238786913611,11.516985851855653,3.2876730077212954,43.972842308050225,9.35507675637691
21,6416.9680674197125,0.0,-6.695869942757199,3.577982431447025,3.307845202522131,43.972842308050225,9.357953649192538
21,6416.9680674197125,0.0,-6.710774635475264,7.6820068143816735,3.294257555598926,43.84498535028852,9.35822131084015
21,6416.9680674197125,0.0,-6.693497782009615,7.964561202385978,3.28889233979963,43.97207601105914,9.357953649192538
21,6416.9680674197125,0.0,-6.8191004771757235,10.071775874659258,4.147998854311002,43.868228529297006,8.667798312568038
21,6416.9680674197125,0.0,-6.6954218467599915,8.294143486333212,3.2842673952023484,43.95269990337568,9.451568693866466
21,6416.9680674197125,0.0,-6.689900883284935,11.431490693555798,3.2620824132348027,43.972842308050225,9.461845626839267
21,6416.9680674197125,0.0,-6.692795990785488,11.516985851855653,3.2876730077212954,43.97623707836582,9.355360308160753
21,155.05430372437596,115.28725792603991,-10.030783365695143,22.34378844822515,29.76268625142339,44.86001378109392,43.939742086432894
21,6416.9680674197125,0.0,-6.698364090282485,7.9205092670030695,3.3260519692024686,43.97192727703668,9.35803856863551
21,6416.9680674197125,0.0,-6.693043132200618,8.351389435336525,3.286172988255021,43.972842308050225,9.357953649192538
21,6416.968067419713,0.0,-6.819618794034298,10.071750526821818,3.5152864192425852,43.23154233164622,9.428646674132453
21,6416.968067419713,0.0,-7.744871760236588,8.781343768453715,41.2106922122768,8.588042374090696,2.0119599339831145
21,155.05430372437596,127.72177945712481,-10.118670293003603,22.34378844822515,30.45523289028021,44.878760643919215,43.05810811866116
21,157.09275366420508,76.61687321676366,-10.028338122717933,24.360755433455488,29.76268625142339,44.878760643919215,43.093679526915665
21,6416.968067419713,0.0,-6.794585096722528,7.6820068143816735,4.06466138292306,43.972842308050225,9.357953649192538
21,6416.968067419713,0.0,-6.596696351358567,7.569299820954284,3.3120160681031043,44.73734404102064,7.442678228692393
21,6416.968067419713,0.0,-9.963363112089077,10.07111431208703,25.685330452737436,14.352929323721064,3.694454605997767
21,6416.968067419713,0.0,-8.138784608323238,37.10876859548925,32.62375671453819,3.0211053783497537,2.9859122082453053
21,6416.968067419713,0.0,-7.402099758006024,7.338556759355995,42.158117716782826,6.907549194829084,9.512101726450545
21,6416.968067419713,0.0,-7.686678358551234,7.3393978222345675,40.40819707334171,8.588042374090696,3.240845976306069
22,155.05430372437596,115.28725792603991,-10.028338122717933,22.34378844822515,29.76268625142339,44.878760643919215,43.093679526915665
22,6416.9680674197125,0.0,-6.82147674231561,10.071775874659258,4.147998854311002,43.85001049655793,9.426053333100668
22,155.05430372437596,115.28725792603991,-9.981512318284096,22.34378844822515,29.403688417430654,44.878760643919215,43.21135511247416
22,6416.9680674197125,0.0,-6.699314244428766,10.147975903176373,3.334251515337512,43.972842308050225,9.357540092389248
22,157.09275366420508,74.185181145986,-10.039584320811095,24.659388618376596,29.76268625142339,44.79253979187165,43.093679526915665
22,155.05430372437596,115.28725792603991,-10.030783365695143,22.34378844822515,29.76268625142339,44.86001378109392,43.939742086432894
22,6416.9680674197125,0.0,-6.692795990785488,11.516985851855653,3.2876730077212954,43.97623707836582,9.357988052443217
22,6416.9680674197125,0.0,-6.693043132200618,8.351389435336525,3.286172988255021,43.972842308050225,9.357953649192538
22,155.05430372437596,115.28725792603991,-10.028338122717933,22.34378844822515,29.76268625142339,44.878760643919215,43.21135511247416
22,6416.9680674197125,0.0,-6.693338738695051,11.503615544688127,3.2876730077212954,43.97207601105914,9.357953649192538
22,6416.9680674197125,0.0,-6.693238786913611,8.614895377840723,3.2876730077212954,43.972842308050225,8.974441924947554
22,6416.9680674197125,0.0,-6.689705228571938,11.605128694868336,3.2605823937685283,43.972842308050225,9.461845626839267
22,6416.9680674197125,0.0,-6.82147674231561,10.071775874659258,4.147998854311002,43.85001049655793,8.640421818115438
22,6416.9680674197125,0.0,-6.693238786913611,11.516985851855653,3.2876730077212954,43.972842308050225,9.357953649192538
22,6416.9680674197125,0.0,-6.689900883284935,11.841737286605529,3.2620824132348027,43.972842308050225,9.460332764434547
22,155.05430372437596,115.28725792603991,-10.028338122717933,22.34378844822515,29.76268625142339,44.878760643919215,43.5495774165658
22,6416.9680674197125,0.0,-6.712446381186332,10.008268525087486,3.3120994189865582,43.85001049655793,9.426053333100668
22,6416.9680674197125,0.0,-6.693238786913611,7.768175010675155,3.2876730077212954,43.972842308050225,9.42868612185395
22,6416.9680674197125,0.0,-6.6954218467599915,8.294143486333212,3.2842673952023484,43.95269990337568,9.451568693866466
22,6416.9680674197125,0.0,-6.693497782009615,7.964561202385978,3.28889233979963,43.97207601105914,9.357953649192538
22,6416.9680674197125,0.0,-6.712446381186332,10.053275295772533,3.3120994189865582,43.85001049655793,9.426053333100668
22,6416.9680674197125,0.0,-6.711918965701528,7.657442663907258,3.3120160681031043,43.85397066439133,9.461388441443997
22,155.05430372437596,115.28725792603991,-10.028338122717933,22.34378844822515,29.76268625142339,44.878760643919215,43.05810811866116
22,6416.9680674197125,0.0,-6.711679226554896,7.657442663907258,3.310178067978956,43.85397066439133,9.35810955754764
22,6416.9680674197125,0.0,-6.727555880267573,7.878533869990738,3.4279389119427286,43.85001049655793,9.235312385371156
22,6416.9680674197125,0.0,-6.698364090282485,6.854432839075166,3.3260519692024686,43.97192727703668,9.35803856863551
22,6416.9680674197125,0.0,-6.6100147688711886,8.294143486333212,3.2842673952023484,44.60748750052319,9.357758275588706
22,6416.9680674197125,0.0,-6.711918965701528,7.657442663907258,3.3120160681031043,43.85397066439133,9.354538491857955
22,155.05430372437596,115.28725792603991,-10.028338122717933,22.34378844822515,29.76268625142339,44.878760643919215,43.55104276954842
22,6416.9680674197125,0.0,-6.693338738695051,11.548622315373176,3.2876730077212954,43.97207601105914,9.357953649192538
22,6416.9680674197125,0.0,-6.722180755311591,10.071775874659258,3.3867296206135773,43.85001049655793,9.426053333100668
22,6416.9680674197125,0.0,-6.710774635475264,7.6820068143816735,3.294257555598926,43.84498535028852,9.35822131084015
22,6416.9680674197125,0.0,-6.689705228571938,11.516985851855653,3.2605823937685283,43.972842308050225,9.357953649192538
22,155.05430372437596,115.28725792603991,-10.025486071281442,22.34378844822515,29.76268625142339,44.90062637159896,43.093679526915665
22,6416.9680674197125,0.0,-6.70054715012887,7.878533869990738,3.3226463566835216,43.951784872362126,9.451653613309439
22,6416.9680674197125,0.0,-6.692795990785488,11.516985851855653,3.2876730077212954,43.97623707836582,9.355360308160753
22,6416.9680674197125,0.0,-6.696028986071763,3.577982431447025,3.3090645346004655,43.972842308050225,9.357953649192538
22,6416.9680674197125,0.0,-6.692795990785488,11.519439908831659,3.2876730077212954,43.97623707836582,9.355360308160753
22,6416.9680674197125,0.0,-6.698364090282485,7.9205092670030695,3.3260519692024686,43.97192727703668,9.35803856863551
22,6416.9680674197125,0.0,-6.689900883284935,11.431490693555798,3.2620824132348027,43.972842308050225,9.461845626839267
22,6416.9680674197125,0.0,-6.693238786913611,7.6820068143816735,3.2876730077212954,43.972842308050225,9.357953649192538
22,6416.9680674197125,0.0,-6.82147674231561,7.878533869990738,4.147998854311002,43.85001049655793,9.45109425431152
22,6416.9680674197125,0.0,-6.689705228571938,11.91883471583446,3.2605823937685283,43.972842308050225,9.461845626839267
22,6416.9680674197125,0.0,-6.693238786913611,8.336118883345545,3.2876730077212954,43.972842308050225,9.357953649192538
22,6416.9680674197125,0.0,-6.693238786913611,11.516985851855653,3.2876730077212954,43.972842308050225,9.35507675637691
22,6416.9680674197125,0.0,-6.82147674231561,10.071775874659258,4.147998854311002,43.85001049655793,9.435538582040376
22,6416.9680674197125,0.0,-6.693238786913611,7.6820068143816735,3.2876730077212954,43.972842308050225,9.355325904910076
22,6416.9680674197125,0.0,-6.712446381186332,10.071750526821818,3.3120994189865582,43.85001049655793,9.426053333100668
23,155.05430372437596,115.28725792603991,-10.028338122717933,22.34378844822515,29.76268625142339,44.878760643919215,43.02349529201558
23,6416.9680674197125,0.0,-6.689700646633618,11.516985851855653,3.2605823937685283,43.97287743624402,9.358037461480109
23,6416.9680674197125,0.0,-6.82147674231561,10.071775874659258,4.147998854311002,43.85001049655793,9.426053333100668
23,155.05430372437596,115.28725792603991,-10.028338122717933,22.34378844822515,29.76268625142339,44.878760643919215,43.093679526915665
23,157.09275366420508,74.185181145986,-10.039584320811095,24.659388618376596,29.76268625142339,44.79253979187165,43.093679526915665
23,6416.9680674197125,0.0,-6.689705228571938,11.605128694868336,3.2605823937685283,43.972842308050225,9.461845626839267
23,6416.9680674197125,0.0,-6.82147674231561,10.071775874659258,4.147998854311002,43.85001049655793,8.640421818115438
23,6416.9680674197125,0.0,-6.712446381186332,10.071750526821818,3.3120994189865582,43.85001049655793,9.426053333100668
23,6416.9680674197125,0.0,-6.693238786913611,7.6820068143816735,3.2876730077212954,43.972842308050225,9.357953649192538
23,6416.9680674197125,0.0,-6.82147674231561,10.071775874659258,4.147998854311002,43.85001049655793,9.435538582040376
23,6416.9680674197125,0.0,-6.689900883284935,11.841737286605529,3.2620824132348027,43.972842308050225,9.460332764434547
23,155.05430372437596,115.28725792603991,-10.028338122717933,22.34378844822515,29.76268625142339,44.878760643919215,43.55104276954842
23,6416.9680674197125,0.0,-6.711918965701528,7.657442663907258,3.3120160681031043,43.85397066439133,9.461388441443997
23,6416.9680674197125,0.0,-6.693338738695051,11.503615544688127,3.2876730077212954,43.97207601105914,9.357953649192538
23,6416.9680674197125,0.0,-6.694630376945177,7.6820068143816735,3.294257555598926,43.96875799901916,9.35822131084015
23,6416.9680674197125,0.0,-6.698364090282485,6.854432839075166,3.3260519692024686,43.97192727703668,9.35803856863551
23,155.05430372437596,115.28725792603991,-9.981512318284096,22.34378844822515,29.403688417430654,44.878760643919215,43.21135511247416
23,6416.9680674197125,0.0,-6.711679226554896,7.657442663907258,3.310178067978956,43.85397066439133,9.35810955754764
23,155.05430372437596,115.28725792603991,-10.028338122717933,22.34378844822515,29.76268625142339,44.878760643919215,43.21135511247416
23,6416.9680674197125,0.0,-6.712446381186332,10.053275295772533,3.3120994189865582,43.85001049655793,9.426053333100668
23,6416.9680674197125,0.0,-6.689705228571938,11.91883471583446,3.2605823937685283,43.972842308050225,9.461845626839267
23,6416.9680674197125,0.0,-6.693238786913611,7.768175010675155,3.2876730077212954,43.972842308050225,9.42868612185395
23,6416.9680674197125,0.0,-6.710774635475264,7.6820068143816735,3.294257555598926,43.84498535028852,9.35822131084015
23,6416.9680674197125,0.0,-6.693238786913611,7.6820068143816735,3.2876730077212954,43.972842308050225,9.355325904910076
23,6416.9680674197125,0.0,-6.699314244428766,10.147975903176373,3.334251515337512,43.972842308050225,9.357540092389248
23,155.05430372437596,115.28725792603991,-10.028338122717933,22.34378844822515,29.76268625142339,44.878760643919215,43.5495774165658
23,6416.9680674197125,0.0,-6.693370511149119,8.614895377840723,3.28868289352689,43.972842308050225,8.974441924947554
23,6416.9680674197125,0.0,-6.698364090282485,7.9205092670030695,3.3260519692024686,43.97192727703668,9.35803856863551
23,6416.9680674197125,0.0,-6.711918965701528,7.657442663907258,3.3120160681031043,43.85397066439133,9.354538491857955
23,6416.9680674197125,0.0,-6.70054715012887,7.878533869990738,3.3226463566835216,43.951784872362126,9.360576318950093
23,6416.9680674197125,0.0,-6.6100147688711886,8.294143486333212,3.2842673952023484,44.60748750052319,9.357758275588706
23,6416.9680674197125,0.0,-6.693238786913611,8.614895377840723,3.2876730077212954,43.972842308050225,8.974441924947554
23,155.05430372437596,115.28725792603991,-10.028338122717933,22.34378844822515,29.76268625142339,44.878760643919215,43.05810811866116
23,6416.9680674197125,0.0,-6.712446381186332,10.008268525087486,3.3120994189865582,43.85001049655793,9.426053333100668
23,6416.9680674197125,0.0,-6.696028986071763,3.577982431447025,3.3090645346004655,43.972842308050225,9.357953649192538
23,6416.9680674197125,0.0,-6.70054715012887,7.878533869990738,3.3226463566835216,43.951784872362126,9.451653613309439
23,6416.9680674197125,0.0,-6.6954218467599915,8.294143486333212,3.2842673952023484,43.95269990337568,9.451568693866466
23,6416.9680674197125,0.0,-6.692795990785488,11.516985851855653,3.2876730077212954,43.97623707836582,9.355360308160753
23,6416.9680674197125,0.0,-6.693008801956257,11.11856333691705,3.2842378162585955,43.97117033459388,9.451568693866466
23,155.05430372437596,115.28725792603991,-10.030783365695143,22.34378844822515,29.76268625142339,44.86001378109392,43.939742086432894
23,6416.9680674197125,0.0,-6.689837125517805,8.351389435336525,3.2615936036868076,43.972842308050225,9.357953649192538
23,6416.9680674197125,0.0,-6.695755262318155,8.818870101575818,3.334251515337512,44.0001278375649,9.357540092389248
23,6416.9680674197125,0.0,-6.82147674231561,7.878533869990738,4.147998854311002,43.85001049655793,9.45109425431152
23,6416.9680674197125,0.0,-6.693338738695051,11.548622315373176,3.2876730077212954,43.97207601105914,9.357953649192538
23,6416.9680674197125,0.0,-6.693043132200618,8.351389435336525,3.286172988255021,43.972842308050225,9.357953649192538
23,6416.9680674197125,0.0,-6.689573504336426,11.516985851855653,3.259572507962934,43.972842308050225,9.357953649192538
23,6416.9680674197125,0.0,-6.697040184965687,10.071750526821818,3.3120994189865582,43.96812466758293,9.370106170993408
23,6416.9680674197125,0.0,-6.693238786913611,11.516985851855653,3.2876730077212954,43.972842308050225,9.35507675637691
24,6416.9680674197125,0.0,-6.692712630962426,11.516985851855653,3.2876730077212954,43.97687617034262,9.355360308160753
24,6416.9680674197125,0.0,-6.689700646633618,11.516985851855653,3.2605823937685283,43.97287743624402,9.358037461480109
24,155.05430372437596,115.28725792603991,-10.014480261951107,22.34378844822515,29.76268625142339,44.98500424313157,43.939742086432894
24,155.05430372437596,115.28725792603991,-10.028338122717933,22.34378844822515,29.76268625142339,44.878760643919215,43.02349529201558
24,157.09275366420508,74.185181145986,-10.039584320811095,24.659388618376596,29.76268625142339,44.79253979187165,43.093679526915665
24,155.05430372437596,115.28725792603991,-10.028338122717933,22.34378844822515,29.76268625142339,44.878760643919215,43.05810811866116
24,155.05430372437596,115.28725792603991,-10.028338122717933,22.34378844822515,29.76268625142339,44.878760643919215,43.5495774165658
24,6416.9680674197125,0.0,-6.693238786913611,7.768175010675155,3.2876730077212954,43.972842308050225,9.42868612185395
24,6416.9680674197125,0.0,-6.6100147688711886,8.294143486333212,3.2842673952023484,44.60748750052319,9.357758275588706
24,6416.9680674197125,0.0,-6.693008801956257,11.11856333691705,3.2842378162585955,43.97117033459388,9.451568693866466
24,6416.9680674197125,0.0,-6.698364090282485,6.968064791866472,3.3260519692024686,43.97192727703668,9.35803856863551
24,6416.9680674197125,0.0,-6.693238786913611,7.6820068143816735,3.2876730077212954,43.972842308050225,9.357953649192538
24,155.05430372437596,115.28725792603991,-10.028338122717933,22.34378844822515,29.76268625142339,44.878760643919215,43.21135511247416
24,6416.9680674197125,0.0,-6.82147674231561,10.071775874659258,4.147998854311002,43.85001049655793,8.640421818115438
24,6416.9680674197125,0.0,-6.693238786913611,8.614895377840723,3.2876730077212954,43.972842308050225,8.974441924947554
24,6416.9680674197125,0.0,-6.699314244428766,10.147975903176373,3.334251515337512,43.972842308050225,9.357540092389248
24,6416.9680674197125,0.0,-6.693238786913611,7.6820068143816735,3.2876730077212954,43.972842308050225,9.355325904910076
24,6416.9680674197125,0.0,-6.711679226554896,7.657442663907258,3.310178067978956,43.85397066439133,9.35810955754764
24,6416.9680674197125,0.0,-6.692795990785488,11.516985851855653,3.2876730077212954,43.97623707836582,9.355360308160753
24,6416.9680674197125,0.0,-6.693043132200618,8.351389435336525,3.286172988255021,43.972842308050225,9.357953649192538
24,6416.9680674197125,0.0,-6.711918965701528,7.657442663907258,3.3120160681031043,43.85397066439133,9.461388441443997
24,6416.9680674197125,0.0,-6.793477507177954,11.605128694868336,4.051208181509932,43.96788062647885,9.427528564532667
24,155.05430372437596,115.28725792603991,-10.030783365695143,22.34378844822515,29.76268625142339,44.86001378109392,43.939742086432894
24,6416.9680674197125,0.0,-6.82147674231561,10.071775874659258,4.147998854311002,43.85001049655793,9.435538582040376
24,6416.9680674197125,0.0,-6.82147674231561,10.071775874659258,4.147998854311002,43.85001049655793,9.426053333100668
24,6416.9680674197125,0.0,-6.711918965701528,7.657442663907258,3.3120160681031043,43.85397066439133,9.354538491857955
24,6416.9680674197125,0.0,-6.695755262318155,8.818870101575818,3.334251515337512,44.0001278375649,9.357540092389248
24,6416.9680674197125,0.0,-6.693370511149119,8.614895377840723,3.28868289352689,43.972842308050225,8.974441924947554
24,155.05430372437596,115.28725792603991,-10.028338122717933,22.34378844822515,29.76268625142339,44.878760643919215,43.093679526915665
24,6416.9680674197125,0.0,-6.697040184965687,10.071750526821818,3.3120994189865582,43.96812466758293,9.370106170993408
24,6416.9680674197125,0.0,-6.712446381186332,10.008268525087486,3.3120994189865582,43.85001049655793,9.426053333100668
24,6416.9680674197125,0.0,-6.689837125517805,8.351389435336525,3.2615936036868076,43.972842308050225,9.357953649192538
24,155.05430372437596,115.28725792603991,-10.028338122717933,22.346621556685864,29.76268625142339,44.878760643919215,43.5495774165658
24,6416.9680674197125,0.0,-6.689573504336426,11.516985851855653,3.259572507962934,43.972842308050225,9.357953649192538
24,6416.9680674197125,0.0,-6.695612132470266,8.270016692075075,3.2848112213009255,43.951784872362126,8.8637487472719
24,6416.9680674197125,0.0,-6.696028986071763,3.577982431447025,3.3090645346004655,43.972842308050225,9.357953649192538
24,6416.9680674197125,0.0,-6.614949786529785,7.047844004875528,3.322102530584944,44.60748750052319,9.357758275588706
24,6416.9680674197125,0.0,-6.693238786913611,11.516985851855653,3.2876730077212954,43.972842308050225,9.35507675637691
24,6416.9680674197125,0.0,-6.698364090282485,6.854432839075166,3.3260519692024686,43.97192727703668,9.35803856863551
24,6416.9680674197125,0.0,-6.70054715012887,7.878533869990738,3.3226463566835216,43.951784872362126,9.451653613309439
24,6416.9680674197125,0.0,-6.712446381186332,10.071750526821818,3.3120994189865582,43.85001049655793,9.426053333100668
24,6416.9680674197125,0.0,-6.698364090282485,7.9205092670030695,3.3260519692024686,43.97192727703668,9.35803856863551
24,6416.9680674197125,0.0,-6.689705228571938,11.605128694868336,3.2605823937685283,43.972842308050225,9.461845626839267
24,6416.9680674197125,0.0,-6.710774635475264,7.6820068143816735,3.294257555598926,43.84498535028852,9.35822131084015
24,6416.9680674197125,0.0,-6.699497088143833,8.614895377840723,3.3356533171530254,43.972842308050225,8.974459455867095
24,155.05430372437596,115.28725792603991,-10.028338122717933,22.34378844822515,29.76268625142339,44.878760643919215,43.55104276954842
24,6416.9680674197125,0.0,-6.6897190468332965,11.516985851855653,3.260706998430551,43.97286097270854,9.358037461480109
24,6416.9680674197125,0.0,-6.693043132200618,8.23775748254522,3.286172988255021,43.972842308050225,9.357953649192538
25,6416.9680674197125,0.0,-6.692712630962426,11.516985851855653,3.2876730077212954,43.97687617034262,9.355360308160753
25,6416.9680674197125,0.0,-6.613211665653687,8.270830667229031,3.2842673952023484,44.58297795852402,7.9446917046916985
25,152.4485520843018,135.9450195376354,-9.976673776506615,22.357007258781174,29.452597323703966,44.9647650371532,43.093679526915665
25,157.09275366420508,74.185181145986,-10.039584320811095,24.659388618376596,29.76268625142339,44.79253979187165,43.093679526915665
25,155.05430372437596,115.28725792603991,-10.014480261951107,22.34378844822515,29.76268625142339,44.98500424313157,43.939742086432894
25,155.05430372437596,115.28725792603991,-10.016540041936857,22.34378844822515,29.76268625142339,44.96921259657414,43.62604303286794
25,6416.9680674197125,0.0,-6.614949786529785,7.047844004875528,3.322102530584944,44.60748750052319,9.357758275588706
25,6416.9680674197125,0.0,-6.712391031206316,9.361405061943772,3.311675069139763,43.85001049655793,9.426102125730186
25,6416.9680674197125,0.0,-6.689573504336426,11.516985851855653,3.259572507962934,43.972842308050225,9.357953649192538
25,6416.9680674197125,0.0,-6.710774635475264,7.6820068143816735,3.294257555598926,43.84498535028852,9.35822131084015
25,6416.9680674197125,0.0,-6.693043132200618,8.357870334723975,3.286172988255021,43.972842308050225,9.357953649192538
25,6416.9680674197125,0.0,-6.6897190468332965,11.516985851855653,3.260706998430551,43.97286097270854,9.358037461480109
25,6416.9680674197125,0.0,-6.693238786913611,8.614895377840723,3.2876730077212954,43.972842308050225,8.974441924947554
25,155.05430372437596,115.28725792603991,-10.028338122717933,22.34378844822515,29.76268625142339,44.878760643919215,43.21135511247416
25,6416.9680674197125,0.0,-6.692795990785488,11.516985851855653,3.2876730077212954,43.97623707836582,9.355360308160753
25,6416.9680674197125,0.0,-6.693008801956257,11.11856333691705,3.2842378162585955,43.97117033459388,9.451568693866466
25,6416.9680674197125,0.0,-6.689705228571938,11.605128694868336,3.2605823937685283,43.972842308050225,9.461845626839267
25,6416.9680674197125,0.0,-6.698364090282485,7.9205092670030695,3.3260519692024686,43.97192727703668,9.35803856863551
25,6416.9680674197125,0.0,-6.698364090282485,6.968064791866472,3.3260519692024686,43.97192727703668,9.35803856863551
25,6416.9680674197125,0.0,-6.695612132470266,8.270016692075075,3.2848112213009255,43.951784872362126,8.8637487472719
25,6416.9680674197125,0.0,-6.711679226554896,7.657442663907258,3.310178067978956,43.85397066439133,9.35810955754764
25,155.05430372437596,115.28725792603991,-10.028338122717933,22.34378844822515,29.76268625142339,44.878760643919215,43.5495774165658
25,6416.9680674197125,0.0,-6.695755262318155,8.818870101575818,3.334251515337512,44.0001278375649,9.357540092389248
25,6416.9680674197125,0.0,-6.698364090282485,6.854432839075166,3.3260519692024686,43.97192727703668,9.35803856863551
25,6416.9680674197125,0.0,-6.693238786913611,11.516985851855653,3.2876730077212954,43.972842308050225,9.35507675637691
25,6416.9680674197125,0.0,-6.712446381186332,10.008268525087486,3.3120994189865582,43.85001049655793,9.426053333100668
25,6416.9680674197125,0.0,-6.82147674231561,10.071775874659258,4.147998854311002,43.85001049655793,9.435538582040376
25,155.05430372437596,115.28725792603991,-10.028338122717933,22.34378844822515,29.76268625142339,44.878760643919215,43.02349529201558
25,6416.9680674197125,0.0,-6.693043132200618,8.23775748254522,3.286172988255021,43.972842308050225,9.357953649192538
25,6416.9680674197125,0.0,-6.699497088143833,8.614895377840723,3.3356533171530254,43.972842308050225,8.974459455867095
25,6416.9680674197125,0.0,-6.70054715012887,7.878533869990738,3.3226463566835216,43.951784872362126,9.451653613309439
25,6416.9680674197125,0.0,-6.7026329483817655,11.516985851855653,3.2876730077212954,43.90082040346101,9.35507675637691
25,6416.9680674197125,0.0,-6.689705603608353,8.130855707181963,3.2605864271535547,43.97284346615611,9.357953649192538
25,6416.9680674197125,0.0,-6.698030898122568,11.516985851855653,3.328446389282354,43.97687617034262,9.355360308160753
25,6416.9680674197125,0.0,-6.793477507177954,11.605128694868336,4.051208181509932,43.96788062647885,9.425961123823944
25,6416.9680674197125,0.0,-6.69630019439753,8.638208196944905,3.3356533171530254,43.997351826771855,8.974459455867095
25,6416.9680674197125,0.0,-6.689837125517805,8.351389435336525,3.2615936036868076,43.972842308050225,9.357953649192538
25,6416.9680674197125,0.0,-6.782626595713424,8.614895377840723,3.9765793087984718,43.9764420749955,9.427208521334126
25,6416.9680674197125,0.0,-6.711918965701528,7.657442663907258,3.3120160681031043,43.85397066439133,9.354538491857955
25,155.05430372437596,115.28725792603991,-10.028338122717933,22.34378844822515,29.76268625142339,44.878760643919215,43.05810811866116
25,6416.9680674197125,0.0,-6.697604641612575,7.657442663907258,3.3120160681031043,43.96371381573998,9.641398325771009
25,6416.9680674197125,0.0,-6.689700646633618,11.516985851855653,3.2605823937685283,43.97287743624402,9.358037461480109
25,155.05430372437596,115.28725792603991,-10.028338122717933,22.34378844822515,29.76268625142339,44.878760643919215,43.093679526915665
25,6416.9680674197125,0.0,-6.697040184965687,10.071750526821818,3.3120994189865582,43.96812466758293,9.370106170993408
25,6416.9680674197125,0.0,-6.711918965701528,7.657442663907258,3.3120160681031043,43.85397066439133,9.461388441443997
25,155.05430372437596,115.28725792603991,-10.028338122717933,22.34378844822515,29.76268625142339,44.878760643919215,43.55104276954842
25,6416.9680674197125,0.0,-6.693008801956257,11.600552215660686,3.2842378162585955,43.97117033459388,9.451568693866466
25,155.05430372437596,115.28725792603991,-10.030783365695143,22.34378844822515,29.76268625142339,44.86001378109392,43.939742086432894
26,152.4485520843018,135.9450195376354,-9.976673776506615,22.357007258781174,29.452597323703966,44.9647650371532,43.093679526915665
26,6416.9680674197125,0.0,-6.692712630962426,11.516985851855653,3.2876730077212954,43.97687617034262,9.355360308160753
26,152.4485520843018,135.9450195376354,-9.977122812443781,22.357007258781174,29.452597323703966,44.96132242830158,43.10890434653219
26,6416.9680674197125,0.0,-6.698091081572205,11.516985851855653,3.328446389282354,43.976414763895406,9.355360308160753
26,157.09275366420508,74.185181145986,-10.039584320811095,24.659388618376596,29.76268625142339,44.79253979187165,43.093679526915665
26,155.05430372437596,115.28725792603991,-10.014480261951107,22.34378844822515,29.76268625142339,44.98500424313157,43.939742086432894
26,155.05430372437596,115.28725792603991,-10.017909900972292,22.34378844822515,29.731819260885125,44.927843353430866,43.5495774165658
26,6416.9680674197125,0.0,-6.689700646633618,11.516985851855653,3.2605823937685283,43.97287743624402,9.358037461480109
26,6416.9680674197125,0.0,-6.693008801956257,11.11856333691705,3.2842378162585955,43.97117033459388,9.451568693866466
26,6416.9680674197125,0.0,-6.693238786913611,11.516985851855653,3.2876730077212954,43.972842308050225,9.35507675637691
26,155.05430372437596,115.28725792603991,-10.028338122717933,22.34378844822515,29.76268625142339,44.878760643919215,43.05810811866116
26,155.05430372437596,115.28725792603991,-10.016540041936857,22.34378844822515,29.76268625142339,44.96921259657414,43.62604303286794
26,6416.9680674197125,0.0,-6.712446381186332,10.008268525087486,3.3120994189865582,43.85001049655793,9.426053333100668
26,6416.9680674197125,0.0,-6.69620690272599,8.638208196944905,3.3356533171530254,43.998067062920384,8.974442079683003
26,6416.9680674197125,0.0,-6.689837125517805,8.351389435336525,3.2615936036868076,43.972842308050225,9.357953649192538
26,6416.9680674197125,0.0,-6.70054715012887,7.878533869990738,3.3226463566835216,43.951784872362126,9.451653613309439
26,6416.9680674197125,0.0,-6.69630019439753,8.638208196944905,3.3356533171530254,43.997351826771855,8.974459455867095
26,6416.9680674197125,0.0,-6.712391031206316,9.361405061943772,3.311675069139763,43.85001049655793,9.426102125730186
26,6416.9680674197125,0.0,-6.711918965701528,7.657442663907258,3.3120160681031043,43.85397066439133,9.354538491857955
26,6416.9680674197125,0.0,-6.7026329483817655,11.516985851855653,3.2876730077212954,43.90082040346101,9.35507675637691
26,6416.9680674197125,0.0,-6.698030898122568,11.516985851855653,3.328446389282354,43.97687617034262,9.355360308160753
26,6416.9680674197125,0.0,-6.695612132470266,8.270016692075075,3.2848112213009255,43.951784872362126,8.8637487472719
26,6416.9680674197125,0.0,-6.70706743866851,13.534420914126565,3.3936926711755238,43.972842308050225,9.461845626839267
26,155.05430372437596,115.28725792603991,-10.015526120014613,22.34378844822515,29.76268625142339,44.97698599797802,43.02349529201558
26,6416.9680674197125,0.0,-6.698364090282485,7.9205092670030695,3.3260519692024686,43.97192727703668,9.35803856863551
26,6416.9680674197125,0.0,-6.711918965701528,7.657442663907258,3.3120160681031043,43.85397066439133,9.461388441443997
26,6416.9680674197125,0.0,-6.698364090282485,6.968064791866472,3.3260519692024686,43.97192727703668,9.35803856863551
26,6416.9680674197125,0.0,-6.614949786529785,7.047844004875528,3.322102530584944,44.60748750052319,9.357758275588706
26,6416.9680674197125,0.0,-6.692795990785488,11.516985851855653,3.2876730077212954,43.97623707836582,9.355360308160753
26,6416.9680674197125,0.0,-6.695755262318155,8.818870101575818,3.334251515337512,44.0001278375649,9.357540092389248
26,6416.9680674197125,0.0,-6.5959059276162435,11.516985851855653,3.2876730077212954,44.71906089599668,7.883201167818237
26,6416.9680674197125,0.0,-6.689705603608353,8.130855707181963,3.2605864271535547,43.97284346615611,9.357953649192538
26,6416.9680674197125,0.0,-6.710774635475264,7.6820068143816735,3.294257555598926,43.84498535028852,9.35822131084015
26,6416.9680674197125,0.0,-6.693043132200618,8.23775748254522,3.286172988255021,43.972842308050225,9.357953649192538
26,6416.9680674197125,0.0,-6.697604641612575,7.657442663907258,3.3120160681031043,43.96371381573998,9.641398325771009
26,6416.9680674197125,0.0,-6.699494641876015,8.614895377840723,3.3356533171530254,43.97286106277016,8.974459455867095
26,6416.9680674197125,0.0,-6.693043132200618,8.357870334723975,3.286172988255021,43.972842308050225,9.357953649192538
26,6416.9680674197125,0.0,-6.782626595713424,8.614895377840723,3.9765793087984718,43.9764420749955,9.427208521334126
26,6416.9680674197125,0.0,-6.613211665653687,8.270830667229031,3.2842673952023484,44.58297795852402,7.9446917046916985
26,6416.9680674197125,0.0,-6.698364090282485,6.854432839075166,3.3260519692024686,43.97192727703668,9.35803856863551
26,6416.9680674197125,0.0,-6.78256641226378,8.614895377840723,3.9765793087984718,43.97690348144272,8.681822911551858
26,6416.9680674197125,0.0,-6.693238786913611,8.614895377840723,3.2876730077212954,43.972842308050225,8.974441924947554
26,6416.9680674197125,0.0,-6.711679226554896,7.657442663907258,3.310178067978956,43.85397066439133,9.35810955754764
26,6416.9680674197125,0.0,-6.695757579449573,11.461135755320072,3.3342692800117177,44.0001278375649,9.357540092389248
26,6416.9680674197125,0.0,-6.711918965701528,7.430067475829206,3.3120160681031043,43.85397066439133,9.461388441443997
26,6416.9680674197125,0.0,-6.689705228571938,11.605128694868336,3.2605823937685283,43.972842308050225,9.461845626839267
26,6416.9680674197125,0.0,-6.693008801956257,11.600552215660686,3.2842378162585955,43.97117033459388,9.451568693866466
26,6416.9680674197125,0.0,-6.82147674231561,10.071775874659258,4.147998854311002,43.85001049655793,9.435538582040376
27,152.4485520843018,135.9450195376354,-9.974062901850736,22.358803352774448,29.452597323703966,44.984781742848284,43.07528487616211
27,6416.9680674197125,0.0,-6.692712630962426,11.516985851855653,3.2876730077212954,43.97687617034262,9.355360308160753
27,6416.9680674197125,0.0,-6.698809436587041,11.611102082254893,3.3303813218842713,43.972842308050225,9.461845626839267
27,152.4485520843018,135.9450195376354,-9.976673776506615,22.357007258781174,29.452597323703966,44.9647650371532,43.093679526915665
27,157.09275366420508,74.185181145986,-10.580006378107583,24.659388618376596,29.76268625142339,40.64930401926521,44.395401160870804
27,157.09275366420508,74.185181145986,-10.039584320811095,24.659388618376596,29.76268625142339,44.79253979187165,43.093679526915665
27,155.05430372437596,115.28725792603991,-10.014480261951107,22.34378844822515,29.76268625142339,44.98500424313157,43.939742086432894
27,155.05430372437596,115.28725792603991,-10.016523945138303,22.34378844822515,29.76268625142339,44.96933600536302,44.19516149323234
27,6416.9680674197125,0.0,-6.613211665653687,8.270830667229031,3.2842673952023484,44.58297795852402,7.9446917046916985
27,6416.9680674197125,0.0,-6.70706743866851,13.534420914126565,3.3936926711755238,43.972842308050225,9.461845626839267
27,6416.9680674197125,0.0,-6.693238786913611,11.516985851855653,3.2876730077212954,43.972842308050225,9.35507675637691
27,6416.9680674197125,0.0,-6.78375138053779,8.614895377840723,3.9765793087984718,43.96781872467535,9.427208521334126
27,6416.9680674197125,0.0,-6.6928365127901515,7.734819884440735,3.3118744356227854,44.0001278375649,9.357540092389248
27,6416.9680674197125,0.0,-6.70054715012887,6.938416088909036,3.3226463566835216,43.951784872362126,9.451653613309439
27,6416.9680674197125,0.0,-6.711918965701528,7.430067475829206,3.3120160681031043,43.85397066439133,9.461388441443997
27,6416.9680674197125,0.0,-6.693043132200618,8.357870334723975,3.286172988255021,43.972842308050225,9.357953649192538
27,6416.9680674197125,0.0,-6.782626595713424,8.614895377840723,3.9765793087984718,43.9764420749955,9.427208521334126
27,6416.9680674197125,0.0,-6.695757579449573,11.461135755320072,3.3342692800117177,44.0001278375649,9.357540092389248
27,6416.9680674197125,0.0,-6.716002979481942,7.774896899902848,3.3120160681031043,43.82265989207479,9.329041892450356
27,6416.9680674197125,0.0,-6.712446381186332,10.008268525087486,3.3120994189865582,43.85001049655793,9.426053333100668
27,6416.9680674197125,0.0,-6.714979224830369,8.791101971507183,3.331517886924154,43.85001049655793,9.425914581068879
27,6416.9680674197125,0.0,-6.693167068694109,9.389173192012406,3.314408697553121,44.0001278375649,9.357727637050553
27,6416.9680674197125,0.0,-6.698364090282485,7.9205092670030695,3.3260519692024686,43.97192727703668,9.35803856863551
27,6416.9680674197125,0.0,-6.698453530072193,11.516985851855653,3.3277523267049998,43.97294192948477,9.353413457234188
27,6416.9680674197125,0.0,-6.697604641612575,7.657442663907258,3.3120160681031043,43.96371381573998,9.641398325771009
27,6416.9680674197125,0.0,-6.692795990785488,11.516985851855653,3.2876730077212954,43.97623707836582,9.355360308160753
27,6416.9680674197125,0.0,-6.693238786913611,8.614895377840723,3.2876730077212954,43.972842308050225,8.974441924947554
27,6416.9680674197125,0.0,-6.82147674231561,10.071775874659258,4.147998854311002,43.85001049655793,9.435538582040376
27,6416.9680674197125,0.0,-6.698364090282485,6.968064791866472,3.3260519692024686,43.97192727703668,9.35803856863551
27,6416.9680674197125,0.0,-6.689834848137075,8.28098774378611,3.2615936036868076,43.97285976796917,9.355360858302303
27,6416.9680674197125,0.0,-6.700523391140575,8.741492881042342,3.3343931478178312,43.96371381573998,9.641398325771009
27,6416.9680674197125,0.0,-6.689700646633618,11.516985851855653,3.2605823937685283,43.97287743624402,9.358037461480109
27,6416.9680674197125,0.0,-6.693008801956257,11.11856333691705,3.2842378162585955,43.97117033459388,9.451568693866466
27,152.4485520843018,135.9450195376354,-9.977122812443781,22.357007258781174,29.452597323703966,44.96132242830158,43.10890434653219
27,6416.9680674197125,0.0,-6.693008801956257,11.600552215660686,3.2842378162585955,43.97117033459388,9.451568693866466
27,155.05430372437596,115.28725792603991,-10.028338122717933,22.34378844822515,29.76268625142339,44.878760643919215,43.05810811866116
27,6416.9680674197125,0.0,-6.689705228571938,11.605128694868336,3.2605823937685283,43.972842308050225,9.461845626839267
27,6416.9680674197125,0.0,-6.7026329483817655,11.516985851855653,3.2876730077212954,43.90082040346101,9.35507675637691
27,6416.9680674197125,0.0,-6.714347383861188,7.429902374807697,3.3260519692024686,43.84938869293329,9.35803856863551
27,6416.9680674197125,0.0,-6.69630019439753,8.638208196944905,3.3356533171530254,43.997351826771855,8.974459455867095
27,6416.9680674197125,0.0,-6.711918965701528,7.657442663907258,3.3120160681031043,43.85397066439133,9.354538491857955
27,6416.9680674197125,0.0,-6.5959059276162435,11.516985851855653,3.2876730077212954,44.71906089599668,7.883201167818237
27,6416.9680674197125,0.0,-6.711918965701528,7.657442663907258,3.3120160681031043,43.85397066439133,9.461388441443997
27,6416.9680674197125,0.0,-6.693238786913611,8.57447358409902,3.2876730077212954,43.972842308050225,8.974441924947554
27,6416.9680674197125,0.0,-6.708061535275,10.440315453816574,3.3120094576178025,43.883537687176016,9.641398325771009
27,6416.9680674197125,0.0,-6.69620690272599,8.638208196944905,3.3356533171530254,43.998067062920384,8.974442079683003
27,6416.9680674197125,0.0,-6.614949786529785,7.047844004875528,3.322102530584944,44.60748750052319,9.357758275588706
27,6416.9680674197125,0.0,-6.689705603608353,8.130855707181963,3.2605864271535547,43.97284346615611,9.357953649192538
28,152.4485520843018,135.9450195376354,-10.0837617900714,22.35883499972682,30.270162818849016,44.96132242830158,44.36542286152704
28,6416.9680674197125,0.0,-6.70706743866851,13.534420914126565,3.3936926711755238,43.972842308050225,9.451070776185217
28,6416.9680674197125,0.0,-6.692712630962426,11.516985851855653,3.2876730077212954,43.97687617034262,9.355360308160753
28,152.4485520843018,135.9450195376354,-9.974062901850736,22.358803352774448,29.452597323703966,44.984781742848284,43.07528487616211
28,157.09275366420508,74.185181145986,-10.043774879024568,24.659388618376596,29.76268625142339,44.760412178901674,44.395401160870804
28,157.09275366420508,74.185181145986,-10.580006378107583,24.659388618376596,29.76268625142339,40.64930401926521,44.395401160870804
28,155.05430372437596,115.28725792603991,-10.014480261951107,22.34378844822515,29.76268625142339,44.98500424313157,43.939742086432894
28,155.05430372437596,115.28725792603991,-10.028338122717933,22.34378844822515,29.76268625142339,44.878760643919215,43.05810811866116
28,6416.9680674197125,0.0,-6.689834848137075,8.28098774378611,3.2615936036868076,43.97285976796917,9.355360858302303
28,152.4485520843018,135.9450195376354,-9.976673776506615,22.357007258781174,29.452597323703966,44.9647650371532,43.093679526915665
28,6416.9680674197125,0.0,-6.69620690272599,8.638208196944905,3.3356533171530254,43.998067062920384,8.974442079683003
28,6416.9680674197125,0.0,-6.697604641612575,7.657442663907258,3.3120160681031043,43.96371381573998,9.641398325771009
28,6416.9680674197125,0.0,-6.69884905547357,8.153266456350604,3.3307025265999353,43.97285976796917,9.464594064335753
28,6416.9680674197125,0.0,-6.7072988007140495,14.384551940462288,3.3954664468580176,43.972842308050225,9.356131303257975
28,6416.9680674197125,0.0,-6.692069249282877,11.190310985251745,3.2876987163527494,43.9818344718506,9.358686374136436
28,6416.9680674197125,0.0,-6.695757579449573,11.461135755320072,3.3342692800117177,44.0001278375649,9.357540092389248
28,152.4485520843018,135.9450195376354,-9.977122812443781,22.357007258781174,29.452597323703966,44.96132242830158,43.10890434653219
28,6416.9680674197125,0.0,-6.716002979481942,7.774896899902848,3.3120160681031043,43.82265989207479,9.329041892450356
28,6416.9680674197125,0.0,-6.693008801956257,11.11856333691705,3.2842378162585955,43.97117033459388,9.451568693866466
28,6416.9680674197125,0.0,-6.689705603608353,8.130855707181963,3.2605864271535547,43.97284346615611,9.357953649192538
28,6416.9680674197125,0.0,-6.698364090282485,7.9205092670030695,3.3260519692024686,43.97192727703668,9.493818470498159
28,6416.9680674197125,0.0,-6.6959386280725255,8.116715283123142,3.3356533171530254,44.00012383526358,8.974459455867095
28,6416.9680674197125,0.0,-6.698364090282485,7.9205092670030695,3.3260519692024686,43.97192727703668,9.35803856863551
28,155.05430372437596,115.28725792603991,-10.016523945138303,22.34378844822515,29.76268625142339,44.96933600536302,44.19516149323234
28,6416.9680674197125,0.0,-6.711918965701528,7.657442663907258,3.3120160681031043,43.85397066439133,9.354538491857955
28,6416.9680674197125,0.0,-6.78375138053779,8.614895377840723,3.9765793087984718,43.96781872467535,9.427208521334126
28,6416.9680674197125,0.0,-6.700523391140575,8.741492881042342,3.3343931478178312,43.96371381573998,9.641398325771009
28,6416.9680674197125,0.0,-6.693008801956257,11.600552215660686,3.2842378162585955,43.97117033459388,9.451568693866466
28,152.4485520843018,135.9450195376354,-9.974062901850736,22.356975611828805,29.452597323703966,44.984781742848284,43.076638483838714
28,157.09275366420508,74.185181145986,-10.039584320811095,24.659388618376596,29.76268625142339,44.79253979187165,43.093679526915665
28,6416.9680674197125,0.0,-6.711918965701528,7.657442663907258,3.3120160681031043,43.85397066439133,9.461388441443997
28,6416.9680674197125,0.0,-6.693167068694109,9.389173192012406,3.314408697553121,44.0001278375649,9.357727637050553
28,6416.9680674197125,0.0,-6.70706743866851,13.534420914126565,3.3936926711755238,43.972842308050225,9.461845626839267
28,6416.9680674197125,0.0,-6.714347383861188,7.429902374807697,3.3260519692024686,43.84938869293329,9.35803856863551
28,6416.9680674197125,0.0,-6.711918965701528,7.430067475829206,3.3120160681031043,43.85397066439133,9.461388441443997
28,6416.9680674197125,0.0,-6.698364090282485,6.968064791866472,3.3260519692024686,43.97192727703668,9.35803856863551
28,6416.9680674197125,0.0,-6.6928365127901515,7.734819884440735,3.3118744356227854,44.0001278375649,9.357540092389248
28,6416.9680674197125,0.0,-6.698809436587041,11.611102082254893,3.3303813218842713,43.972842308050225,9.461845626839267
28,6416.9680674197125,0.0,-6.689705228571938,11.605128694868336,3.2605823937685283,43.972842308050225,9.461845626839267
28,6416.9680674197125,0.0,-6.614949786529785,7.047844004875528,3.322102530584944,44.60748750052319,9.357758275588706
28,6416.9680674197125,0.0,-6.685301588788111,9.454237545644407,3.230221151900205,43.97624230452466,9.358635299865114
28,6416.9680674197125,0.0,-6.698453530072193,11.516985851855653,3.3277523267049998,43.97294192948477,9.353413457234188
28,6416.9680674197125,0.0,-6.693043132200618,8.357870334723975,3.286172988255021,43.972842308050225,9.357953649192538
28,6416.9680674197125,0.0,-6.708061535275,10.440315453816574,3.3120094576178025,43.883537687176016,9.641398325771009
28,6416.9680674197125,0.0,-6.689795229250542,11.738823369694675,3.2612723989711436,43.972842308050225,9.352612420805816
28,6416.9680674197125,0.0,-6.698364090282485,9.613603284101552,3.3260519692024686,43.97192727703668,9.35803856863551
28,6416.9680674197125,0.0,-6.7026329483817655,11.516985851855653,3.2876730077212954,43.90082040346101,9.35507675637691
28,6416.9680674197125,0.0,-6.714954164396072,8.791101971507183,3.331325756927904,43.85001049655793,9.640683953789848
29,6416.9680674197125,0.0,-6.699311419312711,8.631429149203434,3.333009001329194,43.971621453264994,8.952991264134175
29,152.4485520843018,135.9450195376354,-9.974062901850736,22.356975611828805,29.452597323703966,44.984781742848284,43.076638483838714
29,6416.9680674197125,0.0,-6.70706743866851,13.534420914126565,3.3936926711755238,43.972842308050225,9.451070776185217
29,152.4485520843018,135.9450195376354,-10.0837617900714,22.35883499972682,30.270162818849016,44.96132242830158,44.36542286152704
29,157.09275366420508,74.185181145986,-10.568763017007456,24.660723586465075,29.76268625142339,40.73550312103287,44.392211816932836
29,157.09275366420508,74.185181145986,-10.043774879024568,24.659388618376596,29.76268625142339,44.760412178901674,44.395401160870804
29,155.05430372437596,115.28725792603991,-10.014480261951107,22.34378844822515,29.76268625142339,44.98500424313157,43.939742086432894
29,155.05430372437596,115.28725792603991,-10.028338122717933,22.34378844822515,29.76268625142339,44.878760643919215,43.82016640091541
29,6416.9680674197125,0.0,-6.692712630962426,11.516985851855653,3.2876730077212954,43.97687617034262,9.355360308160753
29,6416.9680674197125,0.0,-6.693167068694109,9.389173192012406,3.314408697553121,44.0001278375649,9.357727637050553
29,6416.9680674197125,0.0,-6.708061535275,10.440315453816574,3.3120094576178025,43.883537687176016,9.641398325771009
29,6416.9680674197125,0.0,-6.685301588788111,9.454237545644407,3.230221151900205,43.97624230452466,9.358635299865114
29,6416.9680674197125,0.0,-6.711918965701528,7.657442663907258,3.3120160681031043,43.85397066439133,9.354538491857955
29,6416.9680674197125,0.0,-6.698364090282485,9.613603284101552,3.3260519692024686,43.97192727703668,9.35803856863551
29,6416.9680674197125,0.0,-6.692069249282877,11.190310985251745,3.2876987163527494,43.9818344718506,9.358686374136436
29,6416.9680674197125,0.0,-6.689795229250542,11.738823369694675,3.2612723989711436,43.972842308050225,9.352612420805816
29,6416.9680674197125,0.0,-6.711965646206558,8.76336650726715,3.312257494760255,43.85385420717659,9.461721889182884
29,6416.9680674197125,0.0,-6.698364090282485,7.9205092670030695,3.3260519692024686,43.97192727703668,9.493818470498159
29,6416.9680674197125,0.0,-6.711918965701528,7.657442663907258,3.3120160681031043,43.85397066439133,9.461388441443997
29,6416.9680674197125,0.0,-6.698453530072193,11.516985851855653,3.3277523267049998,43.97294192948477,9.353413457234188
29,6416.9680674197125,0.0,-6.692712630962426,7.404864831786916,3.2876730077212954,43.97687617034262,9.355360308160753
29,6416.9680674197125,0.0,-6.689705228571938,11.605128694868336,3.2605823937685283,43.972842308050225,9.461845626839267
29,6416.9680674197125,0.0,-6.714954164396072,8.791101971507183,3.331325756927904,43.85001049655793,9.640683953789848
29,152.4485520843018,135.9450195376354,-9.974062901850736,22.358803352774448,29.452597323703966,44.984781742848284,43.07528487616211
29,155.05430372437596,115.28725792603991,-10.016523945138303,22.34378844822515,29.76268625142339,44.96933600536302,44.19516149323234
29,6416.9680674197125,0.0,-6.698388009598759,7.902080666725251,3.326213501118497,43.97190542752795,9.451568693866466
29,157.09275366420508,74.185181145986,-10.580006378107583,24.659388618376596,29.76268625142339,40.64930401926521,44.395401160870804
29,6416.9680674197125,0.0,-6.698809436587041,11.611102082254893,3.3303813218842713,43.972842308050225,9.461845626839267
29,6416.9680674197125,0.0,-6.698364090282485,8.86762359980165,3.3260519692024686,43.97192727703668,9.35803856863551
29,152.4485520843018,135.9450195376354,-9.976673776506615,22.357007258781174,29.452597323703966,44.9647650371532,43.093679526915665
29,6416.9680674197125,0.0,-6.697604641612575,4.661407763804945,3.3120160681031043,43.96371381573998,9.64511073443429
29,6416.9680674197125,0.0,-6.614949786529785,7.047844004875528,3.322102530584944,44.60748750052319,9.357758275588706
29,6416.9680674197125,0.0,-6.693043132200618,8.357870334723975,3.286172988255021,43.972842308050225,9.357953649192538
29,6416.9680674197125,0.0,-6.7072988007140495,14.384551940462288,3.3954664468580176,43.972842308050225,9.356131303257975
29,6416.9680674197125,0.0,-6.69620690272599,8.638208196944905,3.3356533171530254,43.998067062920384,8.974442079683003
29,6416.9680674197125,0.0,-6.714907483891039,7.45780294006924,3.331084330270753,43.85012695377268,9.640350506050963
29,152.4485520843018,135.9450195376354,-9.977122812443781,22.357007258781174,29.452597323703966,44.96132242830158,43.10890434653219
29,6416.9680674197125,0.0,-6.693008801956257,11.600552215660686,3.2842378162585955,43.97117033459388,9.451568693866466
29,6416.9680674197125,0.0,-6.714347383861188,7.429902374807697,3.3260519692024686,43.84938869293329,9.35803856863551
29,6416.9680674197125,0.0,-6.698364090282485,7.9205092670030695,3.3260519692024686,43.97192727703668,9.35803856863551
29,155.05430372437596,115.28725792603991,-10.028338122717933,22.34378844822515,29.76268625142339,44.878760643919215,43.05810811866116
29,6416.9680674197125,0.0,-6.699650500163681,7.9205092670030695,3.3359144449582803,43.97192727703668,9.35803856863551
29,6416.9680674197125,0.0,-6.692984882639987,7.9205092670030695,3.284076284342567,43.9711921841026,9.493818470498159
29,6416.9680674197125,0.0,-6.695757579449573,11.461135755320072,3.3342692800117177,44.0001278375649,9.357540092389248
29,157.09275366420508,74.185181145986,-10.039584320811095,24.659388618376596,29.76268625142339,44.79253979187165,43.093679526915665
29,6416.9680674197125,0.0,-6.698364090282485,6.968064791866472,3.3260519692024686,43.97192727703668,9.35803856863551
29,6416.9680674197125,0.0,-6.6959386280725255,8.116715283123142,3.3356533171530254,44.00012383526358,8.974459455867095
29,6416.9680674197125,0.0,-6.689834848137075,8.28098774378611,3.2615936036868076,43.97285976796917,9.355360858302303
30,6416.9680674197125,0.0,-6.699641258354756,11.563908979514853,3.3359144449582803,43.971998130905114,9.35803856863551
30,152.4485520843018,135.9450195376354,-9.974062901850736,22.356975611828805,29.452597323703966,44.984781742848284,43.076638483838714
30,152.4485520843018,135.9450195376354,-10.015377468811039,22.35930354854433,29.745738692181227,44.961178097963256,44.195889195778165
30,6416.9680674197125,0.0,-6.699311419312711,8.631429149203434,3.333009001329194,43.971621453264994,8.952991264134175
30,157.09275366420508,74.185181145986,-10.368657378242752,24.659388618376596,29.76268625142339,42.26964635156226,44.395401160870804
30,157.09275366420508,74.185181145986,-10.568763017007456,24.660723586465075,29.76268625142339,40.73550312103287,44.392211816932836
30,155.05430372437596,115.28725792603991,-10.014480261951107,22.34378844822515,29.76268625142339,44.98500424313157,43.939742086432894
30,155.05430372437596,115.28725792603991,-10.028338122717933,22.34378844822515,29.76268625142339,44.878760643919215,43.05810811866116
30,6416.9680674197125,0.0,-6.698364090282485,9.613603284101552,3.3260519692024686,43.97192727703668,9.35803856863551
30,6416.9680674197125,0.0,-6.695757579449573,11.461135755320072,3.3342692800117177,44.0001278375649,9.357540092389248
30,6416.9680674197125,0.0,-6.698453530072193,11.516985851855653,3.3277523267049998,43.97294192948477,9.353413457234188
30,6416.9680674197125,0.0,-6.698364090282485,7.9205092670030695,3.3260519692024686,43.97192727703668,9.493818470498159
30,6416.9680674197125,0.0,-6.69620690272599,8.638208196944905,3.3356533171530254,43.998067062920384,8.974442079683003
30,6416.9680674197125,0.0,-6.711918965701528,7.657442663907258,3.3120160681031043,43.85397066439133,9.461388441443997
30,6416.9680674197125,0.0,-6.7072988007140495,14.384551940462288,3.3954664468580176,43.972842308050225,9.356131303257975
30,6416.9680674197125,0.0,-6.6963650055716855,7.506576979147415,3.311640684099884,43.972842308050225,9.352612420805816
30,6416.9680674197125,0.0,-6.699650500163681,7.9205092670030695,3.3359144449582803,43.97192727703668,9.35803856863551
30,6416.9680674197125,0.0,-6.689831514712413,8.510667283650957,3.2615685522839604,43.972860272822075,9.355360858302303
30,6416.9680674197125,0.0,-6.614949786529785,7.047844004875528,3.322102530584944,44.60748750052319,9.357758275588706
30,157.09275366420508,74.185181145986,-10.039584320811095,24.659388618376596,29.76268625142339,44.79253979187165,43.093679526915665
30,6416.9680674197125,0.0,-6.685301588788111,9.454237545644407,3.230221151900205,43.97624230452466,9.358635299865114
30,6416.9680674197125,0.0,-6.698809436587041,7.529266383902064,3.3303813218842713,43.972842308050225,9.636272096750723
30,6416.9680674197125,0.0,-6.708061535275,10.440315453816574,3.3120094576178025,43.883537687176016,9.641398325771009
30,6416.9680674197125,0.0,-6.714907483891039,11.539638638491573,3.331084330270753,43.85012695377268,9.465924036139505
30,155.05430372437596,115.28725792603991,-10.028338122717933,22.34378844822515,29.76268625142339,44.878760643919215,43.82016640091541
30,157.09275366420508,74.185181145986,-10.044188610897258,24.659388618376596,29.76268625142339,44.7572402345444,44.395401160870804
30,6416.9680674197125,0.0,-6.70706743866851,13.534420914126565,3.3936926711755238,43.972842308050225,9.451070776185217
30,6416.9680674197125,0.0,-6.692712630962426,7.404864831786916,3.2876730077212954,43.97687617034262,9.355360308160753
30,6416.9680674197125,0.0,-6.692712630962426,11.516985851855653,3.2876730077212954,43.97687617034262,9.355360308160753
30,6416.9680674197125,0.0,-6.708135184718049,10.526240219370512,3.312574103347818,43.883537687176016,9.65030127252067
30,6416.9680674197125,0.0,-6.693043132200618,8.357870334723975,3.286172988255021,43.972842308050225,9.357953649192538
30,6416.9680674197125,0.0,-6.693008801956257,11.600552215660686,3.2842378162585955,43.97117033459388,9.451568693866466
30,6416.9680674197125,0.0,-6.698364090282485,6.968064791866472,3.3260519692024686,43.97192727703668,9.35803856863551
30,6416.9680674197125,0.0,-6.698388009598759,7.902080666725251,3.326213501118497,43.97190542752795,9.451568693866466
30,6416.9680674197125,0.0,-6.712129116750365,8.76336650726715,3.312257494760255,43.85260093300739,9.461721889182884
30,6416.9680674197125,0.0,-6.711965646206558,8.76336650726715,3.312257494760255,43.85385420717659,9.461721889182884
30,6416.9680674197125,0.0,-6.714954164396072,8.791101971507183,3.331325756927904,43.85001049655793,9.640683953789848
30,6416.9680674197125,0.0,-6.693167068694109,9.389173192012406,3.314408697553121,44.0001278375649,9.357727637050553
30,6416.9680674197125,0.0,-6.6959386280725255,8.116715283123142,3.3356533171530254,44.00012383526358,8.974459455867095
30,6416.9680674197125,0.0,-6.697604641612575,4.661407763804945,3.3120160681031043,43.96371381573998,9.64511073443429
30,6416.9680674197125,0.0,-6.711918965701528,7.657442663907258,3.3120160681031043,43.85397066439133,9.354538491857955
30,6416.9680674197125,0.0,-6.698818678395966,7.967702369748915,3.3303813218842713,43.97277145418179,9.461845626839267
30,6416.9680674197125,0.0,-6.689834848137075,8.28098774378611,3.2615936036868076,43.97285976796917,9.355360858302303
30,6416.9680674197125,0.0,-6.689705228571938,11.605128694868336,3.2605823937685283,43.972842308050225,9.461845626839267
30,6416.9680674197125,0.0,-6.697951158617908,7.9205092670030695,3.3260519692024686,43.97509308646508,9.493818470498159
30,152.4485520843018,135.9450195376354,-9.977122812443781,22.357007258781174,29.452597323703966,44.96132242830158,43.10890434653219
30,157.09275366420508,74.185181145986,-10.580006378107583,24.659388618376596,29.76268625142339,40.64930401926521,44.395401160870804
30,6416.9680674197125,0.0,-6.698389733049769,7.902080666725251,3.3262498353861467,43.97192854867119,9.360388805358866
31,6416.9680674197125,0.0,-6.699641258354756,11.56413263989761,3.3359144449582803,43.971998130905114,9.35803856863551
31,152.4485520843018,135.9450195376354,-9.977122812443781,22.357007258781174,29.452597323703966,44.96132242830158,43.10890434653219
31,6416.9680674197125,0.0,-6.699641258354756,11.563908979514853,3.3359144449582803,43.971998130905114,9.35803856863551
31,152.4485520843018,135.9450195376354,-9.974062901850736,22.356975611828805,29.452597323703966,44.984781742848284,43.076638483838714
31,157.09275366420508,74.185181145986,-10.017794213555085,24.659388618376596,29.76268625142339,44.95959728083433,43.950426679572125
31,157.09275366420508,74.185181145986,-10.368657378242752,24.659388618376596,29.76268625142339,42.26964635156226,44.395401160870804
31,155.05430372437596,115.28725792603991,-10.014480261951107,22.34378844822515,29.76268625142339,44.98500424313157,43.939742086432894
31,155.05430372437596,115.28725792603991,-10.036926769237773,22.34378844822515,29.76268625142339,44.81291435393377,43.05810811866116
31,6416.9680674197125,0.0,-6.708063994717698,10.439739690299728,3.3120283133451487,43.883537687176016,9.65030127252067
31,6416.9680674197125,0.0,-6.698453530072193,11.516985851855653,3.3277523267049998,43.97294192948477,9.353413457234188
31,6416.9680674197125,0.0,-6.7072988007140495,14.384551940462288,3.3954664468580176,43.972842308050225,9.356131303257975
31,6416.9680674197125,0.0,-6.697951158617908,7.9205092670030695,3.3260519692024686,43.97509308646508,9.493818470498159
31,6416.9680674197125,0.0,-6.69828651471278,7.9149466480031965,3.325428616060507,43.971898669929104,8.940511435239069
31,6416.9680674197125,0.0,-6.699311419312711,8.631429149203434,3.333009001329194,43.971621453264994,8.952991264134175
31,6416.9680674197125,0.0,-6.7072988007140495,11.555362234398492,3.3954664468580176,43.972842308050225,9.356131303257975
31,157.09275366420508,74.185181145986,-10.039584320811095,24.659388618376596,29.76268625142339,44.79253979187165,43.12456848690017
31,6416.9680674197125,0.0,-6.698364090282485,9.613603284101552,3.3260519692024686,43.97192727703668,8.933344257856598
31,6416.9680674197125,0.0,-6.734718162295557,7.9209121835548215,3.486809908657361,43.85397066439133,9.354538491857955
31,6416.9680674197125,0.0,-6.714954164396072,8.791101971507183,3.331325756927904,43.85001049655793,9.496700309097626
31,6416.9680674197125,0.0,-6.693167068694109,9.389173192012406,3.314408697553121,44.0001278375649,9.357727637050553
31,6416.9680674197125,0.0,-6.689705228571938,11.605128694868336,3.2605823937685283,43.972842308050225,9.461845626839267
31,6416.9680674197125,0.0,-6.614949786529785,7.047844004875528,3.322102530584944,44.60748750052319,9.357758275588706
31,6416.9680674197125,0.0,-6.693043132200618,8.357870334723975,3.286172988255021,43.972842308050225,9.357953649192538
31,6416.9680674197125,0.0,-6.711965646206558,8.76336650726715,3.312257494760255,43.85385420717659,9.461721889182884
31,6416.9680674197125,0.0,-6.685301588788111,9.454237545644407,3.230221151900205,43.97624230452466,9.358635299865114
31,6416.9680674197125,0.0,-6.695757579449573,11.461135755320072,3.3342692800117177,44.0001278375649,9.35624178619759
31,6416.9680674197125,0.0,-6.698364090282485,9.613603284101552,3.3260519692024686,43.97192727703668,9.35803856863551
31,157.09275366420508,74.185181145986,-10.568763017007456,24.660723586465075,29.76268625142339,40.73550312103287,44.392211816932836
31,6416.9680674197125,0.0,-6.698809436587041,7.529266383902064,3.3303813218842713,43.972842308050225,9.636272096750723
31,6416.9680674197125,0.0,-6.708132725275355,10.52681598288736,3.3125552476204714,43.883537687176016,9.641398325771009
31,6416.9680674197125,0.0,-6.712129116750365,8.76336650726715,3.312257494760255,43.85260093300739,9.461721889182884
31,6416.9680674197125,0.0,-6.6959386280725255,8.116715283123142,3.3356533171530254,44.00012383526358,8.974459455867095
31,6416.9680674197125,0.0,-6.689834848137075,8.28098774378611,3.2615936036868076,43.97285976796917,9.355360858302303
31,6416.9680674197125,0.0,-6.708135184718049,10.526240219370512,3.312574103347818,43.883537687176016,9.65030127252067
31,6416.9680674197125,0.0,-6.714907483891039,11.539638638491573,3.331084330270753,43.85012695377268,9.465924036139505
31,6416.9680674197125,0.0,-6.698389733049769,7.902080666725251,3.3262498353861467,43.97192854867119,9.360388805358866
31,6416.9680674197125,0.0,-6.711918965701528,7.657442663907258,3.3120160681031043,43.85397066439133,9.461388441443997
31,6416.9680674197125,0.0,-6.714907483891039,11.539414978108814,3.331084330270753,43.85012695377268,9.465924036139505
31,155.05430372437596,115.28725792603991,-10.028338122717933,22.34378844822515,29.76268625142339,44.878760643919215,43.82016640091541
31,6416.9680674197125,0.0,-6.698364090282485,6.968064791866472,3.3260519692024686,43.97192727703668,9.35803856863551
31,6416.9680674197125,0.0,-6.61537965657174,10.326220986320607,3.3260519692024686,44.608141268819054,9.493818470498159
31,6416.9680674197125,0.0,-6.69620690272599,8.638208196944905,3.3356533171530254,43.998067062920384,8.974442079683003
31,6416.9680674197125,0.0,-6.714954164396072,8.791101971507183,3.331325756927904,43.85001049655793,9.640683953789848
31,157.09275366420508,74.185181145986,-10.368657378242752,24.659388618376596,29.76268625142339,42.26964635156226,44.40673564013914
31,6416.9680674197125,0.0,-6.699641258354756,11.563908979514853,3.3359144449582803,43.971998130905114,9.358358133445536
31,157.09275366420508,74.185181145986,-10.039584320811095,24.659388618376596,29.76268625142339,44.79253979187165,43.093679526915665
31,6416.9680674197125,0.0,-6.711918965701528,7.657442663907258,3.3120160681031043,43.85397066439133,9.354538491857955
31,152.4485520843018,135.9450195376354,-10.015377468811039,22.35930354854433,29.745738692181227,44.961178097963256,44.195889195778165
32,152.4485520843018,135.9450195376354,-10.041350045376092,22.356975611828805,29.978418448951487,44.99473476773474,43.05701467126413
32,152.4485520843018,135.9450195376354,-9.977122812443781,22.357007258781174,29.452597323703966,44.96132242830158,43.10890434653219
32,6416.9680674197125,0.0,-6.698362007123041,7.902199600572951,3.3260519692024686,43.971943247925715,9.493818470498159
32,6416.9680674197125,0.0,-6.699641258354756,11.56413263989761,3.3359144449582803,43.971998130905114,9.35803856863551
32,157.09275366420508,74.185181145986,-10.368657378242752,24.659388618376596,29.76268625142339,42.26964635156226,44.926844041002965
32,157.09275366420508,74.185181145986,-10.017794213555085,24.659388618376596,29.76268625142339,44.95959728083433,43.950426679572125
32,155.05430372437596,115.28725792603991,-10.014480261951107,22.34378844822515,29.76268625142339,44.98500424313157,43.939742086432894
32,155.05430372437596,115.28725792603991,-10.038635032727527,22.34378844822515,29.76268625142339,44.79981766717901,43.077731931235746
32,6416.9680674197125,0.0,-6.699311419312711,8.631429149203434,3.333009001329194,43.971621453264994,8.952991264134175
32,6416.9680674197125,0.0,-6.699641258354756,11.563908979514853,3.3359144449582803,43.971998130905114,9.35803856863551
32,6416.9680674197125,0.0,-6.697978884544636,7.920390333155369,3.3262498353861467,43.97507838721055,9.360388805358866
32,6416.9680674197125,0.0,-6.714954164396072,8.791101971507183,3.331325756927904,43.85001049655793,9.496700309097626
32,6416.9680674197125,0.0,-6.714954164396072,8.791101971507183,3.331325756927904,43.85001049655793,9.640683953789848
32,6416.9680674197125,0.0,-6.614949786529785,7.047844004875528,3.322102530584944,44.60748750052319,9.357758275588706
32,6416.9680674197125,0.0,-6.693043132200618,8.357870334723975,3.286172988255021,43.972842308050225,9.357953649192538
32,6416.9680674197125,0.0,-6.71191769338513,10.65415610750881,3.3120063136773816,43.85397066439133,9.461388441443997
32,6416.9680674197125,0.0,-6.708132725275355,10.52681598288736,3.3125552476204714,43.883537687176016,9.641398325771009
32,6416.9680674197125,0.0,-6.698809436587041,7.529266383902064,3.3303813218842713,43.972842308050225,9.636272096750723
32,6416.9680674197125,0.0,-6.7081339975917516,7.530102539288418,3.312565002046194,43.883537687176016,9.641398325771009
32,6416.9680674197125,0.0,-6.685301588788111,9.454237545644407,3.230221151900205,43.97624230452466,9.358635299865114
32,6416.9680674197125,0.0,-6.708063994717698,10.439739690299728,3.3120283133451487,43.883537687176016,9.65030127252067
32,6416.9680674197125,0.0,-6.714907483891039,11.539638638491573,3.331084330270753,43.85012695377268,9.465924036139505
32,6416.9680674197125,0.0,-6.712129116750365,8.76336650726715,3.312257494760255,43.85260093300739,9.461721889182884
32,6416.9680674197125,0.0,-6.693167068694109,9.389173192012406,3.314408697553121,44.0001278375649,9.357727637050553
32,6416.9680674197125,0.0,-6.698364090282485,6.968064791866472,3.3260519692024686,43.97192727703668,9.35803856863551
32,6416.9680674197125,0.0,-6.698286100582088,7.9149466480031965,3.3254254410585236,43.971898669929104,8.940511435239069
32,6416.9680674197125,0.0,-6.715565199919123,11.53965962065812,3.331084330270753,43.84508446422406,9.465924036139505
32,6416.9680674197125,0.0,-6.698364090282485,9.613603284101552,3.3260519692024686,43.97192727703668,8.933344257856598
32,6416.9680674197125,0.0,-6.695757579449573,11.461135755320072,3.3342692800117177,44.0001278375649,9.35624178619759
32,6416.9680674197125,0.0,-6.711918965701528,7.657442663907258,3.3120160681031043,43.85397066439133,9.354538491857955
32,157.09275366420508,74.185181145986,-10.039584320811095,24.659388618376596,29.76268625142339,44.79253979187165,43.12456848690017
32,152.4485520843018,135.9450195376354,-10.015377468811039,22.35930354854433,29.745738692181227,44.961178097963256,44.195889195778165
32,6416.9680674197125,0.0,-6.689705228571938,11.605128694868336,3.2605823937685283,43.972842308050225,9.461845626839267
32,6416.9680674197125,0.0,-6.695938088004169,8.97061241593671,3.3356533171530254,44.00012797578768,8.974459455867095
32,6416.9680674197125,0.0,-6.699641258354756,11.563908979514853,3.3359144449582803,43.971998130905114,9.358358133445536
32,6416.9680674197125,0.0,-6.698364090282485,9.613603284101552,3.3260519692024686,43.97192727703668,9.35803856863551
32,155.05430372437596,115.28725792603991,-10.036926769237773,22.34378844822515,29.76268625142339,44.81291435393377,43.05810811866116
32,157.09275366420508,74.185181145986,-10.368657378242752,24.659388618376596,29.76268625142339,42.26964635156226,44.40673564013914
32,6416.9680674197125,0.0,-6.689834848137075,8.28098774378611,3.2615936036868076,43.97285976796917,9.355360858302303
32,6416.9680674197125,0.0,-6.698389733049769,7.902080666725251,3.3262498353861467,43.97192854867119,9.360388805358866
32,155.05430372437596,115.28725792603991,-10.028338122717933,22.34378844822515,29.76268625142339,44.878760643919215,43.82016640091541
32,157.09275366420508,74.185181145986,-10.368657378242752,24.659388618376596,29.76268625142339,42.26964635156226,44.395401160870804
32,6416.9680674197125,0.0,-6.708135184718049,10.526240219370512,3.312574103347818,43.883537687176016,9.65030127252067
32,6416.9680674197125,0.0,-6.711965646206558,8.76336650726715,3.312257494760255,43.85385420717659,9.461721889182884
32,6416.9680674197125,0.0,-6.69620690272599,8.638208196944905,3.3356533171530254,43.998067062920384,8.974442079683003
32,6416.9680674197125,0.0,-6.7072988007140495,11.555362234398492,3.3954664468580176,43.972842308050225,9.356131303257975
32,152.4485520843018,135.9450195376354,-9.974062901850736,22.356975611828805,29.452597323703966,44.984781742848284,43.076638483838714
32,6416.9680674197125,0.0,-6.734718162295557,7.9209121835548215,3.486809908657361,43.85397066439133,9.354538491857955
33,152.4485520843018,135.9450195376354,-10.04138542669483,22.356975611828805,29.97868970572846,44.99473476773474,43.05701467126413
33,6416.9680674197125,0.0,-6.698362007123041,7.902199600572951,3.3260519692024686,43.971943247925715,9.493818470498159
33,6416.9680674197125,0.0,-6.693188697103235,7.902199600572951,3.286389925717244,43.971943247925715,9.359334107169046
33,152.4485520843018,135.9450195376354,-10.041350045376092,22.356975611828805,29.978418448951487,44.99473476773474,43.05701467126413
33,157.09275366420508,74.185181145986,-10.368657378242752,24.659388618376596,29.76268625142339,42.26964635156226,44.395401160870804
33,157.09275366420508,74.185181145986,-10.368657378242752,24.659388618376596,29.76268625142339,42.26964635156226,44.926844041002965
33,155.05430372437596,115.28725792603991,-10.014480261951107,22.34378844822515,29.76268625142339,44.98500424313157,43.939742086432894
33,155.05430372437596,115.28725792603991,-9.920305461636659,22.33144863778072,29.015729679004117,44.960054473122995,43.950426679572125
33,6416.9680674197125,0.0,-6.693043132200618,8.357870334723975,3.286172988255021,43.972842308050225,9.357953649192538
33,152.4485520843018,135.9450195376354,-10.015377468811039,22.35930354854433,29.745738692181227,44.961178097963256,44.195889195778165
33,6416.9680674197125,0.0,-6.708132725275355,10.52681598288736,3.3125552476204714,43.883537687176016,9.641398325771009
33,155.05430372437596,115.28725792603991,-10.038635032727527,22.34378844822515,29.76268625142339,44.79981766717901,43.077731931235746
33,6416.9680674197125,0.0,-6.714954164396072,8.791101971507183,3.331325756927904,43.85001049655793,9.640683953789848
33,6416.9680674197125,0.0,-6.734718162295557,7.9209121835548215,3.486809908657361,43.85397066439133,9.354538491857955
33,6416.9680674197125,0.0,-6.614949786529785,7.047844004875528,3.322102530584944,44.60748750052319,9.357758275588706
33,6416.9680674197125,0.0,-6.689705228571938,11.605128694868336,3.2605823937685283,43.972842308050225,9.461845626839267
33,6416.9680674197125,0.0,-6.699311419312711,8.631429149203434,3.333009001329194,43.971621453264994,8.952991264134175
33,6416.9680674197125,0.0,-6.685301588788111,9.454237545644407,3.230221151900205,43.97624230452466,9.358635299865114
33,6416.9680674197125,0.0,-6.708135184718049,10.526240219370512,3.312574103347818,43.883537687176016,9.65030127252067
33,157.09275366420508,74.185181145986,-10.368657378242752,24.659388618376596,29.76268625142339,42.26964635156226,44.40673564013914
33,155.05430372437596,115.28725792603991,-10.014444880632368,22.34378844822515,29.762414994646416,44.98500424313157,43.939742086432894
33,6416.9680674197125,0.0,-6.707411688862042,11.563532789093562,3.396331922659281,43.972842308050225,9.356131303257975
33,6416.9680674197125,0.0,-6.712129116750365,8.76336650726715,3.312257494760255,43.85260093300739,9.461721889182884
33,6416.9680674197125,0.0,-6.696428100835668,10.00423602491502,3.3125552476204714,43.973273141213625,9.37418587069509
33,6416.9680674197125,0.0,-6.693167068694109,9.389173192012406,3.314408697553121,44.0001278375649,9.357727637050553
33,6416.9680674197125,0.0,-6.714954164396072,8.791101971507183,3.331325756927904,43.85001049655793,9.496700309097626
33,6416.9680674197125,0.0,-6.695938088004169,8.97061241593671,3.3356533171530254,44.00012797578768,8.974459455867095
33,6416.9680674197125,0.0,-6.69620690272599,8.638208196944905,3.3356533171530254,43.998067062920384,8.974442079683003
33,152.4485520843018,135.9450195376354,-9.977122812443781,22.357007258781174,29.452597323703966,44.96132242830158,43.10890434653219
33,6416.9680674197125,0.0,-6.698809436587041,7.529266383902064,3.3303813218842713,43.972842308050225,9.636272096750723
33,6416.9680674197125,0.0,-6.708063994717698,10.439739690299728,3.3120283133451487,43.883537687176016,9.65030127252067
33,6416.9680674197125,0.0,-6.699641258354756,11.56413263989761,3.3359144449582803,43.971998130905114,9.35803856863551
33,6416.9680674197125,0.0,-6.695757579449573,11.461135755320072,3.3342692800117177,44.0001278375649,9.35624178619759
33,6416.9680674197125,0.0,-6.695523190993317,11.680321701546013,3.331084330270753,43.99873986598856,9.465924036139505
33,6416.9680674197125,0.0,-6.711918965701528,7.657442663907258,3.3120160681031043,43.85397066439133,9.354538491857955
33,6416.9680674197125,0.0,-6.71191769338513,10.65415610750881,3.3120063136773816,43.85397066439133,9.461388441443997
33,157.09275366420508,74.185181145986,-10.039584320811095,24.659388618376596,29.76268625142339,44.79253979187165,43.12456848690017
33,157.09275366420508,74.185181145986,-10.017794213555085,24.659388618376596,29.76268625142339,44.95959728083433,43.950426679572125
33,6416.9680674197125,0.0,-6.7125513615918315,9.389173192012406,3.314408697553121,43.851514925349015,9.357727637050553
33,6416.9680674197125,0.0,-6.697978884544636,7.920390333155369,3.3262498353861467,43.97507838721055,9.360388805358866
33,152.4485520843018,135.9450195376354,-9.974062901850736,22.356975611828805,29.452597323703966,44.984781742848284,43.076638483838714
33,6416.9680674197125,0.0,-6.7072988007140495,11.555362234398492,3.3954664468580176,43.972842308050225,9.356131303257975
33,6416.9680674197125,0.0,-6.7081339975917516,7.530102539288418,3.312565002046194,43.883537687176016,9.641398325771009
33,6416.9680674197125,0.0,-6.698364090282485,9.613603284101552,3.3260519692024686,43.97192727703668,8.933344257856598
33,6416.9680674197125,0.0,-6.711965646206558,8.76336650726715,3.312257494760255,43.85385420717659,9.461721889182884
33,6416.9680674197125,0.0,-6.696008547554889,9.454237545644407,3.315039905512559,43.97897437425833,9.464254360654495
33,6416.9680674197125,0.0,-6.699641258354756,11.563908979514853,3.3359144449582803,43.971998130905114,9.35803856863551
33,6416.9680674197125,0.0,-6.711873685753911,10.439739690299728,3.3120283133451487,43.85433005589846,9.65030127252067
34,6416.9680674197125,0.0,-6.701238830782984,8.638208196944905,3.3356533171530254,43.95948894781674,8.974442079683003
34,6416.9680674197125,0.0,-6.698362007123041,7.902199600572951,3.3260519692024686,43.971943247925715,9.493818470498159
34,152.4485520843018,123.07607796103161,-9.911160758178895,22.356975611828805,28.980300580439657,44.99473476773474,43.05701467126413
34,157.09275366420508,74.185181145986,-10.039584320811095,24.659388618376596,29.76268625142339,44.79253979187165,42.65206710097554
34,157.09275366420508,74.185181145986,-10.368657378242752,24.659388618376596,29.76268625142339,42.26964635156226,44.395401160870804
34,155.05430372437596,115.28725792603991,-10.014480261951107,22.34378844822515,29.76268625142339,44.98500424313157,43.939742086432894
34,155.05430372437596,115.28725792603991,-9.91575687061701,22.33144863778072,29.015729679004117,44.994927004273656,43.950426679572125
34,6416.9680674197125,0.0,-6.695757579449573,11.461135755320072,3.3342692800117177,44.0001278375649,9.35624178619759
34,155.05430372437596,115.28725792603991,-10.014444880632368,22.34378844822515,29.762414994646416,44.98500424313157,43.939742086432894
34,6416.9680674197125,0.0,-6.71191769338513,10.65415610750881,3.3120063136773816,43.85397066439133,9.461388441443997
34,6416.9680674197125,0.0,-6.69976103497515,10.12824420286815,3.336832732381386,43.971998130905114,8.92743956832689
34,6416.9680674197125,0.0,-6.699641258354756,11.56413263989761,3.3359144449582803,43.971998130905114,9.35803856863551
34,6416.9680674197125,0.0,-6.711918965701528,7.657442663907258,3.3120160681031043,43.85397066439133,9.354538491857955
34,6416.9680674197125,0.0,-6.7125513615918315,9.389173192012406,3.314408697553121,43.851514925349015,9.357727637050553
34,6416.9680674197125,0.0,-6.699641258354756,11.563908979514853,3.3359144449582803,43.971998130905114,9.35803856863551
34,6416.9680674197125,0.0,-6.697978884544636,7.920390333155369,3.3262498353861467,43.97507838721055,9.360388805358866
34,6416.9680674197125,0.0,-6.712116655297436,11.563908979514853,3.3120966720126477,43.85253564806553,9.35803856863551
34,6416.9680674197125,0.0,-6.685301588788111,9.454237545644407,3.230221151900205,43.97624230452466,9.358635299865114
34,6416.9680674197125,0.0,-6.698074829993708,11.079084594924064,3.325180171165504,43.973273141213625,9.360082059012427
34,6416.9680674197125,0.0,-6.714954164396072,8.791101971507183,3.331325756927904,43.85001049655793,9.640683953789848
34,6416.9680674197125,0.0,-6.693043132200618,8.357870334723975,3.286172988255021,43.972842308050225,9.357953649192538
34,6416.9680674197125,0.0,-6.69620690272599,8.638208196944905,3.3356533171530254,43.998067062920384,8.974442079683003
34,6416.9680674197125,0.0,-6.614949786529785,7.047844004875528,3.322102530584944,44.60748750052319,9.357758275588706
34,6416.9680674197125,0.0,-6.695523190993317,11.680321701546013,3.331084330270753,43.99873986598856,9.465924036139505
34,157.09275366420508,74.185181145986,-10.368657378242752,24.659388618376596,29.76268625142339,42.26964635156226,44.926844041002965
34,157.09275366420508,74.185181145986,-10.039584320811095,24.659388618376596,29.76268625142339,44.79253979187165,43.12456848690017
34,157.09275366420508,74.185181145986,-10.017794213555085,24.659388618376596,29.76268625142339,44.95959728083433,43.950426679572125
34,6416.9680674197125,0.0,-6.698809436587041,7.529266383902064,3.3303813218842713,43.972842308050225,9.636272096750723
34,6416.9680674197125,0.0,-6.712129116750365,8.76336650726715,3.312257494760255,43.85260093300739,9.461721889182884
34,6416.9680674197125,0.0,-6.7072988007140495,11.555362234398492,3.3954664468580176,43.972842308050225,9.356131303257975
34,155.05430372437596,115.28725792603991,-9.920305461636659,22.33144863778072,29.015729679004117,44.960054473122995,43.950426679572125
34,6416.9680674197125,0.0,-6.711965646206558,8.76336650726715,3.312257494760255,43.85385420717659,9.461721889182884
34,6416.9680674197125,0.0,-6.695938088004169,8.97061241593671,3.3356533171530254,44.00012797578768,8.974459455867095
34,6416.9680674197125,0.0,-6.708132725275355,10.52681598288736,3.3125552476204714,43.883537687176016,9.641398325771009
34,155.05430372437596,115.28725792603991,-10.01563361458929,22.343668327364906,29.77103355607412,44.984509177556205,44.090603226445076
34,6416.9680674197125,0.0,-6.708063994717698,10.439739690299728,3.3120283133451487,43.883537687176016,9.65030127252067
34,155.05430372437596,115.28725792603991,-9.919116727839466,22.331568758640966,29.00711111757641,44.96054953747378,43.93960508603633
34,6416.9680674197125,0.0,-6.714954164396072,8.791101971507183,3.331325756927904,43.85001049655793,9.496700309097626
34,6416.9680674197125,0.0,-6.694866745822196,10.014511886549839,3.300584859183911,43.973273141213625,9.373638793556042
34,6416.9680674197125,0.0,-6.699311419312711,8.631429149203434,3.333009001329194,43.971621453264994,8.952991264134175
34,6416.9680674197125,0.0,-6.708135184718049,10.526240219370512,3.312574103347818,43.883537687176016,9.65030127252067
34,6416.9680674197125,0.0,-6.693167068694109,9.389173192012406,3.314408697553121,44.0001278375649,9.357727637050553
34,6416.9680674197125,0.0,-6.698364090282485,9.613603284101552,3.3260519692024686,43.97192727703668,8.933344257856598
34,6416.9680674197125,0.0,-6.685301588788111,9.451200470492918,3.230221151900205,43.97624230452466,9.35485796521729
34,6416.9680674197125,0.0,-6.70801422097135,7.530102539288418,3.3116467146230884,43.883537687176016,9.641398325771009
34,155.05430372437596,115.28725792603991,-10.038635032727527,22.34378844822515,29.76268625142339,44.79981766717901,43.077731931235746
34,6416.9680674197125,0.0,-6.711873685753911,10.439739690299728,3.3120283133451487,43.85433005589846,9.65030127252067
34,6416.9680674197125,0.0,-6.696008547554889,9.454237545644407,3.315039905512559,43.97897437425833,9.464254360654495
35,6416.9680674197125,0.0,-6.709105509755755,9.32464266125397,3.395964522610918,43.95948894781674,9.360047676126186
35,152.4485520843018,123.07607796103161,-9.911160758178895,22.356975611828805,28.980300580439657,44.99473476773474,43.05701467126413
35,6416.9680674197125,0.0,-6.701238830782984,8.638208196944905,3.3356533171530254,43.95948894781674,8.974442079683003
35,157.09275366420508,74.185181145986,-10.391257942734399,24.659388618376596,29.76268625142339,42.09637535712628,44.395401160870804
35,157.09275366420508,74.185181145986,-10.039584320811095,24.659388618376596,29.76268625142339,44.79253979187165,42.65206710097554
35,155.05430372437596,115.28725792603991,-10.014480261951107,22.34378844822515,29.76268625142339,44.98500424313157,43.939742086432894
35,155.05430372437596,115.28725792603991,-10.03684164521787,22.343668327364906,29.77103355607412,44.821914276070395,44.73408981750291
35,157.09275366420508,74.185181145986,-10.368657378242752,24.659388618376596,29.76268625142339,42.26964635156226,44.395401160870804
35,6416.9680674197125,0.0,-6.708135184718049,10.526240219370512,3.312574103347818,43.883537687176016,9.65030127252067
35,6416.9680674197125,0.0,-6.708202961228533,10.526240219370512,3.3142016761538735,43.88464564006838,9.239508079877242
35,6416.9680674197125,0.0,-6.693043132200618,8.357870334723975,3.286172988255021,43.972842308050225,9.357953649192538
35,6416.9680674197125,0.0,-6.685574135181508,8.61907713100369,3.23231067424961,43.97624230452466,9.35485796521729
35,6416.9680674197125,0.0,-6.708063994717698,10.439739690299728,3.3120283133451487,43.883537687176016,9.65030127252067
35,6416.9680674197125,0.0,-6.698333046007463,8.357870334723975,3.3267624718183355,43.97287578576103,9.357953649192538
35,6416.9680674197125,0.0,-6.70801422097135,7.530102539288418,3.3116467146230884,43.883537687176016,9.641398325771009
35,6416.9680674197125,0.0,-6.695938088004169,8.97061241593671,3.3356533171530254,44.00012797578768,8.974459455867095
35,6416.9680674197125,0.0,-6.711873685753911,10.439739690299728,3.3120283133451487,43.85433005589846,9.65030127252067
35,6416.9680674197125,0.0,-6.696008547554889,9.454237545644407,3.315039905512559,43.97897437425833,9.464254360654495
35,6416.9680674197125,0.0,-6.698074829993708,11.079084594924064,3.325180171165504,43.973273141213625,9.360082059012427
35,6416.9680674197125,0.0,-6.6930720933162,6.71085125727255,3.285462485639154,43.97190977021491,9.493818470498159
35,6416.9680674197125,0.0,-6.7125513615918315,9.389173192012406,3.314408697553121,43.851514925349015,9.357727637050553
35,6416.9680674197125,0.0,-6.698362007123041,7.902199600572951,3.3260519692024686,43.971943247925715,9.493818470498159
35,6416.9680674197125,0.0,-6.714954164396072,8.791101971507183,3.331325756927904,43.85001049655793,9.496700309097626
35,6416.9680674197125,0.0,-6.712129116750365,8.76336650726715,3.312257494760255,43.85260093300739,9.461721889182884
35,155.05430372437596,115.28725792603991,-9.920305461636659,22.33144863778072,29.015729679004117,44.960054473122995,43.950426679572125
35,6416.9680674197125,0.0,-6.7072988007140495,11.555362234398492,3.3954664468580176,43.972842308050225,9.356131303257975
35,6416.9680674197125,0.0,-6.69976103497515,10.12824420286815,3.336832732381386,43.971998130905114,8.92743956832689
35,155.05430372437596,115.28725792603991,-10.01563361458929,22.343668327364906,29.77103355607412,44.984509177556205,44.090603226445076
35,157.09275366420508,74.185181145986,-10.368657378242752,24.659388618376596,29.76268625142339,42.26964635156226,44.926844041002965
35,6416.9680674197125,0.0,-6.712116655297436,11.563908979514853,3.3120966720126477,43.85253564806553,9.35803856863551
35,6416.9680674197125,0.0,-6.699641258354756,11.563908979514853,3.3359144449582803,43.971998130905114,9.35803856863551
35,6416.9680674197125,0.0,-6.614949786529785,7.047844004875528,3.322102530584944,44.60748750052319,9.357758275588706
35,6416.9680674197125,0.0,-6.714954164396072,8.791101971507183,3.331325756927904,43.85001049655793,9.640683953789848
35,6416.9680674197125,0.0,-6.699706206794701,6.133458643599685,3.3364123829979047,43.971998130905114,9.367838557692323
35,6416.9680674197125,0.0,-6.711965646206558,8.76336650726715,3.312257494760255,43.85385420717659,9.461721889182884
35,6416.9680674197125,0.0,-6.71191769338513,10.65415610750881,3.3120063136773816,43.85397066439133,9.461388441443997
35,6416.9680674197125,0.0,-6.693167068694109,9.389173192012406,3.314408697553121,44.0001278375649,9.357727637050553
35,155.05430372437596,115.28725792603991,-9.919116727839466,22.331568758640966,29.00711111757641,44.96054953747378,43.93960508603633
35,6416.9680674197125,0.0,-6.69773897157847,11.079084594924064,3.325180171165504,43.975848055730445,9.360082059012427
35,6416.9680674197125,0.0,-6.69620690272599,8.638208196944905,3.3356533171530254,43.998067062920384,8.974442079683003
35,6416.9680674197125,0.0,-6.698809436587041,7.529266383902064,3.3303813218842713,43.972842308050225,9.636272096750723
35,155.05430372437596,115.28725792603991,-10.038635032727527,22.34378844822515,29.76268625142339,44.79981766717901,43.077731931235746
35,6416.9680674197125,0.0,-6.615285648186891,7.047844004875528,3.322102530584944,44.604912561152034,9.357758275588706
35,6416.9680674197125,0.0,-6.699311419312711,8.631429149203434,3.333009001329194,43.971621453264994,8.952991264134175
35,155.05430372437596,115.28725792603991,-9.920305461636659,22.33144863778072,29.015729679004117,44.960054473122995,44.93112756207809
35,6416.9680674197125,0.0,-6.699641258354756,11.56413263989761,3.3359144449582803,43.971998130905114,9.35803856863551
35,155.05430372437596,115.28725792603991,-10.014444880632368,22.34378844822515,29.762414994646416,44.98500424313157,43.939742086432894
35,6416.9680674197125,0.0,-6.694866745822196,10.014511886549839,3.300584859183911,43.973273141213625,9.373638793556042
36,152.4485520843018,123.07607796103161,-9.911160758178895,22.356975611828805,28.980300580439657,44.99473476773474,43.05701467126413
36,6416.9680674197125,0.0,-6.698099648782403,6.71085125727255,3.3240199039349707,43.971922596603136,9.354653659438556
36,6416.9680674197125,0.0,-6.709105509755755,9.32464266125397,3.395964522610918,43.95948894781674,9.360047676126186
36,157.09275366420508,74.185181145986,-10.142759937936276,24.659388618376596,29.76268625142339,44.00152672724526,43.17137342409785
36,157.09275366420508,74.185181145986,-10.391257942734399,24.659388618376596,29.76268625142339,42.09637535712628,44.395401160870804
36,155.05430372437596,115.28725792603991,-10.014480261951107,22.34378844822515,29.76268625142339,44.98500424313157,43.939742086432894
36,155.05430372437596,115.28725792603991,-10.035805854676411,22.343668327364906,29.76309249525624,44.821914276070395,44.73408981750291
36,155.05430372437596,115.28725792603991,-10.015516052492565,22.34378844822515,29.770627312241263,44.98500424313157,43.939742086432894
36,6416.9680674197125,0.0,-6.70801422097135,7.530102539288418,3.3116467146230884,43.883537687176016,9.641398325771009
36,157.09275366420508,74.185181145986,-10.368657378242752,24.659388618376596,29.76268625142339,42.26964635156226,44.395401160870804
36,6416.9680674197125,0.0,-6.691215835139825,8.351701644660196,3.2588103505554926,43.95948894781674,9.364095891046373
36,6416.9680674197125,0.0,-6.695938088004169,8.97061241593671,3.3356533171530254,44.00012797578768,8.974459455867095
36,155.05430372437596,115.28725792603991,-9.920305461636659,22.33144863778072,29.015729679004117,44.960054473122995,44.93112756207809
36,6416.9680674197125,0.0,-6.708183128847885,9.161039884693308,3.3116467146230884,43.88224272678923,9.360973069888132
36,6416.9680674197125,0.0,-6.696008547554889,9.454237545644407,3.315039905512559,43.97897437425833,9.464254360654495
36,6416.9680674197125,0.0,-6.696920622131067,11.065547825140657,3.325180171165504,43.982122068160535,9.336122765726383
36,6416.9680674197125,0.0,-6.699641258354756,11.563908979514853,3.3359144449582803,43.971998130905114,9.35803856863551
36,6416.9680674197125,0.0,-6.714954164396072,8.791101971507183,3.331325756927904,43.85001049655793,9.496700309097626
36,6416.9680674197125,0.0,-6.698809436587041,7.529266383902064,3.3303813218842713,43.972842308050225,9.636272096750723
36,6416.9680674197125,0.0,-6.698333046007463,8.357870334723975,3.3267624718183355,43.97287578576103,9.357953649192538
36,6416.9680674197125,0.0,-6.714954164396072,8.791101971507183,3.331325756927904,43.85001049655793,9.640683953789848
36,6416.9680674197125,0.0,-6.693043132200618,8.357870334723975,3.286172988255021,43.972842308050225,9.357953649192538
36,6416.9680674197125,0.0,-6.615285648186891,7.047844004875528,3.322102530584944,44.604912561152034,9.357758275588706
36,6416.9680674197125,0.0,-6.711965646206558,8.76336650726715,3.312257494760255,43.85385420717659,9.461721889182884
36,6416.9680674197125,0.0,-6.711753029734734,10.65415610750881,3.3120063136773816,43.85523308571104,9.472947671291907
36,6416.9680674197125,0.0,-6.7012308548117545,8.638208196944905,3.335641029516894,43.95953780929338,9.362980450006066
36,155.05430372437596,115.28725792603991,-9.920305461636659,22.33144863778072,29.015729679004117,44.960054473122995,43.950426679572125
36,155.05430372437596,115.28725792603991,-10.014444880632368,22.34378844822515,29.762414994646416,44.98500424313157,43.939742086432894
36,6416.9680674197125,0.0,-6.71191769338513,10.65415610750881,3.3120063136773816,43.85397066439133,9.461388441443997
36,6416.9680674197125,0.0,-6.694866745822196,10.014511886549839,3.300584859183911,43.973273141213625,9.373638793556042
36,6416.9680674197125,0.0,-6.693012732144538,8.644376887008683,3.285939921158443,43.972842308050225,8.968299837829166
36,6416.9680674197125,0.0,-6.708135184718049,10.526240219370512,3.312574103347818,43.883537687176016,9.65030127252067
36,6416.9680674197125,0.0,-6.711873685753911,10.439739690299728,3.3120283133451487,43.85433005589846,9.65030127252067
36,6416.9680674197125,0.0,-6.7125513615918315,9.389173192012406,3.314408697553121,43.851514925349015,9.357727637050553
36,155.05430372437596,115.28725792603991,-10.038635032727527,22.34378844822515,29.76268625142339,44.79981766717901,43.077731931235746
36,6416.9680674197125,0.0,-6.712129116750365,8.76336650726715,3.312257494760255,43.85260093300739,9.461721889182884
36,155.05430372437596,115.28725792603991,-9.92348687581682,22.343548638660746,29.065153546178607,44.98508749824957,43.939742086432894
36,157.09275366420508,74.185181145986,-10.368657378242752,24.659388618376596,29.76268625142339,42.26964635156226,44.926844041002965
36,6416.9680674197125,0.0,-6.699795237739721,10.494114009544544,3.3359144449582803,43.970817622287015,9.222821865139123
36,6416.9680674197125,0.0,-6.69976103497515,10.12824420286815,3.336832732381386,43.971998130905114,8.92743956832689
36,6416.9680674197125,0.0,-6.69620690272599,8.638208196944905,3.3356533171530254,43.998067062920384,8.974442079683003
36,6416.9680674197125,0.0,-6.693167068694109,9.389173192012406,3.314408697553121,44.0001278375649,9.357727637050553
36,155.05430372437596,115.28725792603991,-9.92048948109204,22.33144863778072,29.015729679004117,44.95864365729843,43.950420607413974
36,6416.9680674197125,0.0,-6.698809436587041,6.0851030779886095,3.3303813218842713,43.972842308050225,9.635666573290171
36,155.05430372437596,115.28725792603991,-10.03684164521787,22.343668327364906,29.77103355607412,44.821914276070395,44.73408981750291
36,6416.9680674197125,0.0,-6.708202961228533,10.526240219370512,3.3142016761538735,43.88464564006838,9.239508079877242
36,155.05430372437596,115.28725792603991,-10.01563361458929,22.343668327364906,29.77103355607412,44.984509177556205,44.090603226445076
36,6416.9680674197125,0.0,-6.701238830782984,8.638208196944905,3.3356533171530254,43.95948894781674,8.974442079683003
37,152.4485520843018,123.07607796103161,-9.911160758178895,22.356975611828805,28.980300580439657,44.99473476773474,43.05701467126413
37,157.09275366420508,74.185181145986,-10.142759937936276,24.659388618376596,29.76268625142339,44.00152672724526,43.17137342409785
37,157.09275366420508,74.185181145986,-10.391257942734399,24.659388618376596,29.76268625142339,42.09637535712628,44.395401160870804
37,155.05430372437596,115.28725792603991,-10.014480261951107,22.34378844822515,29.76268625142339,44.98500424313157,43.939742086432894
37,155.05430372437596,115.28725792603991,-10.035805854676411,22.343668327364906,29.76309249525624,44.821914276070395,44.73408981750291
37,155.05430372437596,115.28725792603991,-10.015516052492565,22.34378844822515,29.770627312241263,44.98500424313157,43.939742086432894
37,157.09275366420508,74.185181145986,-10.368657378242752,24.659388618376596,29.76268625142339,42.26964635156226,44.395401160870804
37,155.05430372437596,115.28725792603991,-9.920305461636659,22.33144863778072,29.015729679004117,44.960054473122995,44.93112756207809
37,155.05430372437596,115.28725792603991,-9.920305461636659,22.33144863778072,29.015729679004117,44.960054473122995,43.950426679572125
37,155.05430372437596,115.28725792603991,-10.014444880632368,22.34378844822515,29.762414994646416,44.98500424313157,43.939742086432894
37,155.05430372437596,115.28725792603991,-10.038635032727527,22.34378844822515,29.76268625142339,44.79981766717901,43.077731931235746
37,155.05430372437596,115.28725792603991,-9.92348687581682,22.343548638660746,29.065153546178607,44.98508749824957,43.939742086432894
37,157.09275366420508,74.185181145986,-10.368657378242752,24.659388618376596,29.76268625142339,42.26964635156226,44.926844041002965
37,155.05430372437596,115.28725792603991,-9.92048948109204,22.33144863778072,29.015729679004117,44.95864365729843,43.950420607413974
37,155.05430372437596,115.28725792603991,-10.03684164521787,22.343668327364906,29.77103355607412,44.821914276070395,44.73408981750291
37,155.05430372437596,115.28725792603991,-10.01563361458929,22.343668327364906,29.77103355607412,44.984509177556205,44.090603226445076
37,155.05430372437596,115.28725792603991,-10.036856859647855,22.343668327364906,29.7711502000373,44.821914276070395,44.73408981750291
37,6416.968067419712,0.0,-6.881495821802002,9.594397960106658,4.332352301180855,43.57421766736544,9.360047676126186
37,155.05430372437596,115.28725792603991,-10.01446504752112,22.34378844822515,29.762569607460204,44.98500424313157,43.939742086432894
37,155.05430372437596,133.0467550942518,-10.203727312970443,22.33144863778072,31.188630539229738,44.960054473122995,43.950426679572125
37,6416.9680674197125,0.0,-6.698099648782403,6.71085125727255,3.3240199039349707,43.971922596603136,9.354653659438556
37,6416.9680674197125,0.0,-6.698345850552119,8.357870334723975,3.32686063999405,43.97287578576103,9.357953649192538
37,155.05430372437596,133.0467550942518,-10.276491490390498,22.34378844822515,31.7850565049677,44.998621745307176,43.939742086432894
37,157.09275366420508,82.53990931685625,-9.911160758178895,24.630349087405612,28.980300580439657,44.99473476773474,43.05701467126413
37,6416.9680674197125,0.0,-6.711753029734734,10.65415610750881,3.3120063136773816,43.85523308571104,9.472947671291907
37,6416.9680674197125,0.0,-6.699795237739721,10.494114009544544,3.3359144449582803,43.970817622287015,9.222821865139123
37,6416.9680674197125,0.0,-6.7125513615918315,9.389173192012406,3.314408697553121,43.851514925349015,9.357727637050553
37,6416.9680674197125,0.0,-6.713779634503307,8.791101971507183,3.331325756927904,43.85901522573579,9.640683953789848
37,6416.9680674197125,0.0,-6.698809436587041,6.0851030779886095,3.3303813218842713,43.972842308050225,9.635666573290171
37,6416.9680674197125,0.0,-6.711722236024784,10.65415610750881,3.3120063136773816,43.85546917082067,9.461388441443997
37,6416.9680674197125,0.0,-6.701521923869201,9.335460792182735,3.3356533171530254,43.957318567489104,8.974459455867095
37,6416.9680674197125,0.0,-6.708183128847885,8.832034692966998,3.3116467146230884,43.88224272678923,9.360973069888132
37,6416.9680674197125,0.0,-6.7012308548117545,8.638208196944905,3.335641029516894,43.95953780929338,9.362980450006066
37,6416.9680674197125,0.0,-6.693167068694109,9.389173192012406,3.314408697553121,44.0001278375649,9.357727637050553
37,6416.9680674197125,0.0,-6.711965646206558,8.76336650726715,3.312257494760255,43.85385420717659,9.461721889182884
37,6416.9680674197125,0.0,-6.693012732144538,8.644376887008683,3.285939921158443,43.972842308050225,8.968299837829166
37,6416.9680674197125,0.0,-6.698333046007463,8.357870334723975,3.3267624718183355,43.97287578576103,9.357953649192538
37,6416.9680674197125,0.0,-6.696920622131067,11.065547825140657,3.325180171165504,43.982122068160535,9.336122765726383
37,6416.9680674197125,0.0,-6.696008547554889,9.454237545644407,3.315039905512559,43.97897437425833,9.464254360654495
37,6416.9680674197125,0.0,-6.711873685753911,10.439739690299728,3.3120283133451487,43.85433005589846,9.65030127252067
37,6416.9680674197125,0.0,-6.693043132200618,8.357870334723975,3.286172988255021,43.972842308050225,9.357953649192538
37,6416.9680674197125,0.0,-6.694866745822196,10.014511886549839,3.300584859183911,43.973273141213625,9.373638793556042
37,6416.9680674197125,0.0,-6.697381432618748,8.638208196944905,3.3356533171530254,43.989062333742524,8.974442079683003
37,6416.9680674197125,0.0,-6.615285648186891,7.047844004875528,3.322102530584944,44.604912561152034,9.357758275588706
37,6416.9680674197125,0.0,-6.709105509755755,9.32464266125397,3.395964522610918,43.95948894781674,9.360047676126186
37,6416.9680674197125,0.0,-6.693004718803774,8.931851289188062,3.2858784855458962,43.972842308050225,9.636272096750723
37,6416.9680674197125,0.0,-6.71191769338513,10.65415610750881,3.3120063136773816,43.85397066439133,9.461388441443997
37,6416.9680674197125,0.0,-6.69976103497515,10.12824420286815,3.336832732381386,43.971998130905114,8.92743956832689
38,152.4485520843018,123.07607796103161,-9.911160758178895,22.356975611828805,28.980300580439657,44.99473476773474,43.05701467126413
38,157.09275366420508,74.185181145986,-10.142759937936276,24.659388618376596,29.76268625142339,44.00152672724526,43.17137342409785
38,157.09275366420508,74.185181145986,-10.391257942734399,24.659388618376596,29.76268625142339,42.09637535712628,44.395401160870804
38,155.05430372437596,115.28725792603991,-10.014480261951107,22.34378844822515,29.76268625142339,44.98500424313157,43.939742086432894
38,155.05430372437596,115.28725792603991,-10.035805854676411,22.343668327364906,29.76309249525624,44.821914276070395,44.73408981750291
38,155.05430372437596,115.28725792603991,-10.015516052492565,22.34378844822515,29.770627312241263,44.98500424313157,43.939742086432894
38,157.09275366420508,74.185181145986,-10.368657378242752,24.659388618376596,29.76268625142339,42.26964635156226,44.395401160870804
38,155.05430372437596,115.28725792603991,-9.920305461636659,22.33144863778072,29.015729679004117,44.960054473122995,44.93112756207809
38,155.05430372437596,115.28725792603991,-9.920305461636659,22.33144863778072,29.015729679004117,44.960054473122995,43.950426679572125
38,155.05430372437596,115.28725792603991,-10.014444880632368,22.34378844822515,29.762414994646416,44.98500424313157,43.939742086432894
38,155.05430372437596,115.28725792603991,-10.038635032727527,22.34378844822515,29.76268625142339,44.79981766717901,43.077731931235746
38,155.05430372437596,115.28725792603991,-9.92348687581682,22.343548638660746,29.065153546178607,44.98508749824957,43.939742086432894
38,157.09275366420508,74.185181145986,-10.368657378242752,24.659388618376596,29.76268625142339,42.26964635156226,44.926844041002965
38,155.05430372437596,115.28725792603991,-9.92048948109204,22.33144863778072,29.015729679004117,44.95864365729843,43.950420607413974
38,155.05430372437596,115.28725792603991,-10.03684164521787,22.343668327364906,29.77103355607412,44.821914276070395,44.73408981750291
38,155.05430372437596,115.28725792603991,-10.01563361458929,22.343668327364906,29.77103355607412,44.984509177556205,44.090603226445076
38,155.05430372437596,115.28725792603991,-10.036856859647855,22.343668327364906,29.7711502000373,44.821914276070395,44.73408981750291
38,6416.968067419712,0.0,-6.881495821802002,9.594397960106658,4.332352301180855,43.57421766736544,9.360047676126186
38,155.05430372437596,115.28725792603991,-10.01446504752112,22.34378844822515,29.762569607460204,44.98500424313157,43.939742086432894
38,155.05430372437596,115.28725792603991,-9.920310541196553,22.344323970288396,29.015729679004117,44.96001552983052,43.95817007235724
38,155.05430372437596,115.28725792603991,-10.036843321238607,22.343668327364906,29.7711502000373,44.8220180705413,44.73408981750291
38,157.09275366420508,74.185181145986,-10.134110383574267,24.660643300220315,29.695517534664084,44.00067126059463,43.96437047942242
38,155.05430372437596,115.28725792603991,-9.99791778086734,22.330913115717475,29.643630666045134,44.99292767939553,44.91078258785669
38,157.09275366420508,74.185181145986,-10.363565098702537,24.659388618376596,29.72364544161507,42.26964635156226,44.38659092260726
38,157.09275366420508,74.185181145986,-10.368657378242752,24.659388618376596,29.76268625142339,42.26964635156226,43.96268188299985
38,6416.9680674197125,0.0,-6.698099648782403,6.71085125727255,3.3240199039349707,43.971922596603136,9.354653659438556
38,6416.9680674197125,0.0,-6.713779634503307,10.575026851006104,3.331325756927904,43.85901522573579,9.640683953789848
38,152.4485520843018,135.85214356606838,-10.014444880632368,22.538949915699256,29.762414994646416,44.98500424313157,43.939742086432894
38,157.09275366420508,82.53990931685625,-9.907146866913934,24.630349087405612,28.94952741407492,44.99473476773474,43.05701467126413
38,157.09275366420508,82.53990931685625,-9.911160758178895,24.630349087405612,28.980300580439657,44.99473476773474,43.05701467126413
38,155.05430372437596,133.0467550942518,-10.203727312970443,22.33144863778072,31.188630539229738,44.960054473122995,43.950426679572125
38,155.05430372437596,133.0467550942518,-10.276491490390498,22.34378844822515,31.7850565049677,44.998621745307176,43.939742086432894
38,6416.9680674197125,0.0,-6.696008547554889,9.454237545644407,3.315039905512559,43.97897437425833,9.464254360654495
38,6416.9680674197125,0.0,-6.693167068694109,9.389173192012406,3.314408697553121,44.0001278375649,9.357727637050553
38,6416.9680674197125,0.0,-6.711873685753911,10.439739690299728,3.3120283133451487,43.85433005589846,9.65030127252067
38,6416.9680674197125,0.0,-6.699795884682693,8.58270904854179,3.3359194048544,43.970817622287015,9.363101571939625
38,6416.9680674197125,0.0,-6.71191769338513,10.65415610750881,3.3120063136773816,43.85397066439133,9.461388441443997
38,6416.9680674197125,0.0,-6.699795237739721,10.494114009544544,3.3359144449582803,43.970817622287015,9.222821865139123
38,6416.9680674197125,0.0,-6.693012732144538,8.644376887008683,3.285939921158443,43.972842308050225,8.968299837829166
38,6416.9680674197125,0.0,-6.7125513615918315,9.389173192012406,3.314408697553121,43.851514925349015,9.357727637050553
38,6416.9680674197125,0.0,-6.696920622131067,11.065547825140657,3.325180171165504,43.982122068160535,9.336122765726383
38,6416.9680674197125,0.0,-6.694866745822196,10.014511886549839,3.300584859183911,43.973273141213625,9.373638793556042
38,6416.9680674197125,0.0,-6.693004718803774,8.931851289188062,3.2858784855458962,43.972842308050225,9.636272096750723
38,6416.9680674197125,0.0,-6.697381432618748,8.638208196944905,3.3356533171530254,43.989062333742524,8.974442079683003
38,6416.9680674197125,0.0,-6.698333046007463,8.357870334723975,3.3267624718183355,43.97287578576103,9.357953649192538
38,6416.9680674197125,0.0,-6.698809436587041,6.0851030779886095,3.3303813218842713,43.972842308050225,9.635666573290171
38,6416.9680674197125,0.0,-6.714509851350137,9.32464266125397,3.4485711131675725,43.97066225281643,9.360047676126186
38,6416.9680674197125,0.0,-6.708183128847885,8.832034692966998,3.3116467146230884,43.88224272678923,9.360973069888132
39,152.4485520843018,123.07607796103161,-9.911160758178895,22.356975611828805,28.980300580439657,44.99473476773474,43.05701467126413
39,157.09275366420508,74.185181145986,-10.142759937936276,24.659388618376596,29.76268625142339,44.00152672724526,43.17137342409785
39,157.09275366420508,74.185181145986,-10.391257942734399,24.659388618376596,29.76268625142339,42.09637535712628,44.395401160870804
39,155.05430372437596,115.28725792603991,-10.014480261951107,22.34378844822515,29.76268625142339,44.98500424313157,43.939742086432894
39,155.05430372437596,115.28725792603991,-10.035805854676411,22.343668327364906,29.76309249525624,44.821914276070395,44.73408981750291
39,155.05430372437596,115.28725792603991,-10.015516052492565,22.34378844822515,29.770627312241263,44.98500424313157,43.939742086432894
39,157.09275366420508,74.185181145986,-10.368657378242752,24.659388618376596,29.76268625142339,42.26964635156226,44.395401160870804
39,155.05430372437596,115.28725792603991,-9.920305461636659,22.33144863778072,29.015729679004117,44.960054473122995,44.93112756207809
39,155.05430372437596,115.28725792603991,-9.920305461636659,22.33144863778072,29.015729679004117,44.960054473122995,43.950426679572125
39,155.05430372437596,115.28725792603991,-10.014444880632368,22.34378844822515,29.762414994646416,44.98500424313157,43.939742086432894
39,155.05430372437596,115.28725792603991,-10.038635032727527,22.34378844822515,29.76268625142339,44.79981766717901,43.077731931235746
39,155.05430372437596,115.28725792603991,-9.92348687581682,22.343548638660746,29.065153546178607,44.98508749824957,43.939742086432894
39,157.09275366420508,74.185181145986,-10.368657378242752,24.659388618376596,29.76268625142339,42.26964635156226,44.926844041002965
39,155.05430372437596,115.28725792603991,-9.92048948109204,22.33144863778072,29.015729679004117,44.95864365729843,43.950420607413974
39,155.05430372437596,115.28725792603991,-10.03684164521787,22.343668327364906,29.77103355607412,44.821914276070395,44.73408981750291
39,155.05430372437596,115.28725792603991,-10.01563361458929,22.343668327364906,29.77103355607412,44.984509177556205,44.090603226445076
39,155.05430372437596,115.28725792603991,-10.036856859647855,22.343668327364906,29.7711502000373,44.821914276070395,44.73408981750291
39,6416.968067419712,0.0,-6.881495821802002,9.594397960106658,4.332352301180855,43.57421766736544,9.360047676126186
39,155.05430372437596,115.28725792603991,-10.01446504752112,22.34378844822515,29.762569607460204,44.98500424313157,43.939742086432894
39,155.05430372437596,115.28725792603991,-9.920310541196553,22.344323970288396,29.015729679004117,44.96001552983052,43.95817007235724
39,155.05430372437596,115.28725792603991,-10.036843321238607,22.343668327364906,29.7711502000373,44.8220180705413,44.73408981750291
39,157.09275366420508,74.185181145986,-10.134110383574267,24.660643300220315,29.695517534664084,44.00067126059463,43.96437047942242
39,155.05430372437596,115.28725792603991,-9.99791778086734,22.330913115717475,29.643630666045134,44.99292767939553,44.91078258785669
39,157.09275366420508,74.185181145986,-10.363565098702537,24.659388618376596,29.72364544161507,42.26964635156226,44.38659092260726
39,157.09275366420508,74.185181145986,-10.368657378242752,24.659388618376596,29.76268625142339,42.26964635156226,43.96268188299985
39,157.09275366420508,74.185181145986,-10.248599919407397,24.659388618376596,29.76268625142339,43.19008686929997,44.585987801329665
39,155.05430372437596,115.28725792603991,-9.921876575027817,22.33144863778072,29.015729679004117,44.948009270457476,44.93112756207809
39,157.09275366420508,74.185181145986,-10.377623913269936,24.659388618376596,29.76268625142339,42.20090291635385,43.96268188299985
39,155.05430372437596,115.28725792603991,-10.014444880632368,22.31434761705931,29.762414994646416,44.98500424313157,43.89229991607712
39,155.05430372437596,115.28725792603991,-10.03684164521787,22.343684955720278,29.77103355607412,44.821914276070395,44.73408981750291
39,157.09275366420508,74.185181145986,-10.014024516512492,24.659388618376596,29.76268625142339,44.98849829149423,43.96268188299985
39,157.09275366420508,74.185181145986,-10.142759937936276,24.659388618376596,29.76268625142339,44.00152672724526,42.13285701585585
39,155.05430372437596,115.28725792603991,-10.014480261951107,22.34378844822515,29.76268625142339,44.98500424313157,43.928072693623
39,157.09275366420508,74.185181145986,-10.368656731693001,24.659388618376596,29.762681294541977,42.26964635156226,43.96268188299985
39,6416.9680674197125,0.0,-6.698099648782403,6.71085125727255,3.3240199039349707,43.971922596603136,9.354653659438556
39,6416.9680674197125,0.0,-6.692791766014377,8.931851289188062,3.2842458474938416,43.972842308050225,9.636272096750723
39,152.4485520843018,135.85214356606838,-10.014444880632368,22.538949915699256,29.762414994646416,44.98500424313157,43.939742086432894
39,165.38884174968763,75.80321913527351,-10.13588481148036,25.515890921862134,29.76268625142339,44.054236030073916,44.09777495136346
39,155.05430372437596,123.32230692928808,-10.023792149702949,22.285630798470848,29.77103355607412,44.92196040835145,44.79860060431368
39,157.09275366420508,82.53990931685625,-9.911160758178895,24.630349087405612,28.980300580439657,44.99473476773474,42.57503896954648
39,157.09275366420508,82.53990931685625,-9.907146866913934,24.630349087405612,28.94952741407492,44.99473476773474,43.05701467126413
39,6416.9680674197125,0.0,-6.630831331754035,10.575026851006104,3.331325756927904,44.494952213480246,9.645518493865954
39,6416.9680674197125,0.0,-6.708183128847885,9.334767137762416,3.3116467146230884,43.88224272678923,9.3706637953912
39,6416.9680674197125,0.0,-6.698333046007463,8.357870334723975,3.3267624718183355,43.97287578576103,9.357953649192538
39,6416.9680674197125,0.0,-6.713779634503307,10.575026851006104,3.331325756927904,43.85901522573579,9.630993228286778
39,6416.9680674197125,0.0,-6.71191769338513,10.65415610750881,3.3120063136773816,43.85397066439133,9.461388441443997
39,6416.9680674197125,0.0,-6.7125513615918315,9.389173192012406,3.314408697553121,43.851514925349015,9.357727637050553
39,6416.9680674197125,0.0,-6.708183128847885,8.832034692966998,3.3116467146230884,43.88224272678923,9.360973069888132
40,152.4485520843018,123.07607796103161,-9.911160758178895,22.356975611828805,28.980300580439657,44.99473476773474,43.05701467126413
40,157.09275366420508,74.185181145986,-10.142759937936276,24.659388618376596,29.76268625142339,44.00152672724526,43.17137342409785
40,157.09275366420508,74.185181145986,-10.391257942734399,24.659388618376596,29.76268625142339,42.09637535712628,44.395401160870804
40,155.05430372437596,115.28725792603991,-10.014480261951107,22.34378844822515,29.76268625142339,44.98500424313157,43.939742086432894
40,155.05430372437596,115.28725792603991,-10.035805854676411,22.343668327364906,29.76309249525624,44.821914276070395,44.73408981750291
40,155.05430372437596,115.28725792603991,-10.015516052492565,22.34378844822515,29.770627312241263,44.98500424313157,43.939742086432894
40,157.09275366420508,74.185181145986,-10.368657378242752,24.659388618376596,29.76268625142339,42.26964635156226,44.395401160870804
40,155.05430372437596,115.28725792603991,-9.920305461636659,22.33144863778072,29.015729679004117,44.960054473122995,44.93112756207809
40,155.05430372437596,115.28725792603991,-9.920305461636659,22.33144863778072,29.015729679004117,44.960054473122995,43.950426679572125
40,155.05430372437596,115.28725792603991,-10.014444880632368,22.34378844822515,29.762414994646416,44.98500424313157,43.939742086432894
40,155.05430372437596,115.28725792603991,-10.038635032727527,22.34378844822515,29.76268625142339,44.79981766717901,43.077731931235746
40,155.05430372437596,115.28725792603991,-9.92348687581682,22.343548638660746,29.065153546178607,44.98508749824957,43.939742086432894
40,157.09275366420508,74.185181145986,-10.368657378242752,24.659388618376596,29.76268625142339,42.26964635156226,44.926844041002965
40,155.05430372437596,115.28725792603991,-9.92048948109204,22.33144863778072,29.015729679004117,44.95864365729843,43.950420607413974
40,155.05430372437596,115.28725792603991,-10.03684164521787,22.343668327364906,29.77103355607412,44.821914276070395,44.73408981750291
40,155.05430372437596,115.28725792603991,-10.01563361458929,22.343668327364906,29.77103355607412,44.984509177556205,44.090603226445076
40,155.05430372437596,115.28725792603991,-10.036856859647855,22.343668327364906,29.7711502000373,44.821914276070395,44.73408981750291
40,6416.968067419712,0.0,-6.881495821802002,9.594397960106658,4.332352301180855,43.57421766736544,9.360047676126186
40,155.05430372437596,115.28725792603991,-10.01446504752112,22.34378844822515,29.762569607460204,44.98500424313157,43.939742086432894
40,155.05430372437596,115.28725792603991,-9.920310541196553,22.344323970288396,29.015729679004117,44.96001552983052,43.95817007235724
40,155.05430372437596,115.28725792603991,-10.036843321238607,22.343668327364906,29.7711502000373,44.8220180705413,44.73408981750291
40,157.09275366420508,74.185181145986,-10.134110383574267,24.660643300220315,29.695517534664084,44.00067126059463,43.96437047942242
40,155.05430372437596,115.28725792603991,-9.99791778086734,22.330913115717475,29.643630666045134,44.99292767939553,44.91078258785669
40,157.09275366420508,74.185181145986,-10.363565098702537,24.659388618376596,29.72364544161507,42.26964635156226,44.38659092260726
40,157.09275366420508,74.185181145986,-10.368657378242752,24.659388618376596,29.76268625142339,42.26964635156226,43.96268188299985
40,157.09275366420508,74.185181145986,-10.248599919407397,24.659388618376596,29.76268625142339,43.19008686929997,44.585987801329665
40,155.05430372437596,115.28725792603991,-9.921876575027817,22.33144863778072,29.015729679004117,44.948009270457476,44.93112756207809
40,157.09275366420508,74.185181145986,-10.377623913269936,24.659388618376596,29.76268625142339,42.20090291635385,43.96268188299985
40,155.05430372437596,115.28725792603991,-10.014444880632368,22.31434761705931,29.762414994646416,44.98500424313157,43.89229991607712
40,155.05430372437596,115.28725792603991,-10.03684164521787,22.343684955720278,29.77103355607412,44.821914276070395,44.73408981750291
40,157.09275366420508,74.185181145986,-10.014024516512492,24.659388618376596,29.76268625142339,44.98849829149423,43.96268188299985
40,157.09275366420508,74.185181145986,-10.142759937936276,24.659388618376596,29.76268625142339,44.00152672724526,42.13285701585585
40,155.05430372437596,115.28725792603991,-10.014480261951107,22.34378844822515,29.76268625142339,44.98500424313157,43.928072693623
40,157.09275366420508,74.185181145986,-10.368656731693001,24.659388618376596,29.762681294541977,42.26964635156226,43.96268188299985
40,157.09275366420508,74.185181145986,-10.392361116269761,24.659388618376596,29.771143915194493,42.09637535712628,43.60923128993497
40,155.05430372437596,115.28725792603991,-10.013273210870302,22.34378844822515,29.76268625142339,44.994258301417716,39.605218426193446
40,157.09275366420508,74.185181145986,-10.373808738192267,24.659388618376596,29.762681294541977,42.23014763506791,43.9594705324601
40,155.05430372437596,115.28725792603991,-9.922041646363216,22.33144863778072,29.029040428574337,44.960054473122995,44.943989002920006
40,155.05430372437596,115.28725792603991,-10.014535819045413,22.343785386721148,29.763112189146447,44.98500424313157,43.89471803844752
40,155.05430372437596,115.28725792603991,-10.014530441053928,22.343668327364906,29.762575892303012,44.984509177556205,44.090603226445076
40,155.05430372437596,115.28725792603991,-9.911160758178895,22.356739977176847,28.980300580439657,44.99473476773474,43.068382682569776
40,6416.968067419712,0.0,-6.881495821802002,9.591021336556494,4.332352301180855,43.57421766736544,9.360047676126186
40,155.05430372437596,115.28725792603991,-10.014480261951107,22.34378844822515,29.76268625142339,44.98500424313157,43.95121601627427
40,155.05430372437596,115.28725792603991,-10.04025624585966,22.34378844822515,29.76268625142339,44.78738836649933,43.939742086432894
40,155.05430372437596,115.28725792603991,-10.03308850946712,22.343668327364906,29.7711502000373,44.8508049607893,44.73729762510676
40,157.09275366420508,74.185181145986,-10.363565098702537,24.659388618376596,29.72364544161507,42.26964635156226,44.398374479218475
40,155.05430372437596,115.28725792603991,-10.022204078503513,22.34367138886891,29.76254991357,44.92565197837636,44.77907539482508
40,155.05430372437596,115.28725792603991,-10.015516719768492,22.34378998824542,29.770632428023358,44.98500424313157,43.27420988942174
41,152.4485520843018,123.07607796103161,-9.911160758178895,22.356975611828805,28.980300580439657,44.99473476773474,43.05701467126413
41,155.05430372437596,115.28725792603991,-10.014480261951107,22.34378844822515,29.76268625142339,44.98500424313157,43.939742086432894
41,155.05430372437596,115.28725792603991,-10.035805854676411,22.343668327364906,29.76309249525624,44.821914276070395,44.73408981750291
41,155.05430372437596,115.28725792603991,-10.015516052492565,22.34378844822515,29.770627312241263,44.98500424313157,43.939742086432894
41,155.05430372437596,115.28725792603991,-9.920305461636659,22.33144863778072,29.015729679004117,44.960054473122995,44.93112756207809
41,155.05430372437596,115.28725792603991,-9.920305461636659,22.33144863778072,29.015729679004117,44.960054473122995,43.950426679572125
41,155.05430372437596,115.28725792603991,-10.014444880632368,22.34378844822515,29.762414994646416,44.98500424313157,43.939742086432894
41,155.05430372437596,115.28725792603991,-10.038635032727527,22.34378844822515,29.76268625142339,44.79981766717901,43.077731931235746
41,155.05430372437596,115.28725792603991,-9.92348687581682,22.343548638660746,29.065153546178607,44.98508749824957,43.939742086432894
41,155.05430372437596,115.28725792603991,-9.92048948109204,22.33144863778072,29.015729679004117,44.95864365729843,43.950420607413974
41,155.05430372437596,115.28725792603991,-10.03684164521787,22.343668327364906,29.77103355607412,44.821914276070395,44.73408981750291
41,155.05430372437596,115.28725792603991,-10.01563361458929,22.343668327364906,29.77103355607412,44.984509177556205,44.090603226445076
41,155.05430372437596,115.28725792603991,-10.036856859647855,22.343668327364906,29.7711502000373,44.821914276070395,44.73408981750291
41,6416.968067419712,0.0,-6.881495821802002,9.594397960106658,4.332352301180855,43.57421766736544,9.360047676126186
41,155.05430372437596,115.28725792603991,-10.01446504752112,22.34378844822515,29.762569607460204,44.98500424313157,43.939742086432894
41,155.05430372437596,115.28725792603991,-9.920310541196553,22.344323970288396,29.015729679004117,44.96001552983052,43.95817007235724
41,155.05430372437596,115.28725792603991,-10.036843321238607,22.343668327364906,29.7711502000373,44.8220180705413,44.73408981750291
41,155.05430372437596,115.28725792603991,-9.99791778086734,22.330913115717475,29.643630666045134,44.99292767939553,44.91078258785669
41,155.05430372437596,115.28725792603991,-9.921876575027817,22.33144863778072,29.015729679004117,44.948009270457476,44.93112756207809
41,155.05430372437596,115.28725792603991,-10.014444880632368,22.31434761705931,29.762414994646416,44.98500424313157,43.89229991607712
41,155.05430372437596,115.28725792603991,-10.03684164521787,22.343684955720278,29.77103355607412,44.821914276070395,44.73408981750291
41,155.05430372437596,115.28725792603991,-10.014480261951107,22.34378844822515,29.76268625142339,44.98500424313157,43.928072693623
41,155.05430372437596,115.28725792603991,-10.013273210870302,22.34378844822515,29.76268625142339,44.994258301417716,39.605218426193446
41,155.05430372437596,115.28725792603991,-9.922041646363216,22.33144863778072,29.029040428574337,44.960054473122995,44.943989002920006
41,155.05430372437596,115.28725792603991,-10.014535819045413,22.343785386721148,29.763112189146447,44.98500424313157,43.89471803844752
41,155.05430372437596,115.28725792603991,-10.014530441053928,22.343668327364906,29.762575892303012,44.984509177556205,44.090603226445076
41,155.05430372437596,115.28725792603991,-9.911160758178895,22.356739977176847,28.980300580439657,44.99473476773474,43.068382682569776
41,6416.968067419712,0.0,-6.881495821802002,9.591021336556494,4.332352301180855,43.57421766736544,9.360047676126186
41,155.05430372437596,115.28725792603991,-10.014480261951107,22.34378844822515,29.76268625142339,44.98500424313157,43.95121601627427
41,155.05430372437596,115.28725792603991,-10.04025624585966,22.34378844822515,29.76268625142339,44.78738836649933,43.939742086432894
41,155.05430372437596,115.28725792603991,-10.03308850946712,22.343668327364906,29.7711502000373,44.8508049607893,44.73729762510676
41,155.05430372437596,115.28725792603991,-10.022204078503513,22.34367138886891,29.76254991357,44.92565197837636,44.77907539482508
41,155.05430372437596,115.28725792603991,-10.015516719768492,22.34378998824542,29.770632428023358,44.98500424313157,43.27420988942174
41,155.05430372437596,115.28725792603991,-10.036857319679648,22.343668327364906,29.7711502000373,44.821910749159954,44.73408981750291
41,155.05430372437596,115.28725792603991,-10.0222229135777,22.34367138886891,29.762694315805415,44.92565197837636,43.21482768283965
41,155.05430372437596,115.28725792603991,-9.94550206996987,22.33144863778072,28.97377307292668,44.724923869824295,44.95540528901847
41,155.05430372437596,115.28725792603991,-9.918732606840614,22.33144863778072,29.029040428574337,44.98542377612957,41.78786916872535
41,157.09275366420508,72.133941534044,-10.368655209803975,24.374408827588258,29.762669626726083,42.26964635156226,44.07648249119451
41,6416.968067419712,0.0,-6.881495821802002,8.970067650180274,4.332352301180855,43.57421766736544,9.360047676126186
41,155.05430372437596,115.28725792603991,-9.91692625598425,22.33144863778072,29.012224265023953,44.98245630247801,43.937569143695036
41,155.05430372437596,115.28725792603991,-10.036843322601065,22.343684955720278,29.771149930470752,44.82201779052922,44.73408981750291
41,155.05430372437596,115.28725792603991,-9.998441702339989,22.330756701480137,29.643630666045134,44.98891094810521,43.222848787366075
41,155.05430372437596,115.28725792603991,-9.910489068231357,22.33144863778072,28.94047066289677,44.960054473122995,43.93364142117125
41,155.05430372437596,115.28725792603991,-10.015412279068677,22.343668327364906,29.769336650416086,44.984509177556205,44.10143255692469
41,155.05430372437596,115.28725792603991,-10.03684164385541,22.343668327364906,29.771033825640668,44.82191455608247,44.73408981750291
41,155.05430372437596,115.28725792603991,-10.038635032727527,22.34394486246249,29.76268625142339,44.79981766717901,44.759900307688504
41,155.05430372437596,115.28725792603991,-10.01347946611373,22.339914499788105,29.761150366481072,44.9911411262758,39.58683394368496
41,155.05430372437596,115.28725792603991,-10.012984166420061,22.343785386721148,29.762718212485776,44.99650626993194,43.96205076579092
42,6416.968067419712,0.0,-6.881495821802002,8.970067650180274,4.332352301180855,43.57421766736544,9.360047676126186
42,152.4485520843018,123.07607796103161,-9.918158422228323,22.359295916188543,29.028660124197167,44.98944555377997,41.78786916872535
42,6416.968067419712,0.0,-6.881495821802002,9.594397960106658,4.332352301180855,43.57421766736544,9.360047676126186
42,152.4485520843018,123.07607796103161,-9.911160758178895,22.356975611828805,28.980300580439657,44.99473476773474,43.05701467126413
42,157.09275366420508,72.133941534044,-10.366045266178766,24.374408827588258,29.762669501666423,42.28965579429586,43.55127339225709
42,157.09275366420508,72.133941534044,-10.368655209803975,24.374408827588258,29.762669626726083,42.26964635156226,44.07648249119451
42,155.05430372437596,115.28725792603991,-10.014480261951107,22.34378844822515,29.76268625142339,44.98500424313157,43.939742086432894
42,155.05430372437596,115.28725792603991,-10.014017474479914,22.34378844822515,29.76268625142339,44.98855228041069,39.62525457536741
42,155.05430372437596,115.28725792603991,-10.035805854676411,22.343668327364906,29.76309249525624,44.821914276070395,44.73408981750291
42,155.05430372437596,115.28725792603991,-10.022204078503513,22.34367138886891,29.76254991357,44.92565197837636,44.77907539482508
42,155.05430372437596,115.28725792603991,-10.01563361458929,22.343668327364906,29.77103355607412,44.984509177556205,44.090603226445076
42,155.05430372437596,115.28725792603991,-10.036955500799436,22.339914499788105,29.77109321045067,44.82110103765496,44.695513203342074
42,155.05430372437596,115.28725792603991,-10.03684164521787,22.343684955720278,29.77103355607412,44.821914276070395,44.73408981750291
42,155.05430372437596,115.28725792603991,-9.91692625598425,22.33144863778072,29.012224265023953,44.98245630247801,43.937569143695036
42,155.05430372437596,115.28725792603991,-10.014480261951107,22.34378844822515,29.76268625142339,44.98500424313157,43.95121601627427
42,155.05430372437596,115.28725792603991,-10.002112521944852,22.33145577343987,29.643630666045134,44.96076799780123,44.99216056483775
42,155.05430372437596,115.28725792603991,-9.94550206996987,22.33144863778072,28.97377307292668,44.724923869824295,44.94420807408367
42,155.05430372437596,115.28725792603991,-10.01446504752112,22.34378844822515,29.762569607460204,44.98500424313157,43.939742086432894
42,155.05430372437596,115.28725792603991,-9.94550206996987,22.33144863778072,28.97377307292668,44.724923869824295,44.95540528901847
42,155.05430372437596,115.28725792603991,-10.014535819045413,22.343785386721148,29.763112189146447,44.98500424313157,43.89471803844752
42,155.05430372437596,115.28725792603991,-10.016571493613974,22.34378474151158,29.76268625142339,44.96897146704957,44.759900307688504
42,155.05430372437596,115.28725792603991,-9.911290722674707,22.329128333420982,28.980680884816827,44.99411867764403,44.32480348207769
42,155.05430372437596,115.28725792603991,-9.920305461636659,22.33144863778072,29.015729679004117,44.960054473122995,44.93112756207809
42,155.05430372437596,115.28725792603991,-9.920310541196553,22.344323970288396,29.015729679004117,44.96001552983052,43.95817007235724
42,155.05430372437596,115.28725792603991,-10.01330555539111,22.343668327364906,29.76309249525624,44.99441657059104,43.963640805946014
42,155.05430372437596,115.28725792603991,-10.015516052492565,22.34378844822515,29.770627312241263,44.98500424313157,43.939742086432894
42,155.05430372437596,115.28725792603991,-10.014530441053928,22.343668327364906,29.762575892303012,44.984509177556205,43.78783489495227
42,155.05430372437596,115.28725792603991,-9.92057280860876,22.331681446018294,29.015729679004117,44.9580048130036,44.93112756207809
42,155.05430372437596,115.28725792603991,-10.02291975507515,22.34378844822515,29.762686376483046,44.92030158757352,44.07918009341065
42,155.05430372437596,115.28725792603991,-9.91784711439929,22.330905980058326,29.029040428574337,44.992212551513084,42.2474671657069
42,155.05430372437596,115.28725792603991,-9.911160758178895,22.356739977176847,28.980300580439657,44.99473476773474,43.068382682569776
42,155.05430372437596,115.28725792603991,-10.03684164385541,22.343668327364906,29.771033825640668,44.82191455608247,44.73408981750291
42,155.05430372437596,115.28725792603991,-10.014515440761159,22.343793683699044,29.762414994646416,44.98446328214417,44.10207933619933
42,155.05430372437596,115.28725792603991,-10.03684164521787,22.343668327364906,29.77103355607412,44.821914276070395,44.73408981750291
42,155.05430372437596,115.28725792603991,-9.920305461636659,22.33144863778072,29.015729679004117,44.960054473122995,43.950426679572125
42,155.05430372437596,115.28725792603991,-9.759644927765699,22.344323970288396,27.783959976034247,44.96001552983052,43.9438019799983
42,155.05430372437596,115.28725792603991,-10.015516719768492,22.34378998824542,29.770632428023358,44.98500424313157,43.27420988942174
42,155.05430372437596,115.28725792603991,-9.998441702339989,22.330756701480137,29.643630666045134,44.98891094810521,43.222848787366075
42,155.05430372437596,115.28725792603991,-9.922041646363216,22.33144863778072,29.029040428574337,44.960054473122995,44.943989002920006
42,155.05430372437596,115.28725792603991,-10.015412279068677,22.343668327364906,29.769336650416086,44.984509177556205,44.10143255692469
42,155.05430372437596,115.28725792603991,-10.014480261951107,22.34378844822515,29.76268625142339,44.98500424313157,43.928072693623
42,155.05430372437596,115.28725792603991,-9.918732606840614,22.33144863778072,29.029040428574337,44.98542377612957,41.78786916872535
42,155.05430372437596,115.28725792603991,-10.014444880632368,22.34378844822515,29.762414994646416,44.98500424313157,43.939742086432894
42,155.05430372437596,115.28725792603991,-9.99791778086734,22.330913115717475,29.643630666045134,44.99292767939553,44.91078258785669
42,6416.968067419712,0.0,-6.881495821802002,9.591021336556494,4.332352301180855,43.57421766736544,9.360047676126186
42,155.05430372437596,115.28725792603991,-10.013273210870302,22.34378844822515,29.76268625142339,44.994258301417716,39.605218426193446
42,155.05430372437596,115.28725792603991,-10.015341718939887,22.343663091891013,29.769336650416086,44.985050138543606,43.93909530715825
42,155.05430372437596,115.28725792603991,-10.014530441053928,22.343668327364906,29.762575892303012,44.984509177556205,44.090603226445076
43,152.4485520843018,123.07607796103161,-9.932917319796498,22.361155757962372,28.974280394510238,44.821914276070395,44.73408981750291
43,152.4485520843018,123.07607796103161,-9.918158422228323,22.359295916188543,29.028660124197167,44.98944555377997,41.78786916872535
43,6416.968067419712,0.0,-6.881495821802002,9.591021336556494,4.332352301180855,43.57421766736544,9.360047676126186
43,6416.968067419712,0.0,-6.881495821802002,8.970067650180274,4.332352301180855,43.57421766736544,9.360047676126186
43,157.09275366420508,72.133941534044,-10.366045266178766,24.374408827588258,29.762669501666423,42.28965579429586,44.056289517177085
43,157.09275366420508,72.133941534044,-10.366045266178766,24.374408827588258,29.762669501666423,42.28965579429586,43.55127339225709
43,155.05430372437596,115.28725792603991,-10.014480261951107,22.34378844822515,29.76268625142339,44.98500424313157,43.939742086432894
43,155.05430372437596,115.28725792603991,-9.917102141586284,22.33145026047516,29.029040428574337,44.997924009746114,42.284465771788575
43,155.05430372437596,115.28725792603991,-10.035805854676411,22.343668327364906,29.76309249525624,44.821914276070395,44.73408981750291
43,155.05430372437596,115.28725792603991,-9.94550206996987,22.33144863778072,28.97377307292668,44.724923869824295,44.94420807408367
43,155.05430372437596,115.28725792603991,-9.920305461636659,22.33144863778072,29.015729679004117,44.960054473122995,44.93112756207809
43,152.4485520843018,123.07607796103161,-9.911160758178895,22.356975611828805,28.980300580439657,44.99473476773474,43.05701467126413
43,155.05430372437596,115.28725792603991,-9.91692625598425,22.33144863778072,29.012224265023953,44.98245630247801,43.937569143695036
43,155.05430372437596,115.28725792603991,-10.014530441053928,22.343668327364906,29.762575892303012,44.984509177556205,43.78783489495227
43,155.05430372437596,115.28725792603991,-10.01563361458929,22.343668327364906,29.77103355607412,44.984509177556205,44.090603226445076
43,155.05430372437596,115.28725792603991,-9.918732606840614,22.33144863778072,29.029040428574337,44.98542377612957,41.78786916872535
43,155.05430372437596,115.28725792603991,-9.92057280860876,22.331681446018294,29.015729679004117,44.9580048130036,44.93112756207809
43,155.05430372437596,115.28725792603991,-9.91784711439929,22.330905980058326,29.029040428574337,44.992212551513084,42.2474671657069
43,155.05430372437596,115.28725792603991,-9.911160758178895,22.356739977176847,28.980300580439657,44.99473476773474,43.068382682569776
43,155.05430372437596,115.28725792603991,-10.015350648568067,22.34378844822515,29.769338655862093,44.98498368350691,44.091795531506904
43,155.05430372437596,115.28725792603991,-10.023306846105605,22.343668327364906,29.76309249525624,44.91774000844657,44.73067434275009
43,152.4485520843018,123.07607796103161,-9.911160758178895,22.356975611828805,28.980300580439657,44.99473476773474,41.73488979621104
43,155.05430372437596,115.28725792603991,-10.015341718939887,22.343663091891013,29.769336650416086,44.985050138543606,43.93909530715825
43,155.05430372437596,115.28725792603991,-10.015577682993175,22.343668327364906,29.77062530679526,44.984529737180864,43.949379111850675
43,155.05430372437596,115.28725792603991,-9.995379882864334,22.330905980058326,29.6234583201397,44.992212551513084,42.26854830718987
43,155.05430372437596,115.28725792603991,-9.920310541196553,22.344323970288396,29.015729679004117,44.96001552983052,43.95817007235724
43,155.05430372437596,115.28725792603991,-10.014480261951107,22.34378844822515,29.76268625142339,44.98500424313157,43.95121601627427
43,155.05430372437596,115.28725792603991,-9.920305461636659,22.33144863778072,29.015729679004117,44.960054473122995,43.950426679572125
43,155.05430372437596,115.28725792603991,-9.922041646363216,22.33144863778072,29.029040428574337,44.960054473122995,44.943989002920006
43,155.05430372437596,115.28725792603991,-10.015516719768492,22.34378998824542,29.770632428023358,44.98500424313157,43.27420988942174
43,152.4485520843018,123.07607796103161,-9.892711751852204,22.358917859323913,28.833568984646927,44.98944555377997,41.78786916872535
43,155.05430372437596,115.28725792603991,-9.998441702339989,22.330756701480137,29.643630666045134,44.98891094810521,43.222848787366075
43,155.05430372437596,115.28725792603991,-10.036955500799436,22.339914499788105,29.77109321045067,44.82110103765496,44.695513203342074
43,155.05430372437596,115.28725792603991,-10.013273210870302,22.34378844822515,29.76268625142339,44.994258301417716,39.605218426193446
43,155.05430372437596,115.28725792603991,-9.99791778086734,22.330913115717475,29.643630666045134,44.99292767939553,44.91078258785669
43,155.05430372437596,115.28725792603991,-9.75239549383798,22.34355680284371,27.762760074915107,44.994394622157216,43.0382434131347
43,157.09275366420508,72.133941534044,-10.368655209803975,24.374408827588258,29.762669626726083,42.26964635156226,44.07648249119451
43,155.05430372437596,115.28725792603991,-10.015516052492565,22.34378844822515,29.770627312241263,44.98500424313157,43.939742086432894
43,155.05430372437596,115.28725792603991,-10.014515440761159,22.343793683699044,29.762414994646416,44.98446328214417,44.815914110026775
43,155.05430372437596,115.28725792603991,-9.911290722674707,22.329128333420982,28.980680884816827,44.99411867764403,44.32480348207769
43,155.05430372437596,115.28725792603991,-10.014444880632368,22.34378844822515,29.762414994646416,44.98500424313157,43.939742086432894
43,155.05430372437596,115.28725792603991,-9.759644927765699,22.344323970288396,27.783959976034247,44.96001552983052,43.9438019799983
43,155.05430372437596,115.28725792603991,-10.015412279068677,22.343668327364906,29.769336650416086,44.984509177556205,44.10143255692469
43,155.05430372437596,115.28725792603991,-10.014515440761159,22.343793683699044,29.762414994646416,44.98446328214417,44.10207933619933
43,155.05430372437596,115.28725792603991,-10.01330555539111,22.343668327364906,29.76309249525624,44.99441657059104,43.963640805946014
43,155.05430372437596,115.28725792603991,-9.937103537682432,22.343668327364906,29.03942411811948,44.854963662554134,44.73408981750291
43,155.05430372437596,115.28725792603991,-10.03684164385541,22.343668327364906,29.771033825640668,44.82191455608247,44.05595103252393
43,155.05430372437596,115.28725792603991,-10.014530441053928,22.343668327364906,29.762575892303012,44.984509177556205,44.090603226445076
44,152.4485520843018,123.07607796103161,-9.939994912170498,22.36193365348734,29.029040428574337,44.82241276860051,41.78786916872535
44,152.4485520843018,123.07607796103161,-9.932917319796498,22.361155757962372,28.974280394510238,44.821914276070395,44.73408981750291
44,6416.968067419712,0.0,-6.881495821802002,7.30624182644606,4.332352301180855,43.57421766736544,9.360047676126186
44,6416.968067419712,0.0,-6.881495821802002,9.591021336556494,4.332352301180855,43.57421766736544,9.360047676126186
44,157.09275366420508,72.133941534044,-10.366045266178766,24.374408827588258,29.762669501666423,42.28965579429586,43.569169827232514
44,157.09275366420508,72.133941534044,-10.366045266178766,24.374408827588258,29.762669501666423,42.28965579429586,44.056289517177085
44,155.05430372437596,115.28725792603991,-10.014480261951107,22.34378844822515,29.76268625142339,44.98500424313157,43.939742086432894
44,155.05430372437596,115.28725792603991,-9.917582250678805,22.33144481626797,29.03272126495035,44.997924009746114,41.2576812480284
44,155.05430372437596,115.28725792603991,-9.917102141586284,22.33145026047516,29.029040428574337,44.997924009746114,42.284465771788575
44,155.05430372437596,115.28725792603991,-10.014515440761159,22.343793683699044,29.762414994646416,44.98446328214417,44.815914110026775
44,155.05430372437596,115.28725792603991,-9.911160758178895,22.356739977176847,28.980300580439657,44.99473476773474,43.06208697870407
44,155.05430372437596,115.28725792603991,-9.92057280860876,22.331681446018294,29.015729679004117,44.9580048130036,44.93112756207809
44,155.05430372437596,115.28725792603991,-10.014480261951107,22.34378844822515,29.76268625142339,44.98500424313157,42.578056910897075
44,155.05430372437596,115.28725792603991,-10.014515440761159,22.343793683699044,29.762414994646416,44.98446328214417,44.10207933619933
44,155.05430372437596,115.28725792603991,-10.01566057104391,22.343668327364906,29.7712402222262,44.984509177556205,44.090603226445076
44,152.4485520843018,123.07607796103161,-9.918158422228323,22.359295916188543,29.028660124197167,44.98944555377997,41.78786916872535
44,152.4485520843018,123.07607796103161,-9.911160758178895,22.356975611828805,28.980300580439657,44.99473476773474,41.73488979621104
44,155.05430372437596,115.28725792603991,-9.91784711439929,22.330905980058326,29.029040428574337,44.992212551513084,42.2474671657069
44,155.05430372437596,115.28725792603991,-10.015412279068677,22.343668327364906,29.769336650416086,44.984509177556205,44.10143255692469
44,155.05430372437596,115.28725792603991,-10.014530441053928,22.343668327364906,29.762575892303012,44.984509177556205,44.090603226445076
44,155.05430372437596,115.28725792603991,-10.014444880632368,22.34378844822515,29.762414994646416,44.98500424313157,43.939742086432894
44,155.05430372437596,115.28725792603991,-10.008171081302102,22.331708660731664,29.682623235769416,44.95331161245326,44.10460820899042
44,155.05430372437596,115.28725792603991,-10.00266699781492,22.33142794024417,29.643630666045134,44.95651701613071,44.91078258785669
44,155.05430372437596,115.28725792603991,-10.013273210870302,22.34378844822515,29.76268625142339,44.994258301417716,39.605218426193446
44,155.05430372437596,115.28725792603991,-10.03684164385541,22.343668327364906,29.771033825640668,44.82191455608247,44.05595103252393
44,155.05430372437596,115.28725792603991,-9.99791778086734,22.330913115717475,29.643630666045134,44.99292767939553,44.91078258785669
44,155.05430372437596,115.28725792603991,-9.922041646363216,22.33144863778072,29.029040428574337,44.960054473122995,44.943989002920006
44,155.05430372437596,115.28725792603991,-10.015577682993175,22.343668327364906,29.77062530679526,44.984529737180864,43.949379111850675
44,152.4485520843018,123.07607796103161,-9.892711751852204,22.358917859323913,28.833568984646927,44.98944555377997,41.78786916872535
44,157.09275366420508,72.133941534044,-10.368655209803975,24.374408827588258,29.762669626726083,42.26964635156226,44.07648249119451
44,152.4485520843018,123.07607796103161,-9.918158422228323,22.359295916188543,29.028660124197167,44.98944555377997,44.215390036803086
44,155.05430372437596,115.28725792603991,-9.938412967601941,22.330905980058326,29.186711969794647,44.992212551513084,44.68084087456891
44,152.4485520843018,123.07607796103161,-9.910739053796483,22.356975611828805,28.97396911411854,44.99163636834547,44.76028138986794
44,155.05430372437596,115.28725792603991,-9.994899773771813,22.330911424265512,29.619777483763688,44.992212551513084,42.26854830718987
44,157.09275366420508,72.133941534044,-10.366045266178766,24.374408827588258,29.762669501666423,42.28965579429586,43.55127339225709
44,155.05430372437596,115.28725792603991,-10.020704269713953,22.343668327364906,29.76307967544916,44.93768027430881,44.99440336989071
44,155.05430372437596,115.28725792603991,-9.998441702339989,22.330756701480137,29.643630666045134,44.98891094810521,43.222848787366075
44,155.05430372437596,115.28725792603991,-9.75239549383798,22.34355680284371,27.762760074915107,44.994394622157216,43.0382434131347
44,155.05430372437596,115.28725792603991,-10.015516719768492,22.34378998824542,29.770632428023358,44.98500424313157,43.27420988942174
44,155.05430372437596,115.28725792603991,-9.918732606840614,22.33144863778072,29.029040428574337,44.98542377612957,41.78786916872535
44,155.05430372437596,115.28725792603991,-10.014480261951107,22.34378844822515,29.76268625142339,44.98500424313157,43.92184565145746
44,6416.968067419712,0.0,-6.881495821802002,8.970067650180274,4.332352301180855,43.57421766736544,9.360047676126186
44,155.05430372437596,115.28725792603991,-9.995379882864334,22.330905980058326,29.6234583201397,44.992212551513084,42.26854830718987
44,155.05430372437596,115.28725792603991,-10.014530441053928,22.343668327364906,29.762575892303012,44.984509177556205,43.78783489495227
44,155.05430372437596,115.28725792603991,-9.911290722674707,22.329128333420982,28.980680884816827,44.99411867764403,44.32480348207769
44,155.05430372437596,115.28725792603991,-9.759644927765699,22.344323970288396,27.783959976034247,44.96001552983052,43.9438019799983
44,155.05430372437596,115.28725792603991,-9.912628621211141,22.330492708435635,28.989747108680973,44.99292767939553,44.91078258785669
44,152.4485520843018,123.07607796103161,-9.911160758178895,22.356975611828805,28.980300580439657,44.99473476773474,43.05701467126413
45,6416.968067419712,0.0,-6.881495821802002,7.30624182644606,4.332352301180855,43.57421766736544,9.360047676126186
45,6416.968067419712,0.0,-6.881495821802002,5.6379532712535045,4.332352301180855,43.57421766736544,9.360047676126186
45,152.4485520843018,123.07607796103161,-9.926451520121013,22.36193365348734,28.987211218336448,44.88441623074198,43.01682988049802
45,152.4485520843018,123.07607796103161,-9.939994912170498,22.36193365348734,29.029040428574337,44.82241276860051,41.78786916872535
45,157.09275366420508,72.133941534044,-10.364818398895004,24.332193735433954,29.76242220767397,42.29881448281226,43.12352510238887
45,157.09275366420508,72.133941534044,-10.366045266178766,24.374408827588258,29.762669501666423,42.28965579429586,43.569169827232514
45,155.05430372437596,115.28725792603991,-10.014480261951107,22.34378844822515,29.76268625142339,44.98500424313157,43.939742086432894
45,155.05430372437596,115.28725792603991,-9.92057280860876,22.331681446018294,29.015729679004117,44.9580048130036,44.88786056437212
45,155.05430372437596,115.28725792603991,-9.912628621211141,22.343446483842122,28.989747108680973,44.99292767939553,44.91078258785669
45,157.09275366420508,72.133941534044,-10.366045266178766,24.374408827588258,29.762669501666423,42.28965579429586,43.55127339225709
45,155.05430372437596,115.28725792603991,-9.995379882864334,22.330905980058326,29.6234583201397,44.992212551513084,42.26854830718987
45,155.05430372437596,115.28725792603991,-9.938412967601941,22.330905980058326,29.186711969794647,44.992212551513084,44.68084087456891
45,155.05430372437596,115.28725792603991,-10.00266699781492,22.33142794024417,29.643630666045134,44.95651701613071,44.91078258785669
45,155.05430372437596,115.28725792603991,-10.014515440761159,22.343793683699044,29.762414994646416,44.98446328214417,44.815914110026775
45,155.05430372437596,115.28725792603991,-10.015516719768492,22.34378998824542,29.770632428023358,44.98500424313157,43.27420988942174
45,155.05430372437596,115.28725792603991,-9.91784711439929,22.330905980058326,29.029040428574337,44.992212551513084,42.2474671657069
45,157.09275366420508,72.133941534044,-10.262578396440318,24.374408827588258,29.762669501666423,43.082901795623926,43.55127339225709
45,152.4485520843018,123.07607796103161,-9.910739053796483,22.356975611828805,28.97396911411854,44.99163636834547,44.76028138986794
45,155.05430372437596,115.28725792603991,-9.918158422228323,22.344013413821756,29.028660124197167,44.98944555377997,43.91846214861487
45,155.05430372437596,115.28725792603991,-10.014480261951107,22.34378844822515,29.76268625142339,44.98500424313157,43.92184565145746
45,155.05430372437596,115.28725792603991,-9.75239549383798,22.34355680284371,27.762760074915107,44.994394622157216,43.0382434131347
45,155.05430372437596,115.28725792603991,-9.759644927765699,22.344323970288396,27.783959976034247,44.96001552983052,43.9438019799983
45,155.05430372437596,115.28725792603991,-9.916879778980693,22.330804269563227,29.029040428574337,44.99962878972232,41.78786916872535
45,155.05430372437596,115.28725792603991,-10.03684164385541,22.343668327364906,29.771033825640668,44.82191455608247,44.05595103252393
45,152.4485520843018,123.07607796103161,-9.918158422228323,22.359295916188543,29.028660124197167,44.98944555377997,41.78786916872535
45,155.05430372437596,115.28725792603991,-10.020704269713953,22.343668327364906,29.76307967544916,44.93768027430881,44.99440336989071
45,155.05430372437596,115.28725792603991,-9.752716031409577,22.34355680284371,27.765217529630647,44.994394622157216,44.131105750913456
45,157.09275366420508,72.133941534044,-10.366045266178766,24.374408827588258,29.762669501666423,42.28965579429586,44.056289517177085
45,155.05430372437596,115.28725792603991,-10.014480261951107,22.34378844822515,29.76268625142339,44.98500424313157,43.33257490209782
45,155.05430372437596,115.28725792603991,-9.911290722674707,22.329128333420982,28.980680884816827,44.99411867764403,44.32480348207769
45,155.05430372437596,115.28725792603991,-10.008171081302102,22.331708660731664,29.682623235769416,44.95331161245326,44.10460820899042
45,152.4485520843018,123.07607796103161,-9.892711751852204,22.358917859323913,28.833568984646927,44.98944555377997,41.78786916872535
45,155.05430372437596,115.28725792603991,-9.92057280860876,22.331681446018294,29.015729679004117,44.9580048130036,44.93112756207809
45,157.09275366420508,72.133941534044,-10.372275357294136,24.374408827588258,29.810433533550906,42.28965579429586,43.9589425646202
45,155.05430372437596,115.28725792603991,-10.015516719768492,22.34378998824542,29.770632428023358,44.98500424313157,42.519691898220884
45,155.05430372437596,115.28725792603991,-9.918732606840614,22.33144863778072,29.029040428574337,44.98542377612957,41.78786916872535
45,155.05430372437596,115.28725792603991,-10.014530441053928,22.343668327364906,29.762575892303012,44.984509177556205,44.090603226445076
45,155.05430372437596,115.28725792603991,-10.014530441053928,22.343668327364906,29.762575892303012,44.984509177556205,43.12819946547891
45,6416.968067419712,0.0,-6.881495821802002,9.591021336556494,4.332352301180855,43.57421766736544,9.360047676126186
45,152.4485520843018,123.07607796103161,-9.911160758178895,22.356975611828805,28.980300580439657,44.99473476773474,41.73488979621104
45,155.05430372437596,115.28725792603991,-10.014480261951107,22.34378844822515,29.76268625142339,44.98500424313157,42.578056910897075
45,155.05430372437596,115.28725792603991,-9.748366228744409,22.344323970288396,27.736195944149763,44.99872152377593,43.53613280763518
45,155.05430372437596,115.28725792603991,-10.014515440761159,22.343793683699044,29.762414994646416,44.98446328214417,44.10207933619933
45,155.05430372437596,115.28725792603991,-9.998441702339989,22.330756701480137,29.643630666045134,44.98891094810521,43.222848787366075
45,157.09275366420508,72.133941534044,-10.368655209803975,24.374408827588258,29.762669626726083,42.26964635156226,44.07648249119451
45,155.05430372437596,115.28725792603991,-9.917582250678805,22.33144481626797,29.03272126495035,44.997924009746114,41.2576812480284
45,155.05430372437596,115.28725792603991,-10.015412279068677,22.343668327364906,29.769336650416086,44.984509177556205,44.10143255692469
45,155.05430372437596,115.28725792603991,-10.01826180019016,22.34378844822515,29.80256102841288,44.995887226954906,43.94871840573678
46,152.4485520843018,123.07607796103161,-9.955080161668768,22.36193365348734,28.987211218336448,44.66492997887587,44.29621069520499
46,6416.968067419712,0.0,-6.881495821802002,9.591021336556494,4.332352301180855,43.57421766736544,9.360047676126186
46,152.4485520843018,123.07607796103161,-9.926451520121013,22.36193365348734,28.987211218336448,44.88441623074198,43.01682988049802
46,6416.968067419712,0.0,-6.881495821802002,7.30624182644606,4.332352301180855,43.57421766736544,9.360047676126186
46,157.09275366420508,72.133941534044,-10.366045266178766,24.374408827588258,29.762669501666423,42.28965579429586,43.617288470423574
46,157.09275366420508,72.133941534044,-10.364818398895004,24.332193735433954,29.76242220767397,42.29881448281226,43.12352510238887
46,155.05430372437596,115.28725792603991,-10.014480261951107,22.34378844822515,29.76268625142339,44.98500424313157,43.939742086432894
46,155.05430372437596,115.28725792603991,-9.998871233992418,22.344505267795196,29.643630666045134,44.98561787210319,44.98856568486236
46,152.4485520843018,123.07607796103161,-9.892711751852204,22.358917859323913,28.833568984646927,44.98944555377997,41.78786916872535
46,152.4485520843018,123.07607796103161,-9.939994912170498,22.36193365348734,29.029040428574337,44.82241276860051,41.78786916872535
46,155.05430372437596,115.28725792603991,-10.014530441053928,22.343668327364906,29.762575892303012,44.984509177556205,44.090603226445076
46,157.09275366420508,72.133941534044,-10.366045266178766,24.374408827588258,29.762669501666423,42.28965579429586,44.056289517177085
46,155.05430372437596,115.28725792603991,-9.998441702339989,22.330756701480137,29.643630666045134,44.98891094810521,43.222848787366075
46,157.09275366420508,72.133941534044,-10.260464019917755,24.374408827588258,29.76275405786485,43.09919657182866,43.55127339225709
46,155.05430372437596,115.28725792603991,-9.985740669708079,22.331681446018294,29.515349947432227,44.9580048130036,44.39311983792235
46,157.09275366420508,72.133941534044,-10.365915665795761,24.374408827588258,29.762669501666423,42.29064939723223,44.34025319021245
46,155.05430372437596,115.28725792603991,-10.014530441053928,22.343668327364906,29.762575892303012,44.984509177556205,43.12819946547891
46,155.05430372437596,115.28725792603991,-9.913094641718082,22.34319026242309,28.989747108680973,44.989354855509,44.88640902097317
46,155.05430372437596,115.28725792603991,-10.015412279068677,22.343668327364906,29.769336650416086,44.984509177556205,44.10143255692469
46,155.05430372437596,115.28725792603991,-9.91784711439929,22.330905980058326,29.029040428574337,44.992212551513084,42.2474671657069
46,155.05430372437596,115.28725792603991,-9.759644927765699,22.344323970288396,27.783959976034247,44.96001552983052,43.9438019799983
46,155.05430372437596,115.28725792603991,-9.918158422228323,22.344013413821756,29.028660124197167,44.98944555377997,43.91846214861487
46,157.09275366420508,72.133941534044,-10.368655209803975,24.374408827588258,29.762669626726083,42.26964635156226,44.07648249119451
46,152.4485520843018,123.07607796103161,-9.910739053796483,22.356975611828805,28.97396911411854,44.99163636834547,44.76028138986794
46,155.05430372437596,115.28725792603991,-10.03684164385541,22.343668327364906,29.771033825640668,44.82191455608247,44.05595103252393
46,152.4485520843018,123.07607796103161,-9.911160758178895,22.356975611828805,28.980300580439657,44.99473476773474,41.73488979621104
46,157.09275366420508,72.133941534044,-10.372275357294136,24.374408827588258,29.810433533550906,42.28965579429586,43.9589425646202
46,155.05430372437596,115.28725792603991,-9.92057280860876,22.331681446018294,29.015729679004117,44.9580048130036,44.93112756207809
46,155.05430372437596,115.28725792603991,-10.020704269713953,22.343668327364906,29.76307967544916,44.93768027430881,44.99440336989071
46,155.05430372437596,115.28725792603991,-9.940008564509665,22.3309175792143,29.19894487942054,44.992212551513084,44.68084087456891
46,155.05430372437596,115.28725792603991,-10.014480261951107,22.34378844822515,29.76268625142339,44.98500424313157,43.33257490209782
46,155.05430372437596,115.28725792603991,-10.03684164385541,22.342307897735076,29.771033825640668,44.82191455608247,44.05595103252393
46,155.05430372437596,115.28725792603991,-9.911290722674707,22.329128333420982,28.980680884816827,44.99411867764403,44.32480348207769
46,155.05430372437596,115.28725792603991,-10.008171081302102,22.331708660731664,29.682623235769416,44.95331161245326,44.10460820899042
46,155.05430372437596,115.28725792603991,-10.014480261951107,22.34378844822515,29.76268625142339,44.98500424313157,43.92184565145746
46,155.05430372437596,115.28725792603991,-9.91784711439929,22.330905980058326,29.029040428574337,44.992212551513084,44.84022602975966
46,155.05430372437596,115.28725792603991,-10.022481765121249,22.34332421538684,29.797031678933198,44.9580048130036,44.956649580819025
46,155.05430372437596,115.28725792603991,-9.924426309587858,22.343512318656952,29.029040428574337,44.941772055067396,41.78786916872535
46,155.05430372437596,115.28725792603991,-9.916879778980693,22.330804269563227,29.029040428574337,44.99962878972232,41.78786916872535
46,155.05430372437596,115.28725792603991,-9.752716031409577,22.34355680284371,27.765217529630647,44.994394622157216,44.131105750913456
46,155.05430372437596,115.28725792603991,-9.918732606840614,22.33144863778072,29.029040428574337,44.98542377612957,41.78786916872535
46,152.4485520843018,123.07607796103161,-9.89224573134527,22.35917408074295,28.833568984646927,44.99301837766651,42.480428445252585
46,155.05430372437596,115.28725792603991,-9.938412967601941,22.330905980058326,29.186711969794647,44.992212551513084,44.68084087456891
46,155.05430372437596,115.28725792603991,-9.917582250678805,22.33144481626797,29.03272126495035,44.997924009746114,41.2576812480284
46,155.05430372437596,115.28725792603991,-9.75239549383798,22.34355680284371,27.762760074915107,44.994394622157216,43.0382434131347
46,155.05430372437596,115.28725792603991,-9.920221193576857,22.331681446018294,29.015729679004117,44.96070052824821,44.88786056437212
46,157.09275366420508,72.133941534044,-10.366045266178766,24.374408827588258,29.762669501666423,42.28965579429586,43.569169827232514
46,157.09275366420508,72.133941534044,-10.262578396440318,24.374408827588258,29.762669501666423,43.082901795623926,43.55127339225709
