generation,l_max_kg_per_m,s_max_kg_per_m,constraint,x_00,x_01,x_02,x_03
2,165.38884174968763,165.3888417496876,-9.242590874981193,44.45815376461322,23.31801713946907,25.258553918896496,23.2728432001381
2,6416.968067419717,0.0,-8.461834714765047,29.843298116270777,12.802421410129435,31.054356346178373,3.9284224927104727
2,6416.968067419717,0.0,-7.520225482591162,39.70579571047423,44.875682201309026,10.530744234507987,10.540774056693596
2,199.20589524388416,130.7531177893299,-11.095273997571006,27.096645447487184,31.492601970067874,31.303012351593075,38.23924503688197
2,168.1130608655306,168.11306086553068,-10.276841961667493,40.01974431430291,44.42378651958195,31.212908225699433,42.58554466143533
2,6416.968067419718,0.0,-8.655236487657945,40.55751741773528,35.76167257352539,10.11848564556966,3.606509014428715
2,4857.178992513984,149.35626813577272,-7.690133365618607,5.43155077478045,4.865151031063793,5.5116529279459225,38.553963791536525
2,4856.017517750737,152.64455789262317,-7.989976487132253,26.781895519368366,12.210499596874818,6.260444378483447,37.00395797713611
2,184.2012249162518,184.2012249162517,-10.534233436038356,40.665124370384696,29.427580713345467,30.013606354936844,33.96748599198445
2,6416.968067419719,0.0,-10.714479386901063,20.032156798019365,10.17649876426086,4.124005849996376,11.439348149419178
2,6416.968067419719,0.0,-8.442089124306236,30.672782767931093,3.395466054278921,8.166325349060166,4.624265090231482
2,5124.96453877049,155.52981563325935,-6.739852428375425,25.18166745964483,44.593705007780436,4.265906958658752,30.153652460358757
2,4599.690639516617,194.8368807672195,-8.358326944330688,30.193555848730764,39.41264781830504,11.493154391507042,33.83335730454639
2,201.93466680650528,201.9346668065054,-10.132589896220821,37.66136864596971,23.34455785032937,34.79519823870189,24.848620300644825
2,6416.96806741972,0.0,-8.539247382428574,39.839265006967274,37.684650606251594,11.15221387153737,5.8087360009441245
2,5376.6377668866,171.84255424857005,-6.71048592267158,8.985137547710885,44.66992228698659,4.116981027468792,23.63971448527838
2,5639.154103299679,167.78433742987372,-6.598538038061385,4.11421709380496,44.23079623114579,2.8195878562831713,19.944491280588043
2,317.165654343735,202.50261583087791,-9.836643825581454,17.130847303562625,33.716577974104794,40.12474781219473,31.650873306029712
2,4402.240599519246,202.01606576857714,-8.933370135294947,16.967766926052647,4.63416553561038,13.112754148765253,36.623583111503955
2,282.71352465778614,251.10645748883883,-8.876143410427282,16.60179775516829,40.551364941892416,35.678190568201344,44.53514437809413
2,6416.968067419721,0.0,-10.024865119843572,43.86570081464193,31.307090800725476,16.164390052859545,9.330792195463935
2,6416.968067419721,0.0,-7.232743954709903,42.1830018657548,22.727793490933358,40.63006341748021,4.08110040358953
2,3019.2077757077645,213.2553274498474,-8.756421826765049,32.8761172645212,8.008684603053247,28.10169182284409,43.00392600648413
2,739.5745937785291,217.91440336213756,-7.9851657011709705,8.665209463983397,39.44560575500595,36.48587906463942,28.347734974574237
2,352.7587775601712,247.29289021557955,-8.904487596528167,16.89744675426732,31.639968013586255,42.198974993850754,18.46671323390007
2,6416.968067419722,0.0,-6.823914798047522,16.158492184307782,18.268437789630077,42.29959054567229,2.616270664036701
2,901.315119458412,304.8077043408184,-10.611201647127086,12.736115625847068,23.38356966453939,26.30826879287761,36.776800525579816
2,4082.087921685498,274.8955273241031,-10.433311001671672,7.550947488122909,9.646467999587706,15.783602828206723,27.79488514872389
2,5815.666006031274,267.7825020728407,-8.331879413110642,44.73438659866736,16.61212876584899,7.8302718235754405,17.049862579158024
2,375.32670527963205,357.77813187477744,-9.311248752534723,37.595872491077166,28.124687777779457,37.295783727850896,16.682024163950473
2,6416.968067419724,0.0,-9.855768393431024,37.47741016331253,30.377842988583595,27.750634395256096,11.311525411560632
2,6416.968067419724,0.0,-7.559473557329039,24.968826401671095,34.73514961446194,44.33714546391757,10.293109403440248
2,6416.968067419724,0.0,-8.521694218627484,23.307904944249668,42.80281102713141,36.72244441870477,10.055433428182212
2,1938.1811292956913,314.7020623256689,-8.6186992749576,3.221643067657822,17.82723728848577,43.75054284714414,28.58933852452306
2,4723.024911366732,287.04539269449776,-8.072724262926114,4.105551000179707,34.21466498441282,10.836661402017983,29.383697082125316
2,5276.040231222942,283.87433677079326,-8.862782876194775,39.10672115782936,30.164171057125916,6.11217310795257,23.660336591269285
2,995.3930489223651,427.7153443070884,-8.463200657833756,7.458824675831178,34.57428629910568,26.143868517817477,20.9528385477366
2,6416.968067419726,0.0,-7.573287185505741,44.99667201268954,15.649159185424217,37.736159663828666,3.798028086039413
2,3269.581943270549,326.1318635279429,-9.737641463283111,5.845629075957697,6.961240475529753,24.305989257025868,22.66660820603386
2,2291.1710391911056,418.8790515146128,-10.474016376073024,12.37613079968293,15.357152556747,18.851447849859042,30.55065563329915
2,4770.644579428514,303.9698317608024,-7.245292705330911,17.286393558732797,35.10718918565168,6.57863447952678,43.031390405323066
2,1153.834551984021,613.0176146193662,-9.913921303825699,31.509065189053477,15.515795185050521,27.584018652333402,26.98939701314815
2,6416.968067419723,505.4700818386572,-9.365354078302442,28.851415449090894,42.362600151298636,34.008802650548134,13.809850584200232
2,1207.5614896333038,693.5722795669391,-9.511903880323509,17.823616229007335,15.997897554413594,22.437172596067697,41.51257618025408
2,4608.1779372637975,726.9659306353434,-10.090354732251875,39.33820857504749,25.632186530890962,12.52375566042376,27.16436937982604
2,2773.476437653321,2593.6754842252903,-9.16783867262609,18.51239919275179,33.95715390437308,13.805999896543463,35.51923673974338
2,3113.499125267041,2753.227184571835,-8.207842783191644,35.08582119652305,14.572985711840433,15.620885667572963,44.69409099643697
2,4809.1020663345025,4201.804551354102,-8.331977727430235,7.055853585342603,32.37955345652679,42.551872665160914,14.43036857545944
3,164.50524931613944,85.49943023063645,-8.942835010918884,27.278608748093117,31.492601970067874,43.75174981012092,20.31348489383243
3,159.60407570853278,159.60407570853275,-9.271379181654218,44.85724166180271,23.9378153878184,25.258553918896496,23.632028724801785
3,6416.968067419716,0.0,-8.441483187569503,30.956229762990688,11.469607175527521,31.210384721344234,3.9284224927104727
3,199.20589524388416,130.7531177893299,-11.095273997571006,27.096645447487184,31.492601970067874,31.303012351593075,38.23924503688197
3,4603.028150985237,105.30860067408518,-7.5082626580467675,39.70579571047423,13.168276613813273,10.530744234507987,44.96739718948267
3,169.8036185731719,141.50301547764323,-10.448307923917291,31.509065189053477,43.135503277098934,31.239197360464864,25.501325129660877
3,165.38884174968763,165.3888417496876,-9.242590874981193,44.45815376461322,23.31801713946907,25.258553918896496,23.2728432001381
3,6416.968067419717,0.0,-8.461834714765047,29.843298116270777,12.802421410129435,31.054356346178373,3.9284224927104727
3,6416.968067419717,0.0,-7.520225482591162,39.70579571047423,44.875682201309026,10.530744234507987,10.540774056693596
3,6416.968067419717,0.0,-7.923323402070928,25.222863351162605,4.975139359788802,36.22965994391162,11.369374264217877
3,6416.968067419717,0.0,-9.24307252489228,39.70579571047423,31.667188210333816,10.530744234507987,10.540774056693596
3,4857.491101024872,108.34589191541747,-7.119753419076183,5.234678863041767,42.64990265012432,6.022445034878086,38.553963791536525
3,4857.178992513984,149.35626813577272,-7.690133365618607,5.43155077478045,4.865151031063793,5.5116529279459225,38.553963791536525
3,4856.017517750737,152.64455789262317,-7.989976487132253,26.781895519368366,12.210499596874818,6.260444378483447,37.00395797713611
3,168.1130608655306,168.11306086553068,-10.276841961667493,40.01974431430291,44.42378651958195,31.212908225699433,42.58554466143533
3,168.1130608655306,168.11306086553068,-10.45198968045635,40.01974431430291,43.31387775998733,31.445798643486086,42.58554466143533
3,6416.968067419718,0.0,-8.655236487657945,40.55751741773528,35.76167257352539,10.11848564556966,3.606509014428715
3,6416.968067419718,0.0,-8.491001983659075,30.297784179559308,3.395466054278921,8.169074751708731,4.624265090231482
3,5124.96453877049,155.52981563325935,-6.739852428375425,25.18166745964483,44.593705007780436,4.265906958658752,30.153652460358757
3,4866.5053196260415,170.0284439851972,-8.442509372397502,18.501331989437052,35.81205539994564,8.537960588326545,31.650873306029712
3,177.06447873075922,177.06447873075922,-10.482777175282024,41.98263531772587,30.350593661554758,30.02786856625936,37.39796980437369
3,177.06447873075922,177.06447873075922,-9.461042236203156,42.1830018657548,22.71765900997901,34.85747732416811,24.771220336664328
3,6416.968067419719,0.0,-10.714479386901063,20.032156798019365,10.17649876426086,4.124005849996376,11.439348149419178
3,6416.968067419719,0.0,-8.442089124306236,30.672782767931093,3.395466054278921,8.166325349060166,4.624265090231482
3,6416.968067419719,0.0,-8.215360455117008,35.08582119652305,44.86303811065091,15.847468266548038,6.678432711386865
3,6416.968067419719,0.0,-10.754958249321282,19.762301966521193,11.758183744649099,4.117559649148865,13.662879737685675
3,6416.968067419719,0.0,-6.779512586841157,43.86570081464193,3.8419639804241488,8.063887286391697,4.135378283647425
3,6416.968067419719,0.0,-10.577299646792532,21.08386813885142,10.17649876426086,4.121257121364669,11.439348149419178
3,6416.968067419719,0.0,-8.44216739358285,30.67218270347706,3.395466054278921,8.166325349060166,2.5491577925804094
3,5639.154103299679,167.78433742987372,-6.598538038061385,4.11421709380496,44.23079623114579,2.8195878562831713,19.944491280588043
3,5376.6377668866,171.84255424857005,-6.71048592267158,8.985137547710885,44.66992228698659,4.116981027468792,23.63971448527838
3,184.2012249162518,184.2012249162517,-10.534233436038356,40.665124370384696,29.427580713345467,30.013606354936844,33.96748599198445
3,6416.96806741972,0.0,-8.539247382428574,39.839265006967274,37.684650606251594,11.15221387153737,5.8087360009441245
3,5376.637766886601,171.84255424857005,-6.696682175268879,9.254992722283088,44.78219721792146,4.123427228316303,23.63971448527838
3,4599.690639516617,194.8368807672195,-8.358326944330688,30.193555848730764,39.41264781830504,11.493154391507042,33.83335730454639
3,201.93466680650528,201.9346668065054,-10.132589896220821,37.66136864596971,23.34455785032937,34.79519823870189,24.848620300644825
3,4599.690639516617,194.8368807672195,-8.358326944330688,30.194155913184797,39.41264781830504,11.493154391507042,33.83335730454639
3,201.93466680650528,201.9346668065054,-10.092654328807296,37.595872491077166,28.124687777779457,38.21436424534353,23.591380766199496
3,6416.968067419721,0.0,-10.024865119843572,43.86570081464193,31.307090800725476,16.164390052859545,9.330792195463935
3,6416.968067419721,0.0,-7.232743954709903,42.1830018657548,22.727793490933358,40.63006341748021,4.08110040358953
3,6416.968067419721,0.0,-8.539247382428574,41.203188126739896,37.684650606251594,11.15221387153737,5.8087360009441245
3,6416.968067419721,0.0,-10.459836377544882,34.94390166711068,28.074749305279052,16.26682819978982,9.819701131086976
3,6416.968067419721,0.0,-7.242687256802704,41.99859218338888,20.574933831758912,40.39788269886749,3.9251516676882847
3,6416.968067419722,0.0,-6.823914798047522,16.158492184307782,18.268437789630077,42.29959054567229,2.616270664036701
3,282.71352465778614,251.10645748883883,-8.876143410427282,16.60179775516829,40.551364941892416,35.678190568201344,44.53514437809413
3,6416.968067419722,0.0,-6.939738313705028,8.665209463983397,39.44560575500595,42.169941331800814,3.374601736872771
3,4402.240599519246,202.01606576857714,-8.933370135294947,16.967766926052647,4.63416553561038,13.112754148765253,36.623583111503955
3,317.165654343735,202.50261583087791,-9.836643825581454,17.130847303562625,33.716577974104794,40.12474781219473,32.139323185810326
4,161.8097072392023,81.23588868678,-8.942835010918884,25.22600630649994,31.492601970067874,43.75174981012092,20.31348489383243
4,6416.968067419714,0.0,-8.977124015739793,30.692076436361493,31.341707895055062,8.166325349060166,2.114987987917062
4,6416.968067419714,0.0,-8.217425866917587,40.13596158813885,11.136226567840392,27.20690451370947,3.586092189675733
4,6416.968067419714,0.0,-9.807667237994714,19.830635084124715,20.863645009898946,4.05576050119179,13.662879737685675
4,159.45822102719848,159.4582210271985,-10.279191427369668,43.65136588323777,43.69061593458777,30.497750211088594,42.58554466143533
4,164.50524931613944,85.49943023063645,-8.942835010918884,27.278608748093117,31.492601970067874,43.75174981012092,20.31348489383243
4,6416.968067419715,0.0,-9.182257288551163,32.22377327727126,11.469607175527521,31.136543450456884,9.533849329349191
4,6416.968067419715,0.0,-7.494858935395701,41.92267649704945,8.566966061086607,38.4645664963212,3.9251516676882847
4,6416.968067419715,0.0,-8.112776680750333,40.55751741773528,38.462903354602176,8.660857907021459,3.6386665641506033
4,159.60407570853278,159.60407570853275,-9.271379181654218,44.85724166180271,23.9378153878184,25.258553918896496,23.632028724801785
4,159.60407570853278,159.60407570853275,-9.271067302436862,44.859632735802435,23.9378153878184,25.757287572257727,23.632028724801785
4,199.20589524388416,130.7531177893299,-11.095273997571006,27.096645447487184,31.492601970067874,31.303012351593075,38.23924503688197
4,4603.028150985237,105.30860067408518,-7.5082626580467675,39.70579571047423,13.168276613813273,10.530744234507987,44.96739718948267
4,169.8036185731719,141.50301547764323,-10.448307923917291,31.509065189053477,43.135503277098934,31.239197360464864,25.501325129660877
4,6416.968067419716,0.0,-8.441483187569503,30.956229762990688,11.469607175527521,31.210384721344234,3.9284224927104727
4,6416.968067419716,0.0,-8.539185007128221,30.28855976326381,12.802421410129435,31.054356346178373,4.5214414008281265
4,6416.968067419716,0.0,-8.789717361148789,30.197253200905774,12.802421410129435,31.054356346178373,6.4421894483191275
4,162.6076909145094,162.60769091450948,-10.547605290441574,40.01974431430291,44.42378651958195,33.28876041296741,44.41791231154252
4,4857.491101024872,108.34589191541747,-7.119753419076183,5.234678863041767,42.64990265012432,6.022445034878086,38.553963791536525
4,177.06447873075922,147.55373227563268,-10.5206962169881,31.482904691719185,41.78650664708754,30.445177643996317,25.98165555147836
4,6416.968067419717,0.0,-8.461834714765047,29.843298116270777,12.802421410129435,31.054356346178373,3.9284224927104727
4,6416.968067419717,0.0,-7.520225482591162,39.70579571047423,44.875682201309026,10.530744234507987,10.540774056693596
4,6416.968067419717,0.0,-7.923323402070928,25.222863351162605,4.975139359788802,36.22965994391162,11.369374264217877
4,6416.968067419717,0.0,-9.24307252489228,39.70579571047423,31.667188210333816,10.530744234507987,10.540774056693596
4,165.38884174968763,165.3888417496876,-9.242590874981193,44.45815376461322,23.31801713946907,25.258553918896496,23.2728432001381
4,165.38884174968763,165.3888417496876,-9.323605017508072,43.23668720908377,22.71765900997901,35.153621637929746,25.434785989613168
4,165.38884174968763,165.3888417496876,-9.227370906713986,44.45815376461322,23.201330716087128,25.258553918896496,23.2728432001381
4,4858.382626800938,117.83094960807666,-7.180135343301082,39.70579571047423,13.168276613813273,6.084857207219752,43.03715290857801
4,4857.178992513984,149.35626813577272,-7.690133365618607,5.43155077478045,4.865151031063793,5.5116529279459225,38.553963791536525
4,4856.017517750737,152.64455789262317,-7.989976487132253,26.781895519368366,12.210499596874818,6.260444378483447,37.00395797713611
4,675.4368698523796,153.72991781889553,-7.306023150659513,8.667115065640093,44.65427091058373,35.678190568201344,43.85169879362221
4,6416.968067419718,0.0,-8.655236487657945,40.55751741773528,35.76167257352539,10.11848564556966,3.606509014428715
4,6416.968067419718,0.0,-8.491001983659075,30.297784179559308,3.395466054278921,8.169074751708731,4.624265090231482
4,6416.968067419718,0.0,-8.491001983659075,30.297784179559308,3.395466054278921,10.115321778877217,4.624265090231482
4,6416.968067419718,0.0,-8.586902683309141,39.715358658758824,37.31929329950057,11.15221387153737,5.8087360009441245
4,6416.968067419718,0.0,-8.491001983659075,30.297784179559308,3.395466054278921,8.169074751708731,3.5394439449249218
4,168.1130608655306,168.11306086553068,-10.276841961667493,40.01974431430291,44.42378651958195,31.212908225699433,42.58554466143533
4,168.1130608655306,168.11306086553068,-10.45198968045635,40.01974431430291,43.31387775998733,31.445798643486086,42.58554466143533
4,168.1130608655306,168.11306086553068,-10.563448662856345,42.76472891007257,31.751168658637887,28.537055245225595,34.6292445970065
4,6416.968067419719,0.0,-7.566945881828762,29.286398425352257,44.51749247382074,10.530744234507987,10.514268592518642
4,176.68398341570227,176.68398341570236,-10.291357949788683,36.734634855955704,39.39879607837052,31.212908225699433,44.31249727731948
4,6416.968067419719,0.0,-10.714479386901063,20.032156798019365,10.17649876426086,4.124005849996376,11.439348149419178
4,5124.9645387704895,155.52981563325935,-6.739852428375425,27.234269901238008,44.593705007780436,4.265906958658752,30.153652460358757
4,4866.5053196260415,170.0284439851972,-8.442509372397502,18.501331989437052,35.81205539994564,8.537960588326545,31.650873306029712
4,6416.968067419719,0.0,-8.442089124306236,30.672782767931093,3.395466054278921,8.166325349060166,4.624265090231482
4,6416.968067419719,0.0,-6.779512586841157,43.86570081464193,3.8419639804241488,8.063887286391697,4.135378283647425
4,6416.968067419719,0.0,-8.215360455117008,35.08582119652305,44.86303811065091,15.847468266548038,6.678432711386865
4,6416.968067419719,0.0,-10.577299646792532,21.08386813885142,10.17649876426086,4.121257121364669,11.439348149419178
5,161.8097072392023,81.23588868678,-8.942835010918884,25.22600630649994,31.492601970067874,43.75174981012092,20.31348489383243
5,159.45822102719848,159.4582210271985,-10.279191427369668,43.65136588323777,43.69061593458777,30.497750211088594,42.58554466143533
5,159.60407570853278,131.29876280047625,-10.131184964555779,31.351749125702796,44.67061000443632,30.343028066030662,23.2728432001381
5,6416.968067419713,0.0,-8.112776680750333,18.08475290172823,38.462903354602176,8.660857907021459,3.6386665641506033
5,159.45822102719848,159.4582210271985,-10.614555646634066,43.65136588323777,40.38022710603505,31.9638046189632,42.58554466143533
5,164.50524931613944,85.49943023063645,-8.942835010918884,27.278608748093117,31.492601970067874,43.75174981012092,20.31348489383243
5,6416.968067419714,0.0,-8.977124015739793,30.692076436361493,31.341707895055062,8.166325349060166,2.114987987917062
5,6416.968067419714,0.0,-8.217425866917587,40.13596158813885,11.136226567840392,27.20690451370947,3.586092189675733
5,6416.968067419714,0.0,-9.807667237994714,19.830635084124715,20.863645009898946,4.05576050119179,13.662879737685675
5,6416.968067419714,0.0,-9.006512376998257,30.692076436361493,31.122268783143912,8.172197006797267,2.114987987917062
5,6416.968067419714,0.0,-8.939207881563139,30.692076436361493,31.632398257076048,8.166325349060166,2.0069503802750885
5,159.60407570853278,159.60407570853275,-9.271379181654218,44.85724166180271,23.9378153878184,25.258553918896496,23.632028724801785
5,159.60407570853278,159.60407570853275,-9.271067302436862,44.859632735802435,23.9378153878184,25.757287572257727,23.632028724801785
5,159.60407570853278,159.60407570853275,-10.329058943761439,44.859632735802435,38.075302289234145,25.2647541914052,23.664093002959383
5,159.60407570853278,159.60407570853275,-8.860568876197139,44.64372674550775,20.574754796352508,25.360703496862143,25.98165555147836
5,159.60407570853278,159.60407570853275,-9.191955298597136,44.087122029432244,22.55877931867697,25.252727101737122,23.632028724801785
5,168.1130608655276,133.0895065185427,-10.371384144265754,30.24645100338425,42.73250589734678,31.212908225699433,42.948946282570475
5,4869.331464023891,96.4042641696326,-8.160033249822188,4.472770143101871,4.857135324812379,7.942333040667474,37.382078125364
5,180.88900160172233,97.60886481078299,-8.997782918459794,27.29954252417548,31.492601970067874,43.632161621610074,20.615163996468553
5,6416.968067419715,0.0,-9.182257288551163,32.22377327727126,11.469607175527521,31.136543450456884,9.533849329349191
5,6416.968067419715,0.0,-7.494858935395701,41.92267649704945,8.566966061086607,38.4645664963212,3.9251516676882847
5,6416.968067419715,0.0,-8.112776680750333,40.55751741773528,38.462903354602176,8.660857907021459,3.6386665641506033
5,6416.968067419715,0.0,-8.23231480468926,39.70579571047423,10.820209213091898,10.530744234507987,3.33817806357466
5,6416.968067419715,0.0,-7.814206879546205,43.56068776567325,11.469607175527521,25.235697480677405,9.533849329349191
5,6416.968067419715,0.0,-9.032125410189195,36.785968031897454,14.032262843347958,7.936485927824095,5.671659592355667
5,6416.968067419715,0.0,-9.183601251884593,32.10292105916669,11.469607175527521,31.12623973156726,9.533849329349191
5,6416.968067419715,0.0,-6.628131643691102,27.234269901238008,43.64700443135099,2.462680366316201,3.695541628222898
5,6416.968067419715,0.0,-9.843448213515302,39.715358658758824,23.181794962376138,11.644747734016377,5.777723235741735
5,6416.968067419715,0.0,-8.539568101762772,39.70889770223125,13.178919815745852,30.693004006906243,6.59491827739992
5,159.97635684231136,159.97635684231136,-10.548949253775007,40.14059599135812,44.42378651958195,33.29906413185703,44.41791231154252
5,159.97635684231136,159.97635684231136,-11.030126542635976,40.01974431430291,44.42378651958195,36.98809001312445,44.41791231154252
5,159.97635684231136,159.97635684231136,-10.271069326577283,39.87806058174196,44.4680433886069,31.212908225699433,42.047960063021804
5,159.97635684231136,159.97635684231136,-10.420450271946962,39.77500702938353,44.8451461785644,32.7352649301578,44.66671801409865
5,169.8036185731719,141.50301547764323,-10.448307923917291,31.509065189053477,43.135503277098934,31.239197360464864,25.501325129660877
5,4591.044955655419,97.8887977696315,-7.577974237486416,43.82537166126079,44.49387971630387,10.591682203699794,42.75562489018108
5,193.7237266950291,104.93368529314075,-9.416265868521354,27.278608748093117,31.449814966992086,40.12211323516866,20.31348489383243
5,6416.968067419716,0.0,-8.441483187569503,30.956229762990688,11.469607175527521,31.210384721344234,3.9284224927104727
5,6416.968067419716,0.0,-8.539185007128221,30.28855976326381,12.802421410129435,31.054356346178373,4.5214414008281265
5,6416.968067419716,0.0,-8.789717361148789,30.197253200905774,12.802421410129435,31.054356346178373,6.4421894483191275
5,6416.968067419716,0.0,-7.570614348469423,41.354100225197655,7.815048480795575,38.4645664963212,4.505943167920172
5,6416.968067419716,0.0,-9.914728662196362,19.809701308042342,20.037436570455288,4.050356313960762,13.361200635076994
5,162.6076909145094,162.60769091450948,-10.547605290441574,40.01974431430291,44.42378651958195,33.28876041296741,44.41791231154252
5,6416.968067419717,0.0,-8.461834714765047,29.843298116270777,12.802421410129435,31.054356346178373,3.9284224927104727
5,165.38884174968763,165.3888417496876,-9.227370906713986,44.45815376461322,23.201330716087128,25.23098546696024,23.2728432001381
5,6416.968067419717,0.0,-7.452228713514028,39.84138588951456,4.975139359788802,36.33961962778309,10.025480607308927
5,165.38884174968763,165.3888417496876,-9.242590874981193,44.45815376461322,23.31801713946907,25.258553918896496,23.2728432001381
5,4603.028150985237,105.30860067408518,-7.5082626580467675,39.70579571047423,13.168276613813273,10.530744234507987,44.96739718948267
5,199.20589524388416,130.7531177893299,-11.095273997571006,27.096645447487184,31.492601970067874,31.303012351593075,38.23924503688197
6,159.45822102719848,159.4582210271985,-10.279191427369668,43.65136588323777,43.69061593458777,30.497750211088594,42.58554466143533
6,159.60407570853278,131.29876280047625,-10.131184964555779,31.351749125702796,44.67061000443632,30.343028066030662,23.2728432001381
6,6416.968067419713,0.0,-8.112776680750333,18.08475290172823,38.462903354602176,8.660857907021459,3.6386665641506033
6,159.45822102719848,159.4582210271985,-10.614555646634066,43.65136588323777,40.38022710603505,31.9638046189632,42.58554466143533
6,159.45822102719848,159.4582210271985,-10.42333115865042,43.65136588323777,34.60211650911419,30.497750211088594,42.58554466143533
6,159.45822102719848,159.4582210271985,-10.855756465676563,43.65136588323777,40.38022710603505,32.38176793005489,41.154301693201205
6,6416.968067419713,0.0,-8.052163510396007,42.35916768504398,12.092421264746728,31.56677883494243,4.776979482431068
6,6416.968067419713,0.0,-7.200438881607187,39.70889770223125,10.638110857499662,43.17709904299821,6.380463801986713
6,160.78800733376025,79.98817842115568,-10.591538435581747,27.278608748093117,32.30500206408758,43.103207391294134,38.46311392377261
6,159.60407570853278,131.29876280047625,-9.315930680695665,31.351749125702796,44.781299778873944,43.85070798147126,23.2728432001381
6,6416.968067419714,0.0,-8.977124015739793,30.692076436361493,31.341707895055062,8.166325349060166,2.114987987917062
6,6416.968067419714,0.0,-8.217425866917587,40.13596158813885,11.136226567840392,27.20690451370947,3.586092189675733
6,6416.968067419714,0.0,-9.807667237994714,19.830635084124715,20.863645009898946,4.05576050119179,13.662879737685675
6,6416.968067419714,0.0,-9.006512376998257,30.692076436361493,31.122268783143912,8.172197006797267,2.114987987917062
6,6416.968067419714,0.0,-8.939207881563139,30.692076436361493,31.632398257076048,8.166325349060166,2.0069503802750885
6,6416.968067419714,0.0,-10.44865398486444,30.692076436361493,19.99410232747729,8.100449544771372,9.874974664615847
6,6416.968067419714,0.0,-8.40528268667181,19.809701308042342,31.675732498963875,4.116233096781153,2.210872082191332
6,161.8097072392023,81.23588868678,-8.942835010918884,25.22600630649994,31.492601970067874,43.75174981012092,20.31348489383243
6,159.60407570853278,159.60407570853275,-9.271379181654218,44.85724166180271,23.9378153878184,25.258553918896496,23.632028724801785
6,159.60407570853278,159.60407570853275,-9.271067302436862,44.859632735802435,23.9378153878184,25.757287572257727,23.632028724801785
6,159.60407570853278,159.60407570853275,-10.329058943761439,44.859632735802435,38.075302289234145,25.2647541914052,23.664093002959383
6,159.60407570853278,159.60407570853275,-8.860568876197139,44.64372674550775,20.574754796352508,25.360703496862143,25.98165555147836
6,159.60407570853278,159.60407570853275,-9.191955298597136,44.087122029432244,22.55877931867697,25.252727101737122,23.632028724801785
6,159.60407570853278,159.60407570853275,-9.796996797554971,44.09431175430014,40.38022710603505,25.251384447990425,42.14107566673562
6,159.60407570853278,159.60407570853275,-8.798800072045672,44.18515423278168,19.64262145179852,31.965147272708883,24.06897009879608
6,159.60407570853278,159.60407570853275,-8.982351828207484,44.85724166180271,21.721939011393456,24.840590607791388,23.632028724801785
6,159.60407570853278,159.60407570853275,-8.845057204979152,44.67146667811939,20.483571916292913,25.233870885199654,23.24478513917266
6,6416.968067419715,0.0,-8.168714586917304,40.50941473480769,11.136226567840392,27.20690451370947,3.0892219724771937
6,6416.968067419715,0.0,-9.182257288551163,32.22377327727126,11.469607175527521,31.136543450456884,9.533849329349191
6,159.97635684231136,159.97635684231136,-10.412710866270181,40.101648224886816,44.93401116074649,32.76479446881791,44.424490840490506
6,159.97635684231136,159.97635684231136,-10.548949253775007,40.14059599135812,44.42378651958195,33.29906413185703,44.41791231154252
6,164.50524931613944,85.49943023063645,-8.942835010918884,27.278608748093117,31.492601970067874,43.75174981012092,20.31348489383243
6,164.2396956987027,135.93909260317403,-10.32964416932009,30.683002228601953,43.164646157743555,31.13614051699306,43.942201885538985
6,6416.968067419715,0.0,-7.494858935395701,41.92267649704945,8.566966061086607,38.4645664963212,3.9251516676882847
6,159.97635684231136,159.97635684231136,-10.264288660083658,39.87806058174196,44.52002849839137,31.212908225699433,42.047960063021804
6,6416.968067419715,0.0,-8.539568101762772,39.70889770223125,13.178919815745852,30.693004006906243,6.59491827739992
6,159.97635684231136,159.97635684231136,-10.271069326577283,39.87806058174196,44.4680433886069,31.212908225699433,42.047960063021804
6,6416.968067419715,0.0,-8.112776680750333,40.55751741773528,38.462903354602176,8.660857907021459,3.6386665641506033
6,159.97635684231136,159.97635684231136,-11.030126542635976,40.01974431430291,44.42378651958195,36.98809001312445,44.41791231154252
6,6416.968067419715,0.0,-8.23231480468926,39.70579571047423,10.820209213091898,12.197314632943748,2.1321658302493027
6,6416.968067419715,0.0,-9.292934856294291,32.22377327727126,11.469607175527521,31.136543450456884,11.407451032776464
6,6416.968067419715,0.0,-9.032125410189195,36.785968031897454,14.032262843347958,7.936485927824095,5.671659592355667
6,6416.968067419715,0.0,-9.183601251884593,32.10292105916669,11.469607175527521,31.12623973156726,9.533849329349191
6,6416.968067419715,0.0,-6.628131643691102,27.234269901238008,43.64700443135099,2.462680366316201,3.695541628222898
6,159.97635684231136,159.97635684231136,-10.420450271946962,39.77500702938353,44.8451461785644,32.7352649301578,44.66671801409865
6,6416.968067419715,0.0,-7.814206879546205,43.56068776567325,11.469607175527521,25.235697480677405,9.533849329349191
6,6416.968067419715,0.0,-9.843448213515302,39.715358658758824,23.181794962376138,11.644747734016377,5.777723235741735
6,6416.968067419715,0.0,-8.23231480468926,39.70579571047423,10.820209213091898,10.530744234507987,3.33817806357466
7,159.45822102719848,159.4582210271985,-10.279191427369668,43.65136588323777,43.69061593458777,30.497750211088594,42.58554466143533
7,159.60407570853278,131.29876280047625,-10.131184964555779,31.351749125702796,44.67061000443632,30.343028066030662,23.2728432001381
7,6416.968067419713,0.0,-8.112776680750333,18.08475290172823,38.462903354602176,8.660857907021459,3.6386665641506033
7,159.45822102719848,159.4582210271985,-10.614555646634066,43.65136588323777,40.38022710603505,31.9638046189632,42.58554466143533
7,159.45822102719848,159.4582210271985,-10.42333115865042,43.65136588323777,34.60211650911419,30.497750211088594,42.58554466143533
7,159.45822102719848,159.4582210271985,-10.855756465676563,43.65136588323777,40.38022710603505,32.38176793005489,41.154301693201205
7,6416.968067419713,0.0,-8.052163510396007,42.35916768504398,12.092421264746728,31.56677883494243,4.776979482431068
7,6416.968067419713,0.0,-7.200438881607187,39.70889770223125,10.638110857499662,43.17709904299821,6.380463801986713
7,159.60407570853278,131.29876280047625,-9.315930680695665,31.351749125702796,44.781299778873944,43.85070798147126,23.2728432001381
7,159.45822102719848,159.4582210271985,-10.89876654286904,43.566671039150854,40.38022710603505,32.71151185519721,41.154301693201205
7,159.60407570853278,131.29876280047625,-9.842510124185551,31.49490902953108,44.23586793478322,42.72884025575636,26.188084541178995
7,159.45822102719848,159.4582210271985,-9.759584017879934,43.65136588323777,34.60211650911419,25.409022131848214,42.58554466143533
7,6416.968067419713,0.0,-8.112776680750333,40.71949220403273,38.462903354602176,8.660857907021459,3.6386665641506033
7,160.78800733376025,79.2950251479815,-10.568244347801553,27.278608748093117,32.126414057772735,43.103207391294134,44.01804822587456
7,159.60407570853278,159.60407570853275,-9.271379181654218,44.85724166180271,23.9378153878184,25.258553918896496,23.632028724801785
7,159.60407570853278,159.60407570853275,-9.271067302436862,44.859632735802435,23.9378153878184,25.757287572257727,23.632028724801785
7,159.60407570853278,159.60407570853275,-10.329058943761439,44.859632735802435,38.075302289234145,25.2647541914052,23.664093002959383
7,159.60407570853278,159.60407570853275,-8.860568876197139,44.64372674550775,20.574754796352508,25.360703496862143,25.98165555147836
7,159.60407570853278,159.60407570853275,-9.191955298597136,44.087122029432244,22.55877931867697,25.252727101737122,23.632028724801785
7,159.60407570853278,159.60407570853275,-9.796996797554971,44.09431175430014,40.38022710603505,25.251384447990425,42.14107566673562
7,159.60407570853278,159.60407570853275,-8.798800072045672,44.18515423278168,19.64262145179852,31.965147272708883,24.06897009879608
7,159.60407570853278,159.60407570853275,-8.982351828207484,44.85724166180271,21.721939011393456,24.840590607791388,23.632028724801785
7,159.60407570853278,159.60407570853275,-8.845057204979152,44.67146667811939,20.483571916292913,25.233870885199654,23.24478513917266
7,159.60407570853278,159.60407570853275,-9.27523099948018,44.827711058470335,23.9378153878184,25.757287572257727,23.632028724801785
7,159.60407570853278,159.60407570853275,-10.206786669330981,44.731417601156195,44.67061000443632,30.9226411359739,23.2728432001381
7,159.60407570853278,159.60407570853275,-9.191955298597136,44.087122029432244,22.55877931867697,25.252727101737122,19.118416092843376
7,159.60407570853278,159.60407570853275,-9.443321870358275,44.09431175430014,40.38022710603505,25.251384447990425,44.85258344191027
7,159.60407570853278,159.60407570853275,-8.833792254516517,44.20831487470956,19.934055492669536,31.1401504975122,24.06897009879608
7,159.60407570853278,159.60407570853275,-8.800808018192853,44.16975997898661,19.64262145179852,31.97646116854189,40.47955415481847
7,159.60407570853278,159.60407570853275,-8.860568876197139,44.64372674550775,20.574754796352508,31.792822745658405,25.98165555147836
7,6416.968067419714,0.0,-8.977124015739793,30.692076436361493,31.341707895055062,8.166325349060166,2.114987987917062
7,6416.968067419714,0.0,-8.217425866917587,40.13596158813885,11.136226567840392,27.20690451370947,3.586092189675733
7,6416.968067419714,0.0,-9.807667237994714,19.830635084124715,20.863645009898946,4.05576050119179,13.662879737685675
7,6416.968067419714,0.0,-9.006512376998257,30.692076436361493,31.122268783143912,8.172197006797267,2.114987987917062
7,6416.968067419714,0.0,-8.939207881563139,30.692076436361493,31.632398257076048,8.166325349060166,2.0069503802750885
7,6416.968067419714,0.0,-10.44865398486444,30.692076436361493,19.99410232747729,8.100449544771372,9.874974664615847
7,6416.968067419714,0.0,-8.40528268667181,19.809701308042342,31.675732498963875,4.116233096781153,2.210872082191332
7,6416.968067419714,0.0,-10.53604292654994,31.081054650721374,19.85738375427092,9.552599438006018,9.732124606996482
7,6416.968067419714,0.0,-8.396545847696814,19.809696479499188,31.675732498963875,4.0492506646395166,13.783409906895953
7,6416.968067419714,0.0,-9.024212159372524,30.692076436361493,30.980698793870765,8.166325349060166,2.19102917226709
7,6416.968067419714,0.0,-8.664414568987851,36.75093033470457,11.178108696944804,27.20690451370947,3.0892219724771937
7,160.78800733376025,79.98817842115568,-10.591538435581747,27.278608748093117,32.30500206408758,43.103207391294134,38.46311392377261
7,159.60407570874776,159.60407570874779,-10.279191427369668,43.87298825181547,43.69061593458777,30.497750211088594,40.8911536261955
7,6416.968067419715,0.0,-8.115742949692649,40.50941473480769,10.730110682451354,27.20690451370947,3.0892219724771937
7,159.60407570874776,159.60407570874779,-10.36915716334962,41.73500499087684,44.64655180163366,32.14342338731408,43.37588866492089
7,6416.968067419715,0.0,-8.168714586917304,40.50941473480769,11.136226567840392,27.20690451370947,3.0892219724771937
7,161.8097072392023,81.23588868678,-8.942835010918884,25.22600630649994,31.492601970067874,43.75174981012092,20.31348489383243
7,160.78800733376025,130.37516972870483,-10.405956046071068,30.616154375679386,42.83715802246781,34.43812707542471,43.942201885538985
8,159.45822102719848,159.4582210271985,-10.279191427369668,43.65136588323777,43.69061593458777,30.497750211088594,42.58554466143533
8,159.60407570853278,131.29876280047625,-10.131184964555779,31.351749125702796,44.67061000443632,30.343028066030662,23.2728432001381
8,6416.968067419713,0.0,-8.112776680750333,18.08475290172823,38.462903354602176,8.660857907021459,3.6386665641506033
8,159.45822102719848,159.4582210271985,-10.614555646634066,43.65136588323777,40.38022710603505,31.9638046189632,42.58554466143533
8,159.45822102719848,159.4582210271985,-10.42333115865042,43.65136588323777,34.60211650911419,30.497750211088594,42.58554466143533
8,159.45822102719848,159.4582210271985,-10.855756465676563,43.65136588323777,40.38022710603505,32.38176793005489,41.154301693201205
8,6416.968067419713,0.0,-8.052163510396007,42.35916768504398,12.092421264746728,31.56677883494243,4.776979482431068
8,6416.968067419713,0.0,-7.200438881607187,39.70889770223125,10.638110857499662,43.17709904299821,6.380463801986713
8,159.60407570853278,131.29876280047625,-9.315930680695665,31.351749125702796,44.781299778873944,43.85070798147126,23.2728432001381
8,159.45822102719848,159.4582210271985,-10.89876654286904,43.566671039150854,40.38022710603505,32.71151185519721,41.154301693201205
8,159.60407570853278,131.29876280047625,-9.842510124185551,31.49490902953108,44.23586793478322,42.72884025575636,26.188084541178995
8,159.45822102719848,159.4582210271985,-9.759584017879934,43.65136588323777,34.60211650911419,25.409022131848214,42.58554466143533
8,6416.968067419713,0.0,-8.112776680750333,40.71949220403273,38.462903354602176,8.660857907021459,3.6386665641506033
8,160.78800733376025,79.2950251479815,-10.568244347801553,27.278608748093117,32.126414057772735,43.103207391294134,44.01804822587456
8,159.60407570853278,131.29876280047625,-9.898583611343831,31.51114525936129,44.23586793478322,42.28501599953155,26.174157019834297
8,159.60407570853278,131.29876280047625,-9.457279167474212,31.351749125702796,44.468505947982656,24.974312898618322,23.2728432001381
8,159.45822102719848,159.4582210271985,-10.972698241580389,43.65136588323777,39.66559419874857,31.78961405086492,26.124157739048393
8,159.60407570853278,131.29876280047625,-10.338135794967108,31.49490902953108,44.23586793478322,34.43629867494114,44.425494189563096
8,6416.968067419714,0.0,-8.112776680750333,25.254314978481617,38.462903354602176,8.660857907021459,3.7294742248012827
8,159.60407570853278,159.60407570853275,-9.271379181654218,44.85724166180271,23.9378153878184,25.258553918896496,23.632028724801785
8,6416.968067419714,0.0,-8.977124015739793,30.692076436361493,31.341707895055062,8.166325349060166,2.114987987917062
8,159.60407570853278,159.60407570853275,-9.261764015703466,44.85724166180271,23.86409911552932,25.258553918896496,23.632028724801785
8,160.78800733376025,79.98817842115568,-10.591538435581747,27.278608748093117,32.30500206408758,43.103207391294134,38.46311392377261
8,159.60407570853278,159.60407570853275,-10.387847760077435,44.083856380672174,42.8575840504949,30.497750211088594,42.50979966310647
8,159.60407570853278,159.60407570853275,-9.27523099948018,44.827711058470335,23.9378153878184,25.757287572257727,23.632028724801785
8,6416.968067419714,0.0,-8.40528268667181,19.809701308042342,31.675732498963875,4.116233096781153,2.210872082191332
8,6416.968067419714,0.0,-8.396545847696814,19.809696479499188,31.675732498963875,4.0492506646395166,13.783409906895953
8,6416.968067419714,0.0,-8.351804203269332,28.200461547685972,31.122268783143912,3.152767674875509,2.114987987917062
8,159.60407570853278,159.60407570853275,-10.837686623077659,44.075073800133374,35.1640045770621,34.36687873583196,42.822861894850696
8,159.60407570853278,159.60407570853275,-9.443321870358275,44.09431175430014,40.38022710603505,25.251384447990425,44.85258344191027
8,159.60407570853278,159.60407570853275,-8.833792254516517,44.20831487470956,19.934055492669536,31.1401504975122,24.06897009879608
8,6416.968067419714,0.0,-10.44865398486444,30.692076436361493,19.99410232747729,8.100449544771372,9.874974664615847
8,159.60407570853278,159.60407570853275,-9.088432496411734,44.859632735802435,31.110401362004993,44.37952752240271,22.05750999489272
8,159.60407570853278,159.60407570853275,-9.191955298597136,44.087122029432244,22.55877931867697,25.252727101737122,19.118416092843376
8,159.60407570853278,159.60407570853275,-10.35562007348313,44.90046145812363,32.293548688160996,43.06609219124532,38.74081815731274
8,159.60407570853278,159.60407570853275,-8.800808018192853,44.16975997898661,19.64262145179852,31.97646116854189,40.47955415481847
8,6416.968067419714,0.0,-8.664414568987851,36.75093033470457,11.178108696944804,27.20690451370947,3.0892219724771937
8,159.60407570853278,159.60407570853275,-10.315632124731188,44.172478130368376,40.38022710603505,31.906706358533427,44.820193402260934
8,159.60407570853278,159.60407570853275,-9.796996797554971,44.09431175430014,40.38022710603505,25.251384447990425,42.14107566673562
8,159.60407570853278,159.60407570853275,-8.953699993269531,44.64372674550775,21.288760027240848,31.967013313756688,42.438733992110414
8,6416.968067419714,0.0,-10.53604292654994,31.081054650721374,19.85738375427092,9.552599438006018,9.732124606996482
8,159.60407570853278,159.60407570853275,-9.191955298597136,44.087122029432244,22.55877931867697,25.252727101737122,23.632028724801785
8,6416.968067419714,0.0,-9.00854563893384,40.71949220403273,31.67702476507733,8.742541330236818,3.815129609468544
8,159.60407570853278,159.60407570853275,-10.206786669330981,44.731417601156195,44.67061000443632,30.9226411359739,23.2728432001381
8,159.60407570853278,159.60407570853275,-9.297122045088773,44.65987970880444,23.9378153878184,25.695915623078633,24.9062607424061
8,6416.968067419714,0.0,-9.006512376998257,30.692076436361493,31.122268783143912,8.172197006797267,2.114987987917062
8,6416.968067419714,0.0,-9.024212159372524,30.692076436361493,30.980698793870765,8.166325349060166,2.19102917226709
8,159.60407570853278,159.60407570853275,-9.271067302436862,44.859632735802435,23.9378153878184,25.757287572257727,23.632028724801785
9,159.60407570853278,131.29876280047625,-10.131184964555779,31.351749125702796,44.67061000443632,30.343028066030662,23.2728432001381
9,6416.968067419713,0.0,-8.112776680750333,18.08475290172823,38.462903354602176,8.660857907021459,3.6386665641506033
9,6416.968067419713,0.0,-8.052163510396007,42.35916768504398,12.092421264746728,31.56677883494243,4.776979482431068
9,6416.968067419713,0.0,-7.200438881607187,39.70889770223125,10.638110857499662,43.17709904299821,6.380463801986713
9,159.60407570853278,131.29876280047625,-9.315930680695665,31.351749125702796,44.781299778873944,43.85070798147126,23.2728432001381
9,159.60407570853278,131.29876280047625,-9.842510124185551,31.49490902953108,44.23586793478322,42.72884025575636,26.188084541178995
9,6416.968067419713,0.0,-8.112776680750333,40.71949220403273,38.462903354602176,8.660857907021459,3.6386665641506033
9,160.78800733376025,79.2950251479815,-10.568244347801553,27.278608748093117,32.126414057772735,43.103207391294134,44.01804822587456
9,159.60407570853278,131.29876280047625,-9.898583611343831,31.51114525936129,44.23586793478322,42.28501599953155,26.174157019834297
9,159.60407570853278,131.29876280047625,-9.457279167474212,31.351749125702796,44.468505947982656,24.974312898618322,23.2728432001381
9,159.60407570853278,131.29876280047625,-10.338135794967108,31.49490902953108,44.23586793478322,34.43629867494114,44.425494189563096
9,159.60407570853278,131.29876280047625,-9.552244471223759,31.351749125702796,44.781299778873944,44.95423034449207,26.18810462387428
9,159.60407570853278,131.29876280047625,-9.296495592748471,31.351749125702796,44.741063843875,43.281048219960205,22.554181097698567
9,159.60407570853278,131.29876280047625,-10.256993793166686,31.351749125702796,44.43940531464772,31.07635772892566,23.2728432001381
9,159.45822102719848,132.88185085599875,-10.425425144670456,32.69924848759733,44.77098904512383,32.89903897385503,44.624499346977835
9,159.60407570853278,131.29876280047625,-10.363102053298576,31.68631701007233,44.23586793478322,34.43629867494114,44.390412302342426
9,6416.968067419713,0.0,-8.112776680750333,40.71949220403273,38.462903354602176,8.660857907021459,2.2323388163374203
9,159.60407570853278,131.29876280047625,-9.502266970066131,31.49490902953108,44.23586793478322,42.72884025575636,23.579553692930077
9,160.78800733376025,79.98817842115568,-10.591538435581747,27.278608748093117,32.30500206408758,43.103207391294134,38.46311392377261
9,159.45822102719848,159.4582210271985,-10.279191427369668,43.65136588323777,43.69061593458777,30.497750211088594,42.58554466143533
9,159.45822102719848,159.4582210271985,-10.614555646634066,43.65136588323777,40.38022710603505,31.9638046189632,42.58554466143533
9,159.45822102719848,159.4582210271985,-10.42333115865042,43.65136588323777,34.60211650911419,30.497750211088594,42.58554466143533
9,159.45822102719848,159.4582210271985,-10.855756465676563,43.65136588323777,40.38022710603505,32.38176793005489,41.154301693201205
9,159.45822102719848,159.4582210271985,-10.89876654286904,43.566671039150854,40.38022710603505,32.71151185519721,41.154301693201205
9,159.45822102719848,159.4582210271985,-9.759584017879934,43.65136588323777,34.60211650911419,25.409022131848214,42.58554466143533
9,159.45822102719848,159.4582210271985,-10.972698241580389,43.65136588323777,39.66559419874857,31.78961405086492,26.124157739048393
9,159.45822102719848,159.4582210271985,-10.820222193307892,43.65136588323777,34.6064026985983,34.10175610595033,39.98570590962054
9,159.45822102719848,159.4582210271985,-10.684959009275431,43.65136588323777,39.66559419874857,29.583613269860223,26.124157739048393
9,159.45822102719848,159.4582210271985,-9.60143080063996,43.65136588323777,34.60211650911419,25.409022131848214,43.798052660275125
9,159.45822102719848,159.4582210271985,-10.572179618361318,43.566671039150854,40.38022710603505,30.207678767304643,41.154301693201205
9,159.45822102719848,159.4582210271985,-10.94402121708994,43.65136588323777,39.88660525747843,31.790767921834643,26.124157739048393
9,6416.968067419714,0.0,-8.112776680750333,25.254314978481617,38.462903354602176,8.660857907021459,3.7294742248012827
9,6416.968067419714,0.0,-8.977124015739793,30.692076436361493,31.341707895055062,8.166325349060166,2.114987987917062
9,6416.968067419714,0.0,-8.40528268667181,19.809701308042342,31.675732498963875,4.116233096781153,2.210872082191332
9,6416.968067419714,0.0,-8.396545847696814,19.809696479499188,31.675732498963875,4.0492506646395166,13.783409906895953
9,6416.968067419714,0.0,-8.351804203269332,28.200461547685972,31.122268783143912,3.152767674875509,2.114987987917062
9,6416.968067419714,0.0,-10.44865398486444,30.692076436361493,19.99410232747729,8.100449544771372,9.874974664615847
9,6416.968067419714,0.0,-8.664414568987851,36.75093033470457,11.178108696944804,27.20690451370947,3.0892219724771937
9,6416.968067419714,0.0,-10.53604292654994,31.081054650721374,19.85738375427092,9.552599438006018,9.732124606996482
9,6416.968067419714,0.0,-9.00854563893384,40.71949220403273,31.67702476507733,8.742541330236818,3.815129609468544
9,6416.968067419714,0.0,-9.006512376998257,30.692076436361493,31.122268783143912,8.172197006797267,2.114987987917062
9,6416.968067419714,0.0,-9.024212159372524,30.692076436361493,30.980698793870765,8.166325349060166,2.19102917226709
9,6416.968067419714,0.0,-6.9519113019769705,25.17769928264773,44.56894424463043,5.866930893120617,4.712036211135051
9,6416.968067419714,0.0,-8.08638088295287,31.641492387595335,38.060558012053995,8.05614478135939,3.6386665641506033
9,6416.968067419714,0.0,-9.979921462447354,18.032308030752116,24.14812669492504,8.660857907021459,3.6386665641506033
9,6416.968067419714,0.0,-7.765007461110173,25.254314978481617,38.462903354602176,5.994627223113563,3.710277231143025
9,159.60407570853278,159.60407570853275,-9.27523099948018,44.827711058470335,23.9378153878184,25.757287572257727,28.62023616859473
9,6416.968067419715,0.0,-7.170095496823613,41.17541550019313,11.985801714452833,43.428928753908274,6.399660896222726
10,159.60407570853278,131.29876280047625,-10.131184964555779,31.351749125702796,44.67061000443632,30.343028066030662,23.2728432001381
10,6416.968067419713,0.0,-8.112776680750333,18.08475290172823,38.462903354602176,8.660857907021459,3.6386665641506033
10,6416.968067419713,0.0,-8.052163510396007,42.35916768504398,12.092421264746728,31.56677883494243,4.776979482431068
10,6416.968067419713,0.0,-7.200438881607187,39.70889770223125,10.638110857499662,43.17709904299821,6.380463801986713
10,159.60407570853278,131.29876280047625,-9.315930680695665,31.351749125702796,44.781299778873944,43.85070798147126,23.2728432001381
10,159.60407570853278,131.29876280047625,-9.842510124185551,31.49490902953108,44.23586793478322,42.72884025575636,26.188084541178995
10,6416.968067419713,0.0,-8.112776680750333,40.71949220403273,38.462903354602176,8.660857907021459,3.6386665641506033
10,160.78800733376025,79.2950251479815,-10.568244347801553,27.278608748093117,32.126414057772735,43.103207391294134,44.01804822587456
10,159.60407570853278,131.29876280047625,-9.898583611343831,31.51114525936129,44.23586793478322,42.28501599953155,26.174157019834297
10,159.60407570853278,131.29876280047625,-9.457279167474212,31.351749125702796,44.468505947982656,24.974312898618322,23.2728432001381
10,159.60407570853278,131.29876280047625,-10.338135794967108,31.49490902953108,44.23586793478322,34.43629867494114,44.425494189563096
10,159.60407570853278,131.29876280047625,-9.552244471223759,31.351749125702796,44.781299778873944,44.95423034449207,26.18810462387428
10,159.60407570853278,131.29876280047625,-9.296495592748471,31.351749125702796,44.741063843875,43.281048219960205,22.554181097698567
10,159.60407570853278,131.29876280047625,-10.256993793166686,31.351749125702796,44.43940531464772,31.07635772892566,23.2728432001381
10,159.45822102719848,132.88185085599875,-10.425425144670456,32.69924848759733,44.77098904512383,32.89903897385503,44.624499346977835
10,159.60407570853278,131.29876280047625,-10.363102053298576,31.68631701007233,44.23586793478322,34.43629867494114,44.390412302342426
10,6416.968067419713,0.0,-8.112776680750333,40.71949220403273,38.462903354602176,8.660857907021459,2.2323388163374203
10,159.60407570853278,131.29876280047625,-9.502266970066131,31.49490902953108,44.23586793478322,42.72884025575636,23.579553692930077
10,159.60407570853278,131.29876280047625,-10.337570777218893,31.490577226794752,44.23586793478322,34.43629867494114,22.45757598947747
10,159.45822102719848,132.88185085599875,-10.425425144670456,32.69924848759733,44.77098904512383,32.89903897385503,41.43518984992978
10,159.97635687150776,126.64794918994359,-9.86711131678802,28.318463433144515,44.67061000443632,32.132245985023616,23.2728432001381
10,6416.968067419713,0.0,-8.467604474668988,20.014797851134038,31.335387615619844,4.253688588082124,2.2107885670409697
10,159.60407570853278,131.29876280047625,-9.495495423080904,31.49490902953108,43.995606990569605,44.82149078248106,25.620289026101347
10,159.60407570853278,131.29876280047625,-10.254132663204011,31.356080928439123,44.741063843875,43.594150121657684,44.3399744760588
10,159.60407570853278,131.29876280047625,-10.271854257364708,31.51114525936129,44.76026261956519,39.09871290770445,26.262375145844292
10,159.45822102719848,132.88185085599875,-10.439189133974956,32.704099475135465,44.67031611466079,35.33272203059422,44.88048173442904
10,6416.968067419714,0.0,-8.112776680750333,25.254314978481617,38.462903354602176,8.660857907021459,3.7294742248012827
10,159.45822102719848,159.4582210271985,-10.279191427369668,43.65136588323777,43.69061593458777,30.497750211088594,42.58554466143533
10,6416.968067419714,0.0,-8.112776680750333,42.46088473981828,38.462903354602176,8.660857907021459,4.910186177362319
10,159.45822102719848,159.4582210271985,-10.416716079848484,43.65136588323777,40.69978666472655,30.491542081246045,42.630052135740996
10,160.78800733376025,79.98817842115568,-10.556051514197527,27.278608748093117,32.126414057772735,43.196685782258314,44.01804822587456
10,160.78800733376025,79.98817842115568,-10.591538435581747,27.278608748093117,32.30500206408758,43.103207391294134,38.46311392377261
10,159.45822102719848,159.4582210271985,-10.684959009275431,43.65136588323777,39.66559419874857,29.583613269860223,26.124157739048393
10,159.45822102719848,159.4582210271985,-10.94402121708994,43.65136588323777,39.88660525747843,31.790767921834643,26.124157739048393
10,159.45822102719848,159.4582210271985,-10.572179618361318,43.566671039150854,40.38022710603505,30.207678767304643,41.154301693201205
10,6416.968067419714,0.0,-7.765007461110173,25.99318856499987,38.462903354602176,5.994627223113563,4.302834347857619
10,6416.968067419714,0.0,-8.977124015739793,30.692076436361493,31.341707895055062,8.166325349060166,2.114987987917062
10,6416.968067419714,0.0,-9.979921462447354,18.032308030752116,24.14812669492504,8.660857907021459,3.6386665641506033
10,6416.968067419714,0.0,-8.08638088295287,43.967739415902955,38.060558012053995,8.05614478135939,3.6386665641506033
10,6416.968067419714,0.0,-8.08638088295287,31.641492387595335,38.060558012053995,8.05614478135939,3.6386665641506033
10,159.45822102719848,159.4582210271985,-10.42333115865042,43.65136588323777,34.60211650911419,30.497750211088594,42.58554466143533
10,159.45822102719848,159.4582210271985,-10.820222193307892,43.65136588323777,34.6064026985983,35.45785829549688,39.98570590962054
10,159.45822102719848,159.4582210271985,-9.759584017879934,43.65136588323777,34.60211650911419,25.409022131848214,42.58554466143533
10,6416.968067419714,0.0,-9.00854563893384,40.71949220403273,31.67702476507733,8.742541330236818,3.815129609468544
10,6416.968067419714,0.0,-10.44865398486444,30.265081276191133,19.99410232747729,8.100449544771372,9.874974664615847
10,159.45822102719848,159.4582210271985,-9.60143080063996,43.65136588323777,34.60211650911419,25.409022131848214,43.798052660275125
10,6416.968067419714,0.0,-9.024212159372524,30.692076436361493,30.980698793870765,8.166325349060166,2.19102917226709
10,6416.968067419714,0.0,-10.53604292654994,31.081054650721374,19.85738375427092,9.552599438006018,9.732124606996482
11,159.60407570853278,131.29876280047625,-10.131184964555779,31.351749125702796,44.67061000443632,30.343028066030662,23.2728432001381
11,159.60407570853278,131.29876280047625,-9.315930680695665,31.351749125702796,44.781299778873944,43.85070798147126,23.2728432001381
11,159.60407570853278,131.29876280047625,-9.842510124185551,31.49490902953108,44.23586793478322,42.72884025575636,26.188084541178995
11,160.78800733376025,79.2950251479815,-10.568244347801553,27.278608748093117,32.126414057772735,43.103207391294134,44.01804822587456
11,159.60407570853278,131.29876280047625,-9.898583611343831,31.51114525936129,44.23586793478322,42.28501599953155,26.174157019834297
11,159.60407570853278,131.29876280047625,-9.457279167474212,31.351749125702796,44.468505947982656,24.974312898618322,23.2728432001381
11,159.60407570853278,131.29876280047625,-10.338135794967108,31.49490902953108,44.23586793478322,34.43629867494114,44.425494189563096
11,159.60407570853278,131.29876280047625,-9.552244471223759,31.351749125702796,44.781299778873944,44.95423034449207,26.18810462387428
11,159.60407570853278,131.29876280047625,-9.296495592748471,31.351749125702796,44.741063843875,43.281048219960205,22.554181097698567
11,159.60407570853278,131.29876280047625,-10.256993793166686,31.351749125702796,44.43940531464772,31.07635772892566,23.2728432001381
11,159.60407570853278,131.29876280047625,-10.363102053298576,31.68631701007233,44.23586793478322,34.43629867494114,44.390412302342426
11,159.60407570853278,131.29876280047625,-9.502266970066131,31.49490902953108,44.23586793478322,42.72884025575636,23.579553692930077
11,159.60407570853278,131.29876280047625,-10.337570777218893,31.490577226794752,44.23586793478322,34.43629867494114,22.45757598947747
11,159.60407570853278,131.29876280047625,-9.495495423080904,31.49490902953108,43.995606990569605,44.82149078248106,25.620289026101347
11,159.60407570853278,131.29876280047625,-10.254132663204011,31.356080928439123,44.741063843875,43.594150121657684,44.3399744760588
11,159.60407570853278,131.29876280047625,-10.271854257364708,31.51114525936129,44.76026261956519,39.09871290770445,26.262375145844292
11,6416.9680674197125,0.0,-7.288077887154902,39.70889770223125,10.941939837546837,43.70890677337981,7.584170574900776
11,159.60407570853278,131.29876280047625,-9.412080162356322,31.490545831390147,44.23586793478322,42.298294744745625,22.45757598947747
11,160.78800733376025,79.2950251479815,-10.82036498915928,27.278608748093117,32.126414057772735,41.17028247421824,44.01804822587456
11,159.97635684231136,87.88056508544018,-9.4080222031522,27.58429322572689,32.22361981174302,43.14467297597117,23.2728432001381
11,159.60407570853278,131.29876280047625,-10.363102053298576,31.68631701007233,44.23586793478322,43.12335090986136,44.39087921929261
11,159.60407570853278,131.29876280047625,-9.910137532305917,31.35260731389772,44.97539993114126,42.2103835428622,26.18810462387428
11,159.60407570853278,131.29876280047625,-10.131064374969597,31.351749125702796,44.67061000443632,30.342103545869957,23.2728432001381
11,157.09275366420508,148.8734942005296,-9.484401221571694,24.608884419405744,43.895141720689395,31.584825686472897,23.2728432001381
11,159.60407570853278,131.29876280047625,-10.338139890019882,31.49494042493568,44.23586793478322,34.8667370972196,24.32689192680913
11,159.60407570853278,131.29876280047625,-10.254036364971014,31.382923030612538,44.76864423250141,31.478114956697382,40.90619442680561
11,159.45822102719848,132.6729202196271,-10.491106961194632,32.66768797060875,44.23586793478322,33.83107367325823,44.425494189563096
11,6416.968067419713,0.0,-8.112776680750333,18.08475290172823,38.462903354602176,8.660857907021459,3.6386665641506033
11,6416.968067419713,0.0,-8.052163510396007,42.35916768504398,12.092421264746728,31.56677883494243,4.776979482431068
11,6416.968067419713,0.0,-7.200438881607187,39.70889770223125,10.638110857499662,43.17709904299821,6.380463801986713
11,6416.968067419713,0.0,-8.112776680750333,40.71949220403273,38.462903354602176,8.660857907021459,3.6386665641506033
11,6416.968067419713,0.0,-8.112776680750333,40.71949220403273,38.462903354602176,8.660857907021459,2.2323388163374203
11,6416.968067419713,0.0,-8.467604474668988,20.014797851134038,31.335387615619844,4.253688588082124,2.2107885670409697
11,6416.968067419713,0.0,-8.055137982587382,30.692076436361493,38.41026748255683,8.166325349060166,3.7224125172257008
11,160.78800733376025,79.98817842115568,-10.556051514197527,27.278608748093117,32.126414057772735,43.196685782258314,44.01804822587456
11,160.78800733376025,79.98817842115568,-10.591538435581747,27.278608748093117,32.30500206408758,43.103207391294134,38.46311392377261
11,159.97635687150776,126.64794918994359,-9.86711131678802,28.318463433144515,44.67061000443632,32.132245985023616,23.2728432001381
11,159.45822102719848,132.88185085599875,-10.425425144670456,32.69924848759733,44.77098904512383,32.89903897385503,44.624499346977835
11,159.45822102719848,132.88185085599875,-10.425425144670456,32.69924848759733,44.77098904512383,32.89903897385503,41.43518984992978
11,159.45822102719848,132.88185085599875,-10.439189133974956,32.704099475135465,44.67031611466079,35.33272203059422,44.88048173442904
11,159.45822102719848,132.88185085599875,-10.425521442903452,32.67240638542392,44.743408656497415,43.67584332217437,44.35776378929537
11,6416.968067419714,0.0,-9.081850858962433,25.254314978481617,31.033334654976112,8.660857907021459,3.4194222876699363
11,6416.968067419714,0.0,-8.112776680750333,25.254314978481617,38.462903354602176,8.660857907021459,3.7294742248012827
11,159.45822102719848,159.4582210271985,-9.495495423080904,43.59757695730742,43.995606990569605,44.82149078248106,25.620289026101347
11,159.45822102719848,159.4582210271985,-10.279191427369668,43.65136588323777,43.69061593458777,30.497750211088594,42.58554466143533
11,160.78800733376025,85.34419582030957,-10.88127776334396,27.278608748093117,34.526336910264526,43.103207391294134,40.00979733769214
11,159.50583238431835,132.92152698693198,-10.248003502723854,31.046064648069027,44.4780377938528,35.320576597104015,44.01804822587456
11,159.45822102719848,159.4582210271985,-10.820222193307892,43.65136588323777,34.6064026985983,35.45785829549688,39.98570590962054
12,159.60407570853278,131.29876280047625,-10.131184964555779,31.351749125702796,44.67061000443632,30.343028066030662,23.2728432001381
12,159.60407570853278,131.29876280047625,-9.315930680695665,31.351749125702796,44.781299778873944,43.85070798147126,23.2728432001381
12,159.60407570853278,131.29876280047625,-9.842510124185551,31.49490902953108,44.23586793478322,42.72884025575636,26.188084541178995
12,159.60407570853278,131.29876280047625,-9.898583611343831,31.51114525936129,44.23586793478322,42.28501599953155,26.174157019834297
12,159.60407570853278,131.29876280047625,-9.457279167474212,31.351749125702796,44.468505947982656,24.974312898618322,23.2728432001381
12,159.60407570853278,131.29876280047625,-10.338135794967108,31.49490902953108,44.23586793478322,34.43629867494114,44.425494189563096
12,159.60407570853278,131.29876280047625,-9.552244471223759,31.351749125702796,44.781299778873944,44.95423034449207,26.18810462387428
12,159.60407570853278,131.29876280047625,-9.296495592748471,31.351749125702796,44.741063843875,43.281048219960205,22.554181097698567
12,159.60407570853278,131.29876280047625,-10.256993793166686,31.351749125702796,44.43940531464772,31.07635772892566,23.2728432001381
12,159.60407570853278,131.29876280047625,-10.363102053298576,31.68631701007233,44.23586793478322,34.43629867494114,44.390412302342426
12,159.60407570853278,131.29876280047625,-9.502266970066131,31.49490902953108,44.23586793478322,42.72884025575636,23.579553692930077
12,159.60407570853278,131.29876280047625,-10.337570777218893,31.490577226794752,44.23586793478322,34.43629867494114,22.45757598947747
12,159.60407570853278,131.29876280047625,-9.495495423080904,31.49490902953108,43.995606990569605,44.82149078248106,25.620289026101347
12,159.60407570853278,131.29876280047625,-10.254132663204011,31.356080928439123,44.741063843875,43.594150121657684,44.3399744760588
12,159.60407570853278,131.29876280047625,-10.271854257364708,31.51114525936129,44.76026261956519,39.09871290770445,26.262375145844292
12,6416.9680674197125,0.0,-7.288077887154902,39.70889770223125,10.941939837546837,43.70890677337981,7.584170574900776
12,159.60407570853278,131.29876280047625,-9.412080162356322,31.490545831390147,44.23586793478322,42.298294744745625,22.45757598947747
12,159.60407570853278,131.29876280047625,-10.363102053298576,31.68631701007233,44.23586793478322,43.12335090986136,44.39087921929261
12,159.60407570853278,131.29876280047625,-9.910137532305917,31.35260731389772,44.97539993114126,42.2103835428622,26.18810462387428
12,159.60407570853278,131.29876280047625,-10.131064374969597,31.351749125702796,44.67061000443632,30.342103545869957,23.2728432001381
12,157.09275366420508,148.8734942005296,-9.484401221571694,24.608884419405744,43.895141720689395,31.584825686472897,23.2728432001381
12,159.60407570853278,131.29876280047625,-10.338139890019882,31.49494042493568,44.23586793478322,34.8667370972196,24.32689192680913
12,159.60407570853278,131.29876280047625,-10.254036364971014,31.382923030612538,44.76864423250141,31.478114956697382,40.90619442680561
12,159.45822102719848,132.6729202196271,-10.491106961194632,32.66768797060875,44.23586793478322,33.83107367325823,44.425494189563096
12,157.09275366420508,148.8734942005296,-9.495537537406374,24.617488860166013,43.81836774005046,31.890177777417648,44.35776378929537
12,159.60407570853278,131.29876280047625,-10.164417288840518,31.351749125702796,44.41582885158664,30.343028066030662,23.2728432001381
12,159.45822102719848,132.6729202196271,-10.488771883368713,32.64978570727672,44.23586793478322,33.13322274310652,44.44784608661689
12,159.97635684231136,85.34419582030957,-10.368011616588419,27.21486357960454,32.30500206408758,44.816913003576346,38.33813792547341
12,159.60407570853278,131.29876280047625,-10.249925285686878,31.35140475610082,44.76864423250141,41.60064855075354,40.824636240696705
12,159.60407570874776,91.90913396033338,-11.290735123110636,30.760345056997405,36.19804244648248,41.17028247421824,44.93665337816409
12,160.78800733376025,78.77925768028575,-10.873927539392696,27.278608748093117,32.537060276228935,41.17028247421824,42.326158936659546
12,159.60407570853278,131.29876280047625,-10.256371442796933,31.400825293944564,44.76864423250141,31.412693739031646,36.59128228733113
12,159.60407570853278,131.29876280047625,-10.338135794967108,31.49490902953108,44.23586793478322,42.72884025575636,44.71431802062719
12,159.60407570853278,131.29876280047625,-10.363102053298576,31.68631701007233,44.23586793478322,34.43629867494114,41.067134592082574
12,159.45822102719848,132.88185085599875,-9.379561327194494,32.66380194464038,44.81996023359341,43.36287302498026,23.2728432001381
12,6416.968067419713,0.0,-9.833606173375358,20.04217513279092,22.59720449262393,5.9881851551683685,2.04842024196449
12,6416.968067419713,0.0,-8.112776680750333,18.08475290172823,38.462903354602176,8.660857907021459,3.6386665641506033
12,159.45822102719848,132.88185085599875,-10.425425144670456,32.69924848759733,44.77098904512383,32.89903897385503,44.624499346977835
12,160.78800733376025,79.2950251479815,-10.568244347801553,27.30911939943008,32.126414057772735,43.103207391294134,43.8622410592298
12,160.78800733376025,79.2950251479815,-10.568244347801553,27.278608748093117,32.126414057772735,43.103207391294134,44.01804822587456
12,159.60407570853278,132.36466781536816,-10.27298343997289,31.227391251235794,44.46785154477695,34.524375967703726,43.068266145988495
12,159.97635684231136,87.88056508544018,-9.4080222031522,27.55721091969266,32.22361981174302,43.14467297597117,23.2728432001381
12,159.97635684231136,87.88056508544018,-9.4080222031522,27.58429322572689,32.22361981174302,43.14467297597117,23.2728432001381
12,159.45822102719848,132.88185085599875,-10.425425144670456,32.69924848759733,44.77098904512383,32.89903897385503,41.43518984992978
12,6416.968067419713,0.0,-8.055137982587382,30.69217061113065,38.41026748255683,8.166325349060166,6.047793895107645
12,6416.968067419713,0.0,-8.467604474668988,20.014797851134038,31.335387615619844,4.253688588082124,2.2107885670409697
12,6416.968067419713,0.0,-8.055137982587382,30.692076436361493,38.41026748255683,8.166325349060166,3.7224125172257008
12,159.45822102719848,132.88185085599875,-10.425521442903452,32.67240638542392,44.743408656497415,43.67584332217437,44.35776378929537
13,6416.9680674197125,0.0,-7.288077887154902,39.70889770223125,10.941939837546837,43.70890677337981,7.584170574900776
13,157.09275366420508,148.8734942005296,-9.484401221571694,24.608884419405744,43.895141720689395,31.584825686472897,23.2728432001381
13,157.09275366420508,148.8734942005296,-9.495537537406374,24.617488860166013,43.81836774005046,31.890177777417648,44.35776378929537
13,159.97635684231136,85.34419582030957,-10.368011616588419,27.21486357960454,32.30500206408758,44.816913003576346,38.33813792547341
13,159.60407570874776,91.90913396033338,-11.290735123110636,30.760345056997405,36.19804244648248,41.17028247421824,44.93665337816409
13,160.78800733376025,78.77925768028575,-10.873927539392696,27.278608748093117,32.537060276228935,41.17028247421824,42.326158936659546
13,159.60407570874776,91.90913396033338,-11.290735123110636,30.760345056997405,36.19804244648248,41.17028247421824,44.97045688554465
13,159.50583238431835,97.36677175639448,-10.687370640627584,30.4307355316207,33.45445181739136,43.51794357257986,44.01804822587456
13,157.09275366420508,148.8734942005296,-9.413622939899572,24.608884419405744,44.437775213509006,42.5649030071459,24.271053254028473
13,159.45822102719848,113.2788520920435,-10.77709954202966,32.67240638542392,34.300273144401814,43.67584332217437,44.35776378929537
13,157.09275366420508,148.8734942005296,-9.415340157118308,24.617488860166013,44.433214322258955,30.369634779658032,24.441170846125985
13,157.09275366420508,150.91855744449208,-9.468835516433245,24.43988206380969,43.84547643782143,33.99093837053219,44.354643020155315
13,6416.968067419713,0.0,-8.055137982587382,30.692076436361493,38.41026748255683,8.166325349060166,2.8634987739068927
13,6416.968067419713,0.0,-9.833606173375358,20.04217513279092,22.59720449262393,5.9881851551683685,2.04842024196449
13,160.78800733376025,79.2950251479815,-10.921874683999214,27.278608748093117,32.25354404665116,40.51917146932382,43.95395760567172
13,160.78800733376025,79.2950251479815,-10.568244347801553,27.30911939943008,32.126414057772735,43.103207391294134,43.8622410592298
13,159.97635684231136,87.88056508544018,-10.369924410262115,27.608979137292437,32.22361981174302,44.72086599973346,44.03375930456067
13,159.60407570853278,131.29876280047625,-10.131184964555779,31.351749125702796,44.67061000443632,30.343028066030662,23.2728432001381
13,159.45822102719848,132.6729202196271,-9.404305614267443,32.663121744402645,44.28801653713747,43.221072383750744,23.32074875980119
13,159.97635684231136,87.88056508544018,-9.4080222031522,27.55721091969266,32.22361981174302,43.14467297597117,23.2728432001381
13,159.45822102719848,132.6729202196271,-10.491106961194632,32.66768797060875,44.23586793478322,33.83107367325823,44.425494189563096
13,159.60407570853278,131.29876280047625,-9.660021239961921,31.344309383043583,44.24183745397621,44.115014060207514,26.175176899915595
13,159.60407570853278,131.29876280047625,-10.338139890019882,31.49494042493568,44.23586793478322,34.8667370972196,24.32689192680913
13,159.60407570853278,131.29876280047625,-10.269399424230087,31.51016499199132,44.77810273956062,34.43629867494114,22.33185615589578
13,159.60407570853278,131.29876280047625,-9.898583611343831,31.51114525936129,44.23586793478322,42.28501599953155,26.174157019834297
13,159.60407570853278,131.29876280047625,-10.256993793166686,31.351749125702796,44.43940531464772,31.07635772892566,23.2728432001381
13,6416.968067419713,0.0,-8.055137982587382,30.692076436361493,38.41026748255683,8.166325349060166,3.7224125172257008
13,6416.968067419713,0.0,-8.112776680750333,18.08475290172823,38.462903354602176,8.660857907021459,3.6386665641506033
13,159.45822102719848,132.6729202196271,-10.488771883368713,32.64978570727672,44.23586793478322,33.13322274310652,44.44784608661689
13,159.60407570853278,131.29876280047625,-10.254036364971014,31.382923030612538,44.76864423250141,31.478114956697382,40.90619442680561
13,159.60407570853278,131.29876280047625,-9.315930680695665,31.351749125702796,44.781299778873944,43.85070798147126,23.2728432001381
13,159.60407570853278,131.29876280047625,-10.249925285686878,31.35140475610082,44.76864423250141,41.60064855075354,43.88879490544554
13,159.60407570853278,131.29876280047625,-10.339410060114055,31.504678395657653,44.23586793478322,34.8489410888872,44.425494189563096
13,159.60407570853278,131.29876280047625,-10.36053072448206,31.68631701007233,44.25558145570985,34.43629867494114,41.067134592082574
13,159.97635684231136,87.88056508544018,-9.4080222031522,27.58429322572689,32.22361981174302,43.14467297597117,23.2728432001381
13,159.60407570853278,131.29876280047625,-9.719701572401988,31.49490902953108,44.19212494860335,42.22018904580422,24.737901100886145
13,160.78800733376025,79.2950251479815,-10.568244347801553,27.30911939943008,32.126414057772735,43.103207391294134,40.798072079737224
13,159.60407570853278,131.29876280047625,-10.254132663204011,31.356080928439123,44.741063843875,43.594150121657684,44.3399744760588
13,159.60407570853278,131.29876280047625,-9.457279167474212,31.351749125702796,44.468505947982656,24.974312898618322,23.2728432001381
13,159.60407570853278,131.29876280047625,-10.256371442796933,31.400825293944564,44.76864423250141,31.412693739031646,36.59128228733113
13,159.60407570853278,131.29876280047625,-10.363102053298576,31.68631701007233,44.23586793478322,43.12335090986136,44.39087921929261
13,159.60407570853278,131.29876280047625,-10.363102053298576,31.68631701007233,44.23586793478322,34.43629867494114,41.067134592082574
13,159.60407570853278,131.29876280047625,-9.495495423080904,31.49490902953108,43.995606990569605,44.82149078248106,25.620289026101347
13,159.60407570853278,131.29876280047625,-9.843791722312162,31.35260731389772,44.99641751020585,42.71903475281435,26.18810462387428
13,159.60407570853278,131.29876280047625,-9.530781232143376,31.634548792472557,44.23586793478322,43.14383624482762,24.213159024593537
13,159.60407570853278,131.29876280047625,-9.910137532305917,31.35260731389772,44.97539993114126,42.2103835428622,26.18810462387428
13,159.60407570853278,131.29876280047625,-10.271854257364708,31.51114525936129,44.76026261956519,39.09871290770445,26.262375145844292
13,159.60407570853278,131.29876280047625,-9.412080162356322,31.490545831390147,44.23586793478322,42.298294744745625,22.45757598947747
14,6416.9680674197125,0.0,-7.288077887154902,39.70889770223125,10.941939837546837,43.70890677337981,7.584170574900776
14,159.97635684231136,85.34419582030957,-10.368011616588419,27.21486357960454,32.30500206408758,44.816913003576346,38.33813792547341
14,160.78800733376025,78.77925768028575,-10.873927539392696,27.278608748093117,32.537060276228935,41.17028247421824,42.326158936659546
14,159.50583238431835,97.36677175639448,-10.687370640627584,30.4307355316207,33.45445181739136,43.51794357257986,44.01804822587456
14,160.78800733376025,78.77925768028575,-10.843160823371065,27.278608748093117,32.301182120063096,41.17028247421824,44.17903019174679
14,159.58223863077973,87.88056508544018,-10.524212151321564,27.759880031750665,31.748448343738588,43.06282185027321,44.68044363641283
14,157.09275366420508,109.98213827941878,-10.672733169651643,24.427981441443357,33.45445181739136,43.6301641833954,44.01804822587456
14,158.54783826569357,104.52843569944454,-10.568244347801553,24.500822086679225,32.126414057772735,43.103207391294134,43.8622410592298
14,159.97635684231136,85.34419582030957,-10.427339295987721,27.134439852423508,32.126414057772735,44.18347945520018,43.8622410592298
14,6416.968067419713,0.0,-8.055137982587382,30.692076436361493,38.41026748255683,8.166325349060166,2.8634987739068927
14,6416.968067419713,0.0,-9.833606173375358,20.04217513279092,22.59720449262393,5.9881851551683685,2.04842024196449
14,6416.968067419713,0.0,-8.055137982587382,30.692076436361493,38.41026748255683,8.166325349060166,3.7224125172257008
14,6416.968067419713,0.0,-8.112776680750333,18.08475290172823,38.462903354602176,8.660857907021459,3.6386665641506033
14,6416.968067419713,0.0,-7.395640381252598,37.62647230339921,10.941939837546837,43.70890677337981,8.408816362983128
14,6416.968067419713,0.0,-9.83458830540914,20.058770404775093,22.589674813698263,5.9881851551683685,2.4516162739607417
14,160.78800733376025,79.2950251479815,-10.921874683999214,27.278608748093117,32.25354404665116,40.51917146932382,43.95395760567172
14,160.78800733376025,79.2950251479815,-10.568244347801553,27.30911939943008,32.126414057772735,43.103207391294134,43.8622410592298
14,160.78800733376025,79.2950251479815,-10.568244347801553,27.30911939943008,32.126414057772735,43.103207391294134,40.798072079737224
14,159.60407570853278,91.90913396033338,-11.351446952904027,31.538629487146004,36.19804244648248,41.17028247421824,44.93665337816409
14,157.09275366420508,123.6303370923418,-9.371330989030149,24.2800852381568,44.433214322258955,33.86541067094927,24.441170846125985
14,159.45822102719848,113.2788520920435,-10.77709954202966,32.67240638542392,34.300273144401814,43.67584332217437,44.35776378929537
14,159.97635684231136,86.65385995625199,-10.778180433205563,27.33673390103543,34.300273144401814,43.66755648982581,44.35776378929537
14,6416.968067419721,0.0,-7.987054928071213,30.692076436361493,39.46887348336588,8.702961265245246,2.8634987739068927
14,159.60407570874776,91.90913396033338,-11.290735123110636,30.760345056997405,36.19804244648248,41.17028247421824,44.93665337816409
14,159.60407570874776,91.90913396033338,-11.290735123110636,30.760345056997405,36.19804244648248,41.17028247421824,44.97045688554465
14,159.38088288118266,132.6729202196271,-9.612764793207631,32.28349886778224,44.437775213509006,42.5731898394366,24.271053254028473
14,157.09275366420508,138.36552266737274,-9.369994925072948,24.269842081151584,44.433214322258955,30.369634779658032,22.96009211050335
14,159.45822102719848,132.48821234690328,-10.533120596999545,32.72351832085606,43.13636919373929,33.13322274310652,44.379298166109976
14,159.60407570853278,122.5296583796309,-10.91995049421292,31.38231996239571,32.23879192495625,40.51917146932382,44.356936897729035
14,159.97635684231136,87.88056508544018,-10.369924410262115,27.608979137292437,32.22361981174302,44.72086599973346,44.03375930456067
14,159.97635684231136,87.88056508544018,-9.4080222031522,27.55721091969266,32.22361981174302,43.14467297597117,23.2728432001381
14,159.97635684231136,87.88056508544018,-9.4080222031522,27.58429322572689,32.22361981174302,43.14467297597117,23.2728432001381
14,157.09275366420508,148.8734942005296,-9.484401221571694,24.608884419405744,43.895141720689395,31.584825686472897,23.2728432001381
14,6416.968067419724,0.0,-6.666609351483199,22.28339324176038,32.126414057772735,43.103207391294134,2.213879085998755
14,157.09275366420508,148.8734942005296,-9.484401221571694,24.608884419405744,43.895141720689395,31.584825686472897,23.238549362956686
14,160.78800733376025,91.24303760931964,-10.468070082604072,27.21486357960454,30.468087223561824,42.21288325693055,38.33813792547341
14,159.60407570874776,98.47407210035719,-10.857318667522634,30.760345056997405,36.19804244648248,44.95859932880893,44.82573170209251
14,159.60407570853278,131.29876280047625,-10.131184964555779,31.351749125702796,44.67061000443632,30.343028066030662,23.2728432001381
14,159.20750426389276,138.98290120613657,-10.27098644361292,33.97397117713711,44.23586793478322,31.169723590595524,44.425494189563096
14,159.45822102719848,132.6729202196271,-9.189180398702064,32.69330387686918,43.995606990569605,44.82149078248106,23.271873839196918
14,159.45822102719848,132.6729202196271,-9.404305614267443,32.663121744402645,44.28801653713747,43.221072383750744,23.32074875980119
14,159.60407570853278,131.29876280047625,-10.163535159753671,31.351749125702796,44.422591841252476,30.343028066030662,23.2728432001381
14,159.60407570853278,131.29876280047625,-10.353456805594377,31.63208363193341,44.25558145570985,34.43629867494114,41.067134592082574
14,159.60407570853278,131.29876280047625,-10.293009031917379,31.68631701007233,44.773247765372396,34.43629867494114,40.642797329661086
14,159.60407570853278,131.29876280047625,-10.269399424230087,31.51016499199132,44.77810273956062,34.43629867494114,22.33185615589578
14,159.60407570853278,131.29876280047625,-10.256993793166686,31.351749125702796,44.43940531464772,31.07635772892566,23.2728432001381
14,159.60407570853278,131.29876280047625,-10.363102053298576,31.68631701007233,44.23586793478322,43.12335090986136,44.39087921929261
14,157.09275366420508,148.8734942005296,-9.413622939899572,24.608884419405744,44.437775213509006,42.5649030071459,24.271053254028473
15,6416.9680674197125,0.0,-7.288077887154902,39.70889770223125,10.941939837546837,43.70890677337981,7.584170574900776
15,160.78800733376025,78.77925768028575,-10.873927539392696,27.278608748093117,32.537060276228935,41.17028247421824,42.326158936659546
15,160.78800733376025,78.77925768028575,-10.843160823371065,27.278608748093117,32.301182120063096,41.17028247421824,44.17903019174679
15,159.38088288118266,79.69044144059131,-10.672733169651643,25.370362587936764,33.45445181739136,43.6301641833954,44.01804822587456
15,157.09275366420508,99.66791306660963,-10.544052581460996,24.57948253844508,32.126414057772735,43.288677599905085,44.91455864211349
15,6416.968067419713,0.0,-8.055137982587382,30.692076436361493,38.41026748255683,8.166325349060166,2.8634987739068927
15,6416.968067419713,0.0,-9.833606173375358,20.04217513279092,22.59720449262393,5.9881851551683685,2.04842024196449
15,6416.968067419713,0.0,-8.055137982587382,30.692076436361493,38.41026748255683,8.166325349060166,3.7224125172257008
15,6416.968067419713,0.0,-8.112776680750333,18.08475290172823,38.462903354602176,8.660857907021459,3.6386665641506033
15,6416.968067419713,0.0,-7.395640381252598,37.62647230339921,10.941939837546837,43.70890677337981,8.408816362983128
15,6416.968067419713,0.0,-9.83458830540914,20.058770404775093,22.589674813698263,5.9881851551683685,2.4516162739607417
15,6416.968067419713,0.0,-9.833606173375358,31.618407286293216,22.59720449262393,5.9881851551683685,2.008410876475751
15,6416.968067419713,0.0,-8.060801277361652,30.692076436361493,38.36684888928745,8.166325349060166,3.7224125172257008
15,160.78800733376025,79.2950251479815,-10.921874683999214,27.278608748093117,32.25354404665116,40.51917146932382,43.95395760567172
15,160.78800733376025,79.2950251479815,-10.568244347801553,27.30911939943008,32.126414057772735,43.103207391294134,43.8622410592298
15,160.78800733376025,79.2950251479815,-10.568244347801553,27.30911939943008,32.126414057772735,43.103207391294134,40.798072079737224
15,159.50583238431835,97.36677175639448,-10.687370640627584,30.4307355316207,33.45445181739136,43.51794357257986,44.01804822587456
15,159.58223863077973,87.88056508544018,-10.524212151321564,27.759880031750665,31.748448343738588,43.06282185027321,44.68044363641283
15,159.97635684231136,79.98817842115568,-10.486123338595362,27.359937703635318,32.06116875239029,43.66755648982581,44.35776378929537
15,159.50583238431835,97.36677175639448,-10.696049493477886,30.4307355316207,33.520989689243684,43.51794357257986,44.09689688948231
15,157.09275366420508,109.98213827941878,-10.672733169651643,24.427981441443357,33.45445181739136,43.6301641833954,44.01804822587456
15,158.54783826569357,104.52843569944454,-10.568244347801553,24.500822086679225,32.126414057772735,43.103207391294134,43.8622410592298
15,157.09275366420508,109.98213827941878,-10.672733169651643,24.42319688148204,33.45445181739136,43.6301641833954,44.01804822587456
15,6416.968067419714,0.0,-9.361247936745253,22.52425580030102,28.702604086069766,8.472171601116745,2.8634987739068927
15,6416.968067419714,0.0,-9.83458830540914,24.230439157366042,22.589674813698263,5.9881851551683685,2.4516162739607417
15,159.60407570853278,91.90913396033338,-11.351446952904027,31.538629487146004,36.19804244648248,41.17028247421824,44.93665337816409
15,159.60407570853278,91.90913396033338,-11.388711052179623,31.538629487146004,36.19804244648248,40.8845910464387,44.93665337816409
15,159.97635684231136,85.34419582030957,-10.368011616588419,27.21486357960454,32.30500206408758,44.816913003576346,38.33813792547341
15,159.97635684231136,85.34419582030957,-10.427339295987721,27.134439852423508,32.126414057772735,44.18347945520018,43.8622410592298
15,157.09275366420508,123.6303370923418,-9.371330989030149,24.2800852381568,44.433214322258955,33.86541067094927,24.441170846125985
15,159.45822102719848,111.2638603656423,-10.640187493046056,32.56928232725376,34.39168378359614,44.816913003576346,44.1782702878358
15,157.09275366420508,123.6303370923418,-9.372313782881626,24.28761999101809,44.433214322258955,29.166855512107418,22.883880632877496
15,6416.968067419715,0.0,-8.769534763628684,27.21486357960454,32.30500206408758,7.538101918574222,4.2542972945645054
15,6416.968067419715,0.0,-9.973741609383945,27.759880031750665,22.55775508632337,7.023107424933641,3.7945194964268225
15,159.60407570874776,91.90913396033338,-11.290735123110636,30.760345056997405,36.19804244648248,41.17028247421824,44.93665337816409
15,159.60407570874776,91.90913396033338,-11.290735123110636,30.760345056997405,36.19804244648248,41.17028247421824,44.97045688554465
15,159.60407570874776,91.90913396033338,-11.290735123110636,30.760345056997405,36.19804244648248,41.17028247421824,44.93930856899692
15,159.60407570853278,104.9598977526271,-10.965678073559538,31.359116159795825,34.47789631696777,42.40769775301129,44.356936897729035
15,159.97635684231136,86.65385995625199,-10.778180433205563,27.33673390103543,34.300273144401814,43.66755648982581,44.35776378929537
15,159.45822102719848,113.2788520920435,-10.77709954202966,32.67240638542392,34.300273144401814,43.67584332217437,44.35776378929537
15,159.45822102719848,113.2788520920435,-10.75972994454834,32.67240638542392,34.16710623037834,43.67584332217437,44.35776378929537
15,159.38088288118266,132.6729202196271,-9.612764793207631,32.28349886778224,44.437775213509006,42.5731898394366,24.271053254028473
15,157.09275366420508,138.36552266737274,-9.369994925072948,24.269842081151584,44.433214322258955,30.369634779658032,22.96009211050335
15,157.09275366420508,138.36552266737274,-9.361910809804062,24.207863864090115,44.433214322258955,30.369222774471822,22.96009211050335
15,157.09275366420508,148.8734942005296,-9.485025294610125,24.613668979367066,43.895141720689395,31.584825686472897,23.2728432001381
15,157.09275366420508,148.8734942005296,-9.484401221571694,24.608884419405744,43.895141720689395,31.584825686472897,23.2728432001381
15,6416.968067419717,0.0,-7.987054928071213,34.243663722676246,39.46887348336588,8.702961265245246,2.8634987739068927
15,159.97635684231136,87.88056508544018,-10.569201928186828,27.58429322572689,32.22361981174302,43.19307169564398,44.831431127307084
16,6416.9680674197125,0.0,-7.288077887154902,39.70889770223125,10.941939837546837,43.70890677337981,7.584170574900776
16,157.09275366420508,75.15607645302542,-10.062713803040396,24.427981441443357,28.77763667337181,43.6301641833954,44.01804822587456
16,6416.968067419713,0.0,-8.055137982587382,30.692076436361493,38.41026748255683,8.166325349060166,2.8634987739068927
16,6416.968067419713,0.0,-9.833606173375358,20.04217513279092,22.59720449262393,5.9881851551683685,2.04842024196449
16,6416.968067419713,0.0,-8.055137982587382,30.692076436361493,38.41026748255683,8.166325349060166,3.7224125172257008
16,6416.968067419713,0.0,-8.112776680750333,18.08475290172823,38.462903354602176,8.660857907021459,3.6386665641506033
16,6416.968067419713,0.0,-7.395640381252598,37.62647230339921,10.941939837546837,43.70890677337981,8.408816362983128
16,6416.968067419713,0.0,-9.83458830540914,20.058770404775093,22.589674813698263,5.9881851551683685,2.4516162739607417
16,6416.968067419713,0.0,-9.833606173375358,31.618407286293216,22.59720449262393,5.9881851551683685,2.008410876475751
16,6416.968067419713,0.0,-8.060801277361652,30.692076436361493,38.36684888928745,8.166325349060166,3.7224125172257008
16,6416.968067419713,0.0,-8.22832099748097,28.215016244350778,37.08253103503931,8.166325349060166,2.8634987739068927
16,6416.968067419713,0.0,-8.664546362160074,24.35030977393039,33.738136572499556,8.166325349060166,3.7944603486721027
16,6416.968067419713,0.0,-10.049178112866814,27.79889625684119,23.79802372820271,8.841722593514987,2.8355603632890403
16,159.38088288118266,76.61687321676366,-10.498867439270967,25.37303237102536,32.126414057772735,43.63509702336197,44.91455864211349
16,157.09275366420508,88.9865667827579,-10.672733169651643,24.301800317848517,33.45445181739136,43.6301641833954,44.01804822587456
16,6416.968067419714,0.0,-9.361247936745253,22.52425580030102,28.702604086069766,8.472171601116745,2.8634987739068927
16,6416.968067419714,0.0,-9.83458830540914,24.230439157366042,22.589674813698263,5.9881851551683685,2.4516162739607417
16,6416.968067419714,0.0,-9.973041106913833,27.11094337757348,22.55775508632337,7.017736905996104,3.7945194964268225
16,6416.968067419714,0.0,-9.361247936745253,22.115177400539228,28.702604086069766,8.472171601116745,2.8634987739068927
16,6416.968067419714,0.0,-8.695859971150732,30.692076436361493,33.498065570237834,8.166325349060166,2.8634987739068927
16,6416.968067419714,0.0,-7.3081466850165455,39.41085191404174,10.941939837546837,43.70890677337981,7.738031358506717
16,6416.968067419714,0.0,-9.906852814330078,20.04217513279092,22.6772627013119,6.629800944509203,2.04842024196449
16,160.78800733376025,78.77925768028575,-10.873927539392696,27.278608748093117,32.537060276228935,41.17028247421824,42.326158936659546
16,160.78800733376025,78.77925768028575,-10.843160823371065,27.278608748093117,32.301182120063096,41.17028247421824,44.17903019174679
16,159.38088288118266,79.69044144059131,-10.672733169651643,25.370362587936764,33.45445181739136,43.6301641833954,44.01804822587456
16,157.09275366420508,99.66791306660963,-10.544052581460996,24.57948253844508,32.126414057772735,43.288677599905085,44.91455864211349
16,6416.968067419715,0.0,-8.769534763628684,27.21486357960454,32.30500206408758,7.538101918574222,4.2542972945645054
16,6416.968067419715,0.0,-9.973741609383945,27.759880031750665,22.55775508632337,7.023107424933641,3.7945194964268225
16,6416.968067419715,0.0,-8.75122857013401,22.52425580030102,33.37941923008928,8.472171601116745,2.8634987739068927
16,160.78800733376025,79.2950251479815,-10.921874683999214,27.278608748093117,32.25354404665116,40.51917146932382,43.95395760567172
16,160.78800733376025,79.2950251479815,-10.568244347801553,27.30911939943008,32.126414057772735,43.103207391294134,43.8622410592298
16,160.78800733376025,79.2950251479815,-10.568244347801553,27.30911939943008,32.126414057772735,43.103207391294134,40.798072079737224
16,159.58223863077973,87.88056508544018,-10.524212151321564,27.759880031750665,31.748448343738588,43.06282185027321,44.68044363641283
16,159.97635684231136,79.98817842115568,-10.486123338595362,27.359937703635318,32.06116875239029,43.66755648982581,44.35776378929537
16,159.50583238431835,93.04506889085239,-11.25440671934593,30.419263495984524,36.135478647665686,41.10723024589676,44.93930856899692
16,159.97635684231136,79.98817842115568,-10.9127580219617,27.5108889536112,34.241118727057064,42.576640558684005,44.43302365044884
16,157.09275366420508,109.98213827941878,-10.672733169651643,24.427981441443357,33.45445181739136,43.6301641833954,44.01804822587456
16,158.54783826569357,104.52843569944454,-10.568244347801553,24.500822086679225,32.126414057772735,43.103207391294134,43.8622410592298
16,157.09275366420508,109.98213827941878,-10.672733169651643,24.42319688148204,33.45445181739136,43.6301641833954,44.01804822587456
16,159.38088288118266,102.15583095568489,-10.304831590213038,25.370362587936764,38.36665372963679,43.6301641833954,44.01804822587456
16,157.09275366420508,116.55217601599105,-10.600191650700467,24.42319688148204,35.155060892778444,43.689667329642546,43.82477616012429
16,6416.968067419717,0.0,-7.987054928071213,34.243663722676246,39.46887348336588,8.702961265245246,2.8634987739068927
16,159.97635687150776,79.98817843575387,-10.466233727895386,26.70927002581541,32.304161051583215,44.06303580438522,43.058797473567864
16,159.45822102719848,111.2638603656423,-10.640187493046056,32.56928232725376,34.39168378359614,44.816913003576346,44.1782702878358
16,159.50583238431835,97.36677175639448,-10.696049493477886,30.4307355316207,33.520989689243684,43.51794357257986,44.09689688948231
16,159.60407570853278,91.90913396033338,-11.351446952904027,31.538629487146004,36.19804244648248,41.17028247421824,44.93665337816409
16,159.97635684231136,85.34419582030957,-10.427339295987721,27.134439852423508,32.126414057772735,44.18347945520018,43.8622410592298
16,159.60407570853278,91.90913396033338,-11.388711052179623,31.538629487146004,36.19804244648248,40.8845910464387,44.93665337816409
17,6416.9680674197125,0.0,-7.288077887154902,39.70889770223125,10.941939837546837,43.70890677337981,7.584170574900776
17,157.09275366420508,75.15607645302542,-10.062713803040396,24.427981441443357,28.77763667337181,43.6301641833954,44.01804822587456
17,159.38088288118266,73.30458140818392,-10.950250631937394,25.37303237102536,32.126414057772735,40.17449254625272,44.89543329276961
17,6416.968067419713,0.0,-8.055137982587382,30.692076436361493,38.41026748255683,8.166325349060166,2.8634987739068927
17,6416.968067419713,0.0,-9.833606173375358,20.04217513279092,22.59720449262393,5.9881851551683685,2.04842024196449
17,6416.968067419713,0.0,-8.055137982587382,30.692076436361493,38.41026748255683,8.166325349060166,3.7224125172257008
17,6416.968067419713,0.0,-8.112776680750333,18.08475290172823,38.462903354602176,8.660857907021459,3.6386665641506033
17,6416.968067419713,0.0,-7.395640381252598,37.62647230339921,10.941939837546837,43.70890677337981,8.408816362983128
17,6416.968067419713,0.0,-9.83458830540914,20.058770404775093,22.589674813698263,5.9881851551683685,2.4516162739607417
17,6416.968067419713,0.0,-9.833606173375358,31.618407286293216,22.59720449262393,5.9881851551683685,2.008410876475751
17,6416.968067419713,0.0,-8.060801277361652,30.692076436361493,38.36684888928745,8.166325349060166,3.7224125172257008
17,6416.968067419713,0.0,-8.22832099748097,28.215016244350778,37.08253103503931,8.166325349060166,2.8634987739068927
17,6416.968067419713,0.0,-8.664546362160074,24.35030977393039,33.738136572499556,8.166325349060166,3.7944603486721027
17,6416.968067419713,0.0,-10.049178112866814,27.79889625684119,23.79802372820271,8.841722593514987,2.8355603632890403
17,6416.968067419713,0.0,-8.22832099748097,27.034707187251815,37.08253103503931,8.166325349060166,3.633394914624479
17,6416.968067419713,0.0,-10.088030361749327,27.803388652270264,23.79802372820271,9.139589834947579,2.8355603632890403
17,6416.968067419713,0.0,-8.294590094785033,31.287388644054325,36.5744679557082,8.166325349060166,3.7224125172257008
17,157.09275366420508,77.84458726542002,-9.91359364802058,24.174038494321234,28.741160589828304,44.736942621670494,43.22707876735756
17,159.38088288118266,76.61687321676366,-10.498867439270967,25.37303237102536,32.126414057772735,43.63509702336197,44.91455864211349
17,160.21629761233368,73.30458140818392,-11.082931090533428,25.37303237102536,32.126414057772735,37.93454769520459,44.96540933444831
17,6416.968067419714,0.0,-9.361247936745253,22.52425580030102,28.702604086069766,8.472171601116745,2.8634987739068927
17,6416.968067419714,0.0,-9.83458830540914,24.230439157366042,22.589674813698263,5.9881851551683685,2.4516162739607417
17,6416.968067419714,0.0,-9.973041106913833,27.11094337757348,22.55775508632337,7.017736905996104,3.7945194964268225
17,6416.968067419714,0.0,-9.361247936745253,22.115177400539228,28.702604086069766,8.472171601116745,2.8634987739068927
17,6416.968067419714,0.0,-8.695859971150732,30.692076436361493,33.498065570237834,8.166325349060166,2.8634987739068927
17,6416.968067419714,0.0,-7.3081466850165455,39.41085191404174,10.941939837546837,43.70890677337981,7.738031358506717
17,6416.968067419714,0.0,-9.906852814330078,20.04217513279092,22.6772627013119,6.629800944509203,2.04842024196449
17,157.09275366420508,88.59183956886469,-10.52327451002175,24.344485845440808,31.96711551007185,43.288677599905085,44.91455864211349
17,159.38088288118266,79.69044144059131,-10.672733169651643,25.370362587936764,33.45445181739136,43.6301641833954,44.01804822587456
17,159.38088288118266,79.69044144059131,-10.629539402388644,25.370362587936764,33.12329960170837,43.6301641833954,44.17437815144053
17,159.97635684231136,78.77925768028575,-10.524212151321564,27.13678868631027,31.748448343738588,43.06282185027321,44.68044363641283
17,157.09275366420508,88.9865667827579,-10.672733169651643,24.301800317848517,33.45445181739136,43.6301641833954,44.01804822587456
17,157.09275366420508,88.9865667827579,-10.806175891363974,24.301800317848517,33.45445181739136,42.168933641464335,44.01804822587456
17,6416.968067419715,0.0,-8.056043550168404,30.94601938348288,38.403324797768995,8.166325349060166,3.7224125172257008
17,6416.968067419715,0.0,-8.769534763628684,27.21486357960454,32.30500206408758,7.538101918574222,4.2542972945645054
17,160.78800733376025,78.77925768028575,-10.865964698223642,27.278608748093117,32.537060276228935,41.231330923181,42.326158936659546
17,160.78800733376025,78.77925768028575,-10.873927539392696,27.278608748093117,32.537060276228935,41.17028247421824,42.326158936659546
17,159.60407570853278,86.03703407998931,-10.49166995611926,26.022711186942793,32.126414057772735,43.69027772752505,44.91455864211349
17,159.97635684231136,79.98817842115568,-10.486123338595362,27.363287611721837,32.06116875239029,43.66755648982581,44.35776378929537
17,159.58223863077973,87.88056508544018,-10.524212151321564,27.759880031750665,31.748448343738588,43.06282185027321,44.68044363641283
17,159.97635684231136,79.98817842115568,-10.486123338595362,27.359937703635318,32.06116875239029,43.66755648982581,44.35776378929537
17,160.78800733376025,78.77925768028575,-10.843160823371065,27.278608748093117,32.301182120063096,41.17028247421824,44.17903019174679
17,6416.968067419715,0.0,-9.35099712153622,22.115177400539228,28.702604086069766,8.393582017847493,2.8634987739068927
17,6416.968067419715,0.0,-9.973741609383945,27.759880031750665,22.55775508632337,7.023107424933641,3.7945194964268225
17,6416.968067419715,0.0,-8.75122857013401,22.52425580030102,33.37941923008928,8.472171601116745,2.8634987739068927
17,159.97635684231136,79.98817842115568,-10.9127580219617,27.5108889536112,34.241118727057064,42.576640558684005,44.43302365044884
17,159.97635684231136,79.98817842115568,-10.9127580219617,27.509855846189033,34.241118727057064,42.576640558684005,44.43302365044884
17,6416.968067419715,0.0,-9.592223788129973,25.18236005767945,28.702604086069766,10.242986461732919,2.9047437087620693
18,6416.9680674197125,0.0,-7.288077887154902,39.70889770223125,10.941939837546837,43.70890677337981,7.584170574900776
18,157.09275366420508,75.15607645302542,-10.062713803040396,24.427981441443357,28.77763667337181,43.6301641833954,44.01804822587456
18,159.38088288118266,73.30458140818392,-10.950250631937394,25.37303237102536,32.126414057772735,40.17449254625272,44.89543329276961
18,159.38088288118266,73.30458140818392,-10.645571181687316,25.37303237102536,32.126414057772735,42.510368331503265,44.91455864211349
18,6416.968067419713,0.0,-8.055137982587382,30.692076436361493,38.41026748255683,8.166325349060166,2.8634987739068927
18,6416.968067419713,0.0,-9.833606173375358,20.04217513279092,22.59720449262393,5.9881851551683685,2.04842024196449
18,6416.968067419713,0.0,-8.055137982587382,30.692076436361493,38.41026748255683,8.166325349060166,3.7224125172257008
18,6416.968067419713,0.0,-8.112776680750333,18.08475290172823,38.462903354602176,8.660857907021459,3.6386665641506033
18,6416.968067419713,0.0,-7.395640381252598,37.62647230339921,10.941939837546837,43.70890677337981,8.408816362983128
18,6416.968067419713,0.0,-9.83458830540914,20.058770404775093,22.589674813698263,5.9881851551683685,2.4516162739607417
18,6416.968067419713,0.0,-9.833606173375358,31.618407286293216,22.59720449262393,5.9881851551683685,2.008410876475751
18,6416.968067419713,0.0,-8.060801277361652,30.692076436361493,38.36684888928745,8.166325349060166,3.7224125172257008
18,6416.968067419713,0.0,-8.22832099748097,28.215016244350778,37.08253103503931,8.166325349060166,2.8634987739068927
18,6416.968067419713,0.0,-8.664546362160074,24.35030977393039,33.738136572499556,8.166325349060166,3.7944603486721027
18,6416.968067419713,0.0,-10.049178112866814,27.79889625684119,23.79802372820271,8.841722593514987,2.8355603632890403
18,6416.968067419713,0.0,-8.22832099748097,27.034707187251815,37.08253103503931,8.166325349060166,3.633394914624479
18,6416.968067419713,0.0,-10.088030361749327,27.803388652270264,23.79802372820271,9.139589834947579,2.8355603632890403
18,6416.968067419713,0.0,-8.294590094785033,31.287388644054325,36.5744679557082,8.166325349060166,3.7224125172257008
18,6416.968067419713,0.0,-8.223576653263212,27.802420683733157,37.070795413308495,8.118216421659849,2.8355603632890403
18,6416.968067419713,0.0,-8.23592778151637,28.290054129836154,37.0242123574346,8.166325349060166,2.8634987739068927
18,157.09275366420508,77.84458726542002,-9.91359364802058,24.174038494321234,28.741160589828304,44.736942621670494,43.22707876735756
18,159.38088288118266,76.61687321676366,-10.498867439270967,25.37303237102536,32.126414057772735,43.63509702336197,44.91455864211349
18,160.21629761233368,73.30458140818392,-11.082931090533428,25.37303237102536,32.126414057772735,37.93454769520459,44.96540933444831
18,159.38088288118266,76.61687321676366,-10.523543856370082,25.37303237102536,32.126414057772735,43.44591115893539,44.915703362805864
18,159.60407570853278,75.61050685461743,-10.871634145020558,26.15187092428666,31.673170238040512,40.32397512621621,44.59285735656496
18,6416.968067419714,0.0,-9.361247936745253,22.52425580030102,28.702604086069766,8.472171601116745,2.8634987739068927
18,6416.968067419714,0.0,-9.83458830540914,24.230439157366042,22.589674813698263,5.9881851551683685,2.4516162739607417
18,6416.968067419714,0.0,-9.973041106913833,27.11094337757348,22.55775508632337,7.017736905996104,3.7945194964268225
18,6416.968067419714,0.0,-9.361247936745253,22.115177400539228,28.702604086069766,8.472171601116745,2.8634987739068927
18,6416.968067419714,0.0,-8.695859971150732,30.692076436361493,33.498065570237834,8.166325349060166,2.8634987739068927
18,6416.968067419714,0.0,-7.3081466850165455,39.41085191404174,10.941939837546837,43.70890677337981,7.738031358506717
18,6416.968067419714,0.0,-9.906852814330078,20.04217513279092,22.6772627013119,6.629800944509203,2.04842024196449
18,6416.968067419714,0.0,-8.177414924255192,31.287388644054325,37.47281092977031,8.166325349060166,3.7224125172257008
18,6416.968067419714,0.0,-7.253771047749883,27.691300099038955,10.941939837546837,43.70890677337981,7.3211514727956235
18,6416.968067419714,0.0,-7.5909290761414425,39.70889770223125,10.941939837546837,41.38704765781631,7.584170574900776
18,6416.968067419714,0.0,-10.050843287992786,27.031182760359844,23.80975862049969,8.866223828444406,3.633394914624479
18,6416.968067419714,0.0,-8.294590094785033,33.39426353861808,36.5744679557082,8.166325349060166,3.418469154009154
18,157.09275366420508,80.40979662170017,-9.79641846639694,24.174038494321234,27.842817530713727,44.736942621670494,43.22707876735756
18,161.08132817070606,73.77411514946833,-10.986079860872735,25.666307938655883,32.184732735369224,36.39396116732786,44.16734890063686
18,159.38088288118266,79.69044144059131,-10.672733169651643,25.370362587936764,33.45445181739136,43.6301641833954,44.01804822587456
18,159.38088288118266,79.69044144059131,-10.629539402388644,25.370362587936764,33.12329960170837,43.6301641833954,44.17437815144053
18,159.97635684231136,78.77925768028575,-10.524212151321564,27.13678868631027,31.748448343738588,43.06282185027321,44.68044363641283
18,159.97635684231136,78.77925768028575,-11.096497736536865,27.290740661866167,34.21759134841685,41.12987789224647,44.43302365044884
18,6416.968067419715,0.0,-7.340474662957316,40.102060018399975,10.941939837546837,43.765067148361254,8.042039564367414
18,6416.968067419715,0.0,-8.056043550168404,30.94601938348288,38.403324797768995,8.166325349060166,3.7224125172257008
18,157.09275366420508,88.59183956886469,-10.52327451002175,24.344485845440808,31.96711551007185,43.288677599905085,44.91455864211349
18,160.78800733376025,78.77925768028575,-10.89132063179904,27.278608748093117,33.460629624763214,41.960504780970524,44.17903019174679
18,160.78800733376025,78.77925768028575,-10.865964698223642,27.278608748093117,32.537060276228935,41.231330923181,42.326158936659546
19,6416.9680674197125,0.0,-7.288077887154902,39.70889770223125,10.941939837546837,43.70890677337981,7.584170574900776
19,159.38088288118266,73.30458140818392,-10.950250631937394,25.37303237102536,32.126414057772735,40.17449254625272,44.89543329276961
19,159.38088288118266,73.30458140818392,-10.645571181687316,25.37303237102536,32.126414057772735,42.510368331503265,44.91455864211349
19,157.09275366420508,73.67875806194697,-10.110741701876677,24.344485845440808,28.804363980959653,43.288677599905085,44.91455864211349
19,6416.968067419713,0.0,-8.055137982587382,30.692076436361493,38.41026748255683,8.166325349060166,2.8634987739068927
19,6416.968067419713,0.0,-9.833606173375358,20.04217513279092,22.59720449262393,5.9881851551683685,2.04842024196449
19,6416.968067419713,0.0,-8.055137982587382,30.692076436361493,38.41026748255683,8.166325349060166,3.7224125172257008
19,6416.968067419713,0.0,-8.112776680750333,18.08475290172823,38.462903354602176,8.660857907021459,3.6386665641506033
19,6416.968067419713,0.0,-7.395640381252598,37.62647230339921,10.941939837546837,43.70890677337981,8.408816362983128
19,6416.968067419713,0.0,-9.83458830540914,20.058770404775093,22.589674813698263,5.9881851551683685,2.4516162739607417
19,6416.968067419713,0.0,-9.833606173375358,31.618407286293216,22.59720449262393,5.9881851551683685,2.008410876475751
19,6416.968067419713,0.0,-8.060801277361652,30.692076436361493,38.36684888928745,8.166325349060166,3.7224125172257008
19,6416.968067419713,0.0,-8.22832099748097,28.215016244350778,37.08253103503931,8.166325349060166,2.8634987739068927
19,6416.968067419713,0.0,-8.664546362160074,24.35030977393039,33.738136572499556,8.166325349060166,3.7944603486721027
19,6416.968067419713,0.0,-10.049178112866814,27.79889625684119,23.79802372820271,8.841722593514987,2.8355603632890403
19,6416.968067419713,0.0,-8.22832099748097,27.034707187251815,37.08253103503931,8.166325349060166,3.633394914624479
19,6416.968067419713,0.0,-10.088030361749327,27.803388652270264,23.79802372820271,9.139589834947579,2.8355603632890403
19,6416.968067419713,0.0,-8.294590094785033,31.287388644054325,36.5744679557082,8.166325349060166,3.7224125172257008
19,6416.968067419713,0.0,-8.223576653263212,27.802420683733157,37.070795413308495,8.118216421659849,2.8355603632890403
19,6416.968067419713,0.0,-8.23592778151637,28.290054129836154,37.0242123574346,8.166325349060166,2.8634987739068927
19,6416.968067419713,0.0,-8.055137982587382,30.453253466300122,38.41026748255683,8.166325349060166,3.7224125172257008
19,6416.968067419713,0.0,-7.994646793117727,28.24034983558772,38.874033268490855,8.166325349060166,8.042371446144656
19,6416.968067419713,0.0,-8.185380518008873,31.390514317043756,37.31729015706905,8.071874128470487,2.4516162739607417
19,6416.968067419713,0.0,-9.83041154072269,22.454832487082886,22.59720449262393,5.963692971497913,2.053721533638223
19,6416.968067419713,0.0,-8.08213291651575,27.94532476256201,38.41026748255683,8.373286509177632,3.7224125172257008
19,6416.968067419713,0.0,-8.0601985667126,18.08475290172823,38.462903354602176,8.257759032732158,3.6386665641506033
19,6416.968067419713,0.0,-10.107288450483678,31.287388644054325,22.67711389535194,8.166325349060166,3.7224125172257008
19,160.21629761233368,73.30458140818392,-11.082931090533428,25.37303237102536,32.126414057772735,37.93454769520459,44.96540933444831
19,157.09275366420508,75.15607645302542,-10.062713803040396,24.427981441443357,28.77763667337181,43.6301641833954,44.01804822587456
19,159.97635684231136,74.43619455615237,-11.084502204110912,27.13678868631027,31.748448343738588,38.76726477888822,44.395581964235774
19,6416.968067419714,0.0,-7.255006511612347,33.40985260032797,10.941939837546837,44.03376757771683,7.655484166744875
19,6416.968067419714,0.0,-9.361247936745253,22.52425580030102,28.702604086069766,8.472171601116745,2.8634987739068927
19,157.09275366420508,77.84458726542002,-9.91359364802058,24.174038494321234,28.741160589828304,44.736942621670494,43.22707876735756
19,161.08132817070606,73.77411514946833,-10.986079860872735,25.666307938655883,32.184732735369224,36.39396116732786,44.16734890063686
19,159.58223863077973,75.60192674570071,-10.69359691809612,25.61185534108672,30.158735584989664,40.17449254625272,44.89543329276961
19,159.38088288118266,76.61687321676366,-10.513390427697011,25.37303237102536,32.126414057772735,43.523754112095595,43.11124254150711
19,159.38088288118266,76.61687321676366,-10.498867439270967,25.37303237102536,32.126414057772735,43.63509702336197,44.91455864211349
19,159.38088288118266,76.61687321676366,-10.523543856370082,25.37303237102536,32.126414057772735,43.44591115893539,44.915703362805864
19,6416.968067419714,0.0,-8.294590094785033,33.39426353861808,36.5744679557082,8.166325349060166,3.418469154009154
19,6416.968067419714,0.0,-8.20029254441959,20.04217513279092,37.335413649415024,8.204323156631919,3.326236845084669
19,6416.968067419714,0.0,-7.253771047749883,27.691300099038955,10.941939837546837,43.70890677337981,7.3211514727956235
19,6416.968067419714,0.0,-9.906852814330078,20.04217513279092,22.6772627013119,6.629800944509203,2.04842024196449
19,6416.968067419714,0.0,-7.5909290761414425,39.70889770223125,10.941939837546837,41.38704765781631,7.584170574900776
19,6416.968067419714,0.0,-9.361247936745253,22.115177400539228,28.702604086069766,8.472171601116745,2.8634987739068927
19,6416.968067419714,0.0,-7.3081466850165455,39.41085191404174,10.941939837546837,43.70890677337981,7.738031358506717
19,6416.968067419714,0.0,-9.584231957863954,19.95564473104564,22.74519241694822,4.224304093905246,4.691116865939675
19,6416.968067419714,0.0,-9.83458830540914,24.230439157366042,22.589674813698263,5.9881851551683685,2.4516162739607417
19,6416.968067419714,0.0,-10.050843287992786,27.031182760359844,23.80975862049969,8.866223828444406,3.633394914624479
20,6416.9680674197125,0.0,-7.288077887154902,39.70889770223125,10.941939837546837,43.70890677337981,7.584170574900776
20,159.38088288118266,73.30458140818392,-10.950250631937394,25.37303237102536,32.126414057772735,40.17449254625272,44.89543329276961
20,159.38088288118266,73.30458140818392,-10.645571181687316,25.37303237102536,32.126414057772735,42.510368331503265,44.91455864211349
20,157.09275366420508,73.67875806194697,-10.110741701876677,24.344485845440808,28.804363980959653,43.288677599905085,44.91455864211349
20,6416.9680674197125,0.0,-8.094501477743773,30.692076436361493,38.10848068635786,8.166325349060166,3.7224125172257008
20,160.21629761233368,73.30458140818392,-11.082931090533428,25.37303237102536,32.126414057772735,37.93454769520459,44.96540933444831
20,157.09275366420508,75.15607645302542,-10.062713803040396,24.427981441443357,28.77763667337181,43.6301641833954,44.01804822587456
20,159.97635684231136,74.43619455615237,-11.084502204110912,27.13678868631027,31.748448343738588,38.76726477888822,44.395581964235774
20,6416.968067419713,0.0,-8.055137982587382,30.692076436361493,38.41026748255683,8.166325349060166,2.8634987739068927
20,6416.968067419713,0.0,-9.833606173375358,20.04217513279092,22.59720449262393,5.9881851551683685,2.04842024196449
20,6416.968067419713,0.0,-8.055137982587382,30.692076436361493,38.41026748255683,8.166325349060166,3.7224125172257008
20,6416.968067419713,0.0,-8.112776680750333,18.08475290172823,38.462903354602176,8.660857907021459,3.6386665641506033
20,6416.968067419713,0.0,-7.395640381252598,37.62647230339921,10.941939837546837,43.70890677337981,8.408816362983128
20,6416.968067419713,0.0,-9.83458830540914,20.058770404775093,22.589674813698263,5.9881851551683685,2.4516162739607417
20,6416.968067419713,0.0,-9.833606173375358,31.618407286293216,22.59720449262393,5.9881851551683685,2.008410876475751
20,6416.968067419713,0.0,-8.060801277361652,30.692076436361493,38.36684888928745,8.166325349060166,3.7224125172257008
20,6416.968067419713,0.0,-8.22832099748097,28.215016244350778,37.08253103503931,8.166325349060166,2.8634987739068927
20,6416.968067419713,0.0,-8.664546362160074,24.35030977393039,33.738136572499556,8.166325349060166,3.7944603486721027
20,6416.968067419713,0.0,-10.049178112866814,27.79889625684119,23.79802372820271,8.841722593514987,2.8355603632890403
20,6416.968067419713,0.0,-8.22832099748097,27.034707187251815,37.08253103503931,8.166325349060166,3.633394914624479
20,6416.968067419713,0.0,-10.088030361749327,27.803388652270264,23.79802372820271,9.139589834947579,2.8355603632890403
20,6416.968067419713,0.0,-8.294590094785033,31.287388644054325,36.5744679557082,8.166325349060166,3.7224125172257008
20,6416.968067419713,0.0,-8.223576653263212,27.802420683733157,37.070795413308495,8.118216421659849,2.8355603632890403
20,6416.968067419713,0.0,-8.23592778151637,28.290054129836154,37.0242123574346,8.166325349060166,2.8634987739068927
20,6416.968067419713,0.0,-8.055137982587382,30.453253466300122,38.41026748255683,8.166325349060166,3.7224125172257008
20,6416.968067419713,0.0,-7.994646793117727,28.24034983558772,38.874033268490855,8.166325349060166,8.042371446144656
20,6416.968067419713,0.0,-8.185380518008873,31.390514317043756,37.31729015706905,8.071874128470487,2.4516162739607417
20,6416.968067419713,0.0,-9.83041154072269,22.454832487082886,22.59720449262393,5.963692971497913,2.053721533638223
20,6416.968067419713,0.0,-8.08213291651575,27.94532476256201,38.41026748255683,8.373286509177632,3.7224125172257008
20,6416.968067419713,0.0,-8.0601985667126,18.08475290172823,38.462903354602176,8.257759032732158,3.6386665641506033
20,6416.968067419713,0.0,-10.107288450483678,31.287388644054325,22.67711389535194,8.166325349060166,3.7224125172257008
20,6416.968067419713,0.0,-10.049178112866814,25.622483601050906,23.79802372820271,8.841722593514987,2.8355603632890403
20,6416.968067419713,0.0,-9.343184764724981,25.352917015256672,22.59720449262393,2.2282876888488126,2.012766430628812
20,6416.968067419713,0.0,-9.503602013876105,26.24793275713195,27.133849423624376,7.9947981966745445,4.286279254315062
20,6416.968067419713,0.0,-8.05509230316651,33.35216508086024,38.4106176914502,8.166325349060166,3.7224125172257008
20,6416.968067419713,0.0,-8.15361741497464,27.034707187251815,37.08253103503931,7.593597883178278,3.5047082750109713
20,6416.968067419713,0.0,-8.22832099748097,24.245428220336052,37.08253103503931,8.166325349060166,2.8634987739068927
20,6416.968067419713,0.0,-8.113711695601769,27.94532476256201,38.41026748255683,8.615390482170461,3.7224125172257008
20,6416.968067419714,0.0,-7.288077887154902,40.11558196254343,10.925729018944596,43.70890677337981,7.584170574900776
20,157.09275366420508,77.84458726542002,-9.91359364802058,24.174038494321234,28.741160589828304,44.736942621670494,43.22707876735756
20,6416.968067419714,0.0,-7.255006511612347,33.40985260032797,10.941939837546837,44.03376757771683,7.655484166744875
20,161.08132817070606,73.77411514946833,-10.986079860872735,25.666307938655883,32.184732735369224,36.39396116732786,44.16734890063686
20,159.58223863077973,75.60192674570071,-10.69359691809612,25.61185534108672,30.158735584989664,40.17449254625272,44.89543329276961
20,159.38088288118266,76.61687321676366,-10.84477394911275,25.37303237102536,33.65363527470101,42.510368331503265,44.91455864211349
20,159.38088288118266,76.61687321676366,-10.513390427697011,25.37303237102536,32.126414057772735,43.523754112095595,43.11124254150711
20,159.58223863077973,75.60192674570071,-10.607670016024336,25.61185534108672,30.114659544470733,40.78918942161747,44.89543329276961
20,6416.968067419714,0.0,-7.253771047749883,27.691300099038955,10.941939837546837,43.70890677337981,7.3211514727956235
20,6416.968067419714,0.0,-10.050843287992786,27.031182760359844,23.80975862049969,8.866223828444406,3.633394914624479
21,6416.9680674197125,0.0,-7.288077887154902,39.70889770223125,10.941939837546837,43.70890677337981,7.584170574900776
21,157.09275366420508,73.67875806194697,-10.110741701876677,24.344485845440808,28.804363980959653,43.288677599905085,44.91455864211349
21,6416.9680674197125,0.0,-8.094501477743773,30.692076436361493,38.10848068635786,8.166325349060166,3.7224125172257008
21,159.38088288118266,73.04957132054204,-10.581820055920403,25.37303237102536,31.637655426893065,42.510368331503265,44.91455864211349
21,6416.9680674197125,0.0,-8.094501477743773,30.692076436361493,38.10848068635786,8.166325349060166,6.871905191553258
21,159.60407570874776,72.95976349319275,-10.952086432803544,25.24688545746318,33.28088947263599,40.17449254625272,44.89543329276961
21,6416.9680674197125,0.0,-8.042853142638972,30.692076436361493,38.408574174613044,8.070448268178556,3.8134079634856652
21,157.09275366420508,73.67875806194697,-10.110741701876677,24.344485845440808,28.804363980959653,43.288677599905085,38.98810227984315
21,159.38088288118266,73.30458140818392,-10.950250631937394,25.37303237102536,32.126414057772735,40.17449254625272,44.89543329276961
21,159.38088288118266,73.30458140818392,-10.645571181687316,25.37303237102536,32.126414057772735,42.510368331503265,44.91455864211349
21,6416.968067419713,0.0,-8.055137982587382,30.692076436361493,38.41026748255683,8.166325349060166,2.8634987739068927
21,6416.968067419713,0.0,-9.833606173375358,20.04217513279092,22.59720449262393,5.9881851551683685,2.04842024196449
21,6416.968067419713,0.0,-8.055137982587382,30.692076436361493,38.41026748255683,8.166325349060166,3.7224125172257008
21,6416.968067419713,0.0,-8.112776680750333,18.08475290172823,38.462903354602176,8.660857907021459,3.6386665641506033
21,6416.968067419713,0.0,-7.395640381252598,37.62647230339921,10.941939837546837,43.70890677337981,8.408816362983128
21,6416.968067419713,0.0,-9.83458830540914,20.058770404775093,22.589674813698263,5.9881851551683685,2.4516162739607417
21,6416.968067419713,0.0,-9.833606173375358,31.618407286293216,22.59720449262393,5.9881851551683685,2.008410876475751
21,6416.968067419713,0.0,-8.060801277361652,30.692076436361493,38.36684888928745,8.166325349060166,3.7224125172257008
21,6416.968067419713,0.0,-8.22832099748097,28.215016244350778,37.08253103503931,8.166325349060166,2.8634987739068927
21,6416.968067419713,0.0,-8.664546362160074,24.35030977393039,33.738136572499556,8.166325349060166,3.7944603486721027
21,6416.968067419713,0.0,-10.049178112866814,27.79889625684119,23.79802372820271,8.841722593514987,2.8355603632890403
21,6416.968067419713,0.0,-8.22832099748097,27.034707187251815,37.08253103503931,8.166325349060166,3.633394914624479
21,6416.968067419713,0.0,-10.088030361749327,27.803388652270264,23.79802372820271,9.139589834947579,2.8355603632890403
21,6416.968067419713,0.0,-8.294590094785033,31.287388644054325,36.5744679557082,8.166325349060166,3.7224125172257008
21,6416.968067419713,0.0,-8.223576653263212,27.802420683733157,37.070795413308495,8.118216421659849,2.8355603632890403
21,6416.968067419713,0.0,-8.23592778151637,28.290054129836154,37.0242123574346,8.166325349060166,2.8634987739068927
21,6416.968067419713,0.0,-8.055137982587382,30.453253466300122,38.41026748255683,8.166325349060166,3.7224125172257008
21,6416.968067419713,0.0,-7.994646793117727,28.24034983558772,38.874033268490855,8.166325349060166,8.042371446144656
21,6416.968067419713,0.0,-8.185380518008873,31.390514317043756,37.31729015706905,8.071874128470487,2.4516162739607417
21,6416.968067419713,0.0,-9.83041154072269,22.454832487082886,22.59720449262393,5.963692971497913,2.053721533638223
21,6416.968067419713,0.0,-8.08213291651575,27.94532476256201,38.41026748255683,8.373286509177632,3.7224125172257008
21,6416.968067419713,0.0,-8.0601985667126,18.08475290172823,38.462903354602176,8.257759032732158,3.6386665641506033
21,6416.968067419713,0.0,-10.107288450483678,31.287388644054325,22.67711389535194,8.166325349060166,3.7224125172257008
21,6416.968067419713,0.0,-10.049178112866814,25.622483601050906,23.79802372820271,8.841722593514987,2.8355603632890403
21,6416.968067419713,0.0,-9.343184764724981,25.352917015256672,22.59720449262393,2.2282876888488126,2.012766430628812
21,6416.968067419713,0.0,-9.503602013876105,26.24793275713195,27.133849423624376,7.9947981966745445,4.286279254315062
21,6416.968067419713,0.0,-8.05509230316651,33.35216508086024,38.4106176914502,8.166325349060166,3.7224125172257008
21,6416.968067419713,0.0,-8.15361741497464,27.034707187251815,37.08253103503931,7.593597883178278,3.5047082750109713
21,6416.968067419713,0.0,-8.22832099748097,24.245428220336052,37.08253103503931,8.166325349060166,2.8634987739068927
21,6416.968067419713,0.0,-8.113711695601769,27.94532476256201,38.41026748255683,8.615390482170461,3.7224125172257008
21,6416.968067419713,0.0,-7.8310811613844145,31.620797348895454,40.12803644511294,8.166325349060166,2.8586936047124603
21,6416.968067419713,0.0,-9.833591703163934,20.04217513279092,22.597315430911507,5.9881851551683685,2.04842024196449
21,6416.968067419713,0.0,-8.557901724486928,27.802420683733157,34.54428065759553,8.154860545328711,2.8355603632890403
21,157.09275366420508,75.15607645302542,-10.062713803040396,24.427981441443357,28.77763667337181,43.6301641833954,44.01804822587456
21,6416.968067419714,0.0,-7.288077887154902,40.11558196254343,10.925729018944596,43.70890677337981,7.584170574900776
21,6416.968067419714,0.0,-9.916529152512359,20.058770404775093,21.961461652573586,5.9881851551683685,2.261555062476149
21,157.09275366420508,77.84458726542002,-9.91359364802058,24.174038494321234,28.741160589828304,44.736942621670494,43.22707876735756
21,160.21629761233368,73.30458140818392,-11.082931090533428,25.37303237102536,32.126414057772735,37.93454769520459,44.96540933444831
22,6416.9680674197125,0.0,-7.288077887154902,39.70889770223125,10.941939837546837,43.70890677337981,7.584170574900776
22,157.09275366420508,73.67875806194697,-10.110741701876677,24.344485845440808,28.804363980959653,43.288677599905085,44.91455864211349
22,6416.9680674197125,0.0,-8.094501477743773,30.692076436361493,38.10848068635786,8.166325349060166,3.7224125172257008
22,6416.9680674197125,0.0,-8.094501477743773,30.692076436361493,38.10848068635786,8.166325349060166,6.871905191553258
22,6416.9680674197125,0.0,-8.042853142638972,30.692076436361493,38.408574174613044,8.070448268178556,3.8134079634856652
22,157.09275366420508,73.67875806194697,-10.110741701876677,24.344485845440808,28.804363980959653,43.288677599905085,38.98810227984315
22,157.09275366420508,73.67875806194697,-10.110741701876677,24.344485845440808,28.804363980959653,43.288677599905085,44.91787987113173
22,159.38088288118266,71.35488164724815,-10.950250631937394,25.330130943305086,32.126414057772735,40.17449254625272,44.89543329276961
22,6416.968067419713,0.0,-8.055137982587382,30.692076436361493,38.41026748255683,8.166325349060166,2.8634987739068927
22,6416.968067419713,0.0,-9.871009691964087,27.034707187251815,22.509400579451512,6.18714155117621,2.057527558342804
22,157.09275366420508,75.15607645302542,-10.062713803040396,24.427981441443357,28.77763667337181,43.6301641833954,44.01804822587456
22,159.60407570874776,72.95976349319275,-10.952086432803544,25.24688545746318,33.28088947263599,40.17449254625272,44.89543329276961
22,159.38088288118266,73.04957132054204,-10.581820055920403,25.37303237102536,31.637655426893065,42.510368331503265,44.91455864211349
22,6416.968067419713,0.0,-8.22832099748097,28.215016244350778,37.08253103503931,8.166325349060166,2.8634987739068927
22,6416.968067419713,0.0,-8.294590094785033,31.287388644054325,36.5744679557082,8.166325349060166,3.7224125172257008
22,6416.968067419713,0.0,-8.112776680750333,18.08475290172823,38.462903354602176,8.660857907021459,3.6386665641506033
22,6416.968067419713,0.0,-9.343184764724981,25.352917015256672,22.59720449262393,2.2282876888488126,2.012766430628812
22,6416.968067419713,0.0,-9.833606173375358,31.618407286293216,22.59720449262393,5.9881851551683685,2.008410876475751
22,6416.968067419713,0.0,-8.185380518008873,31.433415744763835,37.31729015706905,8.071874128470487,2.218371008787396
22,6416.968067419713,0.0,-8.557901724486928,27.802420683733157,34.54428065759553,8.154860545328711,2.8355603632890403
22,6416.968067419713,0.0,-8.15361741497464,27.034707187251815,37.08253103503931,7.593597883178278,3.5047082750109713
22,6416.968067419713,0.0,-8.185380518008873,31.390514317043756,37.31729015706905,8.071874128470487,2.4516162739607417
22,6416.968067419713,0.0,-8.664546362160074,24.35030977393039,33.738136572499556,8.166325349060166,3.7944603486721027
22,6416.968067419713,0.0,-8.22832099748097,24.245428220336052,37.08253103503931,8.166325349060166,2.8634987739068927
22,6416.968067419713,0.0,-8.05509230316651,33.36826031028264,38.4106176914502,8.166325349060166,2.3776923982108116
22,6416.968067419713,0.0,-8.05509230316651,33.35216508086024,38.4106176914502,8.166325349060166,3.7224125172257008
22,6416.968067419713,0.0,-8.23592778151637,24.113431288269553,37.0242123574346,8.166325349060166,2.8634987739068927
22,6416.968067419713,0.0,-9.833606173375358,20.04217513279092,22.59720449262393,5.9881851551683685,2.04842024196449
22,6416.968067419713,0.0,-9.833591703163934,20.04217513279092,22.597315430911507,5.9881851551683685,2.04842024196449
22,6416.968067419713,0.0,-8.055137982587382,30.453253466300122,38.41026748255683,8.166325349060166,3.7224125172257008
22,6416.968067419713,0.0,-8.0601985667126,18.08475290172823,38.462903354602176,8.257759032732158,3.6386665641506033
22,6416.968067419713,0.0,-9.83458830540914,20.058770404775093,22.589674813698263,5.9881851551683685,2.4516162739607417
22,6416.968067419713,0.0,-9.503602013876105,26.24793275713195,27.133849423624376,7.9947981966745445,4.286279254315062
22,6416.968067419713,0.0,-8.23592778151637,28.290054129836154,37.0242123574346,8.166325349060166,2.8634987739068927
22,6416.968067419713,0.0,-7.946458897859841,33.970475669379944,37.018713979564126,5.941565529822977,2.4516162739607417
22,6416.968067419713,0.0,-8.055137982587382,30.692076436361493,38.41026748255683,8.166325349060166,3.7224125172257008
22,6416.968067419713,0.0,-7.8310811613844145,31.620797348895454,40.12803644511294,8.166325349060166,2.8586936047124603
22,6416.968067419713,0.0,-10.049178112866814,27.79889625684119,23.79802372820271,8.841722593514987,2.8355603632890403
22,6416.968067419713,0.0,-10.107288450483678,31.287388644054325,22.67711389535194,8.166325349060166,2.5052721213671036
22,6416.968067419713,0.0,-10.107288450483678,31.287388644054325,22.67711389535194,8.166325349060166,3.7224125172257008
22,6416.968067419713,0.0,-8.060801277361652,30.692076436361493,38.36684888928745,8.166325349060166,3.7224125172257008
22,6416.968067419713,0.0,-8.223576653263212,27.802420683733157,37.070795413308495,8.118216421659849,2.8355603632890403
22,6416.968067419713,0.0,-7.395640381252598,37.62647230339921,10.941939837546837,43.70890677337981,8.408816362983128
22,6416.968067419713,0.0,-8.088968173607455,28.215016244350778,38.150902684736295,8.166325349060166,3.3018785061661924
22,6416.968067419713,0.0,-8.094501477743773,30.67598120693909,38.10848068635786,8.166325349060166,3.7224125172257008
22,6416.968067419713,0.0,-10.088030361749327,27.803388652270264,23.79802372820271,9.139589834947579,2.8355603632890403
22,6416.968067419713,0.0,-8.08213291651575,27.94532476256201,38.41026748255683,8.373286509177632,3.7224125172257008
22,6416.968067419713,0.0,-8.22832099748097,27.034707187251815,37.08253103503931,8.166325349060166,3.633394914624479
23,6416.9680674197125,0.0,-7.288077887154902,39.70889770223125,10.941939837546837,43.70890677337981,7.584170574900776
23,157.09275366420508,73.67875806194697,-10.110741701876677,24.344485845440808,28.804363980959653,43.288677599905085,44.91455864211349
23,6416.9680674197125,0.0,-8.094501477743773,30.692076436361493,38.10848068635786,8.166325349060166,3.7224125172257008
23,6416.9680674197125,0.0,-8.094501477743773,30.692076436361493,38.10848068635786,8.166325349060166,6.871905191553258
23,6416.9680674197125,0.0,-8.042853142638972,30.692076436361493,38.408574174613044,8.070448268178556,3.8134079634856652
23,157.09275366420508,73.67875806194697,-10.110741701876677,24.344485845440808,28.804363980959653,43.288677599905085,38.98810227984315
23,157.09275366420508,73.67875806194697,-10.110741701876677,24.344485845440808,28.804363980959653,43.288677599905085,44.91787987113173
23,159.38088288118266,71.35488164724815,-10.950250631937394,25.330130943305086,32.126414057772735,40.17449254625272,44.89543329276961
23,159.38088288118266,71.35488164724815,-10.950250631937394,25.330130943305086,32.126414057772735,40.17449254625272,44.94934079608445
23,157.09275366420508,75.15607645302542,-10.062670785626011,24.427981441443357,28.777306873194867,43.6301641833954,44.978929105679335
23,6416.968067419713,0.0,-7.58393422722267,30.266658471854505,40.12803644511294,6.271532187153466,2.8586936047124603
23,6416.968067419713,0.0,-8.055137982587382,30.692076436361493,38.41026748255683,8.166325349060166,2.8634987739068927
23,157.09275366420508,75.15607645302542,-10.062713803040396,24.427981441443357,28.77763667337181,43.6301641833954,44.01804822587456
23,159.60407570874776,72.95976349319275,-10.952086432803544,25.24688545746318,33.28088947263599,40.17449254625272,44.89543329276961
23,159.38088288118266,73.04957132054204,-10.581820055920403,25.37303237102536,31.637655426893065,42.510368331503265,44.91455864211349
23,6416.968067419713,0.0,-8.22832099748097,28.215016244350778,37.08253103503931,8.166325349060166,2.8634987739068927
23,6416.968067419713,0.0,-9.833606173375358,31.618407286293216,22.59720449262393,5.9881851551683685,2.008410876475751
23,6416.968067419713,0.0,-8.055137982587382,30.692076436361493,38.41026748255683,8.166325349060166,3.7224125172257008
23,6416.968067419713,0.0,-8.112776680750333,18.08475290172823,38.462903354602176,8.660857907021459,3.6386665641506033
23,6416.968067419713,0.0,-8.185380518008873,31.390514317043756,37.31729015706905,8.071874128470487,2.4516162739607417
23,6416.968067419713,0.0,-10.049178112866814,27.79889625684119,23.79802372820271,8.841722593514987,2.8355603632890403
23,6416.968067419713,0.0,-8.08213291651575,27.94532476256201,38.41026748255683,8.373286509177632,3.7224125172257008
23,6416.968067419713,0.0,-9.833591703163934,20.04217513279092,22.597315430911507,5.9881851551683685,2.04842024196449
23,6416.968067419713,0.0,-8.22832099748097,24.245428220336052,37.08253103503931,8.166325349060166,2.8634987739068927
23,6416.968067419713,0.0,-9.503602013876105,26.24793275713195,27.133849423624376,7.9947981966745445,4.286279254315062
23,6416.968067419713,0.0,-8.088968173607455,28.405647690387603,38.150902684736295,8.166325349060166,3.112825483658041
23,6416.968067419713,0.0,-9.83458830540914,20.058770404775093,22.589674813698263,5.9881851551683685,2.4516162739607417
23,6416.968067419713,0.0,-10.107288450483678,31.287388644054325,22.67711389535194,8.166325349060166,3.7224125172257008
23,6416.968067419713,0.0,-8.23592778151637,24.113431288269553,37.0242123574346,8.166325349060166,2.8634987739068927
23,6416.968067419713,0.0,-8.557901724486928,27.802420683733157,34.54428065759553,8.154860545328711,2.8355603632890403
23,6416.968067419713,0.0,-9.343184764724981,25.352917015256672,22.59720449262393,2.2282876888488126,2.012766430628812
23,6416.968067419713,0.0,-7.395640381252598,37.62647230339921,10.941939837546837,43.70890677337981,8.408816362983128
23,6416.968067419713,0.0,-8.215761251842842,27.77044269913298,37.08437119767531,8.071874128470487,2.2154233909186187
23,6416.968067419713,0.0,-8.664546362160074,24.35030977393039,33.738136572499556,8.166325349060166,3.7944603486721027
23,6416.968067419713,0.0,-8.22832099748097,27.034707187251815,37.08253103503931,8.166325349060166,3.633394914624479
23,6416.968067419713,0.0,-9.810954138894417,20.058770404775093,22.71593767283356,5.933252737690787,2.415243850045056
23,6416.968067419713,0.0,-7.874407932679201,28.23411570396672,38.75105489201273,7.121515709220003,2.8355603632890403
23,6416.968067419713,0.0,-7.8310811613844145,31.620797348895454,40.12803644511294,8.166325349060166,2.8586936047124603
23,6416.968067419713,0.0,-8.245306691787803,28.290054129836154,36.8979480083386,8.111965978711815,2.273312613310246
23,6416.968067419713,0.0,-9.827975542121164,18.322735398808693,22.64037266557274,5.9881851551683685,2.04842024196449
23,6416.968067419713,0.0,-8.294590094785033,31.287388644054325,36.5744679557082,8.166325349060166,3.7224125172257008
23,6416.968067419713,0.0,-9.861292728211732,31.356207981339043,22.509400579451512,6.112644829074807,9.554321430027265
23,6416.968067419713,0.0,-8.223576653263212,27.802420683733157,37.070795413308495,8.118216421659849,2.8355603632890403
23,6416.968067419713,0.0,-10.107288450483678,31.287388644054325,22.67711389535194,8.166325349060166,2.5052721213671036
23,6416.968067419713,0.0,-8.0601985667126,18.08475290172823,38.462903354602176,8.257759032732158,3.6386665641506033
23,6416.968067419713,0.0,-8.05509230316651,33.36826031028264,38.4106176914502,8.166325349060166,2.3776923982108116
23,6416.968067419713,0.0,-8.055137982587382,30.453253466300122,38.41026748255683,8.166325349060166,3.7224125172257008
23,6416.968067419713,0.0,-7.946458897859841,33.970475669379944,37.018713979564126,5.941565529822977,2.4516162739607417
24,6416.9680674197125,0.0,-7.288077887154902,39.70889770223125,10.941939837546837,43.70890677337981,7.584170574900776
24,157.09275366420508,73.67875806194697,-10.110741701876677,24.344485845440808,28.804363980959653,43.288677599905085,44.91455864211349
24,6416.9680674197125,0.0,-8.094501477743773,30.692076436361493,38.10848068635786,8.166325349060166,3.7224125172257008
24,6416.9680674197125,0.0,-8.094501477743773,30.692076436361493,38.10848068635786,8.166325349060166,6.871905191553258
24,6416.9680674197125,0.0,-8.042853142638972,30.692076436361493,38.408574174613044,8.070448268178556,3.8134079634856652
24,157.09275366420508,73.67875806194697,-10.110741701876677,24.344485845440808,28.804363980959653,43.288677599905085,38.98810227984315
24,157.09275366420508,73.67875806194697,-10.110741701876677,24.344485845440808,28.804363980959653,43.288677599905085,44.91787987113173
24,159.38088288118266,71.35488164724815,-10.950250631937394,25.330130943305086,32.126414057772735,40.17449254625272,44.89543329276961
24,159.38088288118266,71.35488164724815,-10.950250631937394,25.330130943305086,32.126414057772735,40.17449254625272,44.94934079608445
24,6416.9680674197125,0.0,-8.094501477743773,30.692076436361493,38.10848068635786,8.166325349060166,6.751674400269228
24,157.09275366420508,73.67875806194697,-10.043626534814997,24.344485845440808,28.685334696993856,43.684197930078824,43.87451279728487
24,157.09275366420508,75.15607645302542,-10.077715955691936,24.427981441443357,28.892653177033605,43.6301641833954,44.978929105679335
24,6416.968067419713,0.0,-7.288077887154902,40.17269936124527,10.941939837546837,43.70890677337981,7.584170574900776
24,157.09275366420508,75.15607645302542,-10.062670785626011,24.427981441443357,28.777306873194867,43.6301641833954,44.978929105679335
24,6416.968067419713,0.0,-7.58393422722267,30.266658471854505,40.12803644511294,6.271532187153466,2.8586936047124603
24,159.60407570853278,72.95622078674161,-11.041880532344116,25.801980232358574,31.991362314512084,39.336944899873856,44.89543329276961
24,159.38088288118266,73.04957132054204,-10.581820055920403,25.37303237102536,31.637655426893065,42.510368331503265,44.91455864211349
24,6416.968067419713,0.0,-8.055137982587382,30.692076436361493,38.41026748255683,8.166325349060166,3.7224125172257008
24,6416.968067419713,0.0,-8.223576653263212,27.802420683733157,37.070795413308495,8.118216421659849,2.8355603632890403
24,6416.968067419713,0.0,-8.05509230316651,33.36826031028264,38.4106176914502,8.166325349060166,2.3776923982108116
24,6416.968067419713,0.0,-9.833591703163934,20.04217513279092,22.597315430911507,5.9881851551683685,2.04842024196449
24,6416.968067419713,0.0,-8.055137982587382,30.692076436361493,38.41026748255683,8.166325349060166,2.8634987739068927
24,6416.968067419713,0.0,-8.08213291651575,27.94532476256201,38.41026748255683,8.373286509177632,3.7224125172257008
24,6416.968067419713,0.0,-9.83458830540914,20.058770404775093,22.589674813698263,5.9881851551683685,2.4516162739607417
24,6416.968067419713,0.0,-7.782961000336318,30.692076436361493,38.408574174613044,6.077941843858212,3.8134079634856652
24,6416.968067419713,0.0,-8.057428944420604,30.692076436361493,38.39270344183546,8.166325349060166,3.7155971208961587
24,6416.968067419713,0.0,-7.946458897859841,33.970475669379944,37.018713979564126,5.941565529822977,2.4516162739607417
24,6416.968067419713,0.0,-8.22832099748097,28.215016244350778,37.08253103503931,8.166325349060166,2.8634987739068927
24,6416.968067419713,0.0,-8.23592778151637,24.113431288269553,37.0242123574346,8.166325349060166,2.8634987739068927
24,6416.968067419713,0.0,-8.185380518008873,31.390514317043756,37.31729015706905,8.071874128470487,2.4516162739607417
24,6416.968067419713,0.0,-9.861292728211732,31.356207981339043,22.509400579451512,6.112644829074807,10.0130642391632
24,6416.968067419713,0.0,-8.246028722825539,28.270209097127804,36.89028888605944,8.109842427721953,2.273312613310246
24,157.09275366420508,75.15607645302542,-10.062713803040396,24.427981441443357,28.77763667337181,43.6301641833954,44.01804822587456
24,6416.968067419713,0.0,-8.294590094785033,31.287388644054325,36.5744679557082,8.166325349060166,3.7224125172257008
24,6416.968067419713,0.0,-7.874407932679201,28.23411570396672,38.75105489201273,7.121515709220003,2.8355603632890403
24,6416.968067419713,0.0,-9.861292728211732,31.356207981339043,22.509400579451512,6.112644829074807,9.554321430027265
24,6416.968067419713,0.0,-9.833606173375358,31.618407286293216,22.59720449262393,5.9881851551683685,2.008410876475751
24,6416.968067419713,0.0,-9.503602013876105,26.24793275713195,27.133849423624376,7.9947981966745445,4.286279254315062
24,6416.968067419713,0.0,-8.112776680750333,18.08475290172823,38.462903354602176,8.660857907021459,3.6386665641506033
24,6416.968067419713,0.0,-8.088968173607455,28.405647690387603,38.150902684736295,8.166325349060166,3.112825483658041
24,6416.968067419713,0.0,-8.245306691787803,28.290054129836154,36.8979480083386,8.111965978711815,2.273312613310246
24,6416.968067419713,0.0,-9.343184764724981,25.352917015256672,22.59720449262393,2.2282876888488126,2.012766430628812
24,6416.968067419713,0.0,-10.049178112866814,27.79889625684119,23.79802372820271,8.841722593514987,2.8355603632890403
24,6416.968067419713,0.0,-8.062273134441423,30.595495147328517,38.289341631894,8.100102329278295,2.778519411398084
24,6416.968067419713,0.0,-8.557901724486928,27.802420683733157,34.54428065759553,8.154860545328711,2.8355603632890403
24,6416.968067419713,0.0,-9.915073684662971,19.261189894482033,22.850989415995343,6.866554331744819,2.3862612895056676
24,6416.968067419713,0.0,-8.042892918985729,27.914496728869818,38.408574174613044,8.070753220170351,3.8150335817662624
24,6416.968067419713,0.0,-8.215761251842842,27.77044269913298,37.08437119767531,8.071874128470487,2.2154233909186187
25,6416.9680674197125,0.0,-7.288077887154902,39.70889770223125,10.941939837546837,43.70890677337981,7.584170574900776
25,6416.9680674197125,0.0,-8.094501477743773,30.692076436361493,38.10848068635786,8.166325349060166,3.7224125172257008
25,6416.9680674197125,0.0,-8.094501477743773,30.692076436361493,38.10848068635786,8.166325349060166,6.871905191553258
25,6416.9680674197125,0.0,-8.042853142638972,30.692076436361493,38.408574174613044,8.070448268178556,3.8134079634856652
25,159.38088288118266,71.35488164724815,-10.950250631937394,25.330130943305086,32.126414057772735,40.17449254625272,44.89543329276961
25,159.38088288118266,71.35488164724815,-10.950250631937394,25.330130943305086,32.126414057772735,40.17449254625272,44.94934079608445
25,6416.9680674197125,0.0,-8.094501477743773,30.692076436361493,38.10848068635786,8.166325349060166,6.751674400269228
25,157.09275366420508,72.00084542942732,-10.107397310513733,24.344485845440808,29.17424397735085,43.684197930078824,43.87451279728487
25,6416.9680674197125,0.0,-8.099427241740962,30.692076436361493,38.07071649571273,8.166325349060166,2.088276953338324
25,6416.968067419713,0.0,-9.912456025913476,31.618407286293216,21.992688956498355,5.9881851551683685,2.0084700930512733
25,6416.968067419713,0.0,-7.288077887154902,40.17269936124527,10.941939837546837,43.70890677337981,7.584170574900776
25,157.09275366420508,73.67875806194697,-10.110741701876677,24.344485845440808,28.804363980959653,43.288677599905085,44.91455864211349
25,157.09275366420508,73.67875806194697,-10.10919379494289,24.344485845440808,28.804363980959653,43.30054488639746,44.917033111895
25,159.60407570853278,72.95622078674161,-11.041880532344116,25.801980232358574,31.991362314512084,39.336944899873856,44.89543329276961
25,159.38088288118266,73.04957132054204,-10.581820055920403,25.37303237102536,31.637655426893065,42.510368331503265,44.91455864211349
25,6416.968067419713,0.0,-8.185380518008873,31.390514317043756,37.31729015706905,8.071874128470487,2.4516162739607417
25,6416.968067419713,0.0,-9.83458830540914,20.058770404775093,22.589674813698263,5.9881851551683685,2.4516162739607417
25,6416.968067419713,0.0,-8.223576653263212,27.802420683733157,37.070795413308495,8.118216421659849,2.8355603632890403
25,6416.968067419713,0.0,-7.874407932679201,28.23411570396672,38.75105489201273,7.121515709220003,2.8355603632890403
25,6416.968067419713,0.0,-8.215761251842842,27.77044269913298,37.08437119767531,8.071874128470487,2.2154233909186187
25,6416.968067419713,0.0,-9.861292728211732,31.356207981339043,22.509400579451512,6.112644829074807,9.554321430027265
25,6416.968067419713,0.0,-7.946458897859841,33.970475669379944,37.018713979564126,5.941565529822977,2.4516162739607417
25,6416.968067419713,0.0,-8.05509230316651,33.36826031028264,38.4106176914502,8.166325349060166,2.3776923982108116
25,6416.968067419713,0.0,-8.24038092779061,28.290054129836154,36.93571219898374,8.111965978711815,7.9057853264296885
25,6416.968067419713,0.0,-9.915073684662971,19.261189894482033,22.850989415995343,6.866554331744819,2.3862612895056676
25,6416.968067419713,0.0,-8.057428944420604,30.692076436361493,38.39270344183546,8.166325349060166,3.7155971208961587
25,6416.968067419713,0.0,-9.861292728211732,31.356207981339043,22.509400579451512,6.112644829074807,10.0130642391632
25,6416.968067419713,0.0,-8.539844716148174,32.67588218203583,35.74096175625512,9.213104580057841,2.9188554748742446
25,6416.968067419713,0.0,-9.833606173375358,31.618407286293216,22.59720449262393,5.9881851551683685,2.008410876475751
25,6416.968067419713,0.0,-10.049178112866814,27.79889625684119,23.79802372820271,8.841722593514987,2.8355603632890403
25,6416.968067419713,0.0,-8.062273134441423,30.595495147328517,38.289341631894,8.100102329278295,2.778519411398084
25,6416.968067419713,0.0,-8.112776680750333,18.08475290172823,38.462903354602176,8.660857907021459,3.6386665641506033
25,6416.968067419713,0.0,-8.099602560170602,30.59535586313047,38.09291272477012,8.18986568607813,6.871905191553258
25,6416.968067419713,0.0,-8.088968173607455,28.405647690387603,38.150902684736295,8.166325349060166,3.112825483658041
25,6416.968067419713,0.0,-8.055137982587382,30.692076436361493,38.41026748255683,8.166325349060166,2.8634987739068927
25,6416.968067419713,0.0,-9.421800815422339,25.352917015256672,21.992622436033418,2.226428687604728,2.0084132406364623
25,6416.968067419713,0.0,-8.055483228598924,35.893446369653894,38.40762059646837,8.166325349060166,2.016799169693441
25,6416.968067419713,0.0,-8.276383696974687,30.692076436361493,36.77067305858062,8.22294806871995,3.7224125172257008
25,6416.968067419713,0.0,-8.055137982587382,30.692076436361493,38.41026748255683,8.166325349060166,3.7224125172257008
25,6416.968067419713,0.0,-8.246028722825539,28.270209097127804,36.89028888605944,8.109842427721953,2.273312613310246
25,6416.968067419713,0.0,-9.343184764724981,25.352917015256672,22.59720449262393,2.2282876888488126,2.012766430628812
25,157.09275366420508,73.67875806194697,-10.043626534814997,24.344485845440808,28.685334696993856,43.684197930078824,43.87451279728487
25,6416.968067419713,0.0,-8.557901724486928,27.802420683733157,34.54428065759553,8.154860545328711,2.8355603632890403
25,6416.968067419713,0.0,-8.088587629867817,28.405647690387603,38.15382018674018,8.166325349060166,3.112303584280778
25,6416.968067419713,0.0,-9.833591703163934,20.04217513279092,22.597315430911507,5.9881851551683685,2.04842024196449
25,6416.968067419713,0.0,-8.294590094785033,31.287388644054325,36.5744679557082,8.166325349060166,3.7224125172257008
25,6416.968067419713,0.0,-7.782961000336318,30.692076436361493,38.408574174613044,6.077941843858212,3.8134079634856652
25,157.09275366420508,73.67875806194697,-10.110741701876677,24.344485845440808,28.804363980959653,43.288677599905085,38.98810227984315
26,6416.9680674197125,0.0,-7.288077887154902,39.70889770223125,10.941939837546837,43.70890677337981,7.584170574900776
26,6416.9680674197125,0.0,-8.094501477743773,30.692076436361493,38.10848068635786,8.166325349060166,3.7224125172257008
26,6416.9680674197125,0.0,-8.094501477743773,30.692076436361493,38.10848068635786,8.166325349060166,6.871905191553258
26,6416.9680674197125,0.0,-8.042853142638972,30.692076436361493,38.408574174613044,8.070448268178556,3.8134079634856652
26,159.38088288118266,71.35488164724815,-10.950250631937394,25.330130943305086,32.126414057772735,40.17449254625272,44.89543329276961
26,159.38088288118266,71.35488164724815,-10.950250631937394,25.330130943305086,32.126414057772735,40.17449254625272,44.94934079608445
26,6416.9680674197125,0.0,-8.094501477743773,30.692076436361493,38.10848068635786,8.166325349060166,6.751674400269228
26,6416.9680674197125,0.0,-8.099427241740962,30.692076436361493,38.07071649571273,8.166325349060166,2.088276953338324
26,159.97757401991475,66.40870120043643,-10.950250631937394,25.579798383240885,32.126414057772735,40.17449254625272,44.89543329276961
26,6416.9680674197125,0.0,-8.213629936499139,30.692076436361493,37.19516250256673,8.166325349060166,6.871905191553258
26,6416.9680674197125,0.0,-8.099427241740962,30.692076436361493,38.07071649571273,8.166325349060166,4.967583773340583
26,6416.9680674197125,0.0,-8.094501477743773,30.491543614580465,38.10848068635786,8.166325349060166,6.85284086313031
26,157.09275366420508,71.7595261566958,-10.222891908913361,24.344485845440808,29.31042689042501,42.93492225542256,44.91933039571274
26,6416.968067419713,0.0,-8.057428944420604,29.043909038753323,38.39270344183546,8.166325349060166,3.7155971208961587
26,6416.968067419713,0.0,-9.912456025913476,31.618407286293216,21.992688956498355,5.9881851551683685,2.0084700930512733
26,157.09275366420508,72.00084542942732,-10.107397310513733,24.344485845440808,29.17424397735085,43.684197930078824,43.87451279728487
26,6416.968067419713,0.0,-8.112776680750333,18.08475290172823,38.462903354602176,8.660857907021459,3.6386665641506033
26,6416.968067419713,0.0,-10.028628920122156,29.282864008473613,23.21225793878659,8.098412993056481,3.7941006341410697
26,6416.968067419713,0.0,-8.05509230316651,33.36826031028264,38.4106176914502,8.166325349060166,2.3776923982108116
26,6416.968067419713,0.0,-9.833606173375358,31.618407286293216,22.59720449262393,5.9881851551683685,2.008410876475751
26,6416.968067419713,0.0,-8.223576653263212,27.802420683733157,37.070795413308495,8.118216421659849,2.8355603632890403
26,6416.968067419713,0.0,-8.057428944420604,30.692076436361493,38.39270344183546,8.166325349060166,3.7155971208961587
26,6416.968067419713,0.0,-8.185380518008873,31.390514317043756,37.31729015706905,8.071874128470487,2.4516162739607417
26,6416.968067419713,0.0,-9.861292728211732,31.356207981339043,22.509400579451512,6.112644829074807,9.554321430027265
26,6416.968067419713,0.0,-10.049178112866814,27.79889625684119,23.79802372820271,8.841722593514987,2.8355603632890403
26,6416.968067419713,0.0,-8.539844716148174,32.67588218203583,35.74096175625512,9.213104580057841,2.9188554748742446
26,6416.968067419713,0.0,-8.24038092779061,28.290054129836154,36.93571219898374,8.111965978711815,7.9057853264296885
26,6416.968067419713,0.0,-8.294590094785033,31.287388644054325,36.5744679557082,8.166325349060166,3.7224125172257008
26,6416.968067419713,0.0,-9.421800815422339,25.352917015256672,21.992622436033418,2.226428687604728,2.0084132406364623
26,6416.968067419713,0.0,-8.215761251842842,27.77044269913298,37.08437119767531,8.071874128470487,2.2154233909186187
26,6416.968067419713,0.0,-7.874407932679201,28.23411570396672,38.75105489201273,7.121515709220003,2.8355603632890403
26,6416.968067419713,0.0,-9.833591703163934,20.04217513279092,22.597315430911507,5.9881851551683685,2.04842024196449
26,6416.968067419713,0.0,-8.055483228598924,35.893446369653894,38.40762059646837,8.166325349060166,2.016799169693441
26,6416.968067419713,0.0,-7.288077887154902,40.17269936124527,10.941939837546837,43.70890677337981,7.584170574900776
26,6416.968067419713,0.0,-7.0108813942695,31.101784435214938,10.941939837546837,43.70890677337981,5.458997462779375
26,6416.968067419713,0.0,-8.062273134441423,30.595495147328517,38.289341631894,8.100102329278295,7.031054711369993
26,6416.968067419713,0.0,-8.246028722825539,28.270209097127804,36.89028888605944,8.109842427721953,2.273312613310246
26,6416.968067419713,0.0,-7.9996785677463755,33.970475669379944,36.593448628068046,5.924317647456984,2.3863042989391983
26,6416.968067419713,0.0,-9.83458830540914,20.058770404775093,22.589674813698263,5.9881851551683685,2.4516162739607417
26,6416.968067419713,0.0,-9.861292728211732,31.356207981339043,22.509400579451512,6.112644829074807,10.0130642391632
26,6416.968067419713,0.0,-8.055137982587382,30.692076436361493,38.41026748255683,8.166325349060166,2.8634987739068927
26,6416.968067419713,0.0,-8.088587629867817,28.405647690387603,38.15382018674018,8.166325349060166,3.112303584280778
26,6416.968067419713,0.0,-8.062273134441423,30.595495147328517,38.289341631894,8.100102329278295,2.778519411398084
26,6416.968067419713,0.0,-8.276383696974687,30.692076436361493,36.77067305858062,8.22294806871995,3.7224125172257008
26,6416.968067419713,0.0,-8.088968173607455,28.405647690387603,38.150902684736295,8.166325349060166,3.112825483658041
26,6416.968067419713,0.0,-7.946458897859841,33.970475669379944,37.018713979564126,5.941565529822977,2.4516162739607417
26,6416.968067419713,0.0,-7.782961000336318,30.692076436361493,38.408574174613044,6.077941843858212,3.8134079634856652
26,6416.968067419713,0.0,-9.915073684662971,19.261189894482033,22.850989415995343,6.866554331744819,2.3862612895056676
27,6416.9680674197125,0.0,-7.288077887154902,39.70889770223125,10.941939837546837,43.70890677337981,7.584170574900776
27,6416.9680674197125,0.0,-8.094501477743773,30.692076436361493,38.10848068635786,8.166325349060166,3.7224125172257008
27,6416.9680674197125,0.0,-8.094501477743773,30.692076436361493,38.10848068635786,8.166325349060166,6.871905191553258
27,6416.9680674197125,0.0,-8.042853142638972,30.692076436361493,38.408574174613044,8.070448268178556,3.8134079634856652
27,159.38088288118266,71.35488164724815,-10.950250631937394,25.330130943305086,32.126414057772735,40.17449254625272,44.89543329276961
27,159.38088288118266,71.35488164724815,-10.950250631937394,25.330130943305086,32.126414057772735,40.17449254625272,44.94934079608445
27,6416.9680674197125,0.0,-8.094501477743773,30.692076436361493,38.10848068635786,8.166325349060166,6.751674400269228
27,6416.9680674197125,0.0,-8.099427241740962,30.692076436361493,38.07071649571273,8.166325349060166,2.088276953338324
27,159.97757401991475,66.40870120043643,-10.950250631937394,25.579798383240885,32.126414057772735,40.17449254625272,44.89543329276961
27,6416.9680674197125,0.0,-8.213629936499139,30.692076436361493,37.19516250256673,8.166325349060166,6.871905191553258
27,6416.9680674197125,0.0,-8.099427241740962,30.692076436361493,38.07071649571273,8.166325349060166,4.967583773340583
27,6416.9680674197125,0.0,-8.094501477743773,30.491543614580465,38.10848068635786,8.166325349060166,6.85284086313031
27,157.09275366420508,71.7595261566958,-10.222891908913361,24.344485845440808,29.31042689042501,42.93492225542256,44.91933039571274
27,6416.9680674197125,0.0,-8.094462053320417,30.692076436361493,38.10878294027027,8.166325349060166,3.7224125172257008
27,6416.9680674197125,0.0,-8.043391454478883,30.692076436361493,38.41026748255683,8.076268633561655,2.8216566947397976
27,6416.9680674197125,0.0,-8.087598466355924,30.491543614580465,38.10848068635786,8.113402261753325,6.85284086313031
27,6416.9680674197125,0.0,-8.09296372772518,30.491543614580465,38.12027010316706,8.166325349060166,5.9117587002515375
27,6416.9680674197125,0.0,-8.119798113615914,30.690817795488034,38.10848068635786,8.360266224079936,8.516019594292084
27,6416.968067419713,0.0,-8.057428944420604,29.043909038753323,38.39270344183546,8.166325349060166,3.7155971208961587
27,157.09275366420508,72.00084542942732,-10.107397310513733,24.344485845440808,29.17424397735085,43.684197930078824,43.87451279728487
27,6416.968067419713,0.0,-7.882535994868093,30.692076436361493,38.10848068635786,6.541256647013313,7.564538190440077
27,6416.968067419713,0.0,-8.185380518008873,31.390514317043756,37.31729015706905,8.071874128470487,2.4516162739607417
27,6416.968067419713,0.0,-8.185307060625668,30.676506623577044,37.31866964725665,8.072690445386822,6.871905191553258
27,6416.968067419713,0.0,-10.028628920122156,29.282864008473613,23.21225793878659,8.098412993056481,3.7941006341410697
27,6416.968067419713,0.0,-10.049178112866814,27.79889625684119,23.79802372820271,8.841722593514987,2.8355603632890403
27,6416.968067419713,0.0,-8.088587629867817,28.405647690387603,38.15382018674018,8.166325349060166,3.112303584280778
27,6416.968067419713,0.0,-9.83458830540914,20.058770404775093,22.589674813698263,5.9881851551683685,2.4516162739607417
27,6416.968067419713,0.0,-8.215761251842842,27.77044269913298,37.08437119767531,8.071874128470487,2.2154233909186187
27,6416.968067419713,0.0,-8.24038092779061,28.290054129836154,36.93571219898374,8.111965978711815,7.9057853264296885
27,6416.968067419713,0.0,-7.946458897859841,33.970475669379944,37.018713979564126,5.941565529822977,2.4516162739607417
27,6416.968067419713,0.0,-8.055483228598924,35.893446369653894,38.40762059646837,8.166325349060166,2.016799169693441
27,6416.968067419713,0.0,-8.055489112346873,30.692076436361493,38.40757548773407,8.166325349060166,6.751674400269228
27,6416.968067419713,0.0,-7.782961000336318,30.692076436361493,38.408574174613044,6.077941843858212,3.8134079634856652
27,6416.968067419713,0.0,-8.05509230316651,33.36826031028264,38.4106176914502,8.166325349060166,2.3776923982108116
27,6416.968067419713,0.0,-8.219849693579281,27.77044269913298,37.055293991653556,8.074141642428101,3.7728892148770643
27,6416.968067419713,0.0,-9.473101482843349,27.79889625684119,25.513297787991373,6.140409156457094,2.835002044908916
27,6416.968067419713,0.0,-7.874407932679201,28.23411570396672,38.75105489201273,7.121515709220003,2.8355603632890403
27,6416.968067419713,0.0,-9.833606173375358,31.618407286293216,22.59720449262393,5.9881851551683685,2.008410876475751
27,6416.968067419713,0.0,-7.9996785677463755,33.970475669379944,36.593448628068046,5.924317647456984,2.3863042989391983
27,6416.968067419713,0.0,-8.062273134441423,30.595495147328517,38.289341631894,8.100102329278295,7.031054711369993
27,6416.968067419713,0.0,-9.912456025913476,31.618407286293216,21.992688956498355,5.9881851551683685,2.0084700930512733
27,6416.968067419713,0.0,-8.053340502684168,25.797972016441854,38.421780647857204,8.164057835102552,2.160510987604024
27,6416.968067419713,0.0,-8.539844716148174,32.67588218203583,35.74096175625512,9.213104580057841,2.9188554748742446
27,6416.968067419713,0.0,-8.103527309871147,35.893446369653894,38.108525795092156,8.23556850410435,2.016799169693441
27,6416.968067419713,0.0,-9.861292728211732,31.356207981339043,22.509400579451512,6.112644829074807,9.554321430027265
27,6416.968067419713,0.0,-9.421800815422339,25.352917015256672,21.992622436033418,2.226428687604728,2.0084132406364623
27,6416.968067419713,0.0,-9.915073684662971,19.261189894482033,22.850989415995343,6.866554331744819,2.3862612895056676
27,6416.968067419713,0.0,-8.223576653263212,27.802420683733157,37.070795413308495,8.118216421659849,2.8355603632890403
28,6416.9680674197125,0.0,-7.288077887154902,39.70889770223125,10.941939837546837,43.70890677337981,7.584170574900776
28,6416.9680674197125,0.0,-8.094501477743773,30.692076436361493,38.10848068635786,8.166325349060166,3.7224125172257008
28,6416.9680674197125,0.0,-8.094501477743773,30.692076436361493,38.10848068635786,8.166325349060166,6.871905191553258
28,6416.9680674197125,0.0,-8.042853142638972,30.692076436361493,38.408574174613044,8.070448268178556,3.8134079634856652
28,159.38088288118266,71.35488164724815,-10.950250631937394,25.330130943305086,32.126414057772735,40.17449254625272,44.89543329276961
28,159.38088288118266,71.35488164724815,-10.950250631937394,25.330130943305086,32.126414057772735,40.17449254625272,44.94934079608445
28,6416.9680674197125,0.0,-8.094501477743773,30.692076436361493,38.10848068635786,8.166325349060166,6.751674400269228
28,6416.9680674197125,0.0,-8.099427241740962,30.692076436361493,38.07071649571273,8.166325349060166,2.088276953338324
28,159.97757401991475,66.40870120043643,-10.950250631937394,25.579798383240885,32.126414057772735,40.17449254625272,44.89543329276961
28,6416.9680674197125,0.0,-8.213629936499139,30.692076436361493,37.19516250256673,8.166325349060166,6.871905191553258
28,6416.9680674197125,0.0,-8.099427241740962,30.692076436361493,38.07071649571273,8.166325349060166,4.967583773340583
28,6416.9680674197125,0.0,-8.094501477743773,30.491543614580465,38.10848068635786,8.166325349060166,6.85284086313031
28,157.09275366420508,71.7595261566958,-10.222891908913361,24.344485845440808,29.31042689042501,42.93492225542256,44.91933039571274
28,6416.9680674197125,0.0,-8.094462053320417,30.692076436361493,38.10878294027027,8.166325349060166,3.7224125172257008
28,6416.9680674197125,0.0,-8.043391454478883,30.692076436361493,38.41026748255683,8.076268633561655,2.8216566947397976
28,6416.9680674197125,0.0,-8.087598466355924,30.491543614580465,38.10848068635786,8.113402261753325,6.85284086313031
28,6416.9680674197125,0.0,-8.09296372772518,30.491543614580465,38.12027010316706,8.166325349060166,5.9117587002515375
28,6416.9680674197125,0.0,-8.119798113615914,30.690817795488034,38.10848068635786,8.360266224079936,8.516019594292084
28,6416.9680674197125,0.0,-8.055279729742402,30.46741047564085,38.40918075436836,8.166325349060166,6.85284086313031
28,6416.9680674197125,0.0,-8.118586752974256,30.690817795488034,38.11797045233068,8.360468891800036,12.141005972295666
28,6416.9680674197125,0.0,-8.088135758616819,30.692076436361493,38.15728453299782,8.166325349060166,3.7224125172257008
28,6416.9680674197125,0.0,-8.094501477743773,30.692076436361493,38.10848068635786,8.166325349060166,3.674427167408999
28,159.38088288118266,71.35488164724815,-10.966027097048105,25.29373585111889,32.126414057772735,40.05353964707057,44.94934079608445
28,6416.968067419713,0.0,-8.057428944420604,29.043909038753323,38.39270344183546,8.166325349060166,3.7155971208961587
28,157.09275366420508,72.00084542942732,-10.107397310513733,24.344485845440808,29.17424397735085,43.684197930078824,43.87451279728487
28,6416.968067419713,0.0,-7.882535994868093,30.692076436361493,38.10848068635786,6.541256647013313,6.900431461777817
28,157.09275366420508,72.00084542942732,-10.13729536859109,24.344485845440808,29.40346242261055,43.684197930078824,44.128522805067945
28,6416.968067419713,0.0,-9.912456025913476,31.618407286293216,21.992688956498355,5.9881851551683685,2.0084700930512733
28,6416.968067419713,0.0,-8.539844716148174,32.67588218203583,35.74096175625512,9.213104580057841,2.9188554748742446
28,6416.968067419713,0.0,-10.028628920122156,29.282864008473613,23.21225793878659,8.098412993056481,3.7941006341410697
28,6416.968067419713,0.0,-8.103527309871147,35.893446369653894,38.108525795092156,8.23556850410435,2.016799169693441
28,6416.968067419713,0.0,-9.473101482843349,27.79889625684119,25.513297787991373,6.140409156457094,2.835002044908916
28,6416.968067419713,0.0,-8.219849693579281,27.77044269913298,37.055293991653556,8.074141642428101,3.7728892148770643
28,6416.968067419713,0.0,-9.861292728211732,31.356207981339043,22.509400579451512,6.112644829074807,9.554321430027265
28,6416.968067419713,0.0,-8.185380518008873,31.390514317043756,37.31729015706905,8.071874128470487,2.4516162739607417
28,6416.968067419713,0.0,-9.833606173375358,31.618407286293216,22.59720449262393,5.9881851551683685,2.008410876475751
28,6416.968067419713,0.0,-8.062273134441423,30.595495147328517,38.289341631894,8.100102329278295,7.031054711369993
28,6416.968067419713,0.0,-7.676294599458657,27.63395470327075,40.26992378003689,7.121515709220003,2.8355603632890403
28,6416.968067419713,0.0,-8.465197076283154,29.47638660000755,35.74096175625512,8.64080600775935,7.586402330149924
28,6416.968067419713,0.0,-8.103518793731947,35.893446369653894,38.108591085492705,8.23556850410435,2.0883500930336134
28,6416.968067419713,0.0,-7.946458897859841,33.970475669379944,37.018713979564126,5.941565529822977,2.4516162739607417
28,6416.968067419713,0.0,-7.799248355412601,30.692076436361493,38.503345745963315,6.297583137459981,2.6879739487526395
28,6416.968067419713,0.0,-8.055483228598924,35.893446369653894,38.40762059646837,8.166325349060166,2.016799169693441
28,6416.968067419713,0.0,-8.062782453844154,29.043909038753323,38.35165986958826,8.166325349060166,4.216265601527479
28,6416.968067419713,0.0,-9.675288317591445,19.261189894482033,22.850989415995343,5.02819985086312,3.186619503806401
28,6416.968067419713,0.0,-8.05509230316651,31.612047253788383,38.4106176914502,8.166325349060166,2.0046831074904916
28,6416.968067419713,0.0,-8.947262790526615,30.491543614580465,29.681881252742542,6.277562646779993,7.757194032809387
28,6416.968067419713,0.0,-8.088587629867817,28.405647690387603,38.15382018674018,8.166325349060166,3.112303584280778
29,6416.9680674197125,0.0,-7.288077887154902,39.70889770223125,10.941939837546837,43.70890677337981,7.584170574900776
29,6416.9680674197125,0.0,-8.094501477743773,30.692076436361493,38.10848068635786,8.166325349060166,3.7224125172257008
29,6416.9680674197125,0.0,-8.094501477743773,30.692076436361493,38.10848068635786,8.166325349060166,6.871905191553258
29,6416.9680674197125,0.0,-8.042853142638972,30.692076436361493,38.408574174613044,8.070448268178556,3.8134079634856652
29,159.38088288118266,71.35488164724815,-10.950250631937394,25.330130943305086,32.126414057772735,40.17449254625272,44.89543329276961
29,159.38088288118266,71.35488164724815,-10.950250631937394,25.330130943305086,32.126414057772735,40.17449254625272,44.94934079608445
29,6416.9680674197125,0.0,-8.094501477743773,30.692076436361493,38.10848068635786,8.166325349060166,6.751674400269228
29,6416.9680674197125,0.0,-8.099427241740962,30.692076436361493,38.07071649571273,8.166325349060166,2.088276953338324
29,159.97757401991475,66.40870120043643,-10.950250631937394,25.579798383240885,32.126414057772735,40.17449254625272,44.89543329276961
29,6416.9680674197125,0.0,-8.213629936499139,30.692076436361493,37.19516250256673,8.166325349060166,6.871905191553258
29,6416.9680674197125,0.0,-8.099427241740962,30.692076436361493,38.07071649571273,8.166325349060166,4.967583773340583
29,6416.9680674197125,0.0,-8.094501477743773,30.491543614580465,38.10848068635786,8.166325349060166,6.85284086313031
29,157.09275366420508,71.7595261566958,-10.222891908913361,24.344485845440808,29.31042689042501,42.93492225542256,44.91933039571274
29,6416.9680674197125,0.0,-8.094462053320417,30.692076436361493,38.10878294027027,8.166325349060166,3.7224125172257008
29,6416.9680674197125,0.0,-8.043391454478883,30.692076436361493,38.41026748255683,8.076268633561655,2.8216566947397976
29,6416.9680674197125,0.0,-8.087598466355924,30.491543614580465,38.10848068635786,8.113402261753325,6.85284086313031
29,6416.9680674197125,0.0,-8.09296372772518,30.491543614580465,38.12027010316706,8.166325349060166,5.9117587002515375
29,6416.9680674197125,0.0,-8.119798113615914,30.690817795488034,38.10848068635786,8.360266224079936,8.516019594292084
29,6416.9680674197125,0.0,-8.055279729742402,30.46741047564085,38.40918075436836,8.166325349060166,6.85284086313031
29,6416.9680674197125,0.0,-8.118586752974256,30.690817795488034,38.11797045233068,8.360468891800036,12.141005972295666
29,6416.9680674197125,0.0,-8.088135758616819,30.692076436361493,38.15728453299782,8.166325349060166,3.7224125172257008
29,6416.9680674197125,0.0,-8.094501477743773,30.692076436361493,38.10848068635786,8.166325349060166,3.674427167408999
29,159.38088288118266,71.35488164724815,-10.966027097048105,25.29373585111889,32.126414057772735,40.05353964707057,44.94934079608445
29,6416.9680674197125,0.0,-8.120046953852022,30.690817795488034,38.118086814496614,8.371780127362168,12.141005972295666
29,6416.9680674197125,0.0,-8.119734568532465,30.690817795488034,38.10896786533099,8.360266224079936,4.621636941310037
29,6416.9680674197125,0.0,-8.099427241740962,30.692076436361493,38.07071649571273,8.166325349060166,4.979832559388136
29,6416.9680674197125,0.0,-8.09473874190692,30.692076436361493,38.10848068635786,8.168144374310959,6.871797108641075
29,6416.9680674197125,0.0,-8.042853142638972,30.692076436361493,38.408574174613044,8.070448268178556,3.842859434255483
29,6416.9680674197125,0.0,-8.119798113615914,30.690817795488034,38.10848068635786,8.360266224079936,8.486575855322378
29,6416.9680674197125,0.0,-8.094462053320417,30.692076436361493,38.10878294027027,8.166325349060166,2.260200118509247
29,6416.9680674197125,0.0,-8.167970551051166,30.69447003554976,37.545217791001186,8.166325349060166,3.7551746205688907
29,157.09275366420508,72.00084542942732,-10.022046152346121,24.35949071246184,29.40346242261055,44.56777525462359,44.128522805067945
29,6416.968067419713,0.0,-8.041280629031753,30.692076436361493,38.51607584783084,8.165894003740998,2.7936923955650417
29,157.09275366420508,72.00084542942732,-10.107397310513733,24.344485845440808,29.17424397735085,43.684197930078824,43.87451279728487
29,6416.968067419713,0.0,-8.057428944420604,29.043909038753323,38.39270344183546,8.166325349060166,3.7155971208961587
29,6416.968067419713,0.0,-8.076166494579738,30.692076436361493,38.24904889061548,8.166325349060166,3.7224125172257008
29,6416.968067419713,0.0,-8.055483228598924,35.893446369653894,38.40762059646837,8.166325349060166,2.016799169693441
29,6416.968067419713,0.0,-7.676294599458657,27.63395470327075,40.26992378003689,7.121515709220003,2.8355603632890403
29,6416.968067419713,0.0,-8.219849693579281,27.77044269913298,37.055293991653556,8.074141642428101,3.7728892148770643
29,6416.968067419713,0.0,-8.05509230316651,31.612047253788383,38.4106176914502,8.166325349060166,2.0046831074904916
29,6416.968067419713,0.0,-9.473101482843349,27.79889625684119,25.513297787991373,6.140409156457094,2.835002044908916
29,6416.968067419713,0.0,-8.088587629867817,28.405647690387603,38.15382018674018,8.166325349060166,3.112303584280778
29,6416.968067419713,0.0,-8.103518793731947,35.893446369653894,38.108591085492705,8.23556850410435,2.0883500930336134
29,6416.968067419713,0.0,-7.259065197681917,39.70889770223125,10.941939837546837,43.93133739267267,7.584170574900776
29,6416.968067419713,0.0,-7.946458897859841,33.970475669379944,37.018713979564126,5.941565529822977,2.4516162739607417
29,6416.968067419713,0.0,-8.062273134441423,30.595495147328517,38.289341631894,8.100102329278295,7.031054711369993
29,6416.968067419713,0.0,-7.799248355412601,30.692076436361493,38.503345745963315,6.297583137459981,2.6879739487526395
29,6416.968067419713,0.0,-7.390628527806207,30.692076436361493,38.10738516894028,2.7688705487879393,3.722705701839156
30,6416.9680674197125,0.0,-7.288077887154902,39.70889770223125,10.941939837546837,43.70890677337981,7.584170574900776
30,6416.9680674197125,0.0,-8.094501477743773,30.692076436361493,38.10848068635786,8.166325349060166,3.7224125172257008
30,6416.9680674197125,0.0,-8.094501477743773,30.692076436361493,38.10848068635786,8.166325349060166,6.871905191553258
30,6416.9680674197125,0.0,-8.042853142638972,30.692076436361493,38.408574174613044,8.070448268178556,3.8134079634856652
30,6416.9680674197125,0.0,-8.094501477743773,30.692076436361493,38.10848068635786,8.166325349060166,6.751674400269228
30,6416.9680674197125,0.0,-8.099427241740962,30.692076436361493,38.07071649571273,8.166325349060166,2.088276953338324
30,159.97757401991475,66.40870120043643,-10.950250631937394,25.579798383240885,32.126414057772735,40.17449254625272,44.89543329276961
30,6416.9680674197125,0.0,-8.213629936499139,30.692076436361493,37.19516250256673,8.166325349060166,6.871905191553258
30,6416.9680674197125,0.0,-8.099427241740962,30.692076436361493,38.07071649571273,8.166325349060166,4.967583773340583
30,6416.9680674197125,0.0,-8.094501477743773,30.491543614580465,38.10848068635786,8.166325349060166,6.85284086313031
30,157.09275366420508,71.7595261566958,-10.222891908913361,24.344485845440808,29.31042689042501,42.93492225542256,44.91933039571274
30,6416.9680674197125,0.0,-8.094462053320417,30.692076436361493,38.10878294027027,8.166325349060166,3.7224125172257008
30,6416.9680674197125,0.0,-8.043391454478883,30.692076436361493,38.41026748255683,8.076268633561655,2.8216566947397976
30,6416.9680674197125,0.0,-8.087598466355924,30.491543614580465,38.10848068635786,8.113402261753325,6.85284086313031
30,6416.9680674197125,0.0,-8.09296372772518,30.491543614580465,38.12027010316706,8.166325349060166,5.9117587002515375
30,6416.9680674197125,0.0,-8.119798113615914,30.690817795488034,38.10848068635786,8.360266224079936,8.516019594292084
30,6416.9680674197125,0.0,-8.055279729742402,30.46741047564085,38.40918075436836,8.166325349060166,6.85284086313031
30,6416.9680674197125,0.0,-8.118586752974256,30.690817795488034,38.11797045233068,8.360468891800036,12.141005972295666
30,6416.9680674197125,0.0,-8.088135758616819,30.692076436361493,38.15728453299782,8.166325349060166,3.7224125172257008
30,6416.9680674197125,0.0,-8.094501477743773,30.692076436361493,38.10848068635786,8.166325349060166,3.674427167408999
30,6416.9680674197125,0.0,-8.120046953852022,30.690817795488034,38.118086814496614,8.371780127362168,12.141005972295666
30,6416.9680674197125,0.0,-8.119734568532465,30.690817795488034,38.10896786533099,8.360266224079936,4.621636941310037
30,6416.9680674197125,0.0,-8.099427241740962,30.692076436361493,38.07071649571273,8.166325349060166,4.979832559388136
30,6416.9680674197125,0.0,-8.09473874190692,30.692076436361493,38.10848068635786,8.168144374310959,6.871797108641075
30,6416.9680674197125,0.0,-8.042853142638972,30.692076436361493,38.408574174613044,8.070448268178556,3.842859434255483
30,6416.9680674197125,0.0,-8.119798113615914,30.690817795488034,38.10848068635786,8.360266224079936,8.486575855322378
30,6416.9680674197125,0.0,-8.094462053320417,30.692076436361493,38.10878294027027,8.166325349060166,2.260200118509247
30,6416.9680674197125,0.0,-8.167970551051166,30.69447003554976,37.545217791001186,8.166325349060166,3.7551746205688907
30,6416.9680674197125,0.0,-8.094463249683347,30.692076436361493,38.10878294027027,8.166334521175974,6.862476398081539
30,6416.9680674197125,0.0,-8.113317970079077,30.690817795488034,38.15816178680696,8.360266224079936,11.486823489904715
30,159.38088288118266,68.3404842696401,-10.831793964540438,25.330130943305086,31.218246274396122,40.17449254625272,44.94934079608445
30,6416.9680674197125,0.0,-8.166532975387724,30.692076436361493,37.5562392044209,8.166325349060166,3.4607923188972407
30,6416.9680674197125,0.0,-8.09473874190692,30.692076436361493,38.10848068635786,8.168144374310959,3.8803355418696643
30,6416.9680674197125,0.0,-8.044458720099172,30.692076436361493,38.38987105604679,8.064054576807143,4.803463865384029
30,6416.9680674197125,0.0,-8.09461590215366,30.692076436361493,38.107603432548714,8.166325349060166,3.4383931249297084
30,6416.9680674197125,0.0,-8.094501477743773,30.69105609124358,38.10848068635786,8.166325349060166,4.50098495166813
30,6416.9680674197125,0.0,-8.119121334451457,30.692118366214096,38.10848068635786,8.355077583819076,8.360238900903486
30,6416.9680674197125,0.0,-8.094501477743773,30.692076436361493,38.10848068635786,8.166325349060166,6.6658891908108
30,6416.9680674197125,0.0,-8.09296372772518,30.693829050904313,38.12027010316706,8.166325349060166,5.9117587002515375
30,6416.968067419713,0.0,-8.095939053407214,30.69447003554976,38.097459272938146,8.166325349060166,7.046064559871445
30,6416.968067419713,0.0,-8.041280629031753,30.692076436361493,38.51607584783084,8.165894003740998,2.7936923955650417
30,157.09275366420508,72.00084542942732,-10.022046152346121,24.35949071246184,29.40346242261055,44.56777525462359,44.128522805067945
30,157.09275366420508,72.00084542942732,-10.022046152346121,24.35949071246184,29.40346242261055,44.56777525462359,44.5417556277517
30,159.38088288118266,71.35488164724815,-10.966027097048105,25.29373585111889,32.126414057772735,40.05353964707057,44.94934079608445
30,159.38088288118266,71.35488164724815,-10.950250631937394,25.330130943305086,32.126414057772735,40.17449254625272,44.89543329276961
30,6416.968067419713,0.0,-8.076166494579738,30.692076436361493,38.24904889061548,8.166325349060166,3.7224125172257008
30,6416.968067419713,0.0,-8.103518793731947,35.893446369653894,38.108591085492705,8.23556850410435,2.0883500930336134
30,6416.968067419713,0.0,-8.05509230316651,31.612047253788383,38.4106176914502,8.166325349060166,2.0046831074904916
31,6416.9680674197125,0.0,-8.094462053320417,30.692076436361493,38.10878294027027,8.166325349060166,3.7844256382209003
31,157.09275366420508,71.7595261566958,-10.222891908913361,24.344485845440808,29.31042689042501,42.93492225542256,44.91933039571274
31,6416.9680674197125,0.0,-7.288077887154902,39.70889770223125,10.941939837546837,43.70890677337981,7.584170574900776
31,159.97757401991475,66.40870120043643,-10.950250631937394,25.579798383240885,32.126414057772735,40.17449254625272,44.89543329276961
31,159.38088288118266,68.3404842696401,-11.041486782718493,25.330130943305086,32.25287718160962,39.60147851410115,44.89543329276961
31,159.38088288118266,68.3404842696401,-10.831793964540438,25.330130943305086,31.218246274396122,40.17449254625272,44.94934079608445
31,6416.9680674197125,0.0,-8.119798113615914,30.690817795488034,38.10848068635786,8.360266224079936,8.486575855322378
31,6416.9680674197125,0.0,-8.099427241740962,30.692076436361493,38.07071649571273,8.166325349060166,4.967583773340583
31,6416.9680674197125,0.0,-8.041398158629924,30.693763168879205,38.42554941739885,8.076268633561655,8.93152529020321
31,6416.9680674197125,0.0,-8.119762432828516,30.690746447703365,38.10895690678134,8.360468891800036,7.103306535227711
31,6416.9680674197125,0.0,-8.213629936499139,30.692076436361493,37.19516250256673,8.166325349060166,6.871905191553258
31,6416.9680674197125,0.0,-8.167970551051166,30.69447003554976,37.545217791001186,8.166325349060166,3.7551746205688907
31,6416.9680674197125,0.0,-8.094462053320417,30.692076436361493,38.10878294027027,8.166325349060166,2.260200118509247
31,6416.9680674197125,0.0,-8.055279729742402,30.46741047564085,38.40918075436836,8.166325349060166,6.85284086313031
31,6416.9680674197125,0.0,-8.042853142638972,30.692076436361493,38.408574174613044,8.070448268178556,3.8134079634856652
31,6416.9680674197125,0.0,-8.093408198258157,30.690817795488034,38.11111426038084,8.160577113693435,11.486823489904715
31,6416.9680674197125,0.0,-8.094501477743773,30.692076436361493,38.10848068635786,8.166325349060166,3.674427167408999
31,6416.9680674197125,0.0,-8.1199026100835,30.69212000539692,38.10249090651219,8.355077583819076,8.360238900903486
31,6416.9680674197125,0.0,-8.094501477743773,30.491543614580465,38.10848068635786,8.166325349060166,6.85284086313031
31,6416.9680674197125,0.0,-8.094501477743773,30.689306204961664,38.10848068635786,8.166325349060166,4.50098495166813
31,6416.9680674197125,0.0,-8.119121334451457,30.692118366214096,38.10848068635786,8.355077583819076,8.360238900903486
31,6416.9680674197125,0.0,-8.044458720099172,30.692076436361493,38.38987105604679,8.064054576807143,2.0690706440813376
31,6416.9680674197125,0.0,-8.09473874190692,30.692076436361493,38.10848068635786,8.168144374310959,6.871797108641075
31,6416.9680674197125,0.0,-8.09461590215366,30.692076436361493,38.107603432548714,8.166325349060166,3.4383931249297084
31,6416.9680674197125,0.0,-8.118586752974256,30.690817795488034,38.11797045233068,8.360468891800036,12.141005972295666
31,6416.9680674197125,0.0,-8.087598466355924,30.491543614580465,38.10848068635786,8.113402261753325,6.85284086313031
31,6416.9680674197125,0.0,-8.099427241740962,30.692076436361493,38.07071649571273,8.166325349060166,2.088276953338324
31,6416.9680674197125,0.0,-8.092905045168756,30.692076436361493,38.12072000276629,8.166325349060166,5.904559640919072
31,6416.9680674197125,0.0,-8.094501477743773,30.692076436361493,38.10848068635786,8.166325349060166,2.368315055756047
31,6416.9680674197125,0.0,-8.119798113615914,30.690817795488034,38.10848068635786,8.360266224079936,8.516019594292084
31,6416.9680674197125,0.0,-8.044458720099172,30.692076436361493,38.38987105604679,8.064054576807143,4.803463865384029
31,6416.9680674197125,0.0,-8.09296372772518,30.693829050904313,38.12027010316706,8.166325349060166,5.9117587002515375
31,6416.9680674197125,0.0,-8.11452567397458,30.692076436361493,38.154650958974834,8.366014459446667,3.4383931249297084
31,6416.9680674197125,0.0,-8.120046953852022,30.690817795488034,38.118086814496614,8.371780127362168,12.141005972295666
31,6416.9680674197125,0.0,-8.043391454478883,30.692076436361493,38.41026748255683,8.076268633561655,2.8216566947397976
31,6416.9680674197125,0.0,-8.113317970079077,30.690817795488034,38.15816178680696,8.360266224079936,11.486823489904715
31,6416.9680674197125,0.0,-8.088135758616819,30.692076436361493,38.15728453299782,8.166325349060166,3.7224125172257008
31,6416.9680674197125,0.0,-8.094501477743773,30.692076436361493,38.10848068635786,8.166325349060166,6.751674400269228
31,6416.9680674197125,0.0,-8.09473874190692,30.692076436361493,38.10848068635786,8.168144374310959,3.8803355418696643
31,6416.9680674197125,0.0,-8.166532975387724,30.692076436361493,37.5562392044209,8.166325349060166,3.4607923188972407
31,6416.9680674197125,0.0,-8.053610937601093,30.719184936027187,38.32609774657013,8.070448268178556,3.8134079634856652
31,6416.9680674197125,0.0,-8.042853142638972,30.692076436361493,38.408574174613044,8.070448268178556,3.842859434255483
31,6416.9680674197125,0.0,-8.094462053320417,30.692076436361493,38.10878294027027,8.166325349060166,3.7224125172257008
31,6416.9680674197125,0.0,-8.099427241740962,30.692076436361493,38.07071649571273,8.166325349060166,4.979832559388136
31,6416.9680674197125,0.0,-8.094501477743773,30.692076436361493,38.10848068635786,8.166325349060166,3.7224125172257008
31,6416.9680674197125,0.0,-8.094463249683347,30.692076436361493,38.10878294027027,8.166334521175974,6.862476398081539
31,6416.9680674197125,0.0,-8.087455001413488,30.491543614580465,38.10958058424985,8.113402261753325,4.057899930731897
31,6416.9680674197125,0.0,-8.094501477743773,30.69105609124358,38.10848068635786,8.166325349060166,4.50098495166813
32,6416.9680674197125,0.0,-8.099427241740962,30.486837183669213,38.07071649571273,8.166325349060166,2.088276953338324
32,6416.9680674197125,0.0,-8.094462053320417,30.692076436361493,38.10878294027027,8.166325349060166,3.7844256382209003
32,157.09275366420508,71.7595261566958,-10.222891908913361,24.344485845440808,29.31042689042501,42.93492225542256,44.91933039571274
32,159.97757401991475,66.40870120043643,-10.950250631937394,25.579798383240885,32.126414057772735,40.17449254625272,44.89543329276961
32,159.38088288118266,68.3404842696401,-10.831793964540438,25.330130943305086,31.218246274396122,40.17449254625272,44.94934079608445
32,159.38088288118266,68.3404842696401,-11.041486782718493,25.330130943305086,32.25287718160962,39.60147851410115,44.89543329276961
32,6416.9680674197125,0.0,-8.09473874190692,30.692076436361493,38.10848068635786,8.168144374310959,3.8803355418696643
32,6416.9680674197125,0.0,-8.096306665825153,30.692076436361493,38.10848068635786,8.180165124350763,8.574936481186285
32,6416.9680674197125,0.0,-8.11834750965701,30.69447003554976,38.111289069224604,8.351953309928406,11.2501618591374
32,6416.9680674197125,0.0,-8.087598466355924,30.491543614580465,38.10848068635786,8.113402261753325,6.85284086313031
32,6416.9680674197125,0.0,-8.11452567397458,30.692076436361493,38.154650958974834,8.366014459446667,3.4383931249297084
32,6416.9680674197125,0.0,-8.044458720099172,30.692076436361493,38.38987105604679,8.064054576807143,2.0690706440813376
32,6416.9680674197125,0.0,-8.113317970079077,30.690817795488034,38.15816178680696,8.360266224079936,11.486823489904715
32,6416.9680674197125,0.0,-8.094501477743773,30.692076436361493,38.10848068635786,8.166325349060166,2.368315055756047
32,6416.9680674197125,0.0,-7.288077887154902,39.70889770223125,10.941939837546837,43.70890677337981,7.584170574900776
32,6416.9680674197125,0.0,-8.094501477743773,30.692076436361493,38.10848068635786,8.166325349060166,3.7224125172257008
32,6416.9680674197125,0.0,-8.09461590215366,30.692076436361493,38.107603432548714,8.166325349060166,3.4383931249297084
32,6416.9680674197125,0.0,-8.099427241740962,30.692076436361493,38.07071649571273,8.166325349060166,2.088276953338324
32,6416.9680674197125,0.0,-8.1199026100835,30.69212000539692,38.10249090651219,8.355077583819076,8.360238900903486
32,6416.9680674197125,0.0,-8.119762432828516,30.690746447703365,38.10895690678134,8.360468891800036,7.103306535227711
32,6416.9680674197125,0.0,-8.099427241740962,30.692076436361493,38.07071649571273,8.166325349060166,4.967583773340583
32,6416.9680674197125,0.0,-8.094501477743773,30.491543614580465,38.10848068635786,8.166325349060166,6.85284086313031
32,6416.9680674197125,0.0,-8.09473874190692,30.692076436361493,38.10848068635786,8.168144374310959,6.871797108641075
32,6416.9680674197125,0.0,-8.044458720099172,30.692076436361493,38.38987105604679,8.064054576807143,8.915114023623222
32,6416.9680674197125,0.0,-8.041398158629924,30.693763168879205,38.42554941739885,8.076268633561655,8.93152529020321
32,6416.9680674197125,0.0,-8.166532975387724,30.692076436361493,37.5562392044209,8.166325349060166,3.4607923188972407
32,6416.9680674197125,0.0,-8.119798113615914,30.690817795488034,38.10848068635786,8.360266224079936,8.486575855322378
32,6416.9680674197125,0.0,-8.094501477743773,30.689306204961664,38.10848068635786,8.166325349060166,4.50098495166813
32,6416.9680674197125,0.0,-8.092905045168756,30.692076436361493,38.12072000276629,8.166325349060166,5.904559640919072
32,6416.9680674197125,0.0,-8.118586752974256,30.690817795488034,38.11797045233068,8.360468891800036,12.141005972295666
32,6416.9680674197125,0.0,-8.120046953852022,30.690817795488034,38.118086814496614,8.371780127362168,12.141005972295666
32,6416.9680674197125,0.0,-8.044458720099172,30.692076436361493,38.38987105604679,8.064054576807143,4.803463865384029
32,6416.9680674197125,0.0,-8.09296372772518,30.693829050904313,38.12027010316706,8.166325349060166,5.9117587002515375
32,6416.9680674197125,0.0,-8.167970551051166,30.69447003554976,37.545217791001186,8.166325349060166,3.7551746205688907
32,6416.9680674197125,0.0,-8.055279729742402,30.46741047564085,38.40918075436836,8.166325349060166,6.85284086313031
32,6416.9680674197125,0.0,-8.094462053320417,30.692076436361493,38.10878294027027,8.166325349060166,2.260200118509247
32,6416.9680674197125,0.0,-8.053610937601093,30.719184936027187,38.32609774657013,8.070448268178556,3.8134079634856652
32,6416.9680674197125,0.0,-8.088135758616819,30.692076436361493,38.15728453299782,8.166325349060166,3.7224125172257008
32,6416.9680674197125,0.0,-8.094501477743773,30.692076436361493,38.10848068635786,8.166325349060166,3.674427167408999
32,6416.9680674197125,0.0,-8.093408198258157,30.690817795488034,38.11111426038084,8.160577113693435,11.486823489904715
32,6416.9680674197125,0.0,-8.094501477743773,30.69105609124358,38.10848068635786,8.166325349060166,4.50098495166813
32,6416.9680674197125,0.0,-8.094462053320417,30.692076436361493,38.10878294027027,8.166325349060166,2.1956576416269296
32,6416.9680674197125,0.0,-8.087455001413488,30.491543614580465,38.10958058424985,8.113402261753325,4.057899930731897
32,6416.9680674197125,0.0,-8.094463249683347,30.692076436361493,38.10878294027027,8.166334521175974,6.862476398081539
32,6416.9680674197125,0.0,-8.042853142638972,30.692076436361493,38.408574174613044,8.070448268178556,3.842859434255483
32,6416.9680674197125,0.0,-7.911148493133119,30.491543614580465,39.51418690170618,8.166325349060166,7.3332103378810825
32,6416.9680674197125,0.0,-8.094462053320417,30.692076436361493,38.10878294027027,8.166325349060166,3.7224125172257008
32,6416.9680674197125,0.0,-8.042853142638972,30.692076436361493,38.408574174613044,8.070448268178556,3.8134079634856652
33,6416.9680674197125,0.0,-8.095652355490298,30.692127418563043,38.10848068635786,8.175148745116882,10.92966202398804
33,6416.9680674197125,0.0,-8.099427241740962,30.486837183669213,38.07071649571273,8.166325349060166,2.088276953338324
33,157.09275366420508,71.7595261566958,-10.132714371974409,24.344485845440808,28.619065773893098,42.93492225542256,37.37196625937643
33,157.09275366420508,71.7595261566958,-10.222891908913361,24.344485845440808,29.31042689042501,42.93492225542256,44.91933039571274
33,159.97757401991475,66.40870120043643,-10.950250631937394,25.579798383240885,32.126414057772735,40.17449254625272,44.89543329276961
33,159.38088288118266,68.3404842696401,-11.041486782718493,25.330130943305086,32.25287718160962,39.60147851410115,44.89543329276961
33,159.38088288118266,68.3404842696401,-10.831793964540438,25.330130943305086,31.218246274396122,40.17449254625272,44.94934079608445
33,6416.9680674197125,0.0,-8.117485475799565,30.69447003554976,38.117940205921556,8.351995520384929,9.075545795040956
33,6416.9680674197125,0.0,-8.118586752974256,30.690817795488034,38.11797045233068,8.360468891800036,12.141005972295666
33,6416.9680674197125,0.0,-8.044458720099172,30.692076436361493,38.38987105604679,8.064054576807143,4.803463865384029
33,6416.9680674197125,0.0,-8.094462053320417,30.692076436361493,38.10878294027027,8.166325349060166,2.260200118509247
33,6416.9680674197125,0.0,-8.093408198258157,30.690817795488034,38.11111426038084,8.160577113693435,11.486823489904715
33,6416.9680674197125,0.0,-7.943587069043858,30.491543614580465,39.2111314545506,8.11196565055357,2.3712853076117186
33,6416.9680674197125,0.0,-8.09473874190692,30.692076436361493,38.10848068635786,8.168144374310959,3.8803355418696643
33,6416.9680674197125,0.0,-8.113317970079077,30.690817795488034,38.15816178680696,8.360266224079936,11.486823489904715
33,6416.9680674197125,0.0,-8.094462053320417,30.692076436361493,38.10878294027027,8.166325349060166,2.1956576416269296
33,6416.9680674197125,0.0,-8.094463249683347,30.692076436361493,38.10878294027027,8.166334521175974,6.862476398081539
33,6416.9680674197125,0.0,-8.087598466355924,30.491543614580465,38.10848068635786,8.113402261753325,6.85284086313031
33,6416.9680674197125,0.0,-8.099427241740962,30.692076436361493,38.07071649571273,8.166325349060166,2.088276953338324
33,6416.9680674197125,0.0,-8.094501477743773,30.692076436361493,38.10848068635786,8.166325349060166,2.368315055756047
33,6416.9680674197125,0.0,-8.09473874190692,30.692076436361493,38.10848068635786,8.168144374310959,4.139257528853712
33,6416.9680674197125,0.0,-7.911148493133119,30.491543614580465,39.51418690170618,8.166325349060166,7.3332103378810825
33,6416.9680674197125,0.0,-8.099427241740962,30.692076436361493,38.07071649571273,8.166325349060166,4.967583773340583
33,6416.9680674197125,0.0,-8.09296372772518,30.693829050904313,38.12027010316706,8.166325349060166,5.9117587002515375
33,6416.9680674197125,0.0,-8.055279729742402,30.46741047564085,38.40918075436836,8.166325349060166,6.85284086313031
33,6416.9680674197125,0.0,-8.11452567397458,30.692076436361493,38.154650958974834,8.366014459446667,3.4383931249297084
33,6416.9680674197125,0.0,-8.041398158629924,30.693763168879205,38.42554941739885,8.076268633561655,8.93152529020321
33,6416.9680674197125,0.0,-8.119448786831704,30.690817795488034,38.111319315633736,8.360426681343515,12.141005972295666
33,6416.9680674197125,0.0,-8.11907816326768,30.692078599617997,38.10881166543347,8.355077583819076,8.360238900903486
33,6416.9680674197125,0.0,-8.09461590215366,30.692076436361493,38.107603432548714,8.166325349060166,3.4383931249297084
33,6416.9680674197125,0.0,-8.11860781144603,30.690766813286483,38.10878294027027,8.35144282802322,3.7844256382209003
33,6416.9680674197125,0.0,-8.096306665825153,30.692076436361493,38.10848068635786,8.180165124350763,8.574936481186285
33,6416.9680674197125,0.0,-8.094462053320417,30.692076436361493,38.10878294027027,8.166325349060166,3.7844256382209003
33,6416.9680674197125,0.0,-8.11834750965701,30.69447003554976,38.111289069224604,8.351953309928406,11.2501618591374
33,6416.9680674197125,0.0,-8.094501477743773,30.689306204961664,38.10848068635786,8.166325349060166,4.50098495166813
33,6416.9680674197125,0.0,-8.042853142638972,30.692076436361493,38.408574174613044,8.070448268178556,3.8134079634856652
33,6416.9680674197125,0.0,-8.088135758616819,30.692076436361493,38.15728453299782,8.166325349060166,3.7224125172257008
33,6416.9680674197125,0.0,-8.167970551051166,30.69447003554976,37.545217791001186,8.166325349060166,3.7551746205688907
33,6416.9680674197125,0.0,-8.094463249683347,30.692076436361493,38.10878294027027,8.166334521175974,7.870995770511954
33,6416.9680674197125,0.0,-8.044458720099172,30.692076436361493,38.38987105604679,8.064054576807143,8.915114023623222
33,6416.9680674197125,0.0,-8.120046953852022,30.690817795488034,38.118086814496614,8.371780127362168,12.141005972295666
33,6416.9680674197125,0.0,-8.087455001413488,30.491543614580465,38.10958058424985,8.113402261753325,4.057899930731897
33,6416.9680674197125,0.0,-8.119798113615914,30.690817795488034,38.10848068635786,8.360266224079936,8.486575855322378
33,6416.9680674197125,0.0,-8.09473874190692,30.692076436361493,38.10848068635786,8.168144374310959,6.871797108641075
33,6416.9680674197125,0.0,-8.094462053320417,30.501255083587765,38.10878294027027,8.166325349060166,2.2074044923716727
33,6416.9680674197125,0.0,-8.044458720099172,30.692076436361493,38.38987105604679,8.064054576807143,3.6495029382873048
33,6416.9680674197125,0.0,-8.1199026100835,30.69212000539692,38.10249090651219,8.355077583819076,8.360238900903486
33,6416.9680674197125,0.0,-8.094501477743773,30.692076436361493,38.10848068635786,8.166325349060166,3.674427167408999
34,157.09275366420508,71.7595261566958,-10.132714371974409,24.344485845440808,28.619065773893098,42.93492225542256,37.37196625937643
34,157.09275366420508,71.7595261566958,-10.222891908913361,24.344485845440808,29.31042689042501,42.93492225542256,44.91933039571274
34,6416.9680674197125,0.0,-8.094501477743773,30.691953209447448,38.10848068635786,8.166325349060166,2.2494525181171845
34,6416.9680674197125,0.0,-8.095652355490298,30.692127418563043,38.10848068635786,8.175148745116882,10.92966202398804
34,159.97757401991475,66.40870120043643,-10.950250631937394,25.579798383240885,32.126414057772735,40.17449254625272,44.89543329276961
34,159.38088288118266,68.3404842696401,-10.831793964540438,25.330130943305086,31.218246274396122,40.17449254625272,44.94934079608445
34,159.38088288118266,68.3404842696401,-11.041486782718493,25.330130943305086,32.25287718160962,39.60147851410115,44.89543329276961
34,6416.9680674197125,0.0,-8.09473874190692,30.692076436361493,38.10848068635786,8.168144374310959,3.8803355418696643
34,6416.9680674197125,0.0,-8.120046953852022,30.690817795488034,38.118086814496614,8.371780127362168,12.141005972295666
34,6416.9680674197125,0.0,-8.119798113615914,30.690817795488034,38.10848068635786,8.360266224079936,8.486575855322378
34,6416.9680674197125,0.0,-8.094463249683347,30.692076436361493,38.10878294027027,8.166334521175974,7.870995770511954
34,6416.9680674197125,0.0,-8.087455001413488,30.491543614580465,38.10958058424985,8.113402261753325,4.057899930731897
34,6416.9680674197125,0.0,-8.09473874190692,30.692076436361493,38.10848068635786,8.168144374310959,4.139257528853712
34,6416.9680674197125,0.0,-8.096306665825153,30.692076436361493,38.10848068635786,8.180165124350763,8.574936481186285
34,6416.9680674197125,0.0,-8.09461590215366,30.692076436361493,38.107603432548714,8.166325349060166,3.4383931249297084
34,6416.9680674197125,0.0,-8.167970551051166,30.69447003554976,37.545217791001186,8.166325349060166,3.7551746205688907
34,6416.9680674197125,0.0,-8.094501477743773,30.692076436361493,38.10848068635786,8.166325349060166,9.17441573268329
34,6416.9680674197125,0.0,-8.09473874190692,30.692076436361493,38.10848068635786,8.168144374310959,6.871797108641075
34,6416.9680674197125,0.0,-8.118611288648474,30.69207773878263,38.1087562817182,8.35144282802322,3.7844256382209003
34,6416.9680674197125,0.0,-8.099427241740962,30.692076436361493,38.07071649571273,8.166325349060166,2.088276953338324
34,6416.9680674197125,0.0,-8.041398158629924,30.465302171208837,38.42554941739885,8.076268633561655,8.93152529020321
34,6416.9680674197125,0.0,-7.943587069043858,30.491543614580465,39.2111314545506,8.11196565055357,2.3712853076117186
34,6416.9680674197125,0.0,-8.041398158629924,30.693763168879205,38.42554941739885,8.076268633561655,8.93152529020321
34,6416.9680674197125,0.0,-8.11834750965701,30.69447003554976,38.111289069224604,8.351953309928406,11.2501618591374
34,6416.9680674197125,0.0,-8.099427241740962,30.692076436361493,38.07071649571273,8.166325349060166,4.967583773340583
34,6416.9680674197125,0.0,-8.09296372772518,30.693829050904313,38.12027010316706,8.166325349060166,5.9117587002515375
34,6416.9680674197125,0.0,-8.094501477743773,30.692076436361493,38.10848068635786,8.166325349060166,2.368315055756047
34,6416.9680674197125,0.0,-8.042853142638972,30.692076436361493,38.408574174613044,8.070448268178556,3.8134079634856652
34,6416.9680674197125,0.0,-8.094462053320417,30.501255083587765,38.10878294027027,8.166325349060166,2.2074044923716727
34,6416.9680674197125,0.0,-8.11860781144603,30.690766813286483,38.10878294027027,8.35144282802322,3.7844256382209003
34,6416.9680674197125,0.0,-8.093408198258157,30.690817795488034,38.11111426038084,8.160577113693435,11.486823489904715
34,6416.9680674197125,0.0,-8.094462053320417,30.692076436361493,38.10878294027027,8.166325349060166,3.7844256382209003
34,6416.9680674197125,0.0,-8.044458720099172,30.692076436361493,38.38987105604679,8.064054576807143,3.6495029382873048
34,6416.9680674197125,0.0,-8.088135758616819,30.692076436361493,38.15728453299782,8.166325349060166,3.7224125172257008
34,6416.9680674197125,0.0,-8.044458720099172,30.692076436361493,38.38987105604679,8.064054576807143,4.803463865384029
34,6416.9680674197125,0.0,-8.087598466355924,30.491543614580465,38.10848068635786,8.113402261753325,6.85284086313031
34,6416.9680674197125,0.0,-8.094501477743773,30.689306204961664,38.10848068635786,8.166325349060166,4.50098495166813
34,6416.9680674197125,0.0,-8.094463249683347,30.692076436361493,38.10878294027027,8.166334521175974,6.862476398081539
34,6416.9680674197125,0.0,-8.1199026100835,30.69212000539692,38.10249090651219,8.355077583819076,8.360238900903486
34,6416.9680674197125,0.0,-8.055279729742402,30.46741047564085,38.40918075436836,8.166325349060166,6.85284086313031
34,6416.9680674197125,0.0,-8.118586752974256,30.690817795488034,38.11797045233068,8.360468891800036,12.141005972295666
34,6416.9680674197125,0.0,-8.094462053320417,30.692076436361493,38.10878294027027,8.166325349060166,2.1956576416269296
34,6416.9680674197125,0.0,-8.094462053320417,30.692076436361493,38.10878294027027,8.166325349060166,2.260200118509247
34,6416.9680674197125,0.0,-7.911148493133119,30.491543614580465,39.51418690170618,8.166325349060166,7.3332103378810825
34,6416.9680674197125,0.0,-8.113317970079077,30.690817795488034,38.15816178680696,8.360266224079936,11.486823489904715
34,6416.9680674197125,0.0,-8.11452567397458,30.692076436361493,38.154650958974834,8.366014459446667,3.4383931249297084
34,6416.9680674197125,0.0,-8.119448786831704,30.690817795488034,38.111319315633736,8.360426681343515,12.141005972295666
34,6416.9680674197125,0.0,-8.094501477743773,30.692076436361493,38.10848068635786,8.166325349060166,3.674427167408999
35,6416.9680674197125,0.0,-8.094501477743773,30.691953209447448,38.10848068635786,8.166325349060166,2.2494525181171845
35,6416.9680674197125,0.0,-7.938327002734347,30.491543614580465,39.2111314545506,8.071638475513994,2.362422434172853
35,157.09275366420508,71.7595261566958,-10.132714371974409,24.344485845440808,28.619065773893098,42.93492225542256,37.37196625937643
35,157.09275366420508,71.7595261566958,-10.222891908913361,24.344485845440808,29.31042689042501,42.93492225542256,44.91933039571274
35,159.97757401991475,66.40870120043643,-10.950250631937394,25.579798383240885,32.126414057772735,40.17449254625272,44.89543329276961
35,159.38088288118266,68.3404842696401,-10.846622203461486,25.330130943305086,31.331929439457504,40.17449254625272,44.9869185297407
35,159.38088288118266,68.3404842696401,-10.831793964540438,25.330130943305086,31.218246274396122,40.17449254625272,44.94934079608445
35,6416.9680674197125,0.0,-8.094462053320417,30.692076436361493,38.10878294027027,8.166325349060166,5.4103860359779254
35,6416.9680674197125,0.0,-8.093448361602167,30.690817795488034,38.11111426038084,8.160885032664188,11.486823489904715
35,6416.9680674197125,0.0,-8.09385789192618,30.692076436361493,38.10924271627035,8.162153221037787,6.622741631816875
35,6416.9680674197125,0.0,-8.119448786831704,30.690817795488034,38.111319315633736,8.360426681343515,12.141005972295666
35,6416.9680674197125,0.0,-8.055279729742402,30.46741047564085,38.40918075436836,8.166325349060166,6.85284086313031
35,6416.9680674197125,0.0,-8.120046953852022,30.690817795488034,38.118086814496614,8.371780127362168,12.141005972295666
35,6416.9680674197125,0.0,-8.09461590215366,30.692076436361493,38.107603432548714,8.166325349060166,3.4383931249297084
35,6416.9680674197125,0.0,-8.044458720099172,30.692076436361493,38.38987105604679,8.064054576807143,3.6495029382873048
35,6416.9680674197125,0.0,-8.087455001413488,30.491543614580465,38.10958058424985,8.113402261753325,4.057899930731897
35,6416.9680674197125,0.0,-8.093408198258157,30.690817795488034,38.11111426038084,8.160577113693435,11.486823489904715
35,6416.9680674197125,0.0,-8.094501477743773,30.692076436361493,38.10848068635786,8.166325349060166,9.17441573268329
35,6416.9680674197125,0.0,-8.042853142638972,30.69166169980599,38.408574174613044,8.070448268178556,3.8134079634856652
35,6416.9680674197125,0.0,-8.094462053320417,30.501255083587765,38.10878294027027,8.166325349060166,2.2074044923716727
35,6416.9680674197125,0.0,-8.094501477743773,30.689306204961664,38.10848068635786,8.166325349060166,4.50098495166813
35,6416.9680674197125,0.0,-8.095034494123087,30.69192659059636,38.108554532725094,8.170485654335499,6.871797108641075
35,6416.9680674197125,0.0,-8.09473874190692,30.692076436361493,38.10848068635786,8.168144374310959,3.8803355418696643
35,6416.9680674197125,0.0,-8.094462053320417,30.692076436361493,38.10878294027027,8.166325349060166,2.260200118509247
35,6416.9680674197125,0.0,-8.095652355490298,30.692127418563043,38.10848068635786,8.175148745116882,10.92966202398804
35,6416.9680674197125,0.0,-8.044458720099172,30.692076436361493,38.38987105604679,8.064054576807143,4.803463865384029
35,6416.9680674197125,0.0,-8.093238362296365,30.692076436361493,38.13104483541598,8.179205613021514,8.574936481186285
35,6416.9680674197125,0.0,-8.094501477743773,30.692076436361493,38.10848068635786,8.166325349060166,2.368315055756047
35,6416.9680674197125,0.0,-8.094463249683347,30.692076436361493,38.10878294027027,8.166334521175974,6.862476398081539
35,6416.9680674197125,0.0,-8.11860781144603,30.690766813286483,38.10878294027027,8.35144282802322,3.7844256382209003
35,6416.9680674197125,0.0,-8.094421889976402,30.501255083587765,38.10878294027027,8.166017430089413,2.167910669575715
35,159.38088288118266,68.3404842696401,-11.041486782718493,25.330130943305086,32.25287718160962,39.60147851410115,44.89543329276961
35,6416.9680674197125,0.0,-7.943587069043858,30.491543614580465,39.2111314545506,8.11196565055357,2.3712853076117186
35,6416.9680674197125,0.0,-8.113317970079077,30.690817795488034,38.15816178680696,8.360266224079936,11.486823489904715
35,6416.9680674197125,0.0,-8.099427241740962,30.692076436361493,38.07071649571273,8.166325349060166,2.088276953338324
35,6416.9680674197125,0.0,-8.041398158629924,30.465302171208837,38.42554941739885,8.076268633561655,8.93152529020321
35,6416.9680674197125,0.0,-8.167970551051166,30.69447003554976,37.545217791001186,8.166325349060166,3.7551746205688907
35,6416.9680674197125,0.0,-8.044458720099172,30.692076436361493,38.38987105604679,8.064054576807143,4.887302390018828
35,6416.9680674197125,0.0,-8.041398158629924,30.693763168879205,38.42554941739885,8.076268633561655,8.93152529020321
35,6416.9680674197125,0.0,-7.911148493133119,30.491543614580465,39.51418690170618,8.166325349060166,7.3332103378810825
35,6416.9680674197125,0.0,-8.1199026100835,30.69212000539692,38.10249090651219,8.355077583819076,8.360238900903486
35,6416.9680674197125,0.0,-8.094462053320417,30.692076436361493,38.10878294027027,8.166325349060166,2.1956576416269296
35,6416.9680674197125,0.0,-8.09473874190692,30.692076436361493,38.10848068635786,8.168144374310959,4.139257528853712
35,6416.9680674197125,0.0,-8.09296372772518,30.693829050904313,38.12027010316706,8.166325349060166,5.9117587002515375
35,6416.9680674197125,0.0,-8.118586752974256,30.690817795488034,38.11797045233068,8.360468891800036,12.141005972295666
35,6416.9680674197125,0.0,-8.118584159080761,30.69046193728536,38.11799033884749,8.360468891800036,12.141005972295666
35,6416.9680674197125,0.0,-8.118611288648474,30.69207773878263,38.1087562817182,8.35144282802322,3.7844256382209003
35,6416.9680674197125,0.0,-8.099427241740962,30.692076436361493,38.07071649571273,8.166325349060166,4.967583773340583
36,157.09275366420508,71.7595261566958,-10.222891908913361,24.344485845440808,29.31042689042501,42.93492225542256,44.91933039571274
36,6416.9680674197125,0.0,-8.094501477743773,30.691953209447448,38.10848068635786,8.166325349060166,2.2494525181171845
36,6416.9680674197125,0.0,-8.093238362296365,30.692076436361493,38.13104483541598,8.179205613021514,8.645763350580934
36,157.09275366420508,71.7595261566958,-10.132714371974409,24.344485845440808,28.619065773893098,42.93492225542256,37.37196625937643
36,159.97757401991475,66.40870120043643,-10.950250631937394,25.579798383240885,32.126414057772735,40.17449254625272,44.89543329276961
36,159.38088288118266,68.3404842696401,-11.041486782718493,25.330130943305086,32.25287718160962,39.60147851410115,44.89543329276961
36,159.38088288118266,68.3404842696401,-10.846622203461486,25.330130943305086,31.331929439457504,40.17449254625272,44.9869185297407
36,6416.9680674197125,0.0,-8.09385789192618,30.692076436361493,38.10924271627035,8.162153221037787,6.622741631816875
36,6416.9680674197125,0.0,-7.943587069043858,30.491543614580465,39.2111314545506,8.11196565055357,2.3712853076117186
36,6416.9680674197125,0.0,-8.118584159080761,30.69046193728536,38.11799033884749,8.360468891800036,12.141005972295666
36,6416.9680674197125,0.0,-8.044458720099172,30.692076436361493,38.38987105604679,8.064054576807143,4.887302390018828
36,6416.9680674197125,0.0,-8.099427241740962,30.692076436361493,38.07071649571273,8.166325349060166,2.088276953338324
36,6416.9680674197125,0.0,-8.118586752974256,30.690817795488034,38.11797045233068,8.360468891800036,12.141005972295666
36,6416.9680674197125,0.0,-8.044458720099172,30.692076436361493,38.38987105604679,8.064054576807143,2.2821985250414043
36,6416.9680674197125,0.0,-7.911148493133119,30.491543614580465,39.51418690170618,8.166325349060166,7.3332103378810825
36,6416.9680674197125,0.0,-8.044458720099172,30.69183395382754,38.38987105604679,8.064054576807143,4.887302390018828
36,6416.9680674197125,0.0,-8.094462053320417,30.692076436361493,38.10878294027027,8.166325349060166,2.1956576416269296
36,6416.9680674197125,0.0,-8.094501477743773,30.692076436361493,38.10848068635786,8.166325349060166,9.17441573268329
36,6416.9680674197125,0.0,-8.095652355490298,30.692127418563043,38.10848068635786,8.175148745116882,10.92966202398804
36,6416.9680674197125,0.0,-8.119448786831704,30.690817795488034,38.111319315633736,8.360426681343515,12.141005972295666
36,6416.9680674197125,0.0,-8.135347502310292,30.692076436361493,37.79532783134788,8.166325349060166,5.48867111887855
36,6416.9680674197125,0.0,-8.094501477743773,30.689548687495616,38.10848068635786,8.166325349060166,4.50098495166813
36,6416.9680674197125,0.0,-8.093238362296365,30.692076436361493,38.13104483541598,8.179205613021514,8.574936481186285
36,6416.9680674197125,0.0,-8.094463249683347,30.692076436361493,38.10878294027027,8.166334521175974,6.862476398081539
36,6416.9680674197125,0.0,-8.044458720099172,30.692076436361493,38.38987105604679,8.064054576807143,4.803463865384029
36,6416.9680674197125,0.0,-8.094501477743773,30.689306204961664,38.10848068635786,8.166325349060166,4.50098495166813
36,6416.9680674197125,0.0,-8.09461590215366,30.692076436361493,38.107603432548714,8.166325349060166,3.4383931249297084
36,6416.9680674197125,0.0,-8.118611288648474,30.69207773878263,38.1087562817182,8.35144282802322,3.7844256382209003
36,6416.9680674197125,0.0,-8.09473874190692,30.692076436361493,38.10848068635786,8.168144374310959,3.8803355418696643
36,6416.9680674197125,0.0,-8.041398158629924,30.46327546402038,38.42554941739885,8.076268633561655,8.93152529020321
36,6416.9680674197125,0.0,-8.041398158629924,30.693763168879205,38.42554941739885,8.076268633561655,8.93152529020321
36,6416.9680674197125,0.0,-7.938327002734347,30.491543614580465,39.2111314545506,8.071638475513994,2.362422434172853
36,6416.9680674197125,0.0,-8.042853142638972,30.69166169980599,38.408574174613044,8.070448268178556,3.8134079634856652
36,6416.9680674197125,0.0,-8.094462053320417,30.692076436361493,38.10878294027027,8.166325349060166,2.260200118509247
36,6416.9680674197125,0.0,-8.094462053320417,30.692076436361493,38.10878294027027,8.166325349060166,5.4103860359779254
36,6416.9680674197125,0.0,-8.099427241740962,30.692076436361493,38.07071649571273,8.166325349060166,4.967583773340583
36,6416.9680674197125,0.0,-8.132594602948096,30.692076436361493,37.81226126510232,8.162153221037787,7.543321059827307
36,6416.9680674197125,0.0,-8.09296372772518,30.693829050904313,38.12027010316706,8.166325349060166,5.9117587002515375
36,6416.9680674197125,0.0,-8.094501477743773,30.692076436361493,38.10848068635786,8.166325349060166,2.368315055756047
36,6416.9680674197125,0.0,-8.095034494123087,30.69192659059636,38.108554532725094,8.170485654335499,6.871797108641075
36,6416.9680674197125,0.0,-8.055279729742402,30.46741047564085,38.40918075436836,8.166325349060166,6.85284086313031
36,6416.9680674197125,0.0,-8.167970551051166,30.69447003554976,37.545217791001186,8.166325349060166,3.7551746205688907
36,6416.9680674197125,0.0,-8.087455001413488,30.491543614580465,38.10958058424985,8.113402261753325,4.057899930731897
36,6416.9680674197125,0.0,-8.093408198258157,30.690817795488034,38.11111426038084,8.160577113693435,11.486823489904715
36,6416.9680674197125,0.0,-8.117716963205996,30.693829050904313,38.12027010316706,8.356100154413108,5.885693385399742
36,6416.9680674197125,0.0,-8.094421889976402,30.501255083587765,38.10878294027027,8.166017430089413,2.167910669575715
36,6416.9680674197125,0.0,-8.120046953852022,30.690817795488034,38.118086814496614,8.371780127362168,12.141005972295666
36,6416.9680674197125,0.0,-8.093406684139374,30.690817795488034,38.10930217263135,8.158753417699952,12.141005972295666
37,157.09275366420508,71.7595261566958,-10.222891908913361,24.344485845440808,29.31042689042501,42.93492225542256,44.91933039571274
37,6416.9680674197125,0.0,-8.094501477743773,30.691953209447448,38.10848068635786,8.166325349060166,2.2494525181171845
37,157.09275366420508,71.7595261566958,-10.132714371974409,24.344485845440808,28.619065773893098,42.93492225542256,37.37196625937643
37,6416.9680674197125,0.0,-7.938327002734347,26.46330419578495,39.2111314545506,8.071638475513994,2.362422434172853
37,159.97757401991475,66.40870120043643,-10.94258396044274,25.579798383240885,32.126414057772735,40.23327036104504,44.932825168816464
37,159.97757401991475,66.40870120043643,-10.950250631937394,25.579798383240885,32.126414057772735,40.17449254625272,44.89543329276961
37,159.38088288118266,68.3404842696401,-10.846622203461486,25.330130943305086,31.331929439457504,40.17449254625272,44.9869185297407
37,159.38088288118266,68.3404842696401,-11.041486782718493,25.330130943305086,32.25287718160962,39.60147851410115,44.89543329276961
37,6416.9680674197125,0.0,-8.044458720099172,30.692076436361493,38.38987105604679,8.064054576807143,4.803463865384029
37,6416.9680674197125,0.0,-8.118584159080761,30.69046193728536,38.11799033884749,8.360468891800036,12.141005972295666
37,6416.9680674197125,0.0,-8.09461590215366,30.692076436361493,38.107603432548714,8.166325349060166,3.4383931249297084
37,6416.9680674197125,0.0,-8.094501477743773,30.689548687495616,38.10848068635786,8.166325349060166,4.50098495166813
37,6416.9680674197125,0.0,-8.093238362296365,30.689560029838596,38.13104483541598,8.179205613021514,6.897466626620193
37,6416.9680674197125,0.0,-8.094462053320417,30.692076436361493,38.10878294027027,8.166325349060166,2.1956576416269296
37,6416.9680674197125,0.0,-8.044458720099172,30.692076436361493,38.38987105604679,8.064054576807143,2.2821985250414043
37,6416.9680674197125,0.0,-8.095034494123087,30.69192659059636,38.108554532725094,8.170485654335499,6.871797108641075
37,6416.9680674197125,0.0,-8.094501477743773,30.692076436361493,38.10848068635786,8.166325349060166,2.368315055756047
37,6416.9680674197125,0.0,-8.094421889976402,30.501255083587765,38.10878294027027,8.166017430089413,2.167910669575715
37,6416.9680674197125,0.0,-8.09296372772518,30.693829050904313,38.12027010316706,8.166325349060166,5.9117587002515375
37,6416.9680674197125,0.0,-8.099427241740962,30.692076436361493,38.07071649571273,8.166325349060166,4.967583773340583
37,6416.9680674197125,0.0,-8.044458720099172,30.69183395382754,38.38987105604679,8.064054576807143,4.887302390018828
37,6416.9680674197125,0.0,-7.938327002734347,30.491543614580465,39.2111314545506,8.071638475513994,2.362422434172853
37,6416.9680674197125,0.0,-8.08745715558721,30.499723832971902,38.10956406891798,8.113402261753325,4.057899930731897
37,6416.9680674197125,0.0,-8.094462053320417,30.692076436361493,38.10878294027027,8.166325349060166,5.4103860359779254
37,6416.9680674197125,0.0,-8.093408198258157,30.690817795488034,38.11111426038084,8.160577113693435,11.486823489904715
37,6416.9680674197125,0.0,-8.094501477743773,30.689306204961664,38.10848068635786,8.166325349060166,4.50098495166813
37,6416.9680674197125,0.0,-8.0944930526827,30.692076436361493,38.10855445060852,8.166334521175974,6.871563937636435
37,6416.9680674197125,0.0,-8.093238362296365,30.692076436361493,38.13104483541598,8.179205613021514,8.574936481186285
37,6416.9680674197125,0.0,-8.135347502310292,30.692076436361493,37.79532783134788,8.166325349060166,5.48867111887855
37,6416.9680674197125,0.0,-8.120046953852022,30.690817795488034,38.118086814496614,8.371780127362168,12.141005972295666
37,6416.9680674197125,0.0,-8.087455001413488,30.491543614580465,38.10958058424985,8.113402261753325,4.049919080283027
37,6416.9680674197125,0.0,-8.118586752974256,30.690817795488034,38.11797045233068,8.360468891800036,12.141005972295666
37,6416.9680674197125,0.0,-8.132594602948096,30.692076436361493,37.81226126510232,8.162153221037787,7.543321059827307
37,6416.9680674197125,0.0,-8.094460856087487,30.501255083587765,38.10878294027027,8.16631617027439,2.1399773290694686
37,6416.9680674197125,0.0,-8.044710898473042,30.691827536313852,38.38793768851375,8.064054576807143,3.1639778739829527
37,6416.9680674197125,0.0,-8.118611288648474,30.69207773878263,38.1087562817182,8.35144282802322,3.7844256382209003
37,6416.9680674197125,0.0,-8.044458720099172,30.692076436361493,38.38987105604679,8.064054576807143,4.887302390018828
37,6416.9680674197125,0.0,-7.943587069043858,30.491543614580465,39.2111314545506,8.11196565055357,3.6411515378351478
37,6416.9680674197125,0.0,-8.119448786831704,30.690817795488034,38.111319315633736,8.360426681343515,12.141005972295666
37,6416.9680674197125,0.0,-8.091977259248406,30.69206911051969,38.119700117724825,8.158192438629314,6.299871668521089
37,6416.9680674197125,0.0,-7.911148493133119,30.491543614580465,39.51418690170618,8.166325349060166,7.3332103378810825
37,6416.9680674197125,0.0,-8.167970551051166,30.69447003554976,37.545217791001186,8.166325349060166,3.7551746205688907
37,6416.9680674197125,0.0,-8.094501477743773,30.692076436361493,38.10848068635786,8.166325349060166,9.17441573268329
37,6416.9680674197125,0.0,-8.055279729742402,30.46741047564085,38.40918075436836,8.166325349060166,6.85284086313031
37,6416.9680674197125,0.0,-8.041398158629924,30.693763168879205,38.42554941739885,8.076268633561655,8.93152529020321
37,6416.9680674197125,0.0,-8.117716963205996,30.693829050904313,38.12027010316706,8.356100154413108,5.885693385399742
37,6416.9680674197125,0.0,-8.041398158629924,30.46327546402038,38.42554941739885,8.076268633561655,8.93152529020321
37,6416.9680674197125,0.0,-8.093238362296365,30.692076436361493,38.13104483541598,8.179205613021514,8.645763350580934
38,6416.9680674197125,0.0,-8.094502147171202,30.693784119100783,38.1087562817182,8.166606076697478,5.799395897087919
38,157.09275366420508,71.7595261566958,-10.222891908913361,24.344485845440808,29.31042689042501,42.93492225542256,44.91933039571274
38,6416.9680674197125,0.0,-8.094501477743773,30.691953209447448,38.10848068635786,8.166325349060166,2.2494525181171845
38,157.09275366420508,71.7595261566958,-10.221574507769173,24.344485845440808,29.300326814986246,42.93492225542256,37.597664855960616
38,159.97757401991475,66.40870120043643,-10.950250631937394,25.579798383240885,32.126414057772735,40.17449254625272,44.89543329276961
38,159.97757401991475,66.40870120043643,-10.94258396044274,25.579798383240885,32.126414057772735,40.23327036104504,44.932825168816464
38,159.38088288118266,68.3404842696401,-10.864308980509499,25.30084140190718,31.46752806349226,40.17449254625272,44.9869185297407
38,159.58223863077973,66.89101514861524,-11.041870706272825,25.664988570685956,32.1202409608443,39.4658988794193,44.9643021869357
38,159.38088288118266,68.3404842696401,-10.846622203461486,25.330130943305086,31.331929439457504,40.17449254625272,44.9869185297407
38,6416.9680674197125,0.0,-7.938327002734347,26.46330419578495,39.2111314545506,8.071638475513994,2.362422434172853
38,6416.9680674197125,0.0,-8.094501477743773,30.689306204961664,38.10848068635786,8.166325349060166,4.50098495166813
38,6416.9680674197125,0.0,-8.095034494123087,30.69192659059636,38.108554532725094,8.170485654335499,6.871797108641075
38,6416.9680674197125,0.0,-8.044258549350108,30.692076436361493,38.38987105604679,8.062519934397686,4.964201693150883
38,6416.9680674197125,0.0,-8.044458720099172,30.692076436361493,38.38987105604679,8.064054576807143,4.803463865384029
38,6416.9680674197125,0.0,-8.093238362296365,30.692076436361493,38.13104483541598,8.179205613021514,8.574936481186285
38,6416.9680674197125,0.0,-8.093238362296365,30.692076436361493,38.13104483541598,8.179205613021514,8.645763350580934
38,6416.9680674197125,0.0,-8.0944930526827,30.692076436361493,38.10855445060852,8.166334521175974,6.871563937636435
38,6416.9680674197125,0.0,-8.093608369007217,30.690817795488034,38.11111426038084,8.162111756102894,11.32609147429319
38,6416.9680674197125,0.0,-8.044710898473042,30.691827536313852,38.38793768851375,8.064054576807143,3.1639778739829527
38,159.38088288118266,68.3404842696401,-10.878526324623508,25.330130943305086,31.576527701699654,40.17449254625272,44.9869185297407
38,157.09275366420508,71.7595261566958,-10.132714371974409,24.344485845440808,28.619065773893098,42.93492225542256,37.37196625937643
38,6416.9680674197125,0.0,-8.118586752974256,30.690817795488034,38.11797045233068,8.360468891800036,12.141005972295666
38,6416.9680674197125,0.0,-8.093408198258157,30.690817795488034,38.11111426038084,8.160577113693435,11.486823489904715
38,6416.9680674197125,0.0,-8.09461590215366,30.692076436361493,38.107603432548714,8.166325349060166,3.4383931249297084
38,157.09275366420508,71.7595261566958,-10.1340317731186,24.344485845440808,28.62916584933186,42.93492225542256,44.59723002411222
38,6416.9680674197125,0.0,-8.044458720099172,30.692076436361493,38.38987105604679,8.064054576807143,2.2821985250414043
38,6416.9680674197125,0.0,-8.042166033450048,30.46741047564085,38.40918075436836,8.065787010818793,6.85284086313031
38,6416.9680674197125,0.0,-7.938327002734347,30.491543614580465,39.2111314545506,8.071638475513994,2.362422434172853
38,6416.9680674197125,0.0,-8.091977259248406,30.69206911051969,38.119700117724825,8.158192438629314,6.299871668521089
38,6416.9680674197125,0.0,-8.093238362296365,34.38260978818598,38.13104483541598,8.179205613021514,8.547543220757928
38,6416.9680674197125,0.0,-8.093238362296365,30.689560029838596,38.13104483541598,8.179205613021514,6.897466626620193
38,6416.9680674197125,0.0,-8.167970551051166,30.69447003554976,37.545217791001186,8.166325349060166,3.7551746205688907
38,6416.9680674197125,0.0,-8.055279729742402,30.46741047564085,38.40918075436836,8.166325349060166,6.85284086313031
38,6416.9680674197125,0.0,-8.120046953852022,30.690817795488034,38.118086814496614,8.371780127362168,12.141005972295666
38,6416.9680674197125,0.0,-8.094184525370117,30.692076436361493,38.11054086360743,8.165955558111717,8.574936481186285
38,6416.9680674197125,0.0,-8.132594602948096,30.692076436361493,37.81226126510232,8.162153221037787,7.543321059827307
38,6416.9680674197125,0.0,-8.087455001413488,30.491543614580465,38.10958058424985,8.113402261753325,4.049919080283027
38,6416.9680674197125,0.0,-8.061546647536094,30.491543614580465,38.36113438461671,8.166325349060166,7.3332103378810825
38,6416.9680674197125,0.0,-8.118611288648474,30.69207773878263,38.1087562817182,8.35144282802322,3.7844256382209003
38,6416.9680674197125,0.0,-8.044458720099172,30.69183395382754,38.38987105604679,8.064054576807143,4.887302390018828
38,6416.9680674197125,0.0,-8.094460856087487,30.501255083587765,38.10878294027027,8.16631617027439,2.1399773290694686
38,6416.9680674197125,0.0,-8.041398158629924,30.46327546402038,38.42554941739885,8.076268633561655,8.93152529020321
38,6416.9680674197125,0.0,-8.08745715558721,30.499723832971902,38.10956406891798,8.113402261753325,4.057899930731897
38,6416.9680674197125,0.0,-8.041398158629924,30.693763168879205,38.42554941739885,8.076268633561655,8.93152529020321
38,6416.9680674197125,0.0,-8.117716963205996,30.693829050904313,38.12027010316706,8.356100154413108,5.885693385399742
38,6416.9680674197125,0.0,-8.094501477743773,30.692076436361493,38.10848068635786,8.166325349060166,2.368315055756047
38,6416.9680674197125,0.0,-8.094501477743773,30.692076436361493,38.10848068635786,8.166325349060166,9.17441573268329
38,6416.9680674197125,0.0,-7.911148493133119,30.491543614580465,39.51418690170618,8.166325349060166,7.3332103378810825
39,157.09275366420508,71.7595261566958,-10.222891908913361,24.344485845440808,29.31042689042501,42.93492225542256,44.91933039571274
39,157.09275366420508,71.7595261566958,-10.1340317731186,24.344485845440808,28.62916584933186,42.93492225542256,44.59723002411222
39,6416.9680674197125,0.0,-8.094502147171202,30.693784119100783,38.1087562817182,8.166606076697478,5.799395897087919
39,6416.9680674197125,0.0,-7.9469045257638165,30.491543614580465,39.145370444658006,8.071638475513994,2.511910453964929
39,159.97757401991475,66.40870120043643,-10.934365370070353,25.579798383240885,32.06340486491779,40.23327036104504,44.932825168816464
39,159.97757401991475,66.40870120043643,-10.950250631937394,25.579798383240885,32.126414057772735,40.17449254625272,44.89543329276961
39,159.38088288118266,68.3404842696401,-10.878526324623508,25.330130943305086,31.576527701699654,40.17449254625272,44.9869185297407
39,159.58223863077973,66.89101514861524,-11.041870706272825,25.664988570685956,32.1202409608443,39.4658988794193,44.9643021869357
39,159.38088288118266,68.3404842696401,-10.864308980509499,25.30084140190718,31.46752806349226,40.17449254625272,44.9869185297407
39,6416.9680674197125,0.0,-8.167970551051166,30.69447003554976,37.545217791001186,8.166325349060166,3.7551746205688907
39,157.09275366420508,71.7595261566958,-10.221574507769173,24.344485845440808,29.300326814986246,42.93492225542256,37.597664855960616
39,6416.9680674197125,0.0,-8.044458720099172,30.69183395382754,38.38987105604679,8.064054576807143,4.887302390018828
39,6416.9680674197125,0.0,-8.094501477743773,30.691953209447448,38.10848068635786,8.166325349060166,2.2494525181171845
39,6416.9680674197125,0.0,-8.093238362296365,30.689560029838596,38.13104483541598,8.179205613021514,6.897466626620193
39,6416.9680674197125,0.0,-8.095034494123087,30.69192659059636,38.108554532725094,8.170485654335499,6.871797108641075
39,6416.9680674197125,0.0,-8.042166033450048,30.46741047564085,38.40918075436836,8.065787010818793,6.85284086313031
39,6416.9680674197125,0.0,-8.044710898473042,30.691827536313852,38.38793768851375,8.064054576807143,3.1639778739829527
39,6416.9680674197125,0.0,-8.118586752974256,30.690817795488034,38.11797045233068,8.360468891800036,12.141005972295666
39,6416.9680674197125,0.0,-8.041398158629924,30.46327546402038,38.42554941739885,8.076268633561655,8.93152529020321
39,6416.9680674197125,0.0,-7.938327002734347,26.46330419578495,39.2111314545506,8.071638475513994,2.362422434172853
39,159.38088288118266,68.3404842696401,-10.846622203461486,25.330130943305086,31.331929439457504,40.17449254625272,44.9869185297407
39,6416.9680674197125,0.0,-8.094501477743773,30.689306204961664,38.10848068635786,8.166325349060166,4.50098495166813
39,6416.9680674197125,0.0,-8.118611288648474,30.69207773878263,38.1087562817182,8.35144282802322,3.7844256382209003
39,6416.9680674197125,0.0,-8.093408198258157,30.690817795488034,38.11111426038084,8.160577113693435,11.486823489904715
39,6416.9680674197125,0.0,-8.093238362296365,30.692076436361493,38.13104483541598,8.179205613021514,8.574936481186285
39,6416.9680674197125,0.0,-8.061546647536094,30.491543614580465,38.36113438461671,8.166325349060166,7.3332103378810825
39,6416.9680674197125,0.0,-8.094501477743773,30.692076436361493,38.10848068635786,8.166325349060166,2.368315055756047
39,6416.9680674197125,0.0,-8.094184525370117,30.692076436361493,38.11054086360743,8.165955558111717,8.574936481186285
39,159.97757401991475,66.40870120043643,-10.94258396044274,25.579798383240885,32.126414057772735,40.23327036104504,44.932825168816464
39,6416.9680674197125,0.0,-8.094501477743773,30.692076436361493,38.10848068635786,8.166325349060166,9.17441573268329
39,6416.9680674197125,0.0,-7.911148493133119,30.491543614580465,39.51418690170618,8.166325349060166,7.3332103378810825
39,6416.9680674197125,0.0,-8.117716963205996,30.693829050904313,38.12027010316706,8.356100154413108,5.885693385399742
39,6416.9680674197125,0.0,-8.043935566533374,30.499723832971902,38.39585163664688,8.066024313402789,4.854657472595545
39,6416.9680674197125,0.0,-8.087455001413488,30.491543614580465,38.10958058424985,8.113402261753325,4.049919080283027
39,6416.9680674197125,0.0,-8.132594602948096,30.692076436361493,37.81226126510232,8.162153221037787,7.543321059827307
39,6416.9680674197125,0.0,-8.08745715558721,30.499723832971902,38.10956406891798,8.113402261753325,4.057899930731897
39,6416.9680674197125,0.0,-8.094460856087487,30.501255083587765,38.10878294027027,8.16631617027439,2.1399773290694686
39,6416.9680674197125,0.0,-8.044458720099172,30.692076436361493,38.38987105604679,8.064054576807143,4.803463865384029
39,6416.9680674197125,0.0,-8.094501477743773,30.69195477650661,38.10848068635786,8.166325349060166,10.663119149145434
39,6416.9680674197125,0.0,-8.093608369007217,30.690817795488034,38.11111426038084,8.162111756102894,11.32609147429319
39,6416.9680674197125,0.0,-8.093238362296365,34.38260978818598,38.13104483541598,8.179205613021514,8.547543220757928
39,6416.9680674197125,0.0,-8.0944930526827,30.692076436361493,38.10855445060852,8.166334521175974,6.871563937636435
39,6416.9680674197125,0.0,-7.938327002734347,30.491543614580465,39.2111314545506,8.071638475513994,2.362422434172853
39,6416.9680674197125,0.0,-8.093238362296365,30.692076436361493,38.13104483541598,8.179205613021514,8.645763350580934
39,6416.9680674197125,0.0,-8.09461590215366,30.692076436361493,38.107603432548714,8.166325349060166,3.4383931249297084
39,6416.9680674197125,0.0,-8.091977259248406,30.69206911051969,38.119700117724825,8.158192438629314,6.299871668521089
39,6416.9680674197125,0.0,-8.120046953852022,30.690817795488034,38.118086814496614,8.371780127362168,12.141005972295666
39,6416.9680674197125,0.0,-8.044458720099172,30.692076436361493,38.38987105604679,8.064054576807143,2.2821985250414043
40,157.09275366420508,71.7595261566958,-10.222891908913361,24.344485845440808,29.31042689042501,42.93492225542256,44.91933039571274
40,157.09275366420508,71.7595261566958,-10.221574507769173,24.344485845440808,29.300326814986246,42.93492225542256,37.597664855960616
40,6416.9680674197125,0.0,-8.094502147171202,30.693784119100783,38.1087562817182,8.166606076697478,5.799395897087919
40,6416.9680674197125,0.0,-8.092208003100353,30.692076436361493,38.125694201008955,8.165955558111717,3.114969329132357
40,159.97757401991475,65.76697698480363,-10.970244214038537,25.579798383240885,32.06340486491779,39.958199223955674,44.932825168816464
40,159.38088288118266,68.3404842696401,-10.846622203461486,25.330130943305086,31.331929439457504,40.17449254625272,44.9869185297407
40,159.58223863077973,66.89101514861524,-11.041870706272825,25.664988570685956,32.1202409608443,39.4658988794193,44.9643021869357
40,159.38088288118266,68.3404842696401,-10.878526324623508,25.330130943305086,31.576527701699654,40.17449254625272,44.9869185297407
40,6416.9680674197125,0.0,-8.044458720099172,30.692076436361493,38.38987105604679,8.064054576807143,2.2821985250414043
40,6416.9680674197125,0.0,-8.094501477743773,30.69195477650661,38.10848068635786,8.166325349060166,10.663119149145434
40,6416.9680674197125,0.0,-7.938327002734347,30.491543614580465,39.2111314545506,8.071638475513994,2.362422434172853
40,6416.9680674197125,0.0,-8.093238362296365,30.689560029838596,38.13104483541598,8.179205613021514,6.897466626620193
40,6416.9680674197125,0.0,-8.094501477743773,30.692076436361493,38.10848068635786,8.166325349060166,2.368315055756047
40,6416.9680674197125,0.0,-8.093608369007217,30.690817795488034,38.11111426038084,8.162111756102894,11.32609147429319
40,6416.9680674197125,0.0,-8.096182643798219,30.689560029838596,38.10839879638181,8.179132398834897,6.897466626620193
40,6416.9680674197125,0.0,-8.095034494123087,30.69192659059636,38.108554532725094,8.170485654335499,6.871797108641075
40,6416.9680674197125,0.0,-7.938327002734347,26.46330419578495,39.2111314545506,8.071638475513994,2.362422434172853
40,6416.9680674197125,0.0,-8.093408198258157,30.690817795488034,38.11111426038084,8.160577113693435,11.486823489904715
40,6416.9680674197125,0.0,-8.132594602948096,30.692076436361493,37.81226126510232,8.162153221037787,7.543321059827307
40,6416.9680674197125,0.0,-8.118605959725052,30.69207773878263,38.10879713679776,8.35144282802322,12.992634085399471
40,6416.9680674197125,0.0,-8.094501477743773,30.69195477650661,38.10848068635786,8.166325349060166,10.690605909545928
40,157.09275366420508,71.7595261566958,-10.1340317731186,24.344485845440808,28.62916584933186,42.93492225542256,44.59723002411222
40,6416.9680674197125,0.0,-8.094501477743773,30.691953209447448,38.10848068635786,8.166325349060166,2.2494525181171845
40,6416.9680674197125,0.0,-8.087455001413488,30.491543614580465,38.10958058424985,8.113402261753325,4.049919080283027
40,6416.9680674197125,0.0,-8.093238362296365,30.692076436361493,38.13104483541598,8.179205613021514,8.645763350580934
40,6416.9680674197125,0.0,-8.094184525370117,30.692076436361493,38.11054086360743,8.165955558111717,8.574936481186285
40,6416.9680674197125,0.0,-8.167970551051166,30.69447003554976,37.545217791001186,8.166325349060166,3.7551746205688907
40,6416.9680674197125,0.0,-8.093238362296365,34.38260978818598,38.13104483541598,8.179205613021514,8.547543220757928
40,6416.9680674197125,0.0,-8.043935566533374,30.499723832971902,38.39585163664688,8.066024313402789,4.854657472595545
40,6416.9680674197125,0.0,-8.118586752974256,30.690817795488034,38.11797045233068,8.360468891800036,12.141005972295666
40,6416.9680674197125,0.0,-8.044458720099172,30.692076436361493,38.38987105604679,8.064054576807143,4.803463865384029
40,6416.9680674197125,0.0,-8.167970551051166,30.69447003554976,37.545217791001186,8.166325349060166,4.05780719113804
40,6416.9680674197125,0.0,-8.094460856087487,30.501255083587765,38.10878294027027,8.16631617027439,2.1399773290694686
40,6416.9680674197125,0.0,-8.041398158629924,30.46327546402038,38.42554941739885,8.076268633561655,8.93152529020321
40,6416.9680674197125,0.0,-8.044710898473042,30.691827536313852,38.38793768851375,8.064054576807143,3.1639778739829527
40,6416.9680674197125,0.0,-8.093238362296365,30.692076436361493,38.13104483541598,8.179205613021514,8.618276590180438
40,6416.9680674197125,0.0,-8.094501477743773,30.692076436361493,38.10848068635786,8.166325349060166,9.17441573268329
40,6416.9680674197125,0.0,-8.09461590215366,30.692076436361493,38.107603432548714,8.166325349060166,3.4383931249297084
40,6416.9680674197125,0.0,-8.110838404843431,30.690817795488034,38.17737445466701,8.360468891800036,2.054265230576527
40,6416.9680674197125,0.0,-8.042166033450048,30.46741047564085,38.40918075436836,8.065787010818793,6.85284086313031
40,6416.9680674197125,0.0,-8.044458720099172,30.69183395382754,38.38987105604679,8.064054576807143,4.887302390018828
40,6416.9680674197125,0.0,-7.911148493133119,30.491543614580465,39.51418690170618,8.166325349060166,7.3332103378810825
40,6416.9680674197125,0.0,-8.118611288648474,30.69207773878263,38.1087562817182,8.35144282802322,3.7844256382209003
40,6416.9680674197125,0.0,-8.094501477743773,30.689306204961664,38.10848068635786,8.166325349060166,4.50098495166813
40,6416.9680674197125,0.0,-8.091557865669348,30.693784119100783,38.131402320752365,8.166679290884096,5.799395897087919
40,6416.9680674197125,0.0,-8.093238362296365,30.692076436361493,38.13104483541598,8.179205613021514,8.574936481186285
40,159.38088288118266,68.3404842696401,-10.864308980509499,25.30084140190718,31.46752806349226,40.17449254625272,44.9869185297407
40,6416.9680674197125,0.0,-8.120046953852022,30.690817795488034,38.118086814496614,8.371780127362168,12.141005972295666
41,157.09275366420508,71.7595261566958,-10.1340317731186,24.344485845440808,28.62916584933186,42.93492225542256,44.59723002411222
41,6416.9680674197125,0.0,-8.094502147171202,30.693784119100783,38.1087562817182,8.166606076697478,5.799395897087919
41,6416.9680674197125,0.0,-8.090975614789315,30.69206047724479,38.131323703570054,8.16213675028819,11.32609147429319
41,157.09275366420508,71.7595261566958,-10.222891908913361,24.344485845440808,29.31042689042501,42.93492225542256,44.91933039571274
41,159.97757401991475,65.76697698480363,-10.970244214038537,25.579798383240885,32.06340486491779,39.958199223955674,44.932825168816464
41,159.38088288118266,68.3404842696401,-11.100894489212074,25.330130943305086,31.549175355226417,38.09377628036665,44.9869185297407
41,159.58223863077973,66.89101514861524,-11.041870706272825,25.664988570685956,32.1202409608443,39.4658988794193,44.9643021869357
41,159.38088288118266,68.3404842696401,-10.846622203461486,25.330130943305086,31.331929439457504,40.17449254625272,44.9869185297407
41,6416.9680674197125,0.0,-8.212045495667368,30.74233971455384,37.211525122707755,8.170540589490964,8.574936481186285
41,159.38088288118266,68.3404842696401,-10.878526324623508,25.330130943305086,31.576527701699654,40.17449254625272,44.9869185297407
41,6416.9680674197125,0.0,-8.093238362296365,30.692076436361493,38.13104483541598,8.179205613021514,8.645763350580934
41,6416.9680674197125,0.0,-8.167970551051166,30.69447003554976,37.545217791001186,8.166325349060166,4.05780719113804
41,6416.9680674197125,0.0,-8.118611288648474,30.69207773878263,38.1087562817182,8.35144282802322,3.7844256382209003
41,6416.9680674197125,0.0,-8.094460856087487,30.501255083587765,38.10878294027027,8.16631617027439,2.1399773290694686
41,6416.9680674197125,0.0,-8.094501477743773,30.689306204961664,38.10848068635786,8.166325349060166,7.425269028979249
41,159.38088288118266,68.3404842696401,-10.84633719657716,25.302504923169817,31.329744386677657,40.17449254625272,44.9869185297407
41,6416.9680674197125,0.0,-8.093408198258157,30.690817795488034,38.11111426038084,8.160577113693435,11.486823489904715
41,6416.9680674197125,0.0,-8.094501477743773,30.691953209447448,38.10848068635786,8.166325349060166,2.2494525181171845
41,6416.9680674197125,0.0,-7.938327002734347,26.46330419578495,39.2111314545506,8.071638475513994,2.362422434172853
41,6416.9680674197125,0.0,-7.938327002734347,30.491543614580465,39.2111314545506,8.071638475513994,2.362422434172853
41,6416.9680674197125,0.0,-8.09461590215366,30.692076436361493,38.107603432548714,8.166325349060166,3.4383931249297084
41,6416.9680674197125,0.0,-8.118586752974256,30.690817795488034,38.11797045233068,8.360468891800036,12.141005972295666
41,157.09275366420508,71.7595261566958,-10.221574507769173,24.344485845440808,29.300326814986246,42.93492225542256,37.597664855960616
41,6416.9680674197125,0.0,-8.091927714407166,30.693784119100783,38.127832621448015,8.165945098569695,3.015671733936652
41,6416.9680674197125,0.0,-8.093608369007217,30.690817795488034,38.11111426038084,8.162111756102894,11.32609147429319
41,6416.9680674197125,0.0,-8.044458720099172,30.692076436361493,38.38987105604679,8.064054576807143,4.803463865384029
41,6416.9680674197125,0.0,-8.093238362296365,34.38260978818598,38.13104483541598,8.179205613021514,8.547543220757928
41,6416.9680674197125,0.0,-8.094501477743773,30.692076436361493,38.10848068635786,8.166325349060166,9.17441573268329
41,6416.9680674197125,0.0,-8.044710898473042,30.691827536313852,38.38793768851375,8.064054576807143,3.1639778739829527
41,6416.9680674197125,0.0,-8.120046953852022,30.690817795488034,38.118086814496614,8.371780127362168,12.141005972295666
41,6416.9680674197125,0.0,-8.093238362296365,30.692076436361493,38.13104483541598,8.179205613021514,8.574936481186285
41,6416.9680674197125,0.0,-8.094501477743773,30.689306204961664,38.10848068635786,8.166325349060166,4.50098495166813
41,6416.9680674197125,0.0,-8.096182643798219,30.689560029838596,38.10839879638181,8.179132398834897,6.897466626620193
41,6416.9680674197125,0.0,-8.118605959725052,30.69207773878263,38.10879713679776,8.35144282802322,12.992634085399471
41,6416.9680674197125,0.0,-8.094501477743773,30.692076436361493,38.10848068635786,8.166325349060166,2.368315055756047
41,6416.9680674197125,0.0,-8.044458720099172,30.692076436361493,38.38987105604679,8.064054576807143,2.1731874523735817
41,6416.9680674197125,0.0,-7.911148493133119,30.491543614580465,39.51418690170618,8.166325349060166,7.3332103378810825
41,6416.9680674197125,0.0,-8.094175669873103,30.69192659059636,38.11055382059575,8.165900622956253,7.110805811084062
41,6416.9680674197125,0.0,-8.094184525370117,30.692076436361493,38.11054086360743,8.165955558111717,8.574936481186285
41,6416.9680674197125,0.0,-8.041398158629924,30.46327546402038,38.42554941739885,8.076268633561655,8.93152529020321
41,6416.9680674197125,0.0,-8.044458720099172,30.69183395382754,38.38987105604679,8.064054576807143,4.887302390018828
41,6416.9680674197125,0.0,-8.094501477743773,30.69195477650661,38.10848068635786,8.166325349060166,10.690605909545928
41,6416.9680674197125,0.0,-8.095034494123087,30.69192659059636,38.108554532725094,8.170485654335499,6.871797108641075
41,6416.9680674197125,0.0,-8.110838404843431,30.690817795488034,38.17737445466701,8.360468891800036,2.054265230576527
41,6416.9680674197125,0.0,-8.094782435864389,30.692076436361493,38.10661786127914,8.1666165362395,5.89870839703125
41,6416.9680674197125,0.0,-8.092208003100353,30.692076436361493,38.125694201008955,8.165955558111717,3.114969329132357
41,159.38088288118266,68.3404842696401,-10.864308980509499,25.30084140190718,31.46752806349226,40.17449254625272,44.9869185297407
41,6416.9680674197125,0.0,-8.087455001413488,30.491543614580465,38.10958058424985,8.113402261753325,4.049919080283027
42,157.09275366420508,71.7595261566958,-10.163059591174282,24.344485845440808,28.62916584933186,42.712375650329015,44.59723002411222
42,6416.9680674197125,0.0,-8.094502147171202,30.693784119100783,38.1087562817182,8.166606076697478,5.799395897087919
42,157.09275366420508,71.7595261566958,-10.1340317731186,24.344485845440808,28.62916584933186,42.93492225542256,44.59723002411222
42,6416.9680674197125,0.0,-8.044652182608878,30.693724746618948,38.38793768851375,8.06360442184854,3.238634683350667
42,159.97757401991475,65.76697698480363,-10.970244214038537,25.579798383240885,32.06340486491779,39.958199223955674,44.932825168816464
42,159.38088288118266,68.3404842696401,-10.848365819808578,25.300492850399944,31.34529716478517,40.17449254625272,44.98687913990941
42,159.38088288118266,68.3404842696401,-11.100894489212074,25.330130943305086,31.549175355226417,38.09377628036665,44.9869185297407
42,159.58223863077973,66.89101514861524,-11.042983483990703,25.664988570685956,32.1287722566814,39.4658988794193,44.96383003091023
42,159.58223863077973,66.89101514861524,-11.041870706272825,25.664988570685956,32.1202409608443,39.4658988794193,44.9643021869357
42,6416.9680674197125,0.0,-8.118605959725052,30.69207773878263,38.10879713679776,8.35144282802322,12.992634085399471
42,6416.9680674197125,0.0,-8.212045495667368,30.74233971455384,37.211525122707755,8.170540589490964,8.574936481186285
42,6416.9680674197125,0.0,-8.094501477743773,30.69195477650661,38.10848068635786,8.166325349060166,10.690605909545928
42,6416.9680674197125,0.0,-8.167970551051166,30.69447003554976,37.545217791001186,8.166325349060166,4.05780719113804
42,6416.9680674197125,0.0,-8.041398158629924,30.46327546402038,38.42554941739885,8.076268633561655,8.93152529020321
42,157.09275366420508,71.7595261566958,-10.222891908913361,24.344485845440808,29.31042689042501,42.93492225542256,44.91933039571274
42,6416.9680674197125,0.0,-8.093608369007217,30.690817795488034,38.11111426038084,8.162111756102894,11.32609147429319
42,6416.9680674197125,0.0,-8.096182643798219,30.689560029838596,38.10839879638181,8.179132398834897,6.897466626620193
42,159.38088288118266,68.3404842696401,-10.894103071498776,25.330130943305086,31.549175355226417,40.027718473735774,44.9832790508655
42,6416.9680674197125,0.0,-8.093238362296365,30.692076436361493,38.13104483541598,8.179205613021514,8.645763350580934
42,6416.9680674197125,0.0,-8.118586752974256,30.690817795488034,38.11797045233068,8.360468891800036,12.141005972295666
42,6416.9680674197125,0.0,-8.096197147989585,30.501255083587765,38.10838670533962,8.17923150659318,6.709807414723917
42,6416.9680674197125,0.0,-8.044458720099172,30.692076436361493,38.38987105604679,8.064054576807143,2.1731874523735817
42,6416.9680674197125,0.0,-8.087455001413488,30.491543614580465,38.10958058424985,8.113402261753325,4.049919080283027
42,6416.9680674197125,0.0,-8.044458720099172,30.692076436361493,38.38987105604679,8.064054576807143,4.803463865384029
42,157.09275366420508,71.7595261566958,-10.221574507769173,24.344485845440808,29.300326814986246,42.93492225542256,37.597664855960616
42,6416.9680674197125,0.0,-8.094316130648174,30.69195477650661,38.108486418144686,8.164910086447401,6.961436241453761
42,6416.9680674197125,0.0,-8.119145140718583,30.69207773878263,38.10879072886688,8.355570141042731,3.8354251128879713
42,6416.9680674197125,0.0,-8.094184525370117,30.692076436361493,38.11054086360743,8.165955558111717,8.574936481186285
42,6416.9680674197125,0.0,-8.093238362296365,30.692076436361493,38.13104483541598,8.179205613021514,8.574936481186285
42,6416.9680674197125,0.0,-8.09444635189612,30.689560029838596,38.10879503131246,8.166217062516107,2.3580307087931653
42,6416.9680674197125,0.0,-8.094516250256817,30.692076436361493,38.107997639476075,8.165955558111717,5.928459616674116
42,6416.9680674197125,0.0,-8.094560863035369,30.691886908795688,38.1087562817182,8.167056231656082,5.724740638336984
42,159.38088288118266,68.3404842696401,-10.845509425743607,25.330130943305086,31.323398143620405,40.17449254625272,44.987390680984454
42,159.38088288118266,68.3404842696401,-10.864308980509499,25.30084140190718,31.46752806349226,40.17449254625272,44.9869185297407
42,6416.9680674197125,0.0,-8.090975614789315,30.69206047724479,38.131323703570054,8.16213675028819,11.32609147429319
42,6416.9680674197125,0.0,-8.093408198258157,30.690817795488034,38.11111426038084,8.160577113693435,11.486823489904715
42,6416.9680674197125,0.0,-8.094501477743773,30.689306204961664,38.10848068635786,8.166325349060166,4.50098495166813
42,6416.9680674197125,0.0,-8.095034494123087,30.69192659059636,38.108554532725094,8.170485654335499,6.871797108641075
42,159.38088288118266,68.3404842696401,-10.878526324623508,25.330130943305086,31.576527701699654,40.17449254625272,44.9869185297407
42,6416.9680674197125,0.0,-8.110838404843431,30.690817795488034,38.17737445466701,8.360468891800036,2.054265230576527
42,159.38088288118266,68.3404842696401,-10.84633719657716,25.302504923169817,31.329744386677657,40.17449254625272,44.9869185297407
42,6416.9680674197125,0.0,-8.117890766974462,30.690817795488034,38.11797045233068,8.355132999134936,10.76486339745687
42,6416.9680674197125,0.0,-8.093967625673663,30.689306204961664,38.10844623920919,8.162198036040655,4.627276166721495
42,6416.9680674197125,0.0,-7.911148493133119,30.491543614580465,39.51418690170618,8.166325349060166,7.3332103378810825
42,6416.9680674197125,0.0,-8.094175669873103,30.69192659059636,38.11055382059575,8.165900622956253,7.110805811084062
42,159.38088288118266,68.3404842696401,-10.846622203461486,25.330130943305086,31.331929439457504,40.17449254625272,44.9869185297407
42,6416.9680674197125,0.0,-8.120046953852022,30.690817795488034,38.118086814496614,8.371780127362168,12.141005972295666
42,6416.9680674197125,0.0,-8.093238362296365,34.38260978818598,38.13104483541598,8.179205613021514,8.547543220757928
43,6416.9680674197125,0.0,-8.094502147171202,30.693784119100783,38.1087562817182,8.166606076697478,5.799395897087919
43,157.09275366420508,71.7595261566958,-10.33966830929917,24.344485845440808,29.31264400644899,42.0418536351553,44.982901505650766
43,157.09275366420508,71.7595261566958,-10.163059591174282,24.344485845440808,28.62916584933186,42.712375650329015,44.59723002411222
43,6416.9680674197125,0.0,-8.044506495836867,30.702200589652744,38.38852706132247,8.063076862738498,8.93152529020321
43,159.97757401991475,65.76697698480363,-11.042167294552911,25.579741998368952,32.12251480432499,39.4658988794193,44.96624792810344
43,159.97757401991475,65.76697698480363,-10.970244214038537,25.579798383240885,32.06340486491779,39.958199223955674,44.932825168816464
43,159.38088288118266,68.3404842696401,-10.87388515242435,25.330130943305086,31.549175355226417,40.18272251997302,44.9832790508655
43,159.38088288118266,68.3404842696401,-10.848365819808578,25.300492850399944,31.34529716478517,40.17449254625272,44.98687913990941
43,159.58223863077973,66.89101514861524,-10.969947625758444,25.66504495555789,32.06113102143709,39.958199223955674,44.93087942760985
43,159.58223863077973,66.89101514861524,-11.042983483990703,25.664988570685956,32.1287722566814,39.4658988794193,44.96383003091023
43,159.38088288118266,68.3404842696401,-10.864308980509499,25.30084140190718,31.46752806349226,40.17449254625272,44.9869185297407
43,159.58223863077973,66.89101514861524,-11.041870706272825,25.664988570685956,32.1202409608443,39.4658988794193,44.9643021869357
43,157.09275366420508,71.7595261566958,-10.1340317731186,24.344485845440808,28.62916584933186,42.93492225542256,44.59723002411222
43,6416.9680674197125,0.0,-8.094516250256817,30.692076436361493,38.107997639476075,8.165955558111717,5.928459616674116
43,6416.9680674197125,0.0,-8.212045495667368,30.74233971455384,37.211525122707755,8.170540589490964,8.574936481186285
43,6416.9680674197125,0.0,-8.09444635189612,30.689560029838596,38.10879503131246,8.166217062516107,2.3580307087931653
43,157.09275366420508,71.7595261566958,-10.221574507769173,24.344485845440808,29.300326814986246,42.93492225542256,37.597664855960616
43,159.38088288118266,68.3404842696401,-10.846622203461486,25.330130943305086,31.331929439457504,40.17449254625272,44.9869185297407
43,6416.9680674197125,0.0,-8.117890766974462,30.690817795488034,38.11797045233068,8.355132999134936,10.76486339745687
43,6416.9680674197125,0.0,-8.093238362296365,30.692076436361493,38.13104483541598,8.179205613021514,8.645763350580934
43,6416.9680674197125,0.0,-8.094560863035369,30.691886908795688,38.1087562817182,8.167056231656082,5.724740638336984
43,6416.9680674197125,0.0,-8.119145140718583,30.69207773878263,38.10879072886688,8.355570141042731,3.8354251128879713
43,6416.9680674197125,0.0,-8.096182643798219,30.689560029838596,38.10839879638181,8.179132398834897,6.897466626620193
43,6416.9680674197125,0.0,-8.094206989029463,30.491543614580465,38.10967019505642,8.165257110949026,7.225710145207303
43,159.38088288118266,68.3404842696401,-10.894103071498776,25.330130943305086,31.549175355226417,40.027718473735774,44.9832790508655
43,6416.9680674197125,0.0,-8.118605959725052,30.69207773878263,38.10879713679776,8.35144282802322,12.992634085399471
43,159.38088288118266,68.3404842696401,-10.878526324623508,25.330130943305086,31.576527701699654,40.17449254625272,44.9869185297407
43,6416.9680674197125,0.0,-8.094501477743773,30.69195477650661,38.10848068635786,8.166325349060166,10.690605909545928
43,6416.9680674197125,0.0,-8.118586752974256,30.690817795488034,38.11797045233068,8.360468891800036,12.141005972295666
43,6416.9680674197125,0.0,-8.093238362296365,34.38260978818598,38.13104483541598,8.179205613021514,8.547543220757928
43,6416.9680674197125,0.0,-8.095034494123087,30.69192659059636,38.108554532725094,8.170485654335499,6.871797108641075
43,6416.9680674197125,0.0,-8.094184525370117,30.692076436361493,38.11054086360743,8.165955558111717,8.574936481186285
43,159.38088288118266,68.3404842696401,-10.84633719657716,25.302504923169817,31.329744386677657,40.17449254625272,44.9869185297407
43,6416.9680674197125,0.0,-8.041398158629924,30.46327546402038,38.42554941739885,8.076268633561655,8.93152529020321
43,6416.9680674197125,0.0,-8.070872736230001,30.501255083587765,38.30254052882979,8.17923150659318,6.709807414723917
43,6416.9680674197125,0.0,-8.110838404843431,30.690817795488034,38.17737445466701,8.360468891800036,2.054265230576527
43,159.38088288118266,68.3404842696401,-10.868583738882997,25.300492850399944,31.34529716478517,40.01948850001548,44.996485259581185
43,157.09275366420508,71.7595261566958,-10.222891908913361,24.344485845440808,29.31042689042501,42.93492225542256,44.91933039571274
43,6416.9680674197125,0.0,-8.093608369007217,30.690817795488034,38.11111426038084,8.162111756102894,11.32609147429319
43,6416.9680674197125,0.0,-7.911148493133119,30.491543614580465,39.51418690170618,8.166325349060166,7.3332103378810825
43,6416.9680674197125,0.0,-8.093238362296365,30.692076436361493,38.13104483541598,8.179205613021514,8.574936481186285
43,6416.9680674197125,0.0,-8.120046953852022,30.690817795488034,38.118086814496614,8.371780127362168,12.141005972295666
43,6416.9680674197125,0.0,-8.093967625673663,30.689306204961664,38.10844623920919,8.162198036040655,4.627276166721495
43,6416.9680674197125,0.0,-8.167970551051166,30.69447003554976,37.545217791001186,8.166325349060166,4.05780719113804
43,6416.9680674197125,0.0,-8.094501477743773,30.689306204961664,38.10848068635786,8.166325349060166,4.50098495166813
43,6416.9680674197125,0.0,-8.090975614789315,30.69206047724479,38.131323703570054,8.16213675028819,11.32609147429319
43,6416.9680674197125,0.0,-8.044458720099172,30.692076436361493,38.38987105604679,8.064054576807143,4.803463865384029
43,159.38088288118266,68.3404842696401,-11.100894489212074,25.330130943305086,31.549175355226417,38.09377628036665,44.9869185297407
44,6416.9680674197125,0.0,-8.094502147171202,30.693784119100783,38.1087562817182,8.166606076697478,5.799395897087919
44,157.09275366420508,71.7595261566958,-10.286679671990424,24.344485845440808,28.62916584933186,41.76462169740525,44.59723002411222
44,6416.9680674197125,0.0,-8.093967625673663,30.689306204961664,38.10844623920919,8.162198036040655,4.191233778329396
44,157.09275366420508,71.7595261566958,-10.33966830929917,24.344485845440808,29.31264400644899,42.0418536351553,44.982901505650766
44,159.97757401991475,65.76697698480363,-10.87388515242435,25.579245443950423,31.549175355226417,40.18272251997302,44.9832790508655
44,159.97757401991475,65.76697698480363,-11.042167294552911,25.579741998368952,32.12251480432499,39.4658988794193,44.96624792810344
44,159.38088288118266,68.3404842696401,-11.100894489212074,25.330130943305086,31.549175355226417,38.09377628036665,44.9869185297407
44,159.38088288118266,68.3404842696401,-10.87388515242435,25.330130943305086,31.549175355226417,40.18272251997302,44.9832790508655
44,159.58223863077973,66.89101514861524,-11.033936198821934,25.66504337453149,32.059409737054146,39.4658988794193,44.96383003091023
44,159.58223863077973,66.89101514861524,-10.969947625758444,25.66504495555789,32.06113102143709,39.958199223955674,44.93087942760985
44,159.97757401991475,65.76697698480363,-10.970244214038537,25.579798383240885,32.06340486491779,39.958199223955674,44.932825168816464
44,6416.9680674197125,0.0,-8.094516250256817,30.692076436361493,38.107997639476075,8.165955558111717,5.928459616674116
44,6416.9680674197125,0.0,-8.167970551051166,30.69447003554976,37.545217791001186,8.166325349060166,4.05780719113804
44,6416.9680674197125,0.0,-8.117890766974462,30.690817795488034,38.11797045233068,8.355132999134936,10.76486339745687
44,159.38088288118266,68.3404842696401,-10.84633719657716,25.302504923169817,31.329744386677657,40.17449254625272,44.9869185297407
44,6416.9680674197125,0.0,-8.118605959725052,30.69207773878263,38.10879713679776,8.35144282802322,12.992634085399471
44,6416.9680674197125,0.0,-8.093238362296365,30.692076436361493,38.13104483541598,8.179205613021514,8.574936481186285
44,6416.9680674197125,0.0,-8.090975614789315,30.69206047724479,38.131323703570054,8.16213675028819,11.32609147429319
44,159.38088288118266,68.3404842696401,-10.864308980509499,25.30084140190718,31.46752806349226,40.17449254625272,44.9869185297407
44,6416.9680674197125,0.0,-8.094501477743773,30.69195477650661,38.10848068635786,8.166325349060166,10.690605909545928
44,159.38088288118266,68.3404842696401,-10.878526324623508,25.330130943305086,31.576527701699654,40.17449254625272,44.9869185297407
44,6416.9680674197125,0.0,-8.094560863035369,30.691886908795688,38.1087562817182,8.167056231656082,5.724740638336984
44,6416.9680674197125,0.0,-8.044458720099172,30.692076436361493,38.38987105604679,8.064054576807143,4.803463865384029
44,6416.9680674197125,0.0,-8.093238362296365,34.38260978818598,38.13104483541598,8.179205613021514,8.547543220757928
44,6416.9680674197125,0.0,-8.094501477743773,30.689306204961664,38.10848068635786,8.166325349060166,4.50098495166813
44,159.38088288118266,68.3404842696401,-10.848365819808578,25.300492850399944,31.34529716478517,40.17449254625272,44.98687913990941
44,6416.9680674197125,0.0,-8.041398158629924,30.46327546402038,38.42554941739885,8.076268633561655,8.93152529020321
44,6416.9680674197125,0.0,-8.093238362296365,30.692076436361493,38.13104483541598,8.179205613021514,8.645763350580934
44,6416.9680674197125,0.0,-8.118586752974256,30.690817795488034,38.11797045233068,8.360468891800036,12.141005972295666
44,6416.9680674197125,0.0,-8.094184525370117,30.692076436361493,38.11054086360743,8.165955558111717,8.574936481186285
44,6416.9680674197125,0.0,-8.094206989029463,30.491543614580465,38.10967019505642,8.165257110949026,7.225710145207303
44,6416.9680674197125,0.0,-8.070872736230001,30.501255083587765,38.30254052882979,8.17923150659318,6.709807414723917
44,6416.9680674197125,0.0,-7.911148493133119,30.491543614580465,39.51418690170618,8.166325349060166,7.286360404646253
44,6416.9680674197125,0.0,-8.093967625673663,30.689306204961664,38.10844623920919,8.162198036040655,4.627276166721495
44,157.09275366420508,71.7595261566958,-10.222891908913361,24.344485845440808,29.31042689042501,42.93492225542256,44.91933039571274
44,157.09275366420508,71.7595261566958,-10.1340317731186,24.344485845440808,28.62916584933186,42.93492225542256,44.59723002411222
44,6416.9680674197125,0.0,-8.095034494123087,30.69192659059636,38.108554532725094,8.170485654335499,6.871797108641075
44,6416.9680674197125,0.0,-8.044506495836867,30.702200589652744,38.38852706132247,8.063076862738498,8.93152529020321
44,6416.9680674197125,0.0,-8.119145140718583,30.69207773878263,38.10879072886688,8.355570141042731,3.8354251128879713
44,159.38088288118266,68.3404842696401,-10.894103071498776,25.330130943305086,31.549175355226417,40.027718473735774,44.9832790508655
44,6416.9680674197125,0.0,-8.09444635189612,30.689560029838596,38.10879503131246,8.166217062516107,2.3580307087931653
44,159.58223863077973,66.89101514861524,-11.041870706272825,25.664988570685956,32.1202409608443,39.4658988794193,44.9643021869357
44,157.09275366420508,71.7595261566958,-10.176350243197973,24.344485845440808,28.62916584933186,42.61048065148073,44.59723002411222
44,6416.9680674197125,0.0,-8.120046953852022,30.690817795488034,38.118086814496614,8.371780127362168,12.141005972295666
44,159.58223863077973,66.89101514861524,-11.042983483990703,25.664988570685956,32.1287722566814,39.4658988794193,44.96383003091023
44,6416.9680674197125,0.0,-8.044506495836867,30.702200589652744,38.38852706132247,8.063076862738498,11.16347046341972
44,6416.9680674197125,0.0,-8.212045495667368,30.74233971455384,37.211525122707755,8.170540589490964,8.574936481186285
44,6416.9680674197125,0.0,-8.110838404843431,30.690817795488034,38.17737445466701,8.360468891800036,2.054265230576527
45,6416.9680674197125,0.0,-8.094663621199484,30.689306204961664,38.107237586530744,8.166325349060166,4.50098495166813
45,157.09275366420508,71.7595261566958,-10.397749416438643,24.344485845440808,29.31264400644899,41.596565147086025,44.982901505650766
45,6416.9680674197125,0.0,-8.094502147171202,30.693784119100783,38.1087562817182,8.166606076697478,5.799395897087919
45,157.09275366420508,71.7595261566958,-10.286679671990424,24.344485845440808,28.62916584933186,41.76462169740525,44.59723002411222
45,159.97757401991475,65.76697698480363,-10.970244214038537,25.579798383240885,32.06340486491779,39.958199223955674,44.932825168816464
45,159.97757401991475,65.76697698480363,-10.87388515242435,25.579245443950423,31.549175355226417,40.18272251997302,44.9832790508655
45,159.38088288118266,68.3404842696401,-10.894103071498776,25.29676142180072,31.549175355226417,40.027718473735774,44.9832790508655
45,159.38088288118266,68.3404842696401,-11.100894489212074,25.330130943305086,31.549175355226417,38.09377628036665,44.9869185297407
45,159.58223863077973,66.89101514861524,-11.042983483990703,25.664988570685956,32.1287722566814,39.4658988794193,44.96383003091023
45,159.58223863077973,66.89101514861524,-11.033936198821934,25.66504337453149,32.059409737054146,39.4658988794193,44.96383003091023
45,157.09275366420508,71.7595261566958,-10.176350243197973,24.344485845440808,28.62916584933186,42.61048065148073,44.59723002411222
45,6416.9680674197125,0.0,-8.119145140718583,30.69207773878263,38.10879072886688,8.355570141042731,3.8354251128879713
45,159.38088288118266,68.3404842696401,-10.864308980509499,25.30084140190718,31.46752806349226,40.17449254625272,44.9869185297407
45,6416.9680674197125,0.0,-8.041398158629924,30.46327546402038,38.42554941739885,8.076268633561655,8.93152529020321
45,6416.9680674197125,0.0,-8.093238362296365,34.38260978818598,38.13104483541598,8.179205613021514,8.547543220757928
45,6416.9680674197125,0.0,-8.094431024992929,30.689306204961664,38.10842713543701,8.165731660382871,4.794307273486824
45,6416.9680674197125,0.0,-8.093972523384398,30.689306204961664,38.108408690093555,8.162198036040655,2.1182412866562217
45,6416.9680674197125,0.0,-8.093238362296365,30.692076436361493,38.13104483541598,8.179205613021514,8.645763350580934
45,6416.9680674197125,0.0,-7.785792457879609,33.047621416067344,40.475229371991865,8.166304882402258,8.574936481186285
45,6416.9680674197125,0.0,-8.167970551051166,30.69447003554976,37.545217791001186,8.166325349060166,4.05780719113804
45,6416.9680674197125,0.0,-8.095034494123087,30.69192659059636,38.108554532725094,8.170485654335499,6.871797108641075
45,6416.9680674197125,0.0,-8.093967625673663,30.689306204961664,38.10844623920919,8.162198036040655,4.627276166721495
45,159.38088288118266,68.3404842696401,-10.811293703947591,25.330130943305086,31.09264454974681,40.20605948614859,44.995838820763694
45,6416.9680674197125,0.0,-8.093238362296365,30.692076436361493,38.13104483541598,8.179205613021514,8.574936481186285
45,6416.9680674197125,0.0,-8.09444635189612,30.689560029838596,38.10879503131246,8.166217062516107,2.3580307087931653
45,6416.9680674197125,0.0,-8.094560863035369,30.691886908795688,38.1087562817182,8.167056231656082,5.724740638336984
45,6416.9680674197125,0.0,-8.094206989029463,30.491543614580465,38.10967019505642,8.165257110949026,7.225710145207303
45,6416.9680674197125,0.0,-8.094516250256817,30.692076436361493,38.107997639476075,8.165955558111717,5.928459616674116
45,159.38088288118266,68.3404842696401,-10.87388515242435,25.330130943305086,31.549175355226417,40.18272251997302,44.9832790508655
45,6416.9680674197125,0.0,-8.090975614789315,30.69206047724479,38.131323703570054,8.16213675028819,11.32609147429319
45,157.09275366420508,71.7595261566958,-10.1340317731186,24.344485845440808,28.62916584933186,42.93492225542256,44.59723002411222
45,6416.9680674197125,0.0,-8.044458720099172,30.692076436361493,38.38987105604679,8.064054576807143,4.803463865384029
45,6416.9680674197125,0.0,-8.044506495836867,30.702200589652744,38.38852706132247,8.063076862738498,11.16347046341972
45,6416.9680674197125,0.0,-8.094501477743773,30.69195477650661,38.10848068635786,8.166325349060166,10.690605909545928
45,157.09275366420508,71.7595261566958,-10.222891908913361,24.344485845440808,29.31042689042501,42.93492225542256,44.91933039571274
45,6416.9680674197125,0.0,-8.120046953852022,30.690817795488034,38.118086814496614,8.371780127362168,12.141005972295666
45,159.38088288118266,68.3404842696401,-10.848365819808578,25.300492850399944,31.34529716478517,40.17449254625272,44.98687913990941
45,6416.9680674197125,0.0,-8.044506495836867,30.702200589652744,38.38852706132247,8.063076862738498,8.93152529020321
45,6416.9680674197125,0.0,-8.093967625673663,30.689306204961664,38.10844623920919,8.162198036040655,4.191233778329396
45,159.58223863077973,66.89101514861524,-11.041870706272825,25.664988570685956,32.1202409608443,39.4658988794193,44.9643021869357
45,159.38088288118266,68.3404842696401,-10.84633719657716,25.302504923169817,31.329744386677657,40.17449254625272,44.9869185297407
45,6416.9680674197125,0.0,-8.117890766974462,30.690817795488034,38.11797045233068,8.355132999134936,10.76486339745687
45,6416.9680674197125,0.0,-8.118586752974256,30.690817795488034,38.11797045233068,8.360468891800036,12.141005972295666
45,6416.9680674197125,0.0,-8.094513018199564,30.692076436361493,38.10802241858168,8.165955558111717,5.928459616674116
45,6416.9680674197125,0.0,-7.911148493133119,30.491543614580465,39.51418690170618,8.166325349060166,7.286360404646253
45,6416.9680674197125,0.0,-8.094184525370117,30.692076436361493,38.11054086360743,8.165955558111717,8.574936481186285
45,159.97757401991475,65.76697698480363,-11.042167294552911,25.579741998368952,32.12251480432499,39.4658988794193,44.96624792810344
45,6416.9680674197125,0.0,-8.118605959725052,30.69207773878263,38.10879713679776,8.35144282802322,12.992634085399471
46,6416.9680674197125,0.0,-8.094663621199484,30.689306204961664,38.107237586530744,8.166325349060166,4.50098495166813
46,157.09275366420508,71.7595261566958,-10.397749416438643,24.344485845440808,29.31264400644899,41.596565147086025,44.982901505650766
46,6416.9680674197125,0.0,-8.094502147171202,30.693784119100783,38.1087562817182,8.166606076697478,5.799395897087919
46,157.09275366420508,71.7595261566958,-10.286679671990424,24.344485845440808,28.62916584933186,41.76462169740525,44.59723002411222
46,159.97757401991475,65.76697698480363,-10.970244214038537,25.579798383240885,32.06340486491779,39.958199223955674,44.932825168816464
46,159.97757401991475,65.76697698480363,-10.87388515242435,25.579245443950423,31.549175355226417,40.18272251997302,44.9832790508655
46,157.09275366420508,71.7595261566958,-10.176350243197973,24.344485845440808,28.62916584933186,42.61048065148073,44.59723002411222
46,6416.9680674197125,0.0,-8.119145140718583,30.69207773878263,38.10879072886688,8.355570141042731,3.8354251128879713
46,6416.9680674197125,0.0,-8.041398158629924,30.46327546402038,38.42554941739885,8.076268633561655,8.93152529020321
46,6416.9680674197125,0.0,-8.093238362296365,34.38260978818598,38.13104483541598,8.179205613021514,8.547543220757928
46,6416.9680674197125,0.0,-8.094431024992929,30.689306204961664,38.10842713543701,8.165731660382871,4.794307273486824
46,6416.9680674197125,0.0,-8.093972523384398,30.689306204961664,38.108408690093555,8.162198036040655,2.1182412866562217
46,6416.9680674197125,0.0,-8.093238362296365,30.692076436361493,38.13104483541598,8.179205613021514,8.645763350580934
46,6416.9680674197125,0.0,-7.785792457879609,33.047621416067344,40.475229371991865,8.166304882402258,8.574936481186285
46,6416.9680674197125,0.0,-8.167970551051166,30.69447003554976,37.545217791001186,8.166325349060166,4.05780719113804
46,6416.9680674197125,0.0,-8.095034494123087,30.69192659059636,38.108554532725094,8.170485654335499,6.871797108641075
46,6416.9680674197125,0.0,-8.093967625673663,30.689306204961664,38.10844623920919,8.162198036040655,4.627276166721495
46,6416.9680674197125,0.0,-8.093238362296365,30.692076436361493,38.13104483541598,8.179205613021514,8.574936481186285
46,6416.9680674197125,0.0,-8.09444635189612,30.689560029838596,38.10879503131246,8.166217062516107,2.3580307087931653
46,6416.9680674197125,0.0,-8.094560863035369,30.691886908795688,38.1087562817182,8.167056231656082,5.724740638336984
46,6416.9680674197125,0.0,-8.094206989029463,30.491543614580465,38.10967019505642,8.165257110949026,7.225710145207303
46,6416.9680674197125,0.0,-8.094516250256817,30.692076436361493,38.107997639476075,8.165955558111717,5.928459616674116
46,6416.9680674197125,0.0,-8.090975614789315,30.69206047724479,38.131323703570054,8.16213675028819,11.32609147429319
46,157.09275366420508,71.7595261566958,-10.1340317731186,24.344485845440808,28.62916584933186,42.93492225542256,44.59723002411222
46,6416.9680674197125,0.0,-8.044458720099172,30.692076436361493,38.38987105604679,8.064054576807143,4.803463865384029
46,6416.9680674197125,0.0,-8.044506495836867,30.702200589652744,38.38852706132247,8.063076862738498,11.16347046341972
46,6416.9680674197125,0.0,-8.094501477743773,30.69195477650661,38.10848068635786,8.166325349060166,10.690605909545928
46,157.09275366420508,71.7595261566958,-10.222891908913361,24.344485845440808,29.31042689042501,42.93492225542256,44.91933039571274
46,6416.9680674197125,0.0,-8.120046953852022,30.690817795488034,38.118086814496614,8.371780127362168,12.141005972295666
46,6416.9680674197125,0.0,-8.044506495836867,30.702200589652744,38.38852706132247,8.063076862738498,8.93152529020321
46,6416.9680674197125,0.0,-8.093967625673663,30.689306204961664,38.10844623920919,8.162198036040655,4.191233778329396
46,6416.9680674197125,0.0,-8.117890766974462,30.690817795488034,38.11797045233068,8.355132999134936,10.76486339745687
46,6416.9680674197125,0.0,-8.118586752974256,30.690817795488034,38.11797045233068,8.360468891800036,12.141005972295666
46,6416.9680674197125,0.0,-8.094513018199564,30.692076436361493,38.10802241858168,8.165955558111717,5.928459616674116
46,6416.9680674197125,0.0,-7.911148493133119,30.491543614580465,39.51418690170618,8.166325349060166,7.286360404646253
46,6416.9680674197125,0.0,-8.094184525370117,30.692076436361493,38.11054086360743,8.165955558111717,8.574936481186285
46,159.97757401991475,65.76697698480363,-11.042167294552911,25.579741998368952,32.12251480432499,39.4658988794193,44.96624792810344
46,6416.9680674197125,0.0,-8.118605959725052,30.69207773878263,38.10879713679776,8.35144282802322,12.992634085399471
46,159.38088288104737,66.74199670590787,-11.038294195655908,25.665859593344234,32.1202409608443,39.49331879414899,44.9643021869357
46,6416.9680674197125,0.0,-8.094514410516908,30.692076436361493,38.107997639476075,8.165941453439084,5.928459616674116
46,6416.9680674197125,0.0,-8.093466299334313,30.690877983923702,38.11797045233068,8.167878747227158,12.141005972295666
46,6416.9680674197125,0.0,-8.09692268239641,30.689306204961664,38.089918117354294,8.166325349060166,4.434804117859432
46,159.97757401991475,65.76697698480363,-10.877461663041267,25.578374421292143,31.549175355226417,40.15530260524332,44.9832790508655
46,6416.9680674197125,0.0,-8.124190070528194,30.69207773878263,38.09787049231667,8.383327699699532,12.992634085399471
46,6416.9680674197125,0.0,-8.044506495836867,30.702200589652744,38.38852706132247,8.063076862738498,5.8070038805075335
46,6416.9680674197125,0.0,-8.094560863035369,30.691886908795688,38.1087562817182,8.167056231656082,8.849262048247667
46,6416.968067419713,0.0,-8.133805917761194,30.640445501243008,38.013449806094656,8.372628508930545,4.46023731599655
46,157.09275366420508,73.67875806194697,-10.136639687748236,24.344485845440808,28.834578246264527,43.12034064019467,37.34061691861775
