generation,l_max_kg_per_m,s_max_kg_per_m,constraint,x_00,x_01,x_02,x_03,x_04,x_05,x_06,x_07,x_08,x_09,x_10,x_11
2,79.99900000642742,79.99900000642742,-10.5282523131902,37.23871851149597,37.232154557205234,25.948755624996817,34.85325691148068,0.1389577639265954,0.1544835500031468,0.1763460232727669,0.5700002284646816,18.501983343979237,27.280124647317827,149.07924730888973,18.130821708611105
4,79.99900000642742,79.99900000642742,-10.38094729589439,37.23871851149597,37.232154557205234,25.948755624996817,38.361493023139786,0.1397103462365115,0.1544835500031468,0.1763460232727669,0.5700002284646816,18.501983343979237,27.280124647317827,176.02870004941414,18.130821708611105
5,79.99900000642742,79.99900000642742,-10.797600952136577,37.69049372860796,28.472101028321752,32.36859938215425,34.808777570379675,0.1661843792331296,0.3571220312771885,0.166142225191832,0.2848632273325272,16.760434619896373,70.90621582259621,44.36389878863805,195.62025484009308
6,79.99900000642742,79.99900000642742,-10.58410650974323,37.69049372860796,28.472101028321752,25.128914640571345,35.98409806587322,0.2568182498972426,0.3571220312771885,0.166142225191832,0.2862041579999464,16.760434619896373,40.58929747040168,44.36389878863805,195.62025484009308
6,79.99900000642742,79.99900000642742,-9.870535113886833,37.696525767557056,36.21185485604339,25.948755624996817,42.27465308519772,0.138957821807886,0.1544835500031468,0.177085588379149,0.5700002284646816,18.501983343979237,27.239987465609488,36.350672604250384,18.130821708611105
6,79.99900000642742,79.99900000642742,-11.338382801349177,38.037032395330726,37.20086004573116,39.92565543447032,34.85325691148068,0.1456637246334991,0.115702283359711,0.1763460232727669,0.5743098247225441,1.6151720822694386,27.280124647317827,149.07924730888973,14.466838508676554
7,79.99900000642742,79.99900000642742,-10.5282523131902,37.23871851149597,37.232154557205234,25.948755624996817,34.85325691148068,0.1389577639265954,0.1544835500031468,0.1763460232727669,0.5700002284646816,18.501983343979237,27.893243781538818,149.07924730888973,18.130821708611105
7,79.99900000642742,79.99900000642742,-11.338441477997414,37.84651539076151,37.28647943993477,39.92520558016717,34.85325691148068,0.1465920878831695,0.115702283359711,0.1763460232727669,0.5742811833619157,10.800491015108308,27.280124647317827,121.51535072368456,12.394397209575146
7,79.99900000642742,79.99900000642742,-10.730112339214614,37.23871851149597,37.49253580217077,28.664386471421263,38.40019187077589,0.1397103462365115,0.1545078264238252,0.1763460232727669,0.5223078829071336,18.501983343979237,27.280124647317827,176.02870004941414,113.43660366633318
8,79.99900000642742,79.99900000642742,-10.281876188101664,37.2473083876666,37.49253580217077,25.22790931288864,38.40019187077589,0.1397103462365115,0.3496172602021923,0.1763460232727669,0.2855581507824121,18.49272456175036,41.05002641182447,176.02870004941414,201.2880583453845
8,79.99900000642742,79.99900000642742,-10.673997557563617,37.23871851149597,33.00652065227713,43.172539377622726,34.85325691148068,0.1389577639265954,0.1544835500031468,0.2433723892570627,0.5700002284646816,19.102621700638764,137.4469988357737,149.07924730888973,8.96176415479049
8,79.99900000642742,79.99900000642742,-9.90803310735098,37.595541592597904,38.81077611140476,25.166698786333058,41.20511162997551,0.138957821807886,0.1544835500031468,0.1998582203668443,0.5699961969234868,16.80676951846786,172.5224133929981,36.350672604250384,18.130821708611105
8,79.99900000642742,79.99900000642742,-10.798721370767533,37.68190385243734,28.472101028321752,28.565391799103963,35.98409806587322,0.2651199358885842,0.1620130304350569,0.166142225191832,0.5229538552626788,16.769693402125245,30.2109384915648,44.36389878863805,116.1165859675669
8,79.99900000642742,79.99900000642742,-10.84756634398262,37.23653813039295,37.19117988751658,42.98932581835723,34.15400112222403,0.1387664575317342,0.3960861823981281,0.1655307111757578,0.4132807583767484,8.06641076539935,119.51892645330412,146.92291713111263,11.47323202313546
9,79.99900000642742,79.99900000642742,-9.797641184207125,37.595541592597904,39.26653800284258,24.3203607088968,41.20511162997551,0.1382920643455536,0.1068727921803547,0.2738714185438052,0.5699961969234868,17.092898424224853,172.5224133929981,36.34535898292097,33.29348678215721
9,79.99900000642742,79.99900000642742,-10.42889823136679,38.84351127182452,37.20086004573116,25.155746486209928,34.85325691148068,0.1400586661599384,0.1559590706952817,0.1790734638107276,0.5743098247225441,2.576143009237116,27.280124647317827,149.07924730888973,14.466838508676554
9,79.99900000642742,79.99900000642742,-9.895451594962545,25.27431787667227,41.40918898195941,42.98932581835723,34.15400112222403,0.1450546160558078,0.4054982823996508,0.1655307111757578,0.4132807583767484,8.06641076539935,38.89761219968525,146.92291713111263,47.903468834235184
9,79.99900000642742,79.99900000642742,-9.86977988847994,37.696525767557056,36.21185485604339,25.948755624996817,42.28044314665061,0.138957821807886,0.1754873810389937,0.177085588379149,0.5699961090542378,18.509594597739603,169.37063935741045,36.350672604250384,18.130821708611105
9,79.99900000642742,79.99900000642742,-10.896056059642085,37.23871851149597,33.00652065227713,26.389686702070023,34.85325691148068,0.1389577639265954,0.1544835500031468,0.2433723892570627,0.5700002284646816,19.102621700638764,135.45311072195582,158.98891419338278,18.22035900482194
9,79.99900000642742,79.99900000642742,-11.545289729000366,37.23871851149597,37.232154557205234,40.71826663486905,38.361493023139786,0.1453154047100722,0.1142267628652287,0.1763460232727669,0.5700002284646816,5.821574436228827,27.280124647317827,176.02870004941414,18.130821708611105
9,79.99900000642742,79.99900000642742,-9.72014716006396,37.23871851149597,37.232154557205234,25.948755624996817,43.42762739783973,0.1389577639265954,0.1544835500031468,0.1763460232727669,0.5700002284646816,18.501983343979237,27.280124647317827,149.07924730888973,18.130821708611105
9,79.99900000642742,79.99900000642742,-11.247936262046402,37.661056476417016,35.107234372867325,40.61907890245823,34.85325691148068,0.1465920878831695,0.115702283359711,0.1763460232727669,0.5823845166850333,10.778498819564163,29.28079362117012,121.51535072368456,42.49504112292748
9,79.99900000642742,79.99900000642742,-9.90878833275788,37.595541592597904,38.81077611140476,25.166698786333058,41.1993215685226,0.138957821807886,0.1544835500031468,0.1998582203668443,0.5700003163339304,16.79915826470749,41.12911197787344,36.350672604250384,18.130821708611105
9,79.99900000642742,79.99900000642742,-11.271791159495749,37.23871851149597,38.75851125191443,40.43619135534656,34.85325691148068,0.1389577639265954,0.1544835500031468,0.1763460232727669,0.5700002284646816,18.501983343979237,29.276670986123527,149.07924730888973,8.872226866044585
10,79.99900000642742,79.99900000642742,-10.7096988648331,37.69049372860796,28.472101028321752,24.969540652065007,34.8618493550112,0.1661843792331296,0.3571220312771885,0.166142225191832,0.2848632273325272,16.760434619896373,38.1085627470891,44.36389878863805,195.62025484009308
10,79.99900000642742,79.99900000642742,-10.317639820009887,37.2473083876666,37.49253580217077,24.59444108891328,22.74221944165232,0.1277215180549299,0.2786301874575361,0.1763460232727669,0.1511988109321361,22.137848751372477,41.05002641182447,176.02870004941414,8.410325777381104
10,79.99900000642742,79.99900000642742,-10.839255246399226,37.58296727702681,38.71147260232439,43.8978256041452,34.998782493205944,0.1389577639265954,0.1544835500031468,0.2433723892570627,0.5700002345899801,19.102621700638764,137.4469988357737,29.907564343939733,19.15364871413009
10,79.99900000642742,79.99900000642742,-10.759983274594518,37.54196722751507,30.223370060173814,28.893396976000545,38.40019187077589,0.1209795499330266,0.1545078264238252,0.1763460232727669,0.6091572142120444,18.501983343979237,27.280124647317827,176.9352471118673,113.43660366633318
10,79.99900000642742,79.99900000642742,-10.45790760610197,37.595541592597904,28.059144024859076,39.88185237807727,41.1993215685226,0.138957821807886,0.1466830218262106,0.6281804684828736,0.5700003163339304,16.79915826470749,41.819889640856,25.76118676350758,18.130821708611105
10,79.99900000642742,79.99900000642742,-10.206354161822496,41.4683514060977,38.917983545693865,25.166698786333058,36.013741394467594,0.138957821807886,0.1619104979431707,0.2162752233860943,0.521473577079111,16.80676951846786,172.5224133929981,36.44926351967206,18.490463907743028
10,79.99900000642742,79.99900000642742,-10.532455120980462,40.96548932669342,37.19993303081324,25.948755624996817,34.85325691148068,0.1515461115360239,0.1544835500031468,0.1763460232727669,0.505862613132481,13.17371593366893,19.60848651784236,154.25720962263003,17.863062339985213
10,79.99900000642742,79.99900000642742,-10.35520741884001,37.68190385243734,28.36489260134104,28.565391799103963,41.175468254663855,0.2651199358885842,0.154586082495033,0.166142225191832,0.5714764751068849,16.769693402125245,30.2109384915648,44.26530787321639,101.18672792175146
10,79.99900000642742,79.99900000642742,-10.797600952136577,37.69049372860796,28.472101028321752,32.52797337064765,35.931026281241685,0.2705600846990332,0.3571220312771885,0.166142225191832,0.2862041579999464,16.760434619896373,73.38695055654361,44.36389878863805,195.62025484009308
10,79.99900000642742,79.99900000642742,-9.72014716006396,38.45845556824484,35.52588708073733,25.948755624996817,43.42762739783973,0.1389577639265954,0.1544835500031468,0.1763460232727669,0.1652206458519651,18.501983343979237,27.611592885094872,146.3013017087087,18.12787583625937
10,79.99900000642742,79.99900000642742,-9.895451594962545,25.27431787667227,41.40918898195941,42.85713107516369,34.15400112222403,0.1236438985167854,0.4054982823996508,0.1648791194839738,0.4132807583767484,8.06641076539935,38.89761219968525,146.92291713111263,32.913439567182934
11,79.99900000642742,79.99900000642742,-10.685893488303307,37.69049372860796,27.615677138933343,25.97121293581932,34.83363354756415,0.2568182498972426,0.3571220312771885,0.1661892826236686,0.265641004808028,18.506491310589134,40.58929747040168,44.36389878863805,195.62025484009308
11,79.99900000642742,79.99900000642742,-9.72014716006396,38.03548676180479,37.23363412935031,25.948755624996817,43.42762739783973,0.1331383523860145,0.1585971684967413,0.1763460232727669,0.5741694229286138,18.501983343979237,27.280124647317827,149.07924730888973,18.075600939724985
11,79.99900000642742,79.99900000642742,-10.673997557563617,37.23871851149597,33.00652065227713,43.172539377622726,34.85325691148068,0.1389577639265954,0.1544835500031468,0.2433723892570627,0.5700002284646816,18.48771763686134,137.4469988357737,149.07924730888973,9.510694693464773
11,79.99900000642742,79.99900000642742,-10.83777859138739,37.23871851149597,31.53104229458375,25.942892778784053,34.85325691148068,0.1389577639265954,0.1544835500031468,0.1763460232727669,0.4092031976872913,18.501983343979237,26.40261535099596,174.95243324803516,16.953780235644828
11,79.99900000642742,79.99900000642742,-10.418387318157862,38.01545564732218,37.232154557205234,25.10645732974884,36.00372142978975,0.1389577639265954,0.1544835500031468,0.1762989658409304,0.5904984103031324,16.755926653286473,27.893243781538818,149.07924730888973,18.130821708611105
11,79.99900000642742,79.99900000642742,-10.356102825731718,37.690383134549705,28.36489260134104,28.57225658527373,41.175468254663855,0.2569209519731955,0.154586082495033,0.166142225191832,0.5714764751068849,16.769886435559116,28.59764956945688,44.26808131026274,101.18672792175146
11,79.99900000642742,79.99900000642742,-11.21755901094869,37.23871851149597,37.232154557205234,40.85197116087401,34.85325691148068,0.1390147174703193,0.1129335057117588,0.1763460232727669,0.5700002284646816,18.479500616150467,27.280124647317827,149.07924730888973,18.130821708611105
11,79.99900000642742,79.99900000642742,-10.258861466805236,41.820829782814926,28.472101028321752,40.11989002453085,33.44875570008586,0.1661843792331296,0.3650705550597652,0.1652717953847151,0.2848632273325272,16.760434619896373,38.1085627470891,172.41626733148848,240.5611901186776
11,79.99900000642742,79.99900000642742,-10.58321110285152,37.6820144464956,27.290812296438894,25.12204985440157,35.98409806587322,0.2650172338126313,0.3571220312771885,0.1489035100439107,0.2862041579999464,16.7602415864625,42.202586392511066,44.960079412905365,195.62025484009308
11,79.99900000642742,79.99900000642742,-9.895451594962545,25.27431787667227,41.40918898195941,42.85713107516369,34.15400112222403,0.1236438985167854,0.4485961816573859,0.1648791194839738,0.4132807583767484,8.06641076539935,38.89761219968525,146.92291713111263,32.913439567182934
11,79.99900000642742,79.99900000642742,-10.100999307059222,38.49544228552871,35.52588708073733,27.02747092328446,12.46846561073852,0.1389577639265954,0.162000788310507,0.1448501021258895,0.1652206458519651,22.064413702286764,27.611592885094872,145.8126293899178,18.12787583625937
11,79.99900000642742,79.99900000642742,-9.855329506357188,25.27431787667227,41.71679166126715,41.99876885423928,34.15400112222403,0.1236438985167854,0.6491382063557117,0.1648791194839738,0.4146630681238679,8.06641076539935,38.89761219968525,97.41238709852172,5.645186533257906
11,79.99900000642742,79.99900000642742,-10.45790760610197,37.595541592597904,28.059144024859076,39.88185237807727,40.94133920287455,0.138957821807886,0.1466830218262106,0.6281804684828736,0.5700003163339304,16.79915826470749,42.93191439862223,25.76118676350758,18.130821708611105
11,79.99900000642742,79.99900000642742,-10.58830902995264,37.69049372860796,28.472101028321752,25.161133962176837,35.98409806587322,0.1416852559544702,0.3562315058557914,0.1655053835844404,0.2862041579999464,16.760434619896373,40.58929747040168,54.55099191949299,27.56762263044168
11,79.99900000642742,79.99900000642742,-10.5282523131902,37.23871851149597,37.232154557205234,25.948755624996817,34.85325691148068,0.1389577639265954,0.1544835500031468,0.1763460232727669,0.5700002284646816,19.116887407756657,27.893243781538818,149.07924730888973,17.581891173672297
11,79.99900000642742,79.99900000642742,-11.252061725737631,37.23871851149597,37.232154557205234,32.627299587128306,38.361493023139786,0.1397103462365115,0.1544835500031468,0.1763460232727669,0.2814607510489464,18.501983343979237,27.49989460709783,42.631324317433936,18.130821708611105
12,79.99900000642742,79.99900000642742,-10.70244821294802,37.582924906745205,38.74202487864889,44.833454151121146,34.88555711705602,0.1389577614530629,0.1544835500031468,0.2433723892570627,0.5700003176687664,19.102621700638764,137.4469988357737,29.907564343939733,19.15364871413009
12,79.99900000642742,79.99900000642742,-10.206354161822496,42.14270273506163,38.917983545693865,25.166698786333058,38.38259060752576,0.138957821807886,0.1619110253604095,0.2162752233860943,0.521473577079111,16.80676951846786,181.069211823356,36.44926351967206,18.497632462015503
12,79.99900000642742,79.99900000642742,-10.58901403383828,37.59558396287952,28.028590985723444,38.84615005962996,41.31254623950717,0.1389578242814184,0.1466830218262106,0.6281804684828736,0.5700002332551443,16.79915826470749,41.819889640856,25.76118676350758,18.130821708611105
12,79.99900000642742,79.99900000642742,-10.547650457164004,37.23871851149597,37.232154557205234,26.09747472879595,32.817982225390374,0.1389577639265954,0.1544835500031468,0.1763460232727669,0.5700002284646816,18.501983343979237,20.126595136412178,154.31711383629565,18.12863573542029
12,79.99900000642742,79.99900000642742,-10.469404099426932,38.01545564732218,36.61979080522868,25.10645732974884,36.841025900809,0.2819027941158756,0.1544835500031468,0.1762989658409304,0.5794004270906237,16.758081922595245,27.893243781538818,148.83037286683322,18.40849682836028
12,79.99900000642742,79.99900000642742,-10.650420590450684,38.818876501533154,28.472101028321752,24.718617808767693,34.8618493550112,0.1661843792331296,0.3527407730941732,0.1661627106884238,0.2868406666059871,16.760434619896373,38.1085627470891,44.36389878863805,12.955651533233976
12,79.99900000642742,79.99900000642742,-10.837156805340896,37.23154141277578,31.49225909043182,25.942892778784053,34.85802393783714,0.1389577639265954,0.1545825230991392,0.1763460232727669,0.5480240593173118,18.501983343979237,26.40261535099596,43.35949891335194,16.953780235644828
12,79.99900000642742,79.99900000642742,-11.363543075303213,37.71135471244408,35.52573602501505,40.40523911435706,42.28044314665061,0.1381079010658234,0.1754873810389937,0.177085588379149,0.290529199826571,16.726201023287132,39.29749733777277,42.21343390766988,18.130821708611105
12,79.99900000642742,79.99900000642742,-10.35582924465644,37.68908095115752,28.403675805492963,28.565391799103963,41.17070092340453,0.2651199358885842,0.1544871093990406,0.166142225191832,0.5181754883389376,16.769693402125245,30.2109384915648,175.85901399599524,101.18672792175146
12,79.99900000642742,79.99900000642742,-10.5282523131902,37.23871851149597,37.232154557205234,25.948755624996817,35.9926438100816,0.1397103462365115,0.1544830225859081,0.1763460232727669,0.5700002284646816,18.501983343979237,18.89772123717032,176.02870004941414,18.123653154338623
12,79.99900000642742,79.99900000642742,-10.668115517284177,37.595541592597904,28.059144024859076,38.270258392347046,40.94133920287455,0.138957821807886,0.1486575966738491,0.504397799746944,0.1949236168109854,16.79915826470749,120.6875347496885,25.76118676350758,18.130821708611105
12,79.99900000642742,79.99900000642742,-11.092490572966298,37.23871851149597,37.232154557205234,41.83226558818709,34.87469331426204,0.1239410086887945,0.4432705715177201,0.163893265042924,0.5700002284646816,19.116887407756657,24.98088591699088,149.07924730888973,17.581891173672297
12,79.99900000642742,79.99900000642742,-10.425960667222846,37.595541592597904,37.23433367095788,25.166698786333058,34.57742334034262,0.1389590588553834,0.1488206399497874,0.1171201152664144,0.5703675372355965,16.60969967051757,26.90379577880292,36.350672604250384,19.045560387710967
12,79.99900000642742,79.99900000642742,-10.762822535758254,37.68190385243734,28.19687662658395,27.86161211082233,35.87242718377146,0.2601073882419464,0.1622202325062427,0.166142225191832,0.5229538552626788,16.769693402125245,27.53222629363002,44.3937842843694,116.1165859675669
12,79.99900000642742,79.99900000642742,-10.5282523131902,37.23871851149597,37.232154557205234,25.948755624996817,35.02153281354289,0.1455017512391715,0.1509489614371811,0.1762483569089355,0.5700002284646816,16.78883037139131,27.17269087940105,149.07924730888973,20.261028739721425
12,79.99900000642742,79.99900000642742,-10.532455120980462,40.96548932669342,37.19993303081324,25.948755624996817,34.85325691148068,0.1515461115360239,0.1544835500031468,0.1763460232727669,0.505862613132481,13.17371593366893,27.375135162969087,149.01934309522412,17.86524831317603
12,79.99900000642742,79.99900000642742,-9.90878833275788,37.595541592597904,38.81077611140476,25.166698786333058,41.1993215685226,0.138957821807886,0.1544835500031468,0.1998582203668443,0.5700003163339304,16.79915826470749,41.12911197787344,18.10817925112369,18.130821708611105
12,79.99900000642742,79.99900000642742,-10.064623522177577,37.37049248655372,28.472101028321752,43.309987358293625,34.8618493550112,0.1661843792331296,0.3554510138690458,0.1655753547690343,0.2848632273325272,16.104531130149017,38.1085627470891,47.0891693056774,195.62025484009308
13,79.99900000642742,79.99900000642742,-9.797641184207125,37.595541592597904,39.26653800284258,24.3203607088968,41.20511162997551,0.1382920643455536,0.1068727921803547,0.2738714185438052,0.5797407483386822,17.092898424224853,172.5224133929981,36.34535898292097,34.81932539677748
13,79.99900000642742,79.99900000642742,-10.756122056381887,37.595541592597904,28.059144024859076,31.522173830443823,31.226708383892863,0.1389590704671019,0.1486585819796925,0.1398774636749436,0.1949236168109854,16.79915826470749,120.6875347496885,26.236873447924356,18.130821708611105
13,79.99900000642742,79.99900000642742,-9.976571534742874,37.595541592597904,38.81077611140476,25.166698786333058,40.67965035330428,0.1389577621066542,0.1544835500031468,0.1998582203668443,0.5700003163339304,16.79915826470749,52.83486418951056,35.979786984582546,18.130821708611105
13,79.99900000642742,79.99900000642742,-10.762822535758254,37.68190385243734,28.19687662658395,27.86161211082233,35.87584824162215,0.259774202591413,0.1622202325062427,0.1759769605827753,0.526247637256468,18.503419766622624,27.53637599926007,44.3937842843694,116.1165859675669
13,79.99900000642742,79.99900000642742,-10.70244821294802,37.13900414297214,38.74202487864889,44.833454151121146,34.88555711705602,0.1389577614530629,0.1544835500031468,0.2499231267489163,0.5700003176687664,19.102621700638764,137.4469988357737,29.907564343939733,19.40322164630181
13,79.99900000642742,79.99900000642742,-11.545296212797126,37.25419209186414,37.23220426631372,40.71826663486905,38.361493023139786,0.1392211974009994,0.1489520753881944,0.1251060781867279,0.5704123049805068,5.972290007486196,27.280124647317827,176.02870004941414,18.1485080280424
13,79.99900000642742,79.99900000642742,-10.843951436903073,37.69049372860796,30.88535574175509,25.970594563821063,34.83363354756415,0.2568182498972426,0.1546138927337929,0.1661892826236686,0.265641004808028,18.506491310589134,40.58929747040168,44.36389878863805,197.6187741894289
13,79.99900000642742,79.99900000642742,-11.717780058723209,37.595541592597904,37.23433367095788,39.39801988741328,41.13350764560546,0.1389578101961675,0.148819654643944,0.4819678300280294,0.5703675372355965,16.60969967051757,26.90379577880292,35.87498591983369,13.74912391126668
13,79.99900000642742,79.99900000642742,-10.535878524968467,37.69910346677845,37.18602614541548,25.961094836840424,36.178618216318114,0.1416852559544702,0.3562315058557914,0.1655053835844404,0.2862041579999464,16.760434619896373,41.0231456190039,54.55099191949299,27.56762263044168
13,79.99900000642742,79.99900000642742,-10.6413912238257,37.69049372860796,28.472101028321752,24.969540652065007,35.385541269401294,0.1661843792331296,0.3744599660160015,0.1660006861472776,0.2848632273325272,2.849994327573283,28.09160441244959,148.4698213082954,209.6342640690425
13,79.99900000642742,79.99900000642742,-10.206354161822496,41.4683514060977,38.917983545693865,25.166698786333058,35.99817659782624,0.1510460424184127,0.1619104979431707,0.2162752233860943,0.521473577079111,17.142780635619168,172.5224133929981,36.44926351967206,18.490463907743028
13,79.99900000642742,79.99900000642742,-11.425444016017806,37.23871851149597,37.232154557205234,41.63708376773539,38.361493023139786,0.1453154047100722,0.1142267628652287,0.1763460232727669,0.5700002284646816,5.821574436228827,40.02242335150232,179.4005407781081,18.130821708611105
13,79.99900000642742,79.99900000642742,-10.43205184205231,37.23871851149597,37.232154557205234,25.211218679606304,35.37292784691953,0.1389578236278272,0.1544835500031468,0.1763460232727669,0.5554820510891544,18.501983343979237,27.36146449657081,149.4508866626527,18.130821708611105
13,79.99900000642742,79.99900000642742,-10.83822481632444,37.23871851149597,31.53104229458375,25.942892778784053,34.84983585362998,0.1392909851928206,0.1544835500031468,0.1665112878818236,0.4059094156419203,16.76825697948185,26.398465645365903,174.95243324803516,16.953780235644828
13,79.99900000642742,79.99900000642742,-11.21755901094869,37.59795998697877,37.232154557205234,40.85197116087401,34.85325691148068,0.1390147174703193,0.1129335057117588,0.1763460232727669,0.570000318212049,18.479500616150467,27.280124647317827,31.64866493313935,18.130821708611105
13,79.99900000642742,79.99900000642742,-9.84567893753816,25.27431787667227,41.79077935554636,41.99876885423928,34.15400112222403,0.118379604376821,0.6491382063557117,0.2133800811929892,0.3761096767321158,8.06641076539935,32.850414372192446,97.41238709852172,5.645186533257906
13,79.99900000642742,79.99900000642742,-11.542491979685082,37.264004458833824,37.55660455593665,41.06416604501765,41.31254623950717,0.1389578242814184,0.3631322550708902,0.6113606567083244,0.3022695184207342,0.7290821931495728,41.819889640856,16.942226689869372,217.5041091778083
13,79.99900000642742,79.99900000642742,-11.27477101029222,37.23871851149597,37.232154557205234,40.41334583257363,34.85325691148068,0.131823232941948,0.1459254742714661,0.1763460232727669,0.5700002284646816,18.479500616150467,19.29360350002761,149.07924730888973,18.130821708611105
13,79.99900000642742,79.99900000642742,-10.56277970081307,37.23871851149597,37.11678206122731,26.098093100794205,32.817982225390374,0.1389577639265954,0.3569921569903453,0.1763460232727669,0.5700002284646816,18.501983343979237,20.126595136412178,154.31711383629565,16.39016447771364
13,79.99900000642742,79.99900000642742,-10.42889823136679,38.84351127182452,37.20086004573116,25.155746486209928,34.85320750641496,0.1400586661599384,0.1559590706952817,0.179215002855282,0.5743098247225441,16.488083630210042,37.29708298195738,44.973412648708255,4.504478759172429
13,79.99900000642742,79.99900000642742,-9.711959503941037,37.24130196867942,37.233651236199975,25.885983594721036,43.42762739783973,0.133026037290815,0.1585971684967413,0.1763460232727669,0.2887078306991778,18.501983343979237,27.280124647317827,149.07924730888973,18.077140115716546
13,79.99900000642742,79.99900000642742,-10.685893488303307,37.69049372860796,27.615677138933343,25.05032755424092,34.93949984585045,0.2568182498972426,0.3571220312771885,0.1661892826236686,0.265641004808028,18.506491310589134,19.334119988259676,40.99397673506215,195.62025484009308
14,79.99900000642742,79.99900000642742,-10.70244821294802,37.582924906745205,38.74202487864889,44.833454151121146,34.88555711705602,0.1389577614530629,0.154506763644906,0.2433723892570627,0.5700003176687664,7.300401127603202,137.4469988357737,32.50223623807911,19.15364871413009
14,79.99900000642742,79.99900000642742,-9.797641184207125,37.60596165365805,39.26653800284258,24.3203607088968,41.20511162997551,0.1459809637710698,0.1067475424178502,0.2738714185438052,0.5702097566457036,17.092898424224853,172.5224133929981,36.34535898292097,15.510168612870965
14,79.99900000642742,79.99900000642742,-9.627124681009349,37.20337899298264,37.22410962431289,25.23558328557813,43.42762739783973,0.133026037290815,0.1618526159557304,0.1768089158463389,0.2887078306991778,16.82710806429041,27.280124647317827,37.60292954614928,18.077140115716546
14,79.99900000642742,79.99900000642742,-10.94658146329902,37.14729592510997,38.748973214255365,42.961765898430194,34.88555711705602,0.1389577614530629,0.1544835500031468,0.091514531264865,0.570007460952719,19.088634858799328,137.4469988357737,29.907564343939733,19.405385857880532
14,79.99900000642742,79.99900000642742,-10.419457587422762,37.70896099459345,37.232154557205234,25.11466272744644,36.00372142978975,0.2649012754069106,0.1551693753997934,0.1762989658409304,0.2694682161199216,16.755926653286473,27.893243781538818,148.54475603437433,14.635091409646549
14,79.99900000642742,79.99900000642742,-10.206354161822496,42.14270273506163,38.917983545693865,25.166698786333058,38.36341242613195,0.1389214190091057,0.1619110253604095,0.2162752233860943,0.5708243877779798,16.80676951846786,20.610672158463583,36.44926351967206,18.502303828400844
14,79.99900000642742,79.99900000642742,-10.534338583661032,37.68672784171192,28.161282362147915,39.39801988741328,41.13350764560546,0.1389578101961675,0.148819654643944,0.1475335606731599,0.5703675372355965,16.60969967051757,26.90379577880292,35.87498591983369,13.74912391126668
14,79.99900000642742,79.99900000642742,-10.56277970081307,37.23871851149597,37.11678206122731,26.098093100794205,32.817982225390374,0.145085139237055,0.155933894601612,0.1763460232727669,0.1809714799644275,18.501983343979237,20.126595136412178,154.31711383629565,16.39016447771364
14,79.99900000642742,79.99900000642742,-10.45790760610197,37.595541592597904,28.059144024859076,39.88185237807727,41.1993215685226,0.138957821807886,0.1468188395938738,0.6254676192437867,0.5700003163339304,16.79915826470749,41.819889640856,24.20229497970211,14.357643392740398
14,79.99900000642742,79.99900000642742,-9.908658126347994,37.595541592597904,38.79649999914652,25.171541305919703,41.205162337251686,0.1383107585663488,0.1102916860478811,0.2738714185438052,0.5705135393793109,17.092898424224853,44.30175219665082,36.50259374533422,34.26408881320394
14,79.99900000642742,79.99900000642742,-11.545296212797126,37.25419209186414,37.23220426631372,40.71826663486905,38.380671204533606,0.1392576001997796,0.1489520753881944,0.1251060781867279,0.5210614942815283,5.972290007486196,187.87359131099345,142.7994110356605,18.14383666165706
14,79.99900000642742,79.99900000642742,-10.70642676429658,37.53307194599289,27.615677138933343,26.07573084445509,34.83363354756415,0.2568182498972426,0.3571220312771885,0.1661892826236686,0.2706696708135064,18.506491310589134,40.58929747040168,31.403004881594757,195.62025484009308
14,79.99900000642742,79.99900000642742,-10.723938332093809,37.23871851149597,37.225118817076805,27.44197936312939,33.643039533910354,0.1346550788397608,0.1544835500031468,0.1878404294624716,0.5700002284646816,18.501983343979237,7.488117105627403,13.41266874554169,18.12863573542029
14,79.99900000642742,79.99900000642742,-10.58901403383828,37.59554447648446,28.028590985723444,38.84615005962996,42.14249859508995,0.1389578100253832,0.1305691803302623,0.4773770214697498,0.569969437622056,16.79915826470749,26.395313163882985,25.76118676350758,18.130821708611105
14,79.99900000642742,79.99900000642742,-11.323136691409402,37.691517977344105,37.188044771661296,40.0425422773419,34.85325691148068,0.1321591447924697,0.1459254742714661,0.1763460232727669,0.5700002284646816,18.47787790913294,40.88897683888155,149.07924730888973,27.71182433637433
14,79.99900000642742,79.99900000642742,-10.4235754653766,37.23871851149597,37.233703490258186,25.147782058145463,32.914505391210895,0.1389577639265954,0.3569921569903453,0.1763460232727669,0.5700002284646816,18.43504313738861,18.714509451749237,154.31711383629565,18.5028119491076
14,79.99900000642742,79.99900000642742,-10.14790362546671,37.68190385243734,41.391769472127805,27.192363934039275,35.87584824162215,0.259774202591413,0.1622202325062427,0.1759769605827753,0.526247637256468,18.509978516987296,27.53637599926007,44.3937842843694,116.18196035215396
14,79.99900000642742,79.99900000642742,-11.13413573972244,37.23871851149597,37.774468865663565,44.4127615277915,41.22116500471056,0.1453154047100722,0.1560893225605756,0.1763460232727669,0.5700002284646816,16.440290549968665,30.19621652127607,179.40634706857642,18.130821708611105
14,79.99900000642742,79.99900000642742,-11.125655995982676,37.23871851149597,37.232154557205234,40.98456605900613,34.28126202820668,0.131823232941948,0.1409477374232556,0.2042547563545388,0.5648765938703805,18.479500616150467,34.70867404896166,133.92053821855762,18.293369236370992
15,79.99900000642742,79.99900000642742,-10.701740312715778,37.59085974374791,38.74202487864889,44.838881386235045,34.88555711705602,0.1389577646416458,0.1544835500031468,0.6127432041390855,0.5700003176546369,19.5980738314697,137.4469988357737,25.825018087609514,19.40322164630181
15,79.99900000642742,79.99900000642742,-10.16389889773216,37.69022476520588,41.269139051426,27.192363934039275,35.87584824162215,0.2665213194615238,0.3515947913490004,0.1812727071915704,0.526247637256468,16.461572528713187,40.53558497978022,44.3937842843694,116.18196035215396
15,79.99900000642742,79.99900000642742,-10.52684072220687,37.595541592597904,28.58763124832999,39.88185237807727,41.1993215685226,0.138957821807886,0.1468188395938738,0.6254676192437867,0.5700003163339304,16.79915826470749,41.819889640856,24.20229497970211,14.357643392740398
15,79.99900000642742,79.99900000642742,-10.3461578783697,37.68190385243734,37.91722955152246,25.2377732856902,35.24479433160145,0.2598596879042913,0.1622202325062427,0.1759769605827753,0.5215361409092163,18.496930363184514,172.06553319009794,43.994887183380925,126.58096805497088
15,79.99900000642742,79.99900000642742,-10.534338583661032,31.40922204363876,28.161282362147915,39.39801988741328,41.13350764560546,0.1392613776374772,0.1489570383242402,0.1274839897373126,0.5699648044446336,16.60969967051757,26.90379577880292,128.5103166368558,18.335774556499477
15,79.99900000642742,79.99900000642742,-11.05384032257141,37.47726092045964,30.223370060173814,28.893396976000545,35.97308254216773,0.1319442388850831,0.1544844762723596,0.1763460232727669,0.6091572142120444,18.501983343979237,138.29529165413553,31.45393306881724,16.745576040176317
15,79.99900000642742,79.99900000642742,-10.538023356024844,37.69049372860796,37.18271113761897,25.974223533809464,32.81940094104226,0.2568182498972426,0.1559201536044305,0.1664077015045896,0.1831328477539481,18.501871590336066,22.29857677803815,44.36389878863805,197.6187741894289
15,79.99900000642742,79.99900000642742,-10.70642676429658,37.53307194599289,27.615677138933343,26.07573084445509,34.83363354756415,0.2568182498972426,0.3571220312771885,0.1661892826236686,0.2706696708135064,18.506491310589134,40.58929747040168,7.432035276638494,195.62025484009308
15,79.99900000642742,79.99900000642742,-10.58901403383828,37.59558396287952,28.028590985723444,38.84615005962996,41.31254623950717,0.1389578242814184,0.1466830218262106,0.6281804684828736,0.5700002332551443,16.79915826470749,41.819889640856,25.89829823482717,18.130821708611105
15,79.99900000642742,79.99900000642742,-10.393698017542915,37.68908095115752,37.91534250496591,28.85571905790027,41.17070092340453,0.2131996897252359,0.1560728176856176,0.166142225191832,0.5187720513002837,16.76864026391613,30.210317272047337,175.85901399599524,103.0803671419487
15,79.99900000642742,79.99900000642742,-10.28671019410242,42.33285173264927,29.197629887434516,27.7905376114652,35.99817659782624,0.1509605598857834,0.1619104979431707,0.2162752233860943,0.5261850734263627,17.149270039057274,28.00628851063985,36.84816062066052,8.471215980531788
15,79.99900000642742,79.99900000642742,-11.719107157745375,37.58213029875493,37.24450809679453,39.39801988741328,41.13350764560546,0.1389578118211707,0.1544715857952515,0.5260551485101702,0.5703675372355965,19.03315484924702,27.40490818396804,35.87498591983369,13.74912391126668
15,79.99900000642742,79.99900000642742,-11.45060902783171,37.23871851149597,37.774468865663565,41.98646631895375,40.705350720524976,0.1376591176696162,0.1560893225605756,0.1763460232727669,0.5700046877051788,16.435649935459622,30.19621652127607,179.40634706857642,19.051482375019884
15,79.99900000642742,79.99900000642742,-9.901563645652637,25.27431787667227,41.36232992666872,42.88278740996409,34.190243939560325,0.1236438985167854,0.6491382063557117,0.1790080590140965,0.1296225411064917,8.06641076539935,19.021225519625727,89.71134652389205,5.645186533257906
15,79.99900000642742,79.99900000642742,-10.721084653180805,37.23871851149597,37.23216854636602,27.427150887418865,32.79716450791339,0.1348666454804061,0.1544835500031468,0.1757221506574396,0.5700002284646816,18.501983343979237,7.486667556736749,18.93468335210237,18.12863573542029
15,79.99900000642742,79.99900000642742,-10.56277970081307,37.23871851149597,37.11678206122731,26.098093100794205,33.35685641624212,0.1389577639265954,0.3569921569903453,0.0833000368036646,0.5703581542732659,18.501983343979237,19.873885470958434,154.21107589095328,16.400284349907217
16,79.99900000642742,79.99900000642742,-10.56242157360754,37.961178417923165,37.117565599318624,26.09613099697646,33.36024440693511,0.1389577639265954,0.356488080084729,0.1092370730269467,0.5703581542732659,19.437124929926668,19.873885470958434,151.70934772763854,17.242983733866694
16,79.99900000642742,79.99900000642742,-10.70244821294802,37.582924906745205,38.7465209304134,44.833454151121146,34.88555711705602,0.1541942865595967,0.1544835500031468,0.6289324994068471,0.1492457745834986,19.102621700638764,120.39772880469869,29.907564343939733,19.17195004149271
16,79.99900000642742,79.99900000642742,-11.783403084888974,37.60596165365805,39.26653800284258,40.39917682695237,41.20511162997551,0.131581834372573,0.1067475424178502,0.2738714185438052,0.5702097566457036,17.092898424224853,172.64410365010826,36.34535898292097,37.06625447226516
16,79.99900000642742,79.99900000642742,-10.575754727574791,37.59085974374791,38.74202487864889,27.822811123388995,34.88555711705602,0.1389577646416458,0.1544835500031468,0.1808371323736479,0.5700003176546369,19.5980738314697,14.372713976838613,25.222700946694253,19.41718597740305
16,79.99900000642742,79.99900000642742,-10.550119468407154,37.23871851149597,35.45009625372924,24.334345511517437,34.85325691148068,0.1462223623404448,0.1459254742714661,0.1763460232727669,0.5700002284646816,18.479500616150467,19.24068201139451,149.07924730888973,18.130821708611105
16,79.99900000642742,79.99900000642742,-10.197853124044457,37.60428277586841,38.7417669513186,24.925307568992828,34.959048115990186,0.1459045448555509,0.154506763644906,0.2741017436664822,0.5388908622691695,2.947858054805879,137.4469988357737,32.426048438326525,13.109931425156912
16,79.99900000642742,79.99900000642742,-9.8239654646693,25.27431787667227,41.79077935554636,25.107847918011014,34.101003703766814,0.159021587952667,0.6491382063557117,0.2163165098646562,0.5722798947717395,8.06641076539935,32.850414372192446,97.41238709852172,5.882332036393509
16,79.99900000642742,79.99900000642742,-11.09213618367854,36.88189388489455,37.23433367095788,41.95751706519087,34.99722780672637,0.1389578101961675,0.14748831880444,0.4759626746656975,0.5703675372355965,7.835613880110912,26.946535694112104,35.87498591983369,13.74912391126668
16,79.99900000642742,79.99900000642742,-10.922595130869489,37.461491441077136,37.232154557205234,28.972050560538,35.99342801605769,0.1389577639265954,0.1544835500031468,0.1763460232727669,0.5718466750736049,18.501983343979237,138.87792652434277,154.31711383629565,16.75589963962408
16,79.99900000642742,79.99900000642742,-9.752624903023047,38.45845556824484,35.52588708073733,26.19775165434983,43.42762739783973,0.1395252028799538,0.1544835500031468,0.1647907817452519,0.1614610429708457,18.501983343979237,27.705954483515036,146.3013017087087,5.571893065973696
16,79.99900000642742,79.99900000642742,-11.372601569942034,37.691517977344105,37.188044771661296,39.66331154192503,34.85325691148068,0.1321591447924697,0.1459254742714661,0.1763460232727669,0.567497850592935,18.47787790913294,40.88897683888155,149.07924730888973,27.71182433637433
16,79.99900000642742,79.99900000642742,-10.430884347703548,37.69049372860796,37.216525576638766,25.186638909032624,32.81940094104226,0.2568589420364897,0.1559201536044305,0.1664077015045896,0.1864157072215484,18.501871590336066,40.09800886940155,44.36389878863805,197.6187741894289
16,79.99900000642742,79.99900000642742,-10.152417926886834,37.11650949763608,28.403675805492963,42.568471699360536,41.17070092340453,0.2651199358885842,0.1544871095858029,0.0922567373856905,0.5181754883389376,16.769693402125245,28.45065257859506,175.85901399599524,101.18672792175146
16,79.99900000642742,79.99900000642742,-11.27477101029222,37.23871851149597,37.232154557205234,40.41334583257363,34.85325691148068,0.1154319158080421,0.1459254742714661,0.1763460232727669,0.5700002284646816,18.479500616150467,19.29360350002761,149.07924730888973,18.130821708611105
17,79.99900000642742,79.99900000642742,-10.738074097970047,37.59085974374791,37.31273519579153,44.838881386235045,35.16411613733879,0.1389577646416458,0.1544835500031468,0.6127432041390855,0.5700003176546369,18.523370444791716,134.45183260332465,25.857866913192808,19.44972165671664
17,79.99900000642742,79.99900000642742,-10.56242157360754,37.98746804128457,37.117565599318624,26.09613099697646,33.32142255122884,0.1389577639265954,0.356488080084729,0.1100668521579159,0.5699885537413291,19.598012197501493,19.92318032286125,26.18427049914996,17.242983733866694
17,79.99900000642742,79.99900000642742,-11.323136691409402,39.757886218366366,37.188044771661296,40.0425422773419,34.85325691148068,0.1299187180525516,0.2872621467672631,0.178061070024531,0.1152718055294858,18.47787790913294,40.88897683888155,149.07924730888973,11.846588542847286
17,79.99900000642742,79.99900000642742,-10.206354161822496,42.14270273506163,38.917983545693865,25.166698786333058,38.36341242613195,0.1389214190091057,0.1619110253604095,0.2162752233860943,0.5708243877779798,16.80676951846786,20.610672158463583,36.44926351967206,22.98469035407355
17,79.99900000642742,79.99900000642742,-11.518757623373304,37.595541592597904,38.73908997975901,35.049565092287715,34.987597527731026,0.1389578101961675,0.148819654643944,0.6291921087169494,0.1489982009100466,16.60969967051757,111.01679720860068,35.87498591983369,13.74912391126668
17,79.99900000642742,79.99900000642742,-11.542491979685082,37.264004458833824,37.55660455593665,41.06416604501765,41.31254623950717,0.1389578242814184,0.3633743918413374,0.6113606567083244,0.3022695184207342,18.546869479926123,41.819889640856,16.942226689869372,217.5041091778083
17,79.99900000642742,79.99900000642742,-10.702959639125469,37.68558938915948,38.7465209304134,44.833454151121146,34.889478051083096,0.1541942865595967,0.1542153512311115,0.6289324994068471,0.1458309092124288,10.037646680164611,120.39772880469869,29.907564343939733,19.17195004149271
17,79.99900000642742,79.99900000642742,-11.123236011117726,37.538579375460536,30.81672212736313,28.92697651129169,33.354633088929624,0.2568589420364897,0.1558996567435631,0.1755964598256383,0.1864157072215484,18.501871590336066,40.09800886940155,44.36389878863805,197.6187741894289
17,79.99900000642742,79.99900000642742,-10.561009961222837,37.595541592597904,28.84959541411905,39.88185237807727,41.1993215685226,0.1361087940721251,0.1443830133608258,0.6328055921457387,0.1187332253276887,19.052921553576155,41.819889640856,24.20229497970211,14.357643392740398
17,79.99900000642742,79.99900000642742,-10.95172379394527,37.461491441077136,37.00883480695756,28.972050560538,35.99342801605769,0.1389468582749937,0.1544835500031468,0.1763460232727669,0.1623759262396488,8.601085406130082,27.884083245132278,154.31711383629565,16.75589963962408
17,79.99900000642742,79.99900000642742,-11.04540036947722,37.54196722751507,30.223370060173814,31.815927742905814,38.890793479602905,0.1531968145792226,0.1545078264238252,0.1763460232727669,0.1501200642178252,18.501983343979237,27.280124647317827,45.46737119378776,113.43660366633318
17,79.99900000642742,79.99900000642742,-10.596039746218215,37.69229336292851,28.028590985723444,38.79228626471708,34.868587160470256,0.1386789178952592,0.1466830218262106,0.6281804684828736,0.5700002332551443,16.79915826470749,41.87844536550696,25.89829823482717,17.9717453318936
17,79.99900000642742,79.99900000642742,-10.3461578783697,38.80508436220693,37.91722955152246,25.2377732856902,35.24087339757437,0.2598596879042913,0.162488431278278,0.1759769605827753,0.5215361409092163,19.1270424051453,184.0713589293052,43.994887183380925,126.58096805497088
17,79.99900000642742,79.99900000642742,-10.197853124044457,37.60428277586841,38.7417669513186,24.925307568992828,34.959048115990186,0.1459045448555509,0.3425708669002114,0.2759370511571325,0.5388908622691695,16.98528080157015,137.4469988357737,32.426048438326525,13.129311505306946
17,79.99900000642742,79.99900000642742,-11.516104484388194,37.68190385243734,41.391769472127805,42.20877136781469,42.53265225402799,0.259774202591413,0.1683784294604126,0.2109836770555325,0.526247637256468,7.939102666629755,27.53637599926007,97.36902017754188,0.4341658725219579
17,79.99900000642742,79.99900000642742,-11.602641597901709,37.23871851149597,37.36693141648673,40.41334583257363,40.59081472162757,0.1154319158080421,0.1459254742714661,0.1763460232727669,0.5700002284646816,18.479500616150467,19.29360350002761,149.12709022859045,18.130821708611105
18,79.99900000642742,79.99900000642742,-10.561009961222837,37.59067747746504,28.84959541411905,39.88185237807727,36.017305606616006,0.1361087940721251,0.1443830133608258,0.6328055921457387,0.1187332253276887,19.052921553576155,41.819889640856,24.20229497970211,14.286837114538358
18,79.99900000642742,79.99900000642742,-10.597167556875554,37.53307194599289,27.615677138933343,24.109259265090696,34.86430799571142,0.1397053720943313,0.3571220312771885,0.1766650559392924,0.2706696708135064,18.506435386805883,16.146819593090488,31.403004881594757,22.0312102905494
18,79.99900000642742,79.99900000642742,-11.516104484388194,37.68190385243734,41.391769472127805,42.20877136781469,42.53265225402799,0.259774202591413,0.139475917097199,0.2109836770555325,0.526247637256468,7.939102666629755,27.53637599926007,97.36902017754188,0.4341658725219579
18,79.99900000642742,79.99900000642742,-11.01832875776823,37.59572385888079,37.31273519579153,44.838881386235045,40.34613195269568,0.1389577646416458,0.1544835500031468,0.6127432041390855,0.5700003176546369,18.523370444791716,134.45183260332465,25.857866913192808,19.52052793491869
18,79.99900000642742,79.99900000642742,-11.372601569942034,37.68921702849,38.85325230629731,39.66331154192503,34.85325691148068,0.1321591447924697,0.1459254742714661,0.1763460232727669,0.567497850592935,18.47095921647117,40.88897683888155,149.07924730888973,27.877331787626453
18,79.99900000642742,79.99900000642742,-9.270688692312994,37.61319907222813,19.488625806973307,40.41334583257363,40.59081472162757,0.1154319158080421,0.1459254742714661,0.1763460232727669,0.6048495236445022,18.479500616150467,43.91979721202505,148.05613081989125,18.130821708611105
18,79.99900000642742,79.99900000642742,-10.341436692133144,37.67138352340207,28.403675805492963,28.455048896425343,41.17070092340453,0.2155725283187801,0.1600469195533154,0.1653635145864102,0.5214630004455079,16.769693402125245,30.2109384915648,179.82170426676754,101.18672792175146
18,79.99900000642742,79.99900000642742,-10.69571745719005,37.60556838290746,39.26653800284258,44.86913268439325,34.86963318951698,0.1302694127188761,0.1545105732058491,0.6200593001592286,0.5702105550982738,19.508226565828828,167.86540801945722,25.297039254467748,36.57402008966957
18,79.99900000642742,79.99900000642742,-10.58901403383828,37.59554169847448,28.028590985723444,38.84615005962996,41.69161937633529,0.1389578242878073,0.1462418417644628,0.6281804684828736,0.5699963044853683,16.824726590745872,41.819889640856,25.76118676350758,22.620749171028883
18,79.99900000642742,79.99900000642742,-10.775626830069,37.59085974374791,37.1823851865926,44.27100411251148,34.88414314304048,0.1389577646416458,0.1923028625899401,0.6127432041390855,0.5758818135073714,19.5980738314697,41.6421856873709,38.56486808185905,19.20860518440625
18,79.99900000642742,79.99900000642742,-11.74104416189676,37.221061031865744,37.89652428595245,39.88185237807727,41.1993215685226,0.1361087940721251,0.1443830133608258,0.6328055921457387,0.0921808837589941,19.052921553576155,17.193697375099816,25.283438054649277,14.357643392740398
18,79.99900000642742,79.99900000642742,-11.323136691409402,39.86156705861346,37.188044771661296,40.0425422773419,34.85325691148068,0.1290576075740633,0.2872621467672631,0.1647189867527906,0.1152718055294858,18.47758710341998,41.91679718458562,149.07924730888973,212.63064999048248
18,79.99900000642742,79.99900000642742,-10.220078736914928,37.595541592597904,38.812761803318566,25.166698786333058,34.506578837305824,0.1388173979718372,0.1461149968622057,0.1789991567756191,0.5703675372355965,16.60969967051757,41.12911197787344,36.350672604250384,18.126578550281344
18,79.99900000642742,79.99900000642742,-11.79411525963328,37.5912530144985,38.74202487864889,40.320474554793705,41.22103517554187,0.1402701862953427,0.1067205238416994,0.2658436045845581,0.5699995192020667,17.182745689865726,137.4469988357737,39.19121233153582,19.89545603108517
18,79.99900000642742,79.99900000642742,-10.918693709499266,37.5946052312169,30.223370060173814,38.51338495401277,41.44505893721293,0.1532302991846809,0.1467832268928687,0.1763460232727669,0.5817311401230234,16.831700511434182,41.339526364286165,45.46737119378776,113.43660366633318
18,79.99900000642742,79.99900000642742,-10.394551137598384,37.692068489779366,37.91534250496591,28.85571905790027,41.16416033631261,0.1531167727932109,0.1560728176856176,0.166142225191832,0.52279320127221,16.77450928136181,30.210317272047337,175.85901399599524,98.84196486491923
18,79.99900000642742,79.99900000642742,-11.252168293202471,39.757886218366366,38.74768446371759,40.58804730427719,34.85467088549621,0.1299187180525516,0.2872621467672631,0.178061070024531,0.1106735479015956,18.47787790913294,136.6938709978263,149.07924730888973,12.041205004758154
19,79.99900000642742,79.99900000642742,-11.283548742048062,37.5912530144985,38.74202487864889,40.320474554793705,34.827681577162195,0.1402701862953427,0.1073053625434255,0.2629422883640245,0.1927379595474599,19.10391319585791,137.83273895904117,39.19121233153582,19.89545603108517
19,79.99900000642742,79.99900000642742,-10.53252768022724,37.69049372860796,37.18271113761897,25.932090019361176,32.076666474547224,0.2568182498972426,0.1534813149269425,0.1880274924607284,0.1831328477539481,13.791622792871507,22.535427818982416,22.06741688577329,6.163972815534564
19,79.99900000642742,79.99900000642742,-11.52829251525855,38.112461490205646,38.82805005055778,38.469680961165125,34.85325691148068,0.1321591447924697,0.1459254742714661,0.1711908161380678,0.1626340477389953,16.30602555338036,18.52787578498633,21.03483276664238,27.58261237563355
19,79.99900000642742,79.99900000642742,-11.28727309233956,35.23568211128323,39.40489305899655,44.86913268439325,40.81790831977398,0.1209799074056669,0.1545105732058491,0.6200593001592286,0.5702105550982738,19.508226565828828,167.86540801945722,25.297039254467748,11.105319650683429
19,79.99900000642742,79.99900000642742,-10.561022099445914,37.6017726344698,28.028590985723444,39.06075488997139,41.00839955259528,0.1389578242814184,0.0914763931523134,0.1331786312863038,0.5700002332551443,18.505424621983867,41.94061169354816,26.24313646192177,17.179129630765033
19,79.99900000642742,79.99900000642742,-10.702662224636027,36.84119461832733,39.21056681317233,44.83181339484644,34.88555711705602,0.1389577614530629,0.1555740973366224,0.2433723892570627,0.5700003176687664,19.102364287708028,132.14695837171536,29.907564343939733,19.82420850223833
19,79.99900000642742,79.99900000642742,-11.206052188603335,37.582924906745205,38.7465209304134,44.833454151121146,41.27891012627701,0.1541942865595967,0.153898715711497,0.6303682427897983,0.5532155085246317,17.18145419464658,120.39772880469869,29.907564343939733,19.17195004149271
19,79.99900000642742,79.99900000642742,-11.45881575771334,39.757886218366366,38.74768446371759,42.89676365458197,42.40860445168692,0.2538317659150115,0.1468625455362437,0.2100513686955591,0.5314383966276187,8.62554545968306,137.0199729314935,149.07924730888973,12.041205004758154
19,79.99900000642742,79.99900000642742,-10.336239349099756,37.71491315211363,27.618889280992963,22.184001522281957,34.93949984585045,0.2568182498972426,0.1555162133007692,0.1927690073607453,0.265641004808028,18.506491310589134,19.334119988259676,40.99397673506215,195.62025484009308
19,79.99900000642742,79.99900000642742,-10.738532598365031,37.59085974374791,37.33150859686766,44.838881386235045,35.16763130703366,0.1389577646416458,0.1101772327476341,0.589621898095546,0.5700006498976077,18.523370444791716,134.45183260332465,25.857866913192808,19.44972165671664
19,79.99900000642742,79.99900000642742,-10.593977668509991,37.59066676905304,28.028590985723444,38.8080955271468,42.07530235330356,0.1361255485035261,0.1466830218262106,0.6281804684828736,0.5700002332551443,16.79915826470749,60.9964757553644,24.255322849597032,18.130821708611105
19,79.99900000642742,79.99900000642742,-10.64719852024536,37.23871851149597,34.67376563312193,24.48177890002845,34.85325691148068,0.1460374630508695,0.1459254742714661,0.1763460232727669,0.5699998942007981,18.46332247838512,19.24068201139451,13.59160602106092,22.446532429056607
19,79.99900000642742,79.99900000642742,-9.85757422356052,34.84571091386473,28.408189865085145,44.833454151121146,39.966115651249,0.1371958564674364,0.1544835500031468,0.2412521476837125,0.5701106315366041,16.928689679520524,137.4469988357737,29.907564343939733,108.25456346237154
19,79.99900000642742,79.99900000642742,-10.220078736914928,37.5983649402111,38.812761803318566,25.166698786333058,21.690732276532284,0.138957821807886,0.280609637245183,0.0811452976757643,0.2297480593592731,16.60969967051757,105.70254166523144,37.05185897385785,18.77009665392901
19,79.99900000642742,79.99900000642742,-10.856008276318969,37.59572385888079,39.00271077074334,44.93258973145363,36.16198651656575,0.1223779576033188,0.1544835500031468,0.2496890764202669,0.5202026711997235,18.523370444791716,128.13719098450414,25.857866913192808,18.522344141009143
20,79.99900000642742,79.99900000642742,-10.759983274594518,38.16328457812707,30.044440778091072,28.893396976000545,38.40019187077589,0.1209795499330266,0.1569325197693363,0.0856312724432857,0.6124833905286413,16.69849349124309,27.812765959529557,176.9352471118673,112.66482114239372
20,79.99900000642742,79.99900000642742,-10.911553329455067,37.54235359672818,30.223370060173814,38.56812786768495,38.40019187077589,0.150892854238705,0.1469920313759999,0.1763460232727669,0.5813546073081445,18.501983343979237,27.280124647317827,176.9352471118673,113.43660366633318
20,79.99900000642742,79.99900000642742,-9.875850806833723,37.20524164725969,38.81335039489502,25.056320749185808,41.34146456346053,0.138957821807886,0.15495905569202,0.0900927942425516,0.57036913662982,19.09817905471068,10.266163655721993,36.350672604250384,19.04512763022228
20,79.99900000642742,79.99900000642742,-11.26658983349386,36.84119461832733,39.21056681317233,44.8333780897194,39.97249072068214,0.1370993669465089,0.1555740973366224,0.2411714189592728,0.5700003176687664,19.102364287708028,132.14695837171536,29.907564343939733,19.82420850223833
20,79.99900000642742,79.99900000642742,-11.00913431013172,37.58300801248629,37.31273519579153,44.909372151448345,40.38279059410055,0.1387947257958358,0.1544835500031468,0.6285704021983015,0.1116016421240932,19.105543080254566,134.45183260332465,25.81267417207515,4.457090801481069
20,79.99900000642742,79.99900000642742,-11.283310854220638,36.84119461832733,39.21056681317233,44.705183597480726,41.89406909612037,0.1389577614530629,0.1555740973366224,0.2431296527536815,0.5700003176687664,19.102364287708028,132.14695837171536,29.907564343939733,19.82420850223833
20,79.99900000642742,79.99900000642742,-10.268195950341813,41.3057553664362,28.028590985723444,39.06075488997139,41.00839955259528,0.1290834688293662,0.096894633392783,0.1331786312863038,0.5995542688754032,18.4770992872204,41.9378580000953,33.57436692261831,17.179129630765033
20,79.99900000642742,79.99900000642742,-10.306518275415948,37.71491315211363,27.618889280992963,22.184001522281957,35.167361410759646,0.2568182498972426,0.1555162133007692,0.1927690073607453,0.265641004808028,18.506491310589134,19.334119988259676,24.788993031565056,29.76736149848405
20,79.99900000642742,79.99900000642742,-11.323136691409402,39.86156705861346,38.45962210303684,40.0425422773419,34.85325691148068,0.1389319630261156,0.2882841375687458,0.1647189867527906,0.0931847177604942,18.50591243818345,41.919550878038486,141.75372015967457,212.63064999048248
20,79.99900000642742,79.99900000642742,-10.561009961222837,37.15034881277855,28.84959541411905,39.88185237807727,42.95819401326506,0.1112762452749905,0.1443830133608258,0.6323701476495842,0.1183966973077478,19.052921553576155,27.30947791722741,24.20229497970211,11.49159292266251
20,79.99900000642742,79.99900000642742,-10.765184448672322,37.6017726344698,29.59383566312589,39.06075488997139,41.00839955259528,0.1389578242814184,0.0914763931523134,0.1331786312863038,0.5700002332551443,18.505424621983867,22.42042862854028,26.24313646192177,17.179129630765033
20,79.99900000642742,79.99900000642742,-11.2647255583909,37.59085974374791,37.33150859686766,38.40704322469484,32.76993917235844,0.1389577646416458,0.1467843669697188,0.1788098331653495,0.5700006498976077,18.523370444791716,134.45183260332465,25.857866913192808,19.44972165671664
20,79.99900000642742,79.99900000642742,-10.220078736914928,37.5983649402111,38.812761803318566,25.166698786333058,37.05217247658731,0.1391220790281915,0.280609637245183,0.0811452976757643,0.2297480593592731,16.609551069825603,172.55803971728818,36.43915021815254,18.77009665392901
20,79.99900000642742,79.99900000642742,-10.374296211191258,38.00126799726642,37.21421739606714,24.75048834853348,34.85325691148068,0.1356126848882147,0.1457700839573099,0.1772968730799997,0.5702576493493241,18.46332247838512,22.547862017957275,13.59160602106092,22.554809960013973
20,79.99900000642742,79.99900000642742,-10.355686288334589,37.5942188620038,30.223370060173814,28.838653814444815,41.44505893721293,0.1233169948797068,0.1545021079577716,0.1763460232727669,0.60953374702669,12.182700091323056,41.339526364286165,56.77216167114775,113.43660366633318
20,79.99900000642742,79.99900000642742,-10.738074097970047,37.59085974374791,37.43931538558392,44.838881386235045,35.16411613733879,0.1389393054850809,0.1544835500031468,0.6265602517782933,0.5700003176546369,18.523370444791716,134.45183260332465,25.407171500818052,19.44972165671664
21,79.99900000642742,79.99900000642742,-10.220078736914928,37.595541592597904,38.812761803318566,25.166698786333058,35.50176142716754,0.259314876919519,0.083718336582072,0.1902508922715155,0.5703675372355965,16.543951485648066,41.12911197787344,36.439867297049695,19.045560387710967
21,79.99900000642742,79.99900000642742,-10.130861820432614,40.11928118618896,41.522423310722544,27.192363934039275,35.87584824162215,0.2824038395198587,0.1622202325062427,0.0906618531444877,0.5283731843915014,16.565755959944063,27.53637599926007,44.34625790069396,23.9636206012846
21,79.99900000642742,79.99900000642742,-10.738532598365031,37.59085974374791,37.33150859686766,44.838881386235045,35.16763130703366,0.1514565493145614,0.1615322583149393,0.5767631339277022,0.5212151757104125,18.48600817503134,170.4680825120462,24.97518353176072,18.485883537019696
21,79.99900000642742,79.99900000642742,-10.369673377378554,37.69049372860796,37.18271113761897,25.93035571867922,38.42952649211027,0.2568182498972426,0.1534813149269425,0.1880274924607284,0.1978214622219178,13.791622792871507,22.535427818982416,22.06741688577329,6.163972815534564
21,79.99900000642742,79.99900000642742,-10.67602034006942,37.57145347251212,39.04390770213495,28.893396976000545,38.279184517945616,0.1209908522446211,0.1544885863044351,0.0856312724432857,0.6124833905286413,18.55526071230972,29.46763685161481,184.32874465111044,115.15379638619429
21,79.99900000642742,79.99900000642742,-10.738077641426194,37.59085974374791,37.43931538558392,44.838854219737904,35.16411613733879,0.1389395709272566,0.1544835500031468,0.6265602517782933,0.5700003176546369,18.523370444791716,134.47713146582558,25.407171500818052,19.82230335450033
21,79.99900000642742,79.99900000642742,-10.597167556875554,37.53307194599289,27.615677138933343,24.109259265090696,34.86430799571142,0.1397053720943313,0.3571220312771885,0.1797560554800862,0.2706696708135064,18.506435386805883,12.569018422422772,31.403004881594757,22.737366161830654
21,79.99900000642742,79.99900000642742,-9.73715233737473,37.7244706701241,27.618889280992963,44.96738802778663,40.18090336302844,0.2678274854120054,0.1555162133007692,0.1916263466145454,0.10782382871031,18.49636042776307,131.674303809656,25.76154160309864,2.843897460017823
21,79.99900000642742,79.99900000642742,-10.162941574593106,37.55255955475255,30.222213658317607,24.316077275989745,38.40019187077589,0.150892854238705,0.1282553323215724,0.1083890184908138,0.5813602623036205,19.59459103382127,27.280124647317827,27.455914189140916,15.785671360456313
21,79.99900000642742,79.99900000642742,-9.805766239699704,35.22987225480787,37.20605488453024,24.250577332464857,41.07303616143375,0.4958437792757957,0.1570502293462422,0.1616024213212845,0.1830283143329735,11.418659655396567,19.27427232035617,44.907715880556175,19.78676889842504
21,79.99900000642742,79.99900000642742,-10.206354161822496,41.4683514060977,38.917983545693865,25.166698786333058,35.99817659782624,0.1385472577454971,0.1105554757532611,0.2290733193911859,0.5702590512662283,17.180142905379544,136.50616348427377,37.33194690110626,19.45430202743997
21,79.99900000642742,79.99900000642742,-10.37715818077669,37.98631024000039,37.21421739606714,24.77243011535513,34.6902281313706,0.1356126848882147,0.1457700839573099,0.1772968730799997,0.5702576493493241,22.11643491104934,22.547862017957275,13.59160602106092,22.51445666016453
21,79.99900000642742,79.99900000642742,-11.28727309233956,35.23568211128323,39.40489305899655,44.86913268439325,40.81790831977398,0.1209799074056669,0.1545105732058491,0.6160600506260255,0.5702105550982738,19.508226565828828,171.82701990734026,25.297039254467748,10.399163828268074
21,79.99900000642742,79.99900000642742,-10.9794901604686,37.54235359672818,30.223370060173814,38.04727882991454,38.34476618925471,0.1507457735377552,0.1469920313759999,0.1749994414609753,0.5816700879665151,18.501983343979237,27.280124647317827,176.9352471118673,19.74206382146369
21,79.99900000642742,79.99900000642742,-10.79921322013562,37.59536334507136,38.74181933381994,44.09158909601626,34.88555711705602,0.1389577637798873,0.1544835500031468,0.6290515992577206,0.5700110211293404,19.5980738314697,137.4469988357737,36.16585872090902,18.978134777785904
21,79.99900000642742,79.99900000642742,-10.113482912520006,37.5955613774747,38.81289283340119,24.349595162721272,34.827681577162195,0.1402701862953427,0.1543125086268417,0.2629422883640245,0.2069562250361854,16.61265413058408,137.83273895904117,39.19121233153582,19.89545603108517
22,79.99900000642742,79.99900000642742,-10.561022099445914,39.0424579868596,28.028590985723444,39.06075488997139,40.78230921480133,0.1524080489943486,0.1009094856204824,0.1331786312863038,0.5995542688754032,18.477642104154587,41.9378580000953,33.57436692261831,17.179129630765033
22,79.99900000642742,79.99900000642742,-9.784544799324287,37.23871851149597,41.4669354385422,24.48177890002845,34.85325691148068,0.1390842067195883,0.1459254742714661,0.1763460232727669,0.5699998933198183,18.46332247838512,14.613548297146435,25.208399372017013,22.446532429056607
22,79.99900000642742,79.99900000642742,-10.173600905047913,35.23868379324691,35.52789624402956,24.276791456646347,38.279184517945616,0.104165225988464,0.153032198991908,0.0856312724432857,0.609746732077749,9.128506557604574,47.37363211325942,184.32874465111044,115.15379638619429
22,79.99900000642742,79.99900000642742,-10.108426045589557,37.5955613774747,38.85166214653463,24.349595162721272,34.84030782937622,0.1402506918452607,0.1543125086268417,0.2584953803631201,0.57362910885755,18.48013673461075,137.83273895904117,26.045502498433656,19.89545603108517
22,79.99900000642742,79.99900000642742,-11.398487054763777,37.5911963729988,37.29743936480538,38.40704322469484,33.79544397788384,0.1389578168887539,0.1468583309254301,0.1788098331653495,0.57037150839596,18.48834896546789,127.7109497123091,25.857866913192808,19.44972165671664
22,79.99900000642742,79.99900000642742,-10.738074097970047,37.59085974374791,37.43931538558392,44.838881386235045,35.16411613733879,0.1458925618163621,0.1544835500031468,0.6265602517782933,0.5700003185356168,18.523370444791716,139.19514000590493,13.790378150761187,19.44972165671664
22,79.99900000642742,79.99900000642742,-10.64816588513117,37.60125706255766,28.536884646652595,25.166698786333058,35.53076033366071,0.259314876919519,0.083718336582072,0.1903251969564211,0.2010605625385352,16.543951485648066,39.96752572900466,36.439867297049695,19.045560387710967
22,79.99900000642742,79.99900000642742,-11.00913431013172,35.46231253953828,37.31273519579153,44.909372151448345,40.38264523402356,0.1172922916486436,0.1544835500031468,0.6285704021983015,0.1116016421240932,20.975266553004246,134.45183260332465,25.81267417207515,4.457090801481069
22,79.99900000642742,79.99900000642742,-10.765184448672322,36.33614957347549,29.59383566312589,39.06075488997139,41.00839955259528,0.1389578242814184,0.1149742844644179,0.6116389716787365,0.5700002332551443,18.505424621983867,22.42042862854028,26.13123937331562,17.244712484559038
22,79.99900000642742,79.99900000642742,-10.610079138929285,37.53307194599289,27.618901438382483,24.109259265090696,34.76531919996618,0.2715329388796462,0.3571220312771885,0.1797560554800862,0.2706696708135064,18.496472480458284,12.569018422422772,31.452263036188857,22.737366161830654
22,79.99900000642742,79.99900000642742,-10.738532598365031,35.618249313498794,37.33150859686766,44.838881386235045,35.16763130703366,0.1391371486868561,0.1612019473913506,0.5767631339277022,0.5741863893108244,18.48600817503134,170.4680825120462,24.97518353176072,18.43417474243063
22,79.99900000642742,79.99900000642742,-10.7364307389635,37.59085974374791,37.40054607245049,44.838854219737904,35.15148988512477,0.1389590653773386,0.1544835500031468,0.6294917877345987,0.2033001406280788,16.655887840765043,134.47713146582558,37.44552430729588,19.82230335450033
22,79.99900000642742,79.99900000642742,-11.298816398555196,37.59085974374791,37.32849201971161,38.40704322469484,33.03130228028469,0.1389577646416458,0.1467843669697188,0.6217963107887914,0.5700006498976077,18.523370444791716,134.45183260332465,25.87873914801873,19.44972165671664
22,79.99900000642742,79.99900000642742,-10.799605689060954,37.69049372860796,36.91919465439238,29.22514363080734,38.42816668133996,0.2568182498972426,0.1534813149269425,0.1981899670957311,0.1999661894707687,13.76711687330848,22.535427818982416,22.06741688577329,112.82556464405468
23,79.99900000642742,79.99900000642742,-10.151937696972489,38.00126799726642,38.87321378372379,24.704736127179565,34.85325691148068,0.1358285664672139,0.3570193648515998,0.1114471323733287,0.5702506277643712,18.416618515409287,22.547862017957275,14.286897698842605,17.257270216528937
23,79.99900000642742,79.99900000642742,-9.691617841868002,37.60544307534864,27.27858576737168,44.97618231305029,40.18090336302844,0.1403608402120946,0.1555570434148,0.1105902781703309,0.539149810449485,18.523521222995083,131.674303809656,56.933798578609405,2.491102339792162
23,79.99900000642742,79.99900000642742,-10.56242157360754,38.2303575449812,37.117565599318624,26.09613099697646,33.32142255122884,0.1389577639265954,0.356488080084729,0.1100668521579159,0.5699885537413291,19.598012197501493,12.025348151745831,25.80696817974952,17.242983733866694
23,79.99900000642742,79.99900000642742,-10.80450952579246,35.29282354458657,29.89532792104696,39.06075488997139,41.00839955259528,0.1389578242814184,0.1555106523936031,0.1402700735060587,0.5700002332551443,19.485501140371124,22.42042862854028,40.40630244391957,9.997864626601128
23,79.99900000642742,79.99900000642742,-10.137603103480089,38.11366630529884,30.044440778091072,24.177642035819996,38.456018242472624,0.0982199514500573,0.1569325197693363,0.0856312724432857,0.6091863756508146,16.69849349124309,27.66937039656444,172.1040462002716,110.17135209573226
23,79.99900000642742,79.99900000642742,-10.568389254653702,37.98746804128457,37.117565599318624,26.14188321833037,33.32142255122884,0.1387418823475963,0.1452404455012276,0.1759166294626536,0.5699955753262819,19.644716160477326,19.92318032286125,25.488978823151,22.54052347735173
23,79.99900000642742,79.99900000642742,-10.657296432037676,37.3511636426151,29.59402954950809,39.88809023721923,37.53969570634412,0.1012219728382089,0.1095048486324083,0.6091211119650954,0.2261258402293855,22.7649608932404,19.44419710022052,22.14542631975753,17.99946614148663
23,79.99900000642742,79.99900000642742,-10.31733825884882,41.293312274743805,38.85319038893002,25.952783706771008,35.54388765381483,0.0925815263132391,0.1619104979431707,0.1881470582865188,0.521473577079111,17.142780635619168,171.8494150934268,36.44926351967206,18.96469798947756
23,79.99900000642742,79.99900000642742,-11.247947918635148,40.01386228133956,39.10340006059607,44.86913268439325,40.81790831977398,0.1209799074056669,0.090492477997904,0.6083544816844724,0.5702105550982738,18.52815004744157,171.82701990734026,25.26809830911408,17.580428832663607
23,79.99900000642742,79.99900000642742,-10.561022099445914,37.30453062756507,28.028590985723444,39.06075488997139,40.78230921480133,0.1397199997674725,0.130892369902452,0.1228975973379252,0.5995542688754032,18.477642104154587,41.9378580000953,32.901460724854964,17.14757664712324
24,79.99900000642742,79.99900000642742,-10.558525513429537,38.2303575449812,37.117565599318624,26.066261202278437,33.32142255122884,0.138940120140366,0.356488080084729,0.1100668521579159,0.5699885537413291,18.53907958323451,18.947512086359723,25.80696817974952,19.42539803787456
24,79.99900000642742,79.99900000642742,-10.738074097970047,41.31235953193135,38.790560256652434,44.838881386235045,35.16411613733879,0.1458925618163621,0.2783508820087108,0.6265602517782933,0.5700003185356168,20.656006468202904,139.19514000590493,13.790378150761187,19.44972165671664
24,79.99900000642742,79.99900000642742,-10.64816588513117,37.60125706255766,28.536884646652595,25.166698786333058,35.53076033366071,0.2805065489879696,0.083718336582072,0.1903251969564211,0.2010605625385352,16.543951485648066,39.96752572900466,36.439867297049695,16.481089215142273
24,79.99900000642742,79.99900000642742,-10.799605689060954,37.4608848123785,37.48982721686035,29.22514363080734,38.42816668133996,0.5003586123497552,0.2793112437938662,0.1981899670957311,0.1999661894707687,13.76711687330848,11.540338329400516,22.068936278419503,129.04550071462305
24,79.99900000642742,79.99900000642742,-10.6652512609082,36.42481422843785,29.59383566312589,39.82690932949636,41.03822155585165,0.1186826040231821,0.1328391380151175,0.6120178010898406,0.5700002332551443,18.505424621983867,46.71623958169246,25.751000948567302,17.244712484559038
24,79.99900000642742,79.99900000642742,-11.583242149558693,34.58724836470624,37.78239188475625,39.06075488997139,41.00839955259528,0.1339917221703822,0.1555106523936031,0.5411520399232325,0.5728495703803556,19.485501140371124,22.42042862854028,40.40630244391957,11.367085824166752
24,79.99900000642742,79.99900000642742,-11.7694958148722,39.02191466120753,37.29743936480538,39.0646381174518,40.71384439497643,0.138833492167356,0.148499999039617,0.1788098331653495,0.5701766803027278,18.607363155642336,127.7109497123091,26.339228775270715,19.44972165671664
24,79.99900000642742,79.99900000642742,-10.675311179319756,35.235727102809,35.34096805853791,44.651338085266346,34.49539046005117,0.1432728864001052,0.1541820356814317,0.6169089007898457,0.1251451458138526,17.694594520249623,128.87407322660798,22.289003432269688,17.99946614148663
24,79.99900000642742,79.99900000642742,-11.287426788790214,39.81454139726224,39.40607139845158,44.86913268439325,40.81790831977398,0.1209799074056669,0.1545105732058491,0.6160600506260255,0.5702105550982738,18.486618405449946,169.72730388305752,25.297039254467748,10.399163828268074
24,79.99900000642742,79.99900000642742,-10.239856215929503,41.3057553664362,28.17536641792825,25.973349942858448,39.46778562073221,0.1290834688293662,0.096894633392783,0.0901884212165798,0.5986104199626854,16.720588109736727,42.00622642115706,33.57436692261831,17.179129630765033
24,79.99900000642742,79.99900000642742,-10.56812478429071,38.001272470621394,37.15258398014776,26.174873993043253,34.85325691148068,0.1358285664672139,0.143864583888829,0.1114471323733287,0.5702506277643712,18.416618515409287,19.926832447684845,15.126637478544634,23.423076172881203
24,79.99900000642742,79.99900000642742,-10.238867391118688,37.5990311753045,38.55352674276264,25.05151007467261,37.9628618460042,0.1425411661519373,0.1311572660423952,0.0900479020967139,0.6105121193536807,16.69849349124309,27.66937039656444,172.1040462002716,110.17135209573226
24,79.99900000642742,79.99900000642742,-11.247794222184488,35.43500299435463,39.10222172114104,44.86913268439325,40.81790831977398,0.1209799074056669,0.090492477997904,0.6083544816844724,0.5702105550982738,19.54975820782046,176.17828132078895,25.26809830911408,17.580428832663607
25,79.99900000642742,79.99900000642742,-11.70261868728496,37.58369998298196,37.3154467318752,38.40704322469484,36.12711982721288,0.1527845749826313,0.1474440020799814,0.1847191969289128,0.5729305643695162,15.851467556928924,19.763197897542582,25.857866913192808,19.44972165671664
25,79.99900000642742,79.99900000642742,-10.56242157360754,37.98746804128457,37.117565599318624,26.09613099697646,33.32142255122884,0.1389577639265954,0.356488080084729,0.1232291712852439,0.5633481098523982,19.598012197501493,2.820685559805913,26.18427049914996,17.242983733866694
25,79.99900000642742,79.99900000642742,-11.708450822007867,39.0424579868596,37.38483877794777,39.62004914255409,40.47807748561007,0.1518658083029495,0.1009094856204824,0.1109140176532084,0.5995542688754032,18.479386289344784,19.138293484747784,25.92478055138191,17.27595041483953
25,79.99900000642742,79.99900000642742,-11.247794222184488,35.43500299435463,39.10222172114104,44.86913268439325,40.81790831977398,0.1209799074056669,0.090492477997904,0.6083544816844724,0.5702105550982738,19.54975820782046,171.6996962257297,25.26809830911408,17.580428832663607
25,79.99900000642742,79.99900000642742,-9.804369748191236,37.5955613774747,38.85166214653463,23.88371277227678,40.71687803614391,0.1401597671630184,0.1527624393149552,0.3078119530085725,0.57362910885755,18.48013673461075,52.86796291180694,26.045502498433656,19.89545603108517
25,79.99900000642742,79.99900000642742,-11.496819842812798,37.5990311753045,34.511093350973084,38.36880788940828,37.98839317230889,0.1390051074935219,0.1311572660423952,0.1801556031747587,0.6105121193536807,16.69849349124309,134.38444454253488,172.1040462002716,23.84413237156963
25,79.99900000642742,79.99900000642742,-11.661535644973265,38.39557166180294,37.78239188475625,38.38203229581804,40.97692568435632,0.1071224789910968,0.1725365890936332,0.5411520399232325,0.5728495703803556,19.485501140371124,22.42042862854028,40.40630244391957,11.367085824166752
25,79.99900000642742,79.99900000642742,-11.14349241474617,37.59075106139064,37.33150859686766,38.40704322469484,31.840485071082167,0.11382625269954,0.0902399941961456,0.1347019605869513,0.5700006498976077,18.5229859782054,133.4499644961141,25.857866913192808,19.44972165671664
25,79.99900000642742,79.99900000642742,-10.008222264583452,37.682596162596816,38.81335039489502,25.056320749185808,40.32661672071261,0.1291305465457394,0.0938049442515505,0.0900927942425516,0.57036913662982,16.60969967051757,41.94113792382571,36.24307397610594,17.252695174353196
25,79.99900000642742,79.99900000642742,-10.675311179319756,37.72396950484551,37.68178564365055,44.651338085266346,34.49539046005117,0.1433203915728712,0.1541820356814317,0.6169089007898457,0.1073248374220065,17.694594520249623,128.87407322660798,22.289003432269688,17.99946614148663
26,79.99900000642742,79.99900000642742,-10.799605689060954,37.4608848123785,37.77484779908877,29.22514363080734,38.42816668133996,0.1037017966998142,0.282644874688837,0.1981899670957311,0.1999661894707687,13.76711687330848,22.221706702772945,22.068936278419503,18.145504967276903
26,79.99900000642742,79.99900000642742,-11.398062319433777,34.44750046749539,37.78101571363728,38.41029952889156,33.79544397788384,0.138998375838567,0.1468583309254301,0.1788098331653495,0.573045686624151,18.48834896546789,127.7109497123091,25.857866913192808,11.700661308012505
26,79.99900000642742,79.99900000642742,-10.249415248896526,37.5983649402111,38.587848544793005,25.166698786333058,21.690732276532284,0.138957821807886,0.280609637245183,0.0811452976757643,0.2297480593592731,16.60969967051757,109.77616524002184,37.05185897385785,18.77009665392901
26,79.99900000642742,79.99900000642742,-11.247947918635148,40.01386228133956,39.10340006059607,44.86913268439325,40.81790831977398,0.1209799074056669,0.090492477997904,0.6083544816844724,0.5702105550982738,18.52815004744157,171.82701990734026,25.26809830911408,18.851227393835373
26,79.99900000642742,79.99900000642742,-11.708450822007867,37.77936810736424,37.38483877794777,39.62004914255409,40.53639503485917,0.1518658083029495,0.1533347002711665,0.6265358047141911,0.1220664880668396,18.479386289344784,19.138293484747784,1.5045423235882431,4.0311330360099324
26,79.99900000642742,79.99900000642742,-11.661535644973265,39.27004263386609,37.49737130252783,38.38203229581804,40.97692568435632,0.5052461992334993,0.1725365890936332,0.5411520399232325,0.5728495703803556,19.485501140371124,11.73906025718515,40.40630244391957,122.36501577985422
26,79.99900000642742,79.99900000642742,-10.676413909787025,37.72396950484551,37.323354263717526,44.65507655522662,34.50758319692715,0.1433203915728712,0.1544166814670338,0.6169089007898457,0.1073248374220065,17.69779260537427,128.87407322660798,25.6746315334382,16.735038523361375
26,79.99900000642742,79.99900000642742,-10.677186792689769,38.000944487660064,27.8593765649483,37.85409459070954,35.0674264708849,0.1358285664672139,0.143864583888829,0.1114471323733287,0.6002266215494201,18.41276896715522,19.928228751696423,15.126637478544634,23.50398311740932
26,79.99900000642742,79.99900000642742,-10.097593459309977,37.97762152119357,37.117565599318624,26.09613099697646,40.68124780893327,0.129615123616245,0.356488080084729,0.0901929820375066,0.5643633588855196,19.598012197501493,40.93261079263614,36.44132549441863,17.24317742949414
26,79.99900000642742,79.99900000642742,-10.205604828820531,37.69244268268783,38.81335039489502,25.056320749185808,32.96679016629133,0.1384731868560898,0.0938049442515505,0.1231292381322401,0.5693538875966987,16.60969967051757,3.898277325162472,25.98601898083736,17.252501478725748
26,79.99900000642742,79.99900000642742,-9.341569364848992,37.750403439341504,37.308948727965,17.253722616778823,37.63502415293651,0.1549797359252072,0.147300129907873,0.1784542855460295,0.1273141453811977,15.847550012438973,121.91214931247536,22.289003432269688,19.79544155458284
26,79.99900000642742,79.99900000642742,-11.51252025397524,36.07114547326689,37.29743936480538,38.40704322469484,34.66969850517169,0.1388697470901301,0.1468583309254301,0.1788098331653495,0.57037150839596,18.48834896546789,125.96303854451494,36.58269961585698,19.438846736328024
26,79.99900000642742,79.99900000642742,-11.235550725349905,37.74971857450719,39.008354912075895,44.86913268439325,40.80999662723253,0.1389838931195826,0.1234748738021027,0.6107082504560196,0.1133581647725551,19.54975820782046,177.4156603670881,1.688429835550208,3.21278101790249
26,79.99900000642742,79.99900000642742,-10.280007387682048,39.042785969820926,37.09478113750894,27.381529566618116,40.56813959438903,0.1524080489943486,0.1009094856204824,0.1331786312863038,0.56957827509029,18.481491652408653,41.68670908151725,31.40260473290737,33.78774236125319
26,79.99900000642742,79.99900000642742,-10.669839560099348,36.43753393391265,29.59383566312589,39.791732369030846,41.03822155585165,0.1385534136405966,0.1349590911215602,0.189543455406466,0.5700002332551443,18.505424621983867,135.61003749222897,180.5413122715856,17.283203677867743
27,79.99900000642742,79.99900000642742,-11.304745476964657,35.23568211128323,39.53884800778896,44.86913268439325,39.88701034386144,0.1210317421683769,0.1471855101411985,0.6160600506260255,0.5703736912287373,19.51431303638094,171.90408774243647,25.297039254467748,19.30032030031778
27,79.99900000642742,79.99900000642742,-9.804369748191236,36.40396006276658,38.85166214653463,23.88371277227678,40.71687803614391,0.1401597671630184,0.1527624393149552,0.1536366618292904,0.5734704512556361,18.48013673461075,52.86796291180694,26.045502498433656,19.89545603108517
27,79.99900000642742,79.99900000642742,-9.302146695026693,37.750403439341504,37.25148809964734,16.951482148141203,37.63502415293651,0.1549797359252072,0.147300129907873,0.178703502057707,0.5610948472598177,15.847550012438973,43.5121052095986,35.26292611538089,19.79544155458284
27,79.99900000642742,79.99900000642742,-11.05535119541959,34.973871853542526,31.81844738818826,39.06075488997139,35.949603702864586,0.1389578242814184,0.1555106523936031,0.139187046853928,0.5731089483933263,19.485501140371124,22.95666336970379,40.40630244391957,9.997864626601128
27,79.99900000642742,79.99900000642742,-10.811161643903318,37.69509287684453,38.78848321491851,44.27854353407999,35.16411613733879,0.1458925618163621,0.2783358980311147,0.6265602517782933,0.5699917093412191,16.821396541047584,40.71612814755355,6.668148420821431,19.44972165671664
27,79.99900000642742,79.99900000642742,-10.681717699937964,37.60749445319296,29.89532792104696,40.00215888818924,44.362113404584335,0.138957824165437,0.1555106523936031,0.0934512187671645,0.569987920719294,16.481529608161498,22.45694772282644,40.36821300642706,27.123500245479384
27,79.99900000642742,79.99900000642742,-10.799605689060954,37.4608848123785,37.77484779908877,29.22514363080734,38.42816668133996,0.1037017966998142,0.282644874688837,0.1981899670957311,0.1999661894707687,13.76711687330848,22.221706702772945,22.068936278419503,17.010523992144147
27,79.99900000642742,79.99900000642742,-10.738074097970047,40.09333179591787,38.790560256652434,44.838881386235045,35.16411613733879,0.1458925618163621,0.2797848042943822,0.1045298809237607,0.5700003185356168,22.207256489995864,139.19514000590493,13.790378150761187,19.44972165671664
27,79.99900000642742,79.99900000642742,-9.383938909769796,37.792651230344745,37.308948727965,17.253722616778823,37.31019097521036,0.1549797359252072,0.1471164279423078,0.1784542855460295,0.5934907319669538,15.794417455799636,19.34721407138175,41.864189926959824,19.79544155458284
27,79.99900000642742,79.99900000642742,-11.577731568123468,34.54500057370288,37.78239188475625,39.06075488997139,40.03531234401595,0.1339917221703822,0.1556943543591684,0.5411520399232325,0.1138697285865051,19.538633697010464,125.00353683285137,20.831115965373776,11.367085824166752
27,79.99900000642742,79.99900000642742,-11.211609956894684,38.97862122298854,37.09478113750894,34.52381593058165,40.56813959438903,0.1518519862163382,0.1009094856204824,0.1102885459948617,0.56957827509029,18.481491652408653,41.68670908151725,31.40260473290737,33.78774236125319
27,79.99900000642742,79.99900000642742,-11.319162362906065,40.01386228133956,39.08416972608087,44.30392494380099,40.81437943753672,0.1209799074056669,0.090492477997904,0.608969657899754,0.1367363616666297,28.12807262585732,19.525958979027223,25.26809830911408,17.52657403699386
27,79.99900000642742,79.99900000642742,-10.249415248896526,37.53839195780335,38.587848544793005,25.166698786333058,21.690732276532284,0.138957821807886,0.280609637245183,0.0811452976757643,0.2297480593592731,16.60969967051757,109.77616524002184,37.05185897385785,18.769652021948957
27,79.99900000642742,79.99900000642742,-10.008222264583452,37.682596162596816,38.81335039489502,25.056320749185808,40.32661672071261,0.1390648547081576,0.1550124726323412,0.0900927942425516,0.5722306498936587,16.60969967051757,41.94113792382571,33.72016921099776,17.252695174353196
27,79.99900000642742,79.99900000642742,-11.506384234255634,35.43500299435463,37.567340740931535,41.35172827830496,40.97789048789687,0.1209799074056669,0.1733160642013662,0.5408967597826,0.5729350068524012,22.33192838796719,172.91605874714125,25.26809830911408,17.580428832663607
27,79.99900000642742,79.99900000642742,-11.682402884293635,39.27004263386609,39.03225228273734,38.38203229581804,40.81694351623344,0.5052461992334993,0.0897704858637187,0.6086097584995218,0.5701251186262283,19.48635114925285,10.942193608960736,40.40630244391957,122.36501577985422
27,79.99900000642742,79.99900000642742,-11.711476250867484,38.39557166180294,37.788689225657706,38.60237228768266,40.814387697698606,0.1387416508505135,0.1725365890936332,0.5411520399232325,0.5728495703803556,19.548506014295032,22.42042862854028,40.749894766864905,2.5612014536153804
27,79.99900000642742,79.99900000642742,-11.699838058093905,40.29347718298063,38.60643622013416,38.43712662557933,36.13588507096596,0.1527845749826313,0.1573955958778067,0.1847191969289128,0.1233770723617753,15.851467556928924,19.763197897542582,22.21141706820583,19.44972165671664
28,79.99900000642742,79.99900000642742,-11.304745476964657,35.17140881573113,39.53884800778896,44.86913268439325,40.83131235722737,0.1199017115857133,0.1471855101411985,0.6160600506260255,0.5999643562901503,19.51431303638094,175.3643274885678,25.297039254467748,19.30032030031778
28,79.99900000642742,79.99900000642742,-11.534103863679723,39.25865483278631,35.6867844543309,38.38203229581804,40.81694351623344,0.5052461992334993,0.276048367807914,0.1785445490481678,0.5699891954097314,13.809756145463355,11.542499065651516,22.151081691775147,25.282716602170893
28,79.99900000642742,79.99900000642742,-11.663446856836096,35.208448461401126,37.788689225657706,38.60237228768266,40.814387697698606,0.1519740284517755,0.1725365890936332,0.5411520399232325,0.5728495703803556,24.637311761366217,22.42042862854028,40.749894766864905,2.5612014536153804
28,79.99900000642742,79.99900000642742,-9.823370683663263,37.65274716754976,41.7438121744341,25.056320749185808,40.32661672071261,0.1665591490110016,0.1515958740430009,0.0900927942425516,0.5722306498936587,16.60969967051757,18.72881561827758,33.72016921099776,17.252695174353196
28,79.99900000642742,79.99900000642742,-10.11896820523652,43.88024516603312,38.41945860049985,26.718414320458344,41.139658080311655,0.1401597671630184,0.1527624393149552,0.1993946754271938,0.57362910885755,18.991138049545405,40.89790804031524,26.045502498433656,19.925073565544277
28,79.99900000642742,79.99900000642742,-10.662796353154782,38.98690139936548,29.59383566312589,39.84573028893919,40.56322086945148,0.1388342188660468,0.0991923582697761,0.1106349402362866,0.5699765127327481,18.48202833516788,135.61003749222897,220.47372097749707,17.743298084368842
28,79.99900000642742,79.99900000642742,-11.506384234255634,35.43314196536176,37.567340740931535,41.35172827830496,41.02825150878287,0.1209799074056669,0.1725658819201032,0.5408967597826,0.5729350068524012,22.33192838796719,172.98268817085906,25.26809830911408,17.580428832663607
28,79.99900000642742,79.99900000642742,-11.01832875776823,37.60846163661314,37.31273519579153,44.838881386235045,40.53235206939114,0.1515709192144279,0.1532317289096461,0.6127432041390855,0.5700003176546369,18.521021010312,134.45183260332465,25.857866913192808,19.52052793491869
28,79.99900000642742,79.99900000642742,-11.708450822007867,37.76663032963189,37.38483877794777,39.62004914255409,40.35017491816372,0.1392526537301673,0.1545865213646672,0.6265358047141911,0.1220664880668396,18.4817357238245,19.138293484747784,1.5045423235882431,4.0311330360099324
28,79.99900000642742,79.99900000642742,-11.142610138172763,36.42925375753567,37.09478113750894,34.46981800678039,41.0431402807892,0.1923870783859097,0.1342722704473478,0.1891972004037262,0.5696019956126863,18.50488793922464,41.68670908151725,30.804098202604564,33.327647958198604
28,79.99900000642742,79.99900000642742,-11.367328972075336,37.58995398330924,38.7959060571527,38.52828607447416,33.67780819371841,0.1458925618163621,0.2949025557216749,0.6265602517782933,0.5699917093412191,18.46497765018837,40.71612814755355,6.668148420821431,19.44972165671664
28,79.99900000642742,79.99900000642742,-10.895824109458758,37.83692985917733,37.29001652257119,44.15466793094644,35.689319436796964,0.1389578168887539,0.1468583309254301,0.1788098331653495,0.5952992650973431,16.8447678563271,127.7109497123091,25.857866913192808,19.44972165671664
28,79.99900000642742,79.99900000642742,-10.314581866544216,37.46130568019162,37.77484779908877,25.506627658179024,38.42816668133996,0.1441560243196358,0.282644874688837,0.1981899670957311,0.2416907682989282,13.76711687330848,21.89175197945065,22.93604279427431,18.10318154247799
28,79.99900000642742,79.99900000642742,-10.378275283479915,35.24782062165069,29.31767884316336,41.75090166981731,40.32661672071261,0.1291305465457394,0.1321133908816704,0.0900927942425516,0.5672550804892101,16.60969967051757,41.94113792382571,36.24307397610594,17.252695174353196
28,79.99900000642742,79.99900000642742,-11.011903492904402,37.76216996019832,37.29372612999369,44.86913268439325,39.91415527600312,0.1550312506350936,0.1471151112846722,0.6313537741610349,0.5693459843309246,15.607000868225652,19.12440669077057,41.37840789458156,19.30032030031778
28,79.99900000642742,79.99900000642742,-11.66877791048563,39.17822833585386,38.63356029405647,38.43755633141284,40.97692568435632,0.1071224789910968,0.1573749735207973,0.5411520399232325,0.5736463153862024,19.485501140371124,22.42042862854028,40.40630244391957,11.367085824166752
28,79.99900000642742,79.99900000642742,-9.09125895795894,35.26616338142966,39.554070605760245,17.253722616778823,37.28304604306815,0.1209802274601813,0.1471868267988341,0.1589204850951654,0.5945184388647652,19.701729623954925,172.1987604704199,25.782821286891817,19.79544155458284
29,79.99900000642742,79.99900000642742,-10.85676527068778,40.01386228133956,35.493488136326704,44.25828772772038,40.81437943753672,0.1390443415863402,0.090492477997904,0.5913546431314688,0.1366420079362642,18.988245849197245,19.525958979027223,25.26809830911408,17.52657403699386
29,79.99900000642742,79.99900000642742,-11.304745476964657,35.23568211128323,39.53884800778896,44.86913268439325,39.88701034386144,0.1210317421683769,0.1580786645847242,0.6113805500094718,0.5746243992049064,16.65884644848809,171.90408774243647,19.95605901780268,19.30032030031778
29,79.99900000642742,79.99900000642742,-9.766392745926105,38.91176172530636,37.299386709654186,23.466541154579247,40.590863435812416,0.151761083161658,0.0991923582697761,0.1106349402362866,0.1276984047013236,13.789744889361046,131.69652683469758,1.2030987402941946,17.10484857763653
29,79.99900000642742,79.99900000642742,-10.8950268616747,37.83692985917733,37.29001652257119,44.15466793094644,35.683207203785855,0.1389578168887539,0.1468583309254301,0.1788098331653495,0.5952992650973431,11.97164225303834,37.63111171294218,25.85563852000769,19.44972165671664
29,79.99900000642742,79.99900000642742,-11.335333337353354,40.01386228133956,39.009537628838906,44.1053153757965,40.847129296043406,0.1209799074056669,0.090492477997904,0.6085315810536674,0.1367363616666297,18.90241999395141,19.525958979027223,25.26809830911408,9.3209632767784
29,79.99900000642742,79.99900000642742,-11.07514266822954,36.42925375753567,37.09478113750894,33.95256740388236,41.0431402807892,0.1922428067871589,0.1393357638055246,0.1891972004037262,0.5676503994522376,19.548218888682044,41.68670908151725,30.804098202604564,33.299345679968326
29,79.99900000642742,79.99900000642742,-10.356661245156396,35.24782062165069,29.15197121601637,41.75090166981731,40.32661672071261,0.1291305465457394,0.1555020334654517,0.0900927942425516,0.5672550804892101,19.49852688889751,41.94113792382571,36.24307397610594,17.252695174353196
29,79.99900000642742,79.99900000642742,-11.692416275752215,37.76663032963189,37.45947087518973,39.81761276108938,40.31742505965703,0.1392526537301673,0.1545865213646672,0.6269738815593904,0.1220664880668396,30.148485457316347,19.138293484747784,1.5045423235882431,4.386810855123963
29,79.99900000642742,79.99900000642742,-10.0491716590068,37.75165270598423,37.28605338492651,22.329702770645348,21.566927963099538,0.1371968199768299,0.2813678408426409,0.0811452976757643,0.2216812415117209,16.60969967051757,107.8839141932484,41.379579141809295,19.292580348704377
29,79.99900000642742,79.99900000642742,-9.739425600765752,37.973677920139295,35.024083287982776,24.196878854348345,41.52794924847754,0.1351038545208486,0.143864583888829,0.1114471323733287,0.5674514828870586,18.416618515409287,19.863940585456863,1.808913930649464,20.76374606579976
29,79.99900000642742,79.99900000642742,-11.01832875776823,35.78822797151879,37.31273519579153,44.838881386235045,44.38254429590856,0.1391786242560777,0.1532081031607672,0.6127432041390855,0.5700257649009361,16.5284716116553,134.61303760982332,25.857866913192808,19.52052793491869
29,79.99900000642742,79.99900000642742,-11.531643232860844,39.19931071735529,38.63356029405647,38.43755633141284,34.84682111667932,0.1576375215480397,0.3567039980207096,0.5411520399232325,0.5701277433168574,19.467386137892213,22.42042862854028,40.40630244391957,11.367085824166752
29,79.99900000642742,79.99900000642742,-10.381821127784924,37.690515772670174,37.3539902187944,24.94795219847886,37.31019097521036,0.1298309611211409,0.093298170006188,0.0822686460985839,0.5701849053953588,15.794417455799636,39.67672397022585,36.228741816966384,19.79544155458284
29,79.99900000642742,79.99900000642742,-11.497057292978909,35.07370265896516,38.92959674612684,38.53998285410483,40.71555011870787,0.1519740284517755,0.1725365890936332,0.3074929665799069,0.5728347823035073,24.637311761366217,22.32642498306683,26.054226572539715,1.9354288954309915
30,79.99900000642742,79.99900000642742,-11.534103863679723,39.25865483278631,35.6867844543309,39.05276566667367,40.81694351623344,0.5052461992334993,0.1495420642489923,0.1785445490481678,0.5729099444733071,13.809756145463355,22.875814595914285,22.151081691775147,25.282716602170893
30,79.99900000642742,79.99900000642742,-10.548828391606603,40.73772516431673,29.612076166634072,39.85345647531535,40.55206254447483,0.1292003662552343,0.0991470886877231,0.1117602534662351,0.5700420089906375,16.60969967051757,41.94113792382571,41.95759354390398,17.252695174353196
30,79.99900000642742,79.99900000642742,-11.336925924793988,40.01386228133956,39.009537628838906,44.09310553875167,40.830784040694255,0.1198951376624211,0.1451024297915498,0.6085315810536674,0.1367363616666297,19.43917316370031,19.525958979027223,25.26809830911408,9.3209632767784
30,79.99900000642742,79.99900000642742,-11.351870345321124,35.23568211128323,39.90013866518857,44.86913268439325,41.06689584050695,0.1404064668307153,0.1471855101411985,0.627180298942053,0.6076935487943262,19.51431303638094,45.19956664411775,25.297039254467748,19.30032030031778
30,79.99900000642742,79.99900000642742,-9.812894109784937,37.72086544750368,37.50340635689098,24.31853976176863,41.0863515867508,0.1518658083029495,0.2796689256652823,0.1978962381456828,0.1169018910048437,19.01270123891361,19.138293484747784,0.4619768734034047,4.486037386828507
30,79.99900000642742,79.99900000642742,-10.41062317870702,37.73598242653654,38.37409211095704,26.18886981437756,33.81837157989782,0.1401778791058585,0.1527624393149552,0.106648956998501,0.57362910885755,18.99924474922092,40.89790804031524,26.045502498433656,19.925073565544277
30,79.99900000642742,79.99900000642742,-11.51287299776245,39.19931071735529,38.63356029405647,38.58146146716716,34.84682111667932,0.1335608931278705,0.3567039980207096,0.5411520399232325,0.5701277433168574,19.467386137892213,22.42042862854028,40.40630244391957,11.367085824166752
30,79.99900000642742,79.99900000642742,-10.760528168218537,37.52985044597925,37.77484779908877,28.92554930434876,38.42816668133996,0.1037017966998142,0.149403893488629,0.1981899670957311,0.5942650979290147,13.761084456058668,17.405521123176385,22.068936278419503,19.25237704606272
30,79.99900000642742,79.99900000642742,-11.303185960021809,35.17140881573113,39.53884800778896,44.88108898095507,40.84765761257651,0.1209864813289591,0.0925808864147124,0.6160600506260255,0.5999643562901503,18.97755986663204,175.3643274885678,25.297039254467748,19.30032030031778
30,79.99900000642742,79.99900000642742,-10.17525893988865,35.56433684096454,37.55146554397786,26.33693525985897,40.32661672071261,0.1200562074741709,0.1550124726323412,0.1017982191983946,0.5729538180923944,16.60969967051757,41.94113792382571,33.72016921099776,17.55148976242676
30,79.99900000642742,79.99900000642742,-9.98216633880483,44.14158574746787,37.19795046969057,26.70441849912404,42.17447656828697,0.1358104545243737,0.143864583888829,0.2041954307773603,0.5702506277643712,17.436093160907582,19.926832447684845,15.126637478544634,23.423076172881203
30,79.99900000642742,79.99900000642742,-10.212266115623253,37.595541592597904,39.501534382645765,25.795574602424058,38.81239451894532,0.138957821807886,0.154792939722197,0.0900927942425516,0.5703739488526206,19.50889232412741,27.146426346342366,36.350672604250384,19.04810795610024
30,79.99900000642742,79.99900000642742,-9.765293504109556,37.73364012726041,39.46245257247202,22.329702770645348,21.566927963099538,0.1371968199768299,0.2813678408426409,0.0811452976757643,0.2216812415117209,16.65792341720438,175.84944899386616,41.72958268471168,19.292562728752127
30,79.99900000642742,79.99900000642742,-10.730068591353463,37.59807512344958,38.96128443043075,29.22514363080734,38.42816668133996,0.4974449199915322,0.2793112437938662,0.188789771009931,0.1809081550601518,13.795995598078749,11.540338329400516,21.685417751123847,19.90257272660644
30,79.99900000642742,79.99900000642742,-11.909494025820829,37.93968115868283,38.63356029405647,38.43755633141284,38.482209100402905,0.1071224789910968,0.2819655427703994,0.5411520399232325,0.5736463153862024,19.485501140371124,29.362221932465356,40.4081236578066,11.367085824166752
30,79.99900000642742,79.99900000642742,-9.684214725218986,37.97365155228896,37.48931042182775,24.250692164077776,42.005045937398855,0.1351635146538714,0.1439023443895651,0.1131562568833469,0.5657963974484487,16.8447678563271,127.7109497123091,20.65031734571749,19.44972165671664
30,79.99900000642742,79.99900000642742,-11.02086732206741,35.253694690007045,37.36244882024344,44.86913268439325,39.88701034386144,0.1210317421683769,0.1580786645847242,0.6113805500094718,0.5746243992049064,16.610622701801283,103.93855290792038,19.60605551468685,19.300337920270028
30,79.99900000642742,79.99900000642742,-11.83332726458417,37.55140128699404,38.82922559184869,40.07053737566641,41.02825150878287,0.139988554639657,0.1725658819201032,0.5330213408664484,0.5722118386536653,22.33192838796719,172.98268817085906,25.26809830911408,17.281634244590048
31,79.99900000642742,79.99900000642742,-9.903550844483425,35.24782062165069,29.34162976175092,24.25383986175222,40.32661672071261,0.1291305465457394,0.1376873467305958,0.0933473885826467,0.5672550804892101,19.49517297273356,41.94113792382571,36.24307397610594,17.252695174353196
31,79.99900000642742,79.99900000642742,-10.857459480965154,39.25758175735081,35.49881041511992,44.25828772772038,40.81699573405251,0.1390443415863402,0.090492477997904,0.1384587867125459,0.1366420079362642,18.988245849197245,22.861570102871298,25.26809830911408,17.52657403699386
31,79.99900000642742,79.99900000642742,-11.295457967239663,35.23568211128323,39.49875280601389,44.90024172384312,39.88701034386144,0.1389969604635488,0.1483626023459301,0.6160600506260255,0.5253909033018285,19.51431303638094,171.90408774243647,25.297039254467748,18.773077722763592
31,79.99900000642742,79.99900000642742,-11.47121182846952,42.43605533346455,38.38201268506422,39.47556528444892,41.415327035325625,0.1348092842680807,0.143864583888829,0.5290401679483466,0.5674514828870586,9.994295354180352,19.825896780630472,1.808913930649464,20.76374606579976
31,79.99900000642742,79.99900000642742,-9.755384794263392,37.973677920139295,34.98496562171852,24.31923267116359,41.52794924847754,0.1351038545208486,0.2815971863445307,0.1104289664201493,0.1001013063677359,18.416618515409287,19.863940585456863,1.7411956839883709,20.76374606579976
31,79.99900000642742,79.99900000642742,-11.534587468382137,37.93968115868283,36.54039677318286,40.10855951558644,38.570889415399,0.1090499634346972,0.3262903990998368,0.5369090297780327,0.5735960305242093,19.485501140371124,30.32918683175444,25.415534045995464,17.021117502373425
31,79.99900000642742,79.99900000642742,-11.247799630747444,35.77822458852263,39.07587881720868,44.84274831481161,40.81790831977398,0.4570582280387627,0.090492477997904,0.6083544816844724,0.5702105550982738,13.93837073384842,23.81953095333563,22.06454362300546,17.580428832663607
31,79.99900000642742,79.99900000642742,-9.796934916287285,37.72086544750368,37.54252402315522,24.196185944953385,41.0863515867508,0.1518658083029495,0.1419364381851032,0.1978962381456828,0.5881776240096273,19.01270123891361,19.138293484747784,0.5296995621235703,4.486037386828507
31,79.99900000642742,79.99900000642742,-11.531805416658123,39.25865483278631,35.66916302716528,38.40201701606162,40.81694351623344,0.1867374395237151,0.276048367807914,0.181976116699665,0.5700145023118218,10.561818619866369,10.94324439001566,22.151081691775147,25.282716602170893
31,79.99900000642742,79.99900000642742,-11.078983443843851,37.76663032963189,37.45947087518973,44.52059780572019,39.84446866802495,0.1388976001441439,0.1579722805935767,0.6269738815593904,0.1344860669737621,16.542982206289853,19.138293484747784,19.661767637065147,4.386810855123963
31,79.99900000642742,79.99900000642742,-9.98216633880483,34.66483527681642,37.43144884121792,26.70441849912404,42.17447656828697,0.1358104545243737,0.143864583888829,0.1991367128373095,0.5616911382097474,17.479200621129213,19.924606543032294,14.161729356756329,23.68200100823852
31,79.99900000642742,79.99900000642742,-10.799605689060954,37.462141452478704,37.77484779908877,29.22514363080734,38.42816668133996,0.1037017966998142,0.282644874688837,0.1197539868933826,0.1992400583336884,15.707128754737624,22.708500171290083,41.48500764819719,17.010523992144147
31,79.99900000642742,79.99900000642742,-11.752308110004783,40.73772516431673,39.38759006433356,38.9480652436861,40.8470364003161,0.1292003662552343,0.0922908441279909,0.1117602534662351,0.5995222375748159,19.004872263375773,41.94113792382571,25.391906172073387,17.252695174353196
31,79.99900000642742,79.99900000642742,-10.17525893988865,35.39782382795308,37.55146554397786,26.33693525985897,40.32661672071261,0.1200562074741709,0.1624163827312606,0.1794270519683148,0.5729524659201832,16.5285433928958,41.94113792382571,22.671985030837615,17.77568158942251
31,79.99900000642742,79.99900000642742,-10.123263833867044,37.5983649402111,38.62794374656807,24.23963313954876,21.690732276532284,0.1209926035127144,0.2794325745682772,0.0811452976757643,0.2251898495724359,16.60969967051757,109.77616524002184,37.05185897385785,19.2973392314832
31,79.99900000642742,79.99900000642742,-11.888112622838513,37.935576027467285,38.793379252371984,38.52828607447416,38.51122904830476,0.1458925618163621,0.2948824584008228,0.6274594253847755,0.5699917093412191,19.477420797396743,41.04744382358195,4.977048750448674,19.44972165671664
31,79.99900000642742,79.99900000642742,-10.754982082156388,37.52985044597925,37.82682173275367,28.92554930434876,38.47068667448308,0.0810893440857734,0.3218199373927359,0.2027901530858145,0.5704006561795554,13.761084456058668,17.405521123176385,22.068936278419503,17.266146111470082
32,79.99900000642742,79.99900000642742,-11.438091234581364,39.24839457846241,35.78391567785807,40.09188287940093,40.81694351623344,0.5042036274693633,0.1286077751770184,0.1785445490481678,0.5729278649508909,12.77371307137014,22.394937308748595,22.138679261730317,16.846281073247653
32,79.99900000642742,79.99900000642742,-9.928333874267404,40.00995253535456,40.58750975779607,24.704736127179565,34.85325691148068,0.1358285664672139,0.1463486601056388,0.1318401855022953,0.1319977836502043,18.425533520059098,1.6894715283647097,14.286897698842605,17.257270216528937
32,79.99900000642742,79.99900000642742,-11.732343763267224,37.935576027467285,39.98760717575186,38.52828607447416,38.51122904830476,0.1458925618163621,0.2796872885230563,0.5910381337529629,0.5699917093412191,19.477420797396743,41.31098700417859,4.977048750448674,5.309524297487109
32,79.99900000642742,79.99900000642742,-10.128366748542945,35.42528336980319,37.65464750628488,26.33693525985897,40.6861235210297,0.145886647998934,0.1550776100344599,0.178641156424308,0.5441317277380185,16.5285433928958,41.10344379788528,22.12216146349277,17.77568158942251
32,79.99900000642742,79.99900000642742,-10.41062317870702,37.73598242653654,38.37409211095704,26.18886981437756,33.81837157989782,0.1401778791058585,0.1526334717111201,0.106648956998501,0.1653286880379099,18.527345027607343,40.89790804031524,26.72581732949029,19.925073565544277
32,79.99900000642742,79.99900000642742,-9.812894109784937,37.72086544750368,37.50340635689098,24.31853976176863,41.0863515867508,0.1518658083029495,0.2948640955430487,0.2159912365895747,0.1169018910048437,19.01270123891361,18.87475036833968,0.3935217194474784,43.58440656944965
32,79.99900000642742,79.99900000642742,-9.94621898874857,37.86420861685679,35.429126416882376,24.59211246390982,40.33776688350408,0.1383334984101524,0.1376873467305958,0.0933473885826467,0.5672550804892101,19.49517297273356,45.21631115570145,1.1109520741971686,17.252695174353196
32,79.99900000642742,79.99900000642742,-9.952980380088952,37.72086544750368,37.54252402315522,25.396678973995805,41.09049605998045,0.1392564107224726,0.1417392634295736,0.1984043967885341,0.5881776240096273,19.01330546941881,19.138293484747784,0.5296995621235703,0.2338029194502198
32,79.99900000642742,79.99900000642742,-10.12301991347212,38.00126799726642,38.87321378372379,24.48303312034343,38.30484101859461,0.1358285664672139,0.3570193648515998,0.109574232233766,0.5690395795187033,18.416618515409287,22.555739066935374,14.286897698842605,17.006873339845185
32,79.99900000642742,79.99900000642742,-10.144518769289846,44.14158574746787,38.80231133078601,26.607668749495343,40.83302485160652,0.135403358702409,0.1196429017419751,0.1243099962168911,0.5781871700473209,17.436093160907582,19.926832447684845,14.849411352370872,18.4547841854202
32,79.99900000642742,79.99900000642742,-10.752617657815776,37.53729465987416,37.82682173275367,28.92554930434876,38.48881392776112,0.0810893440857734,0.3218199373927359,0.2027901530858145,0.1289824469105209,14.21681256539335,17.416110915281653,1.6923088525391492,4.770907652992503
32,79.99900000642742,79.99900000642742,-10.535924423299832,40.73772516431673,29.513145742948804,39.85345647531535,41.094715721513126,0.1292003662552343,0.1152284384755797,0.1117602534662351,0.5700420089906375,16.60969967051757,44.52777299397798,41.95759354390398,16.74736303121005
32,79.99900000642742,79.99900000642742,-11.65745520610389,37.94994141300674,36.4432655496557,39.069442302859166,38.570889415399,0.1107999401495014,0.3262903990998368,0.5369090297780327,0.5735781100466255,19.485501140371124,30.81006411892017,25.427936476040298,25.457553031298406
32,79.99900000642742,79.99900000642742,-11.692343573630184,37.76663032963189,37.45891349225411,39.81761276108938,40.31742505965703,0.1316157726983266,0.1545865213646672,0.6269738815593904,0.1220664880668396,30.148485457316347,19.138293484747784,1.5045423235882431,19.20961748205221
32,79.99900000642742,79.99900000642742,-10.356661245156396,35.24782062165069,29.15197121601637,41.75090166981731,40.32661672071261,0.128815712390976,0.2855389478751902,0.0900927942425516,0.1350029153847784,19.020214866205485,42.18094832109095,36.48887790115329,18.371073335038304
32,79.99900000642742,79.99900000642742,-11.3382066227499,38.00517774325142,39.0193563131676,44.09310553875167,40.830784040694255,0.1198951376624211,0.3557746714878588,0.5886233577711115,0.5752162039315131,19.430258159050503,19.525958979027223,25.26809830911408,9.3209632767784
33,79.99900000642742,79.99900000642742,-9.903550844483425,35.24782062165069,29.34162976175092,24.25383986175222,40.32661672071261,0.1291305465457394,0.1445469018308411,0.1998974280150973,0.5730555822086395,17.596878043728363,18.133395971508055,14.11708278964451,17.252695174353196
33,79.99900000642742,79.99900000642742,-10.128490407159164,35.42528336980319,37.65464750628488,26.33693525985897,40.6851754716387,0.145886647998934,0.1550776100344599,0.178641156424308,0.1256357074395618,16.5285433928958,41.10344379788528,22.12216146349277,17.77568158942251
33,79.99900000642742,79.99900000642742,-9.98216633880483,34.66483527681642,37.43262620393607,26.70441849912404,42.17447656828697,0.1320482729307955,0.143864583888829,0.141191287730953,0.5616911382097474,17.5349629463028,19.924606543032294,1.4611173836517724,23.68200100823852
33,79.99900000642742,79.99900000642742,-9.911084681761889,37.72086544750368,37.50340635689098,25.07133414692531,41.0863515867508,0.1518658083029495,0.1967708801646444,0.2254552585226423,0.108561720733023,6.90449704719469,19.03278216384192,0.4619768734034047,24.33182127330432
33,79.99900000642742,79.99900000642742,-10.760528168218537,37.538723290988656,35.688956746631895,28.92554930434876,38.42816668133996,0.1050252757907502,0.149403893488629,0.1766416546164172,0.5942650979290147,13.761347256343356,23.021647859339843,22.07052122375657,19.26585630031319
33,79.99900000642742,79.99900000642742,-9.851268622769908,35.384573249246515,39.38759006433356,24.37342917488543,40.8470364003161,0.1292003662552343,0.089859845841896,0.0933226781172919,0.5994935275041033,19.4657152487938,86.95933836046736,36.249764633359405,11.475908492825855
33,79.99900000642742,79.99900000642742,-9.911231310285274,33.26465131735676,38.94120075848552,25.05085901896901,41.06475230678187,0.1392564107224726,0.141893185173908,0.1997424995046592,0.5690975130435284,19.01330546941881,42.60315375444303,0.5296995621235703,24.499580472043085
33,79.99900000642742,79.99900000642742,-11.708450822007867,37.76663032963189,37.38483877794777,39.62004914255409,40.35017491816372,0.1392526537301673,0.1595362615342496,0.2234306093189457,0.1224713429657505,9.56525884312772,19.138293484747784,33.85516654632033,4.436105278688879
33,79.99900000642742,79.99900000642742,-11.336925924793988,40.01386228133956,39.009537628838906,44.09310553875167,40.830784040694255,0.1198951376624211,0.1485204095385137,0.6085315810536674,0.1367363616666297,19.43917316370031,19.525958979027223,25.26809830911408,9.3209632767784
33,79.99900000642742,79.99900000642742,-11.557229341798129,39.24978198777691,35.85520694156256,39.05276566667367,40.81694351623344,0.5050165055658928,0.1495420642489923,0.2000928615274817,0.5729099444733071,13.80949334517867,17.25968785975083,22.14949674643807,25.269237347920427
33,79.99900000642742,79.99900000642742,-11.769813309408242,37.76317257021635,38.87023507404889,39.06736612186717,40.83213074973731,0.1203452684931293,0.2840563880398106,0.2173712933468419,0.5757146571503474,18.44723572886302,50.12299107270302,6.52543061711626,12.176649099444049
33,79.99900000642742,79.99900000642742,-11.888112622838513,37.935576027467285,38.793379252371984,38.21679631025834,38.51122904830476,0.1458925618163621,0.2243471066058299,0.2092266251980816,0.1294362274139212,19.437214976294133,41.04744382358195,0.1051501775698908,19.44972165671664
33,79.99900000642742,79.99900000642742,-10.76258724986674,35.150488752170226,29.34162976175092,38.82846084610586,40.32661672071261,0.1291305465457394,0.1401254635791291,0.1117849641180263,0.567283790559852,19.03432998731553,41.94113792382571,25.385215514820064,17.252695174353196
33,79.99900000642742,79.99900000642742,-11.049324276406594,44.03548138678534,37.19795046969057,44.48646435057332,39.75826354713037,0.1358104545243737,0.1570154657263716,0.2025615757728404,0.5702506277643712,17.436093160907582,19.135852250933336,15.119408817013232,23.423076172881203
33,79.99900000642742,79.99900000642742,-10.144518769289846,44.14158574746787,38.80231133078601,26.607668749495343,40.83302485160652,0.135403358702409,0.1196429017419751,0.1243099962168911,0.5781871700473209,17.436093160907582,19.926832447684845,14.849411352370872,31.4007510225088
33,79.99900000642742,79.99900000642742,-11.487395268174645,42.31198229572527,38.38201268506422,40.10011392278869,41.41047612763982,0.1289061519522586,0.129038513989179,0.2008685451548165,0.5674514828870586,9.994295354180352,19.903813650558423,1.808913930649464,16.77561507623382
33,79.99900000642742,79.99900000642742,-9.780672245174983,41.63760942628809,41.71958224750465,24.704736127179565,34.85325691148068,0.1358285664672139,0.1463486601056388,0.1318401855022953,0.1319977836502043,18.425533520059098,1.6894715283647097,14.286897698842605,17.257270216528937
33,79.99900000642742,79.99900000642742,-11.2881023943795,38.00742014500384,39.98760717575186,43.96911069139521,38.51122904830476,0.1458925618163621,0.2796872885230563,0.5910381337529629,0.5699917093412191,19.477420797396743,19.980912338819746,4.977048750448674,5.309524297487109
34,79.99900000642742,79.99900000642742,-9.776793185047254,37.72086544750368,35.23051279838256,24.063685490879017,41.10827107218338,0.1518658083029495,0.2796689256652823,0.1978962381456828,0.1169018910048437,19.01270123891361,19.138293484747784,0.4656250655535286,5.228561729523806
34,79.99900000642742,79.99900000642742,-11.336925924793988,36.5238126772377,39.009537628838906,44.09310553875167,42.20048322964284,0.1321355149465955,0.1438227933029921,0.6085315810536674,0.1234567228182742,19.43917316370031,20.043347240884582,0.6340946804964815,9.3209632767784
34,79.99900000642742,79.99900000642742,-10.277427634341835,36.28979305948405,38.87132519722484,26.473147480012035,13.26675934329947,0.1381685961207095,0.2840563880398106,0.2173712933468419,0.1247363485003829,9.65499086329978,41.2618616836644,0.431282735577291,18.367507229290148
34,79.99900000642742,79.99900000642742,-11.503970167254096,39.24845675238594,35.78391567785807,39.057851134726086,42.86074651911135,0.5052458553169711,0.1286077751770184,0.1785445490481678,0.5729096168281029,12.77371307137014,22.394937308748595,22.151515171175376,14.528136175553898
34,79.99900000642742,79.99900000642742,-10.160822754754676,33.80802406378433,37.43262620393607,26.70441849912404,40.80477737933818,0.1198078956466212,0.1485622001243506,0.141191287730953,0.5755579278283787,17.5349629463028,19.40721828117493,24.801539482639875,23.68200100823852
34,79.99900000642742,79.99900000642742,-9.809259673075443,35.24782062165069,29.512888875388136,24.25383986175222,41.04951570150709,0.0914296443448623,0.1440875359794884,0.1998974280150973,0.569990781730312,17.596878043728363,17.22991115757216,14.11708278964451,17.252695174353196
34,79.99900000642742,79.99900000642742,-9.83430445486036,37.72086544750368,37.54252402315522,24.486830213909915,41.09049605998045,0.1392564107224726,0.1417392634295736,0.1984043967885341,0.5881776240096273,19.01330546941881,19.138293484747784,0.5296995621235703,0.2338029194502198
34,79.99900000642742,79.99900000642742,-11.75923355602243,39.91825480699545,38.36759304710482,40.21346911759949,41.074849599611625,0.1289061519522586,0.129038513989179,0.2008685451548165,0.577547870754796,10.034261381100542,19.903813650558423,1.808913930649464,50.10920299977406
34,79.99900000642742,79.99900000642742,-9.554924337510933,37.761789199428506,38.62794374656807,23.70786750759834,42.45344758668115,0.1209926035127144,0.1615934769183529,0.0863114539661736,0.2251898495724359,16.60969967051757,109.77616524002184,36.96849080583935,6.153249303636372
34,79.99900000642742,79.99900000642742,-11.336925924793988,40.01386228133956,39.009537628838906,44.09310553875167,40.830784040694255,0.1198951376624211,0.1485265423693461,0.1747252639822062,0.1367363616666297,19.560123859355556,19.525958979027223,25.26809830911408,9.544177699433996
34,79.99900000642742,79.99900000642742,-11.536328179158502,39.24978198777691,35.694964694658786,39.05276566667367,41.068973327477465,0.5050165055658928,0.1495420642489923,0.2000928615274817,0.5750720239758575,18.639017512982264,17.25968785975083,22.14949674643807,25.269237347920427
34,79.99900000642742,79.99900000642742,-11.74698759771173,37.10775990729177,38.35226527300426,39.47556528444892,41.415327035325625,0.1348092842680807,0.143864583888829,0.2413852449845449,0.5773577507474071,16.548781571558234,39.95424246186566,1.4540657473455934,27.708045042977545
34,79.99900000642742,79.99900000642742,-11.44348258287392,42.31198229572527,38.04534876442533,40.10011392278869,41.41047612763982,0.1294417068370358,0.252207855847749,0.203492740629487,0.5674514828870586,18.928300284587923,24.43445273352703,1.801997632090833,4.481385626255607
34,79.99900000642742,79.99900000642742,-9.944104763925791,33.26465131735676,38.94595204371035,25.05085901896901,40.812722495537855,0.1392564107224726,0.141893185173908,0.1997424995046592,0.5690975130435284,14.183781301615229,42.60315375444303,0.5296995621235703,24.499580472043085
34,79.99900000642742,79.99900000642742,-10.5135862780428,40.73772516431673,29.34188662931158,39.85345647531535,40.37181674071864,0.1292003662552343,0.1156878043283033,0.1117602534662351,0.5731068094689651,7.799181487102409,45.43125987235533,41.95759354390398,16.74736303121005
35,79.99900000642742,79.99900000642742,-10.212870261154094,35.30316096468994,26.845672924454984,26.625288722894044,40.32661672071261,0.1291305465457394,0.1447017650278179,0.1389194040694964,0.5730555822086395,17.536541138880573,18.133395971508055,25.00940602882888,17.260583375120124
35,79.99900000642742,79.99900000642742,-9.851503338084,33.75268372074508,37.43262620393607,24.332969637982213,40.80477737933818,0.1198078956466212,0.1484073369273738,0.2021693117588089,0.5755579278283787,17.595299851150592,19.40721828117493,13.90921624394012,23.67411280747161
35,79.99900000642742,79.99900000642742,-9.939552780203442,39.87145719834254,38.81335039489502,25.056320749185808,40.853082767626006,0.1286778024243188,0.1140912431106556,0.0900927942425516,0.57036913662982,10.04918500947424,41.12911197787344,32.913084335669566,19.04512763022228
35,79.99900000642742,79.99900000642742,-11.336925924793988,42.2824938648677,39.009537628838906,44.09310553875167,40.82860828602398,0.1192931276184854,0.1451024297915498,0.5811336930456468,0.1367363616666297,19.439505985655885,19.91873087164372,26.04996634444765,9.3209632767784
35,79.99900000642742,79.99900000642742,-9.94628174127064,33.26465131735676,38.96773158213627,25.0675491786128,40.812722495537855,0.1512206829135278,0.141893185173908,0.1978519050461961,0.5690975130435284,14.166615413804294,42.60315375444303,0.5296995621235703,5.764302903968543
35,79.99900000642742,79.99900000642742,-11.778896585825208,37.10775990729177,38.35226527300426,39.67669167427327,41.37181784961333,0.1348092842680807,0.143864583888829,0.2408573474298117,0.5689281997388274,14.08373027572009,42.4307466431821,1.4540657473455934,27.708045042977545
35,79.99900000642742,79.99900000642742,-11.295457967239663,35.26451525855562,39.49875280601389,44.90024172384312,39.8872245818927,0.1389969604635488,0.1342278075626019,0.6160600506260255,0.5273406701525775,19.40305239571985,171.90408774243647,20.302206384481035,18.347063315398568
35,79.99900000642742,79.99900000642742,-11.536514531025,39.24835329013377,35.694964694658786,39.05276566667367,41.068973327477465,0.5050165055658928,0.1289653744852729,0.2000928615274817,0.5729689127512351,12.903613599318934,17.310167124104034,22.14949674643807,25.532219344904743
35,79.99900000642742,79.99900000642742,-9.780672245174983,37.57094953905413,41.71958224750465,24.704736127179565,34.81241327818354,0.1358285664672139,0.1497758032783413,0.1321662834370742,0.1319977836502043,18.425533520059098,1.6894715283647097,14.286897698842605,18.39698132659341
35,79.99900000642742,79.99900000642742,-10.902555064973988,39.26012990474934,35.78391567785807,44.19766017972414,40.81694351623344,0.4907551854435582,0.1487954205516015,0.1785445490481678,0.5729278649508909,19.58570719565867,22.394937308748595,22.138679261730317,16.846281073247653
35,79.99900000642742,79.99900000642742,-11.75923355602243,39.91825480699545,38.36759304710482,40.21346911759949,41.0770253542819,0.1295081619961944,0.129038513989179,0.2008685451548165,0.5586500000287827,10.033928560847016,19.51104175794193,1.1895198453164095,50.10920299977406
35,79.99900000642742,79.99900000642742,-10.100038194731065,44.14158574746787,29.575211907072703,26.607668749495343,40.83263462815767,0.135403358702409,0.1196429017419751,0.1243099962168911,0.5702104949349718,17.4398305550412,19.881830331328487,14.849411352370872,17.205620662196285
35,79.99900000642742,79.99900000642742,-10.033687355552884,37.5983649402111,39.32348979849293,24.24842619106512,21.69615306011137,0.1103248602469805,0.2794325745682772,0.0904738695183545,0.2251898495724359,16.60969967051757,134.22426696458663,36.37059378862035,19.04503850927395
35,79.99900000642742,79.99900000642742,-11.768499922197456,36.99982376743458,38.77465769725404,38.21679631025834,38.51122904830476,0.1458925618163621,0.2239186101050449,0.249618996709095,0.1294362274139212,19.143619250523887,41.20753800167203,0.1051501775698908,19.44972165671664
35,79.99900000642742,79.99900000642742,-11.413428264504788,40.73772516431673,36.24067519218679,38.9480652436861,38.40301869556983,0.1292003662552343,0.0922908441279909,0.1117602534662351,0.5995222375748159,19.004872263375773,41.94113792382571,25.391906172073387,17.252695174353196
35,79.99900000642742,79.99900000642742,-9.908595261666632,37.70670407195307,29.34162976175092,24.24268863641724,40.276791630306384,0.1515737379003705,0.1445469018308411,0.1998974280150973,0.5730555822086395,17.596878043728363,18.14358803717192,0.8443598614979049,17.094051360866665
35,79.99900000642742,79.99900000642742,-10.101360385836747,37.5451488518486,37.57780051773889,27.46164307381476,12.905406031896518,0.1316157726983266,0.154553167470799,0.0846869070289868,0.1258826729107652,45.87682820550884,19.138293484747784,2.203694158419136,19.206310278744247
35,79.99900000642742,79.99900000642742,-11.74308194938417,37.76317257021635,37.32447601476,39.29418106948132,40.807999647938026,0.1195083490847374,0.2840563880398106,0.2126622145667656,0.5758956854666287,18.44723572886302,50.12299107270302,6.329581970472717,19.36774457798298
35,79.99900000642742,79.99900000642742,-9.774616207702415,35.36747513653214,35.20873325994957,24.04699533123523,41.10827107218338,0.1399015361118942,0.2796689256652823,0.1997868326041459,0.1169018910048437,15.29266033583079,19.138293484747784,0.4656250655535286,23.96411585354461
35,79.99900000642742,79.99900000642742,-11.278399115973762,37.762089667571054,43.29436311177216,40.39451456933216,41.77134732613666,0.1441567736274215,0.1549924095858881,0.639757620771936,0.5669465396175092,16.60969967051757,41.12911197787344,35.80120504797905,19.048434833530244
35,79.99900000642742,79.99900000642742,-11.870531827015595,40.002126955052624,39.009537628838906,39.98674161099614,40.830784040694255,0.1336190532487454,0.1283327641639309,0.6085315810536674,0.1367363616666297,12.62717903941544,19.86849725123945,25.26809830911408,9.3209632767784
35,79.99900000642742,79.99900000642742,-11.136367545259771,37.76663032963189,37.45891349225411,44.08009564526251,40.78115136754268,0.1199204703623403,0.1545865213646672,0.6269738815593904,0.1220664880668396,19.717880735922712,19.51688253477093,0.3670576386777213,19.20961748205221
35,79.99900000642742,79.99900000642742,-11.078983443843851,37.7377971823595,37.45947087518973,44.52059780572019,39.493022736015405,0.1388976001441439,0.1579722805935767,0.6312389236292875,0.1344860669737621,16.65424284695094,19.138293484747784,24.65660050705186,4.812929180350411
36,79.99900000642742,79.99900000642742,-11.75923355602243,39.97628942237793,38.36759304710482,40.21346911759949,41.41150126143758,0.129509554468328,0.129038513989179,0.2008685451548165,0.5586003142593787,10.034239268189664,19.51104175794193,1.1895198453164095,50.10920299977406
36,79.99900000642742,79.99900000642742,-11.536361696130385,39.24952502432583,35.694964694658786,38.77456765956421,41.11019757376774,0.1532589023018658,0.1316853552681798,0.2000794128286411,0.5796768054594853,18.632718541501934,17.25968785975083,22.14949674643807,25.269237347920427
36,79.99900000642742,79.99900000642742,-10.224661092396126,44.14158574746787,38.320629661374326,27.22170300319466,40.83263462815767,0.1353984944993267,0.1204740079100203,0.2400457375265122,0.5776126454390003,17.446974898654783,19.881830331328487,14.849411352370872,17.205620662196285
36,79.99900000642742,79.99900000642742,-11.524156662074232,35.25954949514645,38.90768175257732,39.196067676869546,40.514643448553535,0.1531924852887991,0.2907104326836135,0.1135519438680381,0.0932010396011284,16.593289852912736,16.551661632661673,0.7822475239719822,4.543065165259702
36,79.99900000642742,79.99900000642742,-9.551821772402093,35.28123150079557,26.845672924454984,25.08962226268793,43.85898867427184,0.1286099998715022,0.1544086024095779,0.1036626140328802,0.5703520919370565,16.606708237942897,17.8300825731579,25.78948376752394,17.26044004089379
36,79.99900000642742,79.99900000642742,-9.818454391663138,37.72112241095477,35.23051279838256,24.34186382864388,41.06704682589311,0.5036462718952337,0.2954244724837893,0.1979096868445234,0.1169018910048437,19.019000210393944,19.138293484747784,0.4656250655535286,3.623324808813704
36,79.99900000642742,79.99900000642742,-9.710743163960505,37.10290929295705,41.71958224750465,24.704736127179565,42.25570520348232,0.1358524890591519,0.1497758032783413,0.1317337204312064,0.1319977836502043,9.030772050592295,41.91392002345786,14.091786361979072,12.791580611529673
36,79.99900000642742,79.99900000642742,-11.52801274891172,39.32237391609255,35.70380499108244,39.05276566667367,41.068973327477465,0.511083575749263,0.1289653744852729,0.2000928615274817,0.0865694561824909,12.903613599318934,13.48711988855372,22.14949674643807,3.220382032508992
36,79.99900000642742,79.99900000642742,-10.204424969376142,37.59296282409424,38.82239598396869,25.056320749185808,14.13622463251515,0.139201461627543,0.2811070093992447,0.0900927942425516,0.1305273575913474,16.3816311726772,41.02048211010311,36.350672604250384,18.352440433540973
36,79.99900000642742,79.99900000642742,-11.738984024022564,38.60479378361333,37.24849024520169,39.06785084498379,41.068973327477465,0.5050165055658928,0.1289653744852729,0.2000928615274817,0.5729689127512351,18.503717397868936,17.310167124104034,22.14949674643807,25.83278082110683
36,79.99900000642742,79.99900000642742,-10.355039964027752,33.26168079836544,35.1645249881135,28.49736845276392,41.10872872855114,0.1294417068370358,0.252207855847749,0.203492740629487,0.5674514828870586,18.93862383816518,24.43445273352703,0.491515636570159,4.481385626255607
36,79.99900000642742,79.99900000642742,-11.695757919198016,37.596915451298514,37.49785813352922,39.830380753011056,41.415327035325625,0.13171537127383,0.1428886959064879,0.5290401679483466,0.5830106283448369,9.994295354180352,19.08138491882138,1.4701690370675091,20.76374606579976
36,79.99900000642742,79.99900000642742,-10.182091983846938,44.14158574746787,38.91990853544738,26.607668749495343,40.54496354000214,0.1533518895858603,0.1196429017419751,0.1243099962168911,0.5781871700473209,18.35318385476781,19.96671383889692,15.80445576280739,31.145035658194665
36,79.99900000642742,79.99900000642742,-11.73656422359022,40.40168697087252,38.38201268506422,40.10011392278869,41.07600022048415,0.128904759480125,0.0840003652186169,0.2008685451548165,0.5675011686564626,9.993984646837704,19.903813650558423,1.808913930649464,16.77561507623382
36,79.99900000642742,79.99900000642742,-11.26963301165663,39.91825480699545,43.67746393928835,38.07798369532257,41.44060473212557,0.1295081619961944,0.1548630280058414,0.6408486692637446,0.5586500000287827,9.995327094878643,19.51104175794193,1.1895198453164095,56.75649563285615
36,79.99900000642742,79.99900000642742,-11.453806855248338,42.277037812690736,38.08955703626135,39.64227325369925,41.41001847127205,0.1399015361118942,0.2796689256652823,0.1997868326041459,0.1169018910048437,15.282336782253534,19.138293484747784,1.7761113103759112,23.96411585354461
37,79.99900000642742,79.99900000642742,-11.4387390084867,40.421155446434696,38.36759304710482,40.21346911759949,35.91046818266418,0.1517434989168586,0.1148402018206016,0.0871181573783361,0.5235324775436969,10.033928560847016,16.964421997072556,1.1895198453164095,50.10920299977406
37,79.99900000642742,79.99900000642742,-11.525052166374714,39.24835329013377,35.60708656567326,39.05276566667367,41.068973327477465,0.1072105493009424,0.2833315026161765,0.2000928615274817,0.5729689127512351,12.903613599318934,17.310167124104034,22.14949674643807,25.532219344904743
37,79.99900000642742,79.99900000642742,-7.632884123882562,40.01386228133956,39.03992240884228,44.22886988773193,10.747648170831653,0.1198951376624211,0.1485204095385137,0.6085315810536674,0.1447688275458482,11.748445779858066,19.525958979027223,25.30471758120323,9.3209632767784
37,79.99900000642742,79.99900000642742,-9.81250546247044,39.91825480699545,35.103979444342144,24.30521805567104,41.07600951006427,0.1397962967440113,0.129038513989179,0.2008685451548165,0.581809053996879,15.34157507515845,19.512560036988443,1.1294393064238577,24.2644914729778
37,79.99900000642742,79.99900000642742,-9.51349471363892,37.595541592597904,38.78296561489165,24.785685361449985,43.84889255688489,0.138957821807886,0.15495905569202,0.0900927942425516,0.5624521155558658,16.60969967051757,41.12911197787344,36.31405333216144,19.04512763022228
37,79.99900000642742,79.99900000642742,-10.005246821141036,37.07378230060596,38.74532622130051,25.06281271470768,40.35592041929304,0.1358524890591519,0.1497758032783413,0.1317337204312064,0.1319977836502043,9.016368385908551,41.91392002345786,14.091786361979072,12.636022627591483
37,79.99900000642742,79.99900000642742,-11.451965902881774,39.09276836719912,43.29436311177216,39.9923991714068,41.77134732613666,0.1443911802549994,0.1549924095858881,0.639757620771936,0.571460518033014,16.60969967051757,41.12911197787344,35.80120504797905,19.10066597605897
37,79.99900000642742,79.99900000642742,-11.231381597138416,42.294456602034025,38.36665577172501,44.25939686033046,41.41150126143758,0.129509554468328,0.1289565157706717,0.2150383111070342,0.1341950509947017,19.53879276591537,19.51104175794193,1.1895198453164095,50.10920299977406
37,79.99900000642742,79.99900000642742,-10.019939982695114,37.08779106128242,37.56335637978047,28.08586616456728,12.905406031896518,0.1316157726983266,0.2255698401256063,0.0846869070289868,0.1294427594326949,45.87682820550884,19.138293484747784,2.2570973403386034,19.449114993363214
37,79.99900000642742,79.99900000642742,-10.126810801709034,37.78952531007201,38.49501048137467,24.133893294477293,38.48925688693195,0.145097629736755,0.2878442390919774,0.1937861648697942,0.1168930951652972,19.01270123891361,41.16125516693708,0.4656250655535286,5.228561729523806
37,79.99900000642742,79.99900000642742,-9.872356583231088,37.75655506540487,37.32447601476,24.496066786043063,40.807999647938026,0.1195083490847374,0.2840563880398106,0.2126622145667656,0.220922754438734,18.44723572886302,50.12299107270302,9.826420634532514,8.618651367016497
37,79.99900000642742,79.99900000642742,-10.2225587878065,44.18563362052266,37.41787206301111,27.205585334674183,40.83263462815767,0.1533584668206057,0.1204740079100203,0.2392356157774187,0.5776126454390003,17.446974898654783,19.881830331328487,15.34120848307992,17.205620662196285
37,79.99900000642742,79.99900000642742,-11.875141406370131,39.28051361435196,39.00775968257525,39.96500890040421,40.83159053421694,0.4874483055738742,0.1283327641639309,0.5993393324571382,0.1338940048051555,12.62717903941544,19.77593303335383,25.26809830911408,8.870953313334715
37,79.99900000642742,79.99900000642742,-11.59501673136792,35.36747513653214,38.4723468627114,39.95510296717176,41.10928691640101,0.1296134013640773,0.2796689256652823,0.1997868326041459,0.0983577084898748,28.528932694162435,19.136775205701277,0.5257056213542415,49.80882740350241
37,79.99900000642742,79.99900000642742,-9.702191210934508,37.70536272309071,37.06071948785092,22.626514771972708,40.24304882147478,0.1392204156419736,0.1445469018308411,0.1998974280150973,0.5730555822086395,17.596878043728363,18.14358803717192,0.8443598614979049,17.094051360866665
37,79.99900000642742,79.99900000642742,-10.49437200264662,37.73913853122186,33.36475691853018,44.90790489823942,39.526765544847,0.1512509224025409,0.1579722805935767,0.6312389236292875,0.1344860669737621,16.65424284695094,19.138293484747784,24.65660050705186,4.812929180350411
37,79.99900000642742,79.99900000642742,-11.72776266623528,39.93178265704643,38.36759304710482,40.21346911759949,42.30062200979564,0.129509554468328,0.1299006303856567,0.2008685451548165,0.5674590931421659,9.05000552261263,54.14596853162372,13.939926195182334,50.10920299977406
37,79.99900000642742,79.99900000642742,-11.464973615994552,37.86435185955809,37.41595356524249,41.51782250928424,40.83153149088215,0.1195057617288089,0.2840586293055995,0.2091528082610234,0.1169697598708086,10.041315780923336,50.15604629728313,0.3078697007309818,18.366006049517143
37,79.99900000642742,79.99900000642742,-9.518855436342385,38.51838601767939,38.36759304710482,22.230031862285124,41.25214018366015,0.129509554468328,0.129038513989179,0.2008685451548165,0.5586003142593787,10.034239268189664,17.804770512321376,1.1895198453164095,50.10920299977406
37,79.99900000642742,79.99900000642742,-10.899436782793842,37.53688263874957,34.94015793033381,43.37780926224767,39.92888833396232,0.1189507405802763,0.1546238205786972,0.602080123154452,0.0920541853465356,19.013932053508512,19.37412445269592,0.431282735577291,3.7885325089469575
37,79.99900000642742,79.99900000642742,-9.589424489343289,44.14158574746787,43.584433889989725,25.103354974954943,40.83263462815767,0.1353984944993267,0.1204740079100203,0.2400457375265122,0.56978238963954,17.446974898654783,9.391703896462356,14.775181728292782,8.478061386154462
38,79.99900000642742,79.99900000642742,-9.93276225286509,39.45096779377802,35.78391567785807,24.96812078819915,40.81694351623344,0.1468187184543714,0.1487954205516015,0.1785445490481678,0.5729278649508909,19.58570719565867,22.394937308748595,0.0446975804869893,17.35550861053727
38,79.99900000642742,79.99900000642742,-10.49437200264662,37.58518842733158,33.36475691853018,44.90790489823942,39.526765544847,0.1512509224025409,0.1579722805935767,0.2286563599952574,0.1344860669737621,16.65424284695094,19.080531485733943,24.65660050705186,4.812929180350411
38,79.99900000642742,79.99900000642742,-11.316357209083137,40.01386228133956,39.009537628838906,44.25079902586816,40.830784040694255,0.1195984542992714,0.1485204095385137,0.5998085013585868,0.1367363616666297,18.95141094426945,19.525958979027223,25.26809830911408,9.3209632767784
38,79.99900000642742,79.99900000642742,-11.450416357889615,39.248841734480045,35.669445528666564,39.88292011817951,41.25214018366015,0.129509554468328,0.1315944252144648,0.2008685451548165,0.5790091953323354,18.56784107021104,17.80362071613897,1.1895198453164095,50.14102790321394
38,79.99900000642742,79.99900000642742,-9.81250546247044,39.91825480699545,35.103979444342144,24.30521805567104,41.07600951006427,0.1397962967440113,0.129038513989179,0.1936733553123726,0.1089902585774771,15.34157507515845,19.512560036988443,1.1294393064238577,24.2644914729778
38,79.99900000642742,79.99900000642742,-11.34449929125308,37.96071623811126,35.187963683873136,40.21346911759949,41.41150126143758,0.1519950159180078,0.129038513989179,0.2008685451548165,0.5586003142593787,9.24736650354644,19.50764708699931,0.4534740161188429,2.7663730188234137
38,79.99900000642742,79.99900000642742,-10.019939982695114,37.79968717803108,38.463444816236446,28.08586616456728,12.905406031896518,0.1544219756486019,0.2255698401256063,0.0846869070289868,0.1295926894176527,17.101681096474188,19.138293484747784,0.5185283710489237,5.297763939901302
38,79.99900000642742,79.99900000642742,-11.486644365461778,44.21166459999903,43.83888430960333,39.90315777814363,40.83263462815767,0.1293867630182758,0.1195685370379373,0.2400439589544765,0.5695605819045652,17.446974898654783,9.3908957698015,1.9757860646617127,8.478061386154462
38,79.99900000642742,79.99900000642742,-11.813831224330627,37.10775990729177,38.35187015491284,39.67669167427327,41.10398562107176,0.1348092842680807,0.0833624821384579,0.2416971200635384,0.5689281997388274,14.08373027572009,42.4307466431821,1.8225378125550704,27.708045042977545
38,79.99900000642742,79.99900000642742,-11.536753133466156,35.36747513653214,38.91903444662494,39.516282442451335,40.488595931770014,0.1399015361118942,0.2801027120823912,0.127822829311141,0.147043303140043,15.29266033583079,19.138293484747784,0.4666209204785864,23.96411585354461
38,79.99900000642742,79.99900000642742,-9.790391025894657,40.421155446434696,40.13606078119639,23.19572531305545,35.91046818266418,0.1503486195748899,0.1667127565360481,0.0871181573783361,0.5235324775436969,16.650462109497333,16.964421997072556,1.2017266455468518,50.10920299977406
38,79.99900000642742,79.99900000642742,-11.077404232471316,37.7377971823595,37.44736358800029,44.52059780572019,39.493022736015405,0.1388976001441439,0.1551274391556049,0.6312389236292875,0.1363237646295005,16.65424284695094,19.66247742069521,36.9591835004477,12.428489500308412
38,79.99900000642742,79.99900000642742,-11.875141406370131,39.28051361435196,39.00775968257525,39.96500890040421,40.83159053421694,0.4872249964822749,0.1283327641639309,0.5993393324571382,0.1338940048051555,12.62717903941544,19.77593303335383,25.26809830911408,8.870953313334715
38,79.99900000642742,79.99900000642742,-9.905625189583958,37.595541592597904,38.46563978332474,24.785685361449985,40.842558907972936,0.0898562803242423,0.154048813403977,0.0900927942425516,0.5697836727816922,17.42310827806115,41.12911197787344,24.964100969455565,19.062738262362476
38,79.99900000642742,79.99900000642742,-10.355039964027752,33.274319615112155,35.22664185924135,28.49736845276392,41.10872872855114,0.1084231278569468,0.2727510566634237,0.203492740629487,0.5707809901089744,18.93862383816518,24.68715568951806,0.491515636570159,4.481385626255607
38,79.99900000642742,79.99900000642742,-11.84230338591211,39.98839003371169,39.28714158011815,39.67669167427327,40.88569904894708,0.1348092842680807,0.14383478727835,0.2408573474298117,0.5926634441206555,14.08373027572009,18.72344437037188,1.4540657473455934,27.708045042977545
38,79.99900000642742,79.99900000642742,-11.44348258287392,42.31198229572527,38.04534876442533,39.48645700555921,41.41047612763982,0.1297383902001855,0.252207855847749,0.2119071358914001,0.5674514828870586,19.416062504018782,24.43445273352703,1.801997632090833,4.481385626255607
38,79.99900000642742,79.99900000642742,-9.729441231801026,35.25954949514645,35.1973805658967,23.72670136610816,41.1343185889669,0.1531924852887991,0.2902766462665047,0.1855160374119978,0.0930347934539199,16.593289852912736,16.551661632661673,0.781251669048375,4.543065165259702
38,79.99900000642742,79.99900000642742,-10.287635668184318,37.61307196028236,37.37655273498531,24.24842619106512,21.895413274158912,0.1200920842519831,0.2795004740668281,0.0904738695183545,0.2251898495724359,9.336736709931191,128.7336301158402,0.7404284488994659,19.04503850927395
38,79.99900000642742,79.99900000642742,-9.419545718269134,37.59296282409424,38.82239598396869,25.063375511344603,44.84685833794789,0.1392248839414618,0.2834786305153997,0.0900927942425516,0.548207399311331,16.61312948037942,41.02048211010311,36.350672604250384,18.352440433540973
39,79.99900000642742,79.99900000642742,-11.496409806156656,40.42760466890625,38.36759304710482,40.21346911759949,36.35261096480052,0.1315064716572667,0.1148402018206016,0.1971833409108521,0.567875298574448,10.033928560847016,17.01237885796055,1.0755713889146703,50.10920299977406
39,79.99900000642742,79.99900000642742,-11.0303388050856,37.58518842733158,37.47383573722902,44.90790489823942,39.56327626418352,0.1512509224025409,0.1579722805935767,0.0841421090993355,0.1293676803133268,15.98076276461557,19.080531485733943,24.65660050705186,4.812929180350411
39,79.99900000642742,79.99900000642742,-10.1807063009941,37.78489581558157,38.48566341062408,28.196664534821856,14.248746175776656,0.1386245692548753,0.2246703664080784,0.0845409408790457,0.1295926894176527,16.622654046676345,19.138293484747784,0.5185283710489237,1.6428840400768374
39,79.99900000642742,79.99900000642742,-11.43412970850772,37.86435185955809,37.39647012164764,41.73480902308843,40.83153149088215,0.1195057617288089,0.2955248283120028,0.2091466760257126,0.1169697598708086,10.041315780923336,50.15604629728313,0.3066433888212856,18.366006049517143
39,79.99900000642742,79.99900000642742,-9.93323194575424,39.45096779377802,39.08842974709734,24.970437634493457,40.81565938371089,0.1296748230655287,0.1500779595113069,0.0964479470289079,0.5700982736316246,19.442128348575324,35.08862750318954,0.0446975804869893,18.906403025045908
39,79.99900000642742,79.99900000642742,-11.442725341310188,40.421155446434696,38.36759304710482,40.182907232619385,35.91046818266418,0.1517434989168586,0.2680793062733098,0.1283328395060883,0.5235324775436969,12.976803604572186,19.236374965473694,2.226750385606361,31.60005815039604
39,79.99900000642742,79.99900000642742,-9.7898436863257,37.72112241095477,35.24999624197741,24.1225150877235,41.06704682589311,0.5022130998430104,0.2839582734773861,0.1979158190798342,0.1169018910048437,19.019000210393944,19.138293484747784,0.4668513774632598,3.623324808813704
39,79.99900000642742,79.99900000642742,-10.287635668184318,37.61307196028236,37.37655273498531,24.24842619106512,21.895413274158912,0.1201891077587224,0.2725167874340515,0.0931674377497327,0.2251898495724359,18.61609518684947,128.7336301158402,0.7404284488994659,19.42069593386937
39,79.99900000642742,79.99900000642742,-10.50285402483592,37.69737251903732,37.37655273498531,25.898433592060748,21.895413274158912,0.1389670775785923,0.2795004740668281,0.0901061407304116,0.2251898495724359,16.43043235370128,34.26780464928059,2.06777933172053,19.04503850927395
39,79.99900000642742,79.99900000642742,-11.72776266623528,40.03524799632431,38.36759304710482,40.21346911759949,42.30062200979564,0.129509554468328,0.12990555628914,0.2008685451548165,0.1590190727540256,9.05000552261263,54.14596853162372,13.593677453070192,51.07496508156265
39,79.99900000642742,79.99900000642742,-9.702191210934508,37.70536272309071,38.92948045558906,22.626514771972708,40.24304882147478,0.1370971499211783,0.1446013469357036,0.1998974280150973,0.1289270994221293,19.45088501963769,18.14358803717192,0.8443598614979049,17.094051360866665
39,79.99900000642742,79.99900000642742,-10.355039964027752,33.274319615112155,35.22664185924135,28.49736845276392,41.10872872855114,0.1083261043502077,0.2797347432962002,0.2159659871553411,0.5707809901089744,9.659265365623629,24.68715568951806,0.491515636570159,4.106114424418171
39,79.99900000642742,79.99900000642742,-11.228419437498076,36.540482833496974,38.99245391905805,44.90790489823942,39.526765544847,0.1496263464746362,0.1652131345303832,0.2296886079382524,0.134348879370064,16.65424284695094,134.68379480361403,24.65660050705186,2.090577243338327
39,79.99900000642742,79.99900000642742,-10.511040726909116,37.73913853122186,33.36475691853018,44.78011134556029,39.92956709737787,0.1522567360040079,0.1579722805935767,0.6312389236292875,0.1344860669737621,30.68551908014627,19.138293484747784,24.65660050705186,4.812929180350411
39,79.99900000642742,79.99900000642742,-10.956411724762615,42.41100382929298,34.91935294738575,42.92019639087229,39.93012332793327,0.1193205847023166,0.1450877727950253,0.6168407990665294,0.0923246786783002,19.00820577556545,192.4068219625383,16.72674983760897,9.247601220616772
39,79.99900000642742,79.99900000642742,-10.83386560699826,42.294456602034025,35.75819762946228,44.69856130914226,41.45511011555645,0.1263439762906466,0.149312726236735,0.2150383111070342,0.1462334644173505,19.58633088709911,19.3361133166152,1.1895198453164095,18.62197058577977
39,79.99900000642742,79.99900000642742,-11.374088672923996,39.28051361435196,35.16635539282153,39.96500890040421,40.83159053421694,0.4811871988070655,0.1318554200587895,0.5993393324571382,0.1338940048051555,18.77870290953161,20.690588469198644,1.4110887665724494,8.870953313334715
39,79.99900000642742,79.99900000642742,-10.8832087267417,37.53688263874957,34.94015793033381,43.50222435864741,39.52608678143146,0.1179449269855822,0.1546238205786972,0.602080123154452,0.0920541853465356,19.013932053508512,19.37412445269592,0.431282735577291,3.0201780023363165
39,79.99900000642742,79.99900000642742,-11.786934447411944,39.91825480699545,38.57996654775776,40.21346911759949,41.0770253542819,0.1282943189171131,0.2703781628798799,0.094635481020578,0.5393741216252845,9.913052407497757,136.62347660455137,1.1895198453164095,15.679633874154993
39,79.99900000642742,79.99900000642742,-10.49437200264662,37.6356731919437,33.36475691853018,44.90790489823942,39.526765544847,0.1512509224025409,0.1579673546901062,0.6312389236292875,0.5430583163594487,16.65424284695094,3.487936286298302,27.584351442872155,3.941945536512371
39,79.99900000642742,79.99900000642742,-9.419545718269134,35.278328572355846,38.82239598396869,25.063375511344603,44.84685833794789,0.1392248839414618,0.2834786305153997,0.0882377022709475,0.5478417179513642,16.593713030907338,16.598580362373376,2.129599613010264,18.352440433540973
40,79.99900000642742,79.99900000642742,-11.464973615994552,37.36703316354365,37.41595356524249,41.51782250928424,40.83153149088215,0.1194122785651033,0.0832698288404168,0.2091528082610234,0.1169697598708086,10.041315780923336,50.15604629728313,1.8993159374918087,18.366006049517143
40,79.99900000642742,79.99900000642742,-11.478109962814756,35.23150872602499,35.187963683873136,39.189120635626665,41.4957490412683,0.1519950159180078,0.3019858559318608,0.2008685451548165,0.126988222838047,15.92086003813515,16.56641447570824,0.2909539944505335,2.7663730188234137
40,79.99900000642742,79.99900000642742,-11.108766025265863,42.294456602034025,38.36665577172501,44.415373161514864,37.58257935521988,0.1296755162490045,0.1564957517448737,0.2154563539606143,0.5760003582316991,19.535240127546693,19.51104175794193,1.1895198453164095,50.10920299977406
40,79.99900000642742,79.99900000642742,-11.0303388050856,37.58518842733158,37.47383573722902,44.90790489823942,39.97639887825823,0.1513262430302584,0.1579722805935767,0.0826329053917629,0.1345202034088133,13.897507194123282,19.13762245381889,24.65660050705186,4.812929180350411
40,79.99900000642742,79.99900000642742,-9.795024301184146,37.70670407195307,29.34162976175092,23.371977939384884,40.276791630306384,0.1515737379003705,0.1445469018308411,0.2088003201565372,0.5730555822086395,17.496934731464123,18.14358803717192,0.8443598614979049,4.74300012536632
40,79.99900000642742,79.99900000642742,-10.206719890476606,39.91664122749137,38.80480158886511,25.056320749185808,14.18223334395968,0.138957821807886,0.15495905569202,0.0900927942425516,0.1755775186725523,17.095368564224323,41.48747353969208,13.62262062609244,18.33870527826513
40,79.99900000642742,79.99900000642742,-10.004554014050736,37.54391094958064,36.98021055633921,24.96812078819915,40.266540013810136,0.1468452190845506,0.1487954205516015,0.1786309695729104,0.5729278649508909,17.58073922831005,18.22939456720737,0.0446975804869893,17.35550861053727
40,79.99900000642742,79.99900000642742,-10.552354527413849,37.80648939482647,38.48566341062408,28.04237635686571,39.14099164669284,0.1386245692548753,0.2246703664080784,0.0845409408790457,0.1172591303188338,7.4208133147335165,2.9821710861881083,0.5185283710489237,1.6645404681739464
40,79.99900000642742,79.99900000642742,-9.802148958376565,39.61376091615044,29.382181093511694,23.9770038136167,40.82719513272969,0.1515472372701913,0.1445469018308411,0.1998110074903548,0.5730555822086395,19.601846011076987,22.309130778713147,0.8443598614979049,17.094051360866665
40,79.99900000642742,79.99900000642742,-11.153513646065347,40.01386228133956,37.76107031236918,44.25079902586816,40.830784040694255,0.1195984542992714,0.1485204095385137,0.5998085013585868,0.1367363616666297,18.95141094426945,19.525958979027223,25.26809830911408,9.3209632767784
40,79.99900000642742,79.99900000642742,-10.511040726909116,37.73913853122186,33.36475691853018,44.78011134556029,39.51644448330317,0.1521814153762904,0.1579722805935767,0.6312389236292875,0.1293335438782756,12.817780402837789,19.081202516662835,24.65660050705186,4.812929180350411
40,79.99900000642742,79.99900000642742,-11.02232124788761,42.294456602034025,35.75819762946228,43.25373472899058,41.45511011555645,0.160776951812228,0.149312726236735,0.2345214712520626,0.1460829144191763,19.58633088709911,19.3361133166152,1.1895198453164095,18.62197058577977
40,79.99900000642742,79.99900000642742,-9.93276225286509,39.45096779377802,35.78391567785807,24.96812078819915,40.81694351623344,0.1468187184543714,0.1087575627391645,0.1785445490481678,0.2041953764714978,0.6503439425124782,29.78135758627208,0.7496760773166513,17.35550861053727
40,79.99900000642742,79.99900000642742,-10.29302735745132,40.43714170862194,38.508322161550765,25.421531902010912,35.22020982318926,0.1393592221344083,0.2770102659520129,0.1330108179005684,0.2251898495724359,16.325263816418694,34.26780464928059,2.0898969880108917,50.76604469655523
40,79.99900000642742,79.99900000642742,-11.240941246779949,37.59167672266069,35.16635539282153,40.98580583417522,40.83159053421694,0.1526417017971622,0.1318554200587895,0.574556601791617,0.1399315813335479,18.77870290953161,20.690588469198644,37.7589608873276,8.870953313334715
40,79.99900000642742,79.99900000642742,-10.12046664225543,37.7245541599342,35.23051279838256,26.65729108318478,41.06704682589311,0.5073958432267824,0.1298755908740253,0.1979096868445234,0.1167638979457907,19.019000210393944,20.640164495982955,11.90562748181578,3.623324808813704
40,79.99900000642742,79.99900000642742,-11.786934447411944,37.44806725681071,38.57996654775776,40.21346911759949,41.0770253542819,0.1192436511809836,0.2703781628798799,0.0901350732792684,0.5393741216252845,9.913052407497757,136.62347660455137,1.1895198453164095,15.679633874154993
41,79.99900000642742,79.99900000642742,-10.552354527413849,37.812241336272535,38.48566341062408,28.04237635686571,39.14099164669284,0.1192784522545763,0.2220635351833375,0.0845409408790457,0.1159385740425972,7.4208133147335165,1.996973844165268,0.5185283710489237,1.6645404681739464
41,79.99900000642742,79.99900000642742,-11.46452704032891,40.42760466890625,38.36759304710482,40.21346911759949,36.10817642678782,0.1315064716572667,0.1148402018206016,0.1971833409108521,0.567875298574448,10.033928560847016,17.01237885796055,1.0755713889146703,50.10920299977406
41,79.99900000642742,79.99900000642742,-10.49437200264662,37.58518842733158,33.36475691853018,44.90790489823942,39.526765544847,0.219489986608722,0.1579722805935767,0.2501999304868751,0.1650714621751753,16.65424284695094,19.080531485733943,24.65660050705186,3.987707051389113
41,79.99900000642742,79.99900000642742,-11.224069630982244,37.59167672266069,35.03700633837245,40.98580583417522,40.1888594323206,0.1526417017971622,0.132017584093844,0.574556601791617,0.1399315813335479,18.77870290953161,16.50940093825319,37.7589608873276,8.827528310667168
41,79.99900000642742,79.99900000642742,-11.768390791153976,40.40168697087252,38.62601636971967,40.08188190595431,41.08833730665766,0.128904759480125,0.0840003652186169,0.2008685451548165,0.58585790450216,9.993984646837704,19.362305832983928,1.189751929135626,16.852311464571624
41,79.99900000642742,79.99900000642742,-11.786934447411944,38.67975230346772,38.57996654775776,40.21346911759949,41.0770253542819,0.1385897681812843,0.258610231149018,0.0901350732792684,0.5413188111853111,9.913052407497757,140.66024447555634,1.1895198453164095,15.679633874154993
41,79.99900000642742,79.99900000642742,-7.936091364529524,37.58518842733158,37.47383573722902,44.90790489823942,13.751272026299148,0.139534511582807,0.1579722805935767,0.0826437613524055,0.1345202034088133,16.700883210989513,19.13762245381889,24.65660050705186,4.812929180350411
41,79.99900000642742,79.99900000642742,-9.81250546247044,39.91825480699545,35.103979444342144,24.30521805567104,41.07600951006427,0.1397962967440113,0.129038513989179,0.1936733553123726,0.1089902585774771,17.547138402399902,19.512560036988443,1.1294393064238577,34.090339542096146
41,79.99900000642742,79.99900000642742,-10.488560370924226,37.6356731919437,33.36475691853018,44.95246074144442,39.526765544847,0.1512509224025409,0.1579673546901062,0.6082637629941275,0.5439878770501569,16.65424284695094,3.487936286298302,27.584351442872155,4.767167665473669
41,79.99900000642742,79.99900000642742,-10.355039964027752,33.274319615112155,35.22664185924135,28.49736845276392,41.10872872855114,0.1083261043502077,0.2797347432962002,0.1824911599695758,0.5707809901089744,0.469070404824814,24.68715568951806,0.491515636570159,4.106114424418171
41,79.99900000642742,79.99900000642742,-11.01994321901553,42.294456602034025,35.75819762946228,43.27196628367652,41.44277302938294,0.160776951812228,0.149312726236735,0.2345214712520626,0.1458165493739843,19.58633088709911,19.877621134189702,1.8086818468303536,18.545274197441973
41,79.99900000642742,79.99900000642742,-9.998251902917737,33.274319615112155,30.53394733857672,25.675589834110056,41.02232524507402,0.1084231278569468,0.1174025569207368,0.203492740629487,0.5707809901089744,9.83183783496707,23.631756149863897,0.491515636570159,5.466847791709983
41,79.99900000642742,79.99900000642742,-9.756385222501606,33.09592840175157,27.550154916799197,23.07574500281874,40.276791630306384,0.1515737379003705,0.1445469018308411,0.2088003201565372,0.5730555822086395,17.496934731464123,18.05894481122279,0.8553479592935656,4.74300012536632
41,79.99900000642742,79.99900000642742,-11.228419437498076,36.540482833496974,38.99245391905805,44.90790489823942,39.526765544847,0.1496263464746362,0.1652131345303832,0.2296886079382524,0.134348879370064,22.46510853760864,134.68379480361403,24.65660050705186,2.090577243338327
41,79.99900000642742,79.99900000642742,-11.440850395151775,40.421155446434696,38.36759304710482,40.19728181983389,35.91046818266418,0.1516574083062786,0.2680793062733098,0.608223720069601,0.5235324775436969,12.976803604572186,16.62021465763238,2.226750385606361,31.60005815039604
41,79.99900000642742,79.99900000642742,-11.0303388050856,37.58518842733158,37.47383573722902,44.90790489823942,39.56327626418352,0.1512509224025409,0.1579722805935767,0.0841421090993355,0.1065382817116978,15.98076276461557,19.080531485733943,24.65660050705186,4.37259868239827
41,79.99900000642742,79.99900000642742,-10.12046664225543,37.7245541599342,35.23051279838256,26.65729108318478,41.06704682589311,0.5073958432267824,0.1298755908740253,0.1979096868445234,0.1167638979457907,17.269124273145792,20.640164495982955,11.90562748181578,3.623324808813704
41,79.99900000642742,79.99900000642742,-9.742299943912546,37.58299891806949,35.20231269440761,23.758013062555992,41.06704682589311,0.5036462718952337,0.172636536184521,0.1979096868445234,0.1169018910048437,19.019000210393944,19.13796671630437,0.4656250655535286,3.619799541775076
41,79.99900000642742,79.99900000642742,-11.496409806156656,40.33986859253612,38.36660323688672,40.21346911759949,36.35261096480052,0.1316577903563679,0.1149001675250706,0.1971833409108521,0.5677027293629316,10.033928560847016,17.01237885796055,1.188679133232303,50.10920299977406
41,79.99900000642742,79.99900000642742,-10.1807063009941,37.78489581558157,38.48566341062408,28.196664534821856,14.248746175776656,0.1227658621157526,0.2246703664080784,0.0845409408790457,0.1295926894176527,16.622654046676345,19.138293484747784,0.5185283710489237,1.6428840400768374
41,79.99900000642742,79.99900000642742,-10.407591433359736,37.80648939482647,38.45491212277151,27.71326216324855,39.92172784082387,0.1386245692548753,0.2246703664080784,0.0845409408790457,0.0866457714816269,7.4208133147335165,2.9821710861881083,0.5185283710489237,1.850208252967179
41,79.99900000642742,79.99900000642742,-10.205604828820531,37.588018124139374,38.81335039489502,25.056320749185808,14.18223334395968,0.1442487191854637,0.0836550003243271,0.0910623591741493,0.111989053746644,16.60969967051757,40.932825308048365,36.350672604250384,19.04512763022228
41,79.99900000642742,79.99900000642742,-10.498050277078136,36.68712625139235,33.39295702250513,44.90790489823942,39.526765544847,0.1512509224025409,0.2975936732182103,0.2919217006764502,0.1344860669737621,16.65424284695094,19.08085825417736,24.65660050705186,4.816454447389039
42,79.99900000642742,79.99900000642742,-10.117182150797325,33.274319615112155,35.230792851094776,26.67320835518703,41.108145199074194,0.4738519173017223,0.1302475230832661,0.198048263700574,0.11852585469162,0.2135191075366826,24.68715568951806,0.8002902113155255,4.106114424418171
42,79.99900000642742,79.99900000642742,-9.875857081797257,33.27534595828189,35.226739213985034,25.996660704262844,42.28175641048387,0.1201776858334253,0.2797347432962002,0.216023272230534,0.5707809901089744,9.535247505266518,24.68715568951806,0.491515636570159,3.620938534660728
42,79.99900000642742,79.99900000642742,-10.552354527413849,37.812241336272535,38.467825226813446,28.04237635686571,39.14099164669284,0.4974156318610827,0.2220635351833375,0.0858465215987072,0.1159289652272928,7.4208133147335165,20.62399415097229,2.022031376246672,1.6645404681739464
42,79.99900000642742,79.99900000642742,-7.936091364529524,37.58349698943601,37.47383573722902,44.90790489823942,13.751272026299148,0.139534511582807,0.157663388289014,0.0826613005044976,0.1380510247701213,16.700883210989513,19.13762245381889,0.7115772040572619,4.939267293897556
42,79.99900000642742,79.99900000642742,-11.781916219590528,38.66832625708414,38.54149346779355,40.21346911759949,41.076435779889145,0.5101407261004418,0.258610231149018,0.0901350732792684,0.5413188111853111,9.913052407497757,150.0454080446239,1.1895198453164095,15.679633874154993
42,79.99900000642742,79.99900000642742,-10.885238402078793,37.59934887091679,35.21189231246584,43.758397896528415,41.09178714367769,0.1083261043502077,0.2797347432962002,0.2209458404835777,0.5707809901089744,18.861383821053032,24.68715568951806,0.3671838332558146,2.9581502900999346
42,79.99900000642742,79.99900000642742,-10.904895635176011,37.96071623811126,35.178596986183834,43.57439711650103,41.4378804868063,0.1188240867625476,0.1531932286892995,0.2008685451548165,0.5586003142593787,9.543280444328754,19.50764708699931,0.4536959151691447,2.7663730188234137
42,79.99900000642742,79.99900000642742,-11.051137001964436,37.7377971823595,37.24598148744757,44.52059780572019,39.493022736015405,0.1388976001441439,0.1121056288138553,0.6312389236292875,0.1363237646295005,16.65424284695094,19.30729736011712,36.9591835004477,12.428489500308412
42,79.99900000642742,79.99900000642742,-11.026219779134522,37.73913853122186,33.32918046041715,40.794828820385774,39.49212993568472,0.1521814153762904,0.1583361692676379,0.6312389236292875,0.1293335438782756,18.596744296047817,20.73877763320712,24.65660050705186,9.726902029238696
42,79.99900000642742,79.99900000642742,-7.936091364529524,37.58518842733158,37.47383573722902,44.90790489823942,13.751272026299148,0.139534511582807,0.1550185642136881,0.0826437613524055,0.1417375948986201,16.047267064384325,19.13762245381889,24.65660050705186,19.743829575273143
42,79.99900000642742,79.99900000642742,-11.436688580521931,40.33986859253612,38.36660323688672,40.21310199329431,35.89438111062913,0.1316577903563679,0.273175559907035,0.1971833409108521,0.5180281487577418,10.033928560847016,17.03712061217795,1.188679133232303,31.428987394708106
42,79.99900000642742,79.99900000642742,-10.50876780471129,37.87298824646698,38.48566341062408,28.196664534821856,39.62944469870196,0.1227658621157526,0.2246703664080784,0.0833458383204279,0.1282347424866701,16.42909685134965,200.49571546740484,0.5185283710489237,1.5997476115934393
42,79.99900000642742,79.99900000642742,-11.228419437498076,36.540482833496974,38.99245391905805,44.90790489823942,39.526765544847,0.1468527573599327,0.1481299413197172,0.2296886079382524,0.563355286913983,19.53085491383258,29.11633298912912,24.65660050705186,15.191992903559496
42,79.99900000642742,79.99900000642742,-10.998098418197635,36.68712625139235,37.22665943775465,44.90790489823942,37.59576687813586,0.1511864293728072,0.1310942526475636,0.3742618197846457,0.1344860669737621,16.65424284695094,19.08085825417736,39.26872760018972,4.816454447389039
43,79.99900000642742,79.99900000642742,-10.518389720375026,36.68712625139235,33.39295702250513,44.75196916629657,39.65423648073124,0.1282133652993004,0.2474758845920705,0.2919217006764502,0.1360170346890444,18.792947785695,19.08085825417736,24.65660050705186,4.816454447389039
43,79.99900000642742,79.99900000642742,-11.0303388050856,37.59198121819775,37.47383573722902,44.90790489823942,40.81820973388461,0.1512389519452813,0.1322021909295841,0.0841421090993355,0.1065382817116978,18.77869343070797,19.080531485733943,24.65660050705186,4.534960557694911
43,79.99900000642742,79.99900000642742,-10.33796036804064,39.45096779377802,35.6605776741854,28.07463967121172,40.81694351623344,0.1457738269331072,0.1481296967444454,0.1710155119297322,0.523419699657424,16.383329681350727,223.9655658061697,0.5192550645870071,17.35550861053727
43,79.99900000642742,79.99900000642742,-10.82093938217634,37.6356731919437,35.302661844450995,44.34212658109904,39.526765544847,0.1512509224025409,0.1582784838628683,0.6207306782696251,0.5439878770501569,16.65424284695094,3.4002557054764857,26.52120232103225,4.71033653311834
43,79.99900000642742,79.99900000642742,-10.464976347241205,35.83152763674826,33.13939022708867,44.90790489823942,39.526765544847,0.1705162973305012,0.1652131345303832,0.0904494092897938,0.134348879370064,16.65424284695094,134.68379480361403,24.65660050705186,15.420756841071784
43,79.99900000642742,79.99900000642742,-11.828109733777543,37.59558589864153,38.81335039489502,40.131175769267145,41.44380659208754,0.1298547351912817,0.15495905569202,0.0889699748543668,0.5672645722622952,16.65359588042084,39.926720194621474,3.994217952557447,19.04512763022228
43,79.99900000642742,79.99900000642742,-11.775393532123744,40.301949468142354,38.57996654775776,40.21346911759949,41.0770253542819,0.1385897681812843,0.258610231149018,0.2296299514541191,0.5413188111853111,9.913052407497757,140.66024447555634,1.1895198453164095,2.352256368328054
43,79.99900000642742,79.99900000642742,-11.016755340418456,42.22706256593767,35.71552567219875,43.25373472899058,41.45511011555645,0.155927956659618,0.1492984314551672,0.6403567966940594,0.5391534239095526,19.59218268125633,19.56333602791368,1.365623305475797,1.3750848173803565
43,79.99900000642742,79.99900000642742,-10.355039964027752,36.23546866017833,35.22502736573795,28.49736845276392,41.10872872855114,0.1019195127852288,0.2797347432962002,0.1827867717086388,0.6147206888500839,0.4683030780822639,19.32506617440303,0.491515636570159,2.6881260127376083
43,79.99900000642742,79.99900000642742,-10.103569689535735,37.87298824646698,36.63318295562446,25.09014565180929,39.62944469870196,0.1238107536370268,0.2253360903438012,0.0913347298378169,0.105632313881528,19.6314743656576,18.367725759712897,0.019577407838457,1.5997476115934393
43,79.99900000642742,79.99900000642742,-10.535683816908469,40.42760466890625,38.06510948023213,26.838685409863736,36.10817642678782,0.1316998926332591,0.1160527849801648,0.2097304864235361,0.5705263634330621,10.033928560847016,24.69142956248304,0.5037038534930587,50.10920299977406
43,79.99900000642742,79.99900000642742,-11.22726527042127,36.540482833496974,38.98360530480255,44.90790489823942,39.98395820739472,0.0889555606439928,0.1652131345303832,0.1008828658487477,0.1357509951978491,17.33355988264124,137.15144192019025,24.65660050705186,2.090577243338327
43,79.99900000642742,79.99900000642742,-11.031668424374018,35.24599627911104,37.484029485106944,44.90790489823942,39.56327626418352,0.1521452969397788,0.2971323974659425,0.0841421090993355,0.0876592229569255,15.98076276461557,11.506385274193716,0.5686571999623666,4.498474538461387
43,79.99900000642742,79.99900000642742,-10.9120791064693,33.47866582462739,41.81939267502938,41.23583593826763,41.41150126143758,0.1584017859365661,0.129038513989179,0.2005729334157535,0.5586003142593787,9.280183575997004,24.86973660211434,0.4534740161188429,4.184361430505065
43,79.99900000642742,79.99900000642742,-10.312273835317242,37.87298824646698,38.48566341062408,26.654534318634152,39.5937682478686,0.1227658621157526,0.2277096717392151,0.0833458383204279,0.1282347424866701,16.42909685134965,18.2771904540612,0.5185283710489237,16.555355772951614
43,79.99900000642742,79.99900000642742,-10.205604828820531,37.60749876304898,38.81335039489502,25.056320749185808,36.800539076906375,0.138957821807886,0.2564144527181837,0.0900927942425516,0.57036913662982,18.935837830236675,41.12911197787344,36.350672604250384,21.13860896684034
43,79.99900000642742,79.99900000642742,-10.344209355306312,40.34178853726448,38.33837168632912,28.35578274482743,41.05017768747898,0.1074301103536341,0.2672271253081469,0.1275347989988365,0.5707809901089744,0.469070404824814,24.73907907999444,0.4575332119222618,4.106114424418171
43,79.99900000642742,79.99900000642742,-10.204450661743728,37.588018124139374,38.82219900915052,25.056320749185808,13.721731483701474,0.1442487191854637,0.0836550003243271,0.2200465012751787,0.1105869379208305,22.120633853197607,38.46541598641452,36.350672604250384,19.04512763022228
43,79.99900000642742,79.99900000642742,-10.534705227675268,37.7377971823595,33.28667121789728,44.52059780572019,39.493022736015405,0.1388976001441439,0.1550456341289582,0.6312389236292875,0.1367439791430962,18.6069420017024,20.76034868400077,36.9591835004477,12.428489500308412
44,79.99900000642742,79.99900000642742,-11.231447828608973,37.53688263874957,37.609991044649526,43.50222435864741,39.52608678143146,0.1179449269855822,0.1546238205786972,0.1674944578885039,0.0920541853465356,19.02958443245453,19.37412445269592,0.431282735577291,3.0201780023363165
44,79.99900000642742,79.99900000642742,-10.193423071156786,36.56694288007221,38.99245391905805,25.142030797926772,11.688863986771878,0.1496263464746362,0.1102721764604693,0.2296886079382524,0.134348879370064,16.611200072557157,136.28420130150408,28.93819915867195,2.090577243338327
44,79.99900000642742,79.99900000642742,-10.117169393445842,35.00065179668153,35.230792851094776,26.67320835518703,41.10824300543556,0.1369807625022054,0.1547373272667201,0.198048263700574,0.11852585469162,0.2135191075366826,24.68715568951806,0.8520766141720525,4.106114424418171
44,79.99900000642742,79.99900000642742,-10.316529657347369,37.87298824646698,38.49584787272448,28.196664534821856,41.1032704951587,0.4961102907664207,0.2246703664080784,0.0833458383204279,0.1281790341444793,16.42909685134965,26.168234187374157,12.030537449866184,1.5997476115934393
44,79.99900000642742,79.99900000642742,-10.521116265051576,37.87298824646698,37.26897684536367,28.25565961326404,39.5937682478686,0.1227658621157526,0.2277096717392151,0.0833458383204279,0.1349074497494087,16.64879763998654,18.2771904540612,0.5185283710489237,16.555355772951614
44,79.99900000642742,79.99900000642742,-10.37254632590964,37.86296754673612,38.43831988176838,25.961175047075645,36.10817642678782,0.1315064716572667,0.1148402018206016,0.1971833409108521,0.567875298574448,10.033928560847016,17.01237885796055,1.0755713889146703,50.10920299977406
44,79.99900000642742,79.99900000642742,-10.53055132226109,36.68712625139235,33.39295702250513,44.65873021850339,39.65423648073124,0.1282133652993004,0.245739455184715,0.2838338481974722,0.1360170346890444,9.715379632645028,19.08085825417736,24.65660050705186,5.467814801270371
44,79.99900000642742,79.99900000642742,-9.746299707608756,37.53992239815099,35.27225236552497,23.758013062555992,41.0363819708888,0.5036462718952337,0.172636536184521,0.1642501047511642,0.1169018910048437,19.07500722607571,19.155160826413866,0.4656250655535286,17.224982650248904
44,79.99900000642742,79.99900000642742,-10.206166561255737,37.78489581558157,38.48566341062408,28.196664534821856,14.443941504449176,0.1386245692548753,0.1602193072204473,0.0929505815114262,0.1367241816223758,16.622654046676345,19.138293484747784,0.5473349429367196,1.6428840400768374
44,79.99900000642742,79.99900000642742,-10.312704789619351,37.7245541599342,35.22032833628176,26.65729108318478,39.59322102943637,0.1342804857683248,0.1298755908740253,0.1979096868445234,0.1180211146282254,19.019000210393944,195.06293176948049,0.4675076493973691,3.623324808813704
44,79.99900000642742,79.99900000642742,-11.32923923541555,37.64408579140751,35.071929031413326,40.21442822656073,41.411586687446864,0.1298547351912817,0.1542923295827053,0.0889699748543668,0.5668306402464177,16.65359588042084,18.16696524301919,3.720352146249475,19.04512763022228
44,79.99900000642742,79.99900000642742,-11.774589727910154,40.301949468142354,38.57380404878687,40.21346911759949,41.0770253542819,0.1385897681812843,0.1226367431099329,0.2296299514541191,0.5662506210265418,10.021652370636009,15.486101614157448,1.0791388810987752,2.352256368328054
44,79.99900000642742,79.99900000642742,-8.340198674661863,36.68712625139235,33.39295702250513,44.75196916629657,16.69349233870426,0.1282133652993004,0.2935160593298911,0.6081944088836939,0.1360170346890444,18.792947785695,11.554887849507589,24.65660050705186,4.804550944304708
44,79.99900000642742,79.99900000642742,-11.318838148143506,40.45303371532785,35.230792851094776,39.972134123098,41.27997419213396,0.4678571336238756,0.1302475230832661,0.198048263700574,0.11852585469162,2.7443569369469105,17.016031430077973,1.0831165583401736,4.106114424418171
44,79.99900000642742,79.99900000642742,-11.245732283379418,37.85184550746164,35.15978596371849,40.94250512447626,39.70763817031933,0.5073958432267824,0.1298755908740253,0.1979096868445234,0.1167638979457907,19.019000210393944,20.640164495982955,11.90562748181578,3.623324808813704
44,79.99900000642742,79.99900000642742,-10.00906263343776,39.046041271593474,27.550154916799197,23.054948337138477,38.31880148078227,0.1239484703642578,0.2540052737231397,0.2088003201565372,0.5730555822086395,17.496934731464123,18.05894481122279,0.856797862612072,4.74300012536632
44,79.99900000642742,79.99900000642742,-10.051297706157328,37.54666757003032,35.7414951559277,24.96812078819915,39.90817170765963,0.1471522286590492,0.1837422205616573,0.1785445490481678,0.5729278649508909,19.58570719565867,22.394937308748595,0.4611966395208621,4.7592718763083255
44,79.99900000642742,79.99900000642742,-11.194101808859427,32.75083224859769,38.929385047342016,40.13021666030591,41.443721166078255,0.1631670901880221,0.1297052400984988,0.2008685451548165,0.5590342462752561,9.24736650354644,41.26740222079573,0.7285642940782153,2.7663730188234137
44,79.99900000642742,79.99900000642742,-11.257963929581834,36.53230559538818,39.2345149027414,44.92345810928066,39.526765544847,0.1512369501012027,0.1652278096117933,0.2296886079382524,0.5391134305181036,22.46510853760864,122.87777774903174,26.73692503889421,2.090577243338327
44,79.99900000642742,79.99900000642742,-11.276228282084771,38.66832625708414,38.54149346779355,44.09040997181028,41.076435779889145,0.5101407261004418,0.258610231149018,0.0901350732792684,0.0870886815838545,9.913052407497757,150.0454080446239,1.218245902673441,2.5619237507947776
45,79.99900000642742,79.99900000642742,-9.746299707608756,37.53992239815099,35.31449510990492,23.758013062555992,41.0363819708888,0.5036462718952337,0.1606983322459345,0.0919916989121804,0.1368155831128675,19.07500722607571,19.155160826413866,0.5486637262150561,17.224982650248904
45,79.99900000642742,79.99900000642742,-10.525471405630723,37.87298824646698,38.63258938756783,28.28904902437085,39.5937682478686,0.1227658621157526,0.2293849367208722,0.0833458383204279,0.1349074497494087,16.64879763998654,18.2771904540612,0.5185283710489237,16.555355772951614
45,79.99900000642742,79.99900000642742,-10.04931504193523,37.86100368245727,36.72438043703978,24.69898513556805,39.65423648073124,0.1281697939082665,0.2043185142053482,0.0846062366295139,0.1365746148931537,18.792947785695,19.079588767962434,24.65660050705186,4.816454447389039
45,79.99900000642742,79.99900000642742,-10.117169393445842,35.00065179668153,38.83198642084198,26.67320835518703,41.10824300543556,0.1369807625022054,0.1294144644608871,0.198048263700574,0.11852585469162,0.3291335383177687,24.68715568951806,0.8520766141720525,4.106114424418171
45,79.99900000642742,79.99900000642742,-11.548524097800623,38.77985565510651,35.79226591910239,39.25358116929756,41.40624331014909,0.1469348578352955,0.252207855847749,0.203492740629487,0.5674514828870586,18.86977308007134,24.43445273352703,1.8365941392158855,4.481385626255607
45,79.99900000642742,79.99900000642742,-11.777413696193676,40.301949468142354,38.59545447229388,40.21346911759949,41.02534677853532,0.1385897681812843,0.1226367431099329,0.2916143568703407,0.5662506210265418,10.171732917662682,15.486101614157448,1.0791388810987752,4.862718994969856
45,79.99900000642742,79.99900000642742,-10.488198160797609,37.64986429108788,36.6806264190276,25.09014565180929,34.421494152696845,0.1238107536370268,0.2331678567787366,0.0913347298378169,0.105632313881528,19.646637395920667,18.367725759712897,0.019577407838457,1.5997476115934393
45,79.99900000642742,79.99900000642742,-10.515565752062033,36.68712625139235,33.37130659877221,44.75196916629657,39.70591505647781,0.1282133652993004,0.2474758845920705,0.2299372952602291,0.1360170346890444,18.64286723938774,19.08085825417736,24.65660050705186,2.3059918247048365
45,79.99900000642742,79.99900000642742,-10.50869382687742,36.69911081540206,33.301759541089766,44.735106868362834,39.62944469870196,0.1238543250280607,0.2499765540066743,0.3028644622417383,0.1050747338478945,19.6314743656576,18.36899524592782,0.019577407838457,1.5997476115934393
45,79.99900000642742,79.99900000642742,-10.54605369083538,37.86296754673612,37.07470733956422,25.92778563596883,36.10817642678782,0.1315064716572667,0.1131667535702246,0.1966752785425485,0.567875298574448,10.033928560847016,17.01237885796055,1.0755713889146703,50.10920299977406
45,79.99900000642742,79.99900000642742,-11.039824966056765,37.53688263874957,37.609991044649526,44.97133297154766,38.71456715580507,0.1264539451886708,0.1362787828192672,0.1674944578885039,0.1176525256637799,19.02958443245453,59.82772495258898,0.431282735577291,2.90273854151753
45,79.99900000642742,79.99900000642742,-10.491643458950222,39.051415971390085,27.487349156675148,34.01182137890499,40.81694351623344,0.1457738269331072,0.1481296967444454,0.2097127808091305,0.523419699657424,17.468402271323313,16.219100748757256,0.861134050783722,4.677137309144444
45,79.99900000642742,79.99900000642742,-10.182336638437055,36.56694288007221,38.99245391905805,25.057034813742195,11.688863986771878,0.1496263464746362,0.1154834716126533,0.0832040604678518,0.1068775458668338,16.611200072557157,33.4213608049945,28.98297783384476,1.7501328913234868
45,79.99900000642742,79.99900000642742,-10.00906263343776,39.046041271593474,27.550154916799197,23.054948337138477,38.31880148078227,0.1239484703642578,0.2543097004362175,0.1778507628236208,0.5730555822086395,17.496934731464123,24.83953400834858,0.8520648740831644,4.74300012536632
45,79.99900000642742,79.99900000642742,-10.068679524529117,41.4337912223945,35.6605776741854,26.01015320429005,40.81694351623344,0.146129923364454,0.1482527173646539,0.1708785593995495,0.5706515548873814,16.383329681350727,223.9655658061697,0.5192550645870071,17.35550861053727
45,79.99900000642742,79.99900000642742,-11.065237441088648,37.53688263874957,37.609991044649526,44.77650399630319,39.52608678143146,0.1495556613791149,0.1652255384365116,0.2301390465711767,0.0920541853465356,19.06259673821198,18.350762899857628,24.634504868450385,3.015557606572733
46,79.99900000642742,79.99900000642742,-9.992631686946062,37.61356409354283,38.81239611830442,27.47141105139412,42.861234784807614,0.1220875449356831,0.1509408095521253,0.0833458383204279,0.5902085638473071,16.609832064021127,40.0932065903728,0.5185283710489237,16.555355772951614
46,79.99900000642742,79.99900000642742,-11.264962912217456,36.68867855631864,39.19456350531184,44.82984784497797,40.34166700319058,0.1490007273899584,0.245739455184715,0.2838338481974722,0.1065438708348032,9.715379632645028,3.848723471671233,24.65660050705186,0.0995275774052784
46,79.99900000642742,79.99900000642742,-10.501462333615862,39.45096779377802,35.6605776741854,28.07463967121172,39.56342844682342,0.1343116336061261,0.1481296967444454,0.1710155119297322,0.5384242385252961,16.388207634925823,194.43464616878904,0.4679926228225604,16.90836916251545
46,79.99900000642742,79.99900000642742,-10.193423071156786,36.56694288007221,38.99245391905805,25.142030797926772,11.688863986771878,0.1496263464746362,0.1157022303936407,0.2343598870201185,0.1063830408326384,16.611200072557157,35.34430043207953,30.51274711165285,2.090577243338327
46,79.99900000642742,79.99900000642742,-10.508663852142966,36.69911081540206,33.301759541089766,44.73533667466032,38.71555639187618,0.1238543250280607,0.1474612243425565,0.3042534589456302,0.1050747338478945,19.691280911986617,17.533138020171833,0.019577407838457,1.5018174627696008
46,79.99900000642742,79.99900000642742,-10.149202824044131,37.7245541599342,35.22032833628176,26.65729108318478,40.84673609884639,0.1457426790953059,0.122299639996899,0.1979096868445234,0.1167628822872199,19.014122256818847,224.59385131026733,0.5187700911618158,4.070692166214429
46,79.99900000642742,79.99900000642742,-7.749793465373962,35.196837813560705,38.86205159733731,6.277134831871102,17.12883522550008,0.1522228996916327,0.2937646511115949,0.1066025623703249,0.0888709511064596,9.97959196641476,11.07597395191884,1.2177481054370287,4.500227657950696
46,79.99900000642742,79.99900000642742,-10.544310197801092,37.86296754673612,37.08807411949377,25.92778563596883,36.10817642678782,0.1385555150931399,0.1131667535702246,0.1966752785425485,0.5661808574528194,10.03389235311202,15.48298087087467,1.0755713889146703,50.10920299977406
46,79.99900000642742,79.99900000642742,-11.775670203159386,40.301949468142354,38.582087692364325,40.21346911759949,41.02534677853532,0.1315407247454111,0.1226367431099329,0.2916143568703407,0.5679450621481702,10.171769125397676,29.061876330695185,1.0791388810987752,4.862718994969856
46,79.99900000642742,79.99900000642742,-11.82861210932537,37.53590824367674,37.609991044649526,38.923964873155,39.52252470806933,0.1504197410016809,0.1524263390060808,0.6137783737945842,0.0920541853465356,18.978733905624008,19.37412445269592,0.1602081941309487,3.0201780023363165
46,79.99900000642742,79.99900000642742,-10.136510066030958,35.00065179668153,35.117208973344745,26.821486845006287,41.10824300543556,0.1369807625022054,0.1550469111565657,0.0912651004474789,0.1063329201257406,20.70378116304483,18.32473331027318,0.035311194954624,4.106114424418171
46,79.99900000642742,79.99900000642742,-10.182336638437055,36.56694288007221,38.99245391905805,25.057034813742195,11.688863986771878,0.1496263464746362,0.1100534176794818,0.0805744227003342,0.1348433844371243,16.611200072557157,134.36177519357352,28.98297783384476,1.7501328913234868
46,79.99900000642742,79.99900000642742,-9.746299707608756,37.53992239815099,35.31449510990492,23.758013062555992,41.0363819708888,0.5036462718952337,0.1606983322459345,0.0919916989121804,0.192135592844718,18.867745704786884,19.098791535644207,0.2137323276210843,26.934089934332185
46,79.99900000642742,79.99900000642742,-9.92388371548348,39.046041271593474,35.021509999078,23.054948337138477,38.9718398517651,0.0957619644335859,0.2540052737231397,0.2088003201565372,0.5730555822086395,17.496934731464123,18.05894481122279,0.856797862612072,19.002864304522035
46,79.99900000642742,79.99900000642742,-10.355842611457142,37.64079304976398,35.6605776741854,28.21173687073825,40.81694351623344,0.1457738269331072,0.1177377556048611,0.1710155119297322,0.5700113126695178,16.397636183698353,14.103859736327465,15.503137669172832,17.35550861053727
46,79.99900000642742,79.99900000642742,-10.8832087267417,37.53688263874957,34.94015793033381,43.50222435864741,39.5306761684499,0.1179449269855822,0.1549449682358827,0.602080123154452,0.0930424115711653,19.03782175306577,19.37412445269592,25.100830531700232,3.0201780023363165
46,79.99900000642742,79.99900000642742,-10.518389720375026,37.61914517723586,33.39295702250513,44.75196916629657,42.64432465101126,0.1262771263591376,0.1423168425740056,0.2823974850202478,0.1360170346890444,18.792947785695,20.190733466695868,24.65660050705186,4.816454447389039
46,79.99900000642742,79.99900000642742,-10.54605369083538,37.86296754673612,37.07470733956422,25.92778563596883,35.9732874999422,0.1311246711430569,0.1594776483803423,0.1966752785425485,0.5688659214684078,18.772487288196345,17.01237885796055,1.0761369092935644,50.10920299977406
46,79.99900000642742,79.99900000642742,-10.35471465945021,37.64408579140751,27.600573949012343,40.21442822656073,38.31004382124562,0.1298547351912817,0.1542923295827053,0.0889699748543668,0.5668306402464177,16.65359588042084,18.16696524301919,3.720352146249475,4.7853282133494375
46,79.99900000642742,79.99900000642742,-9.16750503991004,39.03102331897509,27.96384403868723,33.24420523528711,11.52841054126414,0.1442487191854637,0.0836550003243271,0.2098051736778234,0.1105869379208305,22.120633853197607,29.244575822462004,35.82757513889518,19.06200194541312
46,4546.213987035455,26.449593381223256,-7.455333346996795,35.28284872859292,38.86412798905023,6.277134831871102,41.11957917156223,0.1522228996916327,0.2937646511115949,0.2005163319923107,0.0875083336056063,17.166359756459038,21.43329296147867,0.4417902544926362,4.457090801481069
42,4546.255476355063,23.333041668541327,-7.687836354382448,37.611963776838,37.41066617139974,5.673539276095909,38.73346055916376,0.1265824204391459,0.1358277878984659,0.208793003135952,0.1167745556637084,9.65499086329978,60.51449560987984,0.3139995467826066,5.448044640725059
40,5082.200296103919,16.666458334672377,-7.610640847553309,35.28493024444612,38.86412798905023,6.277134831871102,39.92888833396232,0.1522228996916327,0.2937646511115949,0.606897610152539,0.0875083336056063,16.421017872715424,191.91247631333368,0.431282735577291,4.457090801481069
45,5082.200296103919,16.666458334672377,-7.610640847553309,42.3110622043839,38.04837993794315,6.277134831871102,39.92888833396232,0.1527779547655429,0.2937646511115949,0.606897610152539,0.0875083336056063,18.907770968021985,18.938991055967666,0.431282735577291,4.457090801481069
42,5617.954809829393,13.27018827666883,-7.749522631672281,35.196837813560705,38.86412798905023,6.277134831871102,17.12883522550008,0.1522228996916327,0.2937646511115949,0.606897610152539,0.0888709511064596,16.614575068042118,11.451277857816748,0.431282735577291,4.500227657950696
11,6416.9681188596,0.0,-10.220078736914928,37.595541592597904,38.812761803318566,25.166698786333058,14.18223334395968,0.138957821807886,0.1461142942913354,0.090328583474844,0.5703675372355965,16.60969967051757,41.12911197787344,36.350672604250384,19.045560387710967
17,6416.9681188596,0.0,-10.205604828820531,37.595541592597904,38.81335039489502,25.056320749185808,14.18223334395968,0.138957821807886,0.15495905569202,0.0900927942425516,0.57036913662982,16.60969967051757,41.12911197787344,36.350672604250384,19.04512763022228
17,6416.9681188596,0.0,-10.220078736914928,37.595541592597904,38.812761803318566,25.166698786333058,14.18223334395968,0.138957821807886,0.1187117430101969,0.090328583474844,0.5703675372355965,16.60969967051757,41.12911197787344,36.350672604250384,19.045560387710967
25,6416.9681188596,0.0,-10.35723564069098,37.54060818978776,37.65084750388828,25.056320749185808,14.18223334395968,0.1441567736274215,0.15495905569202,0.0900927942425516,0.57036913662982,16.60969967051757,41.12911197787344,36.350672604250384,19.04512763022228
31,6416.9681188596,0.0,-9.605605371631256,37.54060818978776,43.41334623334615,25.056320749185808,14.18223334395968,0.1441567736274215,0.15495905569202,0.0900927942425516,0.57036913662982,16.60969967051757,41.12911197787344,36.350672604250384,19.04512763022228
38,6416.9681188596,0.0,-10.205604828820531,37.59558589864153,38.81335039489502,25.056320749185808,14.18223334395968,0.138957821807886,0.15495905569202,0.0900927942425516,0.57036913662982,16.60969967051757,41.12911197787344,36.350672604250384,19.04512763022228
44,6416.9681188596,0.0,-10.205604828820531,37.59558353052779,38.81335039489502,25.056320749185808,14.18223334395968,0.138957821807886,0.15495905569202,0.0900927942425516,0.57036913662982,16.60969967051757,41.12911197787344,36.350672604250384,19.04512763022228
44,6416.9681188596,0.0,-10.205604828820531,37.59554396071164,38.81335039489502,25.056320749185808,14.18223334395968,0.138957821807886,0.15495905569202,0.0900927942425516,0.57036913662982,16.60969967051757,41.12911197787344,36.350672604250384,19.04512763022228
