generation,l_max_kg_per_m,s_max_kg_per_m,constraint,x_00,x_01,x_02,x_03,x_04,x_05,x_06,x_07,x_08,x_09,x_10,x_11
6,39.99950000321371,39.99950000321371,-8.20465397378835,37.34800762356431,44.85483021066735,42.285416465315805,13.18776359769323,0.1246341072519829,0.4500675496283834,0.3695764826993657,0.2049936907537533,11.5672904456608,55.45450805262836,38.33891300474752,10.538070272319256
11,39.99950000321371,39.99950000321371,-10.812770929391014,35.519113364599086,44.6212029059346,42.285416465315805,44.114743795250384,0.1246341072519829,0.461725305694288,0.3695764826993657,0.2130119717689382,11.5672904456608,55.45450805262836,138.59432039117883,10.520245014262237
11,39.99950000321371,39.99950000321371,-8.20465397378835,36.29257779371719,38.08413873956168,42.285416465315805,13.18776359769323,0.1246341072519829,0.4500675496283834,0.3695764826993657,0.204980634741533,11.5672904456608,55.45450805262836,38.33891300474752,10.537502448163018
12,39.99950000321371,39.99950000321371,-10.81307916487068,35.52147650327647,44.6212029059346,42.285416465315805,44.114743795250384,0.1235891496850576,0.461725305694288,0.3695764826993657,0.2130119717689382,11.5672904456608,55.45450805262836,137.83868675505494,10.519814413890929
12,39.99950000321371,39.99950000321371,-8.20465397378835,36.29247486645063,44.89801236656941,42.285416465315805,13.18776359769323,0.1246341072519829,0.4500675496283834,0.3695764826993657,0.2049806100495576,11.5672904456608,55.45450805262836,38.33891300474752,10.538070272319256
14,39.99950000321371,39.99950000321371,-8.20465397378835,36.193443655058985,38.08413873956168,42.285416465315805,13.18776359769323,0.1250464463542816,0.4500675496283834,0.5340213006044651,0.2049937154457288,11.5672904456608,18.99574416842081,38.33891300474752,10.537502448163018
15,39.99950000321371,39.99950000321371,-8.20465397378835,35.596707567192155,44.89801236656941,42.285416465315805,13.18776359769323,0.1246341072519829,0.4496679205541428,0.369558396912172,0.2049936907537533,11.5672904456608,64.1940212083037,38.33891300474752,10.538070272319256
15,39.99950000321371,39.99950000321371,-8.20465397378835,36.1672543836454,40.48574543796137,42.285416465315805,13.18776359769323,0.1246341072519829,0.4500675496283834,0.3599474130302478,0.2049936907964972,11.5672904456608,55.45450805262836,38.33891300474752,10.538070272319256
15,39.99950000321371,39.99950000321371,-8.06797929746309,35.09222995674543,31.124882565222823,43.97708435760595,13.831592304823063,0.1087966038826163,0.2527383550739414,0.3695764826993657,0.2049806100495576,4.171646568611422,56.31390547329217,38.33891300474752,10.538070272319256
15,39.99950000321371,39.99950000321371,-8.20465397378835,37.3741968949779,38.08413873956168,42.285416465315805,13.18776359769323,0.1250464463542816,0.4500675496283834,0.5436503465025784,0.2049937154029849,11.5672904456608,18.99574416842081,38.33891300474752,10.537502448163018
16,39.99950000321371,39.99950000321371,-8.294206088866062,35.09222995674543,31.124882565222823,42.09889734633318,13.687810694306418,0.1087966038826163,0.1252308818735089,0.4965607797681232,0.2049806100495576,4.171646568611422,56.31390547329217,34.47194496172823,10.538070272319256
16,39.99950000321371,39.99950000321371,-8.20465397378835,36.22426176507712,40.43031796828858,42.285416465315805,13.18776359769323,0.1246341072519829,0.4500675496283834,0.36973999755082,0.2049936907959185,7.8310132434905935,55.45450805262836,37.8801443441714,10.538070272319256
16,39.99950000321371,39.99950000321371,-8.20465397378835,35.55390445189052,44.89801236656941,42.285416465315805,13.18776359769323,0.1085027765176322,0.1178059278108855,0.5297148311023802,0.2060110963347211,11.5672904456608,47.18050632814776,38.33891300474752,10.538070272319256
16,39.99950000321371,39.99950000321371,-8.259134255235764,37.2910002421326,44.938641010123696,42.285416465315805,13.605445755456742,0.0984344948120069,0.4500675496283834,0.3597838981787936,0.2049936907543321,11.5672904456608,55.45450805262836,67.15519376407836,10.538070272319256
16,39.99950000321371,39.99950000321371,-8.20465397378835,35.5961432082104,44.89801236656941,42.285416465315805,13.18776359769323,0.1246341072519829,0.4496679205541428,0.369558396912172,0.2049936907537533,11.5672904456608,62.94021495245437,38.33891300474752,10.538070272319256
17,39.99950000321371,39.99950000321371,-8.20465397378835,35.5961432082104,44.89801236656941,42.285416465315805,13.18776359769323,0.1246341072519829,0.4496679205541428,0.369558396912172,0.2049936907537533,11.5672904456608,64.3928449639236,38.33891300474752,10.538070272319256
17,39.99950000321371,39.99950000321371,-8.20465397378835,35.59212225952614,44.89801236656941,42.285416465315805,13.18776359769323,0.1089307013574585,0.114828323032801,0.5297148311023802,0.205890502701864,11.5672904456608,47.18050632814776,38.33891300474752,10.538070272319256
17,39.99950000321371,39.99950000321371,-11.041468959090912,44.9853039156452,37.6365659353422,42.285416465315805,44.114743795250384,0.254293207956775,0.2158479679964412,0.3695764826993657,0.6070780542681207,11.5672904456608,17.87378473055871,141.27822900775584,10.785435513103272
17,39.99950000321371,39.99950000321371,-8.069013531355122,35.09222995674543,44.75716715391901,43.96915523110041,13.831592304823063,0.1087966038826163,0.4606567444666571,0.3695764826993657,0.2049806100495576,4.231314345740355,56.31390547329217,38.33891300474752,10.538070272319256
17,39.99950000321371,39.99950000321371,-8.259134255235764,37.2910002421326,40.400671223451525,42.285416465315805,13.605445755456742,0.1333265416245041,0.4500675496283834,0.3597838981787936,0.2049936907954096,11.5672904456608,55.45450805262836,67.15519376407836,10.538070272319256
17,39.99950000321371,39.99950000321371,-8.20465397378835,36.18604395744149,40.43031796828858,42.285416465315805,13.18776359769323,0.1242061824121642,0.4533866418456758,0.36973999755082,0.2051142844287756,7.8310132434905935,55.45450805262836,37.8801443441714,10.538070272319256
17,39.99950000321371,39.99950000321371,-11.279112840119735,36.58524708866967,37.884925633022135,43.41172719210415,43.85716954287663,0.1246341072519829,0.3193776105000381,0.3877040720880382,0.2146515315153352,11.5672904456608,55.30946633973235,138.59432039117883,10.519677190105998
17,39.99950000321371,39.99950000321371,-8.20361975049331,36.32557022438328,31.03468823904701,42.29334551057777,13.18776359769323,0.1246341072519829,0.2421491625292064,0.3695764826993657,0.2049936907537533,11.507623310836804,55.45450805262836,38.33891300474752,10.538070272319256
17,39.99950000321371,39.99950000321371,-10.682841557985206,34.75074275074639,44.84895747285981,42.285416465315805,44.114743795250384,0.1246341072519829,0.461725305694288,0.3695764826993657,0.1639305877569301,11.5672904456608,79.46631570014932,138.59432039117883,10.520245014262237
17,39.99950000321371,39.99950000321371,-8.25979974714993,37.38375363632923,38.125766548736806,42.285416465315805,13.610547860132002,0.1246341072519829,0.4469530468328733,0.3695764826993657,0.2049936907537533,11.5672904456608,56.47117559442317,38.33891300474752,10.538070272319256
17,39.99950000321371,39.99950000321371,-8.20465397378835,36.22426176507712,44.90775534088547,42.285416465315805,13.18776359769323,0.0969213354045043,0.4500675496283834,0.3921097000067646,0.2049936907548409,7.8310132434905935,55.45450805262836,48.3629959190661,10.538070272319256
17,39.99950000321371,39.99950000321371,-8.20465397378835,36.29257779371719,44.024098374132414,42.285416465315805,13.18776359769323,0.1246341072519829,0.4500675496283834,0.3695764826993657,0.2136543535374923,11.5672904456608,35.02818441242547,38.33891300474752,10.537502448163018
18,39.99950000321371,39.99950000321371,-8.170787016171559,36.29141798444546,38.138207323963606,42.54506314037791,13.18776359769323,0.1246468972922993,0.4500675496283834,0.5340213006044651,0.2049937154457288,11.5672904456608,18.132014705598653,20.16710701868283,10.537502448163018
18,39.99950000321371,39.99950000321371,-11.041468959090912,44.9853039156452,37.6365659353422,42.285416465315805,44.13480803128997,0.2530232258049236,0.3461663765192805,0.367873929099804,0.6103305519669743,11.5672904456608,17.87378473055871,138.21330861466973,10.785435513103272
18,39.99950000321371,39.99950000321371,-8.317132253131312,36.58524708866967,44.38096742200801,43.41172719210415,15.176407799444313,0.1246341072519829,0.3193776105000381,0.3877040720880382,0.2146515315153352,11.5672904456608,55.24622744710403,138.59432039117883,10.519677190105998
18,39.99950000321371,39.99950000321371,-8.20465397378835,36.22426176507712,40.52969413737683,42.285416465315805,13.18776359769323,0.109360641912203,0.4318358204096557,0.36973999755082,0.2058730625888578,11.20594702753318,54.68485451300694,38.32147972206515,10.538070272319256
18,39.99950000321371,39.99950000321371,-8.069013531355122,35.09222995674543,44.82158967658589,43.96915523110041,13.831592304823063,0.1087966038826163,0.4606567444666571,0.3695687094277476,0.2051156371034465,4.2165366616840965,56.31390547329217,38.38755419813989,10.538070272319256
18,39.99950000321371,39.99950000321371,-8.279219389385805,37.3056763941408,44.75716715391901,42.28662414186456,13.760639460489152,0.1087966038826163,0.4612857220362573,0.3695764826993657,0.2049943448155056,4.231314345740355,56.65262013941902,38.33891300474752,10.537488949583016
18,39.99950000321371,39.99950000321371,-8.20465397378835,36.19450053706416,44.76651693853219,42.285416465315805,13.18776359769323,0.1250336563139652,0.4500675496283834,0.3695764826993657,0.2049806100495576,11.5672904456608,56.31825836719637,38.33891300474752,10.538070272319256
18,39.99950000321371,39.99950000321371,-8.428947384286076,37.34800762356431,44.85483021066735,40.5658336514999,13.18776359769323,0.1246341072519829,0.4500675496283834,0.3695764826993657,0.2049936907537533,11.5672904456608,55.45450805262836,38.33891300474752,10.538070272319256
18,39.99950000321371,39.99950000321371,-11.377608585038054,36.29257779371719,37.51374895060756,42.285416465315805,41.72560723540868,0.1246341072519829,0.4500675496283834,0.3695764826993657,0.2136543535374923,11.5672904456608,35.09142330506691,38.33891300474752,10.537502448163018
18,39.99950000321371,39.99950000321371,-8.20465397378835,36.25314790240032,40.84936269716346,42.285416465315805,13.18776359769323,0.1246341072519829,0.137247324873524,0.3683998096090872,0.2049936907959185,8.373251569612266,56.27857134510046,37.8801443441714,10.538070272319256
18,39.99950000321371,39.99950000321371,-8.20465397378835,36.29257779371719,44.024098374132414,42.285416465315805,13.18776359769323,0.1246341072519829,0.4483408688152529,0.3695764826993657,0.2136543535374923,11.5672904456608,35.02818441242547,38.33891300474752,10.537502448163018
18,39.99950000321371,39.99950000321371,-8.20465397378835,37.344521652621296,44.85483021066735,42.285416465315805,13.18776359769323,0.1246341072519829,0.4500675496283834,0.3695764826993657,0.2049936907537533,11.5672904456608,72.30525026333908,46.39982362146328,10.538070272319256
18,39.99950000321371,39.99950000321371,-8.20465397378835,35.59212225952614,44.761512489433215,42.285416465315805,13.18776359769323,0.1242041666972427,0.1332903731851992,0.5297148311023802,0.2050111309089247,8.192356661618383,47.95015986776917,37.89757762685376,10.538070272319256
18,39.99950000321371,39.99950000321371,-8.482634415223899,37.044050842695206,44.89801236656941,42.285416465315805,15.318946982032417,0.1246341072519829,0.4500675496283834,0.3695764826993657,0.2049806100495576,11.5672904456608,55.45450805262836,38.33891300474752,9.895482931700416
18,39.99950000321371,39.99950000321371,-8.20465397378835,35.596707567192155,44.89801236656941,42.285416465315805,13.18776359769323,0.1246341072519829,0.4590048308818297,0.369558396912172,0.2014891264757369,11.5672904456608,64.07344096244475,38.33891300474752,10.538070272319256
18,39.99950000321371,39.99950000321371,-8.20465397378835,36.18604395744149,40.36225479353068,42.285416465315805,13.18776359769323,0.1242061824121642,0.4533866418456758,0.369747770822438,0.2049792573748866,7.845790927833967,55.45450805262836,37.83150315077902,8.640005765490892
18,39.99950000321371,39.99950000321371,-8.128509259615136,36.29247486645063,44.89801236656941,42.86919260731042,13.18776359769323,0.1246341072519829,0.4500675496283834,0.3695764826993657,0.2049806100495576,11.5672904456608,55.45450805262836,38.33891300474752,10.538070272319256
19,39.99950000321371,39.99950000321371,-8.20465397378835,36.294634019491845,40.43031796828858,42.285416465315805,13.18776359769323,0.1246341072519829,0.4500675496283834,0.3697397042517296,0.2049936907959185,7.8310132434905935,55.45450805262836,38.3264226848773,10.538070272319256
19,39.99950000321371,39.99950000321371,-8.20396017260784,36.29141798444546,44.82458623777595,42.29073560769973,13.18776359769323,0.1246468972922993,0.1130521520012908,0.4923754437377888,0.2049937154457288,11.5672904456608,18.132014705598653,37.992736462864414,10.537504533843483
19,39.99950000321371,39.99950000321371,-8.20465397378835,36.22595376045003,40.52969413737683,42.285416465315805,13.18776359769323,0.1110607047828798,0.4492502757961098,0.3594417161873504,0.205012458369572,11.229414430513328,54.73904099538891,38.33923047656173,10.538070272319256
19,39.99950000321371,39.99950000321371,-11.081852429018689,44.67569731286555,37.6365659353422,42.285416465315805,44.114743795250384,0.1233185164109253,0.2158479679964412,0.3695764826993657,0.6055443880445739,11.5672904456608,17.87378473055871,138.57725256693547,10.524154018892467
19,39.99950000321371,39.99950000321371,-8.317341912360863,36.16556238827248,40.48574543796137,41.42147560292655,13.18776359769323,0.1229340443813081,0.4326530942419294,0.3702456943937173,0.205854295015783,11.543823042680652,55.40032157024638,38.321162250250936,10.538070272319256
19,39.99950000321371,39.99950000321371,-7.9709288447323665,37.34800762356431,44.85483021066735,44.07730912141172,13.18776359769323,0.1246341072519829,0.4394433270287953,0.3631573242494728,0.2092160440853731,11.5672904456608,64.96005567849008,38.33891300474752,10.538070272319256
19,39.99950000321371,39.99950000321371,-8.213709196573635,36.18604395744149,44.53892046233946,42.21599309062863,13.18776359769323,0.1239062380672867,0.4533866418456758,0.3153921802813194,0.2051142844287756,7.8310132434905935,67.17769979862534,37.8801443441714,10.501731816019335
19,39.99950000321371,39.99950000321371,-8.20465397378835,37.3741968949779,37.99563834094847,42.285416465315805,13.18776359769323,0.1250497299094959,0.4500675496283834,0.5436503465025784,0.2049937154029849,11.5672904456608,18.99574416842081,38.33891300474752,10.537502448163018
19,39.99950000321371,39.99950000321371,-8.289313417859386,35.580519305285485,44.90775534088547,41.63636072743789,13.18776359769323,0.0969213354045043,0.450075007357239,0.3921097000067646,0.2049936907548409,7.8310132434905935,55.67104956442448,48.63335849735624,10.538070272319256
19,39.99950000321371,39.99950000321371,-8.17148081735207,35.55390445189052,37.77992043853362,42.53974399799398,13.18776359769323,0.1085027765176322,0.4552693414549034,0.5295581529995746,0.2060110963347211,11.5672904456608,47.18050632814776,20.51328356261478,10.538068186638784
19,39.99950000321371,39.99950000321371,-8.258956206124996,36.18604395744149,40.07224027641109,42.285416465315805,13.60408071227419,0.1246389118302831,0.4885880775655558,0.3697262295736304,0.2049792573748866,8.202913484170146,55.32147692587554,37.83150315077902,10.58638684694562
19,39.99950000321371,39.99950000321371,-8.373514979580584,37.34800762356431,44.85483021066735,40.9908154209087,13.18776359769323,0.1242913841581707,0.4500675496283834,0.3695764826993657,0.2049936907537533,11.5672904456608,55.45450805262836,38.33891300474752,10.538070272319256
19,39.99950000321371,39.99950000321371,-8.20465397378835,35.59212225952614,44.89563827867734,42.285416465315805,13.18776359769323,0.1086374860314146,0.1178842205290837,0.5381714181433539,0.2059988062142494,11.5672904456608,46.72870423373448,38.33891300474752,10.538070272319256
19,39.99950000321371,39.99950000321371,-8.20465397378835,36.25887249596086,44.669501638234735,42.285416465315805,13.18776359769323,0.1246341072519829,0.4692927587619754,0.3161620869746242,0.2015117828537263,8.373251569612266,56.33270622545981,38.34643619265848,10.538070272319256
19,39.99950000321371,39.99950000321371,-8.20465397378835,36.29257779371719,44.025994617491484,42.285416465315805,13.18776359769323,0.124927322578039,0.4472657624022903,0.3611198851543032,0.2135460500251068,11.5672904456608,35.47998650683876,38.33891300474752,10.537502448163018
19,39.99950000321371,39.99950000321371,-10.81141881292706,35.50874713837539,44.6212029059346,42.65588144223941,44.114743795250384,0.1235891496850576,0.4534951492961896,0.3697510383466074,0.2133162893084958,11.5672904456608,55.45450805262836,137.90473501039094,10.50604453485892
19,39.99950000321371,39.99950000321371,-8.20465397378835,36.222102612035904,44.89801236656941,42.285416465315805,13.18776359769323,0.1338584544506761,0.4500675496283834,0.369576775998456,0.2049806100495576,11.5672904456608,55.45450805262836,37.89263466404161,10.538070272319256
19,39.99950000321371,39.99950000321371,-11.2799712500073,37.73015093316498,37.89150677549348,43.41172719210415,43.281096841737146,0.124201377833864,0.3193776105000381,0.3877256133368458,0.2146515315153352,11.21016788932478,55.44249746648517,138.59432039117883,8.573296108651272
20,39.99950000321371,39.99950000321371,-8.20465397378835,36.20546850597537,37.77959525822988,42.285416465315805,13.18776359769323,0.1062799244534707,0.4502182005198343,0.5340213006044651,0.2050014855155721,5.032332474567282,18.99574416842081,38.61742095676538,10.537502448163018
20,39.99950000321371,39.99950000321371,-8.04001406537229,35.5961432082104,44.89801236656941,43.54765576317226,13.18776359769323,0.1247040366902673,0.4496679205541428,0.369558396912172,0.2049546404809039,6.765244193202243,17.011803229666043,59.64137488001165,10.538070272319256
20,39.99950000321371,39.99950000321371,-8.212087761654683,36.18604395744149,40.371328841611295,42.22842409167395,13.18776359769323,0.1242061824121642,0.4533866418456758,0.375027383142513,0.2049792573748866,7.845790927833967,55.45450805262836,38.32393706807503,8.632979273218137
20,39.99950000321371,39.99950000321371,-8.169121936396088,36.18604395744149,44.53892046233946,42.557828751989824,13.18776359769323,0.1230578701574792,0.4533866418456758,0.3153921802813194,0.2051111232229033,7.8310132434905935,47.53570187793699,37.8801443441714,10.538390526664164
20,39.99950000321371,39.99950000321371,-8.45697464099997,37.3149751926478,44.39027328780572,40.50693801977335,13.34374360077318,0.1246341072519829,0.3256211945981422,0.3695764826993657,0.2049936907537533,11.5672904456608,55.45450805262836,38.33891300474752,10.538877623931604
20,39.99950000321371,39.99950000321371,-8.20465397378835,36.22079392423349,44.89801236656941,42.285416465315805,13.18776359769323,0.1338584544506761,0.4500675496283834,0.369576775998456,0.2049806100495576,11.5672904456608,56.31849601547464,38.33785070069163,10.5380840472365
20,39.99950000321371,39.99950000321371,-7.969914541182053,35.60151336029545,44.75716715391901,44.08701492395584,13.189693073018304,0.108634287993754,0.1143468101769868,0.3695764826993657,0.205995654579994,3.3823148304586503,56.31390547329217,38.33891300474752,10.538070272319256
20,39.99950000321371,39.99950000321371,-8.20465397378835,36.294634019491845,44.86898900143208,42.285416465315805,13.18776359769323,0.1246341072519829,0.4500675496283834,0.3697397042517296,0.2049936907959185,7.8310132434905935,55.45450805262836,37.891505626607895,10.538070272319256
20,39.99950000321371,39.99950000321371,-8.633809699127973,36.29412185119431,37.77992043853362,38.99522257104538,13.18776359769323,0.1085027765176322,0.4552693414549034,0.3630275019832659,0.2060024017115137,11.5672904456608,47.18050632814776,21.84213007620993,10.538070263609264
20,39.99950000321371,39.99950000321371,-8.279220294949543,37.303256790072695,44.85717016625141,42.28661719920927,13.760639460489152,0.1087966038826163,0.4612857220362573,0.3695764826993657,0.2049943448155056,4.231314345740355,56.65262013941902,38.457887653910696,10.53802980189084
20,39.99950000321371,39.99950000321371,-8.279216818377165,37.362424131808766,44.75716715391901,42.28664385293082,13.760639460489152,0.1253367125100895,0.4612857220362573,0.3695764826993657,0.2049943448155056,4.231314345740355,56.31927656526299,38.33891300474752,12.555354394082295
20,39.99950000321371,39.99950000321371,-8.20465397378835,36.29388648151961,44.286048634519446,42.285416465315805,13.18776359769323,0.124927322578039,0.4472657624022903,0.3611198851543032,0.1354709011393581,11.5672904456608,34.61599854405765,37.89369696809749,10.53748867324577
20,39.99950000321371,39.99950000321371,-8.685869913045995,36.93521289925614,44.85483021066735,40.5658336514999,15.157502984852554,0.1246341072519829,0.3214699222219529,0.3712795160462462,0.2049936907537533,11.5672904456608,55.45450805262836,139.02977574774258,10.52004779998342
20,39.99950000321371,39.99950000321371,-8.20465397378835,37.34800762356431,44.85483021066735,42.285416465315805,13.18776359769323,0.1245581846786528,0.4500675496283834,0.3695764826993657,0.2049936907537533,11.5672904456608,16.562955945544488,38.33891300474752,10.538070272319256
20,39.99950000321371,39.99950000321371,-8.20465397378835,37.0311129531493,43.76407383994588,42.285416465315805,13.18776359769323,0.1242061824121642,0.4146173461446936,0.3750582823925,0.2051142844287756,7.8310132434905935,55.45450805262836,37.89247647698607,9.87253847564728
20,39.99950000321371,39.99950000321371,-8.20361975049331,36.32557022438328,31.03468823904701,42.29334551057777,13.18776359769323,0.1246341072519829,0.2421491625292064,0.3710468312548446,0.1423394632427175,11.507623310836804,55.45450805262836,38.33891300474752,10.538070272319256
20,39.99950000321371,39.99950000321371,-10.912236716717906,36.28168440077192,44.6212029059346,42.285416465315805,44.114743795250384,0.1235891496850576,0.461725305694288,0.3695764826993657,0.2130119717689382,11.5672904456608,55.45450805262836,137.83868675505494,10.519814413890929
21,39.99950000321371,39.99950000321371,-11.053961088427911,37.3705006729269,44.6234656616462,42.285416465315805,44.114743795250384,0.1128119558258823,0.461725305694288,0.3606195114400684,0.2130836049834941,11.5672904456608,55.45450805262836,137.83868675505494,10.519814413890929
21,39.99950000321371,39.99950000321371,-8.20465397378835,36.28761002571928,44.76651693853219,42.285416465315805,13.18776359769323,0.1250336563139652,0.4500675496283834,0.5429926432083855,0.2049806100495576,11.5672904456608,56.31825836719637,34.209713598235226,10.538070272319256
21,39.99950000321371,39.99950000321371,-9.30887658786202,36.18513874772257,37.53358604972887,38.20473361343869,17.572787453714216,0.1246510468069962,0.4533866418456758,0.3697407648707716,0.2051142844287756,11.274808808224549,36.34024868936352,27.911064559323947,10.537516546079258
21,39.99950000321371,39.99950000321371,-8.685869913045995,36.93521289925614,44.85483021066735,40.5658336514999,15.157502984852554,0.1246341072519829,0.3164584452388843,0.3712795160462462,0.2049936907537533,11.5672904456608,55.45450805262836,139.02977574774258,10.52027135528409
21,39.99950000321371,39.99950000321371,-8.20465397378835,35.5961432082104,44.89801236656941,42.285416465315805,13.18776359769323,0.1246341072519829,0.4546793975356434,0.369558396912172,0.2049936907537533,11.5672904456608,64.3928449639236,38.33891300474752,10.537846717018589
21,39.99950000321371,39.99950000321371,-10.81307916487068,35.52147650327647,44.6212029059346,41.66095029216437,44.114743795250384,0.1235891496850576,0.2270987379357225,0.3695764826993657,0.3390173702673482,11.5672904456608,65.45102629474843,137.83868675505494,6.096117545013385
21,39.99950000321371,39.99950000321371,-8.731383517506003,39.43279025869501,37.77992043853362,38.24715663014717,13.18776359769323,0.1085027765176322,0.458357361278387,0.3630271546210839,0.2060024017115137,11.5672904456608,45.7005632317207,41.05315466628303,10.538070272100182
21,39.99950000321371,39.99950000321371,-8.317132253131312,36.57231877926812,44.87972569816649,43.41172719210415,15.176407799444313,0.1246341072519829,0.3215876066095299,0.3924608797632901,0.2155111038386567,11.5672904456608,55.50346269499488,138.59432039117883,10.519677190105998
21,39.99950000321371,39.99950000321371,-8.169121936396088,40.13867073676834,44.53791889664832,42.557828751989824,13.18776359769323,0.1498687340963299,0.450312864201545,0.3159265995213588,0.2049930610940087,7.8310132434905935,47.53570187793699,38.33491707232558,10.538395181545951
21,39.99950000321371,39.99950000321371,-8.20465397378835,36.291339898362615,44.89801236656941,42.285416465315805,13.18776359769323,0.1246341072519829,0.4500675496283834,0.3666709536676332,0.2049806100495576,8.365437864795728,55.45450805262836,38.33891300474752,10.538070272319256
21,39.99950000321371,39.99950000321371,-8.289024685196932,35.580383041543506,44.91097141751668,41.64035438000296,13.189543633179486,0.108634287993754,0.1143468101769868,0.3695764826993657,0.2059475581315122,7.822409698829416,55.65888361909661,38.33891300474752,10.538070272319256
21,39.99950000321371,39.99950000321371,-8.20465397378835,37.281087406322776,38.08413873956168,42.285416465315805,13.18776359769323,0.1250464463542816,0.4500675496283834,0.3702341783431404,0.2049937154029849,11.5672904456608,18.99574416842081,38.33891300474752,10.537502448163018
21,39.99950000321371,39.99950000321371,-8.20465397378835,36.18604395744149,40.36225479353068,42.285416465315805,13.18776359769323,0.1242061824121642,0.4122829129067717,0.3749370804046398,0.2049792573748866,7.831000611852165,55.45450805262836,37.83150315077902,8.640005765490892
21,39.99950000321371,39.99950000321371,-8.151511703507591,37.34800762356431,44.85483021066735,42.69284053746832,13.18776359769323,0.1242913841581707,0.4500675496283834,0.3695764826993657,0.2049936907537533,11.5672904456608,55.45450805262836,38.33891300474752,10.538070272319256
21,39.99950000321371,39.99950000321371,-8.20465397378835,36.26740203804672,44.89801236656941,42.285416465315805,13.18776359769323,0.1415015938973462,0.4500675496283834,0.369576775998456,0.2131324738200619,11.229581526900436,56.35552058359319,38.33783768062713,10.5380840472365
21,39.99950000321371,39.99950000321371,-8.069013531355122,34.11990545140335,44.75716715391901,43.96915523110041,13.831592304823063,0.1087966038826163,0.4606567444666571,0.3695764826993657,0.2049806100495576,4.231314345740355,56.31390547329217,38.33891300474752,10.538070272319256
21,39.99950000321371,39.99950000321371,-11.463000278383696,36.29348300343612,40.41048086916109,42.285416465315805,39.67903174867734,0.1241892428571509,0.4500675496283834,0.3695757153794141,0.2136543535374923,8.123494880927025,54.2056826683437,37.83410213348528,10.538056174403012
21,39.99950000321371,39.99950000321371,-8.20465397378835,41.63607964267218,44.39921733289603,42.285416465315805,13.18776359769323,0.1338584544506761,0.4478575535185686,0.3693369859416807,0.204121037726236,11.5672904456608,55.19727280473751,37.89263466404161,10.538070272319256
21,39.99950000321371,39.99950000321371,-8.20465397378835,36.26000746404888,44.669501638234735,42.285416465315805,13.18776359769323,0.1209852333492415,0.4692927587619754,0.3190676160063567,0.2015117828537263,11.57510415047735,56.33270622545981,38.34643619265848,10.538070272319256
21,39.99950000321371,39.99950000321371,-7.97020394679997,35.60164962403743,44.75395105754906,44.08301611206556,13.187913037532043,0.0969213354045043,0.450075007357239,0.3921097000067646,0.2050417872033227,3.390918401202072,56.32607141862003,48.63335849735624,8.45093888357009
22,39.99950000321371,39.99950000321371,-7.887089754126393,35.62000370746475,40.52969413737683,44.72007548272415,13.18776359769323,0.1110607047828798,0.4492502757961098,0.3594417161873504,0.205012458369572,11.168373824392695,54.73904099538891,38.33923047656173,10.538070272319256
22,39.99950000321371,39.99950000321371,-8.280776435705796,37.362424131808766,44.75716715391901,42.28664385293082,13.772596526675308,0.1253322227309826,0.4612857220362573,0.3695585329529072,0.2049943448155056,4.231314345740355,56.38101475717718,38.33891300474752,12.555354394082295
22,39.99950000321371,39.99950000321371,-8.204319087111251,36.254547970335416,44.669501638234735,42.285440098872456,13.185219766725412,0.1212979477139249,0.4688378504012472,0.3685253812381752,0.2049663159957299,11.57510415047735,56.33069803762038,38.34649915269098,10.538069644002018
22,39.99950000321371,39.99950000321371,-8.169121936396088,37.10238401997888,44.53892046233946,42.557828751989824,13.18776359769323,0.1230578701574792,0.4551185328683447,0.3137975523681782,0.2051111232229033,7.8310132434905935,47.51355190365327,53.98568781051867,10.538390526664164
22,39.99950000321371,39.99950000321371,-7.969942183833972,37.47603779817565,44.75716715391901,44.08701492395584,13.18990500001638,0.108634287993754,0.1143468101769868,0.5182322093405748,0.205995654579994,1.491462162131647,18.03996987381776,44.27649246932498,10.538070272319256
22,39.99950000321371,39.99950000321371,-10.792648931241215,35.621386697504654,44.87774489132196,43.60232284659515,44.114743795250384,0.1127667830288897,0.4498638788007287,0.3606195114400684,0.2130836049834941,11.5672904456608,62.9823271138559,137.5437317336345,10.519814413890929
22,39.99950000321371,39.99950000321371,-11.061794840667687,37.36807323665456,44.56097945820226,42.285416465315805,44.114743795250384,0.1128119558258823,0.4147532077483583,0.3606195114400684,0.2130836049834941,11.5672904456608,55.45450805262836,143.6440296608372,9.875663806210154
22,39.99950000321371,39.99950000321371,-8.20465397378835,36.2416312665832,44.39921733289603,42.285416465315805,13.18776359769323,0.1338584544506761,0.4478575535185686,0.3693369859416807,0.2124865161593048,11.229154824792191,55.173551673045054,37.90454337191748,10.53807048897412
22,39.99950000321371,39.99950000321371,-8.633809699127973,36.18205020716952,37.77992043853362,38.99522257104538,13.18776359769323,0.1085027765176322,0.4535374504322344,0.364622129896407,0.2060024017115137,11.5672904456608,47.20265630243149,21.84213007620993,10.538070263609264
22,39.99950000321371,39.99950000321371,-8.279555181626648,37.30871628378616,44.85717016625141,42.28659356565261,13.76318329145697,0.1084838895179334,0.4617406303969854,0.3201187174675473,0.201539811673502,4.231314345740355,56.65462832725845,38.457824693878194,10.538030430208078
22,39.99950000321371,39.99950000321371,-8.842034344294433,36.18646935827077,44.90775534088547,41.63636072743789,17.425290700361927,0.0969213354045043,0.450075007357239,0.3921097000067646,0.2049936907548409,7.89205384961128,55.67104956442448,48.63335849735624,10.538070272319256
22,39.99950000321371,39.99950000321371,-8.317132253131312,36.57231877926812,44.89285875893117,43.41172719210415,15.176407799444313,0.1246341072519829,0.3258323295675098,0.39386932752979,0.2155111038386567,11.229864918468628,54.740656828343816,138.59432039117883,10.519677190105998
22,39.99950000321371,39.99950000321371,-8.373413577517294,37.03354038942164,43.82655955697905,40.99159283672725,13.18776359769323,0.1242061824121642,0.4615894440906233,0.3750582823925,0.2051142844287756,7.8310132434905935,55.45450805262836,32.08934875510298,10.516689083328057
22,39.99950000321371,39.99950000321371,-7.895609298259643,36.19572859229001,44.79881903464455,44.62765425340368,13.16065887339434,0.1337810376741809,0.4500675496283834,0.5340213006044651,0.2049937154457288,11.5672904456608,19.49769106347576,38.33891300474752,10.537502448163018
22,39.99950000321371,39.99950000321371,-8.20465397378835,36.25887249596086,44.669501638234735,42.285416465315805,13.18776359769323,0.1246341072519829,0.4512703536670835,0.3161620869746242,0.2015117828537263,8.373251569612266,18.232049066617755,38.6165339888905,10.537519232089116
22,39.99950000321371,39.99950000321371,-8.20465397378835,35.5961432082104,44.89801236656941,42.285416465315805,13.18776359769323,0.1246511218351335,0.4111135789082219,0.3749900074981233,0.2049936907537533,11.5672904456608,55.884940441809086,37.831918076168094,10.537846717018589
22,39.99950000321371,39.99950000321371,-8.203669171541364,36.28388481252469,44.75395105754906,42.29311605571488,13.187913037532043,0.0973288209432663,0.4500755426549337,0.369753587922323,0.2048052619151885,3.4745206379324824,56.32607141862003,49.31833273317414,8.45093888357009
22,39.99950000321371,39.99950000321371,-9.000170750660367,37.281087406322776,38.08413873956168,42.14095460915544,19.14226369755165,0.1250464463542816,0.4500675496283834,0.3702341783431404,0.1874387856558886,11.5672904456608,18.99574416842081,38.33891300474752,10.537502448163018
22,39.99950000321371,39.99950000321371,-11.095714773788991,44.67569731286555,37.7428439119145,42.285416465315805,44.114743795250384,0.1233185164109253,0.2158479679964412,0.3695764826993657,0.2048569596257268,6.778349917733579,17.87378473055871,38.397849168879794,10.524154018892467
22,39.99950000321371,39.99950000321371,-8.047718091348255,37.34800762356431,37.485478562859306,44.12146566846371,13.820637702133723,0.1246341072519829,0.4441310575223705,0.3631573242494728,0.2057462348604558,11.5672904456608,20.21351403910201,38.33891300474752,7.189738196417603
22,39.99950000321371,39.99950000321371,-8.20465397378835,37.0311129531493,43.71755655556766,42.285416465315805,13.18776359769323,0.1242061824121642,0.4146173461446936,0.3061221432414496,0.2051142844287756,11.071421640825193,55.45450805262836,38.31435813486799,9.87253847564728
23,39.99950000321371,39.99950000321371,-10.785682562632694,35.59900595535775,44.90877297517376,41.66095029216437,44.114743795250384,0.1310584474549185,0.2318881696501461,0.3135761964760964,0.3376655235006293,11.5672904456608,64.39170891046669,137.83868675505494,6.096117545013385
23,39.99950000321371,39.99950000321371,-8.305512140277411,37.10238401997888,44.53892046233946,42.281192038562494,13.956785114022686,0.1242792390700172,0.4551185328683447,0.3137975523681782,0.1900463095055095,7.8310132434905935,47.588033902838944,38.94965622886322,10.538390526664164
23,39.99950000321371,39.99950000321371,-8.298270886742664,38.97551753971836,44.90387203157235,41.56515317039535,13.185229968755836,0.1338584544506761,0.4682109437953794,0.3695541518570288,0.2049667721875278,1.5736216910394791,56.33049784596872,38.33785070069163,10.5380840472365
23,39.99950000321371,39.99950000321371,-11.020229545953312,37.11477484820082,44.62634832922537,42.56610044166501,44.44753348316563,0.1231369269098886,0.4619293227221229,0.3136929495380446,0.2051111232229033,11.70259906252172,55.3397292347997,53.98568781051867,10.517901257258435
23,39.99950000321371,39.99950000321371,-8.20465397378835,38.77110668255825,44.540319529546274,42.285416465315805,13.18776359769323,0.1338584544506761,0.4478575535185686,0.3693369859416807,0.2051270924511506,11.229154824792191,55.173551673045054,37.90454337191748,10.53807048897412
23,39.99950000321371,39.99950000321371,-10.951860105007846,36.58283874802588,44.6185779429657,42.285416465315805,44.114743795250384,0.1235891496850576,0.461725305694288,0.392370107460852,0.2130119717689382,11.5672904456608,50.48295680540812,138.5735510351309,10.519672972405344
23,39.99950000321371,39.99950000321371,-8.279773246107975,37.2973701202104,38.14158763748267,42.28661719920927,13.764878752703789,0.1087966038826163,0.4597865678848661,0.5447314875362406,0.2049943351551031,4.231314345740355,20.949254196727807,38.457887653910696,10.53802980189084
23,39.99950000321371,39.99950000321371,-7.872538206723291,35.62000370746475,40.03628707246279,44.83163734614796,13.18776359769323,0.1086604879935853,0.4492502757961098,0.3691477293520644,0.2049798851779913,10.713137577739165,54.90430961333444,38.33924094056338,10.538070272319256
23,39.99950000321371,39.99950000321371,-8.280525766998977,37.449921724990496,44.28101708646274,42.286627418000855,13.770658298326389,0.1087966038826163,0.417874224992755,0.3695019626687587,0.204980342855134,8.469890214360696,55.45179441390964,38.33153839552062,10.53802980189084
23,39.99950000321371,39.99950000321371,-8.203348501738922,36.14467496344481,44.89798922544974,42.28540624652421,13.177744759855994,0.1085462355763696,0.4500675496283834,0.3667454736982403,0.2049946120099293,4.126862000356104,56.65533377813775,38.4652622631376,10.538070272319256
23,39.99950000321371,39.99950000321371,-8.255512461986154,35.59570340089515,44.89801236656941,42.39459379633495,13.686856004895509,0.1246341072519829,0.4546715648877883,0.3696494099269562,0.2049938468234798,11.5672904456608,64.27997558979602,38.33891300474752,10.538071287012391
23,39.99950000321371,39.99950000321371,-8.203026039059601,36.21758356977816,44.91097141751668,42.299677333722485,13.189543633179486,0.108634287993754,0.1143468101769868,0.3695764826993657,0.2083925996501114,7.854382689426057,56.330940157582894,38.33886071183138,10.538070915175243
23,39.99950000321371,39.99950000321371,-8.20465397378835,37.068062576191785,38.08413873956168,42.285416465315805,13.18776359769323,0.1250464463542816,0.4498041520924625,0.5340213006044651,0.2049937154457288,7.134751676330874,18.474668378817437,38.399552368247775,10.537502448163018
23,39.99950000321371,39.99950000321371,-8.730688373984584,36.18513874772257,37.53358604972887,38.20473361343869,13.140011147320552,0.1246355016905218,0.4533866418456758,0.3543255018110994,0.2051142844287756,11.45024473609482,36.34024868936352,27.911064559323947,10.537516546079258
23,39.99950000321371,39.99950000321371,-8.10276016683229,37.34800762356431,44.76429842370334,43.60249506846781,13.723656347515446,0.124832480730716,0.4502051483931571,0.3631919387947632,0.2054916561998129,11.5672904456608,23.010303803259617,38.33891300474752,7.189738196417603
23,39.99950000321371,39.99950000321371,-8.985039925535872,36.18646935827077,44.921828867605306,40.53998460458688,17.425290700361927,0.1237047104920574,0.450075007357239,0.3921097000067646,0.2049936907548409,7.89205384961128,55.67104956442448,48.63335849735624,41.150214348178885
23,39.99950000321371,39.99950000321371,-8.289024685196932,35.38575342442457,44.90933468591482,41.64035438000296,13.189543633179486,0.1086375777739381,0.1138972949231335,0.3695764826993657,0.2059475581315122,7.766717177451037,55.65888361909661,38.33891300474752,10.538070272319256
23,39.99950000321371,39.99950000321371,-8.782842187665793,36.25887249596086,44.669501638234735,42.285416465315805,17.620539904086925,0.1246496523684573,0.4692927587619754,0.3197744632934909,0.2015117828537263,8.197815641742023,58.096083568104206,38.34643619265848,10.538070272319256
24,39.99950000321371,39.99950000321371,-11.114375238725131,37.03676972053844,43.82655955697905,40.99159283672725,43.98661672853255,0.1126323099751428,0.4617311795473841,0.3755937648541961,0.2051142844287756,7.976071346217935,55.45450805262836,29.49535647114533,10.516527128954982
24,39.99950000321371,39.99950000321371,-8.20465397378835,36.20546850597537,43.662455256283934,42.285416465315805,13.18776359769323,0.1056095045215716,0.4507982893756026,0.5340213006044651,0.2050014855155721,5.032332474567282,53.08049902408496,38.61990788916811,10.537502448163018
24,39.99950000321371,39.99950000321371,-8.633809699127973,35.60470414861532,37.7915972095088,38.99522257104538,13.18776359769323,0.1085429588160687,0.4534586760277032,0.3597197156048113,0.2060024017115137,11.5672904456608,46.69496027762308,21.84213007620993,10.538070263609264
24,39.99950000321371,39.99950000321371,-8.28894533504129,37.39996054200976,44.89801236656941,42.285416465315805,13.833997367299096,0.1246341072519829,0.4496679205541428,0.3762816492044105,0.2047709249642653,11.5672904456608,64.3928449639236,38.33891300474752,10.106444332944816
24,39.99950000321371,39.99950000321371,-8.20398235123367,38.97551753971836,44.94802717281861,42.28803194263099,13.185229968755836,0.1338584544506761,0.4682109437953794,0.354905213857441,0.2049666631010401,6.759922638110623,56.33049784596872,38.33785070069163,10.5380840472365
24,39.99950000321371,39.99950000321371,-7.8617684967642845,39.08079209103437,40.07341148482986,44.91420512250032,13.18776359769323,0.1246341072519829,0.4492730401512554,0.3668265073360056,0.2049806102999992,8.196840429349978,55.45450805262836,38.33891300474752,10.538070272319256
24,39.99950000321371,39.99950000321371,-8.114069890672873,37.303256790072695,44.85729974978332,43.55277029866375,13.760639460489152,0.1087966038826163,0.4495782273776513,0.3695764826993657,0.2049943448155056,11.374112935309483,25.943984550701742,38.46197679700354,7.39817221381327
24,39.99950000321371,39.99950000321371,-8.219882097480433,36.28792204400266,44.81644953745585,42.168667517009865,13.18776359769323,0.1086604879935853,0.4500447852732379,0.3689921756836921,0.2049798849275497,10.881735013184915,54.863413558098834,38.33924094056338,10.538070272319256
24,39.99950000321371,39.99950000321371,-8.280555028251172,37.2973701202104,38.14158763748267,42.28661719920927,13.77087241580163,0.1087966038826163,0.4182978676167884,0.5447314875362406,0.2049943351551031,4.063274863448367,20.949254196727807,38.457887653910696,10.53802980189084
24,39.99950000321371,39.99950000321371,-8.15044646836445,37.068062576191785,38.08413873956168,42.70100734023241,13.18776359769323,0.139211294809061,0.4500642293159274,0.5340213006044651,0.2049937154457288,7.134751676330874,18.474668378817437,38.399552368247775,10.537502448163018
24,39.99950000321371,39.99950000321371,-7.887089754126393,36.19734976601895,40.5180173663979,44.72007548272415,13.18776359769323,0.1110205224844433,0.449329050200641,0.364344130478946,0.205012458369572,11.168373824392695,55.24673702019733,38.33923047656173,10.538070272319256
24,39.99950000321371,39.99950000321371,-8.20465397378835,36.181349603506256,44.898269425703766,42.285416465315805,13.18776359769323,0.1077618738045804,0.0898117612807803,0.3695583304083281,0.204795775761136,11.5672904456608,56.04005494955399,38.33891300474752,10.538074684193726
24,39.99950000321371,39.99950000321371,-8.30915814673876,36.58851448028792,44.89285875893117,43.50461465251703,15.208160444180889,0.1246341072519829,0.3258323295675098,0.366492390205535,0.2154491664453212,10.860117521505698,54.67065908075628,140.01997285819124,10.519652048476305
24,39.99950000321371,39.99950000321371,-8.205719208931495,37.34800762356431,44.85483021066735,42.27724966255171,13.18776359769323,0.1242913841581707,0.4498074724049186,0.3695764826993657,0.2049936907537533,11.5672904456608,55.45450805262836,38.33891300474752,10.538070272319256
24,39.99950000321371,39.99950000321371,-10.861144596251291,36.177548213100366,44.90877297517376,41.85153893583296,44.31176596608056,0.1246135331422177,0.2131359901437038,0.3135761964760964,0.3376655235006293,11.5672904456608,64.39170891046669,31.84650229272642,6.096117545013385
24,39.99950000321371,39.99950000321371,-8.569912043807747,37.10238401997888,43.8007827837043,39.48510459516712,13.18776359769323,0.1230578701574792,0.4615886936746633,0.3137975523681782,0.2051142763380336,7.8310132434905935,47.51355190365327,53.98568781051867,10.516584794071113
24,39.99950000321371,39.99950000321371,-9.30887658786202,36.18513874772257,37.53358604972887,38.20473361343869,17.572787453714216,0.1246510468069962,0.4533866418456758,0.3697407648707716,0.2136643161801609,11.274808808224549,36.34024868936352,27.911064559323947,10.537516546079258
24,39.99950000321371,39.99950000321371,-8.20465397378835,36.291339898362615,44.89801236656941,42.285416465315805,13.18776359769323,0.1246341072519829,0.4500675496283834,0.3666709536676332,0.2049806100495576,8.365437864795728,55.42089573993592,38.33891300474752,10.538070272319256
25,39.99950000321371,39.99950000321371,-8.288701451760975,34.63686024311906,44.90894101916227,41.64277796245841,13.189489092625942,0.1086761311746873,0.4401799318718052,0.3695764826993657,0.2059475581315122,7.822409698829416,55.65888361909661,38.61814637902245,10.538070272319256
25,39.99950000321371,39.99950000321371,-8.77656306950562,36.18532090064947,37.53358604972887,42.28580392083775,17.572787453714216,0.1246344257949949,0.4969747829372799,0.3697407648707716,0.2136643161801609,11.274808808224549,37.10859618031674,27.68005266144099,10.53786582611493
25,39.99950000321371,39.99950000321371,-8.625305893084803,36.18205020716952,37.77992043853362,39.06041841737636,13.18776359769323,0.1042234457146149,0.4535374504322344,0.364622129896407,0.2059823295850195,11.5672904456608,47.20265630243149,21.8634753672858,10.538070263609264
25,39.99950000321371,39.99950000321371,-8.277963568174545,38.94381731770193,44.847706925438544,42.306485059796735,13.77087241580163,0.1087966038826163,0.4182978676167884,0.545364448286697,0.2049943351551031,3.8101841576727993,22.369274836832616,38.457887653910696,10.538026155515269
25,39.99950000321371,39.99950000321371,-8.112543914154053,37.303256790072695,44.85660439249661,43.55277029866375,13.748940307178197,0.1089312245654329,0.4495782273776513,0.3695764826993657,0.2049943448155056,11.307668037467806,25.943984550701742,38.46197679700354,7.39817221381327
25,39.99950000321371,39.99950000321371,-8.20471534794018,36.14467496344481,39.865458641660986,42.28540624652421,13.18822391406566,0.1087633066711481,0.4500675496283834,0.3667445429362651,0.2049946120099293,8.382464476880248,56.65533377813775,38.4652622631376,10.538070272319256
25,39.99950000321371,39.99950000321371,-11.021993240274824,37.39996054200976,44.89801236656941,42.285416465315805,44.50401709711153,0.1246341072519829,0.4496679205541428,0.3760062244350814,0.2047709249642653,11.5672904456608,64.3928449639236,38.39861623345242,10.515841419903811
25,39.99950000321371,39.99950000321371,-8.726801225496697,36.18205020716952,37.77992043853362,38.86373647544294,13.769212537584332,0.1087911392079408,0.4535374504322344,0.5542722440535128,0.2060024017115137,11.5672904456608,47.20265630243149,50.304652743616,10.538029786909304
25,39.99950000321371,39.99950000321371,-8.102811479086078,38.751489190442165,43.662455256283934,43.06620892469987,13.18776359769323,0.1332960290315017,0.4667287854846823,0.5340213006044651,0.2049673744787448,5.032332474567282,56.889851136261846,38.62215298249889,10.537502448163018
25,39.99950000321371,39.99950000321371,-7.980568541535099,35.62000370746475,40.48651200955454,44.752856903861336,13.937215722297177,0.1110607047828798,0.4492502757961098,0.433986275927424,0.205012458369572,11.168373824392695,54.73904099538891,38.33923047656173,10.5180403110876
25,39.99950000321371,39.99950000321371,-8.18756350908981,37.2973701202104,38.14158763748267,42.41810323955528,13.189423475910528,0.1085082411923077,0.4182978676167884,0.3550812563729931,0.2049943351551031,4.063274863448367,20.949254196727807,38.457887653910696,10.538070278590803
25,39.99950000321371,39.99950000321371,-7.903830001040184,37.58449855024965,41.29239996684977,44.59173358971843,13.18776359769323,0.1242913841581707,0.4500675496283834,0.3695764826993657,0.2049936907537533,11.528553540362124,55.45450805262836,60.55705885445059,10.475117486578846
25,39.99950000321371,39.99950000321371,-8.736967503201083,35.595961055283496,44.89801236656941,38.20434607315156,13.18776359769323,0.1246507282639842,0.4546793975356434,0.369558396912172,0.2049936907537533,11.5672904456608,63.62449747351255,38.56992490263055,10.537497436982916
25,39.99950000321371,39.99950000321371,-8.668830595554187,32.267768327963545,44.90933468591482,41.64035438000296,16.10138894591846,0.1086375777739381,0.1138972949231335,0.3695764826993657,0.2059475581315122,6.717079588132035,55.63738212379737,38.33891300474752,10.538061472749192
25,39.99950000321371,39.99950000321371,-7.860401650563023,39.08079209103437,44.949501866906616,44.91420512250032,13.177284443483565,0.1244170361572117,0.4492730401512554,0.3668274380979809,0.2049806102999992,3.941237962670238,55.45450805262836,38.33891300474752,10.538070272319256
25,39.99950000321371,39.99950000321371,-8.20617995030717,36.291339898362615,44.89870772385611,42.285416465315805,13.199462751004187,0.1047974596252561,0.4500675496283834,0.3666709536676332,0.2049806100495576,8.43188276263741,55.45450805262836,38.33891300474752,10.538070272319256
26,39.99950000321371,39.99950000321371,-8.203848150426658,38.97551753971836,44.85341099996357,42.28872913902058,13.184898292291692,0.1338584544506761,0.4682109437953794,0.3518093901633821,0.2049664986839828,6.759922638110623,55.4844946747486,38.33907329804605,10.538070302084828
26,39.99950000321371,39.99950000321371,-8.74509175159066,37.02542265653255,43.82573615982325,38.17354196849946,13.219245397361238,0.1121523632607804,0.4617790388035491,0.369403073991178,0.2049930100975064,11.5672904456608,63.62449747351255,29.30304086482034,10.537497436982916
26,39.99950000321371,39.99950000321371,-11.021890214776027,37.39996054200976,44.89880222872686,42.29529504432031,44.50401709711153,0.1246341072519829,0.4496679205541428,0.3747101675371516,0.2047736218642701,7.867438131469247,64.3928449639236,38.33785959920073,10.515841419903811
26,39.99950000321371,39.99950000321371,-8.20465397378835,36.25088589989251,37.77959525822988,42.285416465315805,13.18776359769323,0.1058733906247288,0.4502182005198343,0.5340213006044651,0.2050014855155721,5.0057016446828895,18.99574416842081,38.61742095676538,10.537502448163018
26,39.99950000321371,39.99950000321371,-8.204752531942969,36.291339898362615,44.93053941205035,42.285416465315805,13.188519210211966,0.1047974596252561,0.4500675496283834,0.3666648888817271,0.2049805481717306,8.43188276263741,56.647963401133445,38.33891300474752,10.538070272319256
26,39.99950000321371,39.99950000321371,-8.642005255464664,36.18205020716952,37.779628953117175,38.86373647544294,13.119110100672083,0.1087911392079408,0.4535374504322344,0.5542722440535128,0.2051012606680108,11.5672904456608,47.20265630243149,28.05286334850836,10.537999360190296
26,39.99950000321371,39.99950000321371,-7.931427594123765,39.08079209103437,44.994562199693846,44.942104886857805,13.749716441806727,0.1244170361572117,0.4505583622861212,0.3668274380979809,0.204980271466278,3.941237962670238,55.45450805262836,38.33755729297515,10.538070272319256
26,39.99950000321371,39.99950000321371,-8.203526745907745,37.50485802874826,44.89801236656941,42.28658581494978,13.18029086690925,0.1197613574801792,0.4184695789214925,0.3695601198959518,0.2049936907537533,11.5672904456608,64.3928449639236,38.331825736045744,10.537846717018589
26,39.99950000321371,39.99950000321371,-7.903830001040184,37.58449855024965,41.04922812423458,44.59173358971843,13.18776359769323,0.1243763028501345,0.4808536908167548,0.3695535578872717,0.2049936907537533,1.6687725437243452,55.45450805262836,60.72001641884114,10.5328397133731
26,39.99950000321371,39.99950000321371,-8.20465397378835,37.02264518227464,38.08413873956168,42.285416465315805,13.18776359769323,0.1254529801834983,0.4498041520924625,0.5340213006044651,0.2049937154457288,7.161382506215308,18.474668378817437,38.399552368247775,10.537502448163018
26,39.99950000321371,39.99950000321371,-8.18756350908981,37.34465236973644,38.14158763748267,42.41810323955528,13.189423475910528,0.1085082411923077,0.4182978676167884,0.3550812563729931,0.2049519561124842,4.063274863448367,20.949254196727807,38.457887653910696,10.537864385195457
26,39.99950000321371,39.99950000321371,-8.206142766304382,36.14467496344481,39.865458641660986,42.28540624652421,13.19916745485788,0.1087633066711481,0.4500675496283834,0.3667506077221713,0.2049946738877562,8.382464476880248,55.461878429632655,38.4652622631376,10.538070272319256
26,39.99950000321371,39.99950000321371,-8.736967503201083,35.59719234094474,44.89801129185592,38.20434607315156,13.18776359769323,0.1077840333181074,0.4532718344818785,0.36955832980733,0.2047888747959259,11.5672904456608,63.62449747351255,38.56992490263055,10.5374994620484
26,39.99950000321371,39.99950000321371,-8.674233380219409,42.65554240589925,44.53082937851208,41.59592151191101,16.098377426926536,0.1077060013166899,0.4441310575223705,0.3631573242494728,0.2059471138842064,11.72694655003002,67.27665519992419,38.33891300474752,7.283762066599494
26,39.99950000321371,39.99950000321371,-8.298270886742664,38.97551753971836,44.90387203157235,41.56515317039535,13.185229968755836,0.1089731314124667,0.4682109437953794,0.3695541518570288,0.2049800630626066,1.5736216910394791,56.33406045422124,38.33785070069163,10.5380840472365
26,39.99950000321371,39.99950000321371,-8.633809699127973,36.16984212986087,37.77992043853362,38.99522257104538,13.18776359769323,0.1085027765176322,0.4536093426779141,0.364622129896407,0.2060024017115137,6.96319656607311,45.451310718617535,21.84213007620993,10.537501171504111
26,39.99950000321371,39.99950000321371,-8.20465397378835,36.18011831784502,44.89827050041725,42.285416465315805,13.18776359769323,0.1246285687504774,0.0939552351299755,0.3695583975131701,0.2050005917189635,11.5672904456608,39.49444117311836,38.33891300474752,10.53807265912824
26,39.99950000321371,39.99950000321371,-8.669461917951839,32.267768327963545,41.40722871728818,41.64035438000296,16.106229084300452,0.1086713933083081,0.1138972949231335,0.332337228963541,0.2049858810881953,6.717079588132035,55.51951247367073,38.33891300474752,10.537498692858914
26,39.99950000321371,39.99950000321371,-8.815484344016618,36.18513874772257,40.69776568580783,38.20473361343869,13.790113584232804,0.1246355016905218,0.4533866418456758,0.3543255018110994,0.2060154254722785,11.45024473609482,36.34024868936352,50.16285395513576,10.537546972798268
26,39.99950000321371,39.99950000321371,-8.288701451760975,34.63008883597094,44.90894101916227,41.64277796245841,13.189489092625942,0.0899389521918182,0.4401799318718052,0.3695764826993657,0.2059475581315122,7.792619869977728,55.65888361909661,27.186384851901884,10.538070272319256
26,39.99950000321371,39.99950000321371,-10.788200727675472,35.60730811928938,44.89776920711071,41.02239694134785,43.765371989108814,0.1251306749783467,0.4546315382794784,0.3757490877751901,0.2051149650850225,7.976071346217935,55.45450805262836,38.76224050895556,10.516527128954982
26,39.99950000321371,39.99950000321371,-8.151645904314599,37.34800762356431,44.9494463626809,42.69214334107871,13.188095274157376,0.1242913841581707,0.4500675496283834,0.3698227766217087,0.2049938551708106,11.5672904456608,56.30051122384848,38.337690407393104,10.538084017470927
27,39.99950000321371,39.99950000321371,-8.140317767281097,37.23214032738164,44.644674525423,42.77866071520475,13.18776359769323,0.1246507282639842,0.4546793975356434,0.366580866618699,0.2049937161676132,7.223116830157775,63.62449747351255,38.395321746314295,10.537502457237238
27,39.99950000321371,39.99950000321371,-8.204314228331299,38.958393074465,44.96082240269224,42.285416465315805,13.185158882522494,0.1056095045215716,0.4507982893756026,0.5383183439519692,0.2049778441218471,5.032332474567282,56.47518688337725,38.61990788916811,10.537502448163018
27,39.99950000321371,39.99950000321371,-7.903830001040184,37.53777026850457,39.98506771862184,44.59173358971843,13.18776359769323,0.1243763028501345,0.4808536908167548,0.369619835645919,0.2049937015204959,8.889418539723113,55.45450805262836,60.72001641884114,10.5328397133731
27,39.99950000321371,39.99950000321371,-8.694930159537861,37.02264518227464,44.60212678089536,42.285416465315805,16.946547688439466,0.1254529801834983,0.44933059968833,0.3606796352366587,0.2049937154457288,11.83621337641786,20.15468182250141,38.401265097181614,10.679458641663054
27,39.99950000321371,39.99950000321371,-8.26157230657131,37.39996054200976,44.89801236656941,42.285416465315805,13.62413748236256,0.1246341072519829,0.4495793992863897,0.3698173514791548,0.2047709249642653,11.5672904456608,69.00522782189967,38.39861623345242,10.515841419903811
27,39.99950000321371,39.99950000321371,-8.633809699127973,35.60470414861532,37.7915972095088,38.99522257104538,13.18776359769323,0.1085429588160687,0.4534586760277032,0.3597197156048113,0.2049315332777728,11.18952147187189,46.69496027762308,21.84213007620993,10.538070263609264
27,39.99950000321371,39.99950000321371,-7.931427594123765,39.08079209103437,44.994562199693846,44.942104886857805,13.749716441806727,0.1244170361572117,0.4505583622861212,0.3668274380979809,0.2060511399000189,4.319008190979399,55.45450805262836,38.33755729297515,10.538070272319256
27,39.99950000321371,39.99950000321371,-11.112897891018726,37.02542265653255,43.82653882538895,38.12874504134879,44.6939119169055,0.1121456040218859,0.4617790388035491,0.3754506749002622,0.2051098506820266,11.620787435990016,55.54363304752851,29.30304086482034,10.537497436982916
27,39.99950000321371,39.99950000321371,-8.151633281290813,37.34800762356431,44.69653686100106,42.69214334107871,13.18799849764167,0.1242913841581707,0.4511966079422655,0.3698227766217087,0.2049953915870851,11.5672904456608,56.30051122384848,38.338553080382944,10.538110471268666
27,39.99950000321371,39.99950000321371,-8.160274790079072,37.068062576191785,44.63856173248207,42.70100734023241,13.263114064172,0.1364981784570698,0.4500641327857492,0.3820394241259418,0.2049937154457288,7.134751676330874,18.474668378817437,38.34348142505314,10.537493673463592
27,39.99950000321371,39.99950000321371,-7.954182455663151,37.39996054200976,44.89834218347769,44.17583983198225,13.157905325399812,0.1246341072519829,0.4496679205541428,0.369580254725934,0.2047736218642701,7.867438131469247,64.3928449639236,38.337859603806656,10.515580037280891
27,39.99950000321371,39.99950000321371,-8.70295406164863,37.39996054200976,44.9595862166633,39.01138291573406,13.734030721706944,0.1246341072519829,0.4495023181817479,0.3760062244350814,0.2047709249642653,11.5672904456608,64.3928449639236,38.39861623345242,10.53730480730158
27,39.99950000321371,39.99950000321371,-8.206107043901223,28.945734600797383,38.26959638496125,42.285416465315805,13.198903801891914,0.1075105762620663,0.4500676461585616,0.5186528282124371,0.2049806100495576,8.43188276263741,55.45450805262836,38.39498394794215,10.538079047018678
27,39.99950000321371,39.99950000321371,-8.298610632199718,36.22259297122863,43.58525487628745,41.56515317039535,13.187834683926576,0.1089731314124667,0.4682109437953794,0.3652571011810507,0.2050037044563316,1.5736216910394791,52.93937259492894,38.33785070069163,10.5380840472365
27,39.99950000321371,39.99950000321371,-8.835586316147587,38.22695409708214,40.75799057799927,38.058161413241216,13.797656503706111,0.1437592219990481,0.4682109437953794,0.3519348376843922,0.2059021074691419,5.184594940258374,55.4844946747486,38.33907329804605,10.538070302084828
27,39.99950000321371,39.99950000321371,-11.014780747509915,37.303256790072695,44.85660439249661,43.55277029866375,44.271888890738985,0.1089312245654329,0.4496667486454044,0.3757653556552923,0.2049943448155056,11.307668037467806,23.322906973303706,38.46197679700354,7.39817221381327
27,39.99950000321371,39.99950000321371,-11.267162657468234,36.18513874772257,40.69776568580783,38.20473361343869,43.82315323951554,0.1247751275694734,0.4533866418456758,0.3396944770354269,0.2060154254722785,0.0443328948424568,55.6325588791821,29.696682816540097,10.536794258493194
27,39.99950000321371,39.99950000321371,-8.20465397378835,36.19866959930465,35.97162153315307,42.285416465315805,13.18776359769323,0.1183595258210294,0.4502155462837942,0.5340213006044651,0.2049934651448722,2.1026661198873797,18.48984375242289,38.61981872302764,10.537502448163018
27,39.99950000321371,39.99950000321371,-8.288701451760975,36.17872437271664,44.90894101916227,41.64277796245841,13.189489092625942,0.0899389521918182,0.4401799318718052,0.3695764826993657,0.2059475581315122,7.792619869977728,55.65888361909661,27.186384851901884,2.98957867857768
28,39.99950000321371,39.99950000321371,-8.351517223997249,36.17872437271664,44.90894101916227,41.16125693763284,13.18955565494512,0.0899389521918182,0.4765649237560699,0.3695764826993657,0.2059475581315122,7.792619869977728,55.66374065885271,43.57825107101623,2.98957867857768
28,39.99950000321371,39.99950000321371,-8.20532224499756,35.5961432082104,44.83076746042708,42.28029305271187,13.18776359769323,0.1246341072519829,0.4505956158669139,0.5400419714066992,0.2049936907537533,11.5672904456608,64.3928449639236,38.33891300474752,10.5378485203308
28,39.99950000321371,39.99950000321371,-8.14977819715524,37.068062576191785,38.07175747780947,42.70613075283634,13.18776359769323,0.139211294809061,0.4548313378019843,0.3635377150763507,0.2049937154457288,7.134751676330874,18.474668378817437,38.399552368247775,10.537500644850804
28,39.99950000321371,39.99950000321371,-8.20465397378835,36.19866959930465,36.16310190697154,42.285416465315805,13.18776359769323,0.1393864872831459,0.4502150242819831,0.5340213006044651,0.2049934754639626,2.1026661198873797,18.489424079524,38.41609674358954,10.537502448163018
28,39.99950000321371,39.99950000321371,-11.099432089443,36.90449874919789,43.80885273013486,40.99159283672725,43.98661672853255,0.1135314527920149,0.4617311795473841,0.3755937648541961,0.2051142844287756,7.976071346217935,70.3122514354462,29.486414675234077,10.516527128954982
28,39.99950000321371,39.99950000321371,-8.73977689947121,36.18513874772257,36.65926503918792,38.135054918041234,13.140011147320552,0.1246355016905218,0.4533866418456758,0.3543255018110994,0.2051142844287756,11.45024473609482,26.82323997544052,27.911064559323947,10.537516546079258
28,39.99950000321371,39.99950000321371,-8.040235486059405,38.97551753971836,44.85341099996357,43.54309289916952,13.184898292291692,0.1338584544506761,0.4682109437953794,0.3335951332174811,0.2049664986839828,6.871440858091793,55.48453351462708,38.33907329804605,10.538070302084828
28,39.99950000321371,39.99950000321371,-7.903830001040184,37.58449855024965,41.29239996684977,44.59173358971843,13.18776359769323,0.1242913841581707,0.4500675496283834,0.3695764826993657,0.2049936907537533,11.528553540362124,57.43451115751527,60.55705885445059,10.475117486578846
28,39.99950000321371,39.99950000321371,-8.160274790079072,37.07279488405657,44.63856173248207,42.70100734023241,13.263114064172,0.1364981784570698,0.4536832949160221,0.3820394241259418,0.1787690862245369,7.134751676330874,18.474668378817437,38.34348142505314,10.537493673463592
28,39.99950000321371,39.99950000321371,-11.267162657468234,36.18513874772257,40.69776568580783,38.20473361343869,43.82315323951554,0.1247751275694734,0.4533866418456758,0.3396944770354269,0.2060154254722785,0.0815302113737606,55.63252003930362,29.696682816540097,10.536794258493194
28,39.99950000321371,39.99950000321371,-7.954182455663151,37.41408220044581,44.89834218347769,44.17583983198225,13.157905325399812,0.1246341072519829,0.4502378701669111,0.369580254725934,0.2047736218642701,6.9640869823921525,64.3928449639236,38.337859603806656,10.51744457378006
28,39.99950000321371,39.99950000321371,-8.744829464683676,37.02542265653255,43.82573615982325,38.17354196849946,13.217234531074354,0.1240636013196299,0.4617790388035491,0.369403073991178,0.2049929894945415,11.623334170179977,55.28748539234356,29.30304086482034,10.537497436982916
28,39.99950000321371,39.99950000321371,-11.112897891018726,37.02542265653255,43.82653882538895,41.525578746606286,44.6939119169055,0.1122893512816059,0.4618635366883605,0.3757176292526878,0.2051098506820266,11.022751620682666,55.54363304752851,38.34773854001804,10.538088646189312
28,39.99950000321371,39.99950000321371,-8.14031780574378,37.22992047929112,44.644674525423,42.77866071520475,13.187763892573804,0.1242867345630444,0.4547446796002131,0.366599200020168,0.2049937161676132,7.203944939767593,56.27313935550298,38.395321746314295,10.537502457237238
28,39.99950000321371,39.99950000321371,-11.112897891018726,37.02542265653255,43.82653882538895,41.47990538637047,44.6939119169055,0.1122114083697407,0.4617790388035491,0.3695838372474885,0.2371250768818598,11.620787435990016,55.54363304752851,29.30304086482034,10.538071520848002
28,39.99950000321371,39.99950000321371,-8.007497044548721,37.04724329259364,39.98506771862184,44.59173358971843,13.982544264592018,0.1126075508662664,0.4811233328563445,0.3753567469025545,0.2049937015204959,7.965863352383887,55.45450805262836,25.37132779340436,10.5328397133731
28,39.99950000321371,39.99950000321371,-8.15044646836445,37.068062576191785,38.19335510113559,42.70100734023241,13.18776359769323,0.1181843333469545,0.4500647513177385,0.5340213006044651,0.2049937051266383,7.134751676330874,18.47508805171633,38.60327434768588,10.537502448163018
28,39.99950000321371,39.99950000321371,-8.741336152805541,38.97551753971836,44.90387203157235,38.16831946391332,13.185229968755836,0.1088293841527467,0.4681264459105679,0.3692871975046031,0.2049800630626066,2.1734299766670784,56.33406045422124,29.293153025493933,10.537492838030104
29,39.99950000321371,39.99950000321371,-10.939855866650923,35.698767136379395,43.82653882538895,41.54846274206055,44.6939119169055,0.1110672446034981,0.4486555152622715,0.3695838372474885,0.2342101355331282,11.657448850056934,64.49594739926263,29.30304086482034,10.537870331908769
29,39.99950000321371,39.99950000321371,-8.52319170199327,33.25985572871228,41.23535598610572,39.84017077315613,13.184640488437893,0.1089298436328335,0.470335135081611,0.5297148311023802,0.205890502701864,9.48097972693222,46.792413959381406,60.12692625061198,10.919522548548684
29,39.99950000321371,39.99950000321371,-11.421711196010548,39.67956510816231,40.48065762524786,44.91420512250032,44.24912127217787,0.1246358627103049,0.4492730401512554,0.3755910457134319,0.2049849254131271,8.197894400809483,55.45450805262836,38.33891300474752,10.516747886298525
29,39.99950000321371,39.99950000321371,-8.15044646836445,37.068062576191785,40.78558850150581,42.70100734023241,13.18776359769323,0.1181843333469545,0.437474925195974,0.5247632849454821,0.2049686918641298,7.186901714459012,18.47508805171633,38.60327434768588,10.538066651728393
29,39.99950000321371,39.99950000321371,-8.633809699127973,36.16984212986087,44.94909279495922,38.99522257104538,13.18776359769323,0.1085027765176322,0.4536093426779141,0.3692877928882462,0.2060024017115137,6.96319656607311,45.451310718617535,21.84213007620993,10.537504442343549
29,39.99950000321371,39.99950000321371,-8.298270886742664,38.97551753971836,44.64024432639883,41.56515317039535,13.185229968755836,0.1089731314124667,0.4682109437953794,0.3813316729685761,0.1772039401961699,7.067717678240372,56.19445553692982,38.34346611567939,10.5380840472365
29,39.99950000321371,39.99950000321371,-11.267162657468234,36.18513874772257,40.69776568580783,38.20473361343869,43.82315323951554,0.1247637018069084,0.4533866418456758,0.3396944770354269,0.2060154254722785,0.0443328948424568,19.927974425814533,29.819584353138687,10.543380854709168
29,39.99950000321371,39.99950000321371,-8.138606703977455,36.99634676562592,44.96082240269224,42.78917415202863,13.185158882522494,0.1052979927073533,0.4507982893756026,0.5373941611148152,0.2049778441218471,5.032332474567282,59.79455292816613,38.61990788916811,10.537502448163018
29,39.99950000321371,39.99950000321371,-8.001569834159511,35.545617121961264,41.32649577461723,44.59184699374087,13.937215722297177,0.1110607047828798,0.4492241275630644,0.4537776614596328,0.205012458369572,11.16686210511454,54.73904099538891,61.43253140099778,10.5180403110876
29,39.99950000321371,39.99950000321371,-8.14031780574378,37.2454962092034,44.644674525423,42.77866071520475,13.187763892573804,0.1242867345630444,0.4547446796002131,0.366053697496188,0.2049937161676132,11.933398718195082,56.69584222104057,38.395321746314295,10.644530996448044
29,39.99950000321371,39.99950000321371,-8.351517223997249,36.17872437271664,44.64829379968624,41.16125693763284,13.18955565494512,0.0899389521918182,0.4765649237560699,0.3695764826993657,0.204132728379302,7.792619869977728,55.66374065885271,43.57825107101623,10.403052142049756
29,39.99950000321371,39.99950000321371,-8.245085503891005,37.39996054200976,43.877774519427646,42.285416465315805,13.497738661813584,0.1246341072519829,0.4495793992863897,0.3698173514791548,0.2051196787691989,11.43013413543585,69.00522782189967,15.46809963011814,9.402065757371751
29,39.99950000321371,39.99950000321371,-8.292325686885356,37.027874203221664,44.887781754681946,41.64277796245841,13.217274895246216,0.0899389521918182,0.4388872931807881,0.3695898765475734,0.2050093110210244,7.792619869977728,55.65888361909661,27.186384851901884,10.538070272319256
29,39.99950000321371,39.99950000321371,-8.351517223997249,37.38479614316896,44.90894101916227,41.16125693763284,13.18955565494512,0.0899389521918182,0.4477340909733845,0.3695764826993657,0.2047889927091674,7.792619869977728,55.66374065885271,43.57825107101623,10.00638052411952
29,39.99950000321371,39.99950000321371,-11.1143611657456,37.03664109610524,43.82653882538895,41.345586178774255,44.6939119169055,0.1122893512816059,0.4617313966332698,0.3755951701869482,0.2051098506820266,11.015777286655968,55.548210276678425,38.34773854001804,10.538088646189312
29,39.99950000321371,39.99950000321371,-8.744829464683676,36.95157333506246,43.82573615982325,38.17354196849946,13.217234531074354,0.1240636013196299,0.4617790388035491,0.369403073991178,0.2049929894945415,11.623334170179977,55.35464738524763,21.88373118094859,10.537510872630916
29,39.99950000321371,39.99950000321371,-8.160274790079072,37.07279488405657,44.8992079165933,42.70100734023241,13.263114064172,0.1364981784570698,0.4536832949160221,0.3820394241259418,0.1805839159767472,7.134751676330874,18.474668378817437,38.34348142505314,3.1240302532268527
29,39.99950000321371,39.99950000321371,-7.883002581656079,36.302449346754656,44.83030842358412,44.751635736762445,13.187988862792473,0.1047974596252561,0.4500675496283834,0.3666709536676332,0.2049805721502085,8.43188276263741,55.45450805262836,38.33891300474752,10.53784774381078
30,39.99950000321371,39.99950000321371,-8.189235982233246,34.561329612135935,40.67237528318108,42.28029305271187,13.064435583166814,0.1544761774093249,0.2241437174513734,0.5393639838708184,0.2049936907537533,9.540955328414151,65.33355477358481,58.55657706808525,6.535459826641839
30,39.99950000321371,39.99950000321371,-11.15305114552325,36.18513874772257,40.86973354871789,38.20473361343869,44.69800816442709,0.1247751275694734,0.4533866418456758,0.3726458572975014,0.2060154254722785,0.0815302113737606,55.5851001646246,29.696682816540097,10.536794258493194
30,39.99950000321371,39.99950000321371,-7.89029672097822,37.58449855024965,41.20129483947584,44.69549581482204,13.187770675655102,0.104716654796906,0.4507725969876752,0.3695764826993657,0.2049936907537533,11.528553540362124,57.43451115751527,61.0964752960761,10.475117486578846
30,39.99950000321371,39.99950000321371,-7.888655775476703,37.07819393551788,44.63753183609733,44.7834197855172,13.263114064172,0.1364981784570698,0.4503861799280051,0.4409017016658494,0.1784697260625912,7.134751676330874,18.474668378817437,38.34348142505314,10.537493673463592
30,39.99950000321371,39.99950000321371,-8.107340988262855,37.07279488405657,44.91936486429255,42.70941301008911,12.8656939201044,0.1247001328745295,0.4496359580825834,0.3820394241259418,0.2051304580284594,7.069986723077244,22.14330725418466,42.57347199713254,3.1240302532268527
30,39.99950000321371,39.99950000321371,-8.71003898361477,37.39996054200976,44.83188436000128,38.38093978435319,13.157905325399812,0.1210105916838849,0.4496679205541428,0.369580254725934,0.2047736218642701,7.867438131469247,38.910900155368175,38.337859603806656,10.515580037280891
30,39.99950000321371,39.99950000321371,-10.972214164634906,37.07279488405657,44.95248628852225,42.65548865228117,43.3512740737136,0.1367089632397419,0.4555089783258592,0.3820394241259418,0.1805839159767472,0.4156582656690282,18.43905834897472,38.34348142505314,10.075862022059177
30,39.99950000321371,39.99950000321371,-8.85372160737813,36.17872437271664,44.64829379968624,37.943485243761245,13.822017566993631,0.091543218853789,0.4765649237560699,0.3499813143036233,0.2058500429999353,7.792619869977728,55.66374065885271,43.57825107101623,10.403052142049756
30,39.99950000321371,39.99950000321371,-8.835586316147587,38.22695409708214,40.76543579238987,38.058161413241216,13.797656503706111,0.1261178755130153,0.4545709106143857,0.3524893132449679,0.2058554150351442,5.184594940258374,55.85671396638388,51.68147444060536,10.538066754852997
30,39.99950000321371,39.99950000321371,-8.151860214425334,37.07279488405657,44.6446094487625,42.70100734023241,13.198602317493323,0.1419114764007167,0.4536832949160221,0.3807424185595187,0.2061165195959031,7.220026253219938,16.734520086138083,38.39641380908229,10.537493673463592
30,39.99950000321371,39.99950000321371,-10.939855866650923,35.698767136379395,43.82653882538895,41.54846274206055,44.6939119169055,0.1110672446034981,0.4486555152622715,0.3695838372474885,0.2404745137526268,3.472773544296736,51.731669930607,29.30304086482034,10.537870331908769
30,39.99950000321371,39.99950000321371,-7.925064380954332,37.41408220044581,44.89834218347769,44.39907840474989,13.157905325399812,0.1246341072519829,0.4502786688692635,0.370847402348995,0.2047632934185744,6.9640869823921525,64.3928449639236,37.03049331576874,10.515439081863518
30,39.99950000321371,39.99950000321371,-11.421711196010548,39.67956510816231,40.48065762524786,44.91420512250032,44.24912127217787,0.1246358627103049,0.4492730401512554,0.452337162401329,0.2049849254131271,8.197894400809483,49.12629809050456,38.33891300474752,10.516747886298525
30,39.99950000321371,39.99950000321371,-8.782281739156872,36.18513874772257,40.51237768980362,38.25025142407109,13.581078090940492,0.1245529170242362,0.4533866418456758,0.3396944770354269,0.2060154254722785,6.869781181851937,19.963584455657248,29.819584353138687,3.591554847753538
30,39.99950000321371,39.99950000321371,-7.954182455663151,37.4086831489845,44.899371580515165,44.17583983198225,13.157905325399812,0.1246341072519829,0.4535349851549282,0.3701033656311517,0.2050729820262158,6.9640869823921525,64.3928449639236,38.337859603806656,10.51744457378006
30,39.99950000321371,39.99950000321371,-7.884298858492265,35.62000370746475,40.48651200955454,44.752856903861336,13.199148152302122,0.1111398267888953,0.4282406889885665,0.433986275927424,0.2047931267445939,11.47746970219842,54.73904099538891,44.140287206704585,10.5180403110876
30,39.99950000321371,39.99950000321371,-11.115281641178449,37.04371880601387,43.82655955697905,40.99159283672725,44.54298904729734,0.1137682991888587,0.4482017080042639,0.3755937648541961,0.2051142844287756,7.976071346217935,64.1250460245407,29.49535647114533,10.516527128954982
30,39.99950000321371,39.99950000321371,-8.148732342934839,37.23214032738164,44.63862680914256,42.77866071520475,13.252275344371908,0.1246507282639842,0.4546793975356434,0.3678778721851221,0.177646282796247,7.137842253268712,63.62449747351255,38.34238936228515,10.537502457237238
30,39.99950000321371,39.99950000321371,-8.15224921579324,36.99634676562592,44.95974595335558,42.68457448347908,13.185151804560622,0.1009725182673073,0.4500932420163108,0.5373941611148152,0.2049778441218471,5.032332474567282,55.60629118989086,38.08049144758169,10.537502448163018
31,39.99950000321371,39.99950000321371,-10.918985831437318,35.53878426466517,43.82655955697905,40.99159283672725,44.86987239192533,0.1137682991888587,0.4492260219610862,0.4571567351339923,0.2051187268661556,11.01821710223254,64.1250460245407,27.714994182436826,10.516527128954982
31,39.99950000321371,39.99950000321371,-10.997700253406537,36.18513874772257,43.8694368049391,37.78491175939955,44.678433298257886,0.1482558390242714,0.4534905893192146,0.3376922146178549,0.2400235168128094,6.214845224944909,55.63252003930362,29.696682816540097,45.76902669807773
31,39.99950000321371,39.99950000321371,-7.89029672097822,37.58449855024965,41.20129483947584,44.69549581482204,13.187770675655102,0.104716654796906,0.4507725969876752,0.3501397859022554,0.2049936907537533,11.528553540362124,57.43451115751527,61.0964752960761,10.475117486578846
31,39.99950000321371,39.99950000321371,-8.896250261373076,38.22695409708214,40.75799057799927,37.59307116651247,13.797656503706111,0.1437592219990481,0.4682109437953794,0.3519348376843922,0.2059021074691419,5.184594940258374,55.4844946747486,51.27194255462974,10.538070302084828
31,39.99950000321371,39.99950000321371,-11.353553861937364,35.698767136379395,40.6548541948596,41.54846274206055,43.838629237377255,0.124720156135901,0.4485515677887327,0.3715860996650605,0.188179167435218,0.0511673470983864,51.731669930607,29.30304086482034,10.537870331908769
31,39.99950000321371,39.99950000321371,-11.103324087904468,37.03923505714672,43.91375038321244,41.47990538637047,44.98528177482878,0.1122114083697407,0.4617790388035491,0.4548998047980838,0.20503860544415,11.590285514759405,54.57664394965175,29.30304086482034,15.854386521489616
31,39.99950000321371,39.99950000321371,-7.884945981500195,35.62022471382492,44.47922743316956,44.74789562746725,13.199148152302122,0.1111398267888953,0.4284700215770997,0.4320933025250619,0.2061295861190988,7.480686625112122,54.73904099538891,38.694516934763385,10.518078687324248
31,39.99950000321371,39.99950000321371,-8.168735401385916,37.04724329259364,39.98506771862184,44.6315942849365,15.258565695561938,0.1126075508662664,0.4811233328563445,0.3753567469025545,0.2049937015204959,7.965863352383887,55.35172912376344,26.221937764406107,6.466530685552691
31,39.99950000321371,39.99950000321371,-11.523491802153645,35.6045415818955,37.37602838125176,41.02925789807381,43.765371989108814,0.1089114080833497,0.4534349844708445,0.3757490877751901,0.1765643180309084,7.983983631025049,55.45450805262836,38.76224050895556,10.516527128954982
31,39.99950000321371,39.99950000321371,-8.634704606527059,35.6074706860092,44.96179947866992,38.98836161431909,13.18776359769323,0.1247622257110764,0.4546552298363371,0.3597197156048113,0.2051181444795821,11.181609187064796,46.69496027762308,21.84213007620993,10.538070263609264
31,39.99950000321371,39.99950000321371,-11.224303853733026,36.18513874772257,40.69776568580783,38.13282917504127,44.07983296308807,0.1247751275694734,0.4533866418456758,0.3396944770354269,0.2060154254722785,0.0443328948424568,55.59567411006624,29.736377047271628,10.537557449322328
31,39.99950000321371,39.99950000321371,-8.699124376489259,42.18300629583139,44.83188436000128,38.46474067002333,13.158027556441024,0.1210492024012291,0.2200460429837606,0.369580254725934,0.2047867302373181,7.867438131469247,38.910900155368175,39.400647365337534,10.493274172078232
31,39.99950000321371,39.99950000321371,-8.833572494669877,37.04724329259364,40.52049206508824,38.258488472122906,13.982544264592018,0.1244607661894472,0.4528515293127469,0.3380494159392587,0.2049357515741959,7.902906882275525,20.57457682670203,25.37132779340436,10.833986078199214
31,39.99950000321371,39.99950000321371,-10.939855866650923,35.698767136379395,43.82653882538895,41.562865868319946,44.6939119169055,0.111096929025003,0.4486555152622715,0.3695837696581942,0.2052252875542383,3.472773544296736,51.68497987215441,29.30304086482034,10.537870331908769
31,39.99950000321371,39.99950000321371,-7.925064380954332,37.41408220044581,44.89834218347769,44.39907840474989,13.157905325399812,0.1246341072519829,0.4502786688692635,0.370847402348995,0.2047632934185744,6.9640869823921525,74.16077793054718,37.03049331576874,10.515439081863518
31,39.99950000321371,39.99950000321371,-8.167305877458343,37.39996054200976,43.877774519427646,42.285416465315805,12.901428192496486,0.1246341072519829,0.4495793992863897,0.3698173514791548,0.2051196787691989,11.564324629686238,69.04991105938382,15.721178170671063,9.513424758146174
31,39.99950000321371,39.99950000321371,-8.073058786830963,37.39869935106523,44.89983877837424,44.55122581848974,14.44467651752719,0.1246341072519829,0.4535349851549282,0.3701033656311517,0.2050729820262158,0.7500749467195358,69.22532021742646,38.337859603806656,10.513631916561115
31,39.99950000321371,39.99950000321371,-8.218288292122857,37.07240887763412,43.7788663858452,42.8020803213928,13.80895722766808,0.1247001328745295,0.4496359580825834,0.3820394241259418,0.2051113815290654,7.167438481192769,22.14330725418466,38.29890482993033,10.379293924942674
32,39.99950000321371,39.99950000321371,-10.98864506556307,36.164014400712254,43.91773556472869,41.70022938944786,44.07917230342715,0.111096929025003,0.4486555152622715,0.3704363200201609,0.2052141320584868,3.472773544296736,51.57446541780055,29.30304086482034,10.53753639163489
32,39.99950000321371,39.99950000321371,-11.224303853733026,36.18513874772257,40.69776568580783,38.13282917504127,44.07983296308807,0.1247751275694734,0.4533866418456758,0.3396944770354269,0.2092926976249623,0.0443328948424568,55.59567411006624,29.736377047271628,10.537557449322328
32,39.99950000321371,39.99950000321371,-8.08715770313021,37.39869935106523,44.89983877837424,43.04322167512865,13.044764065793643,0.1086184036338641,0.4530580545264952,0.3701033656311517,0.2050729820262158,9.144555626668392,69.22532021742646,38.62569309722706,10.421773032605486
32,39.99950000321371,39.99950000321371,-7.910558025223324,42.18300629583139,44.83188436000128,44.55044421798467,13.19805574469688,0.1210492024012291,0.4260496481083214,0.369580254725934,0.2047864469907646,7.867438131469247,55.22418080768942,39.400647365337534,10.518298039209192
32,39.99950000321371,39.99950000321371,-10.940029242312548,35.70009634978516,43.82653882538895,41.80731858202336,44.825633372219215,0.0971453688825497,0.4486555152622715,0.3697030478196065,0.2404745137526268,3.472773544296736,46.4140411816873,29.30304086482034,10.538066122078536
32,39.99950000321371,39.99950000321371,-11.099716353728198,36.18513874772257,37.53358604972887,37.608562518884455,44.510737140301565,0.1246355016905218,0.4533878472180157,0.3543255018110994,0.2051142844287756,11.276810392508285,54.07815287908369,27.911064559323947,10.537516546079258
32,39.99950000321371,39.99950000321371,-8.247046696585521,37.19867854626348,44.91441778037806,42.70941301008911,13.936771017244796,0.1247001328745295,0.4492235309168855,0.3799896338129461,0.2051279384546395,7.069986723077244,54.7992618588267,61.65089570432027,3.124482392639879
32,39.99950000321371,39.99950000321371,-8.74860535581087,35.71989148338971,37.44100940603409,38.06737008610382,13.140011147320552,0.1246355016905218,0.4533866418456758,0.3534729514491326,0.2051254399245271,11.45024473609482,36.45076314371756,27.911064559323947,10.537850486353138
32,39.99950000321371,39.99950000321371,-7.954182455663151,37.41220667405784,43.826952674427055,44.17583983198225,13.157905325399812,0.1246341072519829,0.4486359432997862,0.3701033656311517,0.2050729820262158,6.9640869823921525,51.30592409898519,29.477875293071573,7.978682153774391
32,39.99950000321371,39.99950000321371,-8.20532224499756,36.03171508257967,44.83076746042708,42.28029305271187,13.18776359769323,0.1246341072519829,0.5314455957313359,0.5400419714066992,0.2051018089753795,11.505287682197368,64.3928449639236,59.31072194608285,6.734342651822674
32,39.99950000321371,39.99950000321371,-7.861864125836849,35.419733459754354,41.29052457224562,44.59184699374087,12.86613862515678,0.1110607047828798,0.4496365547287623,0.455827451772628,0.2050149779433919,11.16686210511454,23.691110408587555,42.35510769381084,10.517594578594116
32,39.99950000321371,39.99950000321371,-7.886288821850805,38.9723146726691,40.05776349341614,44.6315942849365,13.093141919126072,0.0926784136183066,0.4844210805268497,0.3528652651353001,0.2058932227440527,7.965863352383887,39.69515658598452,26.221937764406107,6.466530685552691
32,39.99950000321371,39.99950000321371,-8.149262029103397,37.1962280762424,40.78558850150581,42.71079740890004,13.188472965359471,0.1181843333469545,0.4437656644419819,0.5247632849454821,0.2049686918641298,7.222211305253721,28.44123752947908,39.35323550695613,13.938149864885103
32,39.99950000321371,39.99950000321371,-8.001569834159511,35.489019776868524,44.66203795157016,44.59184699374087,13.937215722297177,0.1244634902874443,0.4536316015909274,0.3736817554728935,0.205012458369572,11.16686210511454,54.78411919930811,61.43253140099778,10.5180403110876
32,39.99950000321371,39.99950000321371,-11.114375238725131,37.03676972053844,43.82655955697905,40.99159283672725,44.88028079827516,0.1226563936114252,0.4617311795473841,0.3755937648541961,0.2051183966102767,7.976071346217935,64.5151652050061,29.49535647114533,10.516527128954982
32,39.99950000321371,39.99950000321371,-11.481216280199412,33.39868652944727,37.37602838125176,41.02925789807381,43.765371989108814,0.1089114080833497,0.4534349844708445,0.3757490877751901,0.1765643180309084,7.983983631025049,55.45450805262836,38.76224050895556,10.516527128954982
32,39.99950000321371,39.99950000321371,-8.297995482665613,36.915823974252845,43.82655955697905,42.30752793526289,13.925493302365982,0.1126323099751428,0.4617311795473841,0.3683574478882181,0.2003957895916589,11.721601812001891,64.79916961530665,29.49535647114533,10.516527128954982
32,39.99950000321371,39.99950000321371,-7.925064380954332,37.41408220044581,44.89834218347769,44.39907840474989,13.157905325399812,0.1364880501461589,0.4502786688692635,0.370847402348995,0.2047632934185744,6.9640869823921525,74.16077793054718,37.03049331576874,10.515439081863518
32,39.99950000321371,39.99950000321371,-7.9289806456547325,37.41408220044581,44.8984037304078,44.39907840474989,13.187930021436264,0.1246310320973874,0.4544923098543659,0.370847402348995,0.2047632934185744,11.174686659143314,65.03950237841674,37.03049331576874,10.53756576487525
33,39.99950000321371,39.99950000321371,-8.208215411770688,35.62000370746475,40.53322538900845,42.26949666206016,13.199148152302122,0.1111484395098962,0.4282406889885665,0.4398097256154166,0.2047931267445939,11.47746970219842,64.51001629410543,44.140287206704585,10.5180403110876
33,39.99950000321371,39.99950000321371,-11.353553861937364,35.698767136379395,40.6548541948596,41.54846274206055,43.838629237377255,0.1770410368088001,0.4485515677887327,0.3715860996650605,0.188179167435218,0.0511673470983864,51.731669930607,29.30304086482034,10.537870331908769
33,39.99950000321371,39.99950000321371,-8.149262029103397,37.42057451621884,39.09215549775004,42.71079740890004,13.188472965359471,0.1358012232177434,0.4437656644419819,0.5247632849454821,0.2062578845650937,7.222211305253721,28.41639936549388,39.35323550695613,13.938149864885103
33,39.99950000321371,39.99950000321371,-8.293782102589539,37.42783576778445,43.82530894938429,42.285647664386936,13.8713104509068,0.1126323099751428,0.4618647826843923,0.368384131074983,0.2051003385908665,11.562884340832994,69.081726311323,15.457420279006346,10.516527128954982
33,39.99950000321371,39.99950000321371,-10.782253467269015,35.54295805257437,44.87901480351187,42.29006408864178,44.48697473903098,0.1143301227436965,0.4492142726584403,0.4568292678993949,0.2051187268661556,11.01821710223254,64.1283514179777,27.714994182436826,10.515812431656585
33,39.99950000321371,39.99950000321371,-8.171519257534417,36.88794874847815,43.8790251270224,42.30729673619175,12.955611043955669,0.1246341072519829,0.4494457961493815,0.3697906682923899,0.2004151297699913,11.72304210085514,64.76735436336747,29.759114366065347,9.513424758146174
33,39.99950000321371,39.99950000321371,-10.92100207955329,35.704806810935025,43.97712420102642,38.28684003782728,44.6939119169055,0.1247932917997637,0.4486555152622715,0.3695838372474885,0.2058025186524389,3.472773544296736,51.731669930607,29.30304086482034,10.536792958723549
33,39.99950000321371,39.99950000321371,-11.51070987403073,37.39996054200976,41.151184841107465,42.29529504432031,44.49743402369419,0.1246341072519829,0.4409186767815495,0.3862506891853459,0.1959173737881348,7.867438131469247,64.3928449639236,59.08569586631907,10.59065008378768
33,39.99950000321371,39.99950000321371,-11.353553861937364,35.698767136379395,40.6548541948596,41.51017429106802,43.838629237377255,0.124720156135901,0.4485515677887327,0.3715860996650605,0.1883011053523138,0.0308844881141034,51.14242819202386,43.14746202530722,10.537326051423973
33,39.99950000321371,39.99950000321371,-8.370871156929333,38.59687732966627,37.5530369240225,40.91650672052588,13.0931855903175,0.0930773235624771,0.4881173980035634,0.3528652651353001,0.2058932227440527,7.947106013752015,39.69515658598452,26.221937764406107,6.466530685552691
33,39.99950000321371,39.99950000321371,-10.785050410217664,35.58475805885063,44.899371580515165,44.17583983198225,44.38607048914231,0.1246593545489463,0.4535349851549282,0.3701033656311517,0.2051187401118241,10.990663260173005,80.08850685801106,38.337859603806656,10.51744457378006
33,39.99950000321371,39.99950000321371,-11.407824563963942,36.17909907316694,40.71911074944337,41.46635631685073,43.30766672051383,0.1110490803732082,0.4533866418456758,0.3422126207653619,0.2406874205724663,0.0815302113737606,55.5851001646246,29.696682816540097,24.82891576571678
33,39.99950000321371,39.99950000321371,-11.322478283305635,39.67956510816231,44.87389826948577,44.97192462984952,44.24912127217787,0.1246358627103049,0.4493247067172717,0.452337162401329,0.2049849254131271,8.197894400809483,69.16943778499011,38.33891300474752,10.516747886298525
33,39.99950000321371,39.99950000321371,-10.600725654766856,33.39868652944727,44.12645650956803,41.02925789807381,43.98953328383416,0.108983664834114,0.4535336671638466,0.3700958211209022,0.20306438861109,0.4337556495031505,55.45450805262836,38.76224050895556,10.513634262597911
33,39.99950000321371,39.99950000321371,-7.884298858492265,35.62000370746475,40.495847839954166,44.752856903861336,13.199148152302122,0.1111398267888953,0.4282406889885665,0.5247605269558723,0.1722673425398302,11.47746970219842,54.34638592704557,44.140287206704585,6.703074153231489
33,39.99950000321371,39.99950000321371,-7.857147368307519,35.419733459754354,41.29052457224562,44.62800880146572,12.86613862515678,0.1110607047828798,0.4496365547287623,0.455827451772628,0.2048930400262961,11.16686210511454,24.280352203082806,28.510686533327828,10.518138859078912
34,39.99950000321371,39.99950000321371,-11.18506445659471,36.00895092535597,42.25679009146319,42.30861749617653,44.40745988984561,0.1246341072519829,0.4494461527568036,0.3709778408135217,0.2051196787691989,0.0354679838679405,56.34482180817959,15.721178170671063,9.82626210387276
34,39.99950000321371,39.99950000321371,-11.224303853733026,35.526499715868745,40.69776568580783,38.13282917504127,44.07983296308807,0.1247751275694734,0.4533866418456758,0.3396944770354269,0.2090893272372696,11.139570064836798,64.09368099468008,29.807351176314057,1.2722429018488874
34,39.99950000321371,39.99950000321371,-11.411335012047225,36.17909907316694,40.69219731413817,41.46635631685073,43.30766672051383,0.1085222938945019,0.4533866418456758,0.5309305392128666,0.338090499155177,0.0815302113737606,55.5851001646246,30.539613536715304,92.01248979406326
34,39.99950000321371,39.99950000321371,-11.353553861937364,35.698767136379395,40.6548541948596,41.54846274206055,43.865410304107655,0.1770410368088001,0.4485515677887327,0.3715860996650605,0.2055585538493347,0.1356202273026645,51.731669930607,29.30304086482034,10.538380490522195
34,39.99950000321371,39.99950000321371,-11.355556389922434,35.70486975805986,40.64560410198783,41.40443502824758,44.70602174503572,0.124720156135901,0.448661508229577,0.3715860996650605,0.1875939352509548,0.2268596940206391,51.14242819202386,43.14746202530722,10.537294563983371
34,39.99950000321371,39.99950000321371,-11.337218303409934,35.70426216098197,40.78558850150581,42.71079740890004,44.82458590276221,0.1175274555003457,0.4437656644419819,0.5222229930810279,0.2405088268938838,7.222211305253721,28.44123752947908,68.81383198966519,13.938149864885103
34,39.99950000321371,39.99950000321371,-8.370959821356134,38.59687732966627,37.5530369240225,40.91650672052588,13.093865350922972,0.0930773235624771,0.4881173980035634,0.3456628270726782,0.2058932227440527,8.039608039134759,40.2843299581288,26.970749716931632,6.696631882789197
34,39.99950000321371,39.99950000321371,-10.643496104646225,33.4779113217154,43.877774519427646,42.285416465315805,44.3746349351097,0.1246341072519829,0.4495793992863897,0.3698195994528228,0.2051196787691989,10.98476800493926,74.66488545926158,15.721178170671063,9.513424758146174
34,39.99950000321371,39.99950000321371,-11.322478283305635,39.67956510816231,44.87389826948577,44.97192462984952,44.22234020544735,0.1246358627103049,0.4493247067172717,0.452337162401329,0.1876055389990105,8.258710248301941,45.4933336812343,38.33891300474752,10.5162377276851
34,39.99950000321371,39.99950000321371,-8.423826251448247,37.37503159051203,43.83328389418163,40.57523739762986,13.157905325399812,0.1246341072519829,0.4486359432997862,0.370095606971536,0.2030715272812825,6.9640869823921525,55.48815280931196,29.477875293071573,8.02633412809303
34,39.99950000321371,39.99950000321371,-7.89029672097822,37.58449855024965,41.23911297703431,44.69549581482204,13.187770675655102,0.104716654796906,0.4507202510943494,0.3515668140608135,0.2049962915635002,10.981041127697416,57.43451115751527,61.0964752960761,10.475117486578846
34,39.99950000321371,39.99950000321371,-11.155546923454466,37.352419303463314,43.82655955697905,40.99159283672725,43.62266049664792,0.1137682991888587,0.4492825083234912,0.3697378475016378,0.2051187268661556,11.01821710223254,64.1250460245407,29.442806463742983,10.516527128954982
34,39.99950000321371,39.99950000321371,-7.92888301721289,37.41408220044581,44.8984037304078,44.39907840474989,13.18718153671544,0.0928070486215068,0.4544923098543659,0.370847402348995,0.2059280467318372,11.174686659143314,38.54529209166884,35.743549058858825,6.858418457589366
34,39.99950000321371,39.99950000321371,-7.884210194065467,35.62000370746475,40.495847839954166,44.752856903861336,13.19846839169665,0.1111398267888953,0.4282406889885665,0.5319629547206064,0.1722673425398302,11.38496767681575,53.75721255490132,43.39147525425933,6.472972955994982
34,39.99950000321371,39.99950000321371,-11.004895270374774,36.19742329651898,43.82655955697905,40.99159283672725,44.86987239192533,0.1137682991888587,0.4492260219610862,0.4571567351339923,0.2053220972538484,0.1530949127177345,55.62703913992685,27.644020053394392,10.53792091738319
34,39.99950000321371,39.99950000321371,-7.892319162737341,35.65827620666076,37.7915972095088,44.679983350040224,13.18776359769323,0.1085429588160687,0.4889669503377206,0.3878371497757368,0.2049315332777728,11.18952147187189,46.69496027762308,21.62706358377821,9.529812604465056
35,39.99950000321371,39.99950000321371,-11.322478283305635,39.67956510816231,44.87389826948577,44.97192462984952,44.22234020544735,0.1292466027529693,0.4493247067172717,0.452337162401329,0.1876055389990105,8.258710248301941,45.4933336812343,38.33891300474752,10.5162377276851
35,39.99950000321371,39.99950000321371,-11.350494767603555,35.7133182888264,40.6928584038658,41.468001131756814,43.30766672051383,0.1085222938945019,0.45352463696257,0.3710180037485501,0.338090499155177,0.0815302113737606,55.50451369028791,30.539613536715304,92.0677673769008
35,39.99950000321371,39.99950000321371,-11.15799628189808,37.37119771819771,43.82655955697905,40.99159283672725,43.62266049664792,0.1240274832450208,0.4492825083234912,0.3697941191958426,0.2003035195332477,11.71653021114552,64.76827676214687,29.442806463742983,9.450137949730829
35,39.99950000321371,39.99950000321371,-11.353553861937364,35.698767136379395,40.6548541948596,41.47158088166828,43.838629237377255,0.1774277595505351,0.4485494031643101,0.3715860996650605,0.1706123985892408,0.0508702103653179,52.34331331651219,15.114059260356353,15.404641848333942
35,39.99950000321371,39.99950000321371,-7.885987337382623,37.45473025642454,40.41334656438761,44.73942546110454,13.19866171437142,0.1246341072519829,0.4270313554867539,0.5220631266863038,0.1721673238401548,7.209506933156482,51.30592409898519,29.477875293071573,7.978682153774391
35,39.99950000321371,39.99950000321371,-11.193233106549483,35.526499715868745,40.75495996324453,37.89462011330082,44.07983296308807,0.1247751275694734,0.4533866418456758,0.3408105842747223,0.2090893272372696,11.139570064836798,74.37004061847765,29.807351176314057,1.2722429018488874
35,39.99950000321371,39.99950000321371,-11.143648390284078,35.698767136379395,42.26412947753479,41.54846274206055,43.89373509453408,0.1770410368088001,0.448552370454485,0.3709994814260043,0.2055585538493347,0.1356202273026645,56.36468448921413,28.81524417826173,10.538380490522195
35,39.99950000321371,39.99950000321371,-10.608195071614468,33.39868652944727,44.069190980402965,41.26746695903401,43.98953328383416,0.108983664834114,0.4535336671638466,0.3689797138816068,0.20306438861109,0.4337556495031505,55.45450805262836,38.76224050895556,10.513634262597911
35,39.99950000321371,39.99950000321371,-11.353553861937364,35.698767136379395,40.6548541948596,41.54846274206055,44.05537367740416,0.1770410368088001,0.4485515677887327,0.3715860996650605,0.2055585538493347,0.1356202273026645,51.731669930607,29.30304086482034,10.538380490522195
35,39.99950000321371,39.99950000321371,-7.765161601057244,35.62000370746475,40.495847839954166,44.752856903861336,12.285762511966936,0.1065962555015051,0.4540734582523995,0.5319629547206064,0.1722673425398302,11.38496767681575,53.78151005744952,42.70213989012195,6.472972955994982
35,39.99950000321371,39.99950000321371,-11.411335012047225,36.17909907316694,40.69219731413817,41.46635631685073,43.30766672051383,0.1085222938945019,0.4533866418456758,0.4893303889871302,0.338090499155177,0.0815302113737606,55.5851001646246,30.539613536715304,92.01248979406326
35,39.99950000321371,39.99950000321371,-8.073058786830963,37.403082841810026,44.64344817343303,44.55122581848974,14.44467651752719,0.1246341072519829,0.4534534587422774,0.5308911173840244,0.2058778504201756,9.32971441664207,69.22532021742646,38.337859603806656,6.943591791147868
35,39.99950000321371,39.99950000321371,-11.004895270374774,36.19742329651898,43.82655955697905,40.99159283672725,44.86987239192533,0.1176893378180296,0.4492260219610862,0.4571567351339923,0.1888912881050169,0.1530949127177345,55.62703913992685,33.189498001094414,10.53792091738319
35,39.99950000321371,39.99950000321371,-11.114375238725131,37.03676972053844,43.82655955697905,40.99159283672725,43.98661672853255,0.1126323099751428,0.4612420720991218,0.37161392548126,0.2051142844287756,0.3723990549732612,55.42331794228944,29.493515516560432,10.517247174052631
35,39.99950000321371,39.99950000321371,-8.369564340128793,35.70926820165125,37.7915972095088,41.0475447637516,13.214204704739068,0.1135740309752616,0.4889669503377206,0.3701731582582797,0.2049508586587095,11.193161984811889,46.69496027762308,29.2122911012904,9.529812604465056
35,39.99950000321371,39.99950000321371,-8.782281739156872,36.2019856092197,40.51237768980362,38.25025142407109,13.581078090940492,0.1081750049558082,0.2239868207741901,0.3396944770354269,0.2093872429645816,6.869781181851937,52.03765768074568,29.819584353138687,2.453543202448565
35,39.99950000321371,39.99950000321371,-11.15305114552325,36.18513874772257,40.86973354871789,38.20473361343869,44.69800816442709,0.1247751275694734,0.4533866418456758,0.3789027770178111,0.1722972882175718,0.0815302113737606,55.5851001646246,29.70472585319859,10.536794258493194
36,39.99950000321371,39.99950000321371,-11.324135584293678,39.692271082403984,44.87389826948577,40.78737708179127,44.22234020544735,0.1292466027529693,0.4493774983697816,0.4508687615688145,0.1876055389990105,0.1186815802991221,45.44968324749138,37.9474159067317,10.5162377276851
36,39.99950000321371,39.99950000321371,-8.073058786830963,37.403082841810026,44.64344817343303,44.55122581848974,14.44467651752719,0.1246341072519829,0.4534534587422774,0.5308911173840244,0.2058778504201756,10.492234528793777,69.22532021742646,38.337859603806656,6.943591791147868
36,39.99950000321371,39.99950000321371,-10.811514326248655,35.647157988297494,44.758881487057785,44.97192462984952,44.221615910886825,0.1292466027529693,0.4849141603899437,0.4468407307499992,0.1876055389990105,0.2370641594882618,45.4933336812343,38.33891300474752,10.539380047045926
36,39.99950000321371,39.99950000321371,-11.180493251252749,36.18513874772257,40.7117132632277,38.20473361343869,44.48761868716759,0.1247751275694734,0.4533866418456758,0.3789027770178111,0.1754021047602064,0.0815302113737606,55.5851001646246,29.70472585319859,10.536794258493194
36,39.99950000321371,39.99950000321371,-10.681870224439471,37.03676972053844,43.82655955697905,33.880955115901884,43.98661672853255,0.1126323099751428,0.4690477327534806,0.3755937648541961,0.2057595270863857,7.976071346217935,55.45450805262836,71.83649620465758,10.516527128954982
36,39.99950000321371,39.99950000321371,-11.176215722309038,37.58449855024965,43.900178012546974,44.69549581482204,44.442684430758895,0.104716654796906,0.4494709436534974,0.3508681806392569,0.2049962915635002,10.984620082195264,74.26925038232744,15.973090568640997,10.475117486578846
36,39.99950000321371,39.99950000321371,-7.860647955589684,36.88794874847815,43.87016193487084,44.73309427057005,12.998061930091028,0.1246341072519829,0.4541066093161622,0.3697906682923899,0.1724794154390838,11.73964013628714,53.79819727115429,29.759114366065347,9.537252885546456
36,39.99950000321371,39.99950000321371,-11.18506445659471,36.00895092535597,42.25679009146319,42.30861749617653,44.40745988984561,0.1246341072519829,0.4349798734025679,0.3709778408135217,0.2051196787691989,0.0354679838679405,56.34482180817959,17.021063362562455,9.82626210387276
36,39.99950000321371,39.99950000321371,-8.733501037932147,36.19549802525324,40.96260788812485,38.1824971775958,13.13933846840898,0.1246355016905218,0.4533866418456758,0.3543255018110994,0.2049949139912552,11.450147814912391,26.82323997544052,27.911064559323947,10.472637818012627
36,39.99950000321371,39.99950000321371,-11.548070475066323,37.03676972053844,37.52679981223574,40.99159283672725,43.77591891823366,0.1126496776706484,0.4613133151179887,0.3715502218811891,0.2051142844287756,0.0063868477175734,55.45581321464751,29.493515516560432,10.517247174052631
36,39.99950000321371,39.99950000321371,-7.887972668846263,36.2357155380171,40.41081957868125,44.73942546110454,13.213882588925957,0.108892482191808,0.3667229277932541,0.5220631266863038,0.1721673238401548,7.209506933156482,51.30592409898519,29.807109043538944,7.978682153774391
36,39.99950000321371,39.99950000321371,-11.383696402864182,39.97095061955809,44.695944864266,42.30861749617653,40.73133158170294,0.1629865510492099,0.4494461527568036,0.3739248497952869,0.1882049052529548,0.0354679838679405,45.71873527127805,15.274363318838056,5.403775761367317
36,39.99950000321371,39.99950000321371,-10.88961126206678,35.698767136379395,44.21174746053408,41.47158088166828,43.838629237377255,0.1093303834804502,0.453575853788996,0.3714202148380172,0.1680385217431934,0.0508702103653179,52.34331331651219,15.114059260356353,10.524327754591573
36,39.99950000321371,39.99950000321371,-11.390723670461554,36.17909907316694,40.85021759962836,41.46635631685073,43.77600733828533,0.1085222938945019,0.4533866418456758,0.4893303889871302,0.3349856983557232,0.0815302113737606,55.5851001646246,30.539613536715304,92.01248979406326
36,39.99950000321371,39.99950000321371,-11.143648390284078,35.698767136379395,42.26412947753479,41.54846274206055,43.89373509453408,0.1770410368088001,0.448552370454485,0.3709994814260043,0.2055585538493347,0.0076947531489195,56.36468448921413,28.81524417826173,10.538380490522195
36,39.99950000321371,39.99950000321371,-8.33826703383399,35.70458210749407,40.701561421396775,41.65436416487984,13.581078090940492,0.1227964243652953,0.4533866418456758,0.3710167796741436,0.2060154254722785,6.83505474603909,18.66758502519202,29.819584353138687,5.20091991211217
36,39.99950000321371,39.99950000321371,-8.780296407693235,35.76352612152176,40.51490467550999,38.25025142407109,13.565857216385956,0.123916630015994,0.2239868207741901,0.3396944770354269,0.2093872429645816,6.869781181851937,52.03765768074568,29.490350602671317,2.453543202448565
36,39.99950000321371,39.99950000321371,-10.861630361474838,36.19387492905489,40.50367467227264,34.58016615848759,43.30766672051383,0.1102787865534484,0.45352463696257,0.3396957011098335,0.338090499155177,0.2029975648315987,56.80053114787566,30.539613536715304,90.87280325524878
36,39.99950000321371,39.99950000321371,-11.014305958952164,37.39864165668275,44.95562930471611,42.29529504432031,44.49743402369419,0.0904054904344145,0.4408036666475206,0.3698113113059701,0.1959173737881348,7.434190924646963,64.3928449639236,38.382859409013,10.511105920312705
36,39.99950000321371,39.99950000321371,-8.39841117231708,37.37119771819771,43.82655955697905,40.99159283672725,13.37941182449158,0.1240274832450208,0.4488189176573928,0.3697941191958426,0.2003035195332477,11.71653021114552,39.56591082824709,29.442806463742983,16.46438012788044
37,39.99950000321371,39.99950000321371,-11.383971032931534,39.96984490541415,44.69273365293904,40.76914880801289,44.01449206910563,0.1292466027529693,0.4493775062581751,0.4456590417900653,0.1876055389990105,0.1186815802991221,45.720350915686566,37.9474159067317,5.867167772288118
37,39.99950000321371,39.99950000321371,-11.143648390284078,35.698767136379395,42.26412947753479,41.4104482404834,43.89373509453408,0.1770410368088001,0.4485553786455815,0.3709994814260043,0.2058273417796403,0.0076947531489195,54.07086879791319,28.801586985270006,10.538500992499277
37,39.99950000321371,39.99950000321371,-8.324724136984507,34.59778058945479,33.6554572995217,41.758193040725885,13.581078090940492,0.1081750049558082,0.4568421130069705,0.330405527538819,0.2093872429645816,6.869781181851937,18.29763553257929,29.819584353138687,2.4062017814529284
37,39.99950000321371,39.99950000321371,-11.353553861937364,35.698767136379395,40.6548541948596,41.54846274206055,44.05537367740416,0.1770410368088001,0.4485515677887327,0.3715860996650605,0.2055585538493347,0.1356202273026645,51.731669930607,29.30304086482034,17.952666139255868
37,39.99950000321371,39.99950000321371,-11.33982704338095,35.67071204119856,40.73203804194456,41.47158088166828,43.838629237377255,0.1762871356436644,0.4485494031643101,0.3715860996650605,0.1706123985892408,0.0523666609097452,52.34331331651219,15.114059260356353,15.404641848333942
37,39.99950000321371,39.99950000321371,-7.863674156354914,37.37503159051203,43.823991710566894,44.86973679334543,13.157905325399812,0.1246341072519829,0.4486145639653059,0.4562784866370261,0.1882891240976587,6.895646802557085,55.48815280931196,38.75557100466382,10.330855981285897
37,39.99950000321371,39.99950000321371,-10.861630361474838,36.22193002423573,40.656405126292846,34.58016615848759,43.30766672051383,0.111419445059962,0.45352463696257,0.3396957011098335,0.338090499155177,0.2015017584945237,56.80053114787566,30.539613536715304,90.87280325524878
37,39.99950000321371,39.99950000321371,-11.353553861937364,35.698767136379395,40.6548541948596,41.54846274206055,44.05537367740416,0.1770410368088001,0.4485515677887327,0.3715860996650605,0.2409942979442101,0.1356202273026645,51.731669930607,29.30304086482034,10.538380490522195
37,39.99950000321371,39.99950000321371,-11.526029924137802,37.58449855024965,41.218269131859785,44.787258953835824,44.673684147030166,0.104716654796906,0.4507202510943494,0.3515668140608135,0.2049962915635002,10.721686381811738,45.23395725203871,61.0964752960761,10.475117486578846
37,39.99950000321371,39.99950000321371,-11.37276467268216,39.67956510816231,44.48836928426576,44.97192462984952,44.22234020544735,0.1292466027529693,0.2200418725097405,0.452337162401329,0.1876055389990105,3.8768589715389226,45.4933336812343,38.50433234803987,98.36747850169137
37,39.99950000321371,39.99950000321371,-10.790634844004984,35.70486975805986,44.97666928735497,41.40443502824758,44.70602174503572,0.124720156135901,0.448661508229577,0.3715860996650605,0.1875939352509548,7.125442234864323,51.14242819202386,43.14746202530722,10.510678844617054
37,39.99950000321371,39.99950000321371,-10.846310490666546,36.028945364595984,44.87389826948577,40.785277910707,44.87526554172117,0.1177312344342274,0.4493689924920892,0.4572978552755957,0.1889049452334185,0.119085925250923,45.804237279755554,37.9474159067317,10.5162377276851
37,39.99950000321371,39.99950000321371,-11.318026924255328,35.526499715868745,40.75495996324453,40.94856289315893,44.07983296308807,0.0931089121607506,0.4533866418456758,0.3408105842747223,0.2090893272372696,11.154561144487031,71.17649664857022,27.050236595688023,1.2722429018488874
37,39.99950000321371,39.99950000321371,-11.395102606893069,35.70486975805986,40.34241643854629,41.54244952982474,44.70602174503572,0.124720156135901,0.4486585000384805,0.3715860996650605,0.1873251473206492,0.1731429940869633,56.11249199633684,43.161119218300406,10.537174062006292
37,39.99950000321371,39.99950000321371,-8.342902093717623,35.70926820165125,37.7915972095088,41.23636223849712,13.198611623665627,0.1135740309752616,0.4889669503377206,0.3702719399172051,0.1729136314848966,11.193161984811889,46.69496027762308,29.2122911012904,9.529812604465056
37,39.99950000321371,39.99950000321371,-11.173173282562828,37.56117317886202,43.900178012546974,44.69549581482204,44.442684430758895,0.104716654796906,0.4546641317654549,0.3514348397363203,0.2049962915635002,10.984109171627152,74.26925038232744,30.104010337738817,10.457303499235092
37,39.99950000321371,39.99950000321371,-11.321375683448302,39.67956510816231,44.88235153505866,40.60757831208216,44.22234020544735,0.1292466027529693,0.4493460860517519,0.3661542827358324,0.2023879421826342,8.32715042813701,45.4933336812343,32.38981320086606,4.36748060728803
37,39.99950000321371,39.99950000321371,-11.605272831695608,37.39864165668275,40.42488328034971,42.29529504432031,44.49743402369419,0.0904054904344145,0.4408036666475206,0.3623715020858742,0.1959173737881348,0.5782809556384283,64.3928449639236,38.382859409013,10.537721639679024
37,39.99950000321371,39.99950000321371,-7.91349034499035,37.45473025642454,40.41334656438761,44.544162150518765,13.214254795444855,0.1246341072519829,0.4270313554867539,0.5219643447017854,0.2042045510139677,7.209506933156482,51.30592409898519,29.477875293071573,7.978682153774391
37,39.99950000321371,39.99950000321371,-11.359698163098903,35.74587344528457,40.6548541948596,41.47158088166828,43.838629237377255,0.1048122852782129,0.4506559797324732,0.3724974637652757,0.1706123985892408,0.0472236919537305,52.34331331651219,9.064758363086025,15.388221338061664
37,39.99950000321371,39.99950000321371,-10.811514326248655,35.647157988297494,44.758881487057785,44.97192462984952,44.221615910886825,0.1292466027529693,0.4849141603899437,0.4468407307499992,0.1876055389990105,0.2370641594882618,45.4933336812343,38.33891300474752,17.939348826939582
38,39.99950000321371,39.99950000321371,-11.560133980363972,37.28254804431674,40.6548541948596,41.06892119555985,43.838629237377255,0.1774277595505351,0.4485494031643101,0.3699218445702191,0.1709328003641884,0.0508702103653179,52.37836529554185,14.959351169886723,89.71935787298494
38,39.99950000321371,39.99950000321371,-7.8498563770949055,35.62418205593895,44.87389826948577,44.97192462984952,13.15415685424386,0.1292466027529693,0.4493247067172717,0.452337162401329,0.1876055389990105,8.258710248301941,45.53025134221998,38.33891300474752,11.914449033071966
38,39.99950000321371,39.99950000321371,-11.329748584138136,35.64699431323157,40.78558850150581,44.95220864179722,44.837909854655294,0.1175274555003457,0.4397627888427247,0.5222229930810279,0.1832103931671213,3.2852421321477343,45.867797821674486,68.81383198966519,13.860649468693298
38,39.99950000321371,39.99950000321371,-10.802818730607818,35.50741301374317,44.68580274574985,42.30861749617653,44.245852665696745,0.1629865510492099,0.4494461527568036,0.3395816693340586,0.1777234101809406,3.4550127430560664,45.71873527127805,15.274363318838056,5.403775761367317
38,39.99950000321371,39.99950000321371,-11.51147545886178,37.56807007868743,41.3134248940804,44.86640981818086,44.673684147030166,0.104716654796906,0.4511838920546187,0.3516272299178269,0.2051134297509943,10.721686381811738,45.23395725203871,31.11911091524938,10.516805411186954
38,39.99950000321371,39.99950000321371,-10.877049141173616,36.21113327085266,40.65487201566208,34.701142086088495,43.31043200375744,0.1131326259534704,0.4487199439422467,0.3743381697292277,0.338090499155177,0.0541068533307089,56.93720029625942,14.89028408743932,77.51025816769393
38,39.99950000321371,39.99950000321371,-7.795020647527203,36.88794874847815,43.87016193487084,44.82511720340149,12.5869421677768,0.1240381891585798,0.4490524010301949,0.3697906682923899,0.1724794154390838,11.73964013628714,64.92514158816428,29.44187956664912,5.341782490407848
38,39.99950000321371,39.99950000321371,-10.850953282061973,36.028945364595984,44.83830353545415,40.61186585322211,44.87526554172117,0.11106355800531,0.4450552971299428,0.463151115750856,0.1889049452334185,10.795337724382144,45.804237279755554,38.01702903706485,10.5162377276851
38,39.99950000321371,39.99950000321371,-8.06755082596927,37.403082841810026,43.85636381770031,44.55122581848974,14.402448817587532,0.1246341072519829,0.4534534587422774,0.5308911173840244,0.2058778504201756,10.492234528793777,69.22532021742646,37.02698310937311,6.943591791147868
38,39.99950000321371,39.99950000321371,-11.490877675135104,39.78008824589686,40.64560410198783,40.80275058773818,44.70602174503572,0.124720156135901,0.4486771025888128,0.3715860996650605,0.1876046987962452,0.0352437517231611,51.14242819202386,38.164490550245446,10.537294563983371
38,39.99950000321371,39.99950000321371,-11.354762163165924,35.70956388976247,40.65638730549037,41.35060364420696,43.83586395413364,0.1757146006685457,0.4533540961846334,0.3369436310456662,0.1706123985892408,0.1982656998974645,52.20664416812844,30.76338872509536,15.404641848333942
38,39.99950000321371,39.99950000321371,-7.957292845038921,36.12551348680691,41.16148933174196,44.523252566230695,13.529164378195794,0.1081750049558082,0.2046217550976061,0.3396944770354269,0.2093872429645816,10.768875482716872,52.03765768074568,28.70811324064198,2.453543202448565
38,39.99950000321371,39.99950000321371,-11.418550901554331,36.19707777344285,40.6548541948596,41.47158088166828,44.96347012731888,0.1074333964082874,0.2308222089320433,0.3400911642535396,0.174425308866094,6.5196048945699925,52.34331331651219,15.17917790710368,15.404641848333942
38,39.99950000321371,39.99950000321371,-7.855164933864831,35.62000370746475,40.50050269795057,44.975537232066216,13.19846839169665,0.1178075032178127,0.451150298422782,0.5261096942452247,0.1722673425398302,0.8463764814840404,53.75721255490132,43.61481765402772,6.472972955994982
38,39.99950000321371,39.99950000321371,-11.353601979998736,35.69913604151661,40.6548541948596,41.54846274206055,43.85465017071154,0.1767036249547015,0.4506006101615117,0.3715860996650605,0.241386286109713,0.0467680344660567,51.731669930607,29.30304086482034,10.538380490522195
38,39.99950000321371,39.99950000321371,-11.114375238725131,37.03676972053844,43.82655955697905,41.54117739247475,44.70467404580827,0.1126323099751428,0.4602723608778505,0.3716136869836285,0.2051142844287756,0.1800937109907361,56.10810232947801,42.9743889767731,10.519119690951223
38,39.99950000321371,39.99950000321371,-11.395102606893069,35.70486975805986,40.34241643854629,40.99286497407725,43.98796363632439,0.2407360670805651,0.4496282112597518,0.371586338162692,0.1873251473206492,0.3654483383599952,55.74498587424174,29.680245758088244,10.535301545107696
38,39.99950000321371,39.99950000321371,-11.34659936683164,41.826811558106606,37.7915972095088,38.99522257104538,44.00462742533611,0.1085429588160687,0.4086882050566977,0.3597197156048113,0.2049315332777728,11.18952147187189,46.6580426166374,21.84213007620993,10.51423351012052
39,39.99950000321371,39.99950000321371,-11.007162608923224,35.463833772515535,43.07558710410412,44.45918135208079,44.221615910886825,0.1292466027529693,0.4086319756588499,0.4468407307499992,0.1197650892969542,11.143229958850185,60.00536331784471,38.33891300474752,10.539380047045926
39,39.99950000321371,39.99950000321371,-8.420254597906311,37.37503159051203,43.83328389418163,40.6026200747847,13.157905325399812,0.1246341072519829,0.4486362935179512,0.3701650811384271,0.2024272331712448,6.9640869823921525,50.73593518303439,29.659030752230457,10.571557682739137
39,39.99950000321371,39.99950000321371,-11.526029924137802,37.58449855024965,41.218269131859785,44.787258953835824,44.70683603068717,0.104716654796906,0.448668526225295,0.3719061487201557,0.2049962915635002,10.502226407649191,45.23395725203871,61.0964752960761,10.535405527765237
39,39.99950000321371,39.99950000321371,-11.314245568517984,35.388451413624814,40.64590205498691,41.400671364440896,43.84010324658092,0.124720156135901,0.4485537964570803,0.3698569832194752,0.1875939352509548,0.2268596940206391,51.14242819202386,44.17359110336836,89.09581912586737
39,39.99950000321371,39.99950000321371,-7.860977792012211,36.88794874847815,44.79984996550864,44.73056552466402,12.998061930091028,0.1246793476844959,0.4494012150978136,0.3697906682923899,0.172675446560908,8.268276588593663,53.82562661748546,29.759114366065347,9.51622467566832
39,39.99950000321371,39.99950000321371,-10.934521069194112,35.745495241093394,43.9141670439385,42.30861749617653,44.28533338628938,0.1629865510492099,0.3685064089444406,0.3395816693340586,0.1778051228569387,3.4550127430560664,65.29788987751856,29.65770578396735,5.403775761367317
39,39.99950000321371,39.99950000321371,-10.802818730607818,35.50741301374317,44.68580274574985,42.30861749617653,44.77017725307452,0.1062683418035243,0.4487273635416361,0.3395816693340586,0.1777234101809406,0.0677084438869974,45.575841800751576,15.276110331138415,78.4483080023062
39,39.99950000321371,39.99950000321371,-7.871246600344946,36.88794874847815,37.79989930663985,44.82511720340149,13.171341139379486,0.1240381891585798,0.4490524010301949,0.3697906682923899,0.2056167957127182,11.73964013628714,46.686283535072015,29.44928009236781,5.341782490407848
39,39.99950000321371,39.99950000321371,-11.551598601747967,36.90507928899628,40.34282334226182,41.54244952982474,44.93673349877028,0.124720156135901,0.4486585000384805,0.3715860996650605,0.1873251473206492,0.1731429940869633,53.7863066900778,43.44927439348983,10.50421281193236
39,39.99950000321371,39.99950000321371,-10.804451057535417,35.647157988297494,44.813033213859256,44.97192462984952,43.62720802460806,0.1240288867107854,0.4435698721110864,0.4486620389176774,0.2001466492524976,0.14127397518526,28.253988436705207,38.36164042151414,10.537653682446903
39,39.99950000321371,39.99950000321371,-11.526279201878374,37.28254804431674,40.654556241860526,41.07268485936653,44.70454431163231,0.1774277595505351,0.4486571149368069,0.3716509610158044,0.1709328003641884,0.0508702103653179,52.37836529554185,15.771473461230617,12.488312159934525
39,39.99950000321371,39.99950000321371,-10.846310490666546,36.028945364595984,44.87389826948577,40.785277910707,44.87526554172117,0.1177312344342274,0.4493689924920892,0.4632571159422509,0.1889049452334185,0.5704637110064705,45.804237279755554,37.94728779392104,10.5162377276851
39,39.99950000321371,39.99950000321371,-11.321375683448302,39.67956510816231,44.88235153505866,40.60757831208216,44.22234020544735,0.1292466027529693,0.4493460860517519,0.3661542827358324,0.2023879421826342,8.32715042813701,51.700786436304966,32.10301369375304,10.667096706789374
39,39.99950000321371,39.99950000321371,-10.849304272254656,35.936880907676866,44.758881487057785,44.97192462984952,44.221615910886825,0.1292466027529693,0.4849141603899437,0.4468407307499992,0.1896054230673703,3.315734102388703,51.52541699098401,38.33891300474752,10.539380047045926
39,39.99950000321371,39.99950000321371,-11.355556389922434,35.70486975805986,40.64560410198783,41.873504054907805,44.70602174503572,0.124720156135901,0.448661158011412,0.4093846160132121,0.1882382293609925,0.0927099732144465,55.89464581830144,42.96630656614885,7.992071009337268
39,39.99950000321371,39.99950000321371,-11.165088193268716,37.37119771819771,43.77218823647087,40.99159283672725,44.217068382915066,0.1292451992872047,0.4492825083234912,0.419707761896237,0.1817278143084562,11.71653021114552,44.7877295867413,29.42007904697637,9.45186431432985
39,39.99950000321371,39.99950000321371,-8.006371764403067,35.8500611148752,43.83254278442578,44.52774935340423,13.90993288049446,0.1783222782579274,0.448552370454485,0.3709994814260043,0.2055585538493347,0.1161840889034619,69.94475941654379,28.81524417826173,10.538380490522195
39,39.99950000321371,39.99950000321371,-11.5168502064543,41.545240141661175,37.86760334206591,41.57175175924957,44.00416995108658,0.1780136122093285,0.4086882050566977,0.3720039929128224,0.2005021961234915,11.18952147187189,46.6580426166374,21.84213007620993,10.512970175723682
39,39.99950000321371,39.99950000321371,-8.566081744355099,38.73377429125959,43.81411639706901,40.93543404671314,14.608727420102277,0.1246133159719316,0.4488189176573928,0.4679786379723309,0.2015661646973245,11.710939805601123,39.42131009433688,28.87000146694892,10.39636227433027
39,39.99950000321371,39.99950000321371,-11.395102606893069,35.70486975805986,40.34241643854629,41.54244952982474,44.67286986137872,0.124720156135901,0.4507102249075349,0.3521835200815588,0.1873251473206492,0.5032501896632979,56.11249199633684,43.161119218300406,10.476886020819904
40,39.99950000321371,39.99950000321371,-10.816465416029736,35.647157988297494,44.7209231320695,44.55243044951551,44.221615910886825,0.1246805225554628,0.4866010592415105,0.5326183332670725,0.1876055389990105,10.5871480591542,45.4933336812343,38.32553686465391,9.319012697214095
40,39.99950000321371,39.99950000321371,-8.165301613678729,35.40086475722683,43.07558710410412,44.463879481334565,15.064525186204897,0.1292466027529693,0.4086319756588499,0.4466322468198581,0.1197650892969542,11.143229958850185,59.65726105775112,37.06257652539241,6.828533978732465
40,39.99950000321371,39.99950000321371,-11.444732028175146,36.69036713866289,40.495847839954166,44.752902290611374,44.0740208628518,0.1097873980239894,0.4282406889885665,0.5319629547206064,0.1686547423313829,11.066284183064962,53.75721255490132,37.89003251037035,6.472972955994982
40,39.99950000321371,39.99950000321371,-10.804054234577684,35.698767136379395,44.867684671283776,41.274120211884174,43.89373509453408,0.1770410368088001,0.448552370454485,0.3698153437773844,0.1880605249470432,0.0076947531489195,46.11353216773029,28.81524417826173,10.538380490522195
40,39.99950000321371,39.99950000321371,-7.884210194065467,37.55520908523302,41.24050963180439,44.752856903861336,13.19846839169665,0.1111398267888953,0.4282406889885665,0.3479208808119213,0.1722673425398302,11.390109146658451,53.75721255490132,43.39147525425933,6.472972955994982
40,39.99950000321371,39.99950000321371,-11.16648104861718,37.46605185709873,43.85636381770031,44.546527689235965,43.3383539476697,0.1246341072519829,0.4534534587422774,0.5310996013134609,0.2058778504201756,11.477091850954828,69.57342247752005,38.30331958872822,10.654437859464023
40,39.99950000321371,39.99950000321371,-11.11187419783716,37.04104072249528,43.850005205743706,44.97192462984952,43.62720802460806,0.1240288867107854,0.4435698721110864,0.3761468495458447,0.2001466492524976,0.1784123618629546,28.253988436705207,38.36164042151414,10.518115144083398
40,39.99950000321371,39.99950000321371,-11.321375683448302,39.67956510816231,44.88235153505866,40.60757831208216,44.22234020544735,0.1083091368365889,0.4493460860517519,0.3661542827358324,0.2024613510664141,8.32715042813701,51.639943009575134,33.251520510872,11.462256484490531
40,39.99950000321371,39.99950000321371,-7.782173079613067,35.647157988297494,44.758881487057785,44.971789853084346,12.6351167967846,0.1305990315181259,0.4849141603899437,0.4468407307499992,0.1883181559737431,0.652319078737106,45.4933336812343,43.8403557486365,2.044285270121588
40,39.99950000321371,39.99950000321371,-10.802818730607818,35.50741301374317,44.68580274574985,42.30861749617653,44.77017725307452,0.1060015213823606,0.4490447852864073,0.3395816693340586,0.1777234101809406,0.0058096320242768,46.68594208647834,29.04348320564128,3.4463128136895733
40,39.99950000321371,39.99950000321371,-11.007162608923224,35.463833772515535,43.07558710410412,44.45918135208079,44.56446528558168,0.1292466027529693,0.4086319756588499,0.4468407307499992,0.1197650892969542,6.410506909605554,60.00536331784471,38.33891300474752,10.539380047045926
40,39.99950000321371,39.99950000321371,-11.416349359358136,36.19707777344285,40.67173268503044,41.47158088166828,44.26739556162582,0.1081139722379831,0.4615001043708649,0.3400911642535396,0.1748323716839709,6.5196048945699925,44.40248025340705,0.4447405937801285,15.509822655685586
40,39.99950000321371,39.99950000321371,-8.38366700214187,37.37503159051203,43.83328389418163,40.6026200747847,12.877400424539088,0.1246341072519829,0.4486362935179512,0.3701650811384271,0.2024272331712448,6.9640869823921525,50.73593518303439,29.659030752230457,10.571557682739137
40,39.99950000321371,39.99950000321371,-7.847203408231216,35.62418205593895,42.26028271383952,44.992264057804455,13.15415685424386,0.1292466027529693,0.4493247067172717,0.4535213000499474,0.2051035679013019,8.258710248301941,55.78140366370383,38.33891300474752,11.914449033071966
40,39.99950000321371,39.99950000321371,-11.557267308398409,38.30296200283949,40.34282334226182,41.54244952982474,44.93673349877028,0.124720156135901,0.4763974030109467,0.3715860996650605,0.1873251473206492,0.1731429940869633,53.7863066900778,43.44927439348983,10.50421281193236
40,39.99950000321371,39.99950000321371,-8.012952835644395,37.403082841810026,43.89430847762308,44.96981041098045,14.402448817587532,0.1292001874494895,0.4517665598907107,0.4451135148651903,0.2180050647553591,0.2534743362071765,69.22532021742646,37.04035924946672,6.943591791147868
40,39.99950000321371,39.99950000321371,-10.806963303343878,35.642886986340656,44.78950166070425,41.54117739247475,44.70467404580827,0.1126323099751428,0.4602723608778505,0.4441288763554611,0.2051142844287756,0.1429553243130416,56.10810232947801,42.9743889767731,10.538658229314732
40,39.99950000321371,39.99950000321371,-11.370741630322406,35.64929317248138,40.47360734000956,44.787258953835824,44.673684147030166,0.104716654796906,0.4507202510943494,0.5356088754952111,0.1309873635047039,10.716544911969036,45.23395725203871,61.0964752960761,10.475117486578846
40,39.99950000321371,39.99950000321371,-8.423826251448247,37.37503159051203,43.835966794893146,40.57523739762986,13.157905325399812,0.1246805300195608,0.4486486128149951,0.3697748622138331,0.2031083530789402,8.30156659047132,55.48815280931196,29.477875293071573,8.02633412809303
41,39.99950000321371,39.99950000321371,-7.861814836233442,37.37503159051203,43.83585925668729,44.883991580943366,13.157905325399812,0.179845835629284,0.4485476263596895,0.3697748622138331,0.2034360598423635,8.30156659047132,70.30789407489003,29.477875293071573,8.01639724805985
41,39.99950000321371,39.99950000321371,-10.804054234577684,35.698767136379395,44.867684671283776,41.274120211884174,42.59438492507646,0.1770410368088001,0.448552370454485,0.3698153437773844,0.1880605249470432,0.0076947531489195,46.11353216773029,28.81524417826173,30.5345799574025
41,39.99950000321371,39.99950000321371,-8.245244989581622,36.19707777344285,41.23262565441718,41.47158088166828,12.685125801794108,0.1072589529794078,0.2297893357617086,0.3404918115244413,0.174425308866094,6.5196048945699925,52.34331331651219,15.26303427527198,6.328458100837239
41,39.99950000321371,39.99950000321371,-10.755013651329053,35.463833772515535,43.07558710410412,34.67672057107622,44.221615910886825,0.1297021768918724,0.4086319756588499,0.44737640433897,0.3421562257756899,10.80220845717341,60.00536331784471,38.33891300474752,77.26134338908055
41,39.99950000321371,39.99950000321371,-11.143735175160243,35.463833772515535,42.02853076295363,44.45918135208079,44.221615910886825,0.1292466027529693,0.4086319756588499,0.4468407307499992,0.1197650892969542,11.143229958850185,60.00536331784471,38.33891300474752,10.539380047045926
41,39.99950000321371,39.99950000321371,-7.951772695430016,37.55409682315176,41.25591348292785,43.88655069389782,12.850141358861343,0.1177057269544314,0.4281911215530049,0.5222229930810279,0.1681303452435802,11.637056756543164,45.85208242494756,67.09053969611969,6.661601800611161
41,39.99950000321371,39.99950000321371,-7.782173079613067,38.994887327569934,44.84044091492582,44.971789853084346,12.6351167967846,0.1305990315181259,0.4849141603899437,0.4468407307499992,0.1878598380867221,0.652319078737106,45.4933336812343,66.73846832635355,2.044285270121588
41,39.99950000321371,39.99950000321371,-11.223765412617851,37.49454570576199,36.10867390383092,42.05980574042735,44.21921809200196,0.1292466027529693,0.2365579867288095,0.3661542827358324,0.2023879421826342,8.32715042813701,51.83602851324903,88.76386045265272,4.36748060728803
41,39.99950000321371,39.99950000321371,-7.923183898997866,37.403082841810026,43.85636381770031,44.97110055027221,13.715510442589252,0.1246341072519829,0.4534534587422774,0.5311825981707701,0.2178025244800854,10.492234528793777,69.22532021742646,37.04035654866827,6.943591791147868
41,39.99950000321371,39.99950000321371,-11.370741630322406,35.64929317248138,40.47360734000956,44.787258953835824,44.67526704036479,0.104716654796906,0.4507202510943494,0.5357815993441462,0.130114389473018,10.716544911969036,45.84707378443386,61.0964752960761,10.475117486578846
41,39.99950000321371,39.99950000321371,-11.285771625713814,38.31218972230872,43.78794059183616,40.937666699283525,44.96713808993691,0.1354691879649524,0.5110685904224513,0.3715860996650605,0.1864223303589978,0.1731429940869633,53.7863066900778,43.44927439348983,10.3958998156738
41,39.99950000321371,39.99950000321371,-11.277085136370424,38.30048769341962,43.842834981246334,41.447554564550686,44.87771290788196,0.124720156135901,0.4764387712002655,0.5321651434928986,0.3442319176425098,11.220294910928704,62.62644720336218,38.47794409793985,10.661583347547417
41,39.99950000321371,39.99950000321371,-10.914501886230973,35.647157988297494,43.96931019386,44.97192462984952,44.221615910886825,0.1292466027529693,0.4771949654318715,0.4468407307499992,0.1876055389990105,0.2370641594882618,45.4933336812343,38.33891300474752,17.939348826939582
41,39.99950000321371,39.99950000321371,-11.3608796437151,35.75493095933002,40.65485369084755,41.47158088166828,43.29308013968555,0.1048122852782129,0.4506559797324732,0.3724991600479021,0.1706123985892408,0.054484383820459,52.59307990527613,9.064758363086025,15.388221338061664
41,39.99950000321371,39.99950000321371,-11.119406187571087,38.12236014734162,44.87357937596328,44.536721954203145,44.22158035653359,0.145143927367278,0.4493460860517519,0.375847686531441,0.2023879421826342,8.32715042813701,45.4933336812343,32.38981320086606,9.259828545786302
41,39.99950000321371,39.99950000321371,-11.114375238725131,37.03676972053844,43.82655955697905,41.54117739247475,44.70467404580827,0.1126323099751428,0.4602723608778505,0.4468314991227642,0.2051142844287756,0.1800937109907361,56.10810232947801,42.9743889767731,10.519171393471352
41,39.99950000321371,39.99950000321371,-11.441482352562048,37.46852616651861,40.35633429971956,44.638302930077145,43.3383539476697,0.1246341072519829,0.4534120905529586,0.37052055579043,0.205518345424482,0.5529213682701659,69.57342247752005,40.05703682671597,10.497067323848963
41,39.99950000321371,39.99950000321371,-10.789011555828893,35.401558007104725,44.68580274574985,44.4810482510494,44.77017725307452,0.0956344974122638,0.4508310632572328,0.3395816693340586,0.1777234101809406,0.0058096320242768,46.3624129775883,37.3331257619884,6.90492097529157
41,39.99950000321371,39.99950000321371,-7.813143673918663,35.64492372112596,44.77372536746378,44.97663225782928,12.877400424539088,0.1246341072519829,0.4486362935179512,0.3704501847297178,0.1866401087755312,6.9640869823921525,50.73593518303439,29.659030752230457,10.57094578723746
41,39.99950000321371,39.99950000321371,-10.802818730607818,35.50741301374317,44.68580274574985,42.30861749617653,44.77017725307452,0.1053663674594063,0.4490447852864073,0.3381788396729419,0.1791051084385546,0.0467793756657302,51.69885125834863,29.304597244806008,3.4463128136895733
41,39.99950000321371,39.99950000321371,-11.353601979998736,35.69913604151661,40.6548541948596,41.54846274206055,43.85465017071154,0.1767036249547015,0.4506006101615117,0.3729889293261773,0.2360923249000117,0.0058102194312089,46.71876075873671,29.04192682565561,10.538380490522195
42,39.99950000321371,39.99950000321371,-11.156780008909472,35.45755449848641,41.92224109684711,44.787258953835824,44.69423169305658,0.1044692061722201,0.4507202510943494,0.448462009759895,0.119598377773261,11.152035681257368,45.84707378443386,61.0964752960761,10.475117486578846
42,39.99950000321371,39.99950000321371,-10.804054234577684,35.698767136379395,44.867684671283776,41.274120211884174,44.23830248321704,0.1777352950281001,0.448552370454485,0.3735400602040386,0.1880605249470432,0.0076947531489195,46.11353216773029,31.756646794277835,4.631392236333984
42,39.99950000321371,39.99950000321371,-10.806963303343878,35.642886986340656,44.78950166070425,41.54117739247475,44.70467404580827,0.1126323099751428,0.4602723608778505,0.4441288763554611,0.2051142844287756,0.1429553243130416,64.39384125699966,42.9743889767731,10.538658229314732
42,39.99950000321371,39.99950000321371,-8.228019112921586,39.20362439646544,44.79945992891009,41.55363693105241,12.6351167967846,0.1306890046178879,0.4584813015377885,0.4468407307499992,0.1876349234097387,0.6517905881004651,45.4933336812343,66.73846832635355,2.100460203564636
42,39.99950000321371,39.99950000321371,-10.804054234577684,35.698767136379395,44.867684671283776,41.274120211884174,43.3192274411985,0.1770410368088001,0.448552370454485,0.3698185013843923,0.1886113509915644,0.03141213297389,45.64975563426087,39.68015788561361,30.5345799574025
42,39.99950000321371,39.99950000321371,-11.007162608923224,35.463833772515535,43.07558710410412,44.76125156692701,44.221615910886825,0.1297021768918724,0.4086319756588499,0.4474131002798544,0.3473416337268978,10.799796888742074,60.00536331784471,38.33891300474752,77.26134338908055
42,39.99950000321371,39.99950000321371,-8.090599524280584,35.637995017316555,44.674518317363415,41.42250350640811,11.450433192559306,0.1072589529794078,0.2297893357617086,0.3423698401214704,0.174425308866094,6.5196048945699925,52.34331331651219,13.5293779916274,8.753468027695599
42,39.99950000321371,39.99950000321371,-10.729485291909183,35.03311260543421,44.77372536746378,44.97899481281958,44.61207064511682,0.1246760179432018,0.4566195060149193,0.3704501847297178,0.1866401087755312,11.0453004517078,50.96755828999829,29.659030752230457,10.53918115107188
42,39.99950000321371,39.99950000321371,-10.81674271738138,35.649283965326795,44.7209231320695,44.55243044951551,44.221615910886825,0.1246805225554628,0.4515963594960995,0.5326183332670725,0.1876055389990105,10.5871480591542,45.249096911616704,38.32553686465391,10.433943755798053
42,39.99950000321371,39.99950000321371,-7.861072651444001,37.37503159051203,43.83585925668729,44.88968166432908,13.157905325399812,0.1341500054448435,0.4485476263596895,0.3697748622138331,0.2034360598423635,8.327643051403637,70.30789407489003,29.477875293071573,9.280308420368304
42,39.99950000321371,39.99950000321371,-11.119406187571087,38.12236014734162,44.87357937596328,44.53102820530869,44.22158035653359,0.145143927367278,0.4493460860517519,0.375847686531441,0.2023879421826342,8.30107396720469,45.4933336812343,32.38981320086606,7.995917373477848
42,39.99950000321371,39.99950000321371,-8.38366700214187,37.37503159051203,43.83328389418163,40.6026200747847,12.877400424539088,0.1246341072519829,0.4486362935179512,0.362310335398153,0.2024272331712448,6.9640869823921525,50.73593518303439,29.659030752230457,10.571557682739137
42,39.99950000321371,39.99950000321371,-8.245244989581622,36.1960213398347,41.23262565441718,41.47158088166828,12.685125801794108,0.1076583430069104,0.2297893357617086,0.3353186521493524,0.1598489874734739,6.5196048945699925,62.62203597105894,32.77104289838093,10.641216865881418
42,39.99950000321371,39.99950000321371,-11.006990874303746,35.46251714043288,43.07558710410412,38.32860226926073,44.221615910886825,0.1297021768918724,0.4086319756588499,0.5339886095487872,0.3421562257756899,10.80220845717341,60.16230950563579,43.31199265399316,81.00951576987745
42,39.99950000321371,39.99950000321371,-11.354207560693226,35.703778826841045,40.6548541948596,41.54846274206055,43.858506171845455,0.1767036249547015,0.4437590245805402,0.3729889293261773,0.2360923249000117,5.066602246651264,46.72702857861466,29.04192682565561,10.51293751654812
42,39.99950000321371,39.99950000321371,-11.277222932058445,38.30154412702776,43.842834981246334,41.447554564550686,44.87771290788196,0.1243207661084359,0.4764387712002655,0.5373382720696382,0.3579697768291019,11.956915498046246,52.34772454881543,38.47794409793985,6.348824582524722
42,39.99950000321371,39.99950000321371,-11.153318395328732,37.403082841810026,43.89430847762308,44.96981041098045,44.85062529578181,0.1292001874494895,0.4511929970130252,0.53249408451352,0.1875527719033295,10.880622040398777,69.22532021742646,37.04035924946672,6.943591791147868
43,39.99950000321371,39.99950000321371,-11.564533592122544,37.13503154628242,40.47360734000956,41.54725548541178,44.673684147030166,0.104716654796906,0.4507202510943494,0.3692539843082657,0.1309873635047039,10.716544911969036,45.23395725203871,61.0964752960761,10.476945881950888
43,39.99950000321371,39.99950000321371,-11.11732923274286,38.10643682699191,44.87357937596328,44.42894849609929,44.182836386123206,0.145143927367278,0.1335386003046395,0.375847686531441,0.203400632524364,8.30107396720469,45.4933336812343,32.38981320086606,8.194334208245051
43,39.99950000321371,39.99950000321371,-11.169101321727524,35.69688438518417,42.06710758527312,44.998270997499006,44.24773830356704,0.103633199194297,0.448552370454485,0.3735400602040386,0.1937372707091452,0.0712469834179598,46.11353216773029,60.10253628799163,10.448384562947606
43,39.99950000321371,39.99950000321371,-10.805548229652985,35.69781113984766,44.85527471250809,41.274120211884174,43.35808592845874,0.1770410368088001,0.448552370454485,0.5264561048471471,0.1886113509915644,0.03141213297389,45.64975563426087,39.68015788561361,32.020418002820186
43,39.99950000321371,39.99950000321371,-11.1120764815251,37.01914591533816,43.82655955697905,41.54117739247475,44.70467404580827,0.0900976090622123,0.4486102200935125,0.4185612030754227,0.2051046160884871,0.2712507337640031,70.89155967726482,29.94867298227114,4.644580676312062
43,39.99950000321371,39.99950000321371,-10.75584328833473,35.37486746394435,44.91340225337806,42.79369411852272,44.81875845066438,0.095556288439187,0.4430208860420877,0.3715145805415572,0.2350677561555038,0.1105567267528164,46.3624129775883,31.86271219522889,0.3417637458100278
43,39.99950000321371,39.99950000321371,-7.878640436651498,35.40242237285901,42.26028271383952,44.75124683991562,13.15415685424386,0.1292466027529693,0.4491419192074304,0.4535213000499474,0.2051035679013019,0.1519125515041026,55.78140366370383,38.38205839521864,11.802046366059264
43,39.99950000321371,39.99950000321371,-10.877049141173616,36.21113327085266,40.65487201566208,34.701142086088495,43.31043200375744,0.1448953693094191,0.4487330461182227,0.3743381697292277,0.338090499155177,0.0541068533307089,45.45952569733288,14.89028408743932,77.51025816769393
43,39.99950000321371,39.99950000321371,-10.914501886230973,35.647157988297494,43.96931019386,44.97184057278729,44.221615910886825,0.1292466027529693,0.4784665188471029,0.5309519577678059,0.1674148688196142,0.2370641594882618,45.4933336812343,36.972697733791,17.939348826939582
43,39.99950000321371,39.99950000321371,-10.808544043750658,35.706747545997935,44.84124321057617,42.30861749617653,44.73899797089517,0.1817488268378002,0.4490447852864073,0.3738208535079277,0.1791051084385546,0.0457398156801017,52.02512726672629,67.0607112952764,0.286035552294873
43,39.99950000321371,39.99950000321371,-7.851166265718866,38.12236014734162,44.81915608168638,44.95259828769246,13.14487299153718,0.145143927367278,0.4493452344128271,0.3767497316721848,0.1868852066309121,8.166008148432672,45.49220046676271,32.38981320086606,11.957202829544176
43,39.99950000321371,39.99950000321371,-11.223406226813944,38.91969378153685,44.87357937596328,44.536721954203145,44.22158035653359,0.1133811840192357,0.4429767007997557,0.375847686531441,0.1858303986671677,8.32715042813701,56.971008280160845,32.38981320086606,9.259828545786302
43,39.99950000321371,39.99950000321371,-9.320645071848135,36.20969394923891,41.23262565441718,34.693294443174054,14.151573327343153,0.1076583430069104,0.2297893357617086,0.3358540773964475,0.1598489874734739,6.5196048945699925,62.62203597105894,32.73437645361922,10.641216865881418
43,39.99950000321371,39.99950000321371,-11.41859851901561,36.19746066144846,40.65487201566208,41.47942727969981,43.31043200375744,0.1131326259534704,0.4487199439422467,0.3738027444821326,0.338090499155177,0.0541068533307089,56.93720029625942,14.926950575049784,77.51025816769393
43,39.99950000321371,39.99950000321371,-11.16435981984136,38.31218972230872,44.71876443685826,40.93746313296939,44.94578099645332,0.1349329052291396,0.5332763370440274,0.3715860996650605,0.1864223303589978,10.502963664754386,45.04128426192812,43.44927439348983,10.43262685608862
44,39.99950000321371,39.99950000321371,-11.517137499759208,37.55396764774848,41.25591348292785,41.03811715280708,44.67705909567996,0.1177236477484958,0.5109085278088182,0.3735585236199557,0.1863521687556741,11.637056756543164,50.28180258463168,67.09053969611969,6.767621329877771
44,39.99950000321371,39.99950000321371,-11.114375238725131,37.03676972053844,43.82655955697905,41.53405749567529,44.91466228358576,0.1361931735022536,0.4602723608778505,0.3715873799112819,0.1872550392696235,10.747580011286916,56.10134630610786,61.88461049942141,10.519119690951223
44,39.99950000321371,39.99950000321371,-10.760861998648934,36.21113327085266,40.68746495713842,34.701142086088495,44.20120009644662,0.1448953693094191,0.4774383847337522,0.4468573705397902,0.3437547722372673,0.0541068533307089,45.45952569733288,14.89028408743932,78.59670636085114
44,39.99950000321371,39.99950000321371,-10.89468621942089,35.647157988297494,44.121230306070665,44.97184057278729,44.47228111014852,0.1091296748652918,0.4784665188471029,0.5309519577678059,0.1674148688196142,0.2370641594882618,45.4933336812343,77.74113798505145,17.475868867880525
44,39.99950000321371,39.99950000321371,-11.455608988569438,39.81943336752661,43.99309778849423,44.55678969286756,44.22161634642366,0.1292466027529693,0.4771949654318715,0.3737081368641102,0.1878373220209592,0.2370641594882618,45.4933336812343,31.758201741852705,17.527418726813114
44,39.99950000321371,39.99950000321371,-8.383500718927273,37.37503159051203,44.141217581822566,40.6026200747847,12.876125586560535,0.1246341072519829,0.4486362935179512,0.3817634135140438,0.2029163706278345,6.9640869823921525,50.73593518303439,31.25498398063603,10.571557682739137
44,39.99950000321371,39.99950000321371,-11.16435981984136,38.31218972230872,44.71876443685826,40.94458302976886,44.73578541410356,0.1113720417032548,0.5332763370440274,0.3716124067374071,0.2042815755181499,0.1519531800864051,45.04804028529827,43.44927439348983,10.43262685608862
44,39.99950000321371,39.99950000321371,-11.22651154397004,36.17867671450428,42.10875487740061,41.47942727969981,43.31043200375744,0.1043214620712035,0.4506602296159151,0.4495763107404295,0.3384532340940966,0.0541068533307089,45.71912005126627,14.218993578535482,77.51025816769393
44,39.99950000321371,39.99950000321371,-10.918756026736908,35.647157988297494,43.93669511664787,44.97192462984952,42.3264485872171,0.1292466027529693,0.4527938705202603,0.3743215299394366,0.1876055389990105,0.2370641594882618,45.4933336812343,38.33891300474752,16.854202627228293
44,39.99950000321371,39.99950000321371,-11.359698163098903,35.74587344528457,40.6548541948596,41.42182211902797,43.838629237377255,0.1048290968677184,0.4506559797324732,0.3401606841311679,0.1706900403215172,0.0472236919537305,52.34331331651219,13.75759753451486,15.128302494433692
44,39.99950000321371,39.99950000321371,-8.173523695114778,35.40242237285901,42.26028271383952,42.49047519169717,13.15415685424386,0.1292466027529693,0.2234408454021501,0.5296863142986509,0.2051035679013019,0.1519125515041026,65.21449540295728,38.07373341466308,11.802046366059264
44,39.99950000321371,39.99950000321371,-10.812018582610428,35.70700760823881,44.81486514155884,44.85044240387244,44.69423169305658,0.1046483622389895,0.4507202510943494,0.448462009759895,0.119598377773261,12.23981187057749,52.29771229528768,61.0964752960761,10.475117486578846
44,39.99950000321371,39.99950000321371,-10.91593212700304,35.65812316755001,43.96931019386,41.54934940266142,44.221615910886825,0.1042554446767229,0.4784665188471029,0.5309519577678059,0.1674148688196142,0.2370641594882618,45.4933336812343,54.09381942813447,17.939348826939582
44,39.99950000321371,39.99950000321371,-11.136268976384322,37.13503154628242,43.75696939400257,41.391152417649735,44.67273458096197,0.104716654796906,0.4512049680958662,0.3622159881654581,0.1311940452635657,10.716544911969036,45.80967974177911,61.0964752960761,10.476945881950888
44,39.99950000321371,39.99950000321371,-11.34725051877237,35.64929317248138,40.65370586189318,44.787258953835824,44.67526704036479,0.1084954091177494,0.4507202510943494,0.5357815993441462,0.130114389473018,8.834940654016108,45.84707378443386,61.0964752960761,123.317624971539
44,39.99950000321371,39.99950000321371,-10.796458656241022,35.622381229398535,44.84953153155069,44.95094002463977,44.221579920996746,0.1133811840192357,0.4429767007997557,0.4489802804173299,0.185598615645219,11.60002951254064,56.971008280160845,38.97052446376088,9.671758647331966
44,39.99950000321371,39.99950000321371,-7.8858034812906865,39.88698122955258,43.78794059183616,43.78609494674876,12.243921636644089,0.1354512671708888,0.4283511841665602,0.5202505688327657,0.168200506846904,0.1731429940869633,53.7863066900778,43.44927439348983,10.28988028640872
45,39.99950000321371,39.99950000321371,-10.804551182850645,35.69781113984766,44.86291873799267,41.274120211884174,40.75506470951423,0.1771266275696384,0.478142218593144,0.5456265559609097,0.1886113509915644,0.03141213297389,45.64975563426087,41.43810822940428,32.020418002820186
45,39.99950000321371,39.99950000321371,-11.354207560693226,35.703778826841045,40.6548541948596,41.54846274206055,44.21861601647785,0.1767036249547015,0.4433012281220128,0.4432511716602204,0.1898057026402787,5.463266512169425,45.41459292996832,28.886628249071396,14.516550532598057
45,39.99950000321371,39.99950000321371,-11.071424244406517,37.03676972053844,44.15585051342181,40.65318454857835,44.70467404580827,0.125040342413582,0.4481400438963895,0.3822590747142149,0.2029814019517179,0.6312151835601236,60.41587633178512,42.646939753939314,10.521962217341972
45,39.99950000321371,39.99950000321371,-11.35697367445266,37.13503154628242,36.61738698954885,41.54725548541178,44.673684147030166,0.104716654796906,0.4507204183269565,0.3692539843082657,0.1309873635047039,10.716544911969036,45.23395725203871,60.82849130934337,10.476945881950888
45,39.99950000321371,39.99950000321371,-11.370741630322406,35.64929317248138,40.47360734000956,44.787258953835824,44.69799742789206,0.104716654796906,0.4486205022378993,0.3656788613168755,0.130114389473018,10.716544911969036,46.10243684428367,61.0964752960761,29.83618093200633
45,39.99950000321371,39.99950000321371,-8.26767556537557,37.37503159051203,43.8119266253798,41.49061291868109,12.876125586560535,0.1122260748135438,0.4607686104994123,0.3711180257834574,0.1855210567525261,0.1356323915815411,50.73593518303439,31.58243320346984,10.56871515634839
45,39.99950000321371,39.99950000321371,-10.804054234577684,35.698767136379395,44.867684671283776,41.274120211884174,42.57085827334121,0.1770410368088001,0.4506521193109351,0.539918072974023,0.1880605249470432,0.0076947531489195,45.85816910788047,28.81524417826173,11.17351964322961
45,39.99950000321371,39.99950000321371,-11.102956493811831,35.40242237285901,42.27975592030162,42.46196345003449,40.82083334616831,0.1292466027529693,0.2234408454021501,0.5296863142986509,0.2051035679013019,0.1519125515041026,65.21449540295728,38.0381556730284,9.63385829240996
45,39.99950000321371,39.99950000321371,-8.270724296236352,35.622381229398535,44.82290414238419,44.94759457624323,16.356480847388656,0.1133811840192357,0.4429767007997557,0.4489802804173299,0.185598615645219,11.60002951254064,56.971008280160845,39.00610220539557,11.83994672098127
45,39.99950000321371,39.99950000321371,-8.312052674531088,37.37503159051203,38.66369250032962,41.43216815399472,13.157905325399812,0.1095582307609744,0.4530514637273338,0.3697933024127201,0.2034360598423635,2.871739905907069,45.91918908271757,61.13732779039248,9.280308420368304
45,39.99950000321371,39.99950000321371,-11.448245416691703,37.46852616651861,40.36576805538061,44.59588652741085,43.856390636324754,0.1263409086909945,0.4405632032429226,0.37052055579043,0.2059300443152157,0.472215541923056,53.06274190025229,41.49022298071909,10.497067323848963
45,39.99950000321371,39.99950000321371,-11.12222172905986,38.10643682699191,44.83607023753295,44.42894849609929,43.553081634411335,0.145143927367278,0.1218008823816624,0.375847686531441,0.203400632524364,8.30107396720469,70.38415993893553,32.38981320086606,8.194334208245051
45,39.99950000321371,39.99950000321371,-11.464974700501692,39.89123715900721,43.99309778849423,44.55678969286756,44.22161637227822,0.1292466027529693,0.477180287303764,0.527836224773421,0.1887945875341243,0.2370641594882618,45.4933336812343,31.758201741852705,17.94646967864899
45,39.99950000321371,39.99950000321371,-10.914501886230973,35.647157988297494,43.96931019386,44.97192462984952,43.86150606625442,0.1292466027529693,0.4776527618903989,0.376578488415956,0.2338921612587446,0.0491168804100796,46.80576932988064,38.49421158133175,10.542930188036834
45,39.99950000321371,39.99950000321371,-10.90656641502654,35.586319375730135,43.96931019386,41.54934940266142,44.22161588503226,0.1042554446767229,0.4784811969752104,0.3768238689328123,0.1278197160952223,0.2370641594882618,45.4933336812343,54.09381942813447,17.520297875103704
45,39.99950000321371,39.99950000321371,-10.734928505959104,35.229295706635064,44.928177160948586,42.79369411852272,44.81875845066438,0.095556288439187,0.442267170975729,0.4791921422135292,0.1783845243121726,0.1120461950834262,46.3624129775883,37.43138156662677,0.3417637458100278
46,39.99950000321371,39.99950000321371,-10.753662683601526,35.42807439509279,44.98332715414772,42.73901867597735,44.22161637227822,0.1296094109593924,0.4421459764896226,0.4953326416790327,0.1887945875341243,0.2370641594882618,45.472697449444375,31.758201741852705,1.2864454705250594
46,39.99950000321371,39.99950000321371,-10.74676158992024,35.24065256497669,44.84881370892151,44.73968159276247,44.221579920996746,0.0951847883804116,0.4429767007997557,0.3756774617926962,0.185598615645219,11.695102213258078,56.89462835606295,38.97052446376088,0.5692015885303059
46,39.99950000321371,39.99950000321371,-11.22501533443306,36.17867671450428,42.12022581718414,44.5659864115064,43.30325331716989,0.1050665867665764,0.4506602296159151,0.3731596782801563,0.1799520313421966,0.0312628169028756,45.71912005126627,13.965173311132208,73.88152072253936
46,39.99950000321371,39.99950000321371,-10.804555717173116,35.697845902986565,44.86291873799267,41.274120211884174,40.74195085724056,0.1037245049852196,0.478142218593144,0.547103812946341,0.1886113509915644,0.03141213297389,45.479273040560805,41.43810822940428,32.020418002820186
46,39.99950000321371,39.99950000321371,-10.75584328833473,35.37486746394435,44.91340225337806,42.79369411852272,44.81875845066438,0.095556288439187,0.4442754973299452,0.3715145805415572,0.2350677561555038,0.1105567267528164,46.3624129775883,31.86271219522889,0.2726528681524589
46,39.99950000321371,39.99950000321371,-11.147353451337048,37.22001252091994,43.75696939400257,41.555019592917205,44.67273458096197,0.104716654796906,0.4512049680958662,0.3658159970281988,0.1864369500090932,10.62978080265718,45.4772661410675,61.0964752960761,10.476945881950888
46,39.99950000321371,39.99950000321371,-10.906561880704068,35.58628461259124,43.96931019386,41.54934940266142,44.23454850890955,0.1776580676321819,0.4784811969752104,0.3753466007258246,0.1278197160952223,0.2370641594882618,45.66381627493436,54.09381942813447,17.520297875103704
46,39.99950000321371,39.99950000321371,-11.142052347003355,37.234327952405536,43.8119266253798,41.49061291868109,42.64715632865857,0.1204525837301653,0.4611276420040441,0.3711180257834574,0.1855210567525261,0.2385785192720242,50.70296303030013,31.559739226464558,10.56871515634839
46,39.99950000321371,39.99950000321371,-11.466829022292911,37.133057524114335,40.77149246378197,40.65318454857835,44.74082871099933,0.177050878938177,0.4435819760259152,0.3729649334729908,0.2029814019517179,0.3068084043059804,59.36418648617197,29.0812679698315,11.73113814100929
46,39.99950000321371,39.99950000321371,-7.93668473396237,37.37503159051203,43.83585925668729,44.88968166432908,13.737597958040654,0.1341500054448435,0.4485476263596895,0.3248161437452261,0.2034360598423635,8.327643051403637,70.30789407489003,29.477875293071573,9.280308420368304
46,39.99950000321371,39.99950000321371,-11.564533592122544,37.13503154628242,40.47360734000956,41.54725548541178,44.673684147030166,0.104716654796906,0.4507202510943494,0.3692539843082657,0.1163717951018635,0.4523123961990958,59.64975930897391,61.0964752960761,10.47896995961449
46,39.99950000321371,39.99950000321371,-8.372672985009778,39.20362439646544,44.79945992891009,40.444623911709584,12.6351167967846,0.1046193966261101,0.4584813015377885,0.4468407307499992,0.187259636369864,0.6517905881004651,45.4933336812343,70.65145210200181,0.6913893024273094
46,39.99950000321371,39.99950000321371,-8.042796005890203,40.03194079711137,43.99309778849423,44.55678969286756,14.218225738025854,0.1301766550183757,0.4768212557991321,0.527836224773421,0.1887945875341243,0.1341180318010355,53.06799361376762,31.780895718857987,17.94646967864899
46,39.99950000321371,39.99950000321371,-11.450081398809836,39.6924584699749,43.90850107909949,44.61128214904148,44.81875845066438,0.0951935079938267,0.4773014817898704,0.5283613316678241,0.1783845243121726,0.1120461950834262,46.38304920937822,37.43138156662677,17.159124591107897
46,39.99950000321371,39.99950000321371,-10.830698814807214,35.64929317248138,44.6139355922927,40.39212695788106,44.69799742789206,0.0956340803709364,0.4486205022378993,0.3385370443172304,0.177206831673391,10.716544911969036,46.10243684428367,61.0964752960761,29.83618093200633
46,39.99950000321371,39.99950000321371,-7.8858034812906865,39.88698122955258,43.78794059183616,43.78609494674876,12.243921636644089,0.1354512671708888,0.4283511841665602,0.5202505688327657,0.174934593686945,0.1731429940869633,53.7863066900778,43.44927439348983,10.28988028640872
42,4824.207453810159,39.0675996330008,-6.804774643573417,35.39688536809085,44.68580274574985,4.855741679812788,42.40931390321813,0.0956344974122638,0.4600098459069723,0.3395816693340586,0.1777234101809406,0.0025862013040152,46.3624129775883,37.3331257619884,0.3417637458100278
46,4828.880218579356,30.388113666855904,-7.271810795860532,35.39688536809085,40.53839868291978,6.159863338148935,42.40931390321813,0.1047170718382396,0.4600098459069723,0.3667234863337038,0.1306309679903051,0.0024855181086231,53.32216952585938,37.3331257619884,0.3417637458100278
46,5087.952683132162,23.540804304226835,-6.804516735544127,35.636420131420266,36.39228397934905,5.001855507382029,44.83389386821031,0.1054960506149722,0.4507687878675624,0.5244989979864593,0.1875115389019644,0.0744634310638691,45.8141944232474,39.35048502907131,13.913333814921682
46,5095.108657034827,23.0809157995418,-6.720955937213446,35.95101603551124,39.80599781613961,4.202595892334628,44.67526704036479,0.1092198933844099,0.2234842956977867,0.5357815993441462,0.1016579897416963,10.716544911969036,45.84707378443386,61.0964752960761,10.475117486578846
42,6149.672359016819,18.82814120137585,-7.562253874989793,35.29614224033301,36.04686306397375,2.0241427722288976,12.867683436696936,0.1783662875197275,0.1232065419678957,0.4421912608722977,0.2033898643652829,236.57270489473248,71.52700212067282,38.39013709129273,0.8659720132277045
45,6151.935595115448,16.823458303172146,-7.5970131892260895,35.29614224033301,35.78037498816215,2.0241427722288976,10.715582739067788,0.1783662875197275,0.1232065419678957,0.4421912608722977,0.1861305750598827,236.57270489473248,69.9668079937455,68.26902654940737,0.8659720132277045
42,6152.380329770582,12.472048112797772,-7.7409181505171745,37.39391961523728,36.13070013522749,3.4777392891925536,13.132151319499515,0.1816551835810795,0.1232065419678957,0.5327458040403312,0.202931546478262,236.57270489473248,70.34177153642212,66.26132931824617,8.021313176809786
2,6416.968067419712,0.0,-7.781260547747156,14.71894178120426,36.301014399921776,3.957345265983383,3.8972527330258817,0.1084249623845626,0.2251441135342505,0.5299398766575671,0.335983836144378,248.9723115137,65.27729135827592,72.85434301404828,92.7692893061214
14,6416.968067419712,0.0,-7.781260547747156,14.71894178120426,36.301014399921776,3.957345265983383,3.8972527330258817,0.1084249623845626,0.2251441135342505,0.5299398766575671,0.335983836144378,248.9723115137,65.27729135827592,72.85434301404828,93.8541284719783
31,6416.968067419712,0.0,-7.781260547747156,14.71894178120426,36.301014399921776,3.957345265983383,3.8972527330258817,0.1084249623845626,0.2251441135342505,0.5299398766575671,0.3370829812419908,248.9723115137,65.27729135827592,72.85434301404828,93.86896237731445
31,6416.968067419712,0.0,-7.721110014626898,14.71894178120426,36.301014399921776,3.496191178728048,3.8972527330258817,0.1084249623845626,0.2251441135342505,0.5299398766575671,0.4122809925065174,248.9723115137,65.27729135827592,72.85434301404828,81.15316101507237
35,6416.968067419712,0.0,-7.781260547747156,14.71894178120426,36.301014399921776,3.957345265983383,3.606969404137746,0.1084249623845626,0.2251441135342505,0.5299398766575671,0.335983836144378,248.9723115137,65.27729135827592,72.85434301404828,92.7692893061214
43,6416.968067419712,0.0,-7.721110014626898,14.71894178120426,36.301014399921776,3.496191178728048,3.8972527330258817,0.1084249623845626,0.2251441135342505,0.5299398766575671,0.4133572818296268,248.9723115137,65.27729135827592,72.85434301404828,93.63861696637872
43,6416.968067419712,0.0,-7.781260547747156,14.71894178120426,36.301014399921776,3.957345265983383,3.8972527330258817,0.1084249623845626,0.2251441135342505,0.5299398766575671,0.3360066919188815,248.9723115137,65.27729135827592,72.85434301404828,81.3835064260081
