generation,l_max_kg_per_m,s_max_kg_per_m,constraint,x_00,x_01,x_02,x_03,x_04,x_05,x_06,x_07
2,111.19700998057917,93.75096624070248,-12.0,0.31903091569467534,0.18838614640996953,0.1081554263836729,0.20512624291090537,19.950876597560757,16.65785483176624,20.416586790383274,212.52304529963095
2,6416.968067419715,0.0,-12.0,0.2561582058785714,0.2838189033257123,0.6065940569163528,0.5257003944455314,24.976200612464446,244.4815840802437,84.46862189607587,150.12476891052276
2,6416.968067419715,0.0,-12.0,0.14516102656476157,0.5145624601295323,0.5677485534433985,0.624772934591049,184.9613545233718,107.0411858306485,25.920117885242483,200.60727438575702
2,4843.329273818784,137.7361784913535,-12.0,0.3887057321975466,0.6103574047297675,0.626148356367228,0.18028065559503603,204.30415706066665,238.39609857724116,60.20989669374896,3.849772805029378
2,261.2191785557036,192.25810407825873,-12.0,0.21266990443421896,0.14346271598802401,0.28650810963575774,0.12850139620976386,149.57267642633008,80.2309535223281,232.7922523994667,80.61554470928992
2,194.91006441359983,194.91006441359988,-12.0,0.10413518015802962,0.262084067806564,0.3557858459074458,0.13470259148299665,62.692357061656935,158.68197457354782,17.927412767964945,224.9927038293496
2,6416.968067419719,0.0,-12.0,0.5839826571895967,0.6423618213060863,0.46724087648020185,0.61799442923298,215.73675091761257,163.74518056468557,23.907983185770753,125.93218948412374
2,6416.968067419719,0.0,-12.0,0.273558714428975,0.59102972132276,0.5264318284622038,0.6438379603607827,12.29195984770326,245.52788506480107,4.7650456760649496,104.32843767783744
2,6416.968067419719,0.0,-12.0,0.5652734263857032,0.23575753375659442,0.4080703367061135,0.5939960656406899,110.45138878701893,50.089227320258864,118.36793489867028,139.7902488502164
2,2787.7964627486235,253.8794673132445,-12.0,0.17259368377198153,0.6456245512461014,0.10806230664319097,0.3668520292234576,249.98065123656707,79.35557665944312,207.76837013853878,10.453651663019842
2,368.18527310886026,278.6973156786408,-12.0,0.46008107390048203,0.09849803839392988,0.16173966160382083,0.1147867698007429,144.08078790330444,59.3633697492722,24.77002545629911,203.51138358800063
2,4656.164329948648,203.76274675872645,-12.0,0.36245362367958867,0.6208744717549978,0.5402742632246912,0.18678132683869447,145.9107293458557,171.46861610504575,170.3663508813551,210.693285098151
2,5103.240200458624,201.31457448087448,-12.0,0.42651224571643714,0.25677483760798886,0.6490835177689869,0.30961232134551037,114.5009036940059,225.92549385291179,125.72444674810606,97.69415521307626
2,6416.96806741972,0.0,-12.0,0.5111962646343643,0.3336440041486568,0.5082755837159316,0.5966691907805681,177.13250796945127,45.97453151778069,168.8098645673982,39.40625993725358
2,2178.6349314820673,300.66830053854443,-12.0,0.6349639410313,0.46848934317240754,0.26776051930534744,0.17717561747475452,82.31681502504526,94.58394063738417,234.29994503297843,3.582968976957562
2,406.55446902982186,323.9848098317703,-12.0,0.1535823271681409,0.18136015720383702,0.2627128746994845,0.42193219848308416,171.56433249449697,78.58020456424723,148.7442944903105,145.28719193690785
2,4261.795405960829,295.78260960318994,-12.0,0.43593736758097235,0.6150391182846563,0.5043027328095916,0.23654918216265425,248.45573603876372,84.95423701074995,33.89692920683396,87.4992010416164
2,1064.3378313760154,303.29463592600393,-12.0,0.577886122219792,0.3227501929695079,0.35524249941812114,0.24093834999256541,138.02712339343614,27.690775436108456,139.04222668473915,132.36990727019062
2,5577.983422849983,278.75708099284725,-12.0,0.28981524659049096,0.4934520605263456,0.5886002816185414,0.45641613804694275,46.455049432540754,71.39512729248409,84.9064556708953,84.3085138714251
2,6022.16488057454,264.8217332388141,-12.0,0.6457865314478164,0.4033200108061223,0.5658517492089485,0.4889099450573275,233.4568751871167,42.85457891222039,186.91574860380064,75.24440073297714
2,6416.968067419721,0.0,-12.0,0.4892880660645834,0.15965000520326397,0.42599917067491005,0.623540414504557,206.2640125773984,164.98745923595112,149.71299067009357,54.136775648608335
2,6416.968067419721,0.0,-12.0,0.5185794902794916,0.24666515943602435,0.2605559262910835,0.6459449271620714,219.21974250275713,249.27722210063385,49.59735020062783,49.65566312031161
2,463.5405043106844,437.24649755879267,-12.0,0.13097694356502065,0.14576528072213857,0.37568404363964525,0.35395271342882095,219.99572678469346,207.4688988735558,53.21054576475215,22.143813958977464
2,690.2436413513095,410.6371040458669,-12.0,0.4246385295026814,0.2567035446954314,0.17672566715507626,0.14466462429860172,173.1077751732378,232.6757658765516,181.4788915832392,41.39971825265765
2,5020.104183990576,338.61783159155806,-12.0,0.38447048951052387,0.5139310530289141,0.6412133235914655,0.1899319153479289,62.4192768944597,124.32307944499647,141.32714414463726,202.1907007301152
2,5097.19405779535,313.0504698230994,-12.0,0.27747778255656685,0.47290190157544576,0.612870133639417,0.2982796870540242,88.87438115542324,192.48365805611442,26.619967904225465,238.55459537978527
2,6416.968067419717,293.9017576758519,-12.0,0.48919105487803893,0.6086183214812632,0.2661011676941022,0.5738667128629904,69.38444202588848,47.68225782115748,12.717181249450372,91.12483340062713
2,6416.968067419716,304.9079581639065,-12.0,0.48958887206040147,0.5647639739951013,0.11752145744313244,0.5441838431209102,208.56964419982643,161.7457590366431,229.6905492928887,2.3960762983449015
2,6416.968067419725,0.0,-12.0,0.2897549128031205,0.2655535257212965,0.35091135766880444,0.6037713586684843,7.102575974754776,92.0188214446847,242.7357142275822,154.58917746815735
2,6416.968067419725,0.0,-12.0,0.33243475203654066,0.4316308064695745,0.36249070483890994,0.5696433494009866,195.04535255454815,155.75172818498748,231.16145965964657,99.64406161174163
2,562.380737817517,562.380737817517,-12.0,0.11585989977461181,0.3453196159481891,0.24007739897457275,0.1896329622956595,207.6093529820131,171.48206398680153,186.67881205662928,167.6929692965265
2,1595.909121461153,533.4571372069548,-12.0,0.5749483462273738,0.39326386796762447,0.2195009471265475,0.4135741987558336,38.75121781385696,217.70701020352294,200.49929688743848,153.1845056661293
2,4423.913968900752,450.1065736918084,-12.0,0.24020395198561606,0.6264920798797526,0.48354419281123184,0.2812113080151231,87.92047584231169,246.20074840016693,176.0244585621229,229.18860704179042
2,6416.968067419719,370.96154974162874,-12.0,0.5128196149042917,0.5239424176876111,0.08009855436268856,0.5660741677665312,188.43096191961158,88.85148933789644,226.277774855499,123.75957083544414
2,6416.968067419725,356.1434860103208,-12.0,0.2999610741547824,0.15239113634877188,0.3363370496293577,0.5525054083642037,91.1532465410886,58.06096206742314,148.10427659536097,94.50568741181931
2,1768.1751816100073,536.9992152520375,-12.0,0.4490855796807987,0.2231948884598553,0.4651391422632948,0.10556280978709232,87.02190073286422,15.314915904711512,64.6090357486352,201.29990181106953
2,4826.206533145334,491.2992489747757,-12.0,0.5106425012154313,0.34082672647233025,0.5571269216202087,0.3391243678494638,107.18948495536199,25.2660708319733,93.17168851811988,150.51868574879563
2,2970.477280482743,690.2813798370224,-12.0,0.3872918709766873,0.6446142291729035,0.11003644107989508,0.45319957912568587,206.9527470411463,151.88771963825266,205.20804492936568,85.3606056043632
2,2041.6842405605507,851.3597538536013,-12.0,0.3954368029968851,0.17717488510102908,0.45929746129149684,0.286574617812363,173.88717568775655,157.87719161967215,180.9979181805003,181.76512681733917
2,4244.4879887057905,703.7450492981628,-12.0,0.38214831071918237,0.5624723752454256,0.46704649949762994,0.4299165135308083,117.39482588185088,62.32559729271406,216.68358423174914,45.80622029032722
2,2406.362985827942,1439.6661260147246,-12.0,0.21754405943765742,0.2570599292405998,0.30337965754464313,0.45846217932512834,96.0023208880918,185.7974064207737,68.63953428222943,194.87928337060103
2,2649.201453666683,1199.3700526337393,-12.0,0.6428173871123148,0.36258766905807843,0.38831106357606987,0.36198885172276096,87.97004246257339,184.39870915177204,221.65551053601587,172.38879829087043
2,2725.8516190875184,2197.331555949008,-12.0,0.15236116430752958,0.5117986788486103,0.4000466291896736,0.33123530167929915,233.62210387066742,120.51042727286837,224.59339196209424,12.09942095110192
2,3386.182610088758,1726.894522749135,-12.0,0.5387207536812388,0.49775912102061887,0.4683845576145138,0.16565513372989693,209.571024786482,19.39641354723756,195.18980554735523,138.83846893625983
2,3533.703475299435,2604.646421561041,-12.0,0.552720468097738,0.3629394877834359,0.5147270464200019,0.38287705979924536,224.17161289380977,196.28879403212434,47.200497939358485,9.340168688539041
2,3850.862048857483,2404.1068606035337,-12.0,0.5130643718582298,0.45975542943904235,0.506631735459719,0.33367509728957534,189.85812229173035,67.41437518156116,152.8429206394638,240.23210395636687
2,4808.323977258043,2725.832079926178,-12.0,0.453728531018059,0.5759350989868343,0.2058394884455585,0.5019770619439871,12.241575582440156,187.29456386286526,51.375938383825485,159.20754117514718
2,4809.102066334502,3606.275403321717,-12.0,0.5925376951423088,0.4435749071303935,0.4513431540073024,0.5037550468704916,29.39449758920118,176.62531079376046,235.76670154163324,72.26958474104325
3,6416.968067419715,0.0,-12.0,0.2561582058785714,0.2838189033257123,0.6065940569163528,0.5257003944455314,24.976200612464446,244.4815840802437,84.46862189607587,150.12476891052276
3,6416.968067419715,0.0,-12.0,0.14516102656476157,0.5145624601295323,0.5677485534433985,0.624772934591049,184.9613545233718,107.0411858306485,25.920117885242483,200.60727438575702
3,79.90847872160776,63.26087898793946,-12.0,0.31903091569467534,0.18838614640996953,0.1081554263836729,0.22031507969920106,31.69225472988635,16.65785483176624,27.518718743167334,102.55640919471418
3,6416.968067419716,0.0,-12.0,0.6011905483183322,0.2206786866782979,0.626148356367228,0.6061856349625145,210.37536321562064,238.39609857724116,60.20989669374896,3.849772805029378
3,111.19700998057917,93.75096624070248,-12.0,0.31903091569467534,0.18838614640996953,0.1081554263836729,0.20512624291090537,19.950876597560757,16.65785483176624,20.416586790383274,212.52304529963095
3,6416.968067419717,0.0,-12.0,0.14516102656476157,0.5145624601295323,0.5830273582999789,0.624772934591049,170.82862965732136,107.0411858306485,22.90523123821123,132.34428210535154
3,112.24207710710061,102.8885706815089,-12.0,0.31903091569467534,0.263853435785431,0.3591778181164488,0.17604044678748176,19.950876597560757,16.65785483176624,17.87203413505612,212.52304529963095
3,6416.968067419719,0.0,-12.0,0.5839826571895967,0.6423618213060863,0.46724087648020185,0.61799442923298,215.73675091761257,163.74518056468557,23.907983185770753,125.93218948412374
3,6416.968067419719,0.0,-12.0,0.273558714428975,0.59102972132276,0.5264318284622038,0.6438379603607827,12.29195984770326,245.52788506480107,4.7650456760649496,104.32843767783744
3,6416.968067419719,0.0,-12.0,0.5652734263857032,0.23575753375659442,0.4080703367061135,0.5939960656406899,110.45138878701893,50.089227320258864,118.36793489867028,139.7902488502164
3,120.31690225898006,120.31690225898005,-12.0,0.10548640785763794,0.262084067806564,0.35902995518395847,0.12947457994837186,47.313298495330116,158.24404045877526,17.020869752965453,14.844266108694327
3,6416.96806741972,0.0,-12.0,0.5111962646343643,0.3336440041486568,0.5082755837159316,0.5966691907805681,177.13250796945127,45.97453151778069,168.8098645673982,39.40625993725358
3,6416.96806741972,0.0,-12.0,0.5652734263857032,0.23575753375659442,0.4080703367061135,0.6246646346449177,110.45138878701893,50.089227320258864,118.36793489867028,139.7902488502164
3,6416.96806741972,0.0,-12.0,0.36064463934669927,0.15965000520326397,0.45983055321079985,0.623540414504557,198.79350773575044,167.76101391737419,149.71299067009357,53.8922974820933
3,6416.96806741972,0.0,-12.0,0.5111962646343643,0.3336440041486568,0.4908933645577328,0.6112934183296935,177.3461495755426,49.31014019018741,168.8098645673982,39.40625993725358
3,4843.329273818784,137.7361784913535,-12.0,0.3887057321975466,0.6103574047297675,0.626148356367228,0.18028065559503603,204.30415706066665,238.39609857724116,60.20989669374896,3.849772805029378
3,141.5405718582765,141.54057185827645,-12.0,0.10413518015802962,0.18661677843225405,0.10506906214500425,0.13470259148299665,62.692357061656935,158.68197457354782,20.471965423292097,224.9927038293496
3,6416.968067419721,0.0,-12.0,0.4892880660645834,0.15965000520326397,0.42599917067491005,0.623540414504557,206.2640125773984,164.98745923595112,149.71299067009357,54.136775648608335
3,6416.968067419721,0.0,-12.0,0.5185794902794916,0.24666515943602435,0.2605559262910835,0.6459449271620714,219.21974250275713,249.27722210063385,49.59735020062783,49.65566312031161
3,6416.968067419721,0.0,-12.0,0.5185794902794916,0.21897251655471955,0.36853221374915823,0.6459449271620714,219.9533194754776,249.27722210063385,49.59735020062783,43.6576396230835
3,261.2191785557036,192.25810407825873,-12.0,0.21266990443421896,0.14346271598802401,0.28650810963575774,0.12850139620976386,149.57267642633008,80.2309535223281,232.7922523994667,80.61554470928992
3,194.91006441359983,194.91006441359988,-12.0,0.10413518015802962,0.262084067806564,0.3557858459074458,0.13470259148299665,62.692357061656935,158.68197457354782,17.927412767964945,224.9927038293496
3,6416.968067419723,0.0,-12.0,0.5778400494977761,0.31624787438597224,0.35785160193205473,0.6256948944346744,215.73675091761257,162.83281120078357,23.464299352545346,125.93218948412374
3,262.20010775683056,192.25810407825873,-12.0,0.21266990443421896,0.13446508837734794,0.2869195969342465,0.12850139620976386,149.57267642633008,83.94943990176843,226.17942058928125,80.61554470928992
3,6416.968067419725,0.0,-12.0,0.2897549128031205,0.2655535257212965,0.35091135766880444,0.6037713586684843,7.102575974754776,92.0188214446847,242.7357142275822,154.58917746815735
3,6416.968067419725,0.0,-12.0,0.33243475203654066,0.4316308064695745,0.36249070483890994,0.5696433494009866,195.04535255454815,155.75172818498748,231.16145965964657,99.64406161174163
3,6416.968067419725,0.0,-12.0,0.33243475203654066,0.42677385493830405,0.36249070483890994,0.5696433494009866,194.31177557918355,155.75172818498748,231.16145965964657,99.64406161174163
3,6416.968067419725,0.0,-12.0,0.33243475203654066,0.4316308064695745,0.35310177539978416,0.5544405978785897,195.04535255454815,155.75172818498748,231.16145965964657,206.0874547598896
3,4656.164329948648,203.76274675872645,-12.0,0.36245362367958867,0.6208744717549978,0.5402742632246912,0.18678132683869447,145.9107293458557,171.46861610504575,170.3663508813551,210.693285098151
3,5103.240200458624,201.31457448087448,-12.0,0.42651224571643714,0.25677483760798886,0.6490835177689869,0.30961232134551037,114.5009036940059,225.92549385291179,125.72444674810606,97.69415521307626
3,288.37396430136744,237.64486986760528,-12.0,0.2910102713356958,0.09849803839392988,0.3520463885670949,0.1147867698007429,144.08078790330444,56.95837160379027,232.03396338776315,203.51138358800063
3,2836.6886563225335,205.50757751633387,-12.0,0.39211634759026615,0.6457809160266861,0.10806230664319097,0.19161789588636213,249.98065123656707,125.55695456605305,139.9460909883312,10.453651663019842
3,420.1546250318987,209.4382564870763,-12.0,0.4490174678410067,0.2231948884598553,0.16852522866571487,0.10531774353860966,87.02190073286422,55.92857973582547,64.64780042438304,198.47272735925247
3,6416.968067419726,0.0,-12.0,0.4169402976094184,0.2655535257212965,0.1606048304559719,0.6037713586684843,7.102575974754776,94.42381959038572,34.37823817207453,154.58917746815735
3,350.4685467689927,272.4266795263388,-12.0,0.46008107390048203,0.09849803839392988,0.16173966160382083,0.0910263379838401,144.08078790330444,59.3633697492722,12.513430752127851,203.51138358800063
3,315.96152535525357,315.9615253552537,-12.0,0.1285620005482042,0.34082672647233025,0.3844350426728784,0.3386911645792849,107.18948495536199,46.84576811711844,53.64051539158075,150.51868574879563
3,387.4644908809579,261.17091056649735,-12.0,0.4601491857402741,0.09849803839392988,0.45835814398715913,0.1150318360492256,144.08078790330444,19.944350130774147,24.73126239026289,201.289243581012
3,2787.7964627486235,253.8794673132445,-12.0,0.17259368377198153,0.6456245512461014,0.10806230664319097,0.3668520292234576,249.98065123656707,79.35557665944312,207.76837013853878,10.453651663019842
3,368.18527310886026,278.6973156786408,-12.0,0.46008107390048203,0.09849803839392988,0.16173966160382083,0.1147867698007429,144.08078790330444,59.3633697492722,24.77002545629911,203.51138358800063
3,6022.16488057454,264.8217332388141,-12.0,0.6457865314478164,0.4033200108061223,0.5658517492089485,0.4889099450573275,233.4568751871167,42.85457891222039,186.91574860380064,75.24440073297714
3,6260.009807242111,260.83374196842124,-12.0,0.6078427650831886,0.4435749071303935,0.6060824984094305,0.5037550468704916,33.20317373175824,176.62531079376046,235.76670154163324,72.26958474104325
3,4612.350760782801,271.7706861339516,-12.0,0.16368275700074908,0.6150391182846563,0.5043027328095916,0.23654918216265425,248.45573603876372,92.34243036639754,223.75338255315287,87.4992010416164
3,2178.6349314820673,300.66830053854443,-12.0,0.6349639410313,0.46848934317240754,0.26776051930534744,0.17717561747475452,82.31681502504526,94.58394063738417,234.29994503297843,3.582968976957562
3,406.55446902982186,323.9848098317703,-12.0,0.1535823271681409,0.18136015720383702,0.2627128746994845,0.42193219848308416,171.56433249449697,78.58020456424723,148.7442944903105,145.28719193690785
3,1064.3378313760154,303.29463592600393,-12.0,0.577886122219792,0.3227501929695079,0.35524249941812114,0.24093834999256541,138.02712339343614,27.690775436108456,139.04222668473915,132.36990727019062
3,3634.0030288778325,287.62041337602903,-12.0,0.3880914158851038,0.6238231492569941,0.4080703367061135,0.1675299931832655,104.37977658776794,50.089227320258864,118.36793489867028,139.7902488502164
3,3033.115844051538,292.49071726832136,-12.0,0.15430004185550963,0.6456245512461014,0.15250086801799362,0.3668520292234576,230.90125135043266,79.35557665944312,207.76837013853878,54.28708032146076
3,5577.983422849983,278.75708099284725,-12.0,0.28981524659049096,0.4934520605263456,0.5886002816185414,0.45641613804694275,46.455049432540754,71.39512729248409,84.9064556708953,84.3085138714251
4,79.90847872160776,63.26087898793946,-12.0,0.31903091569467534,0.18838614640996953,0.1081554263836729,0.22031507969920106,31.69225472988635,16.65785483176624,27.518718743167334,102.55640919471418
4,6416.968067419714,0.0,-12.0,0.09585974187682844,0.2547934233523587,0.6068278947496617,0.5235655815291385,62.692357061656935,236.9947391308146,22.418432565630024,224.9927038293496
4,97.232735062876,72.92455129715701,-12.0,0.31903091569467534,0.24802273230199112,0.08239345516849395,0.22668034063955605,31.054441352701815,16.65785483176624,27.518718743167334,98.87082251855924
4,6416.968067419715,0.0,-12.0,0.2561582058785714,0.2838189033257123,0.6065940569163528,0.5257003944455314,24.976200612464446,244.4815840802437,84.46862189607587,150.12476891052276
4,6416.968067419715,0.0,-12.0,0.14516102656476157,0.5145624601295323,0.5677485534433985,0.624772934591049,184.9613545233718,107.0411858306485,25.920117885242483,200.60727438575702
4,6416.968067419715,0.0,-12.0,0.6011905483183322,0.21977249378135646,0.626148356367228,0.6061856349625145,197.69697877016458,235.25946943423665,242.59343043792404,3.849772805029378
4,6416.968067419715,0.0,-12.0,0.5111962646343643,0.5035072688963089,0.6040561954784501,0.6106508574765784,170.05137820543877,49.31014019018741,168.8098645673982,70.84125972374085
4,6416.968067419715,0.0,-12.0,0.2549707166778831,0.2838189033257123,0.6286766526140706,0.5257003944455314,24.976200612464446,244.4815840802437,84.46862189607587,162.48197431871483
4,107.8817115175871,80.11599088767831,-12.0,0.13970490062875532,0.09849803839392988,0.16111436053083134,0.11394715000084493,144.08078790330444,59.3633697492722,23.46042720637555,200.0261822505896
4,6416.968067419716,0.0,-12.0,0.6011905483183322,0.2206786866782979,0.626148356367228,0.6061856349625145,210.37536321562064,238.39609857724116,60.20989669374896,3.849772805029378
4,111.19700998057917,93.75096624070248,-12.0,0.31903091569467534,0.18838614640996953,0.1081554263836729,0.20512624291090537,19.950876597560757,16.65785483176624,20.416586790383274,212.52304529963095
4,111.19700998057917,93.75096624070248,-12.0,0.32021840489536385,0.18838614640996953,0.1081554263836729,0.20512624291090537,19.950876597560757,16.65785483176624,20.416586790383274,212.52304529963095
4,6416.968067419717,0.0,-12.0,0.14516102656476157,0.5145624601295323,0.5830273582999789,0.624772934591049,170.82862965732136,107.0411858306485,22.90523123821123,132.34428210535154
4,6416.968067419717,0.0,-12.0,0.5328532761042986,0.615026418556853,0.5045477826331625,0.61799442923298,215.73675091761257,96.46173532959048,25.588332551022134,125.93218948412374
4,6416.968067419717,0.0,-12.0,0.5776530709674155,0.1870285735440522,0.2605559262910835,0.6459449271620714,206.8701276282948,249.27722210063385,49.59735020062783,53.34124982870067
4,6416.968067419717,0.0,-12.0,0.1451282805151247,0.4990079953458152,0.5677485534433985,0.624772934591049,184.9613545233718,107.0411858306485,25.920117885242483,147.74851537217978
4,112.24207710710061,102.8885706815089,-12.0,0.31903091569467534,0.263853435785431,0.3591778181164488,0.17604044678748176,19.950876597560757,16.65785483176624,17.87203413505612,212.52304529963095
4,121.82920203440466,101.08623707430897,-12.0,0.31903091569467534,0.18838614640996953,0.1081554263836729,0.20512624291090537,21.4448181592706,20.278056811627895,20.6060426843838,212.52304529963095
4,112.24207710710061,102.8885706815089,-12.0,0.31903091569467534,0.263853435785431,0.3591778181164488,0.17604044678748176,19.950876597560757,16.65785483176624,17.682578241055587,212.52304529963095
4,6416.968067419719,0.0,-12.0,0.5839826571895967,0.6423618213060863,0.46724087648020185,0.61799442923298,215.73675091761257,163.74518056468557,23.907983185770753,125.93218948412374
4,6416.968067419719,0.0,-12.0,0.273558714428975,0.59102972132276,0.5264318284622038,0.6438379603607827,12.29195984770326,245.52788506480107,4.7650456760649496,104.32843767783744
4,6416.968067419719,0.0,-12.0,0.5652734263857032,0.23575753375659442,0.4080703367061135,0.5939960656406899,110.45138878701893,50.089227320258864,118.36793489867028,139.7902488502164
4,6416.968067419719,0.0,-12.0,0.5075008738896903,0.3336440041486568,0.5082755837159316,0.5966691907805681,177.13250796945127,45.97453151778069,88.9382321140825,39.40625993725358
4,6416.968067419719,0.0,-12.0,0.48833898413596766,0.626966937127295,0.47365464310948974,0.623540414504557,206.2640125773984,163.73760185268077,149.71299067009357,60.675401126927575
4,6416.968067419719,0.0,-12.0,0.5652734263857032,0.23575753375659442,0.4080703367061135,0.5939960656406899,110.45138878701893,50.089227320258864,118.34006072482437,139.7902488502164
4,6416.968067419719,0.0,-12.0,0.39211634759026615,0.6457809160266861,0.5702542056891283,0.6313391065904714,249.24042411028353,124.16840219931053,25.780973168050323,8.846921692571627
4,6416.968067419719,0.0,-12.0,0.4863579240763028,0.15950762766717416,0.36583130549829496,0.6253201228024474,195.14988714344494,144.8644114089975,149.71299067009357,53.95700990862714
4,120.31690225898006,120.31690225898005,-12.0,0.10548640785763794,0.262084067806564,0.35902995518395847,0.12947457994837186,47.313298495330116,158.24404045877526,17.020869752965453,14.844266108694327
4,6416.96806741972,0.0,-12.0,0.5111962646343643,0.3336440041486568,0.5082755837159316,0.5966691907805681,177.13250796945127,45.97453151778069,168.8098645673982,39.40625993725358
4,6416.96806741972,0.0,-12.0,0.5652734263857032,0.23575753375659442,0.4080703367061135,0.6246646346449177,110.45138878701893,50.089227320258864,118.36793489867028,139.7902488502164
4,6416.96806741972,0.0,-12.0,0.36064463934669927,0.15965000520326397,0.45983055321079985,0.623540414504557,198.79350773575044,167.76101391737419,149.71299067009357,53.8922974820933
4,6416.96806741972,0.0,-12.0,0.5111962646343643,0.3336440041486568,0.4908933645577328,0.6112934183296935,177.3461495755426,49.31014019018741,168.8098645673982,39.40625993725358
4,4843.329273818784,137.7361784913535,-12.0,0.3887057321975466,0.6103574047297675,0.626148356367228,0.18028065559503603,204.30415706066665,238.39609857724116,60.20989669374896,3.849772805029378
4,141.5405718582765,141.54057185827645,-12.0,0.10413518015802962,0.18661677843225405,0.10506906214500425,0.13470259148299665,62.692357061656935,158.68197457354782,20.471965423292097,224.9927038293496
4,6416.968067419721,0.0,-12.0,0.4892880660645834,0.15965000520326397,0.42599917067491005,0.623540414504557,206.2640125773984,164.98745923595112,149.71299067009357,54.136775648608335
4,6416.968067419721,0.0,-12.0,0.5185794902794916,0.24666515943602435,0.2605559262910835,0.6459449271620714,219.21974250275713,249.27722210063385,49.59735020062783,49.65566312031161
4,6416.968067419721,0.0,-12.0,0.5185794902794916,0.21897251655471955,0.36853221374915823,0.6459449271620714,219.9533194754776,249.27722210063385,49.59735020062783,43.6576396230835
4,6416.968067419721,0.0,-12.0,0.10413518015802962,0.262084067806564,0.3557858459074458,0.6417697913657828,220.60894965499415,151.9904977046457,17.927412767964945,41.492841998856335
4,6416.968067419721,0.0,-12.0,0.5574036850694122,0.23575753375659442,0.4080703367061135,0.5940258914247938,2.130973209847932,50.089227320258864,118.36793489867028,139.7902488502164
4,146.27463688026464,146.2746368802647,-12.0,0.26474713106075354,0.18989476883032957,0.10602190355870797,0.1369522910222318,24.976200612464446,166.00273565570282,84.46862189607587,150.12476891052276
4,6416.968067419722,0.0,-12.0,0.58493173685739,0.16994973912166159,0.41958540404562206,0.61799442923298,215.73675091761257,164.9950379479559,23.907983185770753,139.74487181402102
4,6416.968067419722,0.0,-12.0,0.5798997896601193,0.30969577132425014,0.35317877107056783,0.6256948944346744,215.73675091761257,162.83281120078357,245.83483272608095,207.0610019445778
4,205.55467644466404,175.44174462263553,-12.0,0.3188718719838878,0.09849803839392988,0.35208633772647036,0.17698035720523828,144.08078790330444,56.95837160379027,20.294822877661957,212.07154461906916
4,176.4183691583712,176.41836915837118,-12.0,0.1110641842029767,0.262084067806564,0.3557858459074458,0.11493221698224501,56.95032103961202,62.18961305726944,17.96272970465972,224.9927038293496
4,6416.968067419723,0.0,-12.0,0.5778400494977761,0.31624787438597224,0.35785160193205473,0.6256948944346744,215.73675091761257,162.83281120078357,23.464299352545346,125.93218948412374
4,6416.968067419723,0.0,-12.0,0.29762276078718997,0.2655535257212965,0.33199048418323485,0.6037415328843805,111.26011217113489,92.0188214446847,242.7357142275822,154.58917746815735
4,6416.968067419723,0.0,-12.0,0.2897549128031205,0.2664597186182379,0.35091135766880444,0.6037713586684843,7.370112407938603,94.94223776554176,59.32533358668785,154.58917746815735
4,194.91006441359983,194.91006441359988,-12.0,0.10413518015802962,0.262084067806564,0.3557858459074458,0.13470259148299665,62.692357061656935,158.68197457354782,17.927412767964945,224.9927038293496
5,79.90847872160776,63.26087898793946,-12.0,0.31903091569467534,0.18838614640996953,0.1081554263836729,0.22031507969920106,31.69225472988635,16.65785483176624,27.518718743167334,102.55640919471418
5,6416.968067419714,0.0,-12.0,0.09585974187682844,0.2547934233523587,0.6068278947496617,0.5235655815291385,62.692357061656935,236.9947391308146,22.418432565630024,224.9927038293496
5,6416.968067419714,0.0,-12.0,0.09585974187682844,0.2547934233523587,0.617298237167469,0.5235655815291385,62.692357061656935,236.9947391308146,22.418432565630024,224.9927038293496
5,79.90847872160776,63.26087898793946,-12.0,0.31903091569467534,0.16827434468577113,0.1081554263836729,0.22031507969920106,31.69225472988635,16.65785483176624,27.518718743167334,102.55640919471418
5,6416.968067419715,0.0,-12.0,0.2561582058785714,0.2838189033257123,0.6065940569163528,0.5257003944455314,24.976200612464446,244.4815840802437,84.46862189607587,150.12476891052276
5,6416.968067419715,0.0,-12.0,0.14516102656476157,0.5145624601295323,0.5677485534433985,0.624772934591049,184.9613545233718,107.0411858306485,25.920117885242483,200.60727438575702
5,6416.968067419715,0.0,-12.0,0.6011905483183322,0.21977249378135646,0.626148356367228,0.6061856349625145,197.69697877016458,235.25946943423665,242.59343043792404,3.849772805029378
5,6416.968067419715,0.0,-12.0,0.5111962646343643,0.5035072688963089,0.6040561954784501,0.6106508574765784,170.05137820543877,49.31014019018741,168.8098645673982,70.84125972374085
5,6416.968067419715,0.0,-12.0,0.2549707166778831,0.2838189033257123,0.6286766526140706,0.5257003944455314,24.976200612464446,244.4815840802437,84.46862189607587,162.48197431871483
5,6416.968067419715,0.0,-12.0,0.29561428750052665,0.2838189033257123,0.6065940569163528,0.5257003944455314,24.976200612464446,244.4815840802437,84.74999493310362,152.06303394562156
5,6416.968067419715,0.0,-12.0,0.2561582058785714,0.28304911357970636,0.6065940569163528,0.5408574081028704,39.27130366245885,249.56284725427915,84.46862189607587,150.12476891052276
5,6416.968067419715,0.0,-12.0,0.1434159874356835,0.5053462883939808,0.6173009712848515,0.6106508574765784,170.05137820543877,49.13828511060095,168.8098645673982,70.84125972374085
5,6416.968067419715,0.0,-12.0,0.6011905483183322,0.2206786866782979,0.626148356367228,0.598529590697229,208.69863644288696,221.25063275443213,60.20989669374896,9.661488110205468
5,82.21975292825768,67.69686518747277,-12.0,0.32684823908378835,0.18838614640996953,0.1081554263836729,0.11410809779234429,24.81741766689707,21.838169165597417,20.386861704810297,225.19224404757495
5,6416.968067419716,0.0,-12.0,0.6011905483183322,0.2206786866782979,0.626148356367228,0.6061856349625145,210.37536321562064,238.39609857724116,60.20989669374896,3.849772805029378
5,6416.968067419716,0.0,-12.0,0.6011905483183322,0.22400421815857796,0.626148356367228,0.6255513857371517,210.37536321562064,238.39609857724116,146.49571164057335,3.849772805029378
5,6416.968067419716,0.0,-12.0,0.5830381987322076,0.6423618213060863,0.35702374205790377,0.639264876616537,215.73675091761257,13.466142308873131,23.907983185770753,137.85506138116025
5,6416.968067419716,0.0,-12.0,0.1465886913794791,0.47641519988795045,0.5455049460025492,0.624772934591049,184.9613545233718,107.0411858306485,25.920117885242483,98.917267034759
5,6416.968067419716,0.0,-12.0,0.15470480515720317,0.5384672835732975,0.5830273582999789,0.6374013706220072,170.82862965732136,164.55681501571124,22.90523123821123,56.63071761597622
5,6416.968067419716,0.0,-12.0,0.4717401645798184,0.5035072688963089,0.6113490840066089,0.6106508574765784,170.05137820543877,49.31014019018741,168.8098645673982,68.90299500378148
5,6416.968067419716,0.0,-12.0,0.5789778961069922,0.31905762931922,0.6221376464770485,0.6256948944346744,216.1109527293825,232.68387651837836,242.84022285149462,25.19463640885906
5,97.232735062876,72.92455129715701,-12.0,0.31903091569467534,0.24802273230199112,0.08239345516849395,0.22668034063955605,31.054441352701815,16.65785483176624,27.518718743167334,98.87082251855924
5,94.14528854392034,80.20012149920146,-12.0,0.31903091569467534,0.263853435785431,0.3591778181164488,0.17604044678748176,35.03320084351366,13.986013297363016,17.87203413505612,212.52304529963095
5,6416.968067419717,0.0,-12.0,0.14516102656476157,0.5145624601295323,0.5830273582999789,0.624772934591049,170.82862965732136,107.0411858306485,22.90523123821123,132.34428210535154
5,6416.968067419717,0.0,-12.0,0.5328532761042986,0.615026418556853,0.5045477826331625,0.61799442923298,215.73675091761257,96.46173532959048,25.588332551022134,125.93218948412374
5,6416.968067419717,0.0,-12.0,0.5776530709674155,0.1870285735440522,0.2605559262910835,0.6459449271620714,206.8701276282948,249.27722210063385,49.59735020062783,53.34124982870067
5,6416.968067419717,0.0,-12.0,0.1451282805151247,0.4990079953458152,0.5677485534433985,0.624772934591049,184.9613545233718,107.0411858306485,25.920117885242483,147.74851537217978
5,6416.968067419717,0.0,-12.0,0.5328532761042986,0.615026418556853,0.5045477826331625,0.61799442923298,213.5431638735568,96.46173532959048,25.588332551022134,127.75533739600297
5,6416.968067419717,0.0,-12.0,0.5328532761042986,0.615026418556853,0.48928017440320937,0.61799442923298,215.73675091761257,96.46173532959048,25.588332551022134,125.93218948412374
5,106.68471308826715,79.48820408835172,-12.0,0.31757085322244305,0.27061552133583044,0.1121225173344294,0.23373664043346118,31.054441352701815,22.353131110769947,27.518718743167334,147.70207085598153
5,99.37450548534161,88.16908836268645,-12.0,0.31903091569467534,0.18838614640996953,0.09998868422583829,0.20512624291090537,21.4448181592706,15.523219849206935,20.6060426843838,212.52304529963095
5,98.32285249619319,98.32285249619316,-12.0,0.11395658990401805,0.1882463682551835,0.10506906214500425,0.22123149921538487,32.34142243825574,156.22589072110304,20.567931660329073,107.3875868676934
5,6416.968067419719,0.0,-12.0,0.5839826571895967,0.6423618213060863,0.46724087648020185,0.61799442923298,215.73675091761257,163.74518056468557,23.907983185770753,125.93218948412374
5,6416.968067419719,0.0,-12.0,0.273558714428975,0.59102972132276,0.5264318284622038,0.6438379603607827,12.29195984770326,245.52788506480107,4.7650456760649496,104.32843767783744
5,6416.968067419719,0.0,-12.0,0.5652734263857032,0.23575753375659442,0.4080703367061135,0.5939960656406899,110.45138878701893,50.089227320258864,118.36793489867028,139.7902488502164
5,6416.968067419719,0.0,-12.0,0.5075008738896903,0.3336440041486568,0.5082755837159316,0.5966691907805681,177.13250796945127,45.97453151778069,88.9382321140825,39.40625993725358
5,6416.968067419719,0.0,-12.0,0.48833898413596766,0.626966937127295,0.47365464310948974,0.623540414504557,206.2640125773984,163.73760185268077,149.71299067009357,60.675401126927575
5,6416.968067419719,0.0,-12.0,0.5652734263857032,0.23575753375659442,0.4080703367061135,0.5939960656406899,110.45138878701893,50.089227320258864,118.34006072482437,139.7902488502164
5,6416.968067419719,0.0,-12.0,0.39211634759026615,0.6457809160266861,0.5702542056891283,0.6313391065904714,249.24042411028353,124.16840219931053,25.780973168050323,8.846921692571627
5,6416.968067419719,0.0,-12.0,0.4863579240763028,0.15950762766717416,0.36583130549829496,0.6253201228024474,195.14988714344494,144.8644114089975,149.71299067009357,53.95700990862714
5,6416.968067419719,0.0,-12.0,0.39211634759026615,0.6457809160266861,0.5612425178759138,0.6313391065904714,249.24042411028353,124.16840219931053,25.780973168050323,8.846921692571627
5,6416.968067419719,0.0,-12.0,0.5115062456551497,0.34217581103042916,0.4908933645577328,0.6099747343116569,177.37388553105214,53.11859530383919,170.83482138836712,39.40625993725358
5,6416.968067419719,0.0,-12.0,0.6009855328424663,0.21696273885032935,0.3615598644190147,0.6061856349625145,197.32277695838414,165.40394521554757,21.680711176948876,105.10716386832055
5,6416.968067419719,0.0,-12.0,0.5742145764294282,0.31624787438597224,0.35785160193205473,0.6451771897024405,215.73675091761257,17.946945296079107,20.465779076374766,115.87822475605279
5,107.8817115175871,80.11599088767831,-12.0,0.13970490062875532,0.09849803839392988,0.16111436053083134,0.11394715000084493,144.08078790330444,59.3633697492722,23.46042720637555,200.0261822505896
5,102.56617346396378,92.11605954687232,-12.0,0.30932998992238525,0.18675655658704007,0.1081554263836729,0.13378617666459452,62.04318936179879,19.188086229737195,27.42275250613036,220.15417502494063
5,106.98339287717667,101.1705407862217,-12.0,0.32733405687571293,0.24870098855162343,0.10506906214500425,0.13470259148299665,62.692357061656935,15.527398883757371,20.188970930702403,224.9927038293496
5,6416.96806741972,0.0,-12.0,0.492498123938214,0.18717014985296795,0.4844683624499644,0.623540414504557,206.2640125773984,164.05430039751022,19.504853631292008,60.675401126927575
6,79.90847872160776,63.26087898793946,-12.0,0.31903091569467534,0.18838614640996953,0.1081554263836729,0.22031507969920106,31.69225472988635,16.65785483176624,27.518718743167334,102.55640919471418
6,79.90847872160776,63.26087898793946,-12.0,0.31903091569467534,0.16827434468577113,0.1081554263836729,0.22031507969920106,31.69225472988635,16.65785483176624,27.518718743167334,102.55640919471418
6,6416.968067419713,0.0,-12.0,0.581905535266835,0.188640965671789,0.626148356367228,0.5884296873580297,22.136496577780036,238.39609857724116,60.20989669374896,222.3575373991787
6,82.55695408228061,65.50293240493865,-12.0,0.32693556339725244,0.18838614640996953,0.1081554263836729,0.24266910574805578,31.69225472988635,23.730084154251735,20.719393012423975,126.60088021562433
6,79.90847872160776,66.59039893467312,-12.0,0.31894359138121126,0.18838614640996953,0.09067112396189303,0.11298753468302684,24.81741766689707,16.935075396790268,27.18618743555366,221.42451084016062
6,6416.968067419714,0.0,-12.0,0.09585974187682844,0.2547934233523587,0.6068278947496617,0.5235655815291385,62.692357061656935,236.9947391308146,22.418432565630024,224.9927038293496
6,6416.968067419714,0.0,-12.0,0.09585974187682844,0.2547934233523587,0.617298237167469,0.5235655815291385,62.692357061656935,236.9947391308146,22.418432565630024,224.9927038293496
6,6416.968067419714,0.0,-12.0,0.2561582058785714,0.2838189033257123,0.6325604501378811,0.5221273866613799,30.883187913043024,247.8569132139636,81.44019309177501,150.12476891052276
6,6416.968067419714,0.0,-12.0,0.09585974187682844,0.2547934233523587,0.617298237167469,0.5235655815291385,62.692357061656935,236.9947391308146,18.964721557801315,224.9927038293496
6,6416.968067419714,0.0,-12.0,0.29561428750052665,0.2861142368021137,0.6082906461991742,0.5246348840560859,24.976200612464446,244.4815840802437,84.32001973725724,152.06303394562156
6,6416.968067419714,0.0,-12.0,0.15470480515720317,0.22455027191013363,0.6255936517279199,0.6066146814595658,170.82862965732136,166.504141752216,22.90523123821123,3.852545221413042
6,82.21975292825768,67.69686518747277,-12.0,0.32684823908378835,0.18838614640996953,0.1081554263836729,0.11410809779234429,24.81741766689707,21.838169165597417,20.386861704810297,225.19224404757495
6,6416.968067419715,0.0,-12.0,0.2561582058785714,0.2838189033257123,0.6065940569163528,0.5257003944455314,24.976200612464446,244.4815840802437,84.46862189607587,150.12476891052276
6,6416.968067419715,0.0,-12.0,0.14516102656476157,0.5145624601295323,0.5677485534433985,0.624772934591049,184.9613545233718,107.0411858306485,25.920117885242483,200.60727438575702
6,6416.968067419715,0.0,-12.0,0.6011905483183322,0.21977249378135646,0.626148356367228,0.6061856349625145,197.69697877016458,235.25946943423665,242.59343043792404,3.849772805029378
6,6416.968067419715,0.0,-12.0,0.5111962646343643,0.5035072688963089,0.6040561954784501,0.6106508574765784,170.05137820543877,49.31014019018741,168.8098645673982,70.84125972374085
6,6416.968067419715,0.0,-12.0,0.2549707166778831,0.2838189033257123,0.6286766526140706,0.5257003944455314,24.976200612464446,244.4815840802437,84.46862189607587,162.48197431871483
6,6416.968067419715,0.0,-12.0,0.29561428750052665,0.2838189033257123,0.6065940569163528,0.5257003944455314,24.976200612464446,244.4815840802437,84.74999493310362,152.06303394562156
6,6416.968067419715,0.0,-12.0,0.2561582058785714,0.28304911357970636,0.6065940569163528,0.5408574081028704,39.27130366245885,249.56284725427915,84.46862189607587,150.12476891052276
6,6416.968067419715,0.0,-12.0,0.1434159874356835,0.5053462883939808,0.6173009712848515,0.6106508574765784,170.05137820543877,49.13828511060095,168.8098645673982,70.84125972374085
6,6416.968067419715,0.0,-12.0,0.6011905483183322,0.2206786866782979,0.626148356367228,0.598529590697229,208.69863644288696,221.25063275443213,60.20989669374896,9.661488110205468
6,6416.968067419715,0.0,-12.0,0.5819836787391924,0.6449276876759893,0.5830273582999789,0.6242508375847288,170.82862965732136,107.0411858306485,22.915632126482564,137.84729484760416
6,6416.968067419715,0.0,-12.0,0.5328532761042986,0.5565483068046656,0.6067035277375543,0.6156300851981106,215.73675091761257,106.57617994454381,22.41352308017304,125.93218948412374
6,6416.968067419715,0.0,-12.0,0.6011905483183322,0.5336887153661617,0.6020736845991759,0.636972287480635,197.69697877016458,242.75151623728033,242.59343043792404,56.729817928742804
6,6416.968067419715,0.0,-12.0,0.6011905483183322,0.21977249378135646,0.6064071709072287,0.6061856349625145,64.3072383541699,235.25946943423665,241.2694289235714,7.029385811159614
6,6416.968067419715,0.0,-12.0,0.2348696146480732,0.2206786866782979,0.62873527565929,0.6129706596296696,25.117747755657376,243.64341660664206,60.20989669374896,163.33981905756733
6,6416.968067419715,0.0,-12.0,0.603500068579701,0.2206786866782979,0.6182315826514927,0.6064838135728811,206.66140334676402,16.905375760288265,65.99894388942334,11.167635424457593
6,6416.968067419715,0.0,-12.0,0.5115030536390928,0.5035072688963089,0.6040561954784501,0.6106609455151755,170.05137820543877,53.104001193962496,170.98032315901213,40.38948059275477
6,6416.968067419715,0.0,-12.0,0.09494555333023054,0.5260202614395828,0.6362459872221998,0.5235655815291385,65.26469573737668,244.757014846638,22.418432565630024,225.13839750182515
6,97.232735062876,72.92455129715701,-12.0,0.31903091569467534,0.24802273230199112,0.08239345516849395,0.22668034063955605,31.054441352701815,16.65785483176624,27.518718743167334,98.87082251855924
6,94.14528854392034,80.20012149920146,-12.0,0.31903091569467534,0.263853435785431,0.3591778181164488,0.17604044678748176,35.03320084351366,13.986013297363016,17.87203413505612,212.52304529963095
6,83.40909998782183,83.40909998782185,-12.0,0.08868545031123659,0.18723221968919232,0.10186727578753607,0.13266941257530143,25.318804674321218,22.34000850894313,20.379530478303852,224.98910141395473
6,6416.968067419716,0.0,-12.0,0.6011905483183322,0.2206786866782979,0.626148356367228,0.6061856349625145,210.37536321562064,238.39609857724116,60.20989669374896,3.849772805029378
6,6416.968067419716,0.0,-12.0,0.6011905483183322,0.22400421815857796,0.626148356367228,0.6255513857371517,210.37536321562064,238.39609857724116,146.49571164057335,3.849772805029378
6,6416.968067419716,0.0,-12.0,0.5830381987322076,0.6423618213060863,0.35702374205790377,0.639264876616537,215.73675091761257,13.466142308873131,23.907983185770753,137.85506138116025
6,6416.968067419716,0.0,-12.0,0.1465886913794791,0.47641519988795045,0.5455049460025492,0.624772934591049,184.9613545233718,107.0411858306485,25.920117885242483,98.917267034759
6,6416.968067419716,0.0,-12.0,0.15470480515720317,0.5384672835732975,0.5830273582999789,0.6374013706220072,170.82862965732136,164.55681501571124,22.90523123821123,56.63071761597622
6,6416.968067419716,0.0,-12.0,0.4717401645798184,0.5035072688963089,0.6113490840066089,0.6106508574765784,170.05137820543877,49.31014019018741,168.8098645673982,68.90299500378148
6,6416.968067419716,0.0,-12.0,0.5789778961069922,0.31905762931922,0.6221376464770485,0.6256948944346744,216.1109527293825,232.68387651837836,242.84022285149462,25.19463640885906
6,6416.968067419716,0.0,-12.0,0.2561582058785714,0.28304911357970636,0.6263352423749662,0.5408574081028704,192.44927330039133,249.56284725427915,85.17282423011727,148.04024528613874
6,6416.968067419716,0.0,-12.0,0.33666941031845643,0.2559473500733564,0.624343997872068,0.5055074073406436,62.19097092769664,236.10792963382573,22.42576379213647,225.1958464629698
6,6416.968067419717,0.0,-12.0,0.14516102656476157,0.5145624601295323,0.5830273582999789,0.624772934591049,170.82862965732136,107.0411858306485,22.90523123821123,132.34428210535154
6,98.32285249619319,98.32285249619316,-12.0,0.11395658990401805,0.17329997060643457,0.10506906214500425,0.2329173140218779,32.34142243825574,156.22589072110304,20.567931660329073,107.3875868676934
6,98.32285249619319,98.32285249619316,-12.0,0.11395658990401805,0.1882463682551835,0.10506906214500425,0.22123149921538487,32.34142243825574,156.22589072110304,20.567931660329073,107.3875868676934
6,6416.968067419717,0.0,-12.0,0.4717401645798184,0.4961251092601239,0.6074862650645414,0.6106508574765784,171.90629039534224,55.18519757562105,168.81379427032195,72.77170266140116
6,106.68471308826715,79.48820408835172,-12.0,0.31757085322244305,0.27061552133583044,0.1121225173344294,0.23373664043346118,31.054441352701815,22.353131110769947,27.518718743167334,147.70207085598153
6,99.37450548534161,88.16908836268645,-12.0,0.31903091569467534,0.18838614640996953,0.09998868422583829,0.20512624291090537,21.4448181592706,15.523219849206935,20.6060426843838,212.52304529963095
6,6416.968067419717,0.0,-12.0,0.1451282805151247,0.4990079953458152,0.5677485534433985,0.624772934591049,184.9613545233718,107.0411858306485,25.920117885242483,139.53070924677064
7,6416.968067419713,0.0,-12.0,0.581905535266835,0.188640965671789,0.626148356367228,0.5884296873580297,22.136496577780036,238.39609857724116,60.20989669374896,222.3575373991787
7,67.54388466223627,60.7824145410459,-12.0,0.31903091569467534,0.1883342320218739,0.09881779973482349,0.22031507969920106,37.26633183215512,16.65785483176624,10.785687199420558,101.119812411723
7,6416.968067419714,0.0,-12.0,0.09585974187682844,0.2547934233523587,0.6068278947496617,0.5235655815291385,62.692357061656935,236.9947391308146,22.418432565630024,224.9927038293496
7,6416.968067419714,0.0,-12.0,0.09585974187682844,0.2547934233523587,0.617298237167469,0.5235655815291385,62.692357061656935,236.9947391308146,22.418432565630024,224.9927038293496
7,6416.968067419714,0.0,-12.0,0.2561582058785714,0.2838189033257123,0.6325604501378811,0.5221273866613799,30.883187913043024,247.8569132139636,81.44019309177501,150.12476891052276
7,6416.968067419714,0.0,-12.0,0.09585974187682844,0.2547934233523587,0.617298237167469,0.5235655815291385,62.692357061656935,236.9947391308146,18.964721557801315,224.9927038293496
7,6416.968067419714,0.0,-12.0,0.29561428750052665,0.2861142368021137,0.6082906461991742,0.5246348840560859,24.976200612464446,244.4815840802437,84.32001973725724,152.06303394562156
7,6416.968067419714,0.0,-12.0,0.15470480515720317,0.22455027191013363,0.6255936517279199,0.6066146814595658,170.82862965732136,166.504141752216,22.90523123821123,3.852545221413042
7,6416.968067419714,0.0,-12.0,0.15470480515720317,0.301114938021221,0.6209064557748993,0.5882799349229324,17.973759123918683,172.72879355504762,61.895892185317024,11.077530367409885
7,6416.968067419714,0.0,-12.0,0.09585974187682844,0.25585810831852723,0.6083180831754103,0.5246462133142069,62.692357061656935,236.9947391308146,22.418432565630024,224.9927038293496
7,6416.968067419714,0.0,-12.0,0.5015582886585055,0.5035072688963089,0.6040561954784501,0.5984579685342158,170.05137820543877,53.104001193962496,170.98032315901213,40.38948059275477
7,6416.968067419714,0.0,-12.0,0.09585974187682844,0.2547934233523587,0.6065933956437027,0.5408814646122031,62.692357061656935,236.9947391308146,23.492690165650348,225.6986880558045
7,6416.968067419714,0.0,-12.0,0.18501910826789106,0.22455027191013363,0.6255936517279199,0.6066146814595658,170.82862965732136,166.504141752216,22.90523123821123,3.852545221413042
7,6416.968067419714,0.0,-12.0,0.5079351586261462,0.5035072688963089,0.6040561954784501,0.6106508574765784,170.05137820543877,49.31014019018741,168.8098645673982,70.84125972374085
7,6416.968067419714,0.0,-12.0,0.603500068579701,0.2206786866782979,0.6182315826514927,0.6035088760897208,206.66140334676402,17.541607307580847,65.99894388942334,232.32139695529375
7,6416.968067419714,0.0,-12.0,0.33666941031845643,0.18718952897113555,0.624343997872068,0.5055074073406436,62.19097092769664,32.25871692582275,22.42576379213647,225.1958511063078
7,79.90847872160776,63.26087898793946,-12.0,0.31903091569467534,0.18838614640996953,0.1081554263836729,0.22031507969920106,31.69225472988635,16.65785483176624,27.518718743167334,102.55640919471418
7,79.90847872160776,63.26087898793946,-12.0,0.31903091569467534,0.16827434468577113,0.1081554263836729,0.22031507969920106,31.69225472988635,16.65785483176624,27.518718743167334,102.55640919471418
7,79.90847872160776,63.26087898793946,-12.0,0.31903091569467534,0.1763039205606424,0.11210896298444367,0.22031507969920106,31.69225472988635,16.65785483176624,27.518718743167334,102.45007813400395
7,6416.968067419715,0.0,-12.0,0.2561582058785714,0.2838189033257123,0.6065940569163528,0.5257003944455314,24.976200612464446,244.4815840802437,84.46862189607587,150.12476891052276
7,6416.968067419715,0.0,-12.0,0.14516102656476157,0.5145624601295323,0.5677485534433985,0.624772934591049,184.9613545233718,107.0411858306485,25.920117885242483,200.60727438575702
7,6416.968067419715,0.0,-12.0,0.6011905483183322,0.21977249378135646,0.626148356367228,0.6061856349625145,197.69697877016458,235.25946943423665,242.59343043792404,3.849772805029378
7,6416.968067419715,0.0,-12.0,0.5111962646343643,0.5035072688963089,0.6040561954784501,0.6106508574765784,170.05137820543877,49.31014019018741,168.8098645673982,70.84125972374085
7,6416.968067419715,0.0,-12.0,0.2549707166778831,0.2838189033257123,0.6286766526140706,0.5257003944455314,24.976200612464446,244.4815840802437,84.46862189607587,162.48197431871483
7,6416.968067419715,0.0,-12.0,0.29561428750052665,0.2838189033257123,0.6065940569163528,0.5257003944455314,24.976200612464446,244.4815840802437,84.74999493310362,152.06303394562156
7,6416.968067419715,0.0,-12.0,0.2561582058785714,0.28304911357970636,0.6065940569163528,0.5408574081028704,39.27130366245885,249.56284725427915,84.46862189607587,150.12476891052276
7,6416.968067419715,0.0,-12.0,0.1434159874356835,0.5053462883939808,0.6173009712848515,0.6106508574765784,170.05137820543877,49.13828511060095,168.8098645673982,70.84125972374085
7,6416.968067419715,0.0,-12.0,0.6011905483183322,0.2206786866782979,0.626148356367228,0.598529590697229,208.69863644288696,221.25063275443213,60.20989669374896,9.661488110205468
7,6416.968067419715,0.0,-12.0,0.5819836787391924,0.6449276876759893,0.5830273582999789,0.6242508375847288,170.82862965732136,107.0411858306485,22.915632126482564,137.84729484760416
7,6416.968067419715,0.0,-12.0,0.5328532761042986,0.5565483068046656,0.6067035277375543,0.6156300851981106,215.73675091761257,106.57617994454381,22.41352308017304,125.93218948412374
7,6416.968067419715,0.0,-12.0,0.6011905483183322,0.5336887153661617,0.6020736845991759,0.636972287480635,197.69697877016458,242.75151623728033,242.59343043792404,56.729817928742804
7,6416.968067419715,0.0,-12.0,0.6011905483183322,0.21977249378135646,0.6064071709072287,0.6061856349625145,64.3072383541699,235.25946943423665,241.2694289235714,7.029385811159614
7,6416.968067419715,0.0,-12.0,0.2348696146480732,0.2206786866782979,0.62873527565929,0.6129706596296696,25.117747755657376,243.64341660664206,60.20989669374896,163.33981905756733
7,6416.968067419715,0.0,-12.0,0.603500068579701,0.2206786866782979,0.6182315826514927,0.6064838135728811,206.66140334676402,16.905375760288265,65.99894388942334,11.167635424457593
7,6416.968067419715,0.0,-12.0,0.5115030536390928,0.5035072688963089,0.6040561954784501,0.6106609455151755,170.05137820543877,53.104001193962496,170.98032315901213,40.38948059275477
7,6416.968067419715,0.0,-12.0,0.09494555333023054,0.5260202614395828,0.6362459872221998,0.5235655815291385,65.26469573737668,244.757014846638,22.418432565630024,225.13839750182515
7,6416.968067419715,0.0,-12.0,0.2561582058785714,0.2838189033257123,0.6325604501378811,0.5221273866613799,30.01244180642246,28.427236897614534,17.759461498384226,150.1762613019256
7,6416.968067419715,0.0,-12.0,0.6011905483183322,0.2206786866782979,0.626148356367228,0.598529590697229,208.69863644288696,224.8157871514892,41.21850577104552,6.794965412129305
7,6416.968067419715,0.0,-12.0,0.581905535266835,0.188640965671789,0.626148356367228,0.6067644338946627,175.1380585718669,238.39609857724116,21.21924778971046,222.3575373991787
7,6416.968067419715,0.0,-12.0,0.29561428750052665,0.3326692454259235,0.6172708001912328,0.5235542522710175,24.976200612464446,244.4815840802437,84.32001973725724,152.06303394562156
7,6416.968067419715,0.0,-12.0,0.6017367511202296,0.2206786866782979,0.626148356367228,0.6107325676781886,208.69863644288696,221.25063275443213,69.96659439209954,9.661488110205468
7,6416.968067419715,0.0,-12.0,0.2561582058785714,0.28304911357970636,0.6068285560223118,0.5235415250198057,39.27130366245885,249.56284725427915,83.39452002387708,149.41822143813866
7,6416.968067419715,0.0,-12.0,0.2563358689299692,0.2838189033257123,0.6325604501378811,0.5221273866613799,30.883187913043024,247.8569132139636,86.48462163027008,150.12476891052276
7,6416.968067419715,0.0,-12.0,0.31606103713099215,0.2206786866782979,0.62873527565929,0.6239952707376305,25.117747755657376,243.64341660664206,28.756411552598138,148.0977382305941
7,82.55695408228061,65.50293240493865,-12.0,0.32693556339725244,0.18838614640996953,0.1081554263836729,0.24266910574805578,31.69225472988635,23.730084154251735,20.719393012423975,126.60088021562433
7,79.90847872160776,66.59039893467312,-12.0,0.31894359138121126,0.18838614640996953,0.09067112396189303,0.11298753468302684,24.81741766689707,16.935075396790268,27.18618743555366,221.42451084016062
7,79.90847872160776,66.59039893467312,-12.0,0.31903091569467534,0.16827434468577113,0.1081554263836729,0.22031507969920106,25.826646174221565,16.65785483176624,27.518718743167334,102.55640919471418
7,6416.968067419716,0.0,-12.0,0.09494555333023054,0.5260202614395828,0.6362459872221998,0.5235655815291385,66.08401229682548,156.63089334193143,22.418432565630024,225.13839750182515
8,6416.968067419713,0.0,-12.0,0.581905535266835,0.188640965671789,0.626148356367228,0.5884296873580297,22.136496577780036,238.39609857724116,60.20989669374896,222.3575373991787
8,67.54388466223627,60.7824145410459,-12.0,0.31903091569467534,0.1883342320218739,0.09881779973482349,0.22031507969920106,37.26633183215512,16.65785483176624,10.785687199420558,101.119812411723
8,6416.968067419714,0.0,-12.0,0.09585974187682844,0.2547934233523587,0.6068278947496617,0.5235655815291385,62.692357061656935,236.9947391308146,22.418432565630024,224.9927038293496
8,6416.968067419714,0.0,-12.0,0.09585974187682844,0.2547934233523587,0.617298237167469,0.5235655815291385,62.692357061656935,236.9947391308146,22.418432565630024,224.9927038293496
8,6416.968067419714,0.0,-12.0,0.2561582058785714,0.2838189033257123,0.6325604501378811,0.5221273866613799,30.883187913043024,247.8569132139636,81.44019309177501,150.12476891052276
8,6416.968067419714,0.0,-12.0,0.09585974187682844,0.2547934233523587,0.617298237167469,0.5235655815291385,62.692357061656935,236.9947391308146,18.964721557801315,224.9927038293496
8,6416.968067419714,0.0,-12.0,0.29561428750052665,0.2861142368021137,0.6082906461991742,0.5246348840560859,24.976200612464446,244.4815840802437,84.32001973725724,152.06303394562156
8,6416.968067419714,0.0,-12.0,0.15470480515720317,0.22455027191013363,0.6255936517279199,0.6066146814595658,170.82862965732136,166.504141752216,22.90523123821123,3.852545221413042
8,6416.968067419714,0.0,-12.0,0.15470480515720317,0.301114938021221,0.6209064557748993,0.5882799349229324,17.973759123918683,172.72879355504762,61.895892185317024,11.077530367409885
8,6416.968067419714,0.0,-12.0,0.09585974187682844,0.25585810831852723,0.6083180831754103,0.5246462133142069,62.692357061656935,236.9947391308146,22.418432565630024,224.9927038293496
8,6416.968067419714,0.0,-12.0,0.5015582886585055,0.5035072688963089,0.6040561954784501,0.5984579685342158,170.05137820543877,53.104001193962496,170.98032315901213,40.38948059275477
8,6416.968067419714,0.0,-12.0,0.09585974187682844,0.2547934233523587,0.6065933956437027,0.5408814646122031,62.692357061656935,236.9947391308146,23.492690165650348,225.6986880558045
8,6416.968067419714,0.0,-12.0,0.18501910826789106,0.22455027191013363,0.6255936517279199,0.6066146814595658,170.82862965732136,166.504141752216,22.90523123821123,3.852545221413042
8,6416.968067419714,0.0,-12.0,0.5079351586261462,0.5035072688963089,0.6040561954784501,0.6106508574765784,170.05137820543877,49.31014019018741,168.8098645673982,70.84125972374085
8,6416.968067419714,0.0,-12.0,0.603500068579701,0.2206786866782979,0.6182315826514927,0.6035088760897208,206.66140334676402,17.541607307580847,65.99894388942334,232.32139695529375
8,6416.968067419714,0.0,-12.0,0.33666941031845643,0.18718952897113555,0.624343997872068,0.5055074073406436,62.19097092769664,32.25871692582275,22.42576379213647,225.1958511063078
8,6416.968067419714,0.0,-12.0,0.09585974187682844,0.2547934233523587,0.6068278947496617,0.5223800292475919,62.692357061656935,249.25096534985067,17.74082139309052,224.9927038293496
8,6416.968067419714,0.0,-12.0,0.2561582058785714,0.28527298067101536,0.6324070535551265,0.5221273866613799,169.35655703348638,28.427236897614534,17.759461498384226,150.1762613019256
8,6416.968067419714,0.0,-12.0,0.2561582058785714,0.28304911357970636,0.6065940569163528,0.5408574081028704,39.90880058558337,244.83385514756725,83.54501602427655,150.12476891052276
8,6416.968067419714,0.0,-12.0,0.09585974187682844,0.19034333322807864,0.617298237167469,0.5883371926180072,62.397647802942345,236.9947391308146,22.40569527574112,224.9927038293496
8,6416.968067419714,0.0,-12.0,0.15775514795121243,0.301114938021221,0.6208212242034791,0.5882799349229324,63.10027513745834,172.72879355504762,63.760014689116126,232.2696773849602
8,6416.968067419714,0.0,-12.0,0.2561582058785714,0.29292550850552845,0.6325604501378811,0.5233129389429264,30.883187913043024,237.51220941384838,86.12034176853008,150.12476891052276
8,6416.968067419714,0.0,-12.0,0.32311884344246994,0.18836058258696348,0.626148356367228,0.5884296873580297,37.25160817201517,238.39609857724116,62.76336025224161,222.3575373991787
8,6416.968067419714,0.0,-12.0,0.09470591142035101,0.2259313022874238,0.6066562621552037,0.6032980460515339,62.692357061656935,236.9947391308146,4.106054750910705,225.6986880558045
8,6416.968067419714,0.0,-12.0,0.18501910826789106,0.25601401899956544,0.6252968659988272,0.6066146814595658,59.44602431473282,166.504141752216,22.88940096023946,229.11799994954094
8,79.90847872160776,63.26087898793946,-12.0,0.31903091569467534,0.18838614640996953,0.1081554263836729,0.22031507969920106,31.69225472988635,16.65785483176624,27.518718743167334,102.55640919471418
8,79.90847872160776,63.26087898793946,-12.0,0.31903091569467534,0.16827434468577113,0.1081554263836729,0.22031507969920106,31.69225472988635,16.65785483176624,27.518718743167334,102.55640919471418
8,79.90847872160776,63.26087898793946,-12.0,0.31903091569467534,0.1763039205606424,0.11210896298444367,0.22031507969920106,31.69225472988635,16.65785483176624,27.518718743167334,102.45007813400395
8,6416.968067419715,0.0,-12.0,0.09585974187682844,0.2547934233523587,0.5956668242316571,0.525530241482122,63.062207413562135,233.6762585116983,23.492690165650348,225.6986880558045
8,79.90847872160776,66.59039893467312,-12.0,0.31903091569467534,0.18838614640996953,0.09048498682716931,0.20731115485102056,24.891142546674505,16.934292766759693,27.5340621406162,102.55640919471418
8,79.90847872160776,66.59039893467312,-12.0,0.31894359138121126,0.18838614640996953,0.09067112396189303,0.11298753468302684,24.81741766689707,16.935075396790268,27.18618743555366,221.42451084016062
8,6416.968067419715,0.0,-12.0,0.2561582058785714,0.2838189033257123,0.6065940569163528,0.5257003944455314,24.976200612464446,244.4815840802437,84.46862189607587,150.12476891052276
8,6416.968067419714,21.086536143568402,-12.0,0.15586124373648969,0.2287550070715146,0.6255307852159936,0.5441980987096282,156.2624346066964,166.504141752216,22.90523123821123,3.852545221413042
8,82.55695408228061,65.50293240493865,-12.0,0.32693556339725244,0.18838614640996953,0.1081554263836729,0.24266910574805578,31.69225472988635,23.730084154251735,20.719393012423975,126.60088021562433
8,6416.968067419715,0.0,-12.0,0.6011905483183322,0.5336887153661617,0.6020736845991759,0.636972287480635,197.69697877016458,242.75151623728033,242.59343043792404,56.729817928742804
8,6416.968067419715,0.0,-12.0,0.2549707166778831,0.2838189033257123,0.6286766526140706,0.5257003944455314,24.976200612464446,244.4815840802437,84.46862189607587,162.48197431871483
8,6416.968067419715,0.0,-12.0,0.2561582058785714,0.2838189033257123,0.6325604501378811,0.5221273866613799,30.01244180642246,28.427236897614534,17.759461498384226,150.1762613019256
8,6416.968067419715,0.0,-12.0,0.5111962646343643,0.5035072688963089,0.6040561954784501,0.6106508574765784,170.05137820543877,49.31014019018741,168.8098645673982,70.84125972374085
8,6416.968067419715,0.0,-12.0,0.09494555333023054,0.5260202614395828,0.6362459872221998,0.5235655815291385,65.26469573737668,244.757014846638,22.418432565630024,225.13839750182515
8,6416.968067419715,0.0,-12.0,0.5819836787391924,0.6449276876759893,0.5830273582999789,0.6242508375847288,170.82862965732136,107.0411858306485,22.915632126482564,137.84729484760416
8,6416.968067419715,0.0,-12.0,0.24100162139552878,0.4988517525706997,0.6069090583558979,0.6106609455151755,170.05137820543877,53.104001193962496,171.87781829780792,148.90342804433976
8,6416.968067419715,0.0,-12.0,0.6017367511202296,0.2206786866782979,0.626148356367228,0.6107325676781886,208.69863644288696,221.25063275443213,69.96659439209954,9.661488110205468
8,6416.968067419715,0.0,-12.0,0.5115030536390928,0.5035072688963089,0.6040561954784501,0.6106609455151755,170.05137820543877,53.104001193962496,170.98032315901213,40.38948059275477
8,6416.968067419715,0.0,-12.0,0.1434159874356835,0.5053462883939808,0.6173009712848515,0.6106508574765784,170.05137820543877,49.13828511060095,168.8098645673982,70.84125972374085
8,6416.968067419715,0.0,-12.0,0.603500068579701,0.2206786866782979,0.6182315826514927,0.6064838135728811,206.66140334676402,16.905375760288265,65.99894388942334,11.167635424457593
8,6416.968067419715,0.0,-12.0,0.6123413881840933,0.2206786866782979,0.6261627739059126,0.598529590697229,208.69863644288696,237.79527183396317,22.738109547507484,6.794965412129305
8,6416.968067419715,0.0,-12.0,0.6011905483183322,0.5373694431418534,0.6309831731181983,0.5992372784463307,197.69697877016458,52.952255312444734,243.5453826043526,56.729817928742804
8,6416.968067419715,0.0,-12.0,0.2563358689299692,0.2838189033257123,0.6325604501378811,0.5221273866613799,30.883187913043024,247.8569132139636,86.48462163027008,150.12476891052276
9,6416.968067419713,0.0,-12.0,0.581905535266835,0.188640965671789,0.626148356367228,0.5884296873580297,22.136496577780036,238.39609857724116,60.20989669374896,222.3575373991787
9,67.54388466223627,60.7824145410459,-12.0,0.31903091569467534,0.1883342320218739,0.09881779973482349,0.22031507969920106,37.26633183215512,16.65785483176624,10.785687199420558,101.119812411723
9,6416.968067419714,0.0,-12.0,0.09585974187682844,0.2547934233523587,0.6068278947496617,0.5235655815291385,62.692357061656935,236.9947391308146,22.418432565630024,224.9927038293496
9,6416.968067419714,0.0,-12.0,0.09585974187682844,0.2547934233523587,0.617298237167469,0.5235655815291385,62.692357061656935,236.9947391308146,22.418432565630024,224.9927038293496
9,6416.968067419714,0.0,-12.0,0.2561582058785714,0.2838189033257123,0.6325604501378811,0.5221273866613799,30.883187913043024,247.8569132139636,81.44019309177501,150.12476891052276
9,6416.968067419714,0.0,-12.0,0.09585974187682844,0.2547934233523587,0.617298237167469,0.5235655815291385,62.692357061656935,236.9947391308146,18.964721557801315,224.9927038293496
9,6416.968067419714,0.0,-12.0,0.29561428750052665,0.2861142368021137,0.6082906461991742,0.5246348840560859,24.976200612464446,244.4815840802437,84.32001973725724,152.06303394562156
9,6416.968067419714,0.0,-12.0,0.15470480515720317,0.22455027191013363,0.6255936517279199,0.6066146814595658,170.82862965732136,166.504141752216,22.90523123821123,3.852545221413042
9,6416.968067419714,0.0,-12.0,0.15470480515720317,0.301114938021221,0.6209064557748993,0.5882799349229324,17.973759123918683,172.72879355504762,61.895892185317024,11.077530367409885
9,6416.968067419714,0.0,-12.0,0.09585974187682844,0.25585810831852723,0.6083180831754103,0.5246462133142069,62.692357061656935,236.9947391308146,22.418432565630024,224.9927038293496
9,6416.968067419714,0.0,-12.0,0.5015582886585055,0.5035072688963089,0.6040561954784501,0.5984579685342158,170.05137820543877,53.104001193962496,170.98032315901213,40.38948059275477
9,6416.968067419714,0.0,-12.0,0.09585974187682844,0.2547934233523587,0.6065933956437027,0.5408814646122031,62.692357061656935,236.9947391308146,23.492690165650348,225.6986880558045
9,6416.968067419714,0.0,-12.0,0.18501910826789106,0.22455027191013363,0.6255936517279199,0.6066146814595658,170.82862965732136,166.504141752216,22.90523123821123,3.852545221413042
9,6416.968067419714,0.0,-12.0,0.5079351586261462,0.5035072688963089,0.6040561954784501,0.6106508574765784,170.05137820543877,49.31014019018741,168.8098645673982,70.84125972374085
9,6416.968067419714,0.0,-12.0,0.603500068579701,0.2206786866782979,0.6182315826514927,0.6035088760897208,206.66140334676402,17.541607307580847,65.99894388942334,232.32139695529375
9,6416.968067419714,0.0,-12.0,0.33666941031845643,0.18718952897113555,0.624343997872068,0.5055074073406436,62.19097092769664,32.25871692582275,22.42576379213647,225.1958511063078
9,6416.968067419714,0.0,-12.0,0.09585974187682844,0.2547934233523587,0.6068278947496617,0.5223800292475919,62.692357061656935,249.25096534985067,17.74082139309052,224.9927038293496
9,6416.968067419714,0.0,-12.0,0.2561582058785714,0.28527298067101536,0.6324070535551265,0.5221273866613799,169.35655703348638,28.427236897614534,17.759461498384226,150.1762613019256
9,6416.968067419714,0.0,-12.0,0.2561582058785714,0.28304911357970636,0.6065940569163528,0.5408574081028704,39.90880058558337,244.83385514756725,83.54501602427655,150.12476891052276
9,6416.968067419714,0.0,-12.0,0.09585974187682844,0.19034333322807864,0.617298237167469,0.5883371926180072,62.397647802942345,236.9947391308146,22.40569527574112,224.9927038293496
9,6416.968067419714,0.0,-12.0,0.15775514795121243,0.301114938021221,0.6208212242034791,0.5882799349229324,63.10027513745834,172.72879355504762,63.760014689116126,232.2696773849602
9,6416.968067419714,0.0,-12.0,0.2561582058785714,0.29292550850552845,0.6325604501378811,0.5233129389429264,30.883187913043024,237.51220941384838,86.12034176853008,150.12476891052276
9,6416.968067419714,0.0,-12.0,0.32311884344246994,0.18836058258696348,0.626148356367228,0.5884296873580297,37.25160817201517,238.39609857724116,62.76336025224161,222.3575373991787
9,6416.968067419714,0.0,-12.0,0.09470591142035101,0.2259313022874238,0.6066562621552037,0.6032980460515339,62.692357061656935,236.9947391308146,4.106054750910705,225.6986880558045
9,6416.968067419714,0.0,-12.0,0.18501910826789106,0.25601401899956544,0.6252968659988272,0.6066146814595658,59.44602431473282,166.504141752216,22.88940096023946,229.11799994954094
9,6416.968067419714,0.0,-12.0,0.13591305643683865,0.2563673418940883,0.6257512227976794,0.5235655815291385,62.692357061656935,246.81007928426655,18.964721557801315,229.52531460115378
9,6416.968067419714,0.0,-12.0,0.2561582058785714,0.28527298067101536,0.6324070535551265,0.5221273866613799,169.35655703348638,28.427236897614534,17.759461498384226,153.13300639594792
9,6416.968067419714,0.0,-12.0,0.18501910826789106,0.25601401899956544,0.6252968659988272,0.6066146814595658,59.44602431473282,180.3838369367184,3.1962322963425116,229.11799994954094
9,6416.968067419714,0.0,-12.0,0.09540397394717187,0.22486392820409684,0.5956668242316571,0.525530241482122,56.9875601813081,167.71149373401136,23.50262779078343,225.6986880558045
9,6416.968067419714,0.0,-12.0,0.15959146400151175,0.4694826012041615,0.6036879922596415,0.6106508574765784,30.161435129963635,49.31014019018741,168.8098645673982,8.478005534777154
9,6416.968067419714,0.0,-12.0,0.33666941031845643,0.21277719510394572,0.633389925515911,0.5055074073406436,33.86044724584402,32.25871692582275,22.42576379213647,227.65817248450043
9,6416.968067419714,0.0,-12.0,0.15470480515720317,0.22455027191013363,0.6255936517279199,0.6066146814595658,170.82862965732136,166.504141752216,22.90523123821123,3.126060760872363
9,6416.968067419714,0.0,-12.0,0.6017367511202296,0.2206786866782979,0.5941975502989957,0.6107325676781886,208.69863644288696,221.25063275443213,69.96659439209954,9.661488110205468
9,6416.968067419714,0.0,-12.0,0.09585974187682844,0.2547934233523587,0.617298237167469,0.5235655815291385,62.692357061656935,232.1459688110781,22.418432565630024,224.9927038293496
9,6416.968067419714,0.0,-12.0,0.2561582058785714,0.29292550850552845,0.6325604501378811,0.5233129389429264,28.52634004348458,234.14613212989588,84.89772337622058,150.12476891052276
9,6416.968067419714,0.0,-12.0,0.15775514795121243,0.30222035369421996,0.6208212242034791,0.5945596920763816,62.96750477502791,172.00261798934216,63.760014689116126,154.4120306184001
9,6416.968067419714,0.0,-12.0,0.5063291089825266,0.301114938021221,0.621274658993674,0.5882799349229324,157.93121332178433,172.72879355504762,61.895892185317024,73.48454493571279
9,6416.968067419714,0.0,-12.0,0.09585974187682844,0.25582501493797194,0.6068278947496617,0.5235655815291385,62.692357061656935,236.9947391308146,22.418432565630024,224.9927038293496
9,79.90847872160776,63.26087898793946,-12.0,0.31903091569467534,0.18838614640996953,0.1081554263836729,0.22031507969920106,31.69225472988635,16.65785483176624,27.518718743167334,102.55640919471418
9,79.90847872160776,63.26087898793946,-12.0,0.31903091569467534,0.16827434468577113,0.1081554263836729,0.22031507969920106,31.69225472988635,16.65785483176624,27.518718743167334,102.55640919471418
9,79.90847872160776,63.26087898793946,-12.0,0.31903091569467534,0.1763039205606424,0.11210896298444367,0.22031507969920106,31.69225472988635,16.65785483176624,27.518718743167334,102.45007813400395
9,75.00431127617983,75.00431127617985,-12.0,0.31903091569467534,0.18832987590734307,0.09829160234113435,0.22355631202762946,37.26633183215512,23.60286312502478,9.146659492749185,102.06822928422892
9,6416.968067419715,0.0,-12.0,0.09585974187682844,0.2547934233523587,0.5956668242316571,0.525530241482122,63.062207413562135,233.6762585116983,23.492690165650348,225.6986880558045
9,6416.968067419715,0.0,-12.0,0.5376555758797604,0.2547934233523587,0.6172723243780569,0.5999109283383136,71.9715531005321,233.93914169703467,19.69139863566095,232.2647010879449
9,79.90847872160776,66.59039893467312,-12.0,0.31903091569467534,0.18838614640996953,0.09048498682716931,0.20731115485102056,24.891142546674505,16.934292766759693,27.5340621406162,102.55640919471418
9,79.90847872160776,66.59039893467312,-12.0,0.31894359138121126,0.18838614640996953,0.09067112396189303,0.11298753468302684,24.81741766689707,16.935075396790268,27.18618743555366,221.42451084016062
9,6416.968067419714,21.086536143568402,-12.0,0.15586124373648969,0.2287550070715146,0.6255307852159936,0.5441980987096282,156.2624346066964,166.504141752216,22.90523123821123,3.852545221413042
9,81.63226059156143,65.14639485192413,-12.0,0.32693556339725244,0.1883905025245004,0.12391966383256017,0.24695380044830945,31.69225472988635,16.785075860993274,20.730641778459272,125.6524633431184
10,6416.968067419713,0.0,-12.0,0.581905535266835,0.188640965671789,0.626148356367228,0.5884296873580297,22.136496577780036,238.39609857724116,60.20989669374896,222.3575373991787
10,6416.968067419713,0.0,-12.0,0.581905535266835,0.188640965671789,0.626148356367228,0.5884296873580297,30.896417809583852,238.39609857724116,60.20989669374896,222.3575373991787
10,6416.968067419713,0.0,-12.0,0.15470480515720317,0.22872721353074404,0.6255936517279199,0.6210065084965602,205.38019346879702,166.504141752216,22.90523123821123,3.052646111226367
10,62.215244046692526,55.41767706219399,-12.0,0.08537254131316104,0.1883342320218739,0.10749699451988409,0.22031507969920106,61.4463366801953,12.471627081679781,3.7538021251050377,101.119812411723
10,67.54388466223627,60.7824145410459,-12.0,0.31903091569467534,0.1883342320218739,0.09881779973482349,0.22031507969920106,37.26633183215512,16.65785483176624,10.785687199420558,101.119812411723
10,6416.968067419714,0.0,-12.0,0.32313195540734213,0.18836205763460184,0.5998857824239785,0.5884296873580297,23.198617112000683,14.062440538956395,61.62810940128958,222.3575373991787
10,6416.968067419714,0.0,-12.0,0.09585974187682844,0.2547934233523587,0.6068278947496617,0.5235655815291385,62.692357061656935,236.9947391308146,22.418432565630024,224.9927038293496
10,6416.968067419714,0.0,-12.0,0.15775514795121243,0.30222035369421996,0.6208212242034791,0.5945596920763816,62.96750477502791,172.00261798934216,63.760014689116126,154.4120306184001
10,6416.968067419714,0.0,-12.0,0.603500068579701,0.2206786866782979,0.6182315826514927,0.6035088760897208,206.66140334676402,17.541607307580847,65.99894388942334,232.32139695529375
10,6416.968067419714,0.0,-12.0,0.15959146400151175,0.4694826012041615,0.6036879922596415,0.6106508574765784,30.161435129963635,49.31014019018741,168.8098645673982,8.478005534777154
10,6416.968067419714,0.0,-12.0,0.32311884344246994,0.18836058258696348,0.626148356367228,0.5884296873580297,37.25160817201517,238.39609857724116,62.76336025224161,222.3575373991787
10,6416.968067419714,0.0,-12.0,0.5063291089825266,0.301114938021221,0.621274658993674,0.5882799349229324,157.93121332178433,172.72879355504762,61.895892185317024,73.48454493571279
10,6416.968067419714,0.0,-12.0,0.33666941031845643,0.18718952897113555,0.624343997872068,0.5055074073406436,62.19097092769664,32.25871692582275,22.42576379213647,225.1958511063078
10,6416.968067419714,0.0,-12.0,0.33571032942827966,0.2259313022874238,0.6000166572021409,0.6032980460515339,38.512352213726814,233.64720745360688,29.831841938267093,225.6986880558045
10,6416.968067419714,0.0,-12.0,0.09540397394717187,0.22486392820409684,0.5956668242316571,0.525530241482122,56.9875601813081,167.71149373401136,23.50262779078343,225.6986880558045
10,6416.968067419714,0.0,-12.0,0.2561582058785714,0.28527298067101536,0.6324070535551265,0.5221273866613799,169.35655703348638,28.427236897614534,17.759461498384226,153.13300639594792
10,6416.968067419714,0.0,-12.0,0.09585974187682844,0.2547934233523587,0.617298237167469,0.5235655815291385,62.692357061656935,232.1459688110781,22.418432565630024,224.9927038293496
10,6416.968067419714,0.0,-12.0,0.13591305643683865,0.2563673418940883,0.6257512227976794,0.5235655815291385,62.692357061656935,246.81007928426655,18.964721557801315,229.52531460115378
10,6416.968067419714,0.0,-12.0,0.2561582058785714,0.28304911357970636,0.6065940569163528,0.5408574081028704,39.90880058558337,244.83385514756725,83.54501602427655,150.12476891052276
10,6416.968067419714,0.0,-12.0,0.09585974187682844,0.2547934233523587,0.617298237167469,0.5235655815291385,62.692357061656935,236.9947391308146,18.964721557801315,224.9927038293496
10,6416.968067419714,0.0,-12.0,0.09585974187682844,0.2547934233523587,0.6068278947496617,0.5223800292475919,62.692357061656935,249.25096534985067,17.74082139309052,213.15377132014112
10,6416.968067419714,0.0,-12.0,0.09585974187682844,0.2547934233523587,0.6068278947496617,0.5223800292475919,62.692357061656935,249.25096534985067,17.74082139309052,224.9927038293496
10,6416.968067419714,0.0,-12.0,0.18501910826789106,0.25601401899956544,0.6252968659988272,0.6066146814595658,59.44602431473282,180.3838369367184,3.1962322963425116,229.11799994954094
10,6416.968067419714,0.0,-12.0,0.6017367511202296,0.2206786866782979,0.5941975502989957,0.6107325676781886,208.69863644288696,221.25063275443213,69.96659439209954,9.661488110205468
10,6416.968067419714,0.0,-12.0,0.2561582058785714,0.29292550850552845,0.6325604501378811,0.5233129389429264,28.52634004348458,234.14613212989588,84.89772337622058,150.12476891052276
10,6416.968067419714,0.0,-12.0,0.18501910826789106,0.25601401899956544,0.6252968659988272,0.6066146814595658,59.44602431473282,166.504141752216,22.88940096023946,229.11799994954094
10,6416.968067419714,0.0,-12.0,0.5015582886585055,0.5035072688963089,0.6040561954784501,0.5984579685342158,170.05137820543877,53.104001193962496,170.98032315901213,40.38948059275477
10,6416.968067419714,0.0,-12.0,0.2561582058785714,0.2838189033257123,0.6325604501378811,0.5221273866613799,30.883187913043024,247.8569132139636,81.44019309177501,150.12476891052276
10,6416.968067419714,0.0,-12.0,0.2561582058785714,0.28527298067101536,0.6324070535551265,0.5221273866613799,169.35655703348638,28.427236897614534,17.759461498384226,150.1762613019256
10,6416.968067419714,0.0,-12.0,0.33666941031845643,0.21277719510394572,0.633389925515911,0.5055074073406436,33.86044724584402,32.25871692582275,22.42576379213647,227.65817248450043
10,6416.968067419714,0.0,-12.0,0.09416334171208933,0.3001963247769687,0.6054644346815455,0.5943112007279332,62.692357061656935,173.0922200991157,22.284110318989107,228.65495321060723
10,6416.968067419714,0.0,-12.0,0.09585974187682844,0.2547934233523587,0.6068278947496617,0.5235655815291385,62.692357061656935,236.9947391308146,22.418432565630024,222.13462765914917
10,6416.968067419714,0.0,-12.0,0.18501910826789106,0.22455027191013363,0.6255936517279199,0.6066146814595658,170.82862965732136,166.504141752216,22.90523123821123,3.852545221413042
10,6416.968067419714,0.0,-12.0,0.09585974187682844,0.19034333322807864,0.617298237167469,0.5883371926180072,62.397647802942345,236.9947391308146,22.40569527574112,224.9927038293496
10,6416.968067419714,0.0,-12.0,0.15470480515720317,0.22455027191013363,0.6255936517279199,0.6066146814595658,170.82862965732136,166.504141752216,22.90523123821123,3.852545221413042
10,6416.968067419714,0.0,-12.0,0.09585974187682844,0.2547934233523587,0.6065933956437027,0.5408814646122031,62.692357061656935,236.9947391308146,23.492690165650348,225.6986880558045
10,6416.968067419714,0.0,-12.0,0.09585974187682844,0.2547934233523587,0.617298237167469,0.5235655815291385,62.692357061656935,236.9947391308146,22.418432565630024,224.9927038293496
10,6416.968067419714,0.0,-12.0,0.15763423255585401,0.2580499821499632,0.6257564282943257,0.5945596920763816,62.96956725783128,173.33277189522548,19.83095563355268,154.4120306184001
10,6416.968067419714,0.0,-12.0,0.15775514795121243,0.301114938021221,0.6208212242034791,0.5882799349229324,63.10027513745834,172.72879355504762,63.760014689116126,232.2696773849602
10,6416.968067419714,0.0,-12.0,0.2561582058785714,0.28798013557041885,0.6325604501378811,0.5221273866613799,22.12326668123925,247.8569132139636,81.44019309177501,150.12476891052276
10,6416.968067419714,0.0,-12.0,0.15470480515720317,0.301114938021221,0.6209064557748993,0.5882799349229324,17.973759123918683,172.72879355504762,61.895892185317024,11.077530367409885
10,6416.968067419714,0.0,-12.0,0.2561582058785714,0.29292550850552845,0.6325604501378811,0.5233129389429264,30.883187913043024,237.51220941384838,86.12034176853008,150.12476891052276
10,6416.968067419714,0.0,-12.0,0.29561428750052665,0.2861142368021137,0.6082906461991742,0.5246348840560859,24.976200612464446,244.4815840802437,84.32001973725724,152.06303394562156
10,6416.968067419714,0.0,-12.0,0.2561582058785714,0.18837705599390797,0.6346326814269034,0.5408574081028704,39.925315262499474,235.72857612952518,83.54501602427655,150.12476891052276
10,6416.968067419714,0.0,-12.0,0.5079351586261462,0.5035072688963089,0.6040561954784501,0.6106508574765784,170.05137820543877,49.31014019018741,168.8098645673982,70.84125972374085
10,6416.968067419714,0.0,-12.0,0.09470591142035101,0.2259313022874238,0.6066562621552037,0.6032980460515339,62.692357061656935,236.9947391308146,4.106054750910705,225.6986880558045
10,6416.968067419714,0.0,-12.0,0.09585974187682844,0.25585810831852723,0.6083180831754103,0.5246462133142069,62.692357061656935,236.9947391308146,22.418432565630024,224.9927038293496
10,6416.968067419714,0.0,-12.0,0.09309967112188151,0.2932045717879827,0.6317952147711389,0.525530241482122,56.9875601813081,169.70408471310026,83.55543151849272,148.82831427623265
11,6416.968067419713,0.0,-12.0,0.581905535266835,0.188640965671789,0.626148356367228,0.5884296873580297,22.136496577780036,238.39609857724116,60.20989669374896,222.3575373991787
11,6416.968067419713,0.0,-12.0,0.581905535266835,0.188640965671789,0.626148356367228,0.5884296873580297,30.896417809583852,238.39609857724116,60.20989669374896,222.3575373991787
11,6416.968067419713,0.0,-12.0,0.15470480515720317,0.22872721353074404,0.6255936517279199,0.6210065084965602,205.38019346879702,166.504141752216,22.90523123821123,3.052646111226367
11,62.215244046692526,55.41767706219399,-12.0,0.08537254131316104,0.1883342320218739,0.10749699451988409,0.22031507969920106,61.4463366801953,12.471627081679781,3.7538021251050377,101.119812411723
11,6416.968067419713,0.0,-12.0,0.581630056556422,0.188640965671789,0.6182362963210914,0.6032355342795294,30.896417809583852,238.39609857724116,60.20989669374896,222.47249520228033
11,6416.968067419713,0.0,-12.0,0.5884130010590112,0.256308448766749,0.6258779100506061,0.5890685675179848,33.23218947401301,236.9947391308146,22.418432565630024,222.4179780198045
11,6416.968067419713,0.0,-12.0,0.09416334171208933,0.3001963247769687,0.6330349122668383,0.5933123073780496,36.500356166389295,173.0922200991157,22.284110318989107,228.65495321060723
11,6416.968067419713,0.0,-12.0,0.3231183244684803,0.18836059503522498,0.6254642224005271,0.5884296873580297,37.25160817201517,9.033075915607668,62.76336025224161,222.3575373991787
11,6416.968067419713,0.0,-12.0,0.18598243208791698,0.2841959852112742,0.6252968659988272,0.5230142910445222,59.44602431473282,166.504141752216,22.88940096023946,229.11799994954094
11,6416.968067419714,0.0,-12.0,0.32313195540734213,0.18836205763460184,0.5998857824239785,0.5884296873580297,23.198617112000683,14.062440538956395,61.62810940128958,222.3575373991787
11,67.54388466223627,60.7824145410459,-12.0,0.31903091569467534,0.1883342320218739,0.09881779973482349,0.22031507969920106,37.26633183215512,16.65785483176624,10.785687199420558,101.119812411723
11,6416.968067419714,0.0,-12.0,0.09850406102107764,0.22439401731613154,0.6066321896052446,0.5965922527536625,63.10027513745834,172.72879355504762,62.98070434165317,232.37004208681358
11,6416.968067419714,0.0,-12.0,0.33666941031845643,0.18718952897113555,0.624343997872068,0.5055074073406436,62.19097092769664,32.25871692582275,22.42576379213647,225.1958511063078
11,6416.968067419714,0.0,-12.0,0.09585974187682844,0.25585810831852723,0.6083180831754103,0.5246462133142069,62.692357061656935,236.9947391308146,22.418432565630024,224.9927038293496
11,6416.968067419714,0.0,-12.0,0.09585974187682844,0.2547934233523587,0.617298237167469,0.5235655815291385,62.692357061656935,232.1459688110781,22.418432565630024,224.9927038293496
11,6416.968067419714,0.0,-12.0,0.09585974187682844,0.2547934233523587,0.6068278947496617,0.5235655815291385,62.692357061656935,236.9947391308146,22.418432565630024,224.9927038293496
11,6416.968067419714,0.0,-12.0,0.09585974187682844,0.19034333322807864,0.617298237167469,0.5883371926180072,62.397451372577066,232.1128954277686,22.40556609557451,224.9927038293496
11,6416.968067419714,0.0,-12.0,0.18501910826789106,0.25601401899956544,0.6252968659988272,0.6066146814595658,59.44602431473282,180.3838369367184,3.1962322963425116,229.11799994954094
11,6416.968067419714,0.0,-12.0,0.33666941031845643,0.21277719510394572,0.633389925515911,0.5055074073406436,33.86044724584402,32.25871692582275,22.42576379213647,227.65817248450043
11,6416.968067419714,0.0,-12.0,0.5801139052266273,0.22040663614869724,0.6184651670426651,0.6035088760897208,201.22495387961885,17.541607307580847,59.454349577656856,225.7397700043623
11,6416.968067419714,0.0,-12.0,0.32311884344246994,0.18836058258696348,0.626148356367228,0.5884296873580297,37.25160817201517,238.39609857724116,62.76336025224161,222.3575373991787
11,6416.968067419714,0.0,-12.0,0.2561582058785714,0.28798013557041885,0.6325604501378811,0.5221273866613799,22.12326668123925,247.8569132139636,81.44019309177501,150.12476891052276
11,6416.968067419714,0.0,-12.0,0.2561582058785714,0.28304911357970636,0.6065940569163528,0.5408574081028704,39.90880058558337,244.83385514756725,83.54501602427655,150.12476891052276
11,6416.968067419714,0.0,-12.0,0.09585974187682844,0.2547934233523587,0.6068278947496617,0.6071659512565339,62.692357061656935,236.9947391308146,22.418432565630024,222.13462765914917
11,6416.968067419714,0.0,-12.0,0.33571032942827966,0.2259313022874238,0.6000166572021409,0.6032980460515339,38.512352213726814,233.64720745360688,29.831841938267093,225.6986880558045
11,6416.968067419714,0.0,-12.0,0.18501910826789106,0.3163314452065817,0.6253505236645068,0.6068267472072313,59.44602431473282,180.3838369367184,94.06149270199141,226.76207729904016
11,6416.968067419714,0.0,-12.0,0.09585974187682844,0.2547934233523587,0.617298237167469,0.5235655815291385,62.692357061656935,236.9947391308146,22.418432565630024,224.9927038293496
11,6416.968067419714,0.0,-12.0,0.2561582058785714,0.3073239216971052,0.6325067924722014,0.5231008564097577,57.91863269815052,237.51220941384838,0.4324834402280189,152.47938642001364
11,6416.968067419714,0.0,-12.0,0.15470480515720317,0.22455027191013363,0.6255936517279199,0.6066146814595658,170.82862965732136,166.504141752216,22.90523123821123,3.852545221413042
11,6416.968067419714,0.0,-12.0,0.5079351586261462,0.5035072688963089,0.6040561954784501,0.6106508574765784,170.05137820543877,49.31014019018741,168.8098645673982,70.84125972374085
11,6416.968067419714,0.0,-12.0,0.09585974187682844,0.2547934233523587,0.617298237167469,0.5235655815291385,62.692357061656935,236.9947391308146,18.964721557801315,224.9927038293496
11,6416.968067419714,0.0,-12.0,0.09585974187682844,0.2547934233523587,0.6068278947496617,0.5223800292475919,62.692357061656935,249.25096534985067,17.74082139309052,213.15377132014112
11,6416.968067419714,0.0,-12.0,0.34518391488086886,0.2547934233523587,0.6241999526107798,0.505487528067052,62.692357061656935,245.35347847302802,22.289974876540494,224.9927038293496
11,6416.968067419714,0.0,-12.0,0.09585974187682844,0.19034333322807864,0.617298237167469,0.5883371926180072,62.397647802942345,236.9947391308146,22.40569527574112,224.9927038293496
11,6416.968067419714,0.0,-12.0,0.2561582058785714,0.28527298067101536,0.6324070535551265,0.5221273866613799,169.35655703348638,28.427236897614534,17.759461498384226,150.1762613019256
11,6416.968067419714,0.0,-12.0,0.603500068579701,0.2206786866782979,0.6182315826514927,0.6035088760897208,206.66140334676402,17.541607307580847,65.99894388942334,232.32139695529375
11,6416.968067419714,0.0,-12.0,0.29561428750052665,0.2861142368021137,0.6082906461991742,0.5246348840560859,24.976200612464446,244.4815840802437,84.32001973725724,152.06303394562156
11,6416.968067419714,0.0,-12.0,0.2561582058785714,0.29292550850552845,0.6325604501378811,0.5233129389429264,30.883187913043024,237.51220941384838,86.12034176853008,150.12476891052276
11,6416.968067419714,0.0,-12.0,0.09585974187682844,0.2547934233523587,0.6068278947496617,0.5235655815291385,62.692357061656935,236.9947391308146,22.418432565630024,222.13462765914917
11,6416.968067419714,0.0,-12.0,0.2561582058785714,0.29292550850552845,0.6325604501378811,0.5233129389429264,28.52634004348458,234.14613212989588,84.89772337622058,150.12476891052276
11,6416.968067419714,0.0,-12.0,0.2536333674350384,0.187771741804569,0.6272023545873127,0.5884296873580297,22.136496577780036,238.39609857724116,61.71815595723835,222.3575373991787
11,6416.968067419714,0.0,-12.0,0.09470591142035101,0.2259313022874238,0.6066562621552037,0.6032980460515339,62.692357061656935,236.9947391308146,4.106054750910705,225.6986880558045
11,6416.968067419714,0.0,-12.0,0.15470480515720317,0.301114938021221,0.6209064557748993,0.5882799349229324,17.973759123918683,172.72879355504762,61.895892185317024,11.077530367409885
11,6416.968067419714,0.0,-12.0,0.5015582886585055,0.5035072688963089,0.6040561954784501,0.5984579685342158,170.05137820543877,53.104001193962496,170.98032315901213,40.38948059275477
11,6416.968067419714,0.0,-12.0,0.2561582058785714,0.2838189033257123,0.6325604501378811,0.5221273866613799,30.883187913043024,247.8569132139636,81.44019309177501,150.12476891052276
11,6416.968067419714,0.0,-12.0,0.18501910826789106,0.22455027191013363,0.6255936517279199,0.6066146814595658,170.82862965732136,166.504141752216,22.90523123821123,3.852545221413042
11,6416.968067419714,0.0,-12.0,0.2561582058785714,0.28527298067101536,0.6324070535551265,0.5221273866613799,169.35655703348638,28.427236897614534,17.759461498384226,153.13300639594792
11,6416.968067419714,0.0,-12.0,0.18501910826789106,0.25601401899956544,0.6252968659988272,0.6066146814595658,59.44602431473282,166.504141752216,22.88940096023946,229.11799994954094
12,6416.968067419713,0.0,-12.0,0.581905535266835,0.188640965671789,0.626148356367228,0.5884296873580297,22.136496577780036,238.39609857724116,60.20989669374896,222.3575373991787
12,6416.968067419713,0.0,-12.0,0.581905535266835,0.188640965671789,0.626148356367228,0.5884296873580297,30.896417809583852,238.39609857724116,60.20989669374896,222.3575373991787
12,6416.968067419713,0.0,-12.0,0.15470480515720317,0.22872721353074404,0.6255936517279199,0.6210065084965602,205.38019346879702,166.504141752216,22.90523123821123,3.052646111226367
12,6416.968067419713,0.0,-12.0,0.581630056556422,0.188640965671789,0.6182362963210914,0.6032355342795294,30.896417809583852,238.39609857724116,60.20989669374896,222.47249520228033
12,6416.968067419713,0.0,-12.0,0.5884130010590112,0.256308448766749,0.6258779100506061,0.5890685675179848,33.23218947401301,236.9947391308146,22.418432565630024,222.4179780198045
12,6416.968067419713,0.0,-12.0,0.09416334171208933,0.3001963247769687,0.6330349122668383,0.5933123073780496,36.500356166389295,173.0922200991157,22.284110318989107,228.65495321060723
12,6416.968067419713,0.0,-12.0,0.3231183244684803,0.18836059503522498,0.6254642224005271,0.5884296873580297,37.25160817201517,9.033075915607668,62.76336025224161,222.3575373991787
12,6416.968067419713,0.0,-12.0,0.18598243208791698,0.2841959852112742,0.6252968659988272,0.5230142910445222,59.44602431473282,166.504141752216,22.88940096023946,229.11799994954094
12,6416.968067419713,0.0,-12.0,0.581905535266835,0.188640965671789,0.6261449712575154,0.5884277290255976,22.256460393051483,238.42045979304908,60.20989669374896,222.3599387485954
12,6416.968067419713,0.0,-12.0,0.6082789431867217,0.188640965671789,0.626148356367228,0.5280894744228408,61.994968509520476,238.39609857724116,60.20989669374896,222.3575373991787
12,57.054376148789316,49.94605034754722,-12.0,0.2994996602173525,0.1883342320218739,0.10749699451988409,0.22031507969920106,23.381593265139955,14.014482332360503,1.6285287426173092,101.119812411723
12,6416.968067419713,0.0,-12.0,0.5884130010590112,0.256308448766749,0.6258812951603187,0.5890705258504169,23.12916465081368,236.97037791500668,22.418432565630024,222.41557667038782
12,6416.968067419713,0.0,-12.0,0.18598243208791698,0.2841959852112742,0.6252970113770128,0.5232772581501413,59.44602431473282,166.504141752216,22.88940096023946,236.7765653355162
12,6416.968067419714,0.0,-12.0,0.32313195540734213,0.18836205763460184,0.5998857824239785,0.5884296873580297,23.198617112000683,14.062440538956395,61.62810940128958,222.3575373991787
12,6416.968067419714,0.0,-12.0,0.09404849119613967,0.2857255315018889,0.6243441898899051,0.5235655815291385,62.692357061656935,20.800597661590288,17.593241173609343,230.2780276184587
12,62.215244046692526,55.41767706219399,-12.0,0.08537254131316104,0.1883342320218739,0.10749699451988409,0.22031507969920106,61.4463366801953,12.471627081679781,3.7538021251050377,101.119812411723
12,6416.968067419714,0.0,-12.0,0.09585974187682844,0.2547934233523587,0.617298237167469,0.5235655815291385,62.692357061656935,236.9947391308146,22.418432565630024,224.9927038293496
12,6416.968067419714,0.0,-12.0,0.09585974187682844,0.25761973486970063,0.6061307440957163,0.5223800292475919,62.692357061656935,249.25096534985067,17.74082139309052,213.15377132014112
12,6416.968067419714,0.0,-12.0,0.2561582058785714,0.28304911357970636,0.6083288015265724,0.5409299181703213,39.90880058558337,244.83385514756725,83.54501602427655,150.12476891052276
12,6416.968067419714,0.0,-12.0,0.32311884344246994,0.18836058258696348,0.626148356367228,0.5884296873580297,37.25160817201517,238.39609857724116,62.76336025224161,222.3575373991787
12,6416.968067419714,0.0,-12.0,0.09889435449454734,0.3073239216971052,0.6325067924722014,0.5266605349693042,57.91863269815052,177.82364927284385,61.897124709059845,152.47938642001364
12,6416.968067419714,0.0,-12.0,0.09585974187682844,0.25585810831852723,0.6083180831754103,0.5246462133142069,62.692357061656935,236.9947391308146,22.418432565630024,224.9927038293496
12,6416.968067419714,0.0,-12.0,0.09470591142035101,0.2259313022874238,0.6066562621552037,0.6032980460515339,62.692357061656935,236.9947391308146,4.106054750910705,225.6986880558045
12,6416.968067419714,0.0,-12.0,0.09585974187682844,0.2547934233523587,0.6068278947496617,0.6071659512565339,62.692357061656935,236.9947391308146,22.418432565630024,222.13462765914917
12,6416.968067419714,0.0,-12.0,0.2561582058785714,0.28527298067101536,0.6324070535551265,0.5221273866613799,169.35655703348638,28.427236897614534,17.759461498384226,150.1762613019256
12,6416.968067419714,0.0,-12.0,0.2561582058785714,0.3073239216971052,0.6325067924722014,0.5231008564097577,57.91863269815052,237.51220941384838,0.4324834402280189,152.47938642001364
12,6416.968067419714,0.0,-12.0,0.34518391488086886,0.12342506553537175,0.6249260838688891,0.5069022243440616,63.38546853079366,245.35347847302802,30.559056912200305,214.46493946836304
12,6416.968067419714,0.0,-12.0,0.2561582058785714,0.28527298067101536,0.6324070535551265,0.5221273866613799,169.35655703348638,28.427236897614534,17.759461498384226,153.13300639594792
12,6416.968067419714,0.0,-12.0,0.3265811291051973,0.32430189872650483,0.62614006629585,0.6068267472072313,59.44602431473282,180.3838369367184,94.06149270199141,209.51502161103303
12,6416.968067419714,0.0,-12.0,0.2561582058785714,0.2838189033257123,0.6325604501378811,0.5221273866613799,30.883187913043024,247.8569132139636,81.44019309177501,150.12476891052276
12,6416.968067419714,0.0,-12.0,0.603500068579701,0.2206786866782979,0.6182315826514927,0.6035088760897208,206.66140334676402,17.541607307580847,65.99894388942334,232.32139695529375
12,6416.968067419714,0.0,-12.0,0.09585974187682844,0.2547934233523587,0.6068278947496617,0.5235655815291385,62.692357061656935,236.9947391308146,22.418432565630024,224.9927038293496
12,6416.968067419714,0.0,-12.0,0.18501910826789106,0.25601401899956544,0.6252968659988272,0.6066146814595658,59.44602431473282,180.3838369367184,3.1962322963425116,229.11799994954094
12,6416.968067419714,0.0,-12.0,0.33571032942827966,0.2259313022874238,0.5992905259251131,0.6018833171684845,38.512352213726814,230.0255234636951,33.91154697402374,224.98490621831826
12,6416.968067419714,0.0,-12.0,0.09850406102107764,0.22618780935307237,0.6334519427946276,0.5223947127140376,63.10027513745834,228.75266925113166,62.98070434165317,232.16717342792666
12,6416.968067419714,0.0,-12.0,0.2561582058785714,0.28798013557041885,0.6325604501378811,0.5221273866613799,22.12326668123925,247.8569132139636,81.44019309177501,150.12476891052276
12,6416.968067419714,0.0,-12.0,0.2536333674350384,0.187771741804569,0.6272023545873127,0.5884296873580297,22.136496577780036,238.39609857724116,61.71815595723835,222.3575373991787
12,6416.968067419714,0.0,-12.0,0.3231183244684803,0.24813361485532134,0.6254147550261349,0.5663126772130974,37.25160817201517,9.680661211782422,22.605217906775383,222.3575373991787
12,6416.968067419714,0.0,-12.0,0.09850406102107764,0.22439401731613154,0.6066321896052446,0.5965922527536625,63.10027513745834,172.72879355504762,62.98070434165317,232.37004208681358
12,6416.968067419714,0.0,-12.0,0.2561582058785714,0.29292550850552845,0.6325604501378811,0.5233129389429264,30.883187913043024,237.51220941384838,86.12034176853008,150.12476891052276
12,6416.968067419714,0.0,-12.0,0.09585974187682844,0.19034333322807864,0.617298237167469,0.5883371926180072,62.397451372577066,232.1128954277686,22.40556609557451,224.9927038293496
12,6416.968067419714,0.0,-12.0,0.18501910826789106,0.25601401899956544,0.6252968659988272,0.6066146814595658,59.44602431473282,166.504141752216,22.88940096023946,229.11799994954094
12,6416.968067419714,0.0,-12.0,0.5015582886585055,0.22593484594729857,0.6040561954784501,0.5984579685342158,170.08179880846254,53.104001193962496,30.772740116020543,3.454938730483143
12,6416.968067419714,0.0,-12.0,0.3238068246086216,0.1883716880108041,0.5998941887695339,0.6032264152345451,38.84380822734464,233.64720745360688,30.465546036685133,222.44326670039854
12,6416.968067419714,0.0,-12.0,0.29561428750052665,0.2861142368021137,0.6082906461991742,0.5246348840560859,24.976200612464446,244.4815840802437,84.32001973725724,152.06303394562156
12,6416.968067419714,0.0,-12.0,0.09585974187682844,0.2547934233523587,0.6068278947496617,0.5235655815291385,62.692357061656935,236.9947391308146,22.418432565630024,222.13462765914917
12,6416.968067419714,0.0,-12.0,0.34518391488086886,0.2547934233523587,0.6241999526107798,0.505487528067052,62.692357061656935,245.35347847302802,22.289974876540494,224.9927038293496
12,6416.968067419714,0.0,-12.0,0.33666941031845643,0.21277719510394572,0.633389925515911,0.5055074073406436,33.86044724584402,32.25871692582275,22.42576379213647,227.65817248450043
13,6416.968067419713,0.0,-12.0,0.581905535266835,0.188640965671789,0.626148356367228,0.5884296873580297,22.136496577780036,238.39609857724116,60.20989669374896,222.3575373991787
13,6416.968067419713,0.0,-12.0,0.581905535266835,0.188640965671789,0.626148356367228,0.5884296873580297,30.896417809583852,238.39609857724116,60.20989669374896,222.3575373991787
13,6416.968067419713,0.0,-12.0,0.15470480515720317,0.22872721353074404,0.6255936517279199,0.6210065084965602,205.38019346879702,166.504141752216,22.90523123821123,3.052646111226367
13,6416.968067419713,0.0,-12.0,0.581630056556422,0.188640965671789,0.6182362963210914,0.6032355342795294,30.896417809583852,238.39609857724116,60.20989669374896,222.47249520228033
13,6416.968067419713,0.0,-12.0,0.5884130010590112,0.256308448766749,0.6258779100506061,0.5890685675179848,33.23218947401301,236.9947391308146,22.418432565630024,222.4179780198045
13,6416.968067419713,0.0,-12.0,0.09416334171208933,0.3001963247769687,0.6330349122668383,0.5933123073780496,36.500356166389295,173.0922200991157,22.284110318989107,228.65495321060723
13,6416.968067419713,0.0,-12.0,0.3231183244684803,0.18836059503522498,0.6254642224005271,0.5884296873580297,37.25160817201517,9.033075915607668,62.76336025224161,222.3575373991787
13,6416.968067419713,0.0,-12.0,0.18598243208791698,0.2841959852112742,0.6252968659988272,0.5230142910445222,59.44602431473282,166.504141752216,22.88940096023946,229.11799994954094
13,6416.968067419713,0.0,-12.0,0.581905535266835,0.188640965671789,0.6261449712575154,0.5884277290255976,22.256460393051483,238.42045979304908,60.20989669374896,222.3599387485954
13,6416.968067419713,0.0,-12.0,0.6082789431867217,0.188640965671789,0.626148356367228,0.5280894744228408,61.994968509520476,238.39609857724116,60.20989669374896,222.3575373991787
13,57.054376148789316,49.94605034754722,-12.0,0.2994996602173525,0.1883342320218739,0.10749699451988409,0.22031507969920106,23.381593265139955,14.014482332360503,1.6285287426173092,101.119812411723
13,6416.968067419713,0.0,-12.0,0.5884130010590112,0.256308448766749,0.6258812951603187,0.5890705258504169,23.12916465081368,236.97037791500668,22.418432565630024,222.41557667038782
13,6416.968067419713,0.0,-12.0,0.18598243208791698,0.2841959852112742,0.6252970113770128,0.5232772581501413,59.44602431473282,166.504141752216,22.88940096023946,236.7765653355162
13,6416.968067419713,0.0,-12.0,0.581905535266835,0.1883627877442622,0.626148356367228,0.5641562845754928,36.4385502060249,238.39609857724116,60.20989669374896,222.3575373991787
13,6416.968067419713,0.0,-12.0,0.3392679473084625,0.12342506553537175,0.6249260838688891,0.5430352673596941,63.54439724359869,181.23132152928736,30.559056912200305,214.46493946836304
13,6416.968067419713,0.0,-12.0,0.5884130010590112,0.256308448766749,0.625831599763077,0.5890685675179848,33.23218947401301,227.75007564441864,30.476652766558594,222.4179780198045
13,6416.968067419713,0.0,-12.0,0.581630056556422,0.188640965671789,0.6182362963210914,0.6032355342795294,30.896417809583852,238.39609857724116,60.20989669374896,222.35452115132748
13,6416.968067419713,0.0,-12.0,0.581905535266835,0.188640965671789,0.626148356367228,0.5884296873580297,22.136496577780036,238.39609857724116,19.779934072640756,222.3575373991787
13,6416.968067419713,0.0,-12.0,0.6082789431867217,0.188640965671789,0.626148356367228,0.5280894744228408,61.994968509520476,238.39609857724116,60.20989669374896,226.22769222253538
13,62.215244046692526,55.41767706219399,-12.0,0.08537254131316104,0.1883342320218739,0.10749699451988409,0.22031507969920106,61.4463366801953,12.471627081679781,3.7538021251050377,101.119812411723
13,6416.968067419714,0.0,-12.0,0.09554555983514193,0.2280314937400002,0.6334519427946276,0.5227628696179453,62.700849489680095,236.8164830713196,62.98070434165317,232.16717342792666
13,6416.968067419714,0.0,-12.0,0.32313195540734213,0.18836205763460184,0.5998857824239785,0.5884296873580297,23.198617112000683,14.062440538956395,61.62810940128958,222.3575373991787
13,6416.968067419714,0.0,-12.0,0.2536333674350384,0.187771741804569,0.6272023545873127,0.5884296873580297,22.136496577780036,238.39609857724116,61.71815595723835,222.3575373991787
13,6416.968067419714,0.0,-12.0,0.09585974187682844,0.2547934233523587,0.6068278947496617,0.5235655815291385,62.692357061656935,236.9947391308146,22.418432565630024,222.13462765914917
13,6416.968067419714,0.0,-12.0,0.3419178315966708,0.2548276565982095,0.6252994085488153,0.5884296873580297,54.91653573253177,184.75328111694944,62.76336025224161,222.3575373991787
13,6416.968067419714,0.0,-12.0,0.18501910826789106,0.25601401899956544,0.6252968659988272,0.6066146814595658,59.44602431473282,166.504141752216,22.88940096023946,229.11799994954094
13,6416.968067419714,0.0,-12.0,0.2561582058785714,0.28527298067101536,0.6324070535551265,0.5221273866613799,169.35655703348638,28.427236897614534,17.759461498384226,153.13300639594792
13,6416.968067419714,0.0,-12.0,0.09470591142035101,0.2259313022874238,0.6066562621552037,0.6032980460515339,62.692357061656935,236.9947391308146,4.106054750910705,225.6986880558045
13,6416.968067419714,0.0,-12.0,0.09585974187682844,0.2547934233523587,0.617298237167469,0.5235655815291385,62.692357061656935,236.9947391308146,22.418432565630024,224.9927038293496
13,6416.968067419714,0.0,-12.0,0.18501910826789106,0.25601401899956544,0.6252968659988272,0.6066146814595658,59.44602431473282,180.3838369367184,3.1962322963425116,229.11799994954094
13,6416.968067419714,0.0,-12.0,0.5985222740954882,0.1886768065441674,0.6230150087044859,0.5280894744228408,61.994968509520476,240.6958368487142,60.20989669374896,222.3575373991787
13,6416.968067419714,0.0,-12.0,0.32311884344246994,0.18836058258696348,0.626148356367228,0.5884296873580297,37.25160817201517,238.39609857724116,62.76336025224161,222.3575373991787
13,6416.968067419714,0.0,-12.0,0.29561428750052665,0.2861142368021137,0.6082906461991742,0.5244837635400691,63.83824433406482,241.2602977257718,84.32001973725724,152.06303394562156
13,6416.968067419714,0.0,-12.0,0.09850406102107764,0.22439401731613154,0.6066321896052446,0.5965922527536625,63.10027513745834,172.72879355504762,62.98070434165317,232.37004208681358
13,6416.968067419714,0.0,-12.0,0.3265811291051973,0.32430189872650483,0.62614006629585,0.6068267472072313,59.44602431473282,180.3838369367184,94.06149270199141,209.51502161103303
13,6416.968067419714,0.0,-12.0,0.09585974187682844,0.19034333322807864,0.617298237167469,0.5883371926180072,62.397451372577066,232.1128954277686,22.40556609557451,224.9927038293496
13,6416.968067419714,0.0,-12.0,0.3238068246086216,0.1883716880108041,0.5998941887695339,0.6032264152345451,38.84380822734464,233.64720745360688,30.465546036685133,222.44326670039854
13,6416.968067419714,0.0,-12.0,0.5015582886585055,0.22593484594729857,0.6040561954784501,0.5984579685342158,170.08179880846254,53.104001193962496,30.772740116020543,3.454938730483143
13,6416.968067419714,0.0,-12.0,0.18598243208791698,0.2841959852112742,0.6252970113770128,0.5232772581501413,59.44602431473282,166.504141752216,63.31940560196239,236.7765653355162
13,6416.968067419714,0.0,-12.0,0.34518391488086886,0.2547934233523587,0.6241999526107798,0.505487528067052,62.692357061656935,245.35347847302802,22.289974876540494,224.9927038293496
13,6416.968067419714,0.0,-12.0,0.09585974187682844,0.2547934233523587,0.6068278947496617,0.6071659512565339,62.692357061656935,236.9947391308146,22.418432565630024,222.13462765914917
13,6416.968067419714,0.0,-12.0,0.29561428750052665,0.2861142368021137,0.6082906461991742,0.5246348840560859,24.976200612464446,244.4815840802437,84.32001973725724,152.06303394562156
13,6416.968067419714,0.0,-12.0,0.3231183244684803,0.24813361485532134,0.6254147550261349,0.5663126772130974,37.25160817201517,9.680661211782422,22.605217906775383,222.3575373991787
13,6416.968067419714,0.0,-12.0,0.582519101782135,0.188640965671789,0.6389696686526194,0.6032354167835202,13.012345777165393,238.39609857724116,60.20989669374896,222.44095184780267
13,6416.968067419714,0.0,-12.0,0.33666941031845643,0.21277719510394572,0.633389925515911,0.5055074073406436,33.86044724584402,32.25871692582275,22.42576379213647,227.65817248450043
13,6416.968067419714,0.0,-12.0,0.09585974187682844,0.25585810831852723,0.6083180831754103,0.5246462133142069,62.692357061656935,236.9947391308146,22.418432565630024,224.9927038293496
13,6416.968067419714,0.0,-12.0,0.09585974187682844,0.25761973486970063,0.6061307440957163,0.5223800292475919,62.692357061656935,249.25096534985067,17.74082139309052,213.15377132014112
13,6416.968067419714,0.0,-12.0,0.09850406102107764,0.22618780935307237,0.6334519427946276,0.5223947127140376,63.10027513745834,228.75266925113166,62.98070434165317,232.16717342792666
14,6416.968067419713,0.0,-12.0,0.581905535266835,0.188640965671789,0.626148356367228,0.5884296873580297,22.136496577780036,238.39609857724116,60.20989669374896,222.3575373991787
14,6416.968067419713,0.0,-12.0,0.581905535266835,0.188640965671789,0.626148356367228,0.5884296873580297,30.896417809583852,238.39609857724116,60.20989669374896,222.3575373991787
14,6416.968067419713,0.0,-12.0,0.15470480515720317,0.22872721353074404,0.6255936517279199,0.6210065084965602,205.38019346879702,166.504141752216,22.90523123821123,3.052646111226367
14,6416.968067419713,0.0,-12.0,0.581630056556422,0.188640965671789,0.6182362963210914,0.6032355342795294,30.896417809583852,238.39609857724116,60.20989669374896,222.47249520228033
14,6416.968067419713,0.0,-12.0,0.5884130010590112,0.256308448766749,0.6258779100506061,0.5890685675179848,33.23218947401301,236.9947391308146,22.418432565630024,222.4179780198045
14,6416.968067419713,0.0,-12.0,0.09416334171208933,0.3001963247769687,0.6330349122668383,0.5933123073780496,36.500356166389295,173.0922200991157,22.284110318989107,228.65495321060723
14,6416.968067419713,0.0,-12.0,0.3231183244684803,0.18836059503522498,0.6254642224005271,0.5884296873580297,37.25160817201517,9.033075915607668,62.76336025224161,222.3575373991787
14,6416.968067419713,0.0,-12.0,0.18598243208791698,0.2841959852112742,0.6252968659988272,0.5230142910445222,59.44602431473282,166.504141752216,22.88940096023946,229.11799994954094
14,6416.968067419713,0.0,-12.0,0.581905535266835,0.188640965671789,0.6261449712575154,0.5884277290255976,22.256460393051483,238.42045979304908,60.20989669374896,222.3599387485954
14,6416.968067419713,0.0,-12.0,0.6082789431867217,0.188640965671789,0.626148356367228,0.5280894744228408,61.994968509520476,238.39609857724116,60.20989669374896,222.3575373991787
14,57.054376148789316,49.94605034754722,-12.0,0.2994996602173525,0.1883342320218739,0.10749699451988409,0.22031507969920106,23.381593265139955,14.014482332360503,1.6285287426173092,101.119812411723
14,6416.968067419713,0.0,-12.0,0.5884130010590112,0.256308448766749,0.6258812951603187,0.5890705258504169,23.12916465081368,236.97037791500668,22.418432565630024,222.41557667038782
14,6416.968067419713,0.0,-12.0,0.18598243208791698,0.2841959852112742,0.6252970113770128,0.5232772581501413,59.44602431473282,166.504141752216,22.88940096023946,236.7765653355162
14,6416.968067419713,0.0,-12.0,0.581905535266835,0.1883627877442622,0.626148356367228,0.5641562845754928,36.4385502060249,238.39609857724116,60.20989669374896,222.3575373991787
14,6416.968067419713,0.0,-12.0,0.3392679473084625,0.12342506553537175,0.6249260838688891,0.5430352673596941,63.54439724359869,181.23132152928736,30.559056912200305,214.46493946836304
14,6416.968067419713,0.0,-12.0,0.5884130010590112,0.256308448766749,0.625831599763077,0.5890685675179848,33.23218947401301,227.75007564441864,30.476652766558594,222.4179780198045
14,6416.968067419713,0.0,-12.0,0.581630056556422,0.188640965671789,0.6182362963210914,0.6032355342795294,30.896417809583852,238.39609857724116,60.20989669374896,222.35452115132748
14,6416.968067419713,0.0,-12.0,0.581905535266835,0.188640965671789,0.626148356367228,0.5884296873580297,22.136496577780036,238.39609857724116,19.779934072640756,222.3575373991787
14,6416.968067419713,0.0,-12.0,0.6082789431867217,0.188640965671789,0.626148356367228,0.5280894744228408,61.994968509520476,238.39609857724116,60.20989669374896,226.22769222253538
14,6416.968067419713,0.0,-12.0,0.18598243208791698,0.2841959852112742,0.6252970113770128,0.5428129947264262,59.44602431473282,166.504141752216,22.88940096023946,236.7765653355162
14,6416.968067419713,0.0,-12.0,0.3128501848790946,0.29361300176923333,0.6249260838688891,0.5928931425739119,63.54439724359869,174.07401750859074,22.522941392584986,229.27519527111943
14,6416.968067419713,0.0,-12.0,0.581905535266835,0.188640965671789,0.6261482942636973,0.5884277290255976,22.256460393051483,244.5546277835669,60.20989669374896,222.3599387485954
14,6416.968067419713,0.0,-12.0,0.3231183244684803,0.18836059503522498,0.6254642224005271,0.5884296873580297,37.25160817201517,9.033075915607668,62.76336025224161,222.03788626572717
14,6416.968067419713,0.0,-12.0,0.581905535266835,0.188640965671789,0.626148356367228,0.5884296873580297,21.954762380017943,238.39609857724116,60.20989669374896,222.4743879996072
14,6416.968067419713,0.0,-12.0,0.581905535266835,0.188640965671789,0.626148356367228,0.5884296873580297,30.896417809583852,238.42015763903933,60.20989669374896,215.91740077679478
14,6416.968067419713,0.0,-12.0,0.6082789431867217,0.188640965671789,0.626148356367228,0.5280894744228408,51.62627148045261,238.39609857724116,60.20989669374896,226.22769222253538
14,6416.968067419713,0.0,-12.0,0.5703447818568163,0.188640965671789,0.6261450333610461,0.5884296873580297,30.896417809583852,238.39556210505071,46.726225726460875,214.5363874381478
14,6416.968067419713,0.0,-12.0,0.5820512838740852,0.1883627877442622,0.6156657330159656,0.5641562845754928,36.4385502060249,238.37433553018988,67.9817879439045,222.3575373991787
14,6416.968067419713,0.0,-12.0,0.581905535266835,0.188640965671789,0.633331127523071,0.5884277290255976,22.256460393051483,238.3964007312509,60.20989669374896,222.36006964419076
14,6416.968067419714,0.0,-12.0,0.5015582886585055,0.22593484594729857,0.6040561954784501,0.5984579685342158,170.08179880846254,48.659949783567555,24.176713091065974,25.398616496544214
14,57.23680494625758,54.89462155724273,-12.0,0.10102231633378936,0.12290141591466176,0.10749699451988409,0.21891619337238263,61.53062775777987,12.471627081679781,3.516196944052016,93.28128138813771
14,6416.968067419714,0.0,-12.0,0.09554555983514193,0.2280314937400002,0.6334519427946276,0.5227628696179453,62.700849489680095,236.8164830713196,62.98070434165317,232.16717342792666
14,6416.968067419713,19.428810977858696,-12.0,0.15692247853998123,0.22872721353074404,0.6255936517279199,0.5556594620629213,212.28523422500547,157.38272293810607,23.485295027923627,3.052646111226367
14,6416.968067419714,0.0,-12.0,0.2536333674350384,0.187771741804569,0.6272023545873127,0.5884296873580297,22.136496577780036,238.39609857724116,61.71815595723835,222.3575373991787
14,6416.968067419714,0.0,-12.0,0.09585974187682844,0.25585810831852723,0.6083180831754103,0.5246462133142069,62.692357061656935,236.9947391308146,22.418432565630024,224.9927038293496
14,6416.968067419714,0.0,-12.0,0.09585974187682844,0.25761973486970063,0.6061307440957163,0.5223800292475919,62.692357061656935,249.25096534985067,17.74082139309052,213.15377132014112
14,6416.968067419714,0.0,-12.0,0.2561582058785714,0.28527298067101536,0.6324070535551265,0.5221273866613799,169.35655703348638,28.427236897614534,17.759461498384226,153.13300639594792
14,6416.968067419714,0.0,-12.0,0.3265811291051973,0.32430189872650483,0.62614006629585,0.6068267472072313,59.44602431473282,180.3838369367184,94.06149270199141,209.51502161103303
14,6416.968067419714,0.0,-12.0,0.34518391488086886,0.2547934233523587,0.6241999526107798,0.505487528067052,62.692357061656935,245.35347847302802,22.289974876540494,224.9927038293496
14,6416.968067419714,0.0,-12.0,0.09585974187682844,0.2547934233523587,0.617298237167469,0.5235655815291385,62.692357061656935,236.9947391308146,22.418432565630024,224.9927038293496
14,6416.968067419714,0.0,-12.0,0.09585974187682844,0.2547934233523587,0.6068278947496617,0.5235655815291385,62.692357061656935,236.9947391308146,22.418432565630024,222.13462765914917
14,6416.968067419714,0.0,-12.0,0.32311884344246994,0.18836058258696348,0.626148356367228,0.5884296873580297,37.25160817201517,238.39609857724116,62.76336025224161,222.3575373991787
14,6416.968067419714,0.0,-12.0,0.18501910826789106,0.25601401899956544,0.6252968659988272,0.6066146814595658,59.44602431473282,166.504141752216,22.88940096023946,229.11799994954094
14,6416.968067419714,0.0,-12.0,0.29561428750052665,0.2861142368021137,0.6082906461991742,0.5246348840560859,24.976200612464446,244.4815840802437,84.32001973725724,152.06303394562156
14,6416.968067419714,0.0,-12.0,0.18598243208791698,0.28466781526368146,0.6252970113770128,0.5232772581501413,59.44602431473282,180.49324225324725,22.88940096023946,236.7765653355162
14,6416.968067419714,0.0,-12.0,0.3238068246086216,0.1883716880108041,0.5998941887695339,0.6032264152345451,38.84380822734464,233.64720745360688,30.465546036685133,222.44326670039854
14,6416.968067419714,0.0,-12.0,0.33835794122767626,0.18408135437666545,0.6182362963210914,0.5023456716223371,33.52825781372272,243.0785158346822,22.21881549126552,227.60963370361173
14,6416.968067419714,0.0,-12.0,0.18501910826789106,0.25601401899956544,0.6252968659988272,0.6066146814595658,59.44602431473282,180.3838369367184,3.1962322963425116,229.11799994954094
15,6416.968067419713,0.0,-12.0,0.581905535266835,0.188640965671789,0.626148356367228,0.5884296873580297,22.136496577780036,238.39609857724116,60.20989669374896,222.3575373991787
15,6416.968067419713,0.0,-12.0,0.581905535266835,0.188640965671789,0.626148356367228,0.5884296873580297,30.896417809583852,238.39609857724116,60.20989669374896,222.3575373991787
15,6416.968067419713,0.0,-12.0,0.15470480515720317,0.22872721353074404,0.6255936517279199,0.6210065084965602,205.38019346879702,166.504141752216,22.90523123821123,3.052646111226367
15,6416.968067419713,0.0,-12.0,0.581630056556422,0.188640965671789,0.6182362963210914,0.6032355342795294,30.896417809583852,238.39609857724116,60.20989669374896,222.47249520228033
15,6416.968067419713,0.0,-12.0,0.5884130010590112,0.256308448766749,0.6258779100506061,0.5890685675179848,33.23218947401301,236.9947391308146,22.418432565630024,222.4179780198045
15,6416.968067419713,0.0,-12.0,0.09416334171208933,0.3001963247769687,0.6330349122668383,0.5933123073780496,36.500356166389295,173.0922200991157,22.284110318989107,228.65495321060723
15,6416.968067419713,0.0,-12.0,0.3231183244684803,0.18836059503522498,0.6254642224005271,0.5884296873580297,37.25160817201517,9.033075915607668,62.76336025224161,222.3575373991787
15,6416.968067419713,0.0,-12.0,0.18598243208791698,0.2841959852112742,0.6252968659988272,0.5230142910445222,59.44602431473282,166.504141752216,22.88940096023946,229.11799994954094
15,6416.968067419713,0.0,-12.0,0.581905535266835,0.188640965671789,0.6261449712575154,0.5884277290255976,22.256460393051483,238.42045979304908,60.20989669374896,222.3599387485954
15,6416.968067419713,0.0,-12.0,0.6082789431867217,0.188640965671789,0.626148356367228,0.5280894744228408,61.994968509520476,238.39609857724116,60.20989669374896,222.3575373991787
15,57.054376148789316,49.94605034754722,-12.0,0.2994996602173525,0.1883342320218739,0.10749699451988409,0.22031507969920106,23.381593265139955,14.014482332360503,1.6285287426173092,101.119812411723
15,6416.968067419713,0.0,-12.0,0.5884130010590112,0.256308448766749,0.6258812951603187,0.5890705258504169,23.12916465081368,236.97037791500668,22.418432565630024,222.41557667038782
15,6416.968067419713,0.0,-12.0,0.18598243208791698,0.2841959852112742,0.6252970113770128,0.5232772581501413,59.44602431473282,166.504141752216,22.88940096023946,236.7765653355162
15,6416.968067419713,0.0,-12.0,0.581905535266835,0.1883627877442622,0.626148356367228,0.5641562845754928,36.4385502060249,238.39609857724116,60.20989669374896,222.3575373991787
15,6416.968067419713,0.0,-12.0,0.3392679473084625,0.12342506553537175,0.6249260838688891,0.5430352673596941,63.54439724359869,181.23132152928736,30.559056912200305,214.46493946836304
15,6416.968067419713,0.0,-12.0,0.5884130010590112,0.256308448766749,0.625831599763077,0.5890685675179848,33.23218947401301,227.75007564441864,30.476652766558594,222.4179780198045
15,6416.968067419713,0.0,-12.0,0.581630056556422,0.188640965671789,0.6182362963210914,0.6032355342795294,30.896417809583852,238.39609857724116,60.20989669374896,222.35452115132748
15,6416.968067419713,0.0,-12.0,0.581905535266835,0.188640965671789,0.626148356367228,0.5884296873580297,22.136496577780036,238.39609857724116,19.779934072640756,222.3575373991787
15,6416.968067419713,0.0,-12.0,0.6082789431867217,0.188640965671789,0.626148356367228,0.5280894744228408,61.994968509520476,238.39609857724116,60.20989669374896,226.22769222253538
15,6416.968067419713,0.0,-12.0,0.18598243208791698,0.2841959852112742,0.6252970113770128,0.5428129947264262,59.44602431473282,166.504141752216,22.88940096023946,236.7765653355162
15,6416.968067419713,0.0,-12.0,0.3128501848790946,0.29361300176923333,0.6249260838688891,0.5928931425739119,63.54439724359869,174.07401750859074,22.522941392584986,229.27519527111943
15,6416.968067419713,0.0,-12.0,0.581905535266835,0.188640965671789,0.6261482942636973,0.5884277290255976,22.256460393051483,244.5546277835669,60.20989669374896,222.3599387485954
15,6416.968067419713,0.0,-12.0,0.3231183244684803,0.18836059503522498,0.6254642224005271,0.5884296873580297,37.25160817201517,9.033075915607668,62.76336025224161,222.03788626572717
15,6416.968067419713,0.0,-12.0,0.581905535266835,0.188640965671789,0.626148356367228,0.5884296873580297,21.954762380017943,238.39609857724116,60.20989669374896,222.4743879996072
15,6416.968067419713,0.0,-12.0,0.581905535266835,0.188640965671789,0.626148356367228,0.5884296873580297,30.896417809583852,238.42015763903933,60.20989669374896,215.91740077679478
15,6416.968067419713,0.0,-12.0,0.6082789431867217,0.188640965671789,0.626148356367228,0.5280894744228408,51.62627148045261,238.39609857724116,60.20989669374896,226.22769222253538
15,6416.968067419713,0.0,-12.0,0.5703447818568163,0.188640965671789,0.6261450333610461,0.5884296873580297,30.896417809583852,238.39556210505071,46.726225726460875,214.5363874381478
15,6416.968067419713,0.0,-12.0,0.5820512838740852,0.1883627877442622,0.6156657330159656,0.5641562845754928,36.4385502060249,238.37433553018988,67.9817879439045,222.3575373991787
15,6416.968067419713,0.0,-12.0,0.581905535266835,0.188640965671789,0.633331127523071,0.5884277290255976,22.256460393051483,238.3964007312509,60.20989669374896,222.36006964419076
15,6416.968067419713,0.0,-12.0,0.5765200236140295,0.188640965671789,0.6261450333610461,0.5884296873580297,59.53272036968626,238.48115985856612,24.86969975144966,194.6968933942889
15,6416.968067419713,0.0,-12.0,0.5820000668683145,0.188640965671789,0.626148356367228,0.5884296873580297,35.73494208669927,238.39609857724116,60.20989669374896,222.4768659118489
15,6416.968067419713,0.0,-12.0,0.18598243208791698,0.2841959852112742,0.6252970113770128,0.5232772581501413,59.44602431473282,166.68047628687384,22.88940096023946,236.7765653355162
15,6416.968067419713,0.0,-12.0,0.5820512838740852,0.1886512701087744,0.6156657330159656,0.5641562845754928,36.4385502060249,238.37433553018988,68.11934336494521,222.3575373991787
15,6416.968067419713,0.0,-12.0,0.5816273913685147,0.188640965671789,0.6182362963210914,0.6032355342795294,30.896417809583852,238.39609857724116,60.20989669374896,222.47249520228033
15,6416.968067419713,0.0,-12.0,0.17139355269005707,0.1909537258126306,0.6261479111547178,0.5884296873580297,40.493658011884435,235.4014839157256,60.20989669374896,18.5565965420398
15,6416.968067419713,0.0,-12.0,0.1797638289926643,0.2841959852112742,0.6252968659988272,0.5230142910445222,30.809721759973762,166.40461869941987,44.74592694633785,229.11799994954094
15,6416.968067419713,0.0,-12.0,0.6081844115851921,0.188640965671789,0.626148356367228,0.5280894744228408,61.642486270998035,238.39609857724116,60.20989669374896,222.35505948693697
15,6416.968067419713,0.0,-12.0,0.581905535266835,0.188640965671789,0.626148356367228,0.5884296873580297,24.61592111390351,238.42015763903933,60.20989669374896,215.91740077679478
15,6416.968067419713,0.0,-12.0,0.5884130010590112,0.256308448766749,0.6258779100506061,0.5890685675179848,33.23218947401301,236.81119312127734,22.418432565630024,222.4179780198045
15,6416.968067419713,0.0,-12.0,0.5743430440813111,0.19116090915186312,0.5976268313808503,0.5884296873580297,21.954762380017943,171.78288046552458,60.88634199282771,222.4743879996072
15,6416.968067419713,0.0,-12.0,0.581905535266835,0.18864392547215536,0.6237564907962972,0.5884296873580297,30.957760307783186,238.42015763903933,62.537546765155724,215.18753652098223
15,6416.968067419713,0.0,-12.0,0.3392679473084625,0.1253011316591471,0.6249260838688891,0.5430352673596941,63.54439724359869,166.3934365961702,30.559056912200305,215.85084785574034
15,6416.968067419713,0.0,-12.0,0.5819082004547423,0.188640965671789,0.626148356367228,0.5884296873580297,22.136496577780036,238.39609857724116,19.779934072640756,222.3575373991787
15,56.58152936010477,54.89462155724273,-12.0,0.10102231633378936,0.11508298304155895,0.10749699451988409,0.21891619337238263,61.53062775777987,12.471627081679781,3.516196944052016,93.28128138813771
15,6416.968067419713,0.0,-12.0,0.5820512838740852,0.1883780941745492,0.6155923406579167,0.5020268369072393,36.4385502060249,238.37433553018988,65.43677478659535,222.72427555302534
15,6416.968067419713,0.0,-12.0,0.5756185563241133,0.188640965671789,0.6182090080061612,0.6066621040911804,20.887978855450754,238.39609857724116,63.45425003128847,222.2093539896948
15,6416.968067419714,0.0,-12.0,0.5015582886585055,0.22593484594729857,0.6040561954784501,0.5984579685342158,170.08179880846254,48.659949783567555,24.176713091065974,25.398616496544214
15,57.23680494625758,54.89462155724273,-12.0,0.10102231633378936,0.12290141591466176,0.10749699451988409,0.21891619337238263,61.53062775777987,12.471627081679781,3.516196944052016,93.28128138813771
16,56.58152936010477,54.89462155724273,-12.0,0.10102231633378936,0.11508298304155895,0.10749699451988409,0.21891619337238263,61.53062775777987,12.471627081679781,3.516196944052016,93.28128138813771
16,6416.968067419713,0.0,-12.0,0.581905535266835,0.13886041022226003,0.6192432203565511,0.5884296873580297,36.52090667289451,238.3969742343461,68.26788684990854,222.3575373991787
16,6416.968067419713,0.0,-12.0,0.581905535266835,0.188640965671789,0.626148356367228,0.5884296873580297,22.136496577780036,238.39609857724116,60.20989669374896,222.3575373991787
16,57.054376148789316,49.94605034754722,-12.0,0.2994996602173525,0.1883342320218739,0.10749699451988409,0.22031507969920106,23.381593265139955,14.014482332360503,1.6285287426173092,101.119812411723
16,6416.968067419713,0.0,-12.0,0.581905535266835,0.18863965062077623,0.6261431348601519,0.5884296873580297,22.136496577780036,238.39609857724116,62.861993423433,222.0459029596477
16,6416.968067419713,0.0,-12.0,0.17139355269005707,0.1909537258126306,0.6261479111547178,0.5884296873580297,40.493658011884435,235.4014839157256,60.20989669374896,18.5565965420398
16,6416.968067419713,0.0,-12.0,0.5884130010590112,0.256308448766749,0.6258779100506061,0.5890685675179848,33.23218947401301,236.81119312127734,22.418432565630024,222.4179780198045
16,6416.968067419713,0.0,-12.0,0.5820512838740852,0.1875901289929399,0.6261657571086907,0.6156833557980365,31.89476708034408,237.63792334517822,67.9817879439045,220.09155796435456
16,6416.968067419713,0.0,-12.0,0.5884130010590112,0.256308448766749,0.625831599763077,0.5890685675179848,33.23218947401301,227.75007564441864,30.476652766558594,222.4179780198045
16,6416.968067419713,0.0,-12.0,0.581905535266835,0.18864392547215536,0.6237564907962972,0.5884296873580297,30.957760307783186,238.42015763903933,62.537546765155724,215.18753652098223
16,6416.968067419713,0.0,-12.0,0.5884130010590112,0.256308448766749,0.6258779100506061,0.5890685675179848,33.23218947401301,236.9947391308146,22.418432565630024,222.4179780198045
16,6416.968067419713,0.0,-12.0,0.3392679473084625,0.12342506553537175,0.6249260838688891,0.5430352673596941,63.54439724359869,181.23132152928736,30.559056912200305,214.46493946836304
16,6416.968067419713,0.0,-12.0,0.581905535266835,0.188640965671789,0.633331127523071,0.5884277290255976,22.256460393051483,238.3964007312509,60.20989669374896,222.36006964419076
16,6416.968067419713,0.0,-12.0,0.6082789431867217,0.188640965671789,0.626148356367228,0.5280894744228408,61.994968509520476,238.39609857724116,60.20989669374896,226.22769222253538
16,6416.968067419713,0.0,-12.0,0.5734094010704164,0.1896924528408117,0.6252792069621702,0.5288572554685439,59.63504705606074,167.8174606109898,22.4709068856792,236.10415468866213
16,6416.968067419713,0.0,-12.0,0.5816273913685147,0.188640965671789,0.6182362963210914,0.6032355342795294,30.896417809583852,238.39609857724116,60.20989669374896,222.47249520228033
16,6416.968067419713,0.0,-12.0,0.5742968420740452,0.188640965671789,0.6261450333610461,0.5884296873580297,21.655280208801543,240.63030209925728,28.92986091662959,194.6968933942889
16,6416.968067419713,0.0,-12.0,0.581905535266835,0.188640965671789,0.626148356367228,0.5884296873580297,22.136496577780036,238.39609857724116,19.779934072640756,222.3575373991787
16,6416.968067419713,0.0,-12.0,0.5820512838740852,0.1883780941745492,0.6155923406579167,0.5020268369072393,36.4385502060249,238.37433553018988,65.43677478659535,222.72427555302534
16,6416.968067419713,0.0,-12.0,0.581905535266835,0.188640965671789,0.626148356367228,0.5884296873580297,30.896417809583852,238.42015763903933,60.20989669374896,215.91740077679478
16,6416.968067419713,0.0,-12.0,0.581905535266835,0.188640965671789,0.6261482942636973,0.5884277290255976,22.256460393051483,244.5546277835669,60.20989669374896,222.3599387485954
16,6416.968067419713,0.0,-12.0,0.3231183244684803,0.18836059503522498,0.6254642224005271,0.5884296873580297,37.25160817201517,9.033075915607668,62.76336025224161,222.03788626572717
16,6416.968067419713,0.0,-12.0,0.18598243208791698,0.2841959852112742,0.6252970113770128,0.5232772581501413,59.44602431473282,166.504141752216,22.88940096023946,236.7765653355162
16,6416.968067419713,0.0,-12.0,0.5820512838740852,0.1886512701087744,0.6156657330159656,0.5641562845754928,36.4385502060249,238.37433553018988,68.11934336494521,222.3575373991787
16,6416.968067419713,0.0,-12.0,0.5743430440813111,0.19116090915186312,0.5976268313808503,0.5884296873580297,21.954762380017943,171.78288046552458,60.88634199282771,222.4743879996072
16,6416.968067419713,0.0,-12.0,0.5703447818568163,0.188640965671789,0.6261450333610461,0.5884296873580297,30.896417809583852,238.39556210505071,46.726225726460875,214.5363874381478
16,6416.968067419713,0.0,-12.0,0.18598243208791698,0.2841959852112742,0.6252968659988272,0.5230142910445222,59.44602431473282,166.504141752216,22.88940096023946,229.11799994954094
16,6416.968067419713,0.0,-12.0,0.5756185563241133,0.188640965671789,0.6182090080061612,0.6066621040911804,20.887978855450754,238.39609857724116,63.45425003128847,209.82513312019785
16,6416.968067419713,0.0,-12.0,0.1797638289926643,0.2841959852112742,0.6252968659988272,0.5230142910445222,30.809721759973762,166.40461869941987,44.74592694633785,229.11799994954094
16,6416.968067419713,0.0,-12.0,0.6091160428840704,0.188640965671789,0.6182090080061612,0.6066621040911804,20.887978855450754,238.39609857724116,63.13930938914904,222.2093539896948
16,6416.968067419713,0.0,-12.0,0.33321572643828,0.256308448766749,0.625831599763077,0.5468238557689039,33.75937814044157,227.75007564441864,30.476652766558594,222.4179780198045
16,6416.968067419713,0.0,-12.0,0.5816273913685147,0.18864401967908648,0.6290028321510652,0.5875657228987088,30.896417809583852,238.42030262568758,57.497067735597845,222.46399686410766
16,6416.968067419713,0.0,-12.0,0.581905535266835,0.188640965671789,0.626148356367228,0.5884296873580297,22.237406631145976,238.39609857724116,60.20989669374896,222.3575373991787
16,6416.968067419713,0.0,-12.0,0.5884130010590112,0.256308448766749,0.6258812951603187,0.5890705258504169,23.12916465081368,236.97037791500668,22.418432565630024,222.41557667038782
16,6416.968067419713,0.0,-12.0,0.581630056556422,0.188640965671789,0.6182362963210914,0.6032355342795294,30.896417809583852,238.39609857724116,60.20989669374896,222.47249520228033
16,6416.968067419713,0.0,-12.0,0.581905535266835,0.188640965671789,0.626148356367228,0.5884296873580297,30.896417809583852,238.39609857724116,60.20989669374896,222.3575373991787
16,6416.968067419713,0.0,-12.0,0.18598243208791698,0.2841959852112742,0.6252970113770128,0.5428129947264262,59.44602431473282,166.504141752216,22.88940096023946,236.7765653355162
16,6416.968067419713,0.0,-12.0,0.581905535266835,0.188640965671789,0.626148356367228,0.5884296873580297,21.954762380017943,238.39609857724116,60.20989669374896,222.4743879996072
16,6416.968067419713,0.0,-12.0,0.3231183244684803,0.18836059503522498,0.6254642224005271,0.5884296873580297,37.25160817201517,9.033075915607668,62.76336025224161,222.3575373991787
16,6416.968067419713,0.0,-12.0,0.5820512838740852,0.1883627877442622,0.6156657330159656,0.5641562845754928,36.4385502060249,238.37433553018988,67.9817879439045,222.3575373991787
16,6416.968067419713,0.0,-12.0,0.18598243208791698,0.1919363932078642,0.6252970113770128,0.5232772581501413,33.27477643638464,166.504141752216,25.170197252813004,236.7765653355162
16,6416.968067419713,0.0,-12.0,0.6082789431867217,0.188640965671789,0.626148356367228,0.5280894744228408,51.62627148045261,238.39609857724116,60.20989669374896,226.22769222253538
16,6416.968067419713,0.0,-12.0,0.3392679473084625,0.1253011316591471,0.6249260838688891,0.5430352673596941,63.54439724359869,166.3934365961702,30.559056912200305,215.85084785574034
16,6416.968067419713,0.0,-12.0,0.1677092650030083,0.19253453604021964,0.62533681923458,0.5280894744228408,61.994968509520476,238.39609857724116,60.20989669374896,219.4430471551206
16,6416.968067419713,0.0,-12.0,0.18598243208791698,0.2841959852112742,0.6252970113770128,0.5232772581501413,59.44602431473282,166.68047628687384,22.88940096023946,236.7765653355162
16,6416.968067419713,0.0,-12.0,0.5793398256543032,0.188640965671789,0.626148356367228,0.5877905311199048,26.463010454142644,164.76371153347554,60.066327179013804,215.91858372373497
16,6416.968067419713,0.0,-12.0,0.6081844115851921,0.188640965671789,0.626148356367228,0.5280894744228408,61.642486270998035,238.39609857724116,60.20989669374896,222.35505948693697
16,6416.968067419713,0.0,-12.0,0.6082789431867217,0.188640965671789,0.626148356367228,0.5280894744228408,61.994968509520476,238.39609857724116,60.20989669374896,222.3575373991787
17,6416.968067419713,0.0,-12.0,0.581905535266835,0.18865125175728972,0.626148356367228,0.5872704727546263,21.954762380017943,238.374594182118,68.05009429485519,222.35844290570083
17,6416.968067419713,0.0,-12.0,0.581905535266835,0.13886041022226003,0.6192432203565511,0.5884296873580297,36.52090667289451,238.3969742343461,68.26788684990854,222.3575373991787
17,53.33389052869202,46.63053356610271,-12.0,0.30065704185497877,0.1883342320218739,0.10749699451988409,0.22031507969920106,23.381593265139955,9.042946624749874,1.6285287426173092,101.119812411723
17,6416.968067419713,0.0,-12.0,0.6091160428840704,0.1017785490206986,0.6182090080061612,0.603235654713328,20.887978855450754,180.40538259679846,31.854225048888388,222.29099429443426
17,6416.968067419713,0.0,-12.0,0.581905535266835,0.188640965671789,0.626148356367228,0.5884296873580297,30.896417809583852,238.39609857724116,60.20989669374896,222.3575373991787
17,6416.968067419713,0.0,-12.0,0.6082789431867217,0.188640965671789,0.626148356367228,0.5280894744228408,61.994968509520476,238.39609857724116,60.20989669374896,226.22769222253538
17,6416.968067419713,0.0,-12.0,0.5743430440813111,0.19116090915186312,0.5976268313808503,0.5884296873580297,21.954762380017943,171.78288046552458,60.88634199282771,222.4743879996072
17,6416.968067419713,0.0,-12.0,0.5820512838740852,0.1886512701087744,0.6156657330159656,0.5641562845754928,36.4385502060249,238.37433553018988,68.11934336494521,222.3575373991787
17,6416.968067419713,0.0,-12.0,0.581905535266835,0.188640965671789,0.633331127523071,0.5884277290255976,22.256460393051483,238.3964007312509,60.20989669374896,222.36006964419076
17,6416.968067419713,0.0,-12.0,0.5820512838740852,0.18864098402327364,0.6156657330159656,0.5653154991788961,36.4385502060249,238.39583992531303,60.27914576383897,223.37436159810767
17,6416.968067419713,0.0,-12.0,0.17139355269005707,0.1909537258126306,0.6261479111547178,0.5884296873580297,40.493658011884435,235.4014839157256,60.20989669374896,18.5565965420398
17,6416.968067419713,0.0,-12.0,0.12097281835064376,0.2802208877924233,0.626148356367228,0.5229103800057456,59.42527889852585,238.39609857724116,60.20989669374896,222.3575373991787
17,6416.968067419713,0.0,-12.0,0.581905535266835,0.18956081160109994,0.6261206289821263,0.5487897504405597,25.299692990223036,238.5786594653417,68.08426426712693,222.3575373991787
17,6416.968067419713,0.0,-12.0,0.5816273913685147,0.188640965671789,0.6182362963210914,0.6032355342795294,30.896417809583852,238.39609857724116,60.20989669374896,222.47249520228033
17,6416.968067419713,0.0,-12.0,0.581630056556422,0.188640965671789,0.6182362963210914,0.6032355342795294,30.896417809583852,238.39609857724116,60.20989669374896,222.47249520228033
17,6416.968067419713,0.0,-12.0,0.5845720874181776,0.188640965671789,0.6182362963210914,0.6032355342795294,30.896417809583852,238.39609857724116,15.6254002049536,222.47249520228033
17,6416.968067419713,0.0,-12.0,0.581630056556422,0.18038857281264545,0.6182362963210914,0.6032355342795294,30.896417809583852,238.39609857724116,60.20989669374896,222.47249520228033
17,6416.968067419713,0.0,-12.0,0.5820512838740852,0.1883780941745492,0.6155923406579167,0.5020268369072393,36.4385502060249,238.37433553018988,65.43677478659535,222.72427555302534
17,6416.968067419713,0.0,-12.0,0.5884130010590112,0.256308448766749,0.6258779100506061,0.5890685675179848,33.23218947401301,236.81119312127734,22.418432565630024,222.4179780198045
17,6416.968067419713,0.0,-12.0,0.18598243208791698,0.2841959852112742,0.6252970113770128,0.5428129947264262,59.44602431473282,166.504141752216,22.88940096023946,236.7765653355162
17,6416.968067419713,0.0,-12.0,0.18598243208791698,0.2841959852112742,0.6252968659988272,0.5230142910445222,59.44602431473282,166.504141752216,22.88940096023946,229.11799994954094
17,6416.968067419713,0.0,-12.0,0.5820512838740852,0.1875901289929399,0.6261657571086907,0.6156833557980365,31.89476708034408,237.63792334517822,67.9817879439045,220.09155796435456
17,6416.968067419713,0.0,-12.0,0.6091160428840704,0.188640965671789,0.6182090080061612,0.6066621040911804,20.887978855450754,238.39609857724116,63.13930938914904,222.2093539896948
17,6416.968067419713,0.0,-12.0,0.5884130010590112,0.256308448766749,0.6258812951603187,0.5890705258504169,23.12916465081368,236.97037791500668,22.418432565630024,222.41557667038782
17,6416.968067419713,0.0,-12.0,0.581905535266835,0.18864392547215536,0.6237564907962972,0.5884296873580297,30.957760307783186,238.42015763903933,62.537546765155724,215.18753652098223
17,6416.968067419713,0.0,-12.0,0.581905535266835,0.188640965671789,0.626148356367228,0.5884296873580297,21.954762380017943,238.39609857724116,60.20989669374896,222.4743879996072
17,6416.968067419713,0.0,-12.0,0.581905535266835,0.188640965671789,0.626148356367228,0.5884296873580297,22.136496577780036,238.39609857724116,19.779934072640756,222.3575373991787
17,6416.968067419713,0.0,-12.0,0.6081844115851921,0.188640965671789,0.626148356367228,0.5280894744228408,61.642486270998035,238.39609857724116,60.20989669374896,222.35505948693697
17,6416.968067419713,0.0,-12.0,0.581905535266835,0.13886041022226003,0.6253325302665779,0.5884296873580297,36.52090667289451,238.3969742343461,68.35222936167031,222.3575373991787
17,6416.968067419713,0.0,-12.0,0.5820512838740852,0.1883627877442622,0.6156657330159656,0.5641562845754928,36.4385502060249,238.37433553018988,67.9817879439045,222.3575373991787
17,6416.968067419713,0.0,-12.0,0.5742968420740452,0.188640965671789,0.6261450333610461,0.5884296873580297,21.655280208801543,240.63030209925728,28.92986091662959,194.6968933942889
17,6416.968067419713,0.0,-12.0,0.18598243208791698,0.2841959852112742,0.6252970113770128,0.5232772581501413,59.44602431473282,166.504141752216,22.88940096023946,236.7765653355162
17,6416.968067419713,0.0,-12.0,0.5820512838740852,0.1875901289929399,0.6261657571086907,0.613622710014093,33.755251065626986,237.63792334517822,29.101331832815106,222.43992076730993
17,6416.968067419713,0.0,-12.0,0.581905535266835,0.188640965671789,0.626148356367228,0.5884296873580297,22.136496577780036,238.39609857724116,60.20989669374896,222.3575373991787
17,6416.968067419713,0.0,-12.0,0.18598243208791698,0.2841959852112742,0.6252970113770128,0.5232772581501413,59.44602431473282,166.68047628687384,22.88940096023946,236.7765653355162
17,6416.968067419713,0.0,-12.0,0.5756185563241133,0.188640965671789,0.6182090080061612,0.6066621040911804,20.887978855450754,238.39609857724116,63.45425003128847,209.82513312019785
17,6416.968067419713,0.0,-12.0,0.5884336089375788,0.256308448766749,0.625831599763077,0.5890685675179848,33.23218947401301,227.75007564441864,26.844615712676223,222.4179780198045
17,6416.968067419713,0.0,-12.0,0.581905535266835,0.188640965671789,0.626148356367228,0.5884296873580297,22.237406631145976,238.39609857724116,60.20989669374896,222.3575373991787
17,6416.968067419713,0.0,-12.0,0.6082789431867217,0.18216575407801872,0.626148356367228,0.5280894744228408,61.994968509520476,238.39609857724116,60.20989669374896,221.06914323878175
17,6416.968067419713,0.0,-12.0,0.581905535266835,0.18864454805704092,0.6265577713958721,0.6243072201756963,22.237406631145976,238.39621084389793,59.81834078230324,229.62067575259167
17,6416.968067419713,0.0,-12.0,0.589486606146151,0.15361585578228718,0.626148356367228,0.5884296873580297,30.896417809583852,238.39609857724116,60.20989669374896,213.62928626518914
17,6416.968067419713,0.0,-12.0,0.3392679473084625,0.1253011316591471,0.6249260838688891,0.5430352673596941,63.54439724359869,166.3934365961702,30.559056912200305,215.85084785574034
17,6416.968067419713,0.0,-12.0,0.5816273913685147,0.18864401967908648,0.6290028321510652,0.5875657228987088,30.896417809583852,238.42030262568758,57.497067735597845,222.46399686410766
17,6416.968067419713,0.0,-12.0,0.582115759550811,0.188640965671789,0.6261450333610461,0.5884296873580297,30.896417809583852,238.39556210505071,46.726225726460875,214.8756662773068
17,6416.968067419713,0.0,-12.0,0.581905535266835,0.188640965671789,0.626148356367228,0.5884296873580297,30.896417809583852,238.42015763903933,60.20989669374896,215.91740077679478
17,6416.968067419713,0.0,-12.0,0.1677092650030083,0.19253453604021964,0.62533681923458,0.5280894744228408,61.994968509520476,238.39609857724116,60.20989669374896,219.4430471551206
17,6416.968067419713,0.0,-12.0,0.5884130010590112,0.256308448766749,0.625831599763077,0.5890685675179848,33.23218947401301,227.75007564441864,30.476652766558594,222.4179780198045
17,6416.968067419713,0.0,-12.0,0.5793398256543032,0.188640965671789,0.626148356367228,0.5877905311199048,26.463010454142644,164.76371153347554,60.066327179013804,215.91858372373497
18,6416.968067419713,0.0,-12.0,0.5816273913685147,0.18864401967908648,0.6290028321510652,0.6033412199173382,30.896417809583852,238.4209398833041,57.28090997450349,222.47217242343137
18,53.33389052869202,46.63053356610271,-12.0,0.30065704185497877,0.1883342320218739,0.10749699451988409,0.22031507969920106,23.381593265139955,9.042946624749874,1.6285287426173092,101.119812411723
18,6416.968067419713,0.0,-12.0,0.581905535266835,0.18865125175728972,0.626148356367228,0.5872704727546263,21.954762380017943,238.374594182118,68.05009429485519,222.35844290570083
18,6416.968067419713,0.0,-12.0,0.5884336089375788,0.256308448766749,0.625831599763077,0.5890685675179848,33.23218947401301,227.75007564441864,26.844615712676223,222.4179780198045
18,6416.968067419713,0.0,-12.0,0.582115759550811,0.188640965671789,0.6261450333610461,0.5884296873580297,30.896417809583852,238.39556210505071,46.726225726460875,214.8756662773068
18,6416.968067419713,0.0,-12.0,0.5820486998906641,0.188640965671789,0.626148356367228,0.5884292618679867,30.896417809583852,238.39609857724116,60.2794926931626,222.3575373991787
18,6416.968067419713,0.0,-12.0,0.5820512838740852,0.1883627877442622,0.6156657330159656,0.5641562845754928,36.4385502060249,238.37433553018988,67.9817879439045,222.3575373991787
18,6416.968067419713,0.0,-12.0,0.581905535266835,0.188640965671789,0.626148356367228,0.5884296873580297,21.952847969219878,219.37936391377008,60.20989669374896,222.4743879996072
18,6416.968067419713,0.0,-12.0,0.6072434648801621,0.188640965671789,0.626148356367228,0.5279422808065304,62.58524237112181,238.39609857724116,59.556438705051846,222.35505948693697
18,6416.968067419713,0.0,-12.0,0.581905535266835,0.13886041022226003,0.6192432203565511,0.5884296873580297,36.52090667289451,238.3969742343461,68.26788684990854,222.3575373991787
18,6416.968067419713,0.0,-12.0,0.5845720874181776,0.188640965671789,0.6182362963210914,0.6032355342795294,30.896417809583852,238.39609857724116,15.6254002049536,222.47249520228033
18,6416.968067419713,0.0,-12.0,0.581905535266835,0.18864454805704092,0.6265577713958721,0.6243072201756963,22.237406631145976,238.39621084389793,59.81834078230324,229.62067575259167
18,6416.968067419713,0.0,-12.0,0.581905535266835,0.18956081160109994,0.6261206289821263,0.5487897504405597,25.299692990223036,238.5786594653417,68.08426426712693,222.3575373991787
18,6416.968067419713,0.0,-12.0,0.581905535266835,0.188640965671789,0.626148356367228,0.5884296873580297,22.237406631145976,238.39609857724116,60.20989669374896,222.3575373991787
18,6416.968067419713,0.0,-12.0,0.5884130010590112,0.256308448766749,0.6258812951603187,0.5890705258504169,23.12916465081368,236.97037791500668,22.418432565630024,222.41557667038782
18,6416.968067419713,0.0,-12.0,0.6097166597795287,0.188640965671789,0.626148356367228,0.5909428157573997,58.09831109596054,238.39609857724116,60.20989669374896,222.3575373991787
18,6416.968067419713,0.0,-12.0,0.6081844115851921,0.188640965671789,0.626148356367228,0.5280894744228408,61.642486270998035,238.39609857724116,60.20989669374896,222.35505948693697
18,6416.968067419713,0.0,-12.0,0.5820512838740852,0.1875901289929399,0.6261657571086907,0.6156833557980365,31.89476708034408,237.63792334517822,67.9817879439045,220.09155796435456
18,6416.968067419713,0.0,-12.0,0.5743430440813111,0.19116090915186312,0.5976268313808503,0.5884296873580297,21.954762380017943,171.78288046552458,60.88634199282771,222.4743879996072
18,6416.968067419713,0.0,-12.0,0.5820544167499893,0.1886250732730646,0.6261496187844815,0.613622710014093,33.755251065626986,237.63792334517822,68.90341728413192,222.4389288455307
18,6416.968067419713,0.0,-12.0,0.6091160428840704,0.188640965671789,0.6182090080061612,0.6066621040911804,20.887978855450754,238.39609857724116,63.13930938914904,222.2093539896948
18,6416.968067419713,0.0,-12.0,0.5742968420740452,0.188640965671789,0.6261450333610461,0.5884296873580297,21.655280208801543,240.63030209925728,28.92986091662959,194.6968933942889
18,6416.968067419713,0.0,-12.0,0.17159495084148887,0.18792280339641848,0.6261998172412822,0.5884296873580297,40.67320101972234,238.3969742343461,67.95601539499525,222.3575373991787
18,6416.968067419713,0.0,-12.0,0.581905535266835,0.13886041022226003,0.6253325302665779,0.5884296873580297,36.52090667289451,238.3969742343461,68.35222936167031,222.3575373991787
18,6416.968067419713,0.0,-12.0,0.581905535266835,0.13886041022226003,0.6253325302665779,0.5901022792063323,36.52090667289451,238.39736216728804,67.97975620834985,222.3575373991787
18,6416.968067419713,0.0,-12.0,0.5816273913685147,0.188640965671789,0.6182362963210914,0.6032355342795294,30.896417809583852,238.39609857724116,60.20989669374896,222.47249520228033
18,6416.968067419713,0.0,-12.0,0.5884130010590112,0.256308448766749,0.625831599763077,0.5890685675179848,33.23218947401301,227.75007564441864,30.476652766558594,222.4179780198045
18,6416.968067419713,0.0,-12.0,0.12097281835064376,0.2802208877924233,0.626148356367228,0.5229103800057456,59.42527889852585,238.39609857724116,60.20989669374896,222.3575373991787
18,6416.968067419713,0.0,-12.0,0.589486606146151,0.15361585578228718,0.626148356367228,0.5884296873580297,30.896417809583852,238.39609857724116,60.20989669374896,213.62928626518914
18,6416.968067419713,0.0,-12.0,0.5820512838740852,0.1886512701087744,0.6156657330159656,0.5641562845754928,36.4385502060249,238.37433553018988,68.11934336494521,222.3575373991787
18,6416.968067419713,0.0,-12.0,0.581905535266835,0.188640965671789,0.626148356367228,0.5884296873580297,22.136496577780036,238.39609857724116,60.20989669374896,222.3575373991787
18,6416.968067419713,0.0,-12.0,0.3392679473084625,0.1253011316591471,0.6249260838688891,0.5430352673596941,63.54439724359869,166.3934365961702,30.559056912200305,215.85084785574034
18,6416.968067419713,0.0,-12.0,0.5819063490896006,0.1886409843673138,0.6264058475824436,0.5653154991788961,36.307786060108754,238.3960952409755,60.21145957898373,223.32899143705026
18,6416.968067419713,0.0,-12.0,0.581905535266835,0.188640965671789,0.626148356367228,0.5884296873580297,30.896417809583852,238.42015763903933,60.20989669374896,215.91740077679478
18,6416.968067419713,0.0,-12.0,0.6091160428840704,0.1017785490206986,0.6182090080061612,0.603235654713328,20.887978855450754,180.40538259679846,31.854225048888388,222.29099429443426
18,6416.968067419713,0.0,-12.0,0.5819024023909309,0.187616307477165,0.6261644946914371,0.5872704727546263,21.954762380017943,238.374594182118,28.248009684389903,232.57921713439106
18,6416.968067419713,0.0,-12.0,0.5820512838740852,0.18864098402327364,0.6156657330159656,0.5653154991788961,36.4385502060249,238.39583992531303,60.27914576383897,223.37436159810767
18,6416.968067419713,0.0,-12.0,0.18598243208791698,0.2841959852112742,0.6252970113770128,0.5232772581501413,59.44602431473282,166.504141752216,22.88940096023946,236.7765653355162
18,6416.968067419713,0.0,-12.0,0.18598243208791698,0.2841959852112742,0.6252970113770128,0.5428129947264262,59.44602431473282,166.504141752216,22.88940096023946,236.7765653355162
18,6416.968067419713,0.0,-12.0,0.5820512838740852,0.1875901289929399,0.6261657571086907,0.6156833557980365,31.89476708034408,237.63792334517822,67.9817879439045,229.57799702516132
18,6416.968067419713,0.0,-12.0,0.5821315029905376,0.188640965671789,0.6261450333610461,0.5884296873580297,30.896417809583852,238.39556210505071,46.81020226539769,214.8756662773068
18,6416.968067419713,0.0,-12.0,0.5816273797640225,0.18454001659650734,0.6182362963210914,0.6013412477821842,30.896417809583852,233.9842515426359,59.83314498070597,222.4633101458868
18,6416.968067419713,0.0,-12.0,0.581905535266835,0.188640965671789,0.626148356367228,0.5884296873580297,30.896417809583852,238.39609857724116,60.20989669374896,222.3575373991787
18,6416.968067419713,0.0,-12.0,0.5893645750441419,0.17986884812767603,0.6258821627281901,0.5280894744228408,61.642486270998035,238.34963798259597,60.20989669374896,222.35505948693697
18,6416.968067419713,0.0,-12.0,0.5884130010590112,0.256308448766749,0.6258812951603187,0.5890705258504169,32.86727341750897,227.26337901429093,22.418432565630024,222.4177569626299
18,6416.968067419713,0.0,-12.0,0.5742968420740452,0.188640965671789,0.6261450333610461,0.5884296873580297,21.657194619599604,238.3241552852151,28.92986091662959,194.6968933942889
18,6416.968067419713,0.0,-12.0,0.5820512838740852,0.1875901289929399,0.6261657571086907,0.613622710014093,33.755251065626986,237.63792334517822,29.101331832815106,222.43992076730993
18,6416.968067419713,0.0,-12.0,0.5884130010590112,0.2563168724434013,0.6465887445243448,0.5043422404782848,59.71474145439964,227.75007564441864,5.153145316001588,222.61274031062462
19,53.33389052869202,46.63053356610271,-12.0,0.30065704185497877,0.1883342320218739,0.10749699451988409,0.22031507969920106,23.381593265139955,9.042946624749874,1.6285287426173092,101.119812411723
19,6416.968067419713,0.0,-12.0,0.5816273913685147,0.18864401967908648,0.6290028321510652,0.6033412199173382,30.896417809583852,238.4209398833041,57.28090997450349,222.47217242343137
19,6416.968067419713,0.0,-12.0,0.589486606146151,0.26088715502766463,0.6258241611168345,0.5890701851918445,30.896417809583852,227.70605046607284,60.20989669374896,213.62928626518914
19,6416.968067419713,0.0,-12.0,0.5742968420740452,0.188640965671789,0.6261450333610461,0.5884296873580297,21.657194619599604,248.11645150447387,28.92986091662959,194.6968933942889
19,6416.968067419713,0.0,-12.0,0.5820512838740852,0.1875901289929399,0.6261657571086907,0.6156833557980365,31.89476708034408,237.63792334517822,67.9817879439045,220.09155796435456
19,6416.968067419713,0.0,-12.0,0.589486606146151,0.15361585578228718,0.626148356367228,0.5884296873580297,30.896417809583852,238.39609857724116,60.20989669374896,213.62928626518914
19,6416.968067419713,0.0,-12.0,0.5884336089375788,0.256308448766749,0.625831599763077,0.5890685675179848,33.23218947401301,227.75007564441864,26.844615712676223,222.4179780198045
19,6416.968067419713,0.0,-12.0,0.5820512838740852,0.1875901289929399,0.6261657571086907,0.6156833557980365,31.89476708034408,237.63792334517822,67.9817879439045,219.77140948766512
19,6416.968067419713,0.0,-12.0,0.5820512838740852,0.18864098402327364,0.6156657330159656,0.5653154991788961,36.4385502060249,238.39583992531303,60.27914576383897,223.37436159810767
19,6416.968067419713,0.0,-12.0,0.5811074686550743,0.18864401967908648,0.6290028321510652,0.6033412199173382,40.225196005512274,238.4209398833041,62.016133976047456,222.47217242343137
19,6416.968067419713,0.0,-12.0,0.5742968420740452,0.188640965671789,0.6261450333610461,0.5884296873580297,21.657194619599604,238.3241552852151,28.92986091662959,194.6968933942889
19,6416.968067419713,0.0,-12.0,0.6097166597795287,0.188640965671789,0.626148356367228,0.5909428157573997,58.09831109596054,238.39609857724116,60.20989669374896,222.3575373991787
19,6416.968067419713,0.0,-12.0,0.581905535266835,0.188640965671789,0.626148356367228,0.5884296873580297,30.896417809583852,238.42015763903933,60.20989669374896,215.91740077679478
19,6416.968067419713,0.0,-12.0,0.5820512838740852,0.18202394766349667,0.6156657330159656,0.5641562845754928,36.77912358131131,238.39793047059456,68.11934336494521,222.3575373991787
19,6416.968067419713,0.0,-12.0,0.5743430440813111,0.19116090915186312,0.5976268313808503,0.5884296873580297,21.954762380017943,171.78288046552458,60.88634199282771,222.4743879996072
19,6416.968067419713,0.0,-12.0,0.581905535266835,0.18865125175728972,0.626148356367228,0.5872704727546263,21.954762380017943,238.374594182118,68.05009429485519,222.35844290570083
19,6416.968067419713,0.0,-12.0,0.581905535266835,0.18954127732365347,0.6261452138265312,0.5487897504405597,25.299692990223036,238.5771804532357,47.08246353435632,222.3575373991787
19,6416.968067419713,0.0,-12.0,0.5884130010590112,0.2563168724434013,0.6465887445243448,0.5043422404782848,59.71474145439964,227.75007564441864,5.153145316001588,222.61274031062462
19,6416.968067419713,0.0,-12.0,0.5884130010590112,0.1834936483022746,0.6258865406563779,0.5890685675179848,33.23218947401301,227.02425542287108,30.38152472089623,222.3549101455095
19,6416.968067419713,0.0,-12.0,0.6091160428840704,0.1017785490206986,0.6182090080061612,0.603235654713328,20.887978855450754,180.40538259679846,31.854225048888388,222.29099429443426
19,6416.968067419713,0.0,-12.0,0.5820601437063584,0.18754757835172065,0.6261487268615661,0.5884296873580297,20.61697048626008,219.9877591259555,60.20989669374896,222.4740805394351
19,6416.968067419713,0.0,-12.0,0.5884130010590112,0.256308448766749,0.6258812951603187,0.5890705258504169,32.86727341750897,227.26337901429093,22.418432565630024,222.4177569626299
19,6416.968067419713,0.0,-12.0,0.5820512838740852,0.1883627877442622,0.6156657330159656,0.5641562845754928,36.4385502060249,238.37433553018988,67.9817879439045,222.3575373991787
19,6416.968067419713,0.0,-12.0,0.5893645750441419,0.17986884812767603,0.6258821627281901,0.5280894744228408,61.642486270998035,238.34963798259597,60.20989669374896,222.35505948693697
19,6416.968067419713,0.0,-12.0,0.18598243208791698,0.2841959852112742,0.6252970113770128,0.5232772581501413,59.44602431473282,166.504141752216,22.88940096023946,236.7765653355162
19,6416.968067419713,0.0,-12.0,0.5816273797640225,0.18454001659650734,0.6182362963210914,0.6013412477821842,30.896417809583852,233.9842515426359,59.83314498070597,222.4633101458868
19,6416.968067419713,0.0,-12.0,0.18598243208791698,0.2841959852112742,0.6253535155678597,0.5503363263373262,59.44602431473282,168.25430453205547,21.52487327037987,236.7765653355162
19,6416.968067419713,0.0,-12.0,0.5884130010590112,0.2563168724434013,0.6465887445243448,0.5043422404782848,21.00284951872101,237.1085930980736,21.944969513608,222.40533990037576
19,6416.968067419713,0.0,-12.0,0.5842418964037231,0.1490371574191407,0.6261557950134706,0.5884280696841699,44.63471997097251,238.44012375362064,26.844615712676223,222.4179780198045
19,6416.968067419713,0.0,-12.0,0.6084563378333637,0.19098036650920108,0.6252851445803966,0.5909428157573997,58.09831109596054,169.38453690175996,60.20989669374896,222.35598197145254
19,6416.968067419713,0.0,-12.0,0.5818966754345618,0.18868351631300828,0.6261653866143525,0.613622710014093,21.778934872757176,237.0295278336989,29.101331832815106,222.44022822748198
19,6416.968067419713,0.0,-12.0,0.581905535266835,0.18745014194090232,0.6192432203565511,0.5884296873580297,36.52090667289451,238.3969742343461,68.26788684990854,222.3575373991787
19,6416.968067419713,0.0,-12.0,0.5820512838740852,0.1875901289929399,0.6261657571086907,0.6156833557980365,31.89476708034408,237.63792334517822,67.9817879439045,229.57799702516132
19,6416.968067419713,0.0,-12.0,0.6072434648801621,0.188640965671789,0.626148356367228,0.5279422808065304,62.58524237112181,238.39609857724116,59.556438705051846,222.35505948693697
19,6416.968067419713,0.0,-12.0,0.581905535266835,0.188640965671789,0.626148356367228,0.5884296873580297,22.136496577780036,238.39609857724116,60.20989669374896,222.3575373991787
19,6416.968067419713,0.0,-12.0,0.5819413545569704,0.19116090915186312,0.5976268313808503,0.6036378128341887,30.747541675739402,164.50567693171217,60.88634199282771,222.47207180124425
19,6416.968067419713,0.0,-12.0,0.3392679473084625,0.1253011316591471,0.6249260838688891,0.5430352673596941,63.54439724359869,166.3934365961702,30.559056912200305,215.85084785574034
19,6416.968067419713,0.0,-12.0,0.5820512838740852,0.1875901289929399,0.6261657571086907,0.6156833557980365,31.89476708034408,237.63792334517822,67.9817879439045,229.89814550184886
19,6416.968067419713,0.0,-12.0,0.5820512838740852,0.1886512701087744,0.6156657330159656,0.5641562845754928,36.4385502060249,238.37433553018988,68.11934336494521,222.3575373991787
19,6416.968067419713,0.0,-12.0,0.5884130010590112,0.256308448766749,0.625831599763077,0.5890685675179848,33.23218947401301,227.75007564441864,30.476652766558594,222.4179780198045
19,6416.968067419713,0.0,-12.0,0.5819024023909309,0.187616307477165,0.6261644946914371,0.5872704727546263,21.954762380017943,238.374594182118,28.248009684389903,232.57921713439106
19,6416.968067419713,0.0,-12.0,0.581905535266835,0.13886041022226003,0.6253325302665779,0.5884296873580297,36.52090667289451,238.3969742343461,68.35222936167031,222.3575373991787
19,6416.968067419713,0.0,-12.0,0.581905535266835,0.18865125175728972,0.626148356367228,0.5872704727546263,21.954762380017943,238.374594182118,68.68607770536931,222.35844290570083
19,6416.968067419713,0.0,-12.0,0.5820470771230184,0.1886250732730646,0.6181793878848254,0.6139808089726525,33.755251065626986,237.63792334517822,60.41894095508903,222.4389288455307
19,6416.968067419713,0.0,-12.0,0.6081844115851921,0.188640965671789,0.626148356367228,0.5280894744228408,61.642486270998035,238.39609857724116,60.20989669374896,222.35505948693697
19,6416.968067419713,0.0,-12.0,0.582115759550811,0.188640965671789,0.6261450333610461,0.5884296873580297,30.896417809583852,238.39556210505071,46.726225726460875,214.8756662773068
19,6416.968067419713,0.0,-12.0,0.5820512838740852,0.1875901289929399,0.6261657571086907,0.613622710014093,33.755251065626986,237.63792334517822,29.101331832815106,222.43992076730993
19,6416.968067419713,0.0,-12.0,0.5744671105777306,0.188640965671789,0.6261450333610461,0.5884296873580297,30.75674822592279,240.63030209925728,13.172330622867083,194.1781037993039
20,6416.968067419713,0.0,-12.0,0.18598243208791698,0.3063477515671251,0.6253714885596803,0.5497933576075167,59.44602431473282,236.95062706454053,21.52487327037987,236.7765653355162
20,6416.968067419713,0.0,-12.0,0.5816273913685147,0.18864401967908648,0.6290028321510652,0.6033412199173382,30.896417809583852,238.4209398833041,57.28090997450349,222.47217242343137
20,53.33389052869202,46.63053356610271,-12.0,0.30065704185497877,0.1883342320218739,0.10749699451988409,0.22031507969920106,23.381593265139955,9.042946624749874,1.6285287426173092,101.119812411723
20,6416.968067419713,0.0,-12.0,0.5742968420740452,0.188640965671789,0.6261450333610461,0.5884296873580297,21.657194619599604,248.11645150447387,28.92986091662959,194.6968933942889
20,6416.968067419713,0.0,-12.0,0.581905535266835,0.188640965671789,0.626148356367228,0.5884643876510066,30.896417809583852,238.42015763903933,60.20989669374896,215.79174847181196
20,6416.968067419713,0.0,-12.0,0.5820512838740852,0.1886248431077362,0.6261870640621523,0.5665954232485281,31.974203257825387,237.63792334517822,39.155253855348064,223.1410325470843
20,6416.968067419713,0.0,-12.0,0.5884130010590112,0.1834936483022746,0.6258865406563779,0.5890685675179848,33.23218947401301,227.02425542287108,30.38152472089623,222.3549101455095
20,6416.968067419713,0.0,-12.0,0.5820512838740852,0.1883627877442622,0.6156657330159656,0.5641562845754928,36.4385502060249,238.37433553018988,67.9817879439045,222.3575373991787
20,6416.968067419713,0.0,-12.0,0.5820296937209063,0.256308448766749,0.6253208397737959,0.5890685675179848,36.637342384630145,227.75007564441864,26.844615712676223,222.3562177736685
20,6416.968067419713,0.0,-12.0,0.6072434648801621,0.188640965671789,0.626148356367228,0.5279422808065304,62.58524237112181,238.39609857724116,59.556438705051846,222.35505948693697
20,6416.968067419713,0.0,-12.0,0.581905535266835,0.18865125175728972,0.626148356367228,0.5872357724616494,5.825449560366867,238.374594182118,68.05009429485519,222.48409521068368
20,6416.968067419713,0.0,-12.0,0.3392679473084625,0.1253011316591471,0.6249260838688891,0.5430352673596941,63.54439724359869,166.3934365961702,30.559056912200305,215.85084785574034
20,6416.968067419713,0.0,-12.0,0.5819024023909309,0.187616307477165,0.6261644946914371,0.5872704727546263,21.954762380017943,238.374594182118,28.248009684389903,232.57921713439106
20,6416.968067419713,0.0,-12.0,0.581905535266835,0.188640965671789,0.626148356367228,0.5884296873580297,30.896417809583852,238.42015763903933,60.20989669374896,215.91740077679478
20,6416.968067419713,0.0,-12.0,0.5820512838740852,0.18871997594778106,0.6261657571086907,0.6164102673092633,40.255584000540836,237.63792334517822,67.9817879439045,222.59752017605805
20,6416.968067419713,0.0,-12.0,0.5816273797640225,0.18468648545788333,0.6182362963210914,0.5831127914368203,30.896417809583852,233.9842515426359,59.83314498070597,233.44663541340333
20,6416.968067419713,0.0,-12.0,0.5811074686550743,0.1875141727242453,0.6290028321510652,0.6026143084061111,31.86437908531552,243.49342044519315,62.016133976047456,229.77279774922215
20,6416.968067419713,0.0,-12.0,0.5820512838740852,0.1886512701087744,0.6156657330159656,0.5641562845754928,36.4385502060249,238.37433553018988,68.11934336494521,222.3575373991787
20,6416.968067419713,0.0,-12.0,0.581905535266835,0.188640965671789,0.626148356367228,0.5884296873580297,22.136496577780036,238.39609857724116,60.20989669374896,222.3575373991787
20,6416.968067419713,0.0,-12.0,0.5816273797640225,0.18454001659650734,0.6182362963210914,0.6013412477821842,30.896417809583852,233.9842515426359,59.83314498070597,222.4633101458868
20,6416.968067419713,0.0,-12.0,0.6091160428840704,0.1017785490206986,0.6182090080061612,0.603235654713328,20.887978855450754,180.40538259679846,31.854225048888388,222.29099429443426
20,6416.968067419713,0.0,-12.0,0.5820601437063584,0.18754757835172065,0.6261487268615661,0.5894289790788345,7.919576038420729,224.21376042524736,63.37021082166509,218.23400768915832
20,6416.968067419713,0.0,-12.0,0.5820512838740852,0.1875901289929399,0.6261657571086907,0.613622710014093,33.755251065626986,237.63792334517822,29.101331832815106,222.43992076730993
20,6416.968067419713,0.0,-12.0,0.581905535266835,0.13886041022226003,0.6253325302665779,0.5884296873580297,36.52090667289451,238.3969742343461,68.35222936167031,222.3575373991787
20,6416.968067419713,0.0,-12.0,0.18598243208791698,0.2841959852112742,0.6253535155678597,0.5503363263373262,59.44602431473282,168.25430453205547,21.52487327037987,236.7765653355162
20,6416.968067419713,0.0,-12.0,0.5842418964037231,0.1490371574191407,0.6261557950134706,0.5884280696841699,44.63471997097251,238.44012375362064,26.844615712676223,222.4179780198045
20,6416.968067419713,0.0,-12.0,0.5820601437063584,0.18754757835172065,0.6261487268615661,0.5884296873580297,20.61697048626008,219.9877591259555,60.20989669374896,222.4740805394351
20,6416.968067419713,0.0,-12.0,0.589486606146151,0.26088715502766463,0.6258241611168345,0.5890701851918445,30.896417809583852,227.70605046607284,60.20989669374896,213.62928626518914
20,6416.968067419713,0.0,-12.0,0.581905535266835,0.18745014194090232,0.6192432203565511,0.5884296873580297,36.52090667289451,238.3969742343461,68.26788684990854,222.3575373991787
20,6416.968067419713,0.0,-12.0,0.5884130010590112,0.2563168724434013,0.6465887445243448,0.5043422404782848,21.00284951872101,237.1085930980736,21.944969513608,222.40533990037576
20,6416.968067419713,0.0,-12.0,0.5820512838740852,0.1875901289929399,0.6261657571086907,0.6156833557980365,31.89476708034408,237.63792334517822,67.9817879439045,219.77140948766512
20,6416.968067419713,0.0,-12.0,0.5884336089375788,0.256308448766749,0.625831599763077,0.5890685675179848,33.23218947401301,227.75007564441864,26.844615712676223,222.4179780198045
20,6416.968067419713,0.0,-12.0,0.5820512838740852,0.18202394766349667,0.6156657330159656,0.5641562845754928,36.77912358131131,238.39793047059456,68.11934336494521,222.3575373991787
20,6416.968067419713,0.0,-12.0,0.5884130010590112,0.256308448766749,0.6258812951603187,0.5890705258504169,32.86727341750897,227.26337901429093,22.418432565630024,222.4177569626299
20,6416.968067419713,0.0,-12.0,0.5554934689506974,0.18865125175728972,0.626148356367228,0.5915645684747707,5.495305921235282,238.374594182118,68.68607770536931,222.35844290570083
20,6416.968067419713,0.0,-12.0,0.5884130010590112,0.2560442324016495,0.6465887445243448,0.5850148809862596,21.00284951872101,237.8347939582541,21.460231383013454,215.8195795597125
20,6416.968067419713,0.0,-12.0,0.5820773258632803,0.18865125175728972,0.6269629643728035,0.5884826792548186,21.890171516982655,238.2868594276029,68.05009429485519,222.35844290570083
20,6416.968067419713,0.0,-12.0,0.5884130010590112,0.256308448766749,0.625831599763077,0.5890685675179848,33.23218947401301,227.75007564441864,30.476652766558594,222.4179780198045
20,6416.968067419713,0.0,-12.0,0.5820512838740852,0.18864098402327364,0.6156657330159656,0.5653154991788961,36.4385502060249,238.39583992531303,60.27914576383897,223.37436159810767
20,6416.968067419713,0.0,-12.0,0.589486606146151,0.2611597950694164,0.6258241611168345,0.5083975439166728,30.896417809583852,226.97984960372287,60.69464079260067,222.90795619912657
20,6416.968067419713,0.0,-12.0,0.5742968420740452,0.188640965671789,0.6261450333610461,0.5884296873580297,21.657194619599604,238.3241552852151,28.92986091662959,194.6968933942889
20,6416.968067419713,0.0,-12.0,0.5743430440813111,0.19116090915186312,0.5976268313808503,0.5884296873580297,21.954762380017943,171.78288046552458,60.88634199282771,222.4743879996072
20,6416.968067419713,0.0,-12.0,0.5820512838740852,0.1875901289929399,0.6261657571086907,0.6156833557980365,31.89476708034408,237.63792334517822,67.9817879439045,220.09155796435456
20,6416.968067419713,0.0,-12.0,0.5820601437063584,0.187548400624962,0.6261487268615661,0.6140089411793997,20.61697048626008,219.9877591259555,60.41872559189271,222.4740805394351
20,6416.968067419713,0.0,-12.0,0.589486606146151,0.15361585578228718,0.626148356367228,0.5884296873580297,30.896417809583852,238.39609857724116,60.20989669374896,213.62928626518914
20,6416.968067419713,0.0,-12.0,0.5820512838740852,0.18758930671969856,0.6261657571086907,0.5880434561923891,33.755251065626986,237.63792334517822,28.8925029687968,222.43992076730993
20,6416.968067419713,0.0,-12.0,0.5819413545569704,0.19116090915186312,0.5976268313808503,0.6036378128341887,30.747541675739402,164.50567693171217,60.88634199282771,222.47207180124425
20,6416.968067419713,0.0,-12.0,0.6084563378333637,0.19098036650920108,0.6252851445803966,0.5002663952910057,62.19979566354545,238.13941210185988,21.283436123677173,222.35598197145254
21,6416.968067419713,0.0,-12.0,0.18598243208791698,0.3063477515671251,0.6253714885596803,0.5497933576075167,59.44602431473282,236.95062706454053,21.52487327037987,236.7765653355162
21,6416.968067419713,0.0,-12.0,0.5820601437063584,0.1806098304065276,0.6261483819955093,0.6140089411793997,20.61697048626008,239.0305815153178,60.41872559189271,219.18308962332267
21,49.69262144979344,46.63053356610271,-12.0,0.30065704185497877,0.1883342320218739,0.10749699451988409,0.22031507969920106,23.381593265139955,2.9601687627620947,65.86215531371315,100.29026920776829
21,6416.968067419713,0.0,-12.0,0.5820601437063584,0.187548400624962,0.6261487268615661,0.6140089411793997,20.61697048626008,219.9877591259555,60.41872559189271,222.4740805394351
21,6416.968067419713,0.0,-12.0,0.5884129126229664,0.1834936483022746,0.6258865406563779,0.5941190190369026,33.23218947401301,213.53381803803174,30.38152472089623,222.3549101455095
21,6416.968067419713,0.0,-12.0,0.5830921120219844,0.18865148556398806,0.626148356367228,0.5915645684747707,4.518737350390282,238.374594182118,69.07141796258009,222.35844290570083
21,6416.968067419713,0.0,-12.0,0.5820512838740852,0.1875901289929399,0.6261657571086907,0.613622710014093,33.755251065626986,237.63792334517822,29.101331832815106,222.43992076730993
21,6416.968067419713,0.0,-12.0,0.589486606146151,0.2611597950694164,0.6258241611168345,0.5083975439166728,30.896417809583852,226.97984960372287,60.69464079260067,222.90795619912657
21,6416.968067419713,0.0,-12.0,0.5822051259214738,0.18865125175728972,0.626148356367228,0.5872357724616494,4.40804863810159,238.374594182118,67.47329830524325,222.47518204460957
21,6416.968067419713,0.0,-12.0,0.5820512838740852,0.1886248431077362,0.6261870640621523,0.5665954232485281,31.974203257825387,237.63792334517822,39.155253855348064,223.1410325470843
21,6416.968067419713,0.0,-12.0,0.5820512838740852,0.18834461056476243,0.6261870640621523,0.5689485344454104,31.974203257825387,237.63792334517822,40.04283163349645,94.50291214116774
21,6416.968067419713,0.0,-12.0,0.5820512838740852,0.1875901289929399,0.6261657571086907,0.6156833557980365,31.89476708034408,237.63792334517822,67.9817879439045,219.77140948766512
21,6416.968067419713,0.0,-12.0,0.6084563378333637,0.19071391460596115,0.6252851445803966,0.5043876446103852,62.19979566354545,233.26762604995756,21.283436123677173,222.35598197145254
21,6416.968067419713,0.0,-12.0,0.5820208748760993,0.1875141727242453,0.6291767140117024,0.6024100557818524,31.86437908531552,243.49342044519315,62.016133976047456,229.77279774922215
21,6416.968067419713,0.0,-12.0,0.5820601437063584,0.18754757835172065,0.6261487268615661,0.5884296873580297,20.61697048626008,219.9877591259555,60.20989669374896,222.4740805394351
21,6416.968067419713,0.0,-12.0,0.5820512838740852,0.18871997594778106,0.6261657571086907,0.6164102673092633,40.255584000540836,237.63792334517822,67.9817879439045,222.59752017605805
21,6416.968067419713,0.0,-12.0,0.5819413545569704,0.19116090915186312,0.5976268313808503,0.6036378128341887,30.747541675739402,164.50567693171217,60.88634199282771,222.47207180124425
21,6416.968067419713,0.0,-12.0,0.589486606146151,0.15361585578228718,0.626148356367228,0.5888502198806939,28.54717951606264,238.37507723994017,60.20989669374896,221.90948716455935
21,6416.968067419713,0.0,-12.0,0.5884130010590112,0.2560442324016495,0.6465887445243448,0.5850148809862596,21.00284951872101,237.8347939582541,21.460231383013454,215.8195795597125
21,6416.968067419713,0.0,-12.0,0.581905535266835,0.18745014194090232,0.6192432203565511,0.5884296873580297,36.52090667289451,238.3969742343461,68.26788684990854,222.3575373991787
21,6416.968067419713,0.0,-12.0,0.5820512838740852,0.1886512701087744,0.6156657330159656,0.5641562845754928,36.4385502060249,238.37433553018988,68.11934336494521,222.3575373991787
21,6416.968067419713,0.0,-12.0,0.5884130010590112,0.256308448766749,0.6258812951603187,0.5890705258504169,32.86727341750897,227.26337901429093,22.418432565630024,222.4177569626299
21,6416.968067419713,0.0,-12.0,0.589486606146151,0.15361585578228718,0.626148356367228,0.5884296873580297,30.896417809583852,238.39609857724116,60.20989669374896,213.62928626518914
21,6416.968067419713,0.0,-12.0,0.5816273913685147,0.18760984518374643,0.6261559059511254,0.6033412199173382,33.89969626332753,238.4199324539308,57.28090997450349,222.47209135259052
21,6416.968067419713,0.0,-12.0,0.5884130010590112,0.1834936483022746,0.6258865406563779,0.5890685675179848,33.23218947401301,227.02425542287108,30.38152472089623,222.3549101455095
21,6416.968067419713,0.0,-12.0,0.5820773258632803,0.18865125175728972,0.6269629643728035,0.5745682408339639,21.263270993546207,237.6462070027333,68.05009429485519,219.85658178151635
21,6416.968067419713,0.0,-12.0,0.5820512838740852,0.18871997594778106,0.6261657571086907,0.6154555639304264,40.255584000540836,238.2785757700478,67.9817879439045,222.59024268562217
21,6416.968067419713,0.0,-12.0,0.6084563378333637,0.19098036650920108,0.6252851445803966,0.5002663952910057,62.19979566354545,238.13941210185988,21.283436123677173,222.35598197145254
21,6416.968067419713,0.0,-12.0,0.581905535266835,0.13886041022226003,0.6253325302665779,0.5884296873580297,36.52090667289451,245.93133528679482,4.62679658913369,223.18009366066912
21,6416.968067419713,0.0,-12.0,0.581905535266835,0.188640965671789,0.626148356367228,0.5884296873580297,30.896417809583852,238.42015763903933,60.20989669374896,215.91740077679478
21,6416.968067419713,0.0,-12.0,0.5742968420740452,0.188640965671789,0.6261450333610461,0.5884296873580297,21.657194619599604,248.11645150447387,28.92986091662959,194.6968933942889
21,6416.968067419713,0.0,-12.0,0.581905535266835,0.18865125175728972,0.626148356367228,0.5872357724616494,5.825449560366867,238.374594182118,68.05009429485519,222.48409521068368
21,6416.968067419713,0.0,-12.0,0.5811074686550743,0.18864637178202992,0.6290028321510652,0.5765478861329673,31.639327096097894,243.49342044519315,62.016133976047456,229.77279774922215
21,6416.968067419713,0.0,-12.0,0.5820512838740852,0.1906500729852256,0.6261657571086907,0.6078927786197607,33.50845197644579,237.63322632275248,27.67597409512428,222.40599975742174
21,6416.968067419713,0.0,-12.0,0.5820512838740852,0.18758930671969856,0.6261657571086907,0.5880434561923891,33.755251065626986,237.63792334517822,28.8925029687968,222.43992076730993
21,6416.968067419713,0.0,-12.0,0.6091160428840704,0.1017785490206986,0.6182090080061612,0.603235654713328,20.887978855450754,180.40538259679846,31.854225048888388,222.29099429443426
21,6416.968067419713,0.0,-12.0,0.581905535266835,0.188640965671789,0.626148356367228,0.5884296873580297,22.136496577780036,238.39609857724116,60.20989669374896,222.3575373991787
21,6416.968067419713,0.0,-12.0,0.5884336089375788,0.256308448766749,0.625831599763077,0.5890685675179848,33.23218947401301,227.75007564441864,26.844615712676223,222.4179780198045
21,6416.968067419713,0.0,-12.0,0.5820512838740852,0.1875901289929399,0.6261657571086907,0.6156833557980365,31.89476708034408,237.63792334517822,67.9817879439045,220.09155796435456
21,6416.968067419713,0.0,-12.0,0.5820296937209063,0.256308448766749,0.6253208397737959,0.5890685675179848,36.637342384630145,227.75007564441864,26.844615712676223,222.3562177736685
21,6416.968067419713,0.0,-12.0,0.3392679473084625,0.1253011316591471,0.6249260838688891,0.5430352673596941,63.54439724359869,166.3934365961702,30.559056912200305,215.85084785574034
21,6416.968067419713,0.0,-12.0,0.5820512838740852,0.1883627877442622,0.6156657330159656,0.5641562845754928,36.4385502060249,238.37433553018988,67.9817879439045,222.3575373991787
21,6416.968067419713,0.0,-12.0,0.5554934689506974,0.18865125175728972,0.626148356367228,0.5915645684747707,5.495305921235282,238.374594182118,68.68607770536931,222.35844290570083
21,6416.968067419713,0.0,-12.0,0.581905535266835,0.18865125175728972,0.626148356367228,0.5872357724616494,5.825449560366867,238.3758682246441,68.05009429485519,222.48409521068368
21,6416.968067419713,0.0,-12.0,0.6072434648801621,0.188640965671789,0.626148356367228,0.5279422808065304,62.58524237112181,238.39609857724116,59.556438705051846,222.35505948693697
21,6416.968067419713,0.0,-12.0,0.5798077607628417,0.188640965671789,0.626148356367228,0.5914698025194097,30.896417809583852,211.41657305378928,63.9758810566953,215.91740077679478
21,6416.968067419713,0.0,-12.0,0.5742968420740452,0.188640965671789,0.6261450333610461,0.5884296873580297,21.657194619599604,238.3241552852151,28.92986091662959,194.6968933942889
21,6416.968067419713,0.0,-12.0,0.18598243208791698,0.2841959852112742,0.6253535155678597,0.5503363263373262,59.44602431473282,168.25430453205547,21.52487327037987,236.7765653355162
22,49.69262144979344,46.63053356610271,-12.0,0.30065704185497877,0.1883342320218739,0.10749699451988409,0.22031507969920106,23.381593265139955,2.9601687627620947,65.86215531371315,100.29026920776829
22,6416.968067419713,0.0,-12.0,0.5884130010590112,0.2560442324016495,0.6465482458925471,0.5884155224931424,22.152737307473334,238.45658764824327,21.460231383013454,215.8195795597125
22,6416.968067419713,0.0,-12.0,0.18598243208791698,0.3063477515671251,0.6253714885596803,0.5497933576075167,59.44602431473282,236.95062706454053,21.52487327037987,236.7765653355162
22,6416.968067419713,0.0,-12.0,0.5830921120219844,0.18836444880168537,0.6157606179193391,0.5915645684747707,36.48233930560521,238.374594182118,77.9978991563935,232.48539469770736
22,6416.968067419713,0.0,-12.0,0.581905535266835,0.18865125175728972,0.6260414220309543,0.5872357724616494,5.825449560366867,238.3758682246441,68.05009429485519,223.25424808622589
22,6416.968067419713,0.0,-12.0,0.581905535266835,0.18864147685974325,0.626148356367228,0.5872357724616494,5.825449560366867,238.374594182118,68.05009429485519,199.63920217913386
22,6416.968067419713,0.0,-12.0,0.5819413545569704,0.19116090915186312,0.5976268313808503,0.6036378128341887,30.747541675739402,164.50567693171217,60.88634199282771,222.47207180124425
22,6416.968067419713,0.0,-12.0,0.5790719282546648,0.18865074056933545,0.6261450333610461,0.5884296873580297,21.657194619599604,248.11645150447387,28.92986091662959,221.6792309524617
22,6416.968067419713,0.0,-12.0,0.3392679473084625,0.1253011316591471,0.626132421824415,0.5430352673596941,63.59283311520974,219.38956838549277,62.37668192980924,215.85084785574034
22,6416.968067419713,0.0,-12.0,0.5820773258632803,0.18865125175728972,0.6269629643728035,0.5745682408339639,21.263270993546207,237.6462070027333,68.05009429485519,219.85658178151635
22,6416.968067419713,0.0,-12.0,0.6072434648801621,0.18863882230806672,0.626148356367228,0.5325075823990618,62.58524237112181,238.39609857724116,68.35771923100188,222.36248639201824
22,6416.968067419713,0.0,-12.0,0.5820512838740852,0.1875901289929399,0.6261657571086907,0.613622710014093,33.755251065626986,237.63792334517822,29.101331832815106,222.43992076730993
22,6416.968067419713,0.0,-12.0,0.5884336089375788,0.256308448766749,0.625831599763077,0.5890685675179848,33.23218947401301,227.75007564441864,26.844615712676223,222.4179780198045
22,6416.968067419713,0.0,-12.0,0.5820208748760993,0.1875141727242453,0.629283648347976,0.6024100557818524,31.86437908531552,243.49342044519315,62.016133976047456,229.00264487367994
22,6416.968067419713,0.0,-12.0,0.6072434648801621,0.188640965671789,0.626148356367228,0.5279422808065304,62.58524237112181,238.39609857724116,59.556438705051846,222.35505948693697
22,6416.968067419713,0.0,-12.0,0.581905535266835,0.188640965671789,0.6261856751174513,0.5850290458511469,20.98660878902771,237.77430488725201,60.20989669374896,222.3575373991787
22,6416.968067419713,0.0,-12.0,0.5884130010590112,0.2560442324016495,0.6465887445243448,0.5850148809862596,21.00284951872101,237.8347939582541,21.460231383013454,215.8195795597125
22,6416.968067419713,0.0,-12.0,0.581905535266835,0.1907581965312328,0.6336993653533047,0.5884296873580297,22.136496577780036,238.86364422398188,58.41402427570563,223.65194715467675
22,6416.968067419713,0.0,-12.0,0.5820512838740852,0.1886512701087744,0.6156657330159656,0.5641562845754928,36.4385502060249,238.37433553018988,68.11934336494521,222.3575373991787
22,6416.968067419713,0.0,-12.0,0.5822051259214738,0.18865125175728972,0.626148356367228,0.5872357724616494,4.40804863810159,238.374594182118,67.47329830524325,222.47518204460957
22,6416.968067419713,0.0,-12.0,0.5820512838740852,0.19065984356811524,0.6177775916783654,0.6035141803250932,31.89476708034408,239.98662835634906,67.9817879439045,219.77140948766512
22,6416.968067419713,0.0,-12.0,0.581905535266835,0.18865177357430687,0.626148356367228,0.5872251781776816,5.589956760888436,238.3758682246441,68.05009429485519,222.48409521068368
22,6416.968067419713,0.0,-12.0,0.5820512838740852,0.1875901289929399,0.6261657571086907,0.6156833557980365,31.89476708034408,237.63792334517822,67.9817879439045,220.09155796435456
22,6416.968067419713,0.0,-12.0,0.581905535266835,0.18865125175728972,0.626148356367228,0.5872357724616494,5.825449560366867,238.374594182118,68.05009429485519,222.48409521068368
22,6416.968067419713,0.0,-12.0,0.5884130010590112,0.1834936483022746,0.6258865406563779,0.5890685675179848,33.23218947401301,227.02425542287108,30.38152472089623,222.3549101455095
22,6416.968067419713,0.0,-12.0,0.18598243208791698,0.2841959852112742,0.6253535155678597,0.5503363263373262,59.44602431473282,168.25430453205547,21.52487327037987,236.7765653355162
22,6416.968067419713,0.0,-12.0,0.5895624683788635,0.1548518504445624,0.6261870640621523,0.588451473621043,31.974203257825387,237.63792334517822,40.04283163349645,94.50291214116774
22,6416.968067419713,0.0,-12.0,0.589486606146151,0.2611597950694164,0.6258241611168345,0.5083975439166728,30.896417809583852,226.97984960372287,60.69464079260067,222.90795619912657
22,6416.968067419713,0.0,-12.0,0.5820296937209063,0.256308448766749,0.6253208397737959,0.5890685675179848,36.637342384630145,227.75007564441864,26.844615712676223,222.3562177736685
22,6416.968067419713,0.0,-12.0,0.5742968420740452,0.188640965671789,0.6261450333610461,0.5884296873580297,21.657194619599604,248.11645150447387,28.92986091662959,194.6968933942889
22,6416.968067419713,0.0,-12.0,0.5820601437063584,0.18754757835172065,0.6261487268615661,0.5884296873580297,20.61697048626008,219.9877591259555,60.20989669374896,222.4740805394351
22,6416.968067419713,0.0,-12.0,0.6091160428840704,0.1017785490206986,0.6182090080061612,0.603235654713328,20.887978855450754,180.40538259679846,31.854225048888388,222.29099429443426
22,6416.968067419713,0.0,-12.0,0.5820512838740852,0.18871997594778106,0.6261657571086907,0.6164102673092633,40.255584000540836,237.63792334517822,67.9817879439045,222.59752017605805
22,6416.968067419713,0.0,-12.0,0.5820512838740852,0.18872211931150334,0.6261657571086907,0.6242763925354762,40.255584000540836,237.63792334517822,67.9817879439045,222.5900932709768
22,6416.968067419713,0.0,-12.0,0.5830921120219844,0.18865148556398806,0.626148356367228,0.5915645684747707,4.518737350390282,238.374594182118,69.07141796258009,222.35844290570083
22,6416.968067419713,0.0,-12.0,0.6084563378333637,0.19098036650920108,0.6252851445803966,0.5002663952910057,62.19979566354545,238.13941210185988,21.283436123677173,222.35598197145254
22,6416.968067419713,0.0,-12.0,0.5780614385698021,0.18947251561731795,0.6193281840615121,0.5497933576075167,59.44602431473282,236.95062706454053,21.52487327037987,236.7765653355162
22,6416.968067419713,0.0,-12.0,0.5554934689506974,0.18865125175728972,0.626148356367228,0.5915645684747707,5.495305921235282,238.374594182118,68.68607770536931,222.35844290570083
22,6416.968067419713,0.0,-12.0,0.5820512838740852,0.1886248431077362,0.6261870640621523,0.5665954232485281,31.974203257825387,237.63792334517822,39.155253855348064,223.1410325470843
22,6416.968067419713,0.0,-12.0,0.5819754216413727,0.18710861590248873,0.626148356367228,0.5689267481823971,30.896417809583852,238.39609857724116,60.20989669374896,213.62928626518914
22,6416.968067419713,0.0,-12.0,0.6084563378333637,0.18859668374651736,0.6252851445803966,0.5043876446103852,62.19979566354545,232.8000804032133,23.079312596691704,222.35596971002857
22,6416.968067419713,0.0,-12.0,0.5820512838740852,0.1875901289929399,0.6261657571086907,0.613622710014093,34.30132545600856,238.90239918018912,29.101331832815106,222.43992076730993
22,6416.968067419713,0.0,-12.0,0.3392679473084625,0.1253011316591471,0.6249260838688891,0.5430352673596941,63.54439724359869,166.3934365961702,30.559056912200305,216.11627917192192
22,6416.968067419713,0.0,-12.0,0.5798077607628417,0.188640965671789,0.626148356367228,0.5914698025194097,30.896417809583852,211.41657305378928,63.9758810566953,215.91740077679478
22,6416.968067419713,0.0,-12.0,0.5816273913685147,0.18760984518374643,0.6261559059511254,0.6033412199173382,33.89969626332753,238.4199324539308,57.28090997450349,222.47209135259052
22,6416.968067419713,0.0,-12.0,0.5820208748760993,0.1875141727242453,0.6291767140117024,0.6024100557818524,31.86437908531552,243.49342044519315,62.016133976047456,229.77279774922215
22,6416.968067419713,0.0,-12.0,0.5820512838740852,0.1906500729852256,0.6261657571086907,0.6078927786197607,33.50845197644579,237.63322632275248,27.67597409512428,222.40599975742174
22,6416.968067419713,0.0,-12.0,0.5822051259214738,0.18890272340645237,0.626148356367228,0.5941524122199174,32.87504126840923,237.60580914686918,67.47329830524325,222.47518204460957
23,6416.968067419713,0.0,-12.0,0.5884130010590112,0.2558435798725052,0.6465482458925471,0.5286905229713065,22.152737307473334,237.77851326693855,22.103871569504726,222.37764535228
23,49.69262144979344,46.63053356610271,-12.0,0.30065704185497877,0.1883342320218739,0.10749699451988409,0.22031507969920106,23.381593265139955,2.9601687627620947,65.86215531371315,100.29026920776829
23,6416.968067419713,0.0,-12.0,0.5884130010590112,0.2560442324016495,0.6465482458925471,0.5884155224931424,22.152737307473334,238.45658764824327,21.460231383013454,215.8195795597125
23,6416.968067419713,0.0,-12.0,0.5820512838740852,0.189797156441111,0.6261657571086907,0.5375076580443017,40.255584000540836,237.63792334517822,67.9817879439045,222.45142091192807
23,6416.968067419713,0.0,-12.0,0.18598243208791698,0.3063477515671251,0.6253714885596803,0.5393456122863088,59.44602431473282,236.97729452822796,21.52487327037987,236.5147905171374
23,6416.968067419713,0.0,-12.0,0.5820512838740852,0.1875901289929399,0.6261657571086907,0.613622710014093,34.30132545600856,238.90239918018912,29.101331832815106,222.43992076730993
23,6416.968067419713,0.0,-12.0,0.6091160428840704,0.1017785490206986,0.6182090080061612,0.603235654713328,20.887978855450754,180.40538259679846,31.854225048888388,222.29099429443426
23,6416.968067419713,0.0,-12.0,0.581905535266835,0.18865125175728972,0.6260414220309543,0.5872357724616494,5.825449560366867,238.3492007609567,68.05009429485519,223.51602289862146
23,6416.968067419713,0.0,-12.0,0.18598243208791698,0.3063477515671251,0.6253714885596803,0.5497933576075167,59.44602431473282,236.95062706454053,21.52487327037987,236.7765653355162
23,6416.968067419713,0.0,-12.0,0.5798055565260088,0.18246853982522016,0.6253155465399354,0.6460422306852784,36.637342384630145,213.07273682925128,69.73696719470371,222.3562177736685
23,6416.968067419713,0.0,-12.0,0.581905535266835,0.18884161820103534,0.6266798395527351,0.5850933093959675,28.154933031372607,238.45237926855674,55.19956125340177,215.79947160661123
23,6416.968067419713,0.0,-12.0,0.5820512838740852,0.1875901289929399,0.6261657571086907,0.6156833557980365,31.89476708034408,237.63792334517822,67.9817879439045,220.09155796435456
23,6416.968067419713,0.0,-12.0,0.5820512838740852,0.1886248431077362,0.6261870640621523,0.5665954232485281,31.974203257825387,237.63792334517822,39.155253855348064,223.1410325470843
23,6416.968067419713,0.0,-12.0,0.581905535266835,0.188640965671789,0.6261856751174513,0.5850290458511469,20.98660878902771,237.77430488725201,60.20989669374896,222.3575373991787
23,6416.968067419713,0.0,-12.0,0.5820512838740852,0.18871997594778106,0.6261657571086907,0.6164102673092633,40.255584000540836,237.63792334517822,67.9817879439045,222.59752017605805
23,6416.968067419713,0.0,-12.0,0.3392679473084625,0.1253011316591471,0.6261863092609103,0.5441330433284938,63.59283311520974,219.38956838549277,62.37668192980924,215.92794237284423
23,6416.968067419713,0.0,-12.0,0.5742968420740452,0.188640965671789,0.6261450333610461,0.5884296873580297,21.657194619599604,248.11645150447387,28.92986091662959,194.6968933942889
23,6416.968067419713,0.0,-12.0,0.5830921120219844,0.18836444880168537,0.6157606179193391,0.5915645684747707,36.48233930560521,238.374594182118,77.9978991563935,232.48539469770736
23,6416.968067419713,0.0,-12.0,0.6072434648801621,0.18863882230806672,0.626148356367228,0.5325075823990618,62.58524237112181,238.39609857724116,68.35771923100188,222.36248639201824
23,6416.968067419713,0.0,-12.0,0.5822051259214738,0.18865125175728972,0.626148356367228,0.5872357724616494,4.40804863810159,238.374594182118,67.47329830524325,222.47518204460957
23,6416.968067419713,0.0,-12.0,0.5820773258632803,0.18865125175728972,0.6269629643728035,0.5745682408339639,21.263270993546207,237.6462070027333,68.05009429485519,219.85658178151635
23,6416.968067419713,0.0,-12.0,0.5819754216413727,0.18710861590248873,0.626148356367228,0.5689267481823971,30.896417809583852,238.39609857724116,60.20989669374896,213.62928626518914
23,6416.968067419713,0.0,-12.0,0.5820296937209063,0.256308448766749,0.6253208397737959,0.5890685675179848,36.637342384630145,227.75007564441864,26.844615712676223,222.3562177736685
23,6416.968067419713,0.0,-12.0,0.5820512838740852,0.1906500729852256,0.6261657571086907,0.6078927786197607,33.50845197644579,237.63322632275248,27.67597409512428,222.40599975742174
23,6416.968067419713,0.0,-12.0,0.581905535266835,0.18865125175728972,0.626148356367228,0.5872357724616494,5.825449560366867,238.374594182118,68.05009429485519,222.48409521068368
23,6416.968067419713,0.0,-12.0,0.581905535266835,0.18865125175728972,0.6260414220309543,0.5872357724616494,5.825449560366867,238.3758682246441,68.05009429485519,223.25424808622589
23,6416.968067419713,0.0,-12.0,0.5819413545569704,0.19116090915186312,0.5976268313808503,0.6036378128341887,30.747541675739402,164.50567693171217,60.88634199282771,222.47207180124425
23,6416.968067419713,0.0,-12.0,0.5820512838740852,0.18872211931150334,0.6261657571086907,0.6242763925354762,33.46156089448451,237.63311092928586,70.32742561817396,222.40552814503758
23,6416.968067419713,0.0,-12.0,0.6072434648801621,0.188640965671789,0.6292633017539598,0.5279422808065304,62.58524237112181,238.06367407615522,59.59105763654199,221.6637317490417
23,6416.968067419713,0.0,-12.0,0.3392679473084625,0.1253011316591471,0.6249260838688891,0.5430352673596941,63.54439724359869,166.3934365961702,30.559056912200305,216.11627917192192
23,6416.968067419713,0.0,-12.0,0.5554934689506974,0.18865125175728972,0.626148356367228,0.5915645684747707,5.495305921235282,238.374594182118,68.68607770536931,222.35844290570083
23,6416.968067419713,0.0,-12.0,0.5884139572489117,0.256308448766749,0.6258330489517299,0.5890685675179848,33.23218947401301,227.75007564441864,31.26474138762104,183.85960520079894
23,6416.968067419713,0.0,-12.0,0.5884130010590112,0.1834936483022746,0.6258865406563779,0.5890685675179848,33.23218947401301,227.02425542287108,30.38152472089623,222.3549101455095
23,6416.968067419713,0.0,-12.0,0.581905535266835,0.1907581965312328,0.6336993653533047,0.5884296873580297,22.136496577780036,238.86364422398188,58.41402427570563,223.65194715467675
23,6416.968067419713,0.0,-12.0,0.589486606146151,0.2611597950694164,0.6258241611168345,0.5083975439166728,30.896417809583852,226.97984960372287,60.69464079260067,222.90795619912657
23,6416.968067419713,0.0,-12.0,0.574214710897445,0.188640965671789,0.6261448508425445,0.5884296873580297,21.657194619599604,248.11645150447387,37.30635437556218,194.6968933942889
23,6416.968067419713,0.0,-12.0,0.5821629995859646,0.188640965671789,0.626148356367228,0.5914698025194097,30.896417809583852,208.70809085176415,63.9758810566953,215.91740077679478
23,6416.968067419713,0.0,-12.0,0.18598243208791698,0.2841959852112742,0.6253535155678597,0.5503363263373262,59.44602431473282,168.25430453205547,21.52487327037987,236.7765653355162
23,6416.968067419713,0.0,-12.0,0.5820512838740852,0.18872211931150334,0.6261657571086907,0.6242763925354762,40.255584000540836,237.63792334517822,67.9817879439045,222.5900932709768
23,6416.968067419713,0.0,-12.0,0.5820512838740852,0.18872211931150334,0.6261657571086907,0.6241640913469145,40.948633270154446,237.63792334517822,67.9817879439045,222.5911290881777
23,6416.968067419713,0.0,-12.0,0.5820601437063584,0.18747090324134935,0.6235500101358271,0.5884296873580297,20.61697048626008,219.9877591259555,60.20989669374896,100.13197589357696
23,6416.968067419713,0.0,-12.0,0.5820601437063584,0.18754757835172065,0.6261487268615661,0.5884296873580297,20.61697048626008,219.9877591259555,60.20989669374896,222.4740805394351
23,6416.968067419713,0.0,-12.0,0.6072434648801621,0.188640965671789,0.626148356367228,0.5279422808065304,62.58524237112181,238.39609857724116,59.556438705051846,222.35505948693697
23,6416.968067419713,0.0,-12.0,0.6084563378333637,0.18859668374651736,0.6252851445803966,0.5043876446103852,62.19979566354545,232.8000804032133,23.079312596691704,222.35596971002857
23,6416.968067419713,0.0,-12.0,0.3392679473084625,0.1253011316591471,0.626132421824415,0.5430352673596941,63.59283311520974,219.38956838549277,62.37668192980924,215.85084785574034
23,6416.968067419713,0.0,-12.0,0.5820208748760993,0.1875141727242453,0.629283648347976,0.6024100557818524,31.86437908531552,243.49342044519315,62.016133976047456,229.00264487367994
23,6416.968067419713,0.0,-12.0,0.5822872570980738,0.18890272340645237,0.6261485388857295,0.5941524122199174,32.87504126840923,237.60580914686918,67.24555944340483,222.47518204460957
23,6416.968067419713,0.0,-12.0,0.5820485886421263,0.1875901289929399,0.6261664374480423,0.620591257412172,33.755251065626986,237.63792334517822,32.41198114026089,222.43992076730993
24,49.69262144979344,46.63053356610271,-12.0,0.30065704185497877,0.1883342320218739,0.10749699451988409,0.22031507969920106,23.381593265139955,2.9601687627620947,65.86215531371315,100.29026920776829
24,6416.9680674197125,0.0,-12.0,0.18246764822521427,0.1906500729852256,0.6261657571086907,0.6100316220588782,34.627376680211356,237.6253429146976,27.67597409512428,222.82126367333723
24,49.69262144979344,46.63053356610271,-12.0,0.30065704185497877,0.1883342320218739,0.10749699451988409,0.22031507969920106,23.381593265139955,0.9919448740672636,65.86215531371315,100.29026920776829
24,6416.968067419713,0.0,-12.0,0.6072434648801621,0.18864101284589418,0.626148356367228,0.5278229605205338,62.58524237112181,238.39609857724116,59.64235795755613,222.35505948693697
24,621.8115503148192,272.60480330088484,-12.0,0.5747587742272138,0.1883342320218739,0.10749699451988409,0.22031507969920106,21.10315584821202,2.4131970576681283,65.85647743726537,221.58617801049488
24,6416.968067419713,0.0,-12.0,0.5884130010590112,0.2558435798725052,0.6465482458925471,0.5286905229713065,22.152737307473334,237.77851326693855,22.103871569504726,222.37764535228
24,6416.968067419713,0.0,-12.0,0.581905535266835,0.1886512691689786,0.6260414220309543,0.587282898741316,5.825449560366867,238.3492007609567,68.06142258378786,223.51602289862146
24,6416.968067419713,0.0,-12.0,0.5554934689506974,0.18865125175728972,0.626148356367228,0.5915645684747707,5.495305921235282,238.374594182118,68.68607770536931,222.35844290570083
24,6416.968067419713,0.0,-12.0,0.5819754216413727,0.18710861590248873,0.626148356367228,0.5689267481823971,30.896417809583852,238.39609857724116,60.20989669374896,213.62928626518914
24,6416.968067419713,0.0,-12.0,0.6084563378333637,0.18859668374651736,0.6252851445803966,0.5043876446103852,62.19979566354545,232.8000804032133,23.079312596691704,222.35596971002857
24,6416.968067419713,0.0,-12.0,0.6091160428840704,0.1017785490206986,0.6182090080061612,0.603235654713328,20.887978855450754,180.40538259679846,31.854225048888388,222.29099429443426
24,6416.968067419713,0.0,-12.0,0.5820601437063584,0.1880952301362769,0.624884246495212,0.54367965615038,20.61697048626008,216.86931519064717,60.20989669374896,226.33687775209057
24,6416.968067419713,0.0,-12.0,0.5741067008459,0.188640965671789,0.6313743438045597,0.5871942445643117,21.657194619599604,238.16747926938018,67.21742596238364,222.08994899992928
24,6416.968067419713,0.0,-12.0,0.5822051259214738,0.18865125175728972,0.626148356367228,0.5872357724616494,4.40804863810159,238.374594182118,67.47329830524325,222.47518204460957
24,6416.968067419713,0.0,-12.0,0.581905535266835,0.188640965671789,0.6261856751174513,0.5850290458511469,20.98660878902771,237.77430488725201,60.20989669374896,222.3575373991787
24,6416.968067419713,0.0,-12.0,0.5820296937209063,0.256308448766749,0.6253208397737959,0.5890685675179848,36.637342384630145,227.75007564441864,26.844615712676223,222.3562177736685
24,6416.968067419713,0.0,-12.0,0.5884139572489117,0.256308448766749,0.6258330489517299,0.5890685675179848,33.23218947401301,227.75007564441864,31.26474138762104,183.85960520079894
24,6416.968067419713,0.0,-12.0,0.5798055565260088,0.1865729154253608,0.6253155465399354,0.6462378873143935,36.637342384630145,227.63554495581417,69.73696719470371,222.3562177736685
24,6416.968067419713,0.0,-12.0,0.5820512838740852,0.1875901289929399,0.6261657571086907,0.613622710014093,34.30132545600856,238.90239918018912,29.101331832815106,222.43992076730993
24,6416.968067419713,0.0,-12.0,0.5830921120219844,0.18836444880168537,0.6157606179193391,0.5915645684747707,36.48233930560521,238.374594182118,77.9978991563935,232.48539469770736
24,6416.968067419713,0.0,-12.0,0.5821629995859646,0.188640965671789,0.626148356367228,0.5914698025194097,30.896417809583852,208.70809085176415,63.9758810566953,215.91740077679478
24,6416.968067419713,0.0,-12.0,0.6072434648801621,0.188640965671789,0.626148356367228,0.5279422808065304,62.58524237112181,238.39609857724116,59.556438705051846,222.35505948693697
24,6416.968067419713,0.0,-12.0,0.3392679473084625,0.12475348080573846,0.6261905642352432,0.5877852985668148,63.54439724359869,169.5118760861279,30.559056912200305,222.39826577118998
24,6416.968067419713,0.0,-12.0,0.5821134911292936,0.19073073465067658,0.6332604555572889,0.5884296873580297,22.136496577780036,238.38931729101614,58.451725594452114,223.65194715467675
24,6416.968067419713,0.0,-12.0,0.5820208748760993,0.1875141727242453,0.629283648347976,0.6024100557818524,31.86437908531552,243.49342044519315,62.016133976047456,229.00264487367994
24,6416.968067419713,0.0,-12.0,0.5820512838740852,0.1906500729852256,0.6261657571086907,0.6078927786197607,33.50845197644579,237.63322632275248,27.67597409512428,222.40599975742174
24,6416.968067419713,0.0,-12.0,0.5820512838740852,0.18871997594778106,0.6261657571086907,0.6133037206119182,40.255584000540836,237.63792334517822,43.79816091714538,222.6012289059649
24,6416.968067419713,0.0,-12.0,0.5820507953343826,0.1906500729852256,0.6261558579424098,0.6078927786197607,33.50845197644579,249.88253363609434,27.67597409512428,222.40599975742174
24,6416.968067419713,0.0,-12.0,0.5798055565260088,0.18246853982522016,0.6253155465399354,0.6460422306852784,36.637342384630145,213.07273682925128,69.73696719470371,222.3562177736685
24,6416.968067419713,0.0,-12.0,0.5820512838740852,0.18872211931150334,0.6261657571086907,0.6242763925354762,40.255584000540836,237.63792334517822,67.9817879439045,222.5900932709768
24,6416.968067419713,0.0,-12.0,0.5820512838740852,0.189797156441111,0.6261657571086907,0.5375076580443017,40.255584000540836,237.63792334517822,67.9817879439045,222.45142091192807
24,6416.968067419713,0.0,-12.0,0.18598243208791698,0.2841959852112742,0.6253535155678597,0.5503363263373262,59.44602431473282,168.25430453205547,21.52487327037987,236.7765653355162
24,6416.968067419713,0.0,-12.0,0.5742968420740452,0.188640965671789,0.6261450333610461,0.5884296873580297,21.657194619599604,248.11645150447387,28.92986091662959,194.6968933942889
24,6416.968067419713,0.0,-12.0,0.6084563378333637,0.18859668374651736,0.6252851445803966,0.5074932922030257,62.19979566354545,232.8000804032133,18.164206020345652,222.35226098012174
24,6416.968067419713,0.0,-12.0,0.5819754216413727,0.18358825120680985,0.6261462313966288,0.5689267481823971,33.43131757169975,238.62711215926154,28.820713707743103,214.13209549452597
24,6416.968067419713,0.0,-12.0,0.574214710897445,0.188640965671789,0.6261448508425445,0.5884296873580297,21.657194619599604,248.11645150447387,37.30635437556218,194.6968933942889
24,6416.968067419713,0.0,-12.0,0.5820773258632803,0.18865125175728972,0.6269629643728035,0.5745682408339639,21.263270993546207,237.6462070027333,68.05009429485519,219.85658178151635
24,6416.968067419713,0.0,-12.0,0.5820485886421263,0.1875901289929399,0.6261664374480423,0.620591257412172,33.755251065626986,237.63792334517822,32.41198114026089,222.43992076730993
24,6416.968067419713,0.0,-12.0,0.18598243208791698,0.3063477515671251,0.6253714885596803,0.5497933576075167,59.44602431473282,236.95062706454053,21.52487327037987,236.7765653355162
24,6416.968067419713,0.0,-12.0,0.5849526773124983,0.18318016556141578,0.623601434833489,0.5431795363416837,20.82786088877243,219.99969176214327,60.25168254184738,97.51069488591035
24,6416.968067419713,0.0,-12.0,0.5820512838740852,0.189797156441111,0.6262103872255401,0.5375076580443017,40.255584000540836,227.18826429338677,31.467693488574138,219.26279419470075
24,6416.968067419713,0.0,-12.0,0.581905535266835,0.1907581965312328,0.6336993653533047,0.5884296873580297,22.136496577780036,238.86364422398188,58.41402427570563,223.65194715467675
24,6416.968067419713,0.0,-12.0,0.5820512838740852,0.18871997594778106,0.6261657571086907,0.6164102673092633,40.255584000540836,237.63792334517822,67.9817879439045,222.59752017605805
24,6416.968067419713,0.0,-12.0,0.5820512838740852,0.1875901289929399,0.6261657571086907,0.6156833557980365,31.89476708034408,237.63792334517822,67.9817879439045,220.09155796435456
24,6416.968067419713,0.0,-12.0,0.589486606146151,0.2611597950694164,0.6258241611168345,0.5083975439166728,30.896417809583852,226.97984960372287,60.69464079260067,222.90795619912657
24,6416.968067419713,0.0,-12.0,0.6072434648801621,0.18863882230806672,0.626148356367228,0.5325075823990618,62.58524237112181,238.39609857724116,68.35771923100188,222.36248639201824
24,6416.968067419713,0.0,-12.0,0.581905535266835,0.18884161820103534,0.6266798395527351,0.5850933093959675,28.154933031372607,238.45237926855674,55.19956125340177,215.79947160661123
24,6416.968067419713,0.0,-12.0,0.5819413545569704,0.19116090915186312,0.5976268313808503,0.6036378128341887,30.747541675739402,164.50567693171217,60.88634199282771,222.47207180124425
25,49.69262144979344,46.63053356610271,-12.0,0.30065704185497877,0.1883342320218739,0.10749699451988409,0.22031507969920106,23.381593265139955,2.9601687627620947,65.86215531371315,100.29026920776829
25,6416.9680674197125,0.0,-12.0,0.18246764822521427,0.1906500729852256,0.6261657571086907,0.6100316220588782,34.627376680211356,237.6253429146976,27.67597409512428,222.82126367333723
25,49.69262144979344,46.63053356610271,-12.0,0.30065704185497877,0.1883342320218739,0.10749699451988409,0.22031507969920106,23.381593265139955,0.9919448740672636,65.86215531371315,100.29026920776829
25,49.69262144979344,46.63053356610271,-12.0,0.30065704185497877,0.19076878049452106,0.15254415935185667,0.22031507969920106,23.381593265139955,0.9919448740672636,58.583272594958125,94.83774742431018
25,49.69262144979344,46.63053356610271,-12.0,0.30065704185497877,0.1883342320218739,0.10749699451988409,0.22031507969920106,23.381593265139955,2.9601687627620947,77.38237849048484,100.29026920776829
25,77.51144184181759,77.13575737219372,-12.0,0.30610354313524757,0.1883342320218739,0.0871154864144188,0.16888583414811884,23.381593265139955,0.9919448740672636,65.86215531371315,225.1576069557629
25,6416.968067419713,0.0,-12.0,0.6072434648801621,0.18864101284589418,0.626148356367228,0.5278229605205338,62.58524237112181,238.39609857724116,59.64235795755613,222.35505948693697
25,6416.968067419713,0.0,-12.0,0.6072458816514875,0.18368209104187086,0.626148356367228,0.5353278974366682,61.65553531384946,247.83468434475205,24.09338100939754,226.61230468754655
25,6416.968067419713,0.0,-12.0,0.581905535266835,0.18832364805858565,0.6336993653533047,0.5884296873580297,22.136496577780036,237.23586322951513,65.69290699446066,229.05690941747108
25,6416.968067419713,0.0,-12.0,0.5849526773124983,0.18318016556141578,0.623601434833489,0.5431795363416837,20.82786088877243,219.99969176214327,60.25168254184738,97.51069488591035
25,6416.968067419713,0.0,-12.0,0.5820489097528478,0.18710861590248873,0.6224463296821062,0.5689267481823971,30.896417809583852,249.76482449802387,29.13996282171027,213.62928626518914
25,6416.968067419713,0.0,-12.0,0.5830921120219844,0.18836444880168537,0.6157606179193391,0.5915645684747707,36.48233930560521,238.374594182118,77.9978991563935,232.48539469770736
25,6416.968067419713,0.0,-12.0,0.5819413545569704,0.19116090915186312,0.5976268313808503,0.6036378128341887,30.747541675739402,164.50567693171217,60.88634199282771,222.47207180124425
25,6416.968067419713,0.0,-12.0,0.5819754216413727,0.18358825120680985,0.6261462313966288,0.5689267481823971,33.43131757169975,238.62711215926154,28.820713707743103,214.13209549452597
25,6416.968067419713,0.0,-12.0,0.3392679473084625,0.12475348080573846,0.6261905642352432,0.5877852985668148,63.54439724359869,169.5118760861279,30.559056912200305,222.39826577118998
25,6416.968067419713,0.0,-12.0,0.5819773072229075,0.1906500729852256,0.6261480050630823,0.611522203929762,33.50845197644579,238.34808584879107,58.74590802469065,222.40599975742174
25,6416.968067419713,0.0,-12.0,0.5820773258632803,0.18865125175728972,0.6269629643728035,0.5745682408339639,21.263270993546207,237.6462070027333,68.05009429485519,219.85658178151635
25,6416.968067419713,0.0,-12.0,0.5820208748760993,0.19043810803280425,0.629283648347976,0.6024100557818524,31.86437908531552,243.49091368885658,62.016133976047456,223.1928175358409
25,6416.968067419713,0.0,-12.0,0.5821432011982456,0.19073073465067658,0.6332604555572889,0.5884296873580297,22.136496577780036,238.38931729101614,58.451725594452114,223.65194715467675
25,6416.968067419713,0.0,-12.0,0.5820512838740852,0.189797156441111,0.6261657571086907,0.5375076580443017,21.909243381113452,238.27556686269926,67.9817879439045,222.45142091192807
25,6416.968067419713,0.0,-12.0,0.5742968420740452,0.188640965671789,0.6261450333610461,0.5647191854671048,40.003535240270025,247.47775017178387,28.92986091662959,194.6968933942889
25,6416.968067419713,0.0,-12.0,0.5830921120219844,0.18836444880168537,0.6157606179193391,0.5915645684747707,36.48233930560521,238.374594182118,77.8908991124395,232.48539469770736
25,6416.968067419713,0.0,-12.0,0.18598243208791698,0.3063477515671251,0.6253714885596803,0.5497933576075167,59.44602431473282,236.95062706454053,21.52487327037987,236.7765653355162
25,6416.968067419713,0.0,-12.0,0.5742968420740452,0.188640965671789,0.6261450333610461,0.5884296873580297,21.657194619599604,248.11645150447387,28.92986091662959,194.6968933942889
25,6416.968067419713,0.0,-12.0,0.5820512838740852,0.1906500729852256,0.6261657571086907,0.6078927786197607,33.50845197644579,237.63322632275248,27.67597409512428,222.40599975742174
25,6416.968067419713,0.0,-12.0,0.5819754216413727,0.18710861590248873,0.626148356367228,0.5689267481823971,30.896417809583852,238.39609857724116,60.20989669374896,213.62928626518914
25,6416.968067419713,0.0,-12.0,0.33866461035638495,0.12349802738428599,0.6261905642352432,0.5872279074528423,63.333390295903776,169.90375490308725,30.559056912200305,222.39760586176064
25,6416.968067419713,0.0,-12.0,0.581905535266835,0.18884161820103534,0.6266798395527351,0.5850933093959675,28.154933031372607,238.45237926855674,55.19956125340177,215.79947160661123
25,6416.968067419713,0.0,-12.0,0.5819817258852445,0.1865729154253608,0.627745186646187,0.6462378873143935,36.637342384630145,227.63554495581417,69.73696719470371,222.4395451809234
25,6416.968067419713,0.0,-12.0,0.581905535266835,0.1886512691689786,0.6260414220309543,0.587282898741316,5.825449560366867,238.3492007609567,68.06142258378786,223.51602289862146
25,6416.968067419713,0.0,-12.0,0.5820512838740852,0.1875901289929399,0.6261657571086907,0.613622710014093,34.30132545600856,238.90239918018912,29.101331832815106,222.43992076730993
25,6416.968067419713,0.0,-12.0,0.5798055565260088,0.18246853982522016,0.6253155465399354,0.6460422306852784,36.637342384630145,213.07273682925128,69.73696719470371,222.3562177736685
25,6416.968067419713,0.0,-12.0,0.5556619425650645,0.18973435890385593,0.6261665449125857,0.5369870026063815,5.495305921235282,219.48400223671808,67.95899086426014,222.35844290570083
25,6416.968067419713,0.0,-12.0,0.5820512838740852,0.18871997594778106,0.6261657571086907,0.6164102673092633,40.255584000540836,237.63792334517822,67.9817879439045,222.59752017605805
25,6416.968067419713,0.0,-12.0,0.5820512838740852,0.18871997594778106,0.6261657571086907,0.6133037206119182,40.255584000540836,237.63792334517822,43.79816091714538,222.6012289059649
25,6416.968067419713,0.0,-12.0,0.5820512838740852,0.18872211931150334,0.6261657571086907,0.6242763925354762,40.255584000540836,237.63792334517822,67.9817879439045,222.5900932709768
25,6416.968067419713,0.0,-12.0,0.5820507953343826,0.1906500729852256,0.6261558579424098,0.6078927786197607,33.50845197644579,249.88253363609434,27.67597409512428,222.40599975742174
25,6416.968067419713,0.0,-12.0,0.5884130010590112,0.2558435798725052,0.6465482458925471,0.5286905229713065,22.152737307473334,237.77851326693855,22.103871569504726,222.37764535228
25,6416.968067419713,0.0,-12.0,0.5821629995859646,0.188640965671789,0.626148356367228,0.5914698025194097,30.896417809583852,208.70809085176415,63.9758810566953,215.91740077679478
25,6416.968067419713,0.0,-12.0,0.5741067008459,0.188640965671789,0.6313743438045597,0.5871942445643117,21.657194619599604,238.16747926938018,67.21742596238364,222.08994899992928
25,6416.968067419713,0.0,-12.0,0.5820512838740852,0.189797156441111,0.6261657571086907,0.5375076580443017,40.255584000540836,237.63792334517822,67.9817879439045,222.45142091192807
25,6416.968067419713,0.0,-12.0,0.5798055565260088,0.18865454904908344,0.6253155465399354,0.6462378873143935,36.637342384630145,227.63554495581417,69.73696719470371,222.35596918036572
25,6416.968067419713,0.0,-12.0,0.589486606146151,0.2611597950694164,0.6258241611168345,0.5083975439166728,30.896417809583852,226.97984960372287,60.69464079260067,222.90795619912657
25,6416.968067419713,0.0,-12.0,0.5820485886421263,0.1875901289929399,0.6261664374480423,0.620591257412172,33.755251065626986,237.63792334517822,32.41198114026089,222.43992076730993
25,6416.968067419713,0.0,-12.0,0.6084563378333637,0.18859668374651736,0.6252851445803966,0.5074932922030257,62.19979566354545,232.8000804032133,18.164206020345652,222.35226098012174
25,6416.968067419713,0.0,-12.0,0.5554934689506974,0.18865125175728972,0.626148356367228,0.5915645684747707,5.495305921235282,238.374594182118,68.68607770536931,222.35844290570083
25,6416.968067419713,0.0,-12.0,0.5820601437063584,0.1880952301362769,0.624884246495212,0.54367965615038,20.61697048626008,216.86931519064717,60.20989669374896,226.33687775209057
25,6416.968067419713,0.0,-12.0,0.6072434648801621,0.18863882230806672,0.626148356367228,0.5325075823990618,62.58524237112181,238.39609857724116,68.35771923100188,222.36248639201824
26,49.69262144979344,46.63053356610271,-12.0,0.30065704185497877,0.1883342320218739,0.10749699451988409,0.22031507969920106,23.381593265139955,2.9601687627620947,65.86215531371315,100.29026920776829
26,6416.9680674197125,0.0,-12.0,0.18246764822521427,0.1906500729852256,0.6261657571086907,0.6100316220588782,34.627376680211356,237.6253429146976,27.67597409512428,222.82126367333723
26,49.69262144979344,46.63053356610271,-12.0,0.30065704185497877,0.1883342320218739,0.10749699451988409,0.22031507969920106,23.381593265139955,0.9919448740672636,65.86215531371315,100.29026920776829
26,49.69262144979344,46.63053356610271,-12.0,0.30065704185497877,0.19076878049452106,0.15254415935185667,0.22031507969920106,23.381593265139955,0.9919448740672636,58.583272594958125,94.83774742431018
26,49.69262144979344,46.63053356610271,-12.0,0.30065704185497877,0.1883342320218739,0.10749699451988409,0.22031507969920106,23.381593265139955,2.9601687627620947,77.38237849048484,100.29026920776829
26,49.69262144979344,46.63053356610271,-12.0,0.30065704185497877,0.1883342320218739,0.09621516296947019,0.22031507969920106,23.381593265139955,2.9601687627620947,57.803306810348346,100.29026920776829
26,6416.9680674197125,0.0,-12.0,0.18246764822521427,0.18972130928258846,0.6261666391757212,0.6100316220588782,34.627376680211356,237.6253429146976,27.67597409512428,222.79869756656115
26,6416.968067419713,0.0,-12.0,0.6072434648801621,0.18864101284589418,0.626148356367228,0.5278229605205338,62.58524237112181,238.39609857724116,59.64235795755613,222.35505948693697
26,6416.968067419713,0.0,-12.0,0.5554934689506974,0.18865125195330648,0.6261452412479098,0.5915343318900136,5.826203558037747,238.37332863844603,68.68607770536931,222.35844290570083
26,77.51144184181759,77.13575737219372,-12.0,0.30610354313524757,0.1883342320218739,0.0871154864144188,0.16888583414811884,23.381593265139955,0.9919448740672636,65.86215531371315,225.1576069557629
26,6416.968067419713,0.0,-12.0,0.3392679473084625,0.12475348080573846,0.6261905642352432,0.5877852985668148,63.54439724359869,169.5118760861279,30.559056912200305,222.39826577118998
26,6416.968067419713,0.0,-12.0,0.5819775174852219,0.18722482015490693,0.6222585093197835,0.5686695840811435,21.126116876419687,249.76482449802387,29.13996282171027,222.43525896618624
26,6416.968067419713,0.0,-12.0,0.5819413545569704,0.19116090915186312,0.5976268313808503,0.6036378128341887,30.747541675739402,164.50567693171217,60.88634199282771,222.47207180124425
26,6416.968067419713,0.0,-12.0,0.5820773258632803,0.18865125175728972,0.6269629643728035,0.5745682408339639,21.263270993546207,237.6462070027333,68.05009429485519,219.85658178151635
26,6416.968067419713,0.0,-12.0,0.5742968420740452,0.188640965671789,0.6261451855452959,0.5884296873580297,63.27432239265564,238.3874703834911,28.92986091662959,194.6968933942889
26,6416.968067419713,0.0,-12.0,0.5798055565260088,0.18246853982522016,0.6253155465399354,0.6446981829739814,36.637342384630145,236.99594064794508,71.64843496952508,222.43718761595537
26,6416.968067419713,0.0,-12.0,0.581905535266835,0.18865126897296183,0.6260445371502725,0.5873131353260731,5.494551923564401,238.3504663046287,68.06142258378786,223.51602289862146
26,6416.968067419713,0.0,-12.0,0.5820512838740852,0.18872211931150334,0.6261657571086907,0.6242763925354762,40.255584000540836,237.63792334517822,67.9817879439045,222.5900932709768
26,6416.968067419713,0.0,-12.0,0.5822162180621069,0.188640965671789,0.626148356367228,0.5640628842627743,39.98113505472816,208.70809085176415,63.9758810566953,194.4464445960955
26,6416.968067419713,0.0,-12.0,0.5820486994905335,0.19053386873280742,0.6263358254254051,0.6117793679663472,33.50845197644579,238.34808584879107,64.84041899673939,213.60002705642464
26,6416.968067419713,0.0,-12.0,0.5820512838740852,0.189797156441111,0.6261657571086907,0.5375076580443017,21.909243381113452,238.27556686269926,67.9817879439045,222.45142091192807
26,6416.968067419713,0.0,-12.0,0.5820507953343826,0.1906500729852256,0.6261558579424098,0.6078927786197607,33.50845197644579,249.88253363609434,27.67597409512428,222.40599975742174
26,6416.968067419713,0.0,-12.0,0.6084563378333637,0.18859668374651736,0.625307822318884,0.5712913114878465,62.19979566354545,238.61963880044374,18.164206020345652,222.35226098012174
26,6416.968067419713,0.0,-12.0,0.5408736866397227,0.18833332911757766,0.6374833598192495,0.5839250001334524,23.381593265139955,0.8414516381182517,78.6178819471463,122.86062926559546
26,6416.968067419713,0.0,-12.0,0.6072434648801621,0.18863882230806672,0.6274205279341881,0.5325075823990618,62.58524237112181,238.39609857724116,68.35771923100188,222.36248639201824
26,6416.968067419713,0.0,-12.0,0.5821432011982456,0.19073073465067658,0.6332604555572889,0.5884296873580297,22.136496577780036,238.38931729101614,58.451725594452114,223.65194715467675
26,6416.968067419713,0.0,-12.0,0.6072434648801621,0.18863882230806672,0.626148356367228,0.5325075823990618,62.58524237112181,238.39609857724116,68.35771923100188,222.36248639201824
26,6416.968067419713,0.0,-12.0,0.5798055565260088,0.18865454904908344,0.6253155465399354,0.6462378873143935,36.637342384630145,227.63554495581417,69.73696719470371,222.35596918036572
26,6416.968067419713,0.0,-12.0,0.5820512838740852,0.18871997594778106,0.6261657571086907,0.6164102673092633,40.255584000540836,237.63792334517822,67.9817879439045,222.59752017605805
26,6416.968067419713,0.0,-12.0,0.6072458816514875,0.18368209104187086,0.626148356367228,0.5353278974366682,61.65553531384946,247.83468434475205,24.09338100939754,226.61230468754655
26,6416.968067419713,0.0,-12.0,0.5830921120219844,0.18836444880168537,0.6157606179193391,0.5915645684747707,36.48233930560521,238.374594182118,77.9978991563935,232.48539469770736
26,6416.968067419713,0.0,-12.0,0.5819754216413727,0.18358825120680985,0.6261462313966288,0.5689267481823971,33.43131757169975,238.62711215926154,28.820713707743103,214.13209549452597
26,6416.968067419713,0.0,-12.0,0.5820512838740852,0.1875901289929399,0.6261657571086907,0.613622710014093,34.30132545600856,238.90239918018912,29.101331832815106,222.43992076730993
26,6416.968067419713,0.0,-12.0,0.5819754216413727,0.18710861590248873,0.626148356367228,0.5689267481823971,30.896417809583852,238.39609857724116,60.20989669374896,213.62928626518914
26,6416.968067419713,0.0,-12.0,0.3392679473084625,0.12475348080573846,0.6261905642352432,0.5877852985668148,63.54439724359869,169.5118760861279,30.559056912200305,203.68166407907057
26,6416.968067419713,0.0,-12.0,0.5820485886421263,0.1875901289929399,0.6261664374480423,0.621930618462108,33.755251065626986,213.71471425539377,30.500513918560877,222.35895092502304
26,6416.968067419713,0.0,-12.0,0.5820601437063584,0.1880952301362769,0.624884246495212,0.54367965615038,20.61697048626008,216.86931519064717,60.20989669374896,226.33687775209057
26,6416.968067419713,0.0,-12.0,0.5819773072229075,0.1906500729852256,0.6261480050630823,0.611522203929762,33.50845197644579,238.34808584879107,58.74590802469065,222.40599975742174
26,6416.968067419713,0.0,-12.0,0.5556619425650645,0.18973435890385593,0.6261665449125857,0.5369870026063815,5.495305921235282,219.48400223671808,67.95899086426014,222.35844290570083
26,6416.968067419713,0.0,-12.0,0.5820512838740852,0.18872211931150334,0.6261657571086907,0.5608293396648384,40.255584000540836,237.63792334517822,19.78599720959926,222.5900932709768
26,6416.968067419713,0.0,-12.0,0.5820512838740852,0.1906500729852256,0.6261657571086907,0.6078927786197607,33.50845197644579,237.63322632275248,27.67597409512428,222.40599975742174
26,6416.968067419713,0.0,-12.0,0.60682768136567,0.1837350507468197,0.6261658865861006,0.5353278974366682,59.799917104229145,247.83468434475205,29.241335455263687,226.40665176771606
26,6416.968067419713,0.0,-12.0,0.5676438931022948,0.20716002609799844,0.6261450333610461,0.5921261037237373,30.918817995125714,247.47775017178387,28.92986091662959,216.16784957492234
26,6416.968067419713,0.0,-12.0,0.5559955382521271,0.18865125240488365,0.626148356367228,0.5915645684747707,5.495305921235282,238.374594182118,77.10803236445541,222.35844290570083
26,6416.968067419713,0.0,-12.0,0.5827499965942157,0.1875901289929399,0.6442158041098167,0.620591257412172,33.755251065626986,237.63792334517822,32.56987264668818,222.43992076730993
26,6416.968067419713,0.0,-12.0,0.5742968420740452,0.188640965671789,0.6261450333610461,0.5884296873580297,21.657194619599604,248.11645150447387,28.92986091662959,194.6968933942889
26,6416.968067419713,0.0,-12.0,0.5821629995859646,0.188640965671789,0.626148356367228,0.5914698025194097,30.896417809583852,208.70809085176415,63.9758810566953,215.91740077679478
26,6416.968067419713,0.0,-12.0,0.33866461035638495,0.12349802738428599,0.6261905642352432,0.5872279074528423,63.333390295903776,169.90375490308725,30.559056912200305,222.39760586176064
27,49.69262144979344,46.63053356610271,-12.0,0.30065704185497877,0.1883342320218739,0.10749699451988409,0.22031507969920106,23.381593265139955,2.9601687627620947,65.86215531371315,100.29026920776829
27,6416.9680674197125,0.0,-12.0,0.18246764822521427,0.1906500729852256,0.6261657571086907,0.6100316220588782,34.627376680211356,237.6253429146976,27.67597409512428,222.82126367333723
27,49.69262144979344,46.63053356610271,-12.0,0.30065704185497877,0.1883342320218739,0.10749699451988409,0.22031507969920106,23.381593265139955,0.9919448740672636,65.86215531371315,100.29026920776829
27,49.69262144979344,46.63053356610271,-12.0,0.30065704185497877,0.19076878049452106,0.15254415935185667,0.22031507969920106,23.381593265139955,0.9919448740672636,58.583272594958125,94.83774742431018
27,49.69262144979344,46.63053356610271,-12.0,0.30065704185497877,0.1883342320218739,0.10749699451988409,0.22031507969920106,23.381593265139955,2.9601687627620947,77.38237849048484,100.29026920776829
27,49.69262144979344,46.63053356610271,-12.0,0.30065704185497877,0.1883342320218739,0.09621516296947019,0.22031507969920106,23.381593265139955,2.9601687627620947,57.803306810348346,100.29026920776829
27,6416.9680674197125,0.0,-12.0,0.18246764822521427,0.18972130928258846,0.6261666391757212,0.6100316220588782,34.627376680211356,237.6253429146976,27.67597409512428,222.79869756656115
27,6416.968067419713,0.0,-12.0,0.5820601437063584,0.1880952301362769,0.6249933078516839,0.6070355603200888,20.989195720869425,236.61824214922905,60.20989669374896,222.4998163787322
27,6416.968067419713,0.0,-12.0,0.6072434648801621,0.18864101284589418,0.626148356367228,0.5278229605205338,62.58524237112181,238.39609857724116,59.64235795755613,222.35505948693697
27,75.86443340312499,72.066816919546,-12.0,0.32972785455612086,0.18916911914604076,0.10749699451988409,0.20942136569338798,64.55209198415513,2.9601687627620947,77.38237849048484,100.29026920776829
27,6416.968067419713,0.0,-12.0,0.5819754216413727,0.18358825120680985,0.6261462313966288,0.5689267481823971,33.43131757169975,238.62711215926154,28.820713707743103,214.13209549452597
27,6416.968067419713,0.0,-12.0,0.6072458816514875,0.18368209104187086,0.626148356367228,0.5353278974366682,61.65553531384946,247.83468434475205,24.09338100939754,226.61230468754655
27,6416.968067419713,0.0,-12.0,0.33866461035638495,0.12349802738428599,0.6261905642352432,0.5872279074528423,63.333390295903776,169.90375490308725,30.559056912200305,222.39760586176064
27,6416.968067419713,0.0,-12.0,0.5559955382521271,0.18865125240488365,0.626148356367228,0.5927695370655568,5.495305921235282,238.374594182118,77.54700430921916,222.3581764412789
27,6416.968067419713,0.0,-12.0,0.581905535266835,0.18975674395573183,0.6260445371502725,0.5879373315597638,5.494551923564401,238.3504663046287,27.773962193623888,223.5617858680172
27,6416.968067419713,0.0,-12.0,0.5819413545569704,0.19105419153606995,0.5976277970611885,0.6032967638278288,30.747541675739402,164.50567693171217,60.88634199282771,222.33837501762514
27,6416.968067419713,0.0,-12.0,0.5554934689506974,0.18865125195330648,0.6261452412479098,0.5915343318900136,5.826203558037747,238.37332863844603,68.68607770536931,222.35844290570083
27,6416.968067419713,0.0,-12.0,0.5827499965942157,0.1875901289929399,0.6442158041098167,0.620591257412172,33.755251065626986,237.63792334517822,32.56987264668818,222.43992076730993
27,6416.968067419713,0.0,-12.0,0.5820512838740852,0.189797156441111,0.6261657571086907,0.5375076580443017,21.909243381113452,238.27556686269926,67.9817879439045,222.45142091192807
27,6416.968067419713,0.0,-12.0,0.5820512838740852,0.1906500729852256,0.6261657571086907,0.6078927786197607,33.50845197644579,237.63322632275248,27.67597409512428,222.40599975742174
27,6416.968067419713,0.0,-12.0,0.5554934689506974,0.18865125195330648,0.6261431606875196,0.5874174334674291,5.826203558037747,238.37332863844603,29.45899102390045,204.04785074314202
27,6416.968067419713,0.0,-12.0,0.5820507953343826,0.18865520527629576,0.6261558579424098,0.6084418805237772,33.88735762682595,249.88253363609434,27.67597409512428,222.354961236302
27,6416.968067419713,0.0,-12.0,0.5819775174852219,0.18722482015490693,0.6222585093197835,0.5686695840811435,21.126116876419687,249.76482449802387,29.13996282171027,222.43525896618624
27,6416.968067419713,0.0,-12.0,0.6072459044996936,0.1833434513855561,0.626148356367228,0.5383157128131979,62.58524237112181,238.39609857724116,59.01541831240392,222.35505948693697
27,6416.968067419713,0.0,-12.0,0.5559955382521271,0.18865125240488365,0.626148356367228,0.5915645684747707,5.495305921235282,238.374594182118,77.10803236445541,222.35844290570083
27,6416.968067419713,0.0,-12.0,0.5820524770857283,0.1875901289929399,0.6247672236567083,0.620591257412172,34.30785343916531,237.63792334517822,32.56987264668818,222.43992076730993
27,6416.968067419713,0.0,-12.0,0.3392679473084625,0.12475348080573846,0.6261905642352432,0.5877852985668148,63.54439724359869,169.5118760861279,30.559056912200305,222.39826577118998
27,6416.968067419713,0.0,-12.0,0.5819773072229075,0.1906500729852256,0.6261480050630823,0.611522203929762,33.50845197644579,238.34808584879107,58.74590802469065,222.40599975742174
27,6416.968067419713,0.0,-12.0,0.3392679473084625,0.12475348080573846,0.6261905642352432,0.5877852985668148,3.272790856276597,169.5118760861279,31.359184679765686,201.7664731519848
27,6416.968067419713,0.0,-12.0,0.581905535266835,0.18865126897296183,0.6260445371502725,0.5873131353260731,5.494551923564401,238.3504663046287,68.06142258378786,223.51602289862146
27,6416.968067419713,0.0,-12.0,0.5741241577112428,0.18864088476754842,0.6261451855452959,0.5884296873580297,66.24719078001489,238.39585159955004,28.92986091662959,193.13129802712274
27,6416.968067419713,0.0,-12.0,0.5820512838740852,0.16263642580644047,0.6260566957522188,0.544536872979641,33.1362267418568,217.88429832759255,27.67597409512428,226.24306113078012
27,6416.968067419713,0.0,-12.0,0.5819413545569704,0.19116090915186312,0.5976268313808503,0.6036378128341887,30.747541675739402,164.50567693171217,60.88634199282771,222.47207180124425
27,6416.968067419713,0.0,-12.0,0.5820512838740852,0.18871997594778106,0.6261657571086907,0.6164102673092633,40.255584000540836,237.63792334517822,67.9817879439045,222.59752017605805
27,6416.968067419713,0.0,-12.0,0.60682768136567,0.1837350507468197,0.6261658865861006,0.5353278974366682,59.799917104229145,247.83468434475205,29.241335455263687,226.40665176771606
27,6416.968067419713,0.0,-12.0,0.5827488033825725,0.1875901289929399,0.6456120956291239,0.613622710014093,33.74872308247024,238.90239918018912,29.101331832815106,222.43992076730993
27,6416.968067419713,0.0,-12.0,0.6084563378333637,0.18859668374651736,0.625307822318884,0.5712913114878465,62.19979566354545,238.61963880044374,18.164206020345652,222.35226098012174
27,6416.968067419713,0.0,-12.0,0.5821171440771891,0.18368209104187086,0.626148356367228,0.5353278974366682,61.65553531384946,248.86681797325073,24.06494828604122,212.87547222889276
27,6416.968067419713,0.0,-12.0,0.5820485886421263,0.1875901289929399,0.6261664374480423,0.621930618462108,33.755251065626986,213.71471425539377,30.500513918560877,222.35895092502304
27,6416.968067419713,0.0,-12.0,0.5742968420740452,0.188640965671789,0.6261450333610461,0.5884296873580297,21.657194619599604,248.11645150447387,28.92986091662959,194.6968933942889
27,6416.968067419713,0.0,-12.0,0.5820512838740852,0.1906500729852256,0.6261657571086907,0.6078927786197607,37.1686563447068,237.63322632275248,27.67597409512428,222.40599975742174
27,6416.968067419713,0.0,-12.0,0.5820507953343826,0.1906500729852256,0.6261558579424098,0.6078927786197607,33.50845197644579,249.88253363609434,27.67597409512428,222.40599975742174
27,6416.968067419713,0.0,-12.0,0.6084563378333637,0.18870340136231056,0.6253068566053462,0.5716323604940081,62.19979566354545,238.61963880044374,20.425010952468593,222.48595776374088
27,6416.968067419713,0.0,-12.0,0.5742968420740452,0.188640965671789,0.6261451855452959,0.5884296873580297,63.27432239265564,238.3874703834911,28.92986091662959,194.6968933942889
27,6416.968067419713,0.0,-12.0,0.6072434648801621,0.18863882230806672,0.626148356367228,0.5325075823990618,62.58524237112181,238.39609857724116,68.35771923100188,222.36248639201824
27,6416.968067419713,0.0,-12.0,0.5820512838740852,0.18872211931150334,0.6261657571086907,0.5608293396648384,40.255584000540836,237.63792334517822,19.78599720959926,222.5900932709768
27,6416.968067419713,0.0,-12.0,0.5798055565260088,0.18865454904908344,0.6253155465399354,0.6462378873143935,36.637342384630145,227.63554495581417,69.73696719470371,222.35596918036572
27,6416.968067419713,0.0,-12.0,0.5820773258632803,0.1906821320092761,0.62695822875544,0.5745682408339639,21.263270993546207,238.33756411625325,68.05009429485519,219.85658178151635
28,49.69262144979344,46.63053356610271,-12.0,0.30065704185497877,0.1883342320218739,0.10749699451988409,0.22031507969920106,23.381593265139955,2.9601687627620947,65.86215531371315,100.29026920776829
28,6416.9680674197125,0.0,-12.0,0.18246764822521427,0.1906500729852256,0.6261657571086907,0.6100316220588782,34.627376680211356,237.6253429146976,27.67597409512428,222.82126367333723
28,49.69262144979344,46.63053356610271,-12.0,0.30065704185497877,0.1883342320218739,0.10749699451988409,0.22031507969920106,23.381593265139955,0.9919448740672636,65.86215531371315,100.29026920776829
28,49.69262144979344,46.63053356610271,-12.0,0.30065704185497877,0.19076878049452106,0.15254415935185667,0.22031507969920106,23.381593265139955,0.9919448740672636,58.583272594958125,94.83774742431018
28,49.69262144979344,46.63053356610271,-12.0,0.30065704185497877,0.1883342320218739,0.10749699451988409,0.22031507969920106,23.381593265139955,2.9601687627620947,77.38237849048484,100.29026920776829
28,49.69262144979344,46.63053356610271,-12.0,0.30065704185497877,0.1883342320218739,0.09621516296947019,0.22031507969920106,23.381593265139955,2.9601687627620947,57.803306810348346,100.29026920776829
28,6416.9680674197125,0.0,-12.0,0.18246764822521427,0.18972130928258846,0.6261666391757212,0.6100316220588782,34.627376680211356,237.6253429146976,27.67597409512428,222.79869756656115
28,49.69262144979344,46.63053356610271,-12.0,0.30065704185497877,0.1883342320218739,0.09621516296947019,0.22031507969920106,23.381593265139955,2.9601687627620947,56.49718860775521,100.29026920776829
28,6416.9680674197125,0.0,-12.0,0.18246764822521427,0.18972130928258846,0.6261661470091634,0.6100316220588782,34.627376680211356,237.6253429146976,27.67597409512428,222.79869756656115
28,75.86443340312499,72.066816919546,-12.0,0.32972785455612086,0.18916911914604076,0.10749699451988409,0.20942136569338798,64.55209198415513,2.9601687627620947,77.38237849048484,100.29026920776829
28,6416.968067419713,0.0,-12.0,0.5820601437063584,0.1880952301362769,0.6249933078516839,0.6070355603200888,20.989195720869425,236.61824214922905,60.20989669374896,222.4998163787322
28,6416.968067419713,0.0,-12.0,0.5829523861940977,0.1906500729852256,0.62624265576138,0.6100316220588782,34.627376680211356,237.6266583336981,27.67597409512428,222.43264802913254
28,6416.968067419713,0.0,-12.0,0.5742968420740452,0.188640965671789,0.6261450333610461,0.5884296873580297,21.657194619599604,248.11645150447387,28.92986091662959,194.6968933942889
28,6416.968067419713,0.0,-12.0,0.5820601437063584,0.1880952301362769,0.6249731793664458,0.6036125352462895,26.24140457983969,236.61824214922905,60.20989669374896,222.4998163787322
28,6416.968067419713,0.0,-12.0,0.6072434648801621,0.18864101284589418,0.626148356367228,0.5278229605205338,62.58524237112181,238.39609857724116,59.64235795755613,222.35505948693697
28,6416.968067419713,0.0,-12.0,0.5559955382521271,0.18865125240488365,0.626148356367228,0.5927695370655568,5.495305921235282,238.374594182118,77.54700430921916,222.3581764412789
28,6416.968067419713,0.0,-12.0,0.5742968420740452,0.188640965671789,0.6261451855452959,0.5884296873580297,63.27432239265564,238.3874703834911,28.92986091662959,194.6968933942889
28,6416.968067419713,0.0,-12.0,0.5820769006444796,0.1906821320092761,0.6269552575445864,0.5902991670156302,21.263270993546207,238.3076864118096,27.295293825943208,219.85658178151635
28,6416.968067419713,0.0,-12.0,0.5820512838740852,0.1906500729852256,0.6261657571086907,0.6078927786197607,33.50845197644579,237.63322632275248,27.67597409512428,222.40599975742174
28,6416.968067419713,0.0,-12.0,0.5819413545569704,0.19116090915186312,0.5976268313808503,0.6036378128341887,30.747541675739402,164.50567693171217,60.88634199282771,222.47207180124425
28,6416.968067419713,0.0,-12.0,0.5820512838740852,0.189797156441111,0.6261657571086907,0.5375076580443017,21.909243381113452,238.27556686269926,67.9817879439045,222.45142091192807
28,6416.968067419713,0.0,-12.0,0.5820485886421263,0.1875901289929399,0.6261664374480423,0.621930618462108,33.755251065626986,213.71471425539377,23.432927579744472,222.35895092502304
28,6416.968067419713,0.0,-12.0,0.6084563378333637,0.19107996638518163,0.625307822318884,0.6032745430563574,62.30355693778973,235.02945249074534,18.164206020345652,222.470014724651
28,6416.968067419713,0.0,-12.0,0.5798055565260088,0.18865454904908344,0.6253155465399354,0.6462378873143935,36.637342384630145,227.63554495581417,69.73696719470371,222.35596918036572
28,6416.968067419713,0.0,-12.0,0.3392679473084625,0.12475348080573846,0.6261905642352432,0.5877852985668148,3.272790856276597,169.5118760861279,31.359184679765686,201.7664731519848
28,6416.968067419713,0.0,-12.0,0.5827488033825725,0.1875901289929399,0.6456120956291239,0.613622710014093,33.74872308247024,238.90239918018912,29.101331832815106,222.43992076730993
28,6416.968067419713,0.0,-12.0,0.5820507953343826,0.18865520527629576,0.6261558579424098,0.6084418805237772,33.88735762682595,249.88253363609434,27.67597409512428,222.354961236302
28,6416.968067419713,0.0,-12.0,0.5820507953343826,0.1886651428934036,0.6261558579424098,0.6084418805237772,33.90190838921183,249.88253363609434,27.67597409512428,225.00121566613686
28,6416.968067419713,0.0,-12.0,0.58205129520291,0.1897037142127606,0.6262471630269769,0.5375076580443017,20.992356329742574,238.27556686269926,67.9817879439045,222.45142091192807
28,6416.968067419713,0.0,-12.0,0.3392679473084625,0.12475348080573846,0.6261905642352432,0.5877852985668148,63.54439724359869,169.5118760861279,30.559056912200305,222.39826577118998
28,6416.968067419713,0.0,-12.0,0.6072459044996936,0.1833434513855561,0.626148356367228,0.5383157128131979,62.58524237112181,238.39609857724116,59.01541831240392,222.35505948693697
28,6416.968067419713,0.0,-12.0,0.5820485886421263,0.1875901289929399,0.6261664374480423,0.621930618462108,33.755251065626986,213.71471425539377,30.500513918560877,222.35895092502304
28,6416.968067419713,0.0,-12.0,0.5559955382521271,0.18865125240488365,0.626148356367228,0.5915645684747707,5.495305921235282,238.374594182118,77.10803236445541,222.35844290570083
28,6416.968067419713,0.0,-12.0,0.5820512838740852,0.16263642580644047,0.6260566957522188,0.544536872979641,33.1362267418568,217.88429832759255,27.67597409512428,226.24306113078012
28,6416.968067419713,0.0,-12.0,0.6072434648801621,0.18863882230806672,0.626148356367228,0.5325075823990618,62.58524237112181,238.39609857724116,68.35771923100188,222.36248639201824
28,6416.968067419713,0.0,-12.0,0.5821171440771891,0.18368209104187086,0.626148356367228,0.5353278974366682,61.65553531384946,248.86681797325073,24.06494828604122,212.87547222889276
28,6416.968067419713,0.0,-12.0,0.5819413545569704,0.1886776265131989,0.5976268313808503,0.5716545812654799,30.64378041936023,168.0814057373751,60.88634199282771,222.35431805671502
28,6416.968067419713,0.0,-12.0,0.5554934689506974,0.18865125195330648,0.6261431606875196,0.5874174334674291,5.826203558037747,238.37332863844603,29.45899102390045,204.04785074314202
28,6416.968067419713,0.0,-12.0,0.60682768136567,0.1837350507468197,0.6261658865861006,0.5353278974366682,59.799917104229145,247.83468434475205,29.241335455263687,226.40665176771606
28,6416.968067419713,0.0,-12.0,0.5820512838740852,0.19053166948672304,0.6261657571086907,0.6086308707810213,33.50845197644579,237.63322632275248,27.67597409512428,222.40621915301975
28,6416.968067419713,0.0,-12.0,0.6072458816514875,0.18368209104187086,0.626148356367228,0.5353278974366682,61.65553531384946,247.83468434475205,24.09338100939754,226.61230468754655
28,6416.968067419713,0.0,-12.0,0.5820507953343826,0.1906500729852256,0.6261558579424098,0.6078927786197607,33.50845197644579,249.88253363609434,27.67597409512428,222.40599975742174
28,6416.968067419713,0.0,-12.0,0.582051709092886,0.1906500729852256,0.6261687283195444,0.5759637771314398,27.015600082522752,237.6631040271961,68.43077565756207,222.40599975742174
28,6416.968067419713,0.0,-12.0,0.5819775174852219,0.18722482015490693,0.6222585093197835,0.5686695840811435,21.126116876419687,249.76482449802387,29.13996282171027,222.43525896618624
28,6416.968067419713,0.0,-12.0,0.5819413545569704,0.19105419153606995,0.5976277970611885,0.6032967638278288,30.747541675739402,164.50567693171217,60.88634199282771,222.33837501762514
28,6416.968067419713,0.0,-12.0,0.34636544796230495,0.19431020556408873,0.6261483203332218,0.5927695370655568,3.1926411616510837,238.374594182118,75.96265165435435,222.3581764412789
28,6416.968067419713,0.0,-12.0,0.581905535266835,0.18865126897296183,0.6260445371502725,0.5873131353260731,5.494551923564401,238.3504663046287,68.06142258378786,223.51602289862146
28,6416.968067419713,0.0,-12.0,0.5820512838740852,0.18871997594778106,0.6261657571086907,0.6164102673092633,40.255584000540836,237.63792334517822,67.9817879439045,222.59752017605805
29,49.69262144979344,46.63053356610271,-12.0,0.30065704185497877,0.1883342320218739,0.10749699451988409,0.22031507969920106,23.381593265139955,2.9601687627620947,65.86215531371315,100.29026920776829
29,6416.9680674197125,0.0,-12.0,0.18246764822521427,0.1906500729852256,0.6261657571086907,0.6100316220588782,34.627376680211356,237.6253429146976,27.67597409512428,222.82126367333723
29,49.69262144979344,46.63053356610271,-12.0,0.30065704185497877,0.1883342320218739,0.10749699451988409,0.22031507969920106,23.381593265139955,0.9919448740672636,65.86215531371315,100.29026920776829
29,49.69262144979344,46.63053356610271,-12.0,0.30065704185497877,0.19076878049452106,0.15254415935185667,0.22031507969920106,23.381593265139955,0.9919448740672636,58.583272594958125,94.83774742431018
29,49.69262144979344,46.63053356610271,-12.0,0.30065704185497877,0.1883342320218739,0.10749699451988409,0.22031507969920106,23.381593265139955,2.9601687627620947,77.38237849048484,100.29026920776829
29,49.69262144979344,46.63053356610271,-12.0,0.30065704185497877,0.1883342320218739,0.09621516296947019,0.22031507969920106,23.381593265139955,2.9601687627620947,57.803306810348346,100.29026920776829
29,6416.9680674197125,0.0,-12.0,0.18246764822521427,0.18972130928258846,0.6261666391757212,0.6100316220588782,34.627376680211356,237.6253429146976,27.67597409512428,222.79869756656115
29,49.69262144979344,46.63053356610271,-12.0,0.30065704185497877,0.1883342320218739,0.09621516296947019,0.22031507969920106,23.381593265139955,2.9601687627620947,56.49718860775521,100.29026920776829
29,6416.9680674197125,0.0,-12.0,0.18246764822521427,0.18972130928258846,0.6261661470091634,0.6100316220588782,34.627376680211356,237.6253429146976,27.67597409512428,222.79869756656115
29,49.69262144979344,46.63053356610271,-12.0,0.30065704185497877,0.18822001527062118,0.15254415935185667,0.22031507969920106,23.381593265139955,0.9919448740672636,58.583272594958125,94.83774742431018
29,49.69262144979344,46.63053356610271,-12.0,0.30065704185497877,0.1883342320218739,0.09621516296947019,0.22031507969920106,23.381593265139955,1.7600926339781724,57.803306810348346,100.29026920776829
29,49.69262144979344,46.63053356610271,-12.0,0.3018622263700719,0.18916911914604076,0.10749699451988409,0.20942136569338798,23.096810594392007,3.033419517773499,77.53840993486337,100.29026920776829
29,6416.968067419713,0.0,-12.0,0.5820601437063584,0.1880952301362769,0.6249933078516839,0.6070355603200888,20.989195720869425,236.61824214922905,60.20989669374896,220.5691739114956
29,49.95968112363242,46.63053356610271,-12.0,0.30065704185497877,0.19088299724577382,0.10749699451988409,0.22031507969920106,23.381593265139955,2.9601687627620947,65.86215531371315,100.29026920776829
29,6416.968067419713,0.0,-12.0,0.5820601437063584,0.1880952301362769,0.6249933078516839,0.6070355603200888,20.989195720869425,236.61824214922905,60.20989669374896,222.4998163787322
29,6416.968067419713,0.0,-12.0,0.5820485886421263,0.15378697445857195,0.6261664391313017,0.6085997028143749,33.755251065626986,212.8489317324103,30.44420347122495,222.35895092502304
29,6416.968067419713,0.0,-12.0,0.5820769006444796,0.1906821320092761,0.6269552575445864,0.5902991670156302,21.263270993546207,238.3076864118096,27.295293825943208,219.85658178151635
29,6416.968067419713,0.0,-12.0,0.582051709092886,0.1906500729852256,0.6261687283195444,0.5759637771314398,27.015600082522752,237.6631040271961,68.43077565756207,222.40599975742174
29,6416.968067419713,0.0,-12.0,0.60682768136567,0.1837350507468197,0.6261658865861006,0.5353278974366682,59.799917104229145,247.83468434475205,29.241335455263687,226.40665176771606
29,6416.968067419713,0.0,-12.0,0.5819775174852219,0.18904271069685802,0.6222585093197835,0.6098975964145905,0.6522589042825162,249.76482449802387,29.181493339533887,222.4246724170591
29,6416.968067419713,0.0,-12.0,0.5771720744032516,0.1642546525356921,0.6261657571086907,0.6044215148492327,34.627376680211356,237.6253429146976,27.67597409512428,222.80022153542765
29,6416.968067419713,0.0,-12.0,0.5819413545569704,0.18972299287516456,0.6257754009370985,0.5434409753650244,30.747541675739402,237.208073029273,59.403882046900215,222.3061423619781
29,6416.968067419713,0.0,-12.0,0.6084563378333637,0.19107996638518163,0.625307822318884,0.6032745430563574,62.30355693778973,235.02945249074534,18.164206020345652,222.470014724651
29,6416.968067419713,0.0,-12.0,0.5820485886421263,0.1875901289929399,0.6261664374480423,0.621930618462108,33.755251065626986,213.71471425539377,30.500513918560877,222.35895092502304
29,6416.968067419713,0.0,-12.0,0.3392679473084625,0.12475348080573846,0.6261905642352432,0.5877852985668148,63.54439724359869,169.5118760861279,30.559056912200305,222.39826577118998
29,6416.968067419713,0.0,-12.0,0.5819775174852219,0.18722482015490693,0.6222585093197835,0.5686695840811435,21.126116876419687,249.76482449802387,29.13996282171027,222.43525896618624
29,6416.968067419713,0.0,-12.0,0.5742968420740452,0.188640965671789,0.6261451855452959,0.5884296873580297,63.27432239265564,238.3874703834911,28.92986091662959,194.6968933942889
29,6416.968067419713,0.0,-12.0,0.6072459044996936,0.1833434513855561,0.626148356367228,0.5383157128131979,62.58524237112181,238.39609857724116,59.01541831240392,222.35505948693697
29,6416.968067419713,0.0,-12.0,0.5559955382521271,0.18865125240488365,0.626148356367228,0.5915645684747707,5.495305921235282,238.374594182118,77.10803236445541,222.35844290570083
29,6416.968067419713,0.0,-12.0,0.6072458816514875,0.18355567346630203,0.626148356367228,0.5916095257099069,61.65553531384946,247.83468434475205,24.09338100939754,226.61230468754655
29,6416.968067419713,0.0,-12.0,0.5820507953343826,0.1886651428934036,0.6261558579424098,0.6084418805237772,33.90190838921183,249.88253363609434,27.67597409512428,225.00121566613686
29,6416.968067419713,0.0,-12.0,0.58205129520291,0.1897037142127606,0.6262471630269769,0.5375076580443017,20.992356329742574,238.27556686269926,67.9817879439045,222.45142091192807
29,6416.968067419713,0.0,-12.0,0.5820512838740852,0.16263642580644047,0.6260566957522188,0.544536872979641,33.1362267418568,217.88429832759255,27.67597409512428,226.24306113078012
29,6416.968067419713,0.0,-12.0,0.6072434648801621,0.18864101284589418,0.626148356367228,0.5278229605205338,62.58524237112181,238.39609857724116,59.64235795755613,222.35505948693697
29,6416.968067419713,0.0,-12.0,0.581905535266835,0.18865126897296183,0.6260445371502725,0.5873131353260731,5.494551923564401,238.3504663046287,68.06142258378786,223.51602289862146
29,6416.968067419713,0.0,-12.0,0.6072434648801621,0.18863882230806672,0.626148356367228,0.5325075823990618,62.58524237112181,238.39609857724116,68.35771923100188,222.36248639201824
29,6416.968067419713,0.0,-12.0,0.5821158483907162,0.19144890014628307,0.626148356367228,0.5218242441726101,61.82324603422051,248.86681797325073,27.640070736064605,212.87547222889276
29,6416.968067419713,0.0,-12.0,0.5820512838740852,0.19053166948672304,0.6261657554254313,0.6219617864287537,33.04181868483406,238.49898495442943,27.73228454246021,222.40621915301975
29,6416.968067419713,0.0,-12.0,0.5821171440771891,0.18368209104187086,0.626148356367228,0.5353278974366682,61.65553531384946,248.86681797325073,24.06494828604122,212.87547222889276
29,6416.968067419713,0.0,-12.0,0.5819413545569704,0.19116090915186312,0.5976268313808503,0.6036378128341887,30.747541675739402,164.50567693171217,60.88634199282771,222.47207180124425
29,6416.968067419713,0.0,-12.0,0.5820485886421263,0.1875901289929399,0.6261664374480423,0.621930618462108,33.755251065626986,213.71471425539377,23.432927579744472,222.35895092502304
29,6416.968067419713,0.0,-12.0,0.5820512838740852,0.1906500729852256,0.6261657571086907,0.6078927786197607,33.50845197644579,237.63322632275248,27.67597409512428,222.40599975742174
29,6416.968067419713,0.0,-12.0,0.5819413545569704,0.1886776265131989,0.5976268313808503,0.5716545812654799,30.64378041936023,168.0814057373751,60.88634199282771,222.35431805671502
29,6416.968067419713,0.0,-12.0,0.5820512838740852,0.19053166948672304,0.6261657571086907,0.6086308707810213,33.50845197644579,237.63322632275248,27.67597409512428,222.40621915301975
29,6416.968067419713,0.0,-12.0,0.17238949347045,0.18971000606781274,0.6261670371506012,0.6100316220588782,22.401926096106926,237.6253429146976,36.96519951243697,222.27997974924304
29,6416.968067419713,0.0,-12.0,0.5820483542428386,0.1906500729852256,0.6250033868607989,0.6099405311992668,21.065500364891943,237.6266583336981,27.67597409512428,222.42285393518
29,6416.968067419713,0.0,-12.0,0.5554934689506974,0.18866255516808217,0.6261427627126397,0.5874174334674291,5.826203558037747,238.37332863844603,27.808060522543364,196.6416679396135
29,6416.968067419713,0.0,-12.0,0.5820512838740852,0.18871997594778106,0.6261632824937329,0.6184861734590552,40.255584000540836,240.83312278888437,67.9817879439045,222.39954958361594
30,49.69262144979344,46.63053356610271,-12.0,0.30065704185497877,0.1883342320218739,0.10749699451988409,0.22031507969920106,23.381593265139955,2.9601687627620947,65.86215531371315,100.29026920776829
30,6416.9680674197125,0.0,-12.0,0.18246764822521427,0.1906500729852256,0.6261657571086907,0.6100316220588782,34.627376680211356,237.6253429146976,27.67597409512428,222.82126367333723
30,49.69262144979344,46.63053356610271,-12.0,0.30065704185497877,0.1883342320218739,0.10749699451988409,0.22031507969920106,23.381593265139955,0.9919448740672636,65.86215531371315,100.29026920776829
30,49.69262144979344,46.63053356610271,-12.0,0.30065704185497877,0.19076878049452106,0.15254415935185667,0.22031507969920106,23.381593265139955,0.9919448740672636,58.583272594958125,94.83774742431018
30,49.69262144979344,46.63053356610271,-12.0,0.30065704185497877,0.1883342320218739,0.10749699451988409,0.22031507969920106,23.381593265139955,2.9601687627620947,77.38237849048484,100.29026920776829
30,49.69262144979344,46.63053356610271,-12.0,0.30065704185497877,0.1883342320218739,0.09621516296947019,0.22031507969920106,23.381593265139955,2.9601687627620947,57.803306810348346,100.29026920776829
30,6416.9680674197125,0.0,-12.0,0.18246764822521427,0.18972130928258846,0.6261666391757212,0.6100316220588782,34.627376680211356,237.6253429146976,27.67597409512428,222.79869756656115
30,49.69262144979344,46.63053356610271,-12.0,0.30065704185497877,0.1883342320218739,0.09621516296947019,0.22031507969920106,23.381593265139955,2.9601687627620947,56.49718860775521,100.29026920776829
30,6416.9680674197125,0.0,-12.0,0.18246764822521427,0.18972130928258846,0.6261661470091634,0.6100316220588782,34.627376680211356,237.6253429146976,27.67597409512428,222.79869756656115
30,49.69262144979344,46.63053356610271,-12.0,0.30065704185497877,0.18822001527062118,0.15254415935185667,0.22031507969920106,23.381593265139955,0.9919448740672636,58.583272594958125,94.83774742431018
30,49.69262144979344,46.63053356610271,-12.0,0.30065704185497877,0.1883342320218739,0.09621516296947019,0.22031507969920106,23.381593265139955,1.7600926339781724,57.803306810348346,100.29026920776829
30,49.69262144979344,46.63053356610271,-12.0,0.3018622263700719,0.18916911914604076,0.10749699451988409,0.20942136569338798,23.096810594392007,3.033419517773499,77.53840993486337,100.29026920776829
30,6416.9680674197125,0.0,-12.0,0.18246764822521427,0.1906500729852256,0.6261666797922315,0.6100316220588782,34.627376680211356,237.6253429146976,27.67597409512428,209.54417543397162
30,49.69262144979344,46.63053356610271,-12.0,0.30065704185497877,0.1883342320218739,0.10525247233107943,0.21030440671557157,23.381593265139955,2.7409550347487652,65.70363496973309,101.87500898231576
30,48.34966632546205,46.63835057658527,-12.0,0.29545878740388754,0.1883378383741556,0.10749699451988409,0.21879903719106095,21.757026910973593,2.9601687627620947,58.88167756466604,78.95406377661537
30,49.7851620761803,46.486405606463556,-12.0,0.3007128269058299,0.18833942775017348,0.10749699451988409,0.20942136569338798,23.135547185997243,3.0300329939651993,77.53840993486337,100.29026920776829
30,6416.9680674197125,0.0,-12.0,0.18246764822521427,0.18972130928258846,0.6261657164921804,0.6100316220588782,34.627376680211356,237.6253429146976,27.67597409512428,222.79869756656115
30,6416.968067419713,0.0,-12.0,0.5820601437063584,0.1880952301362769,0.6249933078516839,0.6070355603200888,20.989195720869425,236.61824214922905,60.20989669374896,220.5691739114956
30,6416.968067419713,0.0,-12.0,0.5819413545569704,0.18972299287516456,0.6257754009370985,0.5434409753650244,30.747541675739402,237.208073029273,64.09325965463762,222.3061423619781
30,49.95968112363242,46.63053356610271,-12.0,0.30065704185497877,0.19088299724577382,0.10749699451988409,0.22031507969920106,23.381593265139955,2.9601687627620947,65.86215531371315,100.29026920776829
30,6416.968067419713,0.0,-12.0,0.5820512838740852,0.1903072577216231,0.5982782339862186,0.544536872979641,33.160293923183296,237.26023462670165,27.67597409512428,225.5237611461197
30,6416.968067419713,0.0,-12.0,0.5801277313560459,0.1875901289929399,0.6261664374480423,0.5449684781050852,33.755251065626986,246.12514302455963,23.676402859517772,222.35895092502304
30,6416.968067419713,0.0,-12.0,0.5821171440771891,0.18368209104187086,0.626148356367228,0.5353278974366682,61.65553531384946,248.86681797325073,24.06494828604122,212.87547222889276
30,6416.968067419713,0.0,-12.0,0.5820507953343826,0.1886651428934036,0.6261558579424098,0.6084418805237772,33.90190838921183,249.88253363609434,27.67597409512428,225.00121566613686
30,6416.968067419713,0.0,-12.0,0.5820485886421263,0.19933802436578113,0.6197118708383215,0.621930618462108,23.361455990846615,209.01074094877507,76.60938500558959,222.35895092502304
30,6416.968067419713,0.0,-12.0,0.6072434648801621,0.18864101284589418,0.626148356367228,0.5278229605205338,62.58524237112181,238.39609857724116,59.64235795755613,222.35505948693697
30,6416.968067419713,0.0,-12.0,0.5554934689506974,0.18866255516808217,0.6261427627126397,0.5874174334674291,5.826203558037747,238.37332863844603,27.808060522543364,196.6416679396135
30,6416.968067419713,0.0,-12.0,0.6084563378333637,0.19107996638518163,0.625307822318884,0.6032745430563574,62.30355693778973,235.02945249074534,18.164206020345652,222.470014724651
30,6416.968067419713,0.0,-12.0,0.58205129520291,0.1897037142127606,0.6262471630269769,0.5375076580443017,20.992356329742574,238.27556686269926,67.9817879439045,222.45142091192807
30,6416.968067419713,0.0,-12.0,0.6068360993579063,0.18860273416890966,0.6261482574543235,0.5353278974366682,59.799917104229145,247.83468434475205,29.142858360719448,222.3144351993853
30,6416.968067419713,0.0,-12.0,0.581905535266835,0.18865126897296183,0.6260445371502725,0.5873131353260731,5.494551923564401,238.3504663046287,68.06142258378786,223.51602289862146
30,6416.968067419713,0.0,-12.0,0.5820512838740852,0.18871997594778106,0.6261632824937329,0.6184861734590552,40.255584000540836,240.83312278888437,67.9817879439045,222.39954958361594
30,6416.968067419713,0.0,-12.0,0.6072434648801621,0.18863882230806672,0.626148356367228,0.5325075823990618,62.58524237112181,238.39609857724116,68.35771923100188,222.36248639201824
30,6416.968067419713,0.0,-12.0,0.6072350468879257,0.1837711388859768,0.6261659854990053,0.5325075823990618,88.7566370907599,226.31346585335814,68.456196643359,226.45470296034904
30,6416.968067419713,0.0,-12.0,0.5559955382521271,0.18865125240488365,0.626148356367228,0.5915645684747707,5.495305921235282,238.374594182118,77.10803236445541,222.35844290570083
30,6416.968067419713,0.0,-12.0,0.5820485886421263,0.1875901289929399,0.6261664374480423,0.621930618462108,33.755251065626986,213.71471425539377,30.500513918560877,222.35895092502304
30,6416.968067419713,0.0,-12.0,0.5819775174852219,0.18904271069685802,0.6222585093197835,0.6098975964145905,0.6522589042825162,249.76482449802387,29.181493339533887,222.4246724170591
30,6416.968067419713,0.0,-12.0,0.6072458816514875,0.18355567346630203,0.626148356367228,0.5916095257099069,61.65553531384946,247.83468434475205,24.09338100939754,226.61230468754655
30,6416.968067419713,0.0,-12.0,0.17238949347045,0.18971000606781274,0.6261670371506012,0.6100316220588782,22.401926096106926,237.6253429146976,36.96519951243697,222.27997974924304
30,6416.968067419713,0.0,-12.0,0.3392679473084625,0.12475348080573846,0.6261905642352432,0.5877852985668148,63.54439724359869,169.5118760861279,30.559056912200305,222.39826577118998
30,6416.968067419713,0.0,-12.0,0.5820601437063584,0.1880952301362769,0.6249933078516839,0.6070355603200888,20.989195720869425,236.61824214922905,60.20989669374896,222.4998163787322
30,6416.968067419713,0.0,-12.0,0.5819775174852219,0.18722482015490693,0.6222585093197835,0.5686695840811435,21.126116876419687,249.76482449802387,29.13996282171027,222.43525896618624
30,6416.968067419713,0.0,-12.0,0.5819413545569704,0.1886776265131989,0.5976268313808503,0.5716545812654799,30.64378041936023,168.0814057373751,60.88634199282771,222.35431805671502
30,6416.968067419713,0.0,-12.0,0.5815641059427935,0.18972299287516456,0.6257754009370985,0.5434409753650244,30.747541675739402,168.26281572045764,59.403882046900215,222.30595108999276
30,6416.968067419713,0.0,-12.0,0.5820512838740852,0.19053166948672304,0.6261657554254313,0.6219617864287537,33.04181868483406,238.49898495442943,27.73228454246021,222.40621915301975
30,6416.968067419713,0.0,-12.0,0.5820512838740852,0.19053166948672304,0.6262936522784666,0.5683190429745916,33.2900813016489,237.63322632275248,27.67597409512428,197.77700505388717
30,6416.968067419713,0.0,-12.0,0.5554934689506974,0.18866255516808217,0.6261427627126397,0.5365139349726441,5.826203558037747,238.37332863844603,27.808060522543364,196.6416679396135
30,6416.968067419713,0.0,-12.0,0.582051709092886,0.1906500729852256,0.6261687283195444,0.5759637771314398,27.015600082522752,237.6631040271961,68.43077565756207,222.40599975742174
31,6416.9680674197125,0.0,-12.0,0.18246764822521427,0.1906500729852256,0.6261657571086907,0.6100316220588782,34.627376680211356,237.6253429146976,27.67597409512428,222.82126367333723
31,6416.9680674197125,0.0,-12.0,0.18246764822521427,0.18972130928258846,0.6261666391757212,0.6100316220588782,34.627376680211356,237.6253429146976,27.67597409512428,222.79869756656115
31,6416.9680674197125,0.0,-12.0,0.18246764822521427,0.18972130928258846,0.6261661470091634,0.6100316220588782,34.627376680211356,237.6253429146976,27.67597409512428,222.79869756656115
31,6416.9680674197125,0.0,-12.0,0.18246764822521427,0.1906500729852256,0.6261666797922315,0.6100316220588782,34.627376680211356,237.6253429146976,27.67597409512428,209.54417543397162
31,49.7851620761803,46.486405606463556,-12.0,0.3007128269058299,0.18833942775017348,0.10749699451988409,0.20942136569338798,23.135547185997243,3.0300329939651993,77.53840993486337,100.29026920776829
31,6416.9680674197125,0.0,-12.0,0.18246764822521427,0.18972130928258846,0.6261657164921804,0.6100316220588782,34.627376680211356,237.6253429146976,27.67597409512428,222.79869756656115
31,49.7851620761803,46.486405606463556,-12.0,0.3007128269058299,0.1883342588149518,0.10749699451988409,0.2088619806992859,23.139096712719027,3.0300329939651993,77.53840993486337,100.29026920776829
31,6416.9680674197125,0.0,-12.0,0.18246764822521427,0.1906500729852256,0.628439446086165,0.6155938684842703,34.627376680211356,230.60424896307708,27.06248356516943,79.65277550666576
31,6416.9680674197125,0.0,-12.0,0.18246764822521427,0.18972130928258846,0.6261479732187145,0.6100316220588782,34.627376680211356,237.6253429146976,25.225916133885427,222.34967019048497
31,49.7851620761803,46.486405606463556,-12.0,0.3007128269058299,0.18843797727869574,0.10752320053975561,0.20942136569338798,23.135547185997243,1.4976581514499685,77.53840993486337,100.29026920776829
31,48.3197982964924,46.57214739541548,-12.0,0.2586805262416876,0.18829249366647063,0.10749699451988409,0.2094473474472503,23.260300709183856,2.9601687627620947,65.980118574477,78.95406377661537
31,6416.968067419713,0.0,-12.0,0.5727535735290876,0.18712627062638468,0.6222562577964317,0.5686695840811435,14.678071792754182,249.11488133210545,29.13996282171027,222.43525896618624
31,48.34966632546205,46.63835057658527,-12.0,0.29545878740388754,0.1883378383741556,0.10749699451988409,0.21879903719106095,21.757026910973593,2.9601687627620947,58.88167756466604,78.95406377661537
31,6416.968067419713,0.0,-12.0,0.5820601437063584,0.1880952301362769,0.6249933078516839,0.6070355603200888,20.989195720869425,236.61824214922905,60.20989669374896,220.5691739114956
31,49.69262144979344,46.63053356610271,-12.0,0.30065704185497877,0.1883342320218739,0.10749699451988409,0.22031507969920106,23.381593265139955,2.9601687627620947,65.86215531371315,100.29026920776829
31,49.69262144979344,46.63053356610271,-12.0,0.30065704185497877,0.18833940095709556,0.09404510374800804,0.22087446469330313,23.378043738418167,0.9919448740672636,65.86215531371315,100.29026920776829
31,6416.968067419713,0.0,-12.0,0.5559955382521271,0.1910550169905334,0.6261709562805425,0.5916636369940016,4.734287983848613,238.39170717986906,77.64823184432532,222.35844290570083
31,49.69262144979344,46.63053356610271,-12.0,0.30065704185497877,0.1883342320218739,0.10525247233107943,0.21030440671557157,23.381593265139955,2.7409550347487652,65.70363496973309,101.87500898231576
31,6416.968067419713,0.0,-12.0,0.5819763733044537,0.1906500729852256,0.6212725034160306,0.5687095050075474,27.015600082522752,238.29562778247794,68.43077565756207,222.40495149469908
31,49.69262144979344,46.63053356610271,-12.0,0.3018622263700719,0.18916911914604076,0.10749699451988409,0.20942136569338798,23.096810594392007,3.033419517773499,77.53840993486337,100.29026920776829
31,6416.968067419713,0.0,-12.0,0.5820512838740852,0.19053166948672304,0.6262936522784666,0.5683190429745916,33.2900813016489,237.63322632275248,27.67597409512428,197.77700505388717
31,6416.968067419713,0.0,-12.0,0.6072434648801621,0.18864101284589418,0.626148356367228,0.5278229605205338,62.58524237112181,238.39609857724116,59.64235795755613,222.35505948693697
31,6416.968067419713,0.0,-12.0,0.5820512838740852,0.19053166948672304,0.6261657136185322,0.6219617864287537,34.59775826033675,238.49898495442943,27.675367725517123,218.76833491138564
31,6416.968067419713,0.0,-12.0,0.582051709092886,0.1906500729852256,0.6262047072190973,0.6068513030003552,20.83599044841854,237.6528408316819,68.43077565756207,220.61328779278466
31,6416.968067419713,0.0,-12.0,0.5820507953343826,0.18867988856785595,0.6261558579424098,0.6084418805237772,34.645077607620046,249.88253363609434,27.67597409512428,210.3738852974581
31,6416.968067419713,0.0,-12.0,0.6072350468879257,0.1837711388859768,0.6261659854990053,0.5325075823990618,88.7566370907599,226.31346585335814,68.456196643359,226.45470296034904
31,6416.968067419713,0.0,-12.0,0.5820512838740852,0.19053166948672304,0.6261657554254313,0.6219617864287537,33.04181868483406,238.49898495442943,27.73228454246021,222.40621915301975
31,6416.968067419713,0.0,-12.0,0.5819775174852219,0.18722482015490693,0.6222585093197835,0.5686695840811435,21.126116876419687,249.76482449802387,29.13996282171027,222.43525896618624
31,6416.968067419713,0.0,-12.0,0.5821171440771891,0.18368209104187086,0.626148356367228,0.5353278974366682,61.65553531384946,248.86681797325073,24.06494828604122,212.87547222889276
31,6416.968067419713,0.0,-12.0,0.5820512838740852,0.1903072577216231,0.5982782339862186,0.544536872979641,33.160293923183296,237.26023462670165,27.67597409512428,225.5237611461197
31,6416.968067419713,0.0,-12.0,0.6084563378333637,0.18867620179953187,0.6252852224055695,0.6031754745371265,63.18232883023586,235.01233949299427,17.624730130841062,222.470014724651
31,6416.968067419713,0.0,-12.0,0.5820601437063584,0.1880952301362769,0.6249573289521311,0.5761480344508798,27.168805354973642,236.62850534474322,60.20989669374896,222.3618858761327
31,49.69262144979344,46.63053356610271,-12.0,0.30065704185497877,0.1883342320218739,0.10749699451988409,0.22031507969920106,23.381593265139955,0.9919448740672636,65.86215531371315,100.29026920776829
31,6416.968067419713,0.0,-12.0,0.5801277313560459,0.1875901289929399,0.6261664374480423,0.5449684781050852,33.755251065626986,246.12514302455963,23.676402859517772,222.35895092502304
31,49.69262144979344,46.63053356610271,-12.0,0.30065704185497877,0.1883342320218739,0.10749699451988409,0.22031507969920106,23.381593265139955,2.9601687627620947,77.38237849048484,100.29026920776829
31,6416.968067419713,0.0,-12.0,0.3392679473084625,0.12475348080573846,0.6261905642352432,0.5877852985668148,63.54439724359869,169.5118760861279,30.559056912200305,222.39826577118998
31,6416.968067419713,0.0,-12.0,0.5820512838740852,0.18871997594778106,0.6261632824937329,0.6184861734590552,40.255584000540836,240.83312278888437,67.9817879439045,222.39954958361594
31,49.69262144979344,46.63053356610271,-12.0,0.30065704185497877,0.19076878049452106,0.15254415935185667,0.22031507969920106,23.381593265139955,0.9919448740672636,58.583272594958125,94.83774742431018
31,6416.968067419713,0.0,-12.0,0.5819775174852219,0.18904271069685802,0.6222585093197835,0.6098975964145905,0.6522589042825162,249.76482449802387,29.181493339533887,222.4246724170591
31,6416.968067419713,0.0,-12.0,0.5554934689506974,0.18866255516808217,0.6261427627126397,0.5365139349726441,5.826203558037747,238.37332863844603,27.808060522543364,196.6416679396135
31,6416.968067419713,0.0,-12.0,0.58205129520291,0.1897037142127606,0.6262471630269769,0.5375076580443017,20.992356329742574,238.27556686269926,67.9817879439045,222.45142091192807
31,6416.968067419713,0.0,-12.0,0.6072350468879257,0.1837711388859768,0.6261659854990053,0.5325075823990618,73.82266451822095,238.67550409854715,68.52425753695562,226.45470296034904
31,49.69262144979344,46.63053356610271,-12.0,0.30065704185497877,0.18822001527062118,0.15254415935185667,0.22031507969920106,23.381593265139955,0.9919448740672636,58.583272594958125,94.83774742431018
31,6416.968067419713,0.0,-12.0,0.5559955382521271,0.18865125240488365,0.626148356367228,0.5915645684747707,5.495305921235282,238.374594182118,77.10803236445541,222.35844290570083
31,6416.968067419713,0.0,-12.0,0.516486071752958,0.1837711388859768,0.6261659854990053,0.5501516577406942,88.7566370907599,7.855905610114736,57.689445942059265,226.45470296034904
31,6416.968067419713,0.0,-12.0,0.6072458816514875,0.18355567346630203,0.626148356367228,0.5916095257099069,61.65553531384946,247.83468434475205,24.09338100939754,226.61230468754655
31,6416.968067419713,0.0,-12.0,0.5820485886421263,0.19933802436578113,0.6197118708383215,0.621930618462108,23.361455990846615,209.01074094877507,76.60938500558959,222.35895092502304
31,6416.968067419713,0.0,-12.0,0.5819413545569704,0.1886776265131989,0.5976268313808503,0.5716545812654799,30.64378041936023,168.0814057373751,60.88634199282771,222.35431805671502
32,6416.9680674197125,0.0,-12.0,0.18246764822521427,0.1906500729852256,0.6261657571086907,0.6100316220588782,34.627376680211356,237.6253429146976,27.67597409512428,222.82126367333723
32,6416.9680674197125,0.0,-12.0,0.18246764822521427,0.18972130928258846,0.6261666391757212,0.6100316220588782,34.627376680211356,237.6253429146976,27.67597409512428,222.79869756656115
32,6416.9680674197125,0.0,-12.0,0.18246764822521427,0.18972130928258846,0.6261661470091634,0.6100316220588782,34.627376680211356,237.6253429146976,27.67597409512428,222.79869756656115
32,6416.9680674197125,0.0,-12.0,0.18246764822521427,0.1906500729852256,0.6261666797922315,0.6100316220588782,34.627376680211356,237.6253429146976,27.67597409512428,209.54417543397162
32,49.7851620761803,46.486405606463556,-12.0,0.3007128269058299,0.18833942775017348,0.10749699451988409,0.20942136569338798,23.135547185997243,3.0300329939651993,77.53840993486337,100.29026920776829
32,6416.9680674197125,0.0,-12.0,0.18246764822521427,0.18972130928258846,0.6261657164921804,0.6100316220588782,34.627376680211356,237.6253429146976,27.67597409512428,222.79869756656115
32,49.7851620761803,46.486405606463556,-12.0,0.3007128269058299,0.1883342588149518,0.10749699451988409,0.2088619806992859,23.139096712719027,3.0300329939651993,77.53840993486337,100.29026920776829
32,6416.9680674197125,0.0,-12.0,0.18246764822521427,0.1906500729852256,0.628439446086165,0.6155938684842703,34.627376680211356,230.60424896307708,27.06248356516943,79.65277550666576
32,6416.9680674197125,0.0,-12.0,0.18246764822521427,0.18972130928258846,0.6261479732187145,0.6100316220588782,34.627376680211356,237.6253429146976,25.225916133885427,222.34967019048497
32,49.7851620761803,46.486405606463556,-12.0,0.3007128269058299,0.18843797727869574,0.10752320053975561,0.20942136569338798,23.135547185997243,1.4976581514499685,77.53840993486337,100.29026920776829
32,48.3197982964924,46.57214739541548,-12.0,0.2586805262416876,0.18829249366647063,0.10749699451988409,0.2094473474472503,23.260300709183856,2.9601687627620947,65.980118574477,78.95406377661537
32,6416.9680674197125,0.0,-12.0,0.18246764822521427,0.1906500729852256,0.6261585444735382,0.6440304936673663,34.627376680211356,237.6253429146976,27.0840004959112,209.54417543397162
32,48.293159758348715,46.63835057658527,-12.0,0.25658692272286376,0.18827519136870793,0.10749699451988409,0.20751121006136428,23.260300709183856,3.03403202442091,65.68365201074398,78.95406377661537
32,6416.9680674197125,0.0,-12.0,0.19552645002549077,0.19063579105089992,0.6284017564668962,0.6155938684842703,34.627376680211356,229.8874343387417,27.06248356516943,201.52195802845483
32,6416.968067419713,0.0,-12.0,0.5727535735290876,0.18712627062638468,0.6222562577964317,0.5686695840811435,14.678071792754182,249.11488133210545,29.13996282171027,222.43525896618624
32,48.34966632546205,46.63835057658527,-12.0,0.29545878740388754,0.1883378383741556,0.10749699451988409,0.21879903719106095,21.757026910973593,2.9601687627620947,58.88167756466604,78.95406377661537
32,6416.968067419713,0.0,-12.0,0.5801277313560459,0.18359183193902723,0.6261664374480423,0.591983867258351,33.755251065626986,246.1212629265389,24.058034477876593,226.58394042052987
32,49.275953096499634,46.57214739541548,-12.0,0.30057012730800087,0.18844806731062053,0.10752380482474744,0.2085957455583362,21.757026910973593,2.9601687627620947,77.55241831283828,86.37043698658388
32,6416.968067419713,0.0,-12.0,0.5820512838740852,0.1903072577216231,0.5982782339862186,0.544536872979641,33.160293923183296,237.26023462670165,27.67597409512428,225.5237611461197
32,6416.968067419713,0.0,-12.0,0.5801277313560459,0.1875901289929399,0.6261664374480423,0.5449684781050852,33.755251065626986,246.12514302455963,23.676402859517772,222.35895092502304
32,6416.968067419713,0.0,-12.0,0.6084563378333637,0.18867620179953187,0.6252852224055695,0.6031754745371265,63.18232883023586,235.01233949299427,17.624730130841062,222.470014724651
32,6416.968067419713,0.0,-12.0,0.5559955382521271,0.18865125240488365,0.626148356367228,0.5915645684747707,5.495305921235282,238.374594182118,77.10803236445541,222.35844290570083
32,6416.968067419713,0.0,-12.0,0.6072458816514875,0.18146720815260367,0.6325210234488315,0.5445941365543733,61.65553531384946,247.8385644427205,23.71174939103872,222.38731519203975
32,6416.968067419713,0.0,-12.0,0.5859668291266007,0.18368209104187086,0.626148356367228,0.5353278974366682,61.65553531384946,248.86681797325073,24.057243750142458,212.87547222889276
32,6416.968067419713,0.0,-12.0,0.5819413545569704,0.1886776265131989,0.6072191454560927,0.6090758423507739,30.478850386066426,246.9796471125632,22.380894226119032,211.12692558415128
32,6416.968067419713,0.0,-12.0,0.5820601437063584,0.1880952301362769,0.6249573289521311,0.5761480344508798,27.168805354973642,236.62850534474322,60.20989669374896,222.3618858761327
32,6416.968067419713,0.0,-12.0,0.6072458816514875,0.18355567346630203,0.626148356367228,0.5916095257099069,61.65553531384946,247.83468434475205,24.09338100939754,226.61230468754655
32,6416.968067419713,0.0,-12.0,0.3392679473084625,0.12475348080573846,0.6261905642352432,0.5877852985668148,63.54439724359869,169.5118760861279,30.559056912200305,222.39826577118998
32,6416.968067419713,0.0,-12.0,0.6072350468879257,0.1837711388859768,0.6261659854990053,0.5325075823990618,88.7566370907599,226.31346585335814,68.456196643359,226.45470296034904
32,6416.968067419713,0.0,-12.0,0.5820512838740852,0.19053166948672304,0.6261657554254313,0.6219617864287537,33.04181868483406,238.49898495442943,27.73228454246021,222.40621915301975
32,6416.968067419713,0.0,-12.0,0.5579716613093476,0.1880952301362769,0.6249933078516839,0.6070355603200888,20.989195720869425,7.212011668917228,65.71751107990531,220.5691739114956
32,6416.968067419713,0.0,-12.0,0.5820493321163105,0.19068305906800345,0.6212725034160306,0.5349725713278375,13.56976236812644,238.29562778247794,68.43077565756207,222.40306824750616
32,6416.968067419713,0.0,-12.0,0.5820485886421263,0.19933802436578113,0.6197118708383215,0.621930618462108,23.361455990846615,209.01074094877507,76.60938500558959,222.35895092502304
32,6416.968067419713,0.0,-12.0,0.5819763733044537,0.1906500729852256,0.6212725034160306,0.5687095050075474,27.015600082522752,238.29562778247794,68.43077565756207,222.40495149469908
32,6416.968067419713,0.0,-12.0,0.516486071752958,0.1837711388859768,0.6261659854990053,0.5501516577406942,88.7566370907599,7.855905610114736,57.689445942059265,226.45470296034904
32,6416.968067419713,0.0,-12.0,0.5820512838740852,0.19053166948672304,0.6261657136185322,0.6219617864287537,34.59775826033675,238.49898495442943,27.675367725517123,218.76833491138564
32,6416.968067419713,0.0,-12.0,0.5819413545569704,0.1886776265131989,0.5976268313808503,0.5716545812654799,30.64378041936023,168.0814057373751,60.88634199282771,222.35431805671502
32,6416.968067419713,0.0,-12.0,0.5819775174852219,0.18722482015490693,0.6222585093197835,0.5686695840811435,21.126116876419687,249.76482449802387,29.13996282171027,222.43525896618624
32,6416.968067419713,0.0,-12.0,0.5819783363910531,0.18967072812998273,0.6262471630269769,0.571244591724009,21.009874297050313,238.27556686269926,67.9817879439045,222.453304159121
32,6416.968067419713,0.0,-12.0,0.5727535735290876,0.18712627062638468,0.6222443208383406,0.5686695840811435,14.99645820839423,249.11488133210545,68.33587565296119,222.43580112150437
32,6416.968067419713,0.0,-12.0,0.582051709092886,0.1906500729852256,0.6262047072190973,0.6068513030003552,20.83599044841854,237.6528408316819,68.43077565756207,220.61328779278466
32,6416.968067419713,0.0,-12.0,0.5820507953343826,0.18867988856785595,0.6261558579424098,0.6084418805237772,34.645077607620046,249.88253363609434,27.67597409512428,210.3738852974581
32,6416.968067419713,0.0,-12.0,0.5821171440771891,0.18368209104187086,0.626148356367228,0.5353278974366682,61.65553531384946,248.86681797325073,24.06494828604122,212.87547222889276
32,6416.968067419713,0.0,-12.0,0.5820512838740852,0.19053166948672304,0.6262936522784666,0.5683190429745916,33.2900813016489,237.4673508159509,78.92287584108215,242.51450259769598
32,6416.968067419713,0.0,-12.0,0.5554934689506974,0.18866255516808217,0.6261427627126397,0.5365139349726441,5.826203558037747,238.37332863844603,27.808060522543364,196.6416679396135
32,6416.968067419713,0.0,-12.0,0.5819775174852219,0.18904271069685802,0.6222585093197835,0.6098975964145905,0.6522589042825162,249.76482449802387,29.181493339533887,222.4246724170591
32,6416.968067419713,0.0,-12.0,0.5820601437063584,0.1880952301362769,0.6249933078516839,0.6070355603200888,20.989195720869425,236.61824214922905,60.20989669374896,220.5691739114956
32,6416.968067419713,0.0,-12.0,0.6072434648801621,0.18864101284589418,0.626148356367228,0.5278229605205338,62.58524237112181,238.39609857724116,59.64235795755613,222.35505948693697
33,6416.9680674197125,0.0,-12.0,0.18246764822521427,0.1906500729852256,0.6261657571086907,0.6100316220588782,34.627376680211356,237.6253429146976,27.67597409512428,222.82126367333723
33,6416.9680674197125,0.0,-12.0,0.18246764822521427,0.18972130928258846,0.6261666391757212,0.6100316220588782,34.627376680211356,237.6253429146976,27.67597409512428,222.79869756656115
33,6416.9680674197125,0.0,-12.0,0.18246764822521427,0.18972130928258846,0.6261661470091634,0.6100316220588782,34.627376680211356,237.6253429146976,27.67597409512428,222.79869756656115
33,6416.9680674197125,0.0,-12.0,0.18246764822521427,0.1906500729852256,0.6261666797922315,0.6100316220588782,34.627376680211356,237.6253429146976,27.67597409512428,209.54417543397162
33,49.7851620761803,46.486405606463556,-12.0,0.3007128269058299,0.18833942775017348,0.10749699451988409,0.20942136569338798,23.135547185997243,3.0300329939651993,77.53840993486337,100.29026920776829
33,6416.9680674197125,0.0,-12.0,0.18246764822521427,0.18972130928258846,0.6261657164921804,0.6100316220588782,34.627376680211356,237.6253429146976,27.67597409512428,222.79869756656115
33,49.7851620761803,46.486405606463556,-12.0,0.3007128269058299,0.1883342588149518,0.10749699451988409,0.2088619806992859,23.139096712719027,3.0300329939651993,77.53840993486337,100.29026920776829
33,6416.9680674197125,0.0,-12.0,0.18246764822521427,0.1906500729852256,0.628439446086165,0.6155938684842703,34.627376680211356,230.60424896307708,27.06248356516943,79.65277550666576
33,6416.9680674197125,0.0,-12.0,0.18246764822521427,0.18972130928258846,0.6261479732187145,0.6100316220588782,34.627376680211356,237.6253429146976,25.225916133885427,222.34967019048497
33,49.7851620761803,46.486405606463556,-12.0,0.3007128269058299,0.18843797727869574,0.10752320053975561,0.20942136569338798,23.135547185997243,1.4976581514499685,77.53840993486337,100.29026920776829
33,48.3197982964924,46.57214739541548,-12.0,0.2586805262416876,0.18829249366647063,0.10749699451988409,0.2094473474472503,23.260300709183856,2.9601687627620947,65.980118574477,78.95406377661537
33,6416.9680674197125,0.0,-12.0,0.18246764822521427,0.1906500729852256,0.6261585444735382,0.6440304936673663,34.627376680211356,237.6253429146976,27.0840004959112,209.54417543397162
33,48.293159758348715,46.63835057658527,-12.0,0.25658692272286376,0.18827519136870793,0.10749699451988409,0.20751121006136428,23.260300709183856,3.03403202442091,65.68365201074398,78.95406377661537
33,6416.9680674197125,0.0,-12.0,0.19552645002549077,0.19063579105089992,0.6284017564668962,0.6155938684842703,34.627376680211356,229.8874343387417,27.06248356516943,201.52195802845483
33,48.3197982964924,46.57214739541548,-12.0,0.25871105637456626,0.18829249366647063,0.10749699451988409,0.20884576023727872,23.256545873096357,3.0303835215151005,65.980118574477,78.95406377661537
33,6416.9680674197125,0.0,-12.0,0.18246764822521427,0.18972130928258846,0.6261479732187145,0.6100316220588782,34.627376680211356,235.6200091592414,25.225916133885427,222.34967019048497
33,6416.9680674197125,0.0,-12.0,0.18246764822521427,0.18971809763485364,0.6261636051429263,0.6100316220588782,34.627376680211356,237.6253429146976,25.25602870215777,222.35438580186468
33,6416.9680674197125,0.0,-12.0,0.19552645002549077,0.19063579105089992,0.6283931772965161,0.6292966959155172,34.627376680211356,229.42626317449745,27.06248356516943,201.52195802845483
33,49.7851620761803,46.486405606463556,-12.0,0.3006822967729512,0.1883342588149518,0.10749699451988409,0.2094635679092575,23.142851548806526,2.9598182352121936,77.53840993486337,100.29026920776829
33,49.7851620761803,46.486405606463556,-12.0,0.3007128269058299,0.18843797727869574,0.08387695496062615,0.20942136569338798,23.135547185997243,1.4976581514499685,77.53840993486337,100.29026920776829
33,6416.9680674197125,0.0,-12.0,0.18246764822521427,0.18972130928258846,0.6261657164921804,0.6100316220588782,34.627376680211356,238.22177760513546,27.67597409512428,219.47727215190088
33,48.34966632546205,46.63835057658527,-12.0,0.29545878740388754,0.1883378383741556,0.10749699451988409,0.21879903719106095,21.757026910973593,2.9601687627620947,58.88167756466604,78.95406377661537
33,6416.968067419713,0.0,-12.0,0.5727535735290876,0.18726865737094545,0.6222562577964317,0.5685583881043168,14.678071792754182,249.11488133210545,25.26435527143916,222.43525896618624
33,6416.968067419713,0.0,-12.0,0.5727535735290876,0.18712627062638468,0.6222562577964317,0.5686695840811435,14.678071792754182,249.11488133210545,29.13996282171027,222.43525896618624
33,49.275953096499634,46.57214739541548,-12.0,0.30057012730800087,0.18844806731062053,0.10752380482474744,0.2085957455583362,21.757026910973593,2.9601687627620947,77.55241831283828,86.37043698658388
33,6416.968067419713,0.0,-12.0,0.5820507953343826,0.18867988856785595,0.6261558579424098,0.6084418805237772,34.645077607620046,249.88253363609434,27.67597409512428,210.3738852974581
33,6416.968067419713,0.0,-12.0,0.5579716613093476,0.1880952301362769,0.6249933078516839,0.6070355603200888,20.989195720869425,7.212011668917228,65.71751107990531,220.5691739114956
33,6416.968067419713,0.0,-12.0,0.6072350468879257,0.1837711388859768,0.6261659854990053,0.5325075823990618,88.7566370907599,226.31346585335814,68.456196643359,226.45470296034904
33,6416.968067419713,0.0,-12.0,0.6084563378333637,0.18867620179953187,0.6252852224055695,0.6031754745371265,63.18232883023586,235.01233949299427,17.624730130841062,222.470014724651
33,6416.968067419713,0.0,-12.0,0.5820512838740852,0.1903072577216231,0.5982782339862186,0.544536872979641,33.160293923183296,237.26023462670165,27.67597409512428,225.5237611461197
33,6416.968067419713,0.0,-12.0,0.3392679473084625,0.12475348080573846,0.6261905642352432,0.5877852985668148,63.54439724359869,169.5118760861279,30.559056912200305,222.39826577118998
33,6416.968067419713,0.0,-12.0,0.5819763733044537,0.1906500729852256,0.6212725034160306,0.5687095050075474,27.015600082522752,238.29562778247794,68.43077565756207,222.40495149469908
33,6416.968067419713,0.0,-12.0,0.5820601437063584,0.1880952301362769,0.6249933078516839,0.6070355603200888,20.989195720869425,236.61824214922905,60.20989669374896,220.5691739114956
33,6416.968067419713,0.0,-12.0,0.5801277313560459,0.18359183193902723,0.6261664374480423,0.598897781065995,33.755251065626986,246.1212629265389,24.058034477876593,226.58394042052987
33,6416.968067419713,0.0,-12.0,0.5819775174852219,0.18904271069685802,0.6222585093197835,0.6098975964145905,0.6522589042825162,249.76482449802387,29.181493339533887,222.4246724170591
33,6416.968067419713,0.0,-12.0,0.5820601437063584,0.1880952301362769,0.6249573289521311,0.5761480344508798,27.168805354973642,236.62850534474322,60.20989669374896,222.3618858761327
33,6416.968067419713,0.0,-12.0,0.5727535735290876,0.18979429018104282,0.6222562577964317,0.5686695840811435,35.7695215254761,219.39708192208522,29.087119389017346,222.43525896618624
33,6416.968067419713,0.0,-12.0,0.6072458816514875,0.18146720815260367,0.6325210234488315,0.5445941365543733,61.65553531384946,247.8385644427205,23.71174939103872,222.38731519203975
33,6416.968067419713,0.0,-12.0,0.5820493321163105,0.19068305906800345,0.6339666466184665,0.5349725713278375,13.56976236812644,238.29562778247794,68.43077565756207,222.40306824750616
33,6416.968067419713,0.0,-12.0,0.5820485886421263,0.19933802436578113,0.6197118708383215,0.621930618462108,23.361455990846615,209.01074094877507,76.60938500558959,222.35895092502304
33,6416.968067419713,0.0,-12.0,0.5821171440771891,0.18368209104187086,0.626148356367228,0.5353278974366682,61.65553531384946,248.86681797325073,24.06494828604122,212.87547222889276
33,6416.968067419713,0.0,-12.0,0.5820493321163105,0.19068305906800345,0.6212725034160306,0.5349725713278375,13.56976236812644,238.29562778247794,68.43077565756207,222.40306824750616
33,6416.968067419713,0.0,-12.0,0.5846564419314083,0.18904271069685802,0.6222585093197835,0.6095836812372111,0.6522589042825162,249.76482449802387,27.23604020322352,222.4246724170591
33,6416.968067419713,0.0,-12.0,0.5820512838740852,0.19053166948672304,0.6261657136185322,0.6219617864287537,34.59775826033675,238.49898495442943,27.675367725517123,218.76833491138564
33,6416.968067419713,0.0,-12.0,0.5819775174852219,0.18722482015490693,0.6222585093197835,0.5686695840811435,21.126116876419687,249.76482449802387,29.13996282171027,222.43525896618624
33,6416.968067419713,0.0,-12.0,0.5820512838740852,0.19053166948672304,0.6261657554254313,0.6219617864287537,33.04181868483406,238.49898495442943,27.73228454246021,222.40621915301975
33,6416.968067419713,0.0,-12.0,0.6072434648801621,0.18864101284589418,0.626148356367228,0.5349596054818465,62.58524237112181,248.5150331021219,59.64235795755613,212.84245858511923
33,6416.968067419713,0.0,-12.0,0.5819783363910531,0.18967072812998273,0.6262471630269769,0.571244591724009,21.009874297050313,238.27556686269926,67.9817879439045,222.453304159121
34,6416.9680674197125,0.0,-12.0,0.18246764822521427,0.1906500729852256,0.6261657571086907,0.6100316220588782,34.627376680211356,237.6253429146976,27.67597409512428,222.82126367333723
34,6416.9680674197125,0.0,-12.0,0.18246764822521427,0.18972130928258846,0.6261666391757212,0.6100316220588782,34.627376680211356,237.6253429146976,27.67597409512428,222.79869756656115
34,6416.9680674197125,0.0,-12.0,0.18246764822521427,0.18972130928258846,0.6261661470091634,0.6100316220588782,34.627376680211356,237.6253429146976,27.67597409512428,222.79869756656115
34,6416.9680674197125,0.0,-12.0,0.18246764822521427,0.1906500729852256,0.6261666797922315,0.6100316220588782,34.627376680211356,237.6253429146976,27.67597409512428,209.54417543397162
34,49.7851620761803,46.486405606463556,-12.0,0.3007128269058299,0.18833942775017348,0.10749699451988409,0.20942136569338798,23.135547185997243,3.0300329939651993,77.53840993486337,100.29026920776829
34,6416.9680674197125,0.0,-12.0,0.18246764822521427,0.18972130928258846,0.6261657164921804,0.6100316220588782,34.627376680211356,237.6253429146976,27.67597409512428,222.79869756656115
34,49.7851620761803,46.486405606463556,-12.0,0.3007128269058299,0.1883342588149518,0.10749699451988409,0.2088619806992859,23.139096712719027,3.0300329939651993,77.53840993486337,100.29026920776829
34,6416.9680674197125,0.0,-12.0,0.18246764822521427,0.1906500729852256,0.628439446086165,0.6155938684842703,34.627376680211356,230.60424896307708,27.06248356516943,79.65277550666576
34,6416.9680674197125,0.0,-12.0,0.18246764822521427,0.18972130928258846,0.6261479732187145,0.6100316220588782,34.627376680211356,237.6253429146976,25.225916133885427,222.34967019048497
34,49.7851620761803,46.486405606463556,-12.0,0.3007128269058299,0.18843797727869574,0.10752320053975561,0.20942136569338798,23.135547185997243,1.4976581514499685,77.53840993486337,100.29026920776829
34,48.3197982964924,46.57214739541548,-12.0,0.2586805262416876,0.18829249366647063,0.10749699451988409,0.2094473474472503,23.260300709183856,2.9601687627620947,65.980118574477,78.95406377661537
34,6416.9680674197125,0.0,-12.0,0.18246764822521427,0.1906500729852256,0.6261585444735382,0.6440304936673663,34.627376680211356,237.6253429146976,27.0840004959112,209.54417543397162
34,48.293159758348715,46.63835057658527,-12.0,0.25658692272286376,0.18827519136870793,0.10749699451988409,0.20751121006136428,23.260300709183856,3.03403202442091,65.68365201074398,78.95406377661537
34,6416.9680674197125,0.0,-12.0,0.19552645002549077,0.19063579105089992,0.6284017564668962,0.6155938684842703,34.627376680211356,229.8874343387417,27.06248356516943,201.52195802845483
34,48.3197982964924,46.57214739541548,-12.0,0.25871105637456626,0.18829249366647063,0.10749699451988409,0.20884576023727872,23.256545873096357,3.0303835215151005,65.980118574477,78.95406377661537
34,6416.9680674197125,0.0,-12.0,0.18246764822521427,0.18972130928258846,0.6261479732187145,0.6100316220588782,34.627376680211356,235.6200091592414,25.225916133885427,222.34967019048497
34,6416.9680674197125,0.0,-12.0,0.18246764822521427,0.18971809763485364,0.6261636051429263,0.6100316220588782,34.627376680211356,237.6253429146976,25.25602870215777,222.35438580186468
34,6416.9680674197125,0.0,-12.0,0.19552645002549077,0.19063579105089992,0.6283931772965161,0.6292966959155172,34.627376680211356,229.42626317449745,27.06248356516943,201.52195802845483
34,49.7851620761803,46.486405606463556,-12.0,0.3006822967729512,0.1883342588149518,0.10749699451988409,0.2094635679092575,23.142851548806526,2.9598182352121936,77.53840993486337,100.29026920776829
34,49.7851620761803,46.486405606463556,-12.0,0.3007128269058299,0.18843797727869574,0.08387695496062615,0.20942136569338798,23.135547185997243,1.4976581514499685,77.53840993486337,100.29026920776829
34,6416.9680674197125,0.0,-12.0,0.18246764822521427,0.18972130928258846,0.6261657164921804,0.6100316220588782,34.627376680211356,238.22177760513546,27.67597409512428,219.47727215190088
34,48.3197982964924,46.57214739541548,-12.0,0.25928147562661463,0.1883377804781233,0.11625849999528026,0.20923733428529345,23.260432971903114,2.9601687627620947,65.980118574477,78.95406377661537
34,6416.9680674197125,0.0,-12.0,0.18246764822521427,0.18972130928258846,0.6261472799488544,0.5739328435523576,34.627376680211356,237.6253429146976,26.921481812218232,221.7950308563451
34,6416.9680674197125,0.0,-12.0,0.18246764822521427,0.1906500729852256,0.6282675652640093,0.6155938684842703,34.627376680211356,230.60424896307708,27.06248356516943,79.65277550666576
34,6416.9680674197125,0.0,-12.0,0.18246764822521427,0.18972130928258846,0.6261657164921804,0.6100316220588782,34.627376680211356,236.1276806699884,24.35484441361376,219.47727215190088
34,6416.9680674197125,0.0,-12.0,0.18246764822521427,0.1906500729852256,0.6261666797922315,0.6100316220588782,34.627376680211356,223.06788068844895,27.67597409512428,209.54417543397162
34,49.7851620761803,46.486405606463556,-12.0,0.3007124367049049,0.18833942775017348,0.10749699451988409,0.2086604776803785,23.112141548908063,3.0300329939651993,86.98540172840515,85.8020848510002
34,6416.968067419713,0.0,-12.0,0.5727535735290876,0.18726865737094545,0.6222562577964317,0.5685583881043168,14.678071792754182,249.11488133210545,25.26435527143916,222.43525896618624
34,6416.968067419713,0.0,-12.0,0.18267979922321267,0.1906500729852256,0.6269794306198371,0.6100316220588782,23.092500686146245,237.6253429146976,27.67597409512428,77.10983331376399
34,48.316545614018786,48.17219205928449,-12.0,0.23724794663194546,0.18829638753705213,0.10812807684569914,0.20882819077568585,23.135547185997243,3.006356462136103,77.04837771144416,78.709006419978
34,49.275953096499634,46.57214739541548,-12.0,0.30057012730800087,0.18844806731062053,0.10752380482474744,0.2085957455583362,21.757026910973593,2.9601687627620947,77.55241831283828,86.37043698658388
34,48.34966632546205,46.63835057658527,-12.0,0.29545878740388754,0.18829255156250294,0.10749699451988409,0.21900905035301776,21.75689464825433,2.9601687627620947,58.88167756466604,78.95406377661537
34,48.34966632546205,46.63835057658527,-12.0,0.29545878740388754,0.1883378383741556,0.10749699451988409,0.21879903719106095,21.757026910973593,2.9601687627620947,58.88167756466604,78.95406377661537
34,6416.968067419713,0.0,-12.0,0.6084563378333637,0.18867620179953187,0.6252852224055695,0.6031754745371265,63.18232883023586,235.01233949299427,17.624730130841062,222.470014724651
34,6416.968067419713,0.0,-12.0,0.5819775174852219,0.18722482015490693,0.6222585093197835,0.5686695840811435,21.126116876419687,249.76482449802387,29.13996282171027,222.43525896618624
34,6416.968067419713,0.0,-12.0,0.5727535735290876,0.18712627062638468,0.6222562577964317,0.5686695840811435,14.678071792754182,249.11488133210545,29.13996282171027,222.43525896618624
34,6416.968067419713,0.0,-12.0,0.5801277313560459,0.18359183193902723,0.6261664374480423,0.598897781065995,33.755251065626986,246.1212629265389,24.058034477876593,226.58394042052987
34,6416.968067419713,0.0,-12.0,0.5579716613093476,0.1880952301362769,0.6249933078516839,0.6070355603200888,20.989195720869425,7.212011668917228,65.71751107990531,220.5691739114956
34,6416.968067419713,0.0,-12.0,0.5820512838740852,0.1903072577216231,0.5982782339862186,0.544536872979641,33.160293923183296,237.26023462670165,27.67597409512428,225.5237611461197
34,6416.968067419713,0.0,-12.0,0.5820507953343826,0.18867988856785595,0.6261558579424098,0.6084418805237772,34.645077607620046,249.88253363609434,27.67597409512428,210.3738852974581
34,6416.968067419713,0.0,-12.0,0.5819763733044537,0.1906500729852256,0.6212725034160306,0.5687095050075474,27.015600082522752,238.29562778247794,68.43077565756207,222.40495149469908
34,6416.968067419713,0.0,-12.0,0.5820512838740852,0.19053166948672304,0.6261657136185322,0.6219617864287537,34.59775826033675,245.49472113315807,70.54249656064387,218.71744080918597
34,6416.968067419713,0.0,-12.0,0.5846564419314083,0.18904271069685802,0.6222585093197835,0.6095836812372111,0.6522589042825162,249.76482449802387,27.23604020322352,222.4246724170591
34,6416.968067419713,0.0,-12.0,0.5820512838740852,0.19053166948672304,0.6261657136185322,0.6219617864287537,34.59775826033675,238.49898495442943,27.675367725517123,218.76833491138564
34,6416.968067419713,0.0,-12.0,0.5820512838740852,0.19053166948672304,0.6261657554254313,0.6219617864287537,33.04181868483406,238.49898495442943,27.73228454246021,222.40621915301975
34,6416.968067419713,0.0,-12.0,0.5820493321163105,0.19068305906800345,0.6339666466184665,0.5349725713278375,13.56976236812644,238.29562778247794,68.43077565756207,222.40306824750616
34,6416.968067419713,0.0,-12.0,0.6072350468879257,0.1837711388859768,0.6261659854990053,0.5325075823990618,88.7566370907599,226.31346585335814,68.456196643359,226.45470296034904
34,6416.968067419713,0.0,-12.0,0.5727535735290876,0.18726865737094545,0.6222562577964317,0.6131081015919141,14.236876638872042,249.34955864159187,27.573575392240258,222.41562877010486
35,6416.9680674197125,0.0,-12.0,0.18246764822521427,0.1906500729852256,0.6261657571086907,0.6100316220588782,34.627376680211356,237.6253429146976,27.67597409512428,222.82126367333723
35,6416.9680674197125,0.0,-12.0,0.18246764822521427,0.18972130928258846,0.6261666391757212,0.6100316220588782,34.627376680211356,237.6253429146976,27.67597409512428,222.79869756656115
35,6416.9680674197125,0.0,-12.0,0.18246764822521427,0.18972130928258846,0.6261661470091634,0.6100316220588782,34.627376680211356,237.6253429146976,27.67597409512428,222.79869756656115
35,6416.9680674197125,0.0,-12.0,0.18246764822521427,0.1906500729852256,0.6261666797922315,0.6100316220588782,34.627376680211356,237.6253429146976,27.67597409512428,209.54417543397162
35,6416.9680674197125,0.0,-12.0,0.18246764822521427,0.18972130928258846,0.6261657164921804,0.6100316220588782,34.627376680211356,237.6253429146976,27.67597409512428,222.79869756656115
35,6416.9680674197125,0.0,-12.0,0.18246764822521427,0.1906500729852256,0.628439446086165,0.6155938684842703,34.627376680211356,230.60424896307708,27.06248356516943,79.65277550666576
35,6416.9680674197125,0.0,-12.0,0.18246764822521427,0.18972130928258846,0.6261479732187145,0.6100316220588782,34.627376680211356,237.6253429146976,25.225916133885427,222.34967019048497
35,6416.9680674197125,0.0,-12.0,0.18246764822521427,0.1906500729852256,0.6261585444735382,0.6440304936673663,34.627376680211356,237.6253429146976,27.0840004959112,209.54417543397162
35,6416.9680674197125,0.0,-12.0,0.19552645002549077,0.19063579105089992,0.6284017564668962,0.6155938684842703,34.627376680211356,229.8874343387417,27.06248356516943,201.52195802845483
35,6416.9680674197125,0.0,-12.0,0.18246764822521427,0.18972130928258846,0.6261479732187145,0.6100316220588782,34.627376680211356,235.6200091592414,25.225916133885427,222.34967019048497
35,6416.9680674197125,0.0,-12.0,0.18246764822521427,0.18971809763485364,0.6261636051429263,0.6100316220588782,34.627376680211356,237.6253429146976,25.25602870215777,222.35438580186468
35,6416.9680674197125,0.0,-12.0,0.19552645002549077,0.19063579105089992,0.6283931772965161,0.6292966959155172,34.627376680211356,229.42626317449745,27.06248356516943,201.52195802845483
35,6416.9680674197125,0.0,-12.0,0.18246764822521427,0.18972130928258846,0.6261657164921804,0.6100316220588782,34.627376680211356,238.22177760513546,27.67597409512428,219.47727215190088
35,6416.9680674197125,0.0,-12.0,0.18246764822521427,0.18972130928258846,0.6261472799488544,0.5739328435523576,34.627376680211356,237.6253429146976,26.921481812218232,221.7950308563451
35,6416.9680674197125,0.0,-12.0,0.18246764822521427,0.1906500729852256,0.6282675652640093,0.6155938684842703,34.627376680211356,230.60424896307708,27.06248356516943,79.65277550666576
35,6416.9680674197125,0.0,-12.0,0.18246764822521427,0.18972130928258846,0.6261657164921804,0.6100316220588782,34.627376680211356,236.1276806699884,24.35484441361376,219.47727215190088
35,6416.9680674197125,0.0,-12.0,0.18246764822521427,0.1906500729852256,0.6261666797922315,0.6100316220588782,34.627376680211356,223.06788068844895,27.67597409512428,209.54417543397162
35,6416.9680674197125,0.0,-12.0,0.18246764822521427,0.1906500729852256,0.6261585444735382,0.6489185657338095,34.627376680211356,237.6253429146976,27.0840004959112,209.54417543397162
35,42.511120037351915,39.99950000321371,-12.0,0.30241725536954256,0.18844829526785933,0.10752320053975561,0.21755457438274053,3.5325140963312833,1.4976581514499685,77.53840993486337,101.3677627967788
35,40.22580472722961,40.2258047272296,-12.0,0.266105798151498,0.24631581145609271,0.10236100249129217,0.21879903719106095,1.678475939001146,1.4549330348529514,58.88167756466604,78.95406377661537
35,6416.9680674197125,0.0,-12.0,0.18246764822521427,0.1906547563385482,0.6262313727486732,0.6100316220588782,34.627376680211356,235.78980233099853,27.026320201698248,79.582151552797
35,6416.9680674197125,0.0,-12.0,0.18403025352570884,0.18966413018208564,0.6261657571086907,0.6341439820099952,34.627376680211356,240.26400309837126,24.27155009600707,222.322512667366
35,43.32604439186147,43.32604439186146,-12.0,0.2791754672427224,0.18829638753705213,0.10812807684569914,0.20882819077568585,10.890741730311367,3.006356462136103,77.04837771144416,78.709006419978
35,6416.968067419713,0.0,-12.0,0.5727535735290876,0.18726865737094545,0.6222562577964317,0.5685583881043168,14.678071792754182,249.11488133210545,25.26435527143916,222.43525896618624
35,6416.968067419713,0.0,-12.0,0.18267979922321267,0.1906500729852256,0.6269794306198371,0.6100316220588782,23.092500686146245,237.6253429146976,27.67597409512428,77.10983331376399
35,6416.968067419713,0.0,-12.0,0.6084563378333637,0.18867620179953187,0.6252852224055695,0.6031754745371265,63.18232883023586,235.01233949299427,17.624730130841062,222.470014724651
35,6416.968067419713,0.0,-12.0,0.5819775174852219,0.18722482015490693,0.6222585093197835,0.5686695840811435,21.126116876419687,249.76482449802387,29.13996282171027,222.43525896618624
35,6416.968067419713,0.0,-12.0,0.5727535735290876,0.18712627062638468,0.6222562577964317,0.5686695840811435,14.678071792754182,249.11488133210545,29.13996282171027,222.43525896618624
35,6416.968067419713,0.0,-12.0,0.5801277313560459,0.18359183193902723,0.6261664374480423,0.598897781065995,33.755251065626986,246.1212629265389,24.058034477876593,226.58394042052987
35,6416.968067419713,0.0,-12.0,0.5579716613093476,0.1880952301362769,0.6249933078516839,0.6070355603200888,20.989195720869425,7.212011668917228,65.71751107990531,220.5691739114956
35,6416.968067419713,0.0,-12.0,0.5820512838740852,0.1903072577216231,0.5982782339862186,0.544536872979641,33.160293923183296,237.26023462670165,27.67597409512428,225.5237611461197
35,6416.968067419713,0.0,-12.0,0.5820507953343826,0.18867988856785595,0.6261558579424098,0.6084418805237772,34.645077607620046,249.88253363609434,27.67597409512428,210.3738852974581
35,6416.968067419713,0.0,-12.0,0.5819763733044537,0.1906500729852256,0.6212725034160306,0.5687095050075474,27.015600082522752,238.29562778247794,68.43077565756207,222.40495149469908
35,6416.968067419713,0.0,-12.0,0.5820512838740852,0.19053166948672304,0.6261657136185322,0.6219617864287537,34.59775826033675,245.49472113315807,70.54249656064387,218.71744080918597
35,6416.968067419713,0.0,-12.0,0.5846564419314083,0.18904271069685802,0.6222585093197835,0.6095836812372111,0.6522589042825162,249.76482449802387,27.23604020322352,222.4246724170591
35,6416.968067419713,0.0,-12.0,0.5820512838740852,0.19053166948672304,0.6261657136185322,0.6219617864287537,34.59775826033675,238.49898495442943,27.675367725517123,218.76833491138564
35,6416.968067419713,0.0,-12.0,0.5820512838740852,0.19053166948672304,0.6261657554254313,0.6219617864287537,33.04181868483406,238.49898495442943,27.73228454246021,222.40621915301975
35,6416.968067419713,0.0,-12.0,0.5820493321163105,0.19068305906800345,0.6339666466184665,0.5349725713278375,13.56976236812644,238.29562778247794,68.43077565756207,222.40306824750616
35,6416.968067419713,0.0,-12.0,0.6072350468879257,0.1837711388859768,0.6261659854990053,0.5325075823990618,88.7566370907599,226.31346585335814,68.456196643359,226.45470296034904
35,6416.968067419713,0.0,-12.0,0.5727535735290876,0.18726865737094545,0.6222562577964317,0.6131081015919141,14.236876638872042,249.34955864159187,27.573575392240258,222.41562877010486
35,6416.968067419713,0.0,-12.0,0.18561299210654825,0.190651244953204,0.6283325372609453,0.5705047030015276,27.695976314427348,238.7023282080206,27.06248356516943,223.33618037503416
35,6416.968067419713,0.0,-12.0,0.18652767130371153,0.1906500729852256,0.6260928037750427,0.6100151118296603,37.22638639399692,237.6253429146976,27.68906316007285,222.81704656082474
35,6416.968067419713,0.0,-12.0,0.5426367685559855,0.18970305912270327,0.6261477539263092,0.6219617864287537,34.59878009524469,238.71876419628708,61.33537558904222,242.08580645529702
35,6416.968067419713,0.0,-12.0,0.5727535735290876,0.18726865737094545,0.6222562577964317,0.5685583881043168,14.895742594563691,249.11488133210545,27.500871058973956,222.43525896618624
35,6416.968067419713,0.0,-12.0,0.5846564419314083,0.18904271069685802,0.6223314626534316,0.609600191466429,0.14008122158687186,249.76482449802387,27.22295113827495,222.42888952957156
35,6416.968067419713,0.0,-12.0,0.6084563378333637,0.19067286273322495,0.6252852224055695,0.6031754745371265,63.41062158672435,235.01233949299427,17.624730130841062,210.54212518634134
35,6416.968067419713,0.0,-12.0,0.5820512838740852,0.19053166948672304,0.6261657136185322,0.6219617864287537,34.38008761336707,238.49898495442943,25.438851937982328,171.61012539987814
35,6416.968067419714,0.0,-12.0,0.5469651215642397,0.1906500729852256,0.6284246516322214,0.6072362726180065,34.42973422253812,230.60424896307708,27.06248356516943,79.54940053106553
36,6416.9680674197125,0.0,-12.0,0.18246764822521427,0.1906500729852256,0.6261657571086907,0.6100316220588782,34.627376680211356,237.6253429146976,27.67597409512428,222.82126367333723
36,6416.9680674197125,0.0,-12.0,0.18246764822521427,0.18972130928258846,0.6261666391757212,0.6100316220588782,34.627376680211356,237.6253429146976,27.67597409512428,222.79869756656115
36,6416.9680674197125,0.0,-12.0,0.18246764822521427,0.18972130928258846,0.6261661470091634,0.6100316220588782,34.627376680211356,237.6253429146976,27.67597409512428,222.79869756656115
36,6416.9680674197125,0.0,-12.0,0.18246764822521427,0.1906500729852256,0.6261666797922315,0.6100316220588782,34.627376680211356,237.6253429146976,27.67597409512428,209.54417543397162
36,6416.9680674197125,0.0,-12.0,0.18246764822521427,0.18972130928258846,0.6261657164921804,0.6100316220588782,34.627376680211356,237.6253429146976,27.67597409512428,222.79869756656115
36,6416.9680674197125,0.0,-12.0,0.18246764822521427,0.1906500729852256,0.628439446086165,0.6155938684842703,34.627376680211356,230.60424896307708,27.06248356516943,79.65277550666576
36,6416.9680674197125,0.0,-12.0,0.18246764822521427,0.18972130928258846,0.6261479732187145,0.6100316220588782,34.627376680211356,237.6253429146976,25.225916133885427,222.34967019048497
36,6416.9680674197125,0.0,-12.0,0.18246764822521427,0.1906500729852256,0.6261585444735382,0.6440304936673663,34.627376680211356,237.6253429146976,27.0840004959112,209.54417543397162
36,6416.9680674197125,0.0,-12.0,0.19552645002549077,0.19063579105089992,0.6284017564668962,0.6155938684842703,34.627376680211356,229.8874343387417,27.06248356516943,201.52195802845483
36,6416.9680674197125,0.0,-12.0,0.18246764822521427,0.18972130928258846,0.6261479732187145,0.6100316220588782,34.627376680211356,235.6200091592414,25.225916133885427,222.34967019048497
36,6416.9680674197125,0.0,-12.0,0.18246764822521427,0.18971809763485364,0.6261636051429263,0.6100316220588782,34.627376680211356,237.6253429146976,25.25602870215777,222.35438580186468
36,6416.9680674197125,0.0,-12.0,0.19552645002549077,0.19063579105089992,0.6283931772965161,0.6292966959155172,34.627376680211356,229.42626317449745,27.06248356516943,201.52195802845483
36,6416.9680674197125,0.0,-12.0,0.18246764822521427,0.18972130928258846,0.6261657164921804,0.6100316220588782,34.627376680211356,238.22177760513546,27.67597409512428,219.47727215190088
36,6416.9680674197125,0.0,-12.0,0.18246764822521427,0.18972130928258846,0.6261472799488544,0.5739328435523576,34.627376680211356,237.6253429146976,26.921481812218232,221.7950308563451
36,6416.9680674197125,0.0,-12.0,0.18246764822521427,0.1906500729852256,0.6282675652640093,0.6155938684842703,34.627376680211356,230.60424896307708,27.06248356516943,79.65277550666576
36,6416.9680674197125,0.0,-12.0,0.18246764822521427,0.18972130928258846,0.6261657164921804,0.6100316220588782,34.627376680211356,236.1276806699884,24.35484441361376,219.47727215190088
36,6416.9680674197125,0.0,-12.0,0.18246764822521427,0.1906500729852256,0.6261666797922315,0.6100316220588782,34.627376680211356,223.06788068844895,27.67597409512428,209.54417543397162
36,6416.9680674197125,0.0,-12.0,0.18246764822521427,0.1906500729852256,0.6261585444735382,0.6489185657338095,34.627376680211356,237.6253429146976,27.0840004959112,209.54417543397162
36,6416.9680674197125,0.0,-12.0,0.18246764822521427,0.1906547563385482,0.6262313727486732,0.6100316220588782,34.627376680211356,235.78980233099853,27.026320201698248,79.582151552797
36,6416.9680674197125,0.0,-12.0,0.18403025352570884,0.18966413018208564,0.6261657571086907,0.6341439820099952,34.627376680211356,240.26400309837126,24.27155009600707,222.322512667366
36,6416.9680674197125,0.0,-12.0,0.18246764822521427,0.1906500729852256,0.6261666797922315,0.6100316220588782,34.627376680211356,237.6253429146976,27.67597409512428,199.20921946394324
36,6416.9680674197125,0.0,-12.0,0.18246764822521427,0.18972130928258846,0.6261657164921804,0.6100316220588782,34.627376680211356,224.58920785249094,27.67597409512428,219.62828681833048
36,6416.9680674197125,0.0,-12.0,0.18246764822521427,0.18972130928258846,0.6261481095721312,0.6100316220588782,34.627376680211356,237.6253429146976,25.225916133885427,222.34037508594122
36,6416.9680674197125,0.0,-12.0,0.18246764822521427,0.18972130928258846,0.6261665028223046,0.6100316220588782,34.627376680211356,236.68127609330958,27.67597409512428,222.8079926711049
36,6416.9680674197125,0.0,-12.0,0.18246764822521427,0.18972130928258846,0.6261666367357509,0.6100316220588782,34.627376680211356,235.71198719845034,27.67597409512428,184.7716890231121
36,6416.9680674197125,0.0,-12.0,0.18248004369968898,0.18965995808882943,0.6261479732187145,0.6090568057645741,34.627376680211356,236.45761279301644,25.098033906591105,222.34889829669785
36,39.99950000321371,39.99950000321371,-12.0,0.18406428668062175,0.24631581145609271,0.10097405589139212,0.21879903719106095,0.7923078401478172,19.872408253370896,26.475369035834365,70.03168152309237
36,40.22580472722961,40.2258047272296,-12.0,0.266105798151498,0.24631581145609271,0.10236100249129217,0.21879903719106095,1.678475939001146,1.4549330348529514,58.88167756466604,78.95406377661537
36,6416.968067419713,0.0,-12.0,0.5984048016960588,0.18972130928258846,0.62616598890478,0.5193953563845842,34.627376680211356,237.6253429146976,69.91815602290939,222.79869756656115
36,6416.968067419713,0.0,-12.0,0.5727535735290876,0.18726865737094545,0.6222562577964317,0.5685583881043168,14.678071792754182,249.11488133210545,25.26435527143916,222.43525896618624
36,42.511120037351915,39.99950000321371,-12.0,0.30241725536954256,0.18844829526785933,0.10752320053975561,0.21755457438274053,3.5325140963312833,1.4976581514499685,77.53840993486337,101.3677627967788
36,6416.968067419713,0.0,-12.0,0.18561299210654825,0.190651244953204,0.6283325372609453,0.5705047030015276,27.695976314427348,238.7023282080206,27.06248356516943,223.33618037503416
36,6416.968067419713,0.0,-12.0,0.5801277313560459,0.18359183193902723,0.6261664374480423,0.598897781065995,33.755251065626986,246.1212629265389,24.058034477876593,226.58394042052987
36,6416.968067419713,0.0,-12.0,0.5545692132910869,0.18856247782846808,0.6222562577964317,0.5665809393344569,3.3129723420927117,13.646151663352597,77.54815894397694,94.64603932835111
36,6416.968067419713,0.0,-12.0,0.5792991339425793,0.19063579105089992,0.6283931772965161,0.5700626067663899,35.6717451018809,229.42626317449745,27.06248356516943,202.19787776744067
36,6416.968067419713,0.0,-12.0,0.6189104505065237,0.18979043878152035,0.6261657663045934,0.6341439820099952,34.280440651158784,240.26400309837126,23.770445737292285,226.61847210617964
36,6416.968067419713,0.0,-12.0,0.5727535735290876,0.18726865737094545,0.6222562577964317,0.5685583881043168,14.895742594563691,249.11488133210545,27.500871058973956,222.43525896618624
36,6416.968067419713,0.0,-12.0,0.5826290013083069,0.19065943679330644,0.6258535177904346,0.544536872979641,33.160293923183296,237.22167217628015,27.072361909590466,225.5237611461197
36,6416.968067419713,0.0,-12.0,0.5579716613093476,0.1880952301362769,0.6249933078516839,0.6070355603200888,20.989195720869425,7.212011668917228,65.71751107990531,220.5691739114956
36,6416.968067419713,0.0,-12.0,0.5820507953343826,0.18867988856785595,0.6261558579424098,0.6084418805237772,34.645077607620046,249.88253363609434,27.67597409512428,210.3738852974581
36,6416.968067419713,0.0,-12.0,0.5820493321163105,0.19068305906800345,0.6339666466184665,0.5349725713278375,13.56976236812644,238.29562778247794,68.43077565756207,222.40306824750616
36,6416.968067419713,0.0,-12.0,0.5727535735290876,0.18712627062638468,0.6222562577964317,0.5686695840811435,14.678071792754182,249.11488133210545,29.13996282171027,222.43525896618624
36,6416.968067419713,0.0,-12.0,0.28716019625843636,0.18726865737094545,0.64311080512141,0.5685583881043168,10.068026031181702,249.11488133210545,19.498375652487702,97.80878639641121
36,6416.968067419713,0.0,-12.0,0.5846564419314083,0.18904271069685802,0.62125546092815,0.6111255854350816,0.6522589042825162,249.76482449802387,27.23604020322352,222.4246724170591
36,6416.968067419713,0.0,-12.0,0.5819763733044537,0.1906500729852256,0.6212725034160306,0.5687095050075474,27.015600082522752,238.29562778247794,68.43077565756207,222.40495149469908
36,6416.968067419713,0.0,-12.0,0.5820512838740852,0.19053166948672304,0.6261657136185322,0.6219617864287537,34.38008761336707,238.49898495442943,25.438851937982328,171.61012539987814
36,6416.968067419713,0.0,-12.0,0.18401785805123413,0.18972548137584463,0.6261657571086907,0.6351187947544192,51.5895748555107,240.26400309837126,24.39943232330139,222.32328456115314
36,6416.968067419713,0.0,-12.0,0.5426367685559855,0.18970305912270327,0.6261477539263092,0.6219617864287537,34.59878009524469,238.71876419628708,61.33537558904222,242.08580645529702
37,6416.9680674197125,0.0,-12.0,0.18246764822521427,0.1906500729852256,0.6261657571086907,0.6100316220588782,34.627376680211356,237.6253429146976,27.67597409512428,222.82126367333723
37,6416.9680674197125,0.0,-12.0,0.18246764822521427,0.18972130928258846,0.6261666391757212,0.6100316220588782,34.627376680211356,237.6253429146976,27.67597409512428,222.79869756656115
37,6416.9680674197125,0.0,-12.0,0.18246764822521427,0.18972130928258846,0.6261661470091634,0.6100316220588782,34.627376680211356,237.6253429146976,27.67597409512428,222.79869756656115
37,6416.9680674197125,0.0,-12.0,0.18246764822521427,0.1906500729852256,0.6261666797922315,0.6100316220588782,34.627376680211356,237.6253429146976,27.67597409512428,209.54417543397162
37,6416.9680674197125,0.0,-12.0,0.18246764822521427,0.18972130928258846,0.6261657164921804,0.6100316220588782,34.627376680211356,237.6253429146976,27.67597409512428,222.79869756656115
37,6416.9680674197125,0.0,-12.0,0.18246764822521427,0.1906500729852256,0.628439446086165,0.6155938684842703,34.627376680211356,230.60424896307708,27.06248356516943,79.65277550666576
37,6416.9680674197125,0.0,-12.0,0.18246764822521427,0.18972130928258846,0.6261479732187145,0.6100316220588782,34.627376680211356,237.6253429146976,25.225916133885427,222.34967019048497
37,6416.9680674197125,0.0,-12.0,0.18246764822521427,0.1906500729852256,0.6261585444735382,0.6440304936673663,34.627376680211356,237.6253429146976,27.0840004959112,209.54417543397162
37,6416.9680674197125,0.0,-12.0,0.19552645002549077,0.19063579105089992,0.6284017564668962,0.6155938684842703,34.627376680211356,229.8874343387417,27.06248356516943,201.52195802845483
37,6416.9680674197125,0.0,-12.0,0.18246764822521427,0.18972130928258846,0.6261479732187145,0.6100316220588782,34.627376680211356,235.6200091592414,25.225916133885427,222.34967019048497
37,6416.9680674197125,0.0,-12.0,0.18246764822521427,0.18971809763485364,0.6261636051429263,0.6100316220588782,34.627376680211356,237.6253429146976,25.25602870215777,222.35438580186468
37,6416.9680674197125,0.0,-12.0,0.19552645002549077,0.19063579105089992,0.6283931772965161,0.6292966959155172,34.627376680211356,229.42626317449745,27.06248356516943,201.52195802845483
37,6416.9680674197125,0.0,-12.0,0.18246764822521427,0.18972130928258846,0.6261657164921804,0.6100316220588782,34.627376680211356,238.22177760513546,27.67597409512428,219.47727215190088
37,6416.9680674197125,0.0,-12.0,0.18246764822521427,0.18972130928258846,0.6261472799488544,0.5739328435523576,34.627376680211356,237.6253429146976,26.921481812218232,221.7950308563451
37,6416.9680674197125,0.0,-12.0,0.18246764822521427,0.1906500729852256,0.6282675652640093,0.6155938684842703,34.627376680211356,230.60424896307708,27.06248356516943,79.65277550666576
37,6416.9680674197125,0.0,-12.0,0.18246764822521427,0.18972130928258846,0.6261657164921804,0.6100316220588782,34.627376680211356,236.1276806699884,24.35484441361376,219.47727215190088
37,6416.9680674197125,0.0,-12.0,0.18246764822521427,0.1906500729852256,0.6261666797922315,0.6100316220588782,34.627376680211356,223.06788068844895,27.67597409512428,209.54417543397162
37,6416.9680674197125,0.0,-12.0,0.18246764822521427,0.1906500729852256,0.6261585444735382,0.6489185657338095,34.627376680211356,237.6253429146976,27.0840004959112,209.54417543397162
37,6416.9680674197125,0.0,-12.0,0.18246764822521427,0.1906547563385482,0.6262313727486732,0.6100316220588782,34.627376680211356,235.78980233099853,27.026320201698248,79.582151552797
37,6416.9680674197125,0.0,-12.0,0.18403025352570884,0.18966413018208564,0.6261657571086907,0.6341439820099952,34.627376680211356,240.26400309837126,24.27155009600707,222.322512667366
37,6416.9680674197125,0.0,-12.0,0.18246764822521427,0.1906500729852256,0.6261666797922315,0.6100316220588782,34.627376680211356,237.6253429146976,27.67597409512428,199.20921946394324
37,6416.9680674197125,0.0,-12.0,0.18246764822521427,0.18972130928258846,0.6261657164921804,0.6100316220588782,34.627376680211356,224.58920785249094,27.67597409512428,219.62828681833048
37,6416.9680674197125,0.0,-12.0,0.18246764822521427,0.18972130928258846,0.6261481095721312,0.6100316220588782,34.627376680211356,237.6253429146976,25.225916133885427,222.34037508594122
37,6416.9680674197125,0.0,-12.0,0.18246764822521427,0.18972130928258846,0.6261665028223046,0.6100316220588782,34.627376680211356,236.68127609330958,27.67597409512428,222.8079926711049
37,6416.9680674197125,0.0,-12.0,0.18246764822521427,0.18972130928258846,0.6261666367357509,0.6100316220588782,34.627376680211356,235.71198719845034,27.67597409512428,184.7716890231121
37,6416.9680674197125,0.0,-12.0,0.18248004369968898,0.18965995808882943,0.6261479732187145,0.6090568057645741,34.627376680211356,236.45761279301644,25.098033906591105,222.34889829669785
37,39.99950000321371,39.99950000321371,-12.0,0.18406428668062175,0.24631581145609271,0.10097405589139212,0.21879903719106095,0.7923078401478172,19.872408253370896,26.475369035834365,70.03168152309237
37,6416.9680674197125,0.0,-12.0,0.18246764822521427,0.1906500729852256,0.6261669910194596,0.6469149157383557,34.627376680211356,237.54773067064158,27.0840004959112,209.54417543397162
37,6416.9680674197125,0.0,-12.0,0.18246764822521427,0.18972130928258846,0.6261666161323374,0.6100316220588782,34.627376680211356,238.22177760513546,27.67597409512428,219.47727215190088
37,6416.9680674197125,0.0,-12.0,0.18246764822521427,0.1906500729852256,0.628439446086165,0.6102821086125709,34.627376680211356,230.60424896307708,27.06248356516943,90.32566392590627
37,6416.9680674197125,0.0,-12.0,0.18246764822521427,0.1906500729852256,0.6261657571086907,0.6228472425498774,34.627376680211356,237.6253429146976,27.778223339628546,222.42025058299373
37,6416.9680674197125,0.0,-12.0,0.18246764822521427,0.18976423332714293,0.6261484792875851,0.6100316220588782,34.627376680211356,237.6253429146976,25.225916133885427,222.34037508594122
37,6416.9680674197125,0.0,-12.0,0.18246778133637978,0.1897247439847473,0.6261657164921804,0.609060739340752,34.627376680211356,237.5638409359155,25.102786263024825,222.3052940032914
37,39.99950000321371,39.99950000321371,-12.0,0.18406428668062175,0.24631581145609271,0.10097405589139212,0.21879903719106095,0.7923078401478172,19.872408253370896,43.665680155908575,70.03168152309237
37,39.99950000321371,39.99950000321371,-12.0,0.1805939404335666,0.1868002727992355,0.09653197585360179,0.21879903719106095,1.3199008038610422,19.872408253370896,26.475369035834365,70.03168152309237
37,6416.9680674197125,0.0,-12.0,0.18246764822521427,0.1906500729852256,0.6261582332463103,0.6117760064349989,34.627376680211356,223.1454929043119,27.67597409512428,209.54417543397162
37,6416.9680674197125,0.0,-12.0,0.18246764822521427,0.1896693715674507,0.6261666797922315,0.6100316220588782,34.627376680211356,237.6253429146976,27.67597409512428,199.20921946394324
37,39.99950000321371,39.99950000321371,-12.0,0.30241725536954256,0.19062990580805195,0.10752320053975561,0.21755457438274053,3.5325140963312833,20.22577491047963,24.611629302483433,101.3677627967788
37,6416.9680674197125,0.0,-12.0,0.18246764822521427,0.18972130928258846,0.6261479732187145,0.6100316220588782,34.627376680211356,237.64583465692976,25.225916133885427,225.25260454142577
37,6416.9680674197125,0.0,-12.0,0.18246764822521427,0.19060714894067116,0.6261663100767776,0.6100316220588782,34.627376680211356,237.6253429146976,27.67597409512428,199.20921946394324
37,6416.9680674197125,0.0,-12.0,0.18246764822521427,0.18972130928258846,0.6261472799488544,0.6068726592317697,34.627376680211356,237.6253429146976,26.918848393866643,219.48423211716946
37,6416.9680674197125,0.0,-12.0,0.18403025352570884,0.1897201951330089,0.6261657571086907,0.6107337225948278,34.627376680211356,240.26400309837126,24.27155009600707,222.322512667366
37,6416.9680674197125,0.0,-12.0,0.1952862912278455,0.18972130928258846,0.6261479732187145,0.6100316220588782,34.627376680211356,229.1895427067197,25.225916133885427,220.80795147719545
37,6416.9680674197125,0.0,-12.0,0.17181087518907007,0.18972130928258846,0.6081118618090143,0.6083930308660472,50.945614274503015,26.30753057998048,26.491504903568128,219.47727215190088
37,6416.968067419713,0.0,-12.0,0.5727535735290876,0.18726865737094545,0.6222562577964317,0.5685583881043168,14.678071792754182,249.11488133210545,25.162106026934893,222.83627205652976
37,40.22580472722961,40.2258047272296,-12.0,0.266105798151498,0.24631581145609271,0.10236100249129217,0.21879903719106095,1.678475939001146,1.4549330348529514,58.88167756466604,78.95406377661537
37,6416.968067419713,0.0,-12.0,0.5984048016960588,0.18972130928258846,0.62616598890478,0.5193953563845842,34.627376680211356,237.6253429146976,69.91815602290939,222.79869756656115
37,42.511120037351915,39.99950000321371,-12.0,0.30241725536954256,0.18844829526785933,0.10752320053975561,0.21755457438274053,3.5325140963312833,1.4976581514499685,77.53840993486337,101.3677627967788
38,6416.9680674197125,0.0,-12.0,0.18246764822521427,0.1906500729852256,0.6261657571086907,0.6100316220588782,34.627376680211356,237.6253429146976,27.67597409512428,222.82126367333723
38,39.99950000321371,39.99950000321371,-12.0,0.18406428668062175,0.24631581145609271,0.10097405589139212,0.21879903719106095,0.7923078401478172,19.872408253370896,26.475369035834365,70.03168152309237
38,39.99950000321371,39.99950000321371,-12.0,0.18406428668062175,0.24631581145609271,0.10093206044871732,0.21879903719106095,0.7923078401478172,1.3192783765062384,59.127935270570475,71.41365953178493
38,6416.9680674197125,0.0,-12.0,0.18246764822521427,0.19062428567363984,0.6261666797922315,0.6100316220588782,34.627376680211356,237.6253429146976,27.669331684163232,199.20921946394324
38,39.99950000321371,39.99950000321371,-12.0,0.1805939404335666,0.1868002727992355,0.09653197585360179,0.21879903719106095,1.3199008038610422,19.872408253370896,26.475369035834365,70.03168152309237
38,6416.9680674197125,0.0,-12.0,0.18246778508376296,0.1896527196082745,0.6261657545990671,0.609060739340752,34.627376680211356,237.6239115630392,27.52567510674108,222.3052940032914
38,6416.9680674197125,0.0,-12.0,0.184099477319431,0.18966413018208564,0.6261657571086907,0.633961763057648,34.627376680211356,240.3856490062878,27.43583691894949,222.322512667366
38,6416.9680674197125,0.0,-12.0,0.18246764822521427,0.1906500729852256,0.628439446086165,0.6155938684842703,34.627376680211356,230.60424896307708,27.06248356516943,79.65277550666576
38,39.99950000321371,39.99950000321371,-12.0,0.30241725536954256,0.19062990580805195,0.10752320053975561,0.21755457438274053,3.5325140963312833,20.22577491047963,24.611629302483433,101.3677627967788
38,6416.9680674197125,0.0,-12.0,0.18246764822521427,0.1906500729852256,0.6261582332463103,0.6117760064349989,34.627376680211356,223.1454929043119,27.67597409512428,209.54417543397162
38,6416.9680674197125,0.0,-12.0,0.18246764822521427,0.18972130928258846,0.6261479732187145,0.6100316220588782,34.627376680211356,237.64583465692976,25.225916133885427,225.25260454142577
38,6416.9680674197125,0.0,-12.0,0.18246764822521427,0.1906547563385482,0.6262313727486732,0.6100316220588782,34.627376680211356,235.78980233099853,27.026320201698248,79.582151552797
38,6416.9680674197125,0.0,-12.0,0.1957693065817691,0.19377343343797987,0.6351213573402973,0.6103940146597548,34.627376680211356,229.8874343387417,25.24152523557245,201.52195802845483
38,6416.9680674197125,0.0,-12.0,0.18246764822521427,0.18972859704971914,0.6284513597270746,0.5813279638264637,34.627376680211356,236.1276806699884,27.085501811606694,219.47727215190088
38,6416.9680674197125,0.0,-12.0,0.18246764822521427,0.18975202177261266,0.628439446086165,0.6102821086125709,34.627376680211356,237.51230685440794,27.06248356516943,222.5556956690536
38,6416.9680674197125,0.0,-12.0,0.19552645002549077,0.19063579105089992,0.6284017564668962,0.6155938684842703,34.627376680211356,229.8874343387417,27.06248356516943,201.52195802845483
38,6416.9680674197125,0.0,-12.0,0.18246764822521427,0.18972130928258846,0.6261657164921804,0.6100316220588782,34.627376680211356,238.22177760513546,27.67597409512428,219.47727215190088
38,6416.9680674197125,0.0,-12.0,0.18246764822521427,0.18972130928258846,0.6261472799488544,0.6068726592317697,34.627376680211356,237.6253429146976,26.918848393866643,219.48423211716946
38,6416.9680674197125,0.0,-12.0,0.18246764822521427,0.18972130928258846,0.6261657164921804,0.6100316220588782,34.627376680211356,224.58920785249094,27.67597409512428,219.62828681833048
38,6416.9680674197125,0.0,-12.0,0.18246764822521427,0.18972130928258846,0.6261657164921804,0.6100316220588782,34.627376680211356,237.6253429146976,27.67597409512428,222.79869756656115
38,6416.9680674197125,0.0,-12.0,0.17181087518907007,0.18972130928258846,0.6081118618090143,0.6083930308660472,50.945614274503015,26.30753057998048,26.491504903568128,219.47727215190088
38,6416.9680674197125,0.0,-12.0,0.18246764822521427,0.18972130928258846,0.6261479732187145,0.6100316220588782,34.627376680211356,235.6200091592414,25.225916133885427,222.34967019048497
38,6416.9680674197125,0.0,-12.0,0.18246764822521427,0.18974709659417424,0.6261472799488544,0.5739328435523576,34.627376680211356,237.6253429146976,26.928124223179275,221.29991192028655
38,6416.9680674197125,0.0,-12.0,0.18239842443149212,0.18972130928258846,0.6261666391757212,0.6102138404666014,34.627376680211356,237.50369700678107,24.51168727218186,222.79869756656115
38,6416.9680674197125,0.0,-12.0,0.18246764822521427,0.1906491594445524,0.6261663142532955,0.6100316220588782,34.627376680211356,237.6253429146976,27.67597409512428,209.54417543397162
38,6416.9680674197125,0.0,-12.0,0.1952862912278455,0.18972130928258846,0.6261479732187145,0.6100316220588782,34.627376680211356,229.1895427067197,25.225916133885427,220.80795147719545
38,6416.9680674197125,0.0,-12.0,0.18246764822521427,0.18972130928258846,0.6261481095721312,0.6100316220588782,34.627376680211356,237.6253429146976,25.225916133885427,222.34037508594122
38,6416.9680674197125,0.0,-12.0,0.18246764822521427,0.19060714894067116,0.6261663100767776,0.6100316220588782,34.627376680211356,237.6253429146976,27.67597409512428,199.20921946394324
38,6416.9680674197125,0.0,-12.0,0.18246764822521427,0.18972130928258846,0.6261479732187145,0.6100316220588782,34.627376680211356,237.6253429146976,25.225916133885427,222.34967019048497
38,6416.9680674197125,0.0,-12.0,0.18246764822521427,0.1897649090749779,0.6261657164921804,0.646686098372746,34.627376680211356,236.10807521953168,27.414455190242943,209.82480709056966
38,6416.9680674197125,0.0,-12.0,0.18246764822521427,0.1906500729852256,0.6261585444735382,0.6440304936673663,34.627376680211356,237.6253429146976,27.0840004959112,209.54417543397162
38,6416.9680674197125,0.0,-12.0,0.18246764822521427,0.1906500729852256,0.628439446086165,0.6102821086125709,34.627376680211356,230.60424896307708,27.06248356516943,90.32566392590627
38,6416.9680674197125,0.0,-12.0,0.18246764822521427,0.18972130928258846,0.6261657164921804,0.6100316220588782,34.627376680211356,236.1276806699884,24.35484441361376,219.47727215190088
38,6416.9680674197125,0.0,-12.0,0.18246764822521427,0.18972130928258846,0.6261661470091634,0.6100316220588782,34.627376680211356,237.6253429146976,27.67597409512428,222.79869756656115
38,6416.9680674197125,0.0,-12.0,0.18246764822521427,0.1906500729852256,0.6261666882349383,0.6413189819139499,34.627376680211356,237.6253429146976,27.679251727634995,184.76786637363352
38,6416.9680674197125,0.0,-12.0,0.18403025352570884,0.18972076687352604,0.6261657571086907,0.6100385072087677,34.627376680211356,240.26400309837126,23.668662254108494,222.62249205390864
38,6416.9680674197125,0.0,-12.0,0.18246764822521427,0.1896693715674507,0.6261666797922315,0.6100316220588782,34.627376680211356,237.6253429146976,27.67597409512428,199.20921946394324
38,6416.9680674197125,0.0,-12.0,0.18246764822521427,0.18972130928258846,0.6261472799488544,0.5739328435523576,34.627376680211356,237.6253429146976,26.921481812218232,221.7950308563451
38,6416.9680674197125,0.0,-12.0,0.19552645002549077,0.19065747218807366,0.6283931772965161,0.6292966959155172,34.627376680211356,237.8414591639364,27.182694573535027,201.52195802845483
38,6416.9680674197125,0.0,-12.0,0.18246764822521427,0.18972130928258846,0.6261665028223046,0.6100316220588782,34.627376680211356,236.68127609330958,27.67597409512428,222.8079926711049
38,6416.9680674197125,0.0,-12.0,0.18246764822521427,0.18974250884970587,0.6261477387317606,0.6068785556825197,34.627376680211356,237.6253429146976,27.655986097098516,222.82126367333723
38,6416.9680674197125,0.0,-12.0,0.18246764822521427,0.1906500729852256,0.6261669910194596,0.6469149157383557,34.627376680211356,237.54773067064158,27.0840004959112,209.54417543397162
38,6416.9680674197125,0.0,-12.0,0.18246764822521427,0.18971809763485364,0.6261636051429263,0.6100316220588782,34.627376680211356,237.6253429146976,25.25602870215777,222.35438580186468
38,6416.9680674197125,0.0,-12.0,0.18246764822521427,0.18972130928258846,0.6261666391757212,0.6100316220588782,34.627376680211356,237.6253429146976,27.67597409512428,222.79869756656115
38,6416.9680674197125,0.0,-12.0,0.18246764822521427,0.19067523328003153,0.6261479732187145,0.6100316220588782,34.627376680211356,235.6200091592414,27.034604559779527,222.34967019048497
38,6416.9680674197125,0.0,-12.0,0.18246778133637978,0.1897247439847473,0.6261657164921804,0.609060739340752,34.627376680211356,237.5638409359155,25.102786263024825,222.3052940032914
38,6416.9680674197125,0.0,-12.0,0.18246764822521427,0.18972130928258846,0.6261666367357509,0.6100316220588782,34.627376680211356,235.71198719845034,27.67597409512428,184.7716890231121
38,6416.9680674197125,0.0,-12.0,0.18246764822521427,0.1906500729852256,0.6261666797922315,0.6100316220588782,34.627376680211356,237.6253429146976,27.67597409512428,199.20921946394324
39,39.99950000321371,39.99950000321371,-12.0,0.18406428668062175,0.24631581145609271,0.10097405589139212,0.21879903719106095,0.7923078401478172,19.872408253370896,26.475369035834365,70.03168152309237
39,6416.9680674197125,0.0,-12.0,0.18246764822521427,0.1906500729852256,0.6261657571086907,0.6100316220588782,34.627376680211356,237.6253429146976,27.67597409512428,222.82126367333723
39,39.99950000321371,39.99950000321371,-12.0,0.18246556684880416,0.24631581145609271,0.10097405589139212,0.21184790619160754,2.893466347809888,19.872408253370896,25.307115630645217,70.03168152309237
39,6416.9680674197125,0.0,-12.0,0.18246722364000525,0.19062428567363984,0.6261666796027945,0.6102179639160598,34.627376680211356,237.62723530866538,27.38028742921396,199.20921946394324
39,6416.9680674197125,0.0,-12.0,0.18246764822521427,0.1906500729852256,0.6261666797922315,0.6100316220588782,34.627376680211356,237.6253429146976,27.67597409512428,199.20921946394324
39,6416.9680674197125,0.0,-12.0,0.18246764822521427,0.18972130928258846,0.6261657164921804,0.6100316220588782,34.627376680211356,224.58920785249094,27.67597409512428,219.62828681833048
39,6416.9680674197125,0.0,-12.0,0.18246764822521427,0.1906500729852256,0.6261666882349383,0.6413189819139499,34.627376680211356,237.6253429146976,27.679251727634995,184.76786637363352
39,6416.9680674197125,0.0,-12.0,0.18246764822521427,0.18972130928258846,0.6261665028223046,0.6100316220588782,34.627376680211356,236.68127609330958,27.67597409512428,222.8079926711049
39,6416.9680674197125,0.0,-12.0,0.18246764822521427,0.18972130928258846,0.6261661470091634,0.6100316220588782,34.627376680211356,237.6253429146976,27.67597409512428,222.79869756656115
39,6416.9680674197125,0.0,-12.0,0.18246764822521427,0.19067523328003153,0.6261479732187145,0.6100316220588782,34.627376680211356,235.6200091592414,27.034604559779527,222.34967019048497
39,6416.9680674197125,0.0,-12.0,0.18246764822521427,0.19072311984157797,0.6261671144048496,0.6193388925695923,34.627376680211356,235.66400330524777,27.67597409512428,222.79869756656115
39,6416.9680674197125,0.0,-12.0,0.184099477319431,0.18966413018208564,0.6261657571086907,0.633961763057648,34.627376680211356,240.3856490062878,27.43583691894949,222.322512667366
39,6416.9680674197125,0.0,-12.0,0.18246764822521427,0.18972130928258846,0.6261479732187145,0.6100316220588782,34.627376680211356,237.6253429146976,25.225916133885427,222.34967019048497
39,6416.9680674197125,0.0,-12.0,0.1952862912278455,0.18972130928258846,0.6261479732187145,0.6100316220588782,34.627376680211356,229.1895427067197,25.225916133885427,220.80795147719545
39,6416.9680674197125,0.0,-12.0,0.18239884901670114,0.18972130928258846,0.6261666393651582,0.6100274986094197,34.627376680211356,237.50180461281332,24.51168727218186,222.79869756656115
39,6416.9680674197125,0.0,-12.0,0.18246764822521427,0.18972130928258846,0.6261472799488544,0.5739328435523576,34.627376680211356,237.6253429146976,26.921481812218232,221.7950308563451
39,6416.9680674197125,0.0,-12.0,0.1957693065817691,0.19377343343797987,0.6351213573402973,0.6103940146597548,34.627376680211356,229.8874343387417,25.24152523557245,201.52195802845483
39,6416.9680674197125,0.0,-12.0,0.18246764822521427,0.18972130928258846,0.6261479732187145,0.6100316220588782,34.627376680211356,237.6253429146976,25.225916133885427,222.39691981367298
39,6416.9680674197125,0.0,-12.0,0.19552645002549077,0.19063579105089992,0.6284017564668962,0.6155938684842703,34.627376680211356,229.8874343387417,27.06248356516943,201.52195802845483
39,6416.9680674197125,0.0,-12.0,0.18246764822521427,0.18972130928258846,0.6261666367357509,0.6100316220588782,34.627376680211356,235.71198719845034,27.67597409512428,184.7716890231121
39,6416.9680674197125,0.0,-12.0,0.18246764822521427,0.18972130928258846,0.6261472799488544,0.6068726592317697,34.627376680211356,237.6253429146976,26.918848393866643,219.48423211716946
39,6416.9680674197125,0.0,-12.0,0.18246764822521427,0.18972130928258846,0.6261657164921804,0.6100316220588782,34.627376680211356,238.22177760513546,27.67597409512428,219.47727215190088
39,6416.9680674197125,0.0,-12.0,0.18246764822521427,0.18972130928258846,0.6261481095721312,0.6100316220588782,34.627376680211356,237.6253429146976,25.225916133885427,222.34037508594122
39,6416.9680674197125,0.0,-12.0,0.18239842443149212,0.18972130928258846,0.6261666391757212,0.6102138404666014,34.627376680211356,237.50369700678107,24.51168727218186,222.79869756656115
39,6416.9680674197125,0.0,-12.0,0.18246764822521427,0.1906500729852256,0.6284299206337118,0.6102821086125709,34.627376680211356,230.60424896307708,27.69291953848031,197.05795659386746
39,6416.9680674197125,0.0,-12.0,0.19464174490472977,0.18468476928748506,0.6261479732187145,0.6100316220588782,34.627376680211356,237.64898397218104,25.225916133885427,222.34967019048497
39,6416.9680674197125,0.0,-12.0,0.18246764822521427,0.1896693715674507,0.6261666797922315,0.6100316220588782,34.627376680211356,237.6253429146976,27.67597409512428,199.20921946394324
39,6416.9680674197125,0.0,-12.0,0.18246764822521427,0.18972130928258846,0.6261479732187145,0.6100316220588782,34.627376680211356,237.64583465692976,25.225916133885427,225.25260454142577
39,6416.9680674197125,0.0,-12.0,0.18246764822521427,0.18972859704971914,0.6284513597270746,0.5813279638264637,34.627376680211356,236.1276806699884,27.085501811606694,219.47727215190088
39,6416.9680674197125,0.0,-12.0,0.1820499388033045,0.18977971887123105,0.6261657164921804,0.6197769168386138,34.84341888268373,237.47566701048027,27.414455190242943,208.9933236310812
39,6416.9680674197125,0.0,-12.0,0.18246764822521427,0.18971809763485364,0.6261636051429263,0.6100316220588782,34.627376680211356,237.6253429146976,25.25602870215777,222.35438580186468
39,6416.9680674197125,0.0,-12.0,0.18246764822521427,0.18974709659417424,0.6261472799488544,0.5739328435523576,34.627376680211356,237.6253429146976,26.928124223179275,221.29991192028655
39,6416.9680674197125,0.0,-12.0,0.18246764822521427,0.18974250884970587,0.6261477387317606,0.6068785556825197,34.627376680211356,237.6253429146976,27.655986097098516,222.82126367333723
39,6416.9680674197125,0.0,-12.0,0.19552645002549077,0.19065747218807366,0.6283931772965161,0.6292966959155172,34.627376680211356,237.8414591639364,27.182694573535027,201.52195802845483
39,6416.9680674197125,0.0,-12.0,0.18246764822521427,0.1906500729852256,0.6284295107147455,0.6155938684842703,34.627376680211356,236.11448348977234,23.75332205947307,207.21829462543508
39,6416.9680674197125,0.0,-12.0,0.17181087518907007,0.18972130928258846,0.6081118618090143,0.6083930308660472,50.945614274503015,26.30753057998048,26.491504903568128,219.47727215190088
39,6416.9680674197125,0.0,-12.0,0.18246764822521427,0.18972130928258846,0.6261479732187145,0.6100316220588782,34.627376680211356,235.59636810175795,25.225916133885427,222.34967019048497
39,6416.9680674197125,0.0,-12.0,0.18246764822521427,0.1906500729852256,0.62539387485472,0.6478169385044642,34.627376680211356,237.734390065219,27.023095529822886,209.7385158972552
39,6416.9680674197125,0.0,-12.0,0.18246778133637978,0.1897247439847473,0.6261657164921804,0.609060739340752,34.627376680211356,237.5638409359155,25.102786263024825,222.3052940032914
39,6416.9680674197125,0.0,-12.0,0.18246764822521427,0.19060714894067116,0.6261663100767776,0.6100316220588782,34.627376680211356,237.6253429146976,27.67597409512428,199.20921946394324
39,6416.9680674197125,0.0,-12.0,0.18246764822521427,0.1906491594445524,0.6261663142532955,0.6100316220588782,34.627376680211356,237.6253429146976,27.67597409512428,209.54417543397162
39,6416.9680674197125,0.0,-12.0,0.18246764822521427,0.1906500729852256,0.6261582332463103,0.6117760064349989,34.627376680211356,223.1454929043119,27.67597409512428,209.54417543397162
39,6416.9680674197125,0.0,-12.0,0.18246764822521427,0.1906500729852256,0.628439446086165,0.6102821086125709,34.627376680211356,230.60424896307708,27.06248356516943,90.32566392590627
39,39.99950000321371,39.99950000321371,-12.0,0.18406428668062175,0.24631581145609271,0.10093206044871732,0.21879903719106095,0.7923078401478172,1.3192783765062384,59.127935270570475,71.41365953178493
39,6416.9680674197125,0.0,-12.0,0.18246764822521427,0.1906500729852256,0.6261669910194596,0.6469149157383557,34.627376680211356,237.54773067064158,27.0840004959112,209.54417543397162
39,6416.9680674197125,0.0,-12.0,0.18246764822521427,0.18967342272104204,0.6261474979895861,0.6100316220588782,34.627376680211356,237.5813487686912,27.034604559779527,222.34967019048497
39,6416.9680674197125,0.0,-12.0,0.18246764822521427,0.18972130928258846,0.6261479732187145,0.6100316220588782,34.627376680211356,235.6200091592414,25.225916133885427,222.34967019048497
39,6416.9680674197125,0.0,-12.0,0.18246778508376296,0.1896527196082745,0.6261657545990671,0.609060739340752,34.627376680211356,237.6239115630392,27.52567510674108,222.3052940032914
40,39.99950000321371,39.99950000321371,-12.0,0.18400735120256137,0.2648007124168349,0.09421227244014413,0.21156385707557238,1.090674004035737,13.7044484422524,27.669714413345723,61.52677923992238
40,39.99950000321371,39.99950000321371,-12.0,0.18406428668062175,0.24631581145609271,0.10097405589139212,0.21879903719106095,0.7923078401478172,19.872408253370896,26.475369035834365,70.03168152309237
40,6416.9680674197125,0.0,-12.0,0.18246764822521427,0.1906500729852256,0.6261666882349383,0.6413189819139499,34.627376680211356,235.60854031672457,27.66989244827693,184.76786637363352
40,6416.9680674197125,0.0,-12.0,0.18246764822521427,0.1906500729852256,0.6261657571086907,0.6100316220588782,34.627376680211356,237.6253429146976,27.67597409512428,222.82126367333723
40,6416.9680674197125,0.0,-12.0,0.1820499388033045,0.18967314787279546,0.6261649355486375,0.6197769168386138,34.628432061374696,237.47492518193803,27.414455190242943,208.9933236310812
40,6416.9680674197125,0.0,-12.0,0.18246764822521427,0.1906500729852256,0.6284295107147455,0.6155938684842703,34.627376680211356,236.11448348977234,23.75332205947307,207.21829462543508
40,39.99950000321371,39.99950000321371,-12.0,0.18406428668062175,0.24631581145609271,0.10093206044871732,0.21879903719106095,0.7923078401478172,1.3192783765062384,59.127935270570475,71.41365953178493
40,6416.9680674197125,0.0,-12.0,0.18246764822521427,0.18972859704971914,0.6284513597270746,0.5813279638264637,34.627376680211356,236.1276806699884,27.085501811606694,219.47727215190088
40,6416.9680674197125,0.0,-12.0,0.18246764822521427,0.1906500729852256,0.6261666797922315,0.6100316220588782,34.627376680211356,237.6253429146976,27.67597409512428,199.20921946394324
40,6416.9680674197125,0.0,-12.0,0.18246764822521427,0.18972130928258846,0.6261479732187145,0.6100316220588782,34.627376680211356,235.59636810175795,25.225916133885427,222.34967019048497
40,6416.9680674197125,0.0,-12.0,0.18246764822521427,0.1906491594445524,0.6261663142532955,0.6100316220588782,34.627376680211356,237.6253429146976,27.67597409512428,209.54417543397162
40,39.99950000321371,39.99950000321371,-12.0,0.18246556684880416,0.24631581145609271,0.10097405589139212,0.21184790619160754,2.893466347809888,19.872408253370896,25.307115630645217,70.03168152309237
40,6416.9680674197125,0.0,-12.0,0.18246764822521427,0.18967870011036791,0.6261671144048496,0.6193388925695923,34.627376680211356,235.67744125040832,27.4639995633434,222.79869756656115
40,6416.9680674197125,0.0,-12.0,0.18246764822521427,0.18972130928258846,0.6261666367357509,0.6100316220588782,34.627376680211356,235.71198719845034,27.67597409512428,184.7716890231121
40,6416.9680674197125,0.0,-12.0,0.18246764822521427,0.1907657290137985,0.6261479732187145,0.6100316220588782,34.627376680211356,237.61190496953708,25.43789066566631,222.39691981367298
40,6416.9680674197125,0.0,-12.0,0.18246764822521427,0.19067523328003153,0.6261479732187145,0.6100316220588782,34.627376680211356,235.6200091592414,27.034604559779527,222.34967019048497
40,6416.9680674197125,0.0,-12.0,0.1957693065817691,0.19087276845102813,0.6349682979302091,0.6103898211403057,34.627376680211356,229.9415923263209,25.24152523557245,191.8073031436827
40,6416.9680674197125,0.0,-12.0,0.18246764822521427,0.18972130928258846,0.6261479732187145,0.6100316220588782,34.627376680211356,237.61317069973094,25.235275413243496,222.34967019048497
40,6416.9680674197125,0.0,-12.0,0.18246764822521427,0.1906500729852256,0.6261669910194596,0.6469149157383557,34.627376680211356,237.54773067064158,27.0840004959112,209.54417543397162
40,6416.9680674197125,0.0,-12.0,0.18246764822521427,0.18971809763485364,0.6261636051429263,0.6100316220588782,34.627376680211356,237.6253429146976,25.25602870215777,222.35438580186468
40,6416.9680674197125,0.0,-12.0,0.18246764822521427,0.19060714894067116,0.6261663100767776,0.6100316220588782,34.627376680211356,237.6253429146976,27.67597409512428,199.20921946394324
40,6416.9680674197125,0.0,-12.0,0.18246764822521427,0.18972130928258846,0.6261807201415782,0.6100316220588782,34.627376680211356,237.6253429146976,25.225916133885427,219.7052373939875
40,6416.9680674197125,0.0,-12.0,0.19464174490472977,0.18468476928748506,0.6261479732187145,0.6100316220588782,34.627376680211356,237.64898397218104,25.225916133885427,222.34967019048497
40,6416.9680674197125,0.0,-12.0,0.18246764822521427,0.18972130928258846,0.6261665028223046,0.6100316220588782,34.627376680211356,236.68127609330958,27.67597409512428,222.8079926711049
40,6416.9680674197125,0.0,-12.0,0.18246764822521427,0.18972130928258846,0.6261657164921804,0.6100316220588782,34.627376680211356,224.58920785249094,27.67597409512428,219.62828681833048
40,6416.9680674197125,0.0,-12.0,0.18246764822521427,0.19072311984157797,0.6261671144048496,0.6193388925695923,34.627376680211356,235.66400330524777,27.67597409512428,222.79869756656115
40,6416.9680674197125,0.0,-12.0,0.18246764822521427,0.18972130928258846,0.6261479732187145,0.6100316220588782,34.627376680211356,237.64583465692976,25.225916133885427,225.25260454142577
40,6416.9680674197125,0.0,-12.0,0.18246722364000525,0.19062428567363984,0.6261666796027945,0.6102179639160598,34.627376680211356,237.62723530866538,27.38028742921396,199.20921946394324
40,6416.9680674197125,0.0,-12.0,0.18239842443149212,0.18972130928258846,0.6261666391757212,0.6102138404666014,34.627376680211356,237.50369700678107,24.51168727218186,222.79869756656115
40,6416.9680674197125,0.0,-12.0,0.18246724044796872,0.19059454958957478,0.6261657164921804,0.6100500567559428,34.627376680211356,238.27709974379343,27.677104692508046,219.47727215190088
40,6416.9680674197125,0.0,-12.0,0.18246764822521427,0.18972130928258846,0.6261472799488544,0.6068726592317697,34.627376680211356,237.6253429146976,26.918848393866643,219.48423211716946
40,6416.9680674197125,0.0,-12.0,0.18246764822521427,0.1896693715674507,0.6261666797922315,0.6100316220588782,34.627376680211356,237.6253429146976,27.67597409512428,199.20921946394324
40,6416.9680674197125,0.0,-12.0,0.18246764822521427,0.1906500729852256,0.62539387485472,0.6478169385044642,34.627376680211356,237.734390065219,27.023095529822886,209.7385158972552
40,6416.9680674197125,0.0,-12.0,0.1820499388033045,0.18977971887123105,0.6261657164921804,0.6197769168386138,34.84341888268373,237.47566701048027,27.414455190242943,208.9933236310812
40,6416.9680674197125,0.0,-12.0,0.184099477319431,0.18966413018208564,0.6261657571086907,0.633961763057648,34.627376680211356,240.3856490062878,27.43583691894949,222.322512667366
40,6416.9680674197125,0.0,-12.0,0.18246764822521427,0.1906500729852256,0.6261582332463103,0.6117760064349989,34.627376680211356,223.1454929043119,27.67597409512428,209.54417543397162
40,6416.9680674197125,0.0,-12.0,0.18246764822521427,0.18972130928258846,0.6261661470091634,0.6100316220588782,34.627376680211356,237.6253429146976,27.67597409512428,222.79869756656115
40,6416.9680674197125,0.0,-12.0,0.19552645002549077,0.19065747218807366,0.6283931772965161,0.6292966959155172,34.627376680211356,237.8414591639364,27.182694573535027,201.52195802845483
40,6416.9680674197125,0.0,-12.0,0.18246764822521427,0.1897003223309856,0.6261657571086907,0.6100316220588782,34.627376680211356,237.6253429146976,27.67597409512428,222.820254898249
40,6416.9680674197125,0.0,-12.0,0.18246764822521427,0.18974709659417424,0.6261472799488544,0.5739328435523576,34.627376680211356,237.6253429146976,26.928124223179275,221.29991192028655
40,6416.9680674197125,0.0,-12.0,0.18239884901670114,0.18972130928258846,0.6261666393651582,0.6100274986094197,34.627376680211356,237.50180461281332,24.51168727218186,222.79869756656115
40,6416.9680674197125,0.0,-12.0,0.1957693065817691,0.19377343343797987,0.6351213573402973,0.6103940146597548,34.627376680211356,229.8874343387417,25.24152523557245,201.52195802845483
40,6416.9680674197125,0.0,-12.0,0.18273030979335975,0.1906500729852256,0.62539387485472,0.648343827250237,34.627376680211356,237.8400444614905,27.023095529822886,209.7385158972552
40,6416.9680674197125,0.0,-12.0,0.18246764822521427,0.1935507379721773,0.6285825701248337,0.6155980620037195,34.627376680211356,236.06032550219297,20.14476697270591,207.21829462543508
40,6416.9680674197125,0.0,-12.0,0.18246764822521427,0.18974250884970587,0.6261477387317606,0.6068785556825197,34.627376680211356,237.6253429146976,27.655986097098516,222.82126367333723
40,6416.9680674197125,0.0,-12.0,0.18246778508376296,0.1896527196082745,0.6261657545990671,0.609060739340752,34.627376680211356,237.6239115630392,27.52567510674108,222.3052940032914
40,6416.9680674197125,0.0,-12.0,0.18246764822521427,0.18972130928258846,0.6261479732187145,0.6100316220588782,34.627376680211356,235.6200091592414,25.225916133885427,222.34967019048497
40,6416.9680674197125,0.0,-12.0,0.18246765227020686,0.18972472318048303,0.6261666328907152,0.6089782345397456,34.627376680211356,237.56899186920597,25.2296892624271,222.3052940032914
41,6416.9680674197125,0.0,-12.0,0.18246764822521427,0.1906500729852256,0.6261666882349383,0.6413189819139499,34.627376680211356,235.60854031672457,27.66989244827693,184.76786637363352
41,6416.9680674197125,0.0,-12.0,0.18247619399953197,0.1944116290191533,0.6309735340834942,0.6155980620037195,34.627376680211356,233.17618697814027,26.420373004139428,207.21829462543508
41,39.99950000321371,39.99950000321371,-12.0,0.18406428668062175,0.24581670320556573,0.10902732604308008,0.21879903719106095,0.7923078401478172,1.3192783765062384,59.127935270570475,71.41365953178493
41,39.99950000321371,39.99950000321371,-12.0,0.18400735120256137,0.2648007124168349,0.09421227244014413,0.21156385707557238,1.090674004035737,13.7044484422524,27.669714413345723,61.52677923992238
41,6416.9680674197125,0.0,-12.0,0.18246764822521427,0.18972130928258846,0.6261472799488544,0.6068726592317697,34.627376680211356,237.6253429146976,26.918848393866643,219.48423211716946
41,6416.9680674197125,0.0,-12.0,0.18246764822521427,0.1897003223309856,0.6261657571086907,0.6100316220588782,34.627376680211356,237.6253429146976,25.128216268089105,222.820254898249
41,39.99950000321371,39.99950000321371,-12.0,0.18406428668062175,0.24631581145609271,0.10093206044871732,0.21879903719106095,0.7923078401478172,1.3192783765062384,59.127935270570475,71.41365953178493
41,6416.9680674197125,0.0,-12.0,0.18246764822521427,0.18972130928258846,0.6261479732187145,0.6100316220588782,34.627376680211356,235.59636810175795,25.225916133885427,222.34967019048497
41,6416.9680674197125,0.0,-12.0,0.18239984459023906,0.18972130928258846,0.6261666391757212,0.6102138404666014,34.627376680211356,237.50369700678107,24.51168727218186,222.79853909505545
41,6416.9680674197125,0.0,-12.0,0.18246764822521427,0.19067523328003153,0.6261479732187145,0.6100316220588782,34.627376680211356,235.6200091592414,27.034604559779527,222.34967019048497
41,6416.9680674197125,0.0,-12.0,0.18246778508376296,0.1896527196082745,0.6261657545990671,0.609060739340752,34.627376680211356,237.6239115630392,27.52567510674108,222.3052940032914
41,6416.9680674197125,0.0,-12.0,0.19552645002549077,0.19065747218807366,0.6283931772965161,0.6292966959155172,34.627376680211356,237.8414591639364,27.182694573535027,201.52195802845483
41,6416.9680674197125,0.0,-12.0,0.1820499388033045,0.18967314787279546,0.6261649355486375,0.6197769168386138,34.682013425601276,237.47492518193803,27.412063774287105,209.59143391778508
41,6416.9680674197125,0.0,-12.0,0.1824676522436158,0.18972472318048303,0.6261657348344442,0.6100504145913386,34.627376680211356,237.56899186920597,27.694246357302426,222.1375080280712
41,6416.9680674197125,0.0,-12.0,0.18246764822521427,0.18970498323610968,0.6261451150519802,0.6100316220588782,34.627376680211356,235.6154437496786,27.034604559779527,222.34967019048497
41,6416.9680674197125,0.0,-12.0,0.18246764822521427,0.19072311984157797,0.6261671105310695,0.6193388925695923,34.627376680211356,235.66400330524777,27.67597409512428,199.75372097376714
41,6416.9680674197125,0.0,-12.0,0.18246764822521427,0.18975798577119746,0.6261657725805514,0.6100316220588782,34.627376680211356,237.50994670672412,27.67597409512428,184.7716890231121
41,6416.9680674197125,0.0,-12.0,0.1957693065817691,0.19377343343797987,0.6351213573402973,0.6103940146597548,34.627376680211356,229.8874343387417,25.24152523557245,201.52195802845483
41,6416.9680674197125,0.0,-12.0,0.18273030979335975,0.1906500729852256,0.62539387485472,0.648343827250237,34.627376680211356,237.8400444614905,27.023095529822886,209.7385158972552
41,6416.9680674197125,0.0,-12.0,0.18246764822521427,0.1935507379721773,0.6285825701248337,0.6155980620037195,34.627376680211356,236.06032550219297,20.14476697270591,207.21829462543508
41,6416.9680674197125,0.0,-12.0,0.1820499388033045,0.18967314787279546,0.6261649355486375,0.6197769168386138,34.628432061374696,237.47492518193803,27.414455190242943,208.9933236310812
41,6416.9680674197125,0.0,-12.0,0.18246764822521427,0.18972130928258846,0.6261479732187145,0.6100316220588782,34.627376680211356,237.64583465692976,25.225916133885427,225.25260454142577
41,6416.9680674197125,0.0,-12.0,0.19552645002549077,0.19065747218807366,0.6283931772965161,0.6292966959155172,34.627376680211356,237.8468411470193,27.17212801793645,201.52195802845483
41,6416.9680674197125,0.0,-12.0,0.18246764822521427,0.1906500729852256,0.6261582332463103,0.6117760064349989,34.627376680211356,223.1454929043119,27.67597409512428,209.54417543397162
41,6416.9680674197125,0.0,-12.0,0.18246764822521427,0.1906500729852256,0.6261666836660116,0.6100316220588782,34.627376680211356,237.6253429146976,27.67597409512428,222.25419605501259
41,6416.9680674197125,0.0,-12.0,0.184099477319431,0.18966413018208564,0.6261657571086907,0.633961763057648,34.627376680211356,240.3856490062878,27.43583691894949,222.322512667366
41,39.99950000321371,39.99950000321371,-12.0,0.18406428668062175,0.24578880838687697,0.0844255804723974,0.21879903719106095,1.0223870118996672,19.872408253370896,21.579954076611173,70.03168152309237
41,6416.9680674197125,0.0,-12.0,0.18246764822521427,0.1906500729852256,0.6261666882349383,0.6108375379695318,34.627376680211356,235.60854031672457,31.239177121871606,222.8121700923295
41,6416.9680674197125,0.0,-12.0,0.18239884901670114,0.18972130928258846,0.6261666393651582,0.6100274986094197,34.627376680211356,237.50180461281332,24.51168727218186,222.79869756656115
41,6416.9680674197125,0.0,-12.0,0.18246764822521427,0.1906500729852256,0.6261657571086907,0.6100316220588782,34.627376680211356,237.6253429146976,27.67597409512428,222.82126367333723
41,6416.9680674197125,0.0,-12.0,0.18246764822521427,0.1906500729852256,0.6284295107147455,0.6155938684842703,34.627376680211356,236.11448348977234,23.75332205947307,207.21829462543508
41,6416.9680674197125,0.0,-12.0,0.18246764822521427,0.18969542580495405,0.6261490487779792,0.6100316220588782,34.627376680211356,237.64583465692976,27.66225743765052,225.25260454142577
41,6416.9680674197125,0.0,-12.0,0.18246764822521427,0.1897003223309856,0.6261657571086907,0.6100316220588782,34.627376680211356,237.6253429146976,27.67597409512428,222.820254898249
41,6416.9680674197125,0.0,-12.0,0.1824676482518053,0.18972130928258846,0.6261666145484514,0.6089594420072852,34.627376680211356,224.58920785249094,25.21141700024895,218.23517581291628
41,39.99950000321371,39.99950000321371,-12.0,0.18406428668062175,0.24631581145609271,0.10097405589139212,0.21879903719106095,0.7923078401478172,19.872408253370896,26.475369035834365,70.03168152309237
41,6416.9680674197125,0.0,-12.0,0.18246764822521427,0.18972130928258846,0.6261479732187145,0.6100316220588782,34.627376680211356,235.6200091592414,25.225916133885427,222.34967019048497
41,39.99950000321371,39.99950000321371,-12.0,0.18246556684880416,0.24631581145609271,0.10097405589139212,0.21184790619160754,2.893466347809888,19.872408253370896,25.307115630645217,70.03168152309237
41,6416.9680674197125,0.0,-12.0,0.18246764822521427,0.1906500729852256,0.62539387485472,0.6478169385044642,34.627376680211356,237.734390065219,27.023095529822886,209.7385158972552
41,6416.9680674197125,0.0,-12.0,0.1957693065817691,0.19087276845102813,0.6349682979302091,0.6103898211403057,34.627376680211356,229.9415923263209,25.24152523557245,191.8073031436827
41,6416.9680674197125,0.0,-12.0,0.18246764822521427,0.1906500729852256,0.6261666882349383,0.6406377244854667,34.627376680211356,235.60854031672457,25.305417465108363,184.76786637363352
41,6416.9680674197125,0.0,-12.0,0.18246764822521427,0.18972130928258846,0.6261661470091634,0.6100316220588782,34.627376680211356,237.6253429146976,27.67597409512428,222.79869756656115
41,6416.9680674197125,0.0,-12.0,0.18246764822521427,0.1906500729852256,0.62539387485472,0.6441049015938504,34.627376680211356,237.6480728969684,27.023095529822886,221.54739127772862
41,6416.9680674197125,0.0,-12.0,0.19464174490472977,0.18468476928748506,0.6261479732187145,0.6100316220588782,34.627376680211356,237.64898397218104,25.225916133885427,222.34967019048497
41,6416.9680674197125,0.0,-12.0,0.18246764822521427,0.1906500729852256,0.6261582332463103,0.6117773328559787,34.627376680211356,223.1454929043119,27.67597409512428,209.54417543397162
41,6416.9680674197125,0.0,-12.0,0.19464174490472977,0.18468476928748506,0.6261479732187145,0.6100316220588782,34.627376680211356,237.73530114043163,25.225916133885427,210.5407948100112
41,6416.9680674197125,0.0,-12.0,0.18246764822521427,0.18974709659417424,0.6261472799488544,0.5739328435523576,34.627376680211356,237.6253429146976,26.928124223179275,221.29991192028655
41,39.99950000321371,39.99950000321371,-12.0,0.18400735120256137,0.2648007124168349,0.09421227244014413,0.21156385707557238,1.2501164152253779,13.7044484422524,27.672105829301557,60.9263411630787
41,6416.9680674197125,0.0,-12.0,0.18246764822521427,0.1906491594445524,0.6261663142532955,0.6100316220588782,34.627376680211356,237.6253429146976,27.67597409512428,209.54417543397162
42,6416.9680674197125,0.0,-12.0,0.18246764822521427,0.1906500729852256,0.6261666882349383,0.6413189819139499,34.627376680211356,235.60854031672457,27.66989244827693,184.76786637363352
42,39.99950000321371,39.99950000321371,-12.0,0.18406428668062175,0.24581670320556573,0.10902732604308008,0.21879903719106095,0.7923078401478172,1.3192783765062384,59.127935270570475,71.41365953178493
42,39.99950000321371,39.99950000321371,-12.0,0.16234282300991074,0.24764527621769536,0.10097405589139212,0.20298354836119012,2.893466347809888,19.872408253370896,25.307115630645217,65.2443693173714
42,6416.9680674197125,0.0,-12.0,0.1820499388033045,0.1897203557462482,0.6261649355486375,0.6197769168386138,34.68044172449624,235.594881810772,27.317903772165675,209.76900777124087
42,6416.9680674197125,0.0,-12.0,0.18246764822521427,0.18972130928258846,0.6261661470091634,0.6100316220588782,34.627376680211356,237.6253429146976,27.67597409512428,222.79869756656115
42,6416.9680674197125,0.0,-12.0,0.1820499388033045,0.18967314787279546,0.6261649355486375,0.6197769168386138,34.628432061374696,237.47492518193803,27.414455190242943,208.9933236310812
42,6416.9680674197125,0.0,-12.0,0.18246764822521427,0.1906500729852256,0.6261582332463103,0.6117760064349989,34.627376680211356,235.81772363206676,27.67597409512428,209.54417543397162
42,6416.9680674197125,0.0,-12.0,0.1957693065817691,0.19087276845102813,0.6349682979302091,0.6103898211403057,34.627376680211356,229.9415923263209,25.24152523557245,191.8073031436827
42,6416.9680674197125,0.0,-12.0,0.1841060669615005,0.18468476928748506,0.6261479732187145,0.6054451848179255,34.627376680211356,17.32841202598169,25.225916133885427,211.55970702770065
42,39.99950000321371,39.99950000321371,-12.0,0.18374831553389445,0.24581670320556573,0.10902732604308008,0.1701486570168247,0.7923078401478172,1.3192783765062384,59.127935270570475,75.66556248586517
42,6416.9680674197125,0.0,-12.0,0.18239884901670114,0.18972130928258846,0.6261666393651582,0.6100274986094197,34.627376680211356,237.50180461281332,24.51168727218186,222.79869756656115
42,6416.9680674197125,0.0,-12.0,0.18247619399953197,0.18935856746791035,0.6309735340834942,0.6155980620037195,34.627376680211356,233.17618697814027,26.420373004139428,207.21829462543508
42,6416.9680674197125,0.0,-12.0,0.18246764822521427,0.1906500729852256,0.62539387485472,0.6478169385044642,34.627376680211356,237.734390065219,27.023095529822886,209.7385158972552
42,39.99950000321371,39.99950000321371,-12.0,0.18400735120256137,0.2648007124168349,0.09421227244014413,0.21156385707557238,1.090674004035737,13.7044484422524,27.669714413345723,61.52677923992238
42,6416.9680674197125,0.0,-12.0,0.184099477319431,0.18966413018208564,0.6261657571086907,0.633961763057648,34.627376680211356,240.3856490062878,27.43583691894949,222.322512667366
42,39.99950000321371,39.99950000321371,-12.0,0.18406428668062175,0.24631581145609271,0.10093206044871732,0.21879903719106095,0.7923078401478172,1.3192783765062384,59.127935270570475,71.41365953178493
42,6416.9680674197125,0.0,-12.0,0.1824676482518053,0.18972130928258846,0.6261666145484514,0.6089594420072852,34.627376680211356,224.58920785249094,25.21141700024895,218.23517581291628
42,39.99950000321371,39.99950000321371,-12.0,0.18406428668062175,0.24631581145609271,0.10097405589139212,0.21879903719106095,0.7923078401478172,19.872408253370896,26.475369035834365,70.03168152309237
42,6416.9680674197125,0.0,-12.0,0.18246764822521427,0.1906500729852256,0.6261657571086907,0.6100316220588782,34.627376680211356,237.6253429146976,27.67597409512428,222.82126367333723
42,6416.9680674197125,0.0,-12.0,0.18246764822521427,0.19067523328003153,0.6261479732187145,0.6100316220588782,34.627376680211356,235.6200091592414,27.034604559779527,222.34967019048497
42,6416.9680674197125,0.0,-12.0,0.18246764822521427,0.19065236362454205,0.6261479732187145,0.6117747934286875,34.627376680211356,235.6200091592414,27.67794205506158,248.47194516624086
42,6416.9680674197125,0.0,-12.0,0.18246764822521427,0.18972130928258846,0.6261479732187145,0.6100316220588782,34.627376680211356,235.6200091592414,25.225916133885427,222.34967019048497
42,39.99950000321371,39.99950000321371,-12.0,0.18246556684880416,0.24631581145609271,0.10097405589139212,0.21184790619160754,2.893466347809888,19.872408253370896,25.307115630645217,70.03168152309237
42,6416.9680674197125,0.0,-12.0,0.18246764822521427,0.18969542580495405,0.6261490487779792,0.6100316220588782,34.627376680211356,237.64583465692976,27.66225743765052,225.25260454142577
42,6416.9680674197125,0.0,-12.0,0.18246764822521427,0.18975798577119746,0.6261657725805514,0.6100316220588782,34.627376680211356,237.50994670672412,27.67597409512428,184.7716890231121
42,6416.9680674197125,0.0,-12.0,0.18246764822521427,0.18972130928258846,0.6261479732187145,0.6100316220588782,34.627376680211356,237.64583465692976,25.225916133885427,225.25260454142577
42,6416.9680674197125,0.0,-12.0,0.19552645002549077,0.19065940256188874,0.6264020430990241,0.6292766356371182,34.627376680211356,235.73207309571117,27.79574513958426,225.47481374450095
42,6416.9680674197125,0.0,-12.0,0.18246764822521427,0.18974709659417424,0.6261472799488544,0.6083578079536152,34.627376680211356,237.6253429146976,27.704169334434035,221.29991192028655
42,6416.9680674197125,0.0,-12.0,0.19552645002549077,0.19065747218807366,0.6283931772965161,0.6292966959155172,34.627376680211356,237.8414591639364,27.182694573535027,201.52195802845483
42,6416.9680674197125,0.0,-12.0,0.18247619399953197,0.1944116290191533,0.6309735340834942,0.6155980620037195,34.627376680211356,233.17618697814027,26.420373004139428,207.21829462543508
42,6416.9680674197125,0.0,-12.0,0.19552645002549077,0.19065747218807366,0.6283931772965161,0.6292966959155172,34.627376680211356,237.8468411470193,27.17212801793645,201.52195802845483
42,6416.9680674197125,0.0,-12.0,0.1957693065817691,0.19377343343797987,0.6351213573402973,0.6103940146597548,34.627376680211356,229.8874343387417,25.24152523557245,201.52195802845483
42,6416.9680674197125,0.0,-12.0,0.18273030979335975,0.1906500729852256,0.62539387485472,0.648343827250237,34.627376680211356,237.83617125243688,27.022536110206026,209.7385158972552
42,6416.9680674197125,0.0,-12.0,0.18246764822521427,0.18972130928258846,0.6261661470091634,0.5791202552029201,34.627376680211356,237.6253429146976,26.899928983869522,222.79869756656115
42,6416.9680674197125,0.0,-12.0,0.18246764822521427,0.1906500729852256,0.6261666882349383,0.6108375379695318,34.627376680211356,235.60854031672457,31.239177121871606,222.8121700923295
42,6416.9680674197125,0.0,-12.0,0.1824676522436158,0.18972472318048303,0.6261657348344442,0.6100504145913386,34.627376680211356,237.56899186920597,27.694246357302426,222.1375080280712
42,6416.9680674197125,0.0,-12.0,0.18246764822521427,0.1906500729852256,0.6284295107147455,0.6155938684842703,34.627376680211356,236.11448348977234,23.75332205947307,207.21829462543508
42,6416.9680674197125,0.0,-12.0,0.1820499388033045,0.18967314787279546,0.6261649355486375,0.6197769168386138,34.682013425601276,237.47492518193803,27.412063774287105,209.59143391778508
42,6416.9680674197125,0.0,-12.0,0.18206655118024007,0.1896299833884158,0.6261648166094096,0.6199846461023243,34.628404953962125,237.6229987550705,27.414455190242943,206.1884207859354
42,6416.9680674197125,0.0,-12.0,0.18239984459023906,0.18972130928258846,0.6261666391757212,0.6102138404666014,34.627376680211356,237.50369700678107,24.51168727218186,222.79853909505545
42,6416.9680674197125,0.0,-12.0,0.18246764822521427,0.18974709659417424,0.6261472799488544,0.5739328435523576,34.627376680211356,237.6253429146976,26.928124223179275,221.29991192028655
42,6416.9680674197125,0.0,-12.0,0.18246764822521427,0.18972130928258846,0.6261472799488544,0.6068726592317697,34.627376680211356,237.6253429146976,26.918848393866643,219.48423211716946
42,6416.9680674197125,0.0,-12.0,0.18246764822521427,0.1906500729852256,0.6261582332463103,0.6117773328559787,34.627376680211356,223.1454929043119,27.67597409512428,209.54417543397162
42,6416.9680674197125,0.0,-12.0,0.18246764822521427,0.1906491594445524,0.6261663142532955,0.6100316220588782,34.627376680211356,237.6253429146976,27.67597409512428,209.54417543397162
42,6416.9680674197125,0.0,-12.0,0.18246778508376296,0.1896527196082745,0.6261657545990671,0.609060739340752,34.627376680211356,237.6239115630392,27.52567510674108,222.3052940032914
42,6416.9680674197125,0.0,-12.0,0.18246764822521427,0.18972130928258846,0.6261479732187145,0.6100316220588782,34.627376680211356,235.59636810175795,25.225916133885427,222.34967019048497
42,6416.9680674197125,0.0,-12.0,0.18246764822521427,0.1897003223309856,0.6261657571086907,0.6100316220588782,34.627376680211356,237.6253429146976,27.67597409512428,222.820254898249
42,6416.9680674197125,0.0,-12.0,0.18246764822521427,0.19072311984157797,0.6261671105310695,0.6193388925695923,34.627376680211356,235.66400330524777,27.67597409512428,199.75372097376714
43,39.99950000321371,39.99950000321371,-12.0,0.18406428668062175,0.24581670320556573,0.10902732604308008,0.21879903719106095,0.7923078401478172,1.3192783765062384,59.127935270570475,71.41365953178493
43,6416.9680674197125,0.0,-12.0,0.18246764822521427,0.1906500729852256,0.6261666882349383,0.6413189819139499,34.627376680211356,235.60854031672457,27.66989244827693,184.76786637363352
43,39.99950000321371,39.99950000321371,-12.0,0.18406428668062175,0.19045763324355044,0.12258668774425183,0.2044966358644109,0.7923078401478172,1.3192783765062384,59.127935270570475,71.41365953178493
43,6416.9680674197125,0.0,-12.0,0.18246764822521427,0.18974709659417424,0.6261661452246698,0.6083578079536152,34.627376680211356,237.64860139310656,27.704169334434035,221.29991192028655
43,6416.9680674197125,0.0,-12.0,0.18246764822521427,0.1906500729852256,0.6261651919812329,0.6100316220588782,34.627376680211356,239.7669496338695,27.67597409512428,222.82126367333723
43,6416.9680674197125,0.0,-12.0,0.18273030979335975,0.1906500729852256,0.62539387485472,0.648343827250237,34.627376680211356,237.83617125243688,27.022536110206026,209.7385158972552
43,6416.9680674197125,0.0,-12.0,0.18246764822521427,0.18974709659417424,0.6261472799488544,0.5739328435523576,34.627376680211356,237.6253429146976,26.928124223179275,221.29991192028655
43,6416.9680674197125,0.0,-12.0,0.18246764822521427,0.18972130928258846,0.6261479732187145,0.6100316220588782,34.627376680211356,235.6200091592414,25.225916133885427,222.34967019048497
43,6416.9680674197125,0.0,-12.0,0.18246764822521427,0.1906491594445524,0.6261663142532955,0.6100316220588782,34.627376680211356,237.6253429146976,27.67597409512428,209.54417543397162
43,6416.9680674197125,0.0,-12.0,0.18247619399953197,0.18935856746791035,0.6309735340834942,0.6155980620037195,34.627376680211356,233.17618697814027,26.420373004139428,207.21829462543508
43,6416.9680674197125,0.0,-12.0,0.18294268235316777,0.18974709659417424,0.6285905242843057,0.5739328435523576,34.627376680211356,237.6253429146976,26.928124223179275,221.29991192028655
43,6416.9680674197125,0.0,-12.0,0.18246764822521427,0.1906500729852256,0.6261666882349383,0.6108375379695318,34.627376680211356,235.60854031672457,31.239177121871606,222.8121700923295
43,39.99950000321371,39.99950000321371,-12.0,0.18400735120256137,0.2648007124168349,0.09421227244014413,0.21156385707557238,1.090674004035737,13.7044484422524,27.669714413345723,61.52677923992238
43,6416.9680674197125,0.0,-12.0,0.18206655118024007,0.1896299833884158,0.6261648166094096,0.6199846461023243,34.628404953962125,237.6229987550705,27.414455190242943,206.1884207859354
43,6416.9680674197125,0.0,-12.0,0.18246764822521427,0.1897003223309856,0.6261657571086907,0.6100316220588782,34.627376680211356,237.6253429146976,27.67597409512428,222.820254898249
43,6416.9680674197125,0.0,-12.0,0.18246764822521427,0.1906500729852256,0.6261657571086907,0.6100316220588782,34.627376680211356,237.6253429146976,27.67597409512428,222.82126367333723
43,6416.9680674197125,0.0,-12.0,0.1957693065817691,0.19087276845102813,0.6349682979302091,0.6103898211403057,34.627376680211356,229.9415923263209,25.24152523557245,191.8073031436827
43,6416.9680674197125,0.0,-12.0,0.18246764822521427,0.19067523328003153,0.6261485383461723,0.6374494354816239,34.627376680211356,237.74903593394794,27.034604559779527,231.3112561548176
43,6416.9680674197125,0.0,-12.0,0.18246764822521427,0.19065236362454205,0.6261479732187145,0.6117747934286875,34.627376680211356,235.6200091592414,27.67794205506158,248.47194516624086
43,6416.9680674197125,0.0,-12.0,0.18246764822521427,0.18969542580495405,0.6261490487779792,0.6100316220588782,34.627376680211356,237.64583465692976,27.66225743765052,225.25260454142577
43,39.99950000321371,39.99950000321371,-12.0,0.18406428668062175,0.24631581145609271,0.10097405589139212,0.21879903719106095,0.7923078401478172,19.872408253370896,59.95290603253682,70.02224166718108
43,6416.9680674197125,0.0,-12.0,0.1824676482518053,0.18972130928258846,0.6261666145484514,0.6089594420072852,34.627376680211356,224.58920785249094,25.21141700024895,218.23517581291628
43,6416.9680674197125,0.0,-12.0,0.18246764822521427,0.1896740457932938,0.6261582332463103,0.6064879786891401,34.627376680211356,235.79919185669453,26.922801453697208,209.54417543397162
43,6416.9680674197125,0.0,-12.0,0.1820499388033045,0.18967314787279546,0.6261649355486375,0.6197769168386138,34.681276574055246,237.48541475641125,27.414455190242943,209.00070763333022
43,6416.9680674197125,0.0,-12.0,0.18246764822521427,0.18972130928258846,0.6261661470091634,0.6100316220588782,34.627376680211356,237.6253429146976,27.67597409512428,222.79869756656115
43,39.99950000321371,39.99950000321371,-12.0,0.18406428668062175,0.24631581145609271,0.10097405589139212,0.21879903719106095,0.7923078401478172,19.872408253370896,26.475369035834365,70.03168152309237
43,39.99950000321371,39.99950000321371,-12.0,0.16234282300991074,0.24764527621769536,0.10097405589139212,0.20298354836119012,2.893466347809888,19.872408253370896,25.307115630645217,65.2443693173714
43,6416.9680674197125,0.0,-12.0,0.18246764822521427,0.19075691103490683,0.6261666952483517,0.6413189819139499,34.627376680211356,224.58946861459242,25.261039448256906,184.76786637363352
43,6416.9680674197125,0.0,-12.0,0.184099477319431,0.18966413018208564,0.6261657571086907,0.633961763057648,34.627376680211356,240.3856490062878,27.43583691894949,222.322512667366
43,6416.9680674197125,0.0,-12.0,0.1820499388033045,0.1897203557462482,0.6261649355486375,0.6197769168386138,34.68044172449624,235.594881810772,27.317903772165675,209.76900777124087
43,6416.9680674197125,0.0,-12.0,0.18246764822521427,0.18974709659417424,0.6261472799488544,0.6083578079536152,34.627376680211356,237.6253429146976,27.704169334434035,221.29991192028655
43,39.99950000321371,39.99950000321371,-12.0,0.18246556684880416,0.24631581145609271,0.10097405589139212,0.21184790619160754,2.893466347809888,19.872408253370896,25.307115630645217,70.03168152309237
43,6416.9680674197125,0.0,-12.0,0.18246764822521427,0.18972130928258846,0.6261479732187145,0.6100316220588782,34.627376680211356,235.59636810175795,25.225916133885427,222.34967019048497
43,6416.9680674197125,0.0,-12.0,0.18247633451376596,0.19072311984157797,0.626164822823047,0.6193410792770128,34.627376680211356,235.5361136797077,27.67435266716851,199.75372097376714
43,6416.9680674197125,0.0,-12.0,0.18246764822521427,0.18972130928258846,0.6261472799488544,0.6068726592317697,34.627376680211356,237.6253429146976,26.918848393866643,219.48423211716946
43,6416.9680674197125,0.0,-12.0,0.1824676522436158,0.18972472318048303,0.6261657348344442,0.6100504145913386,34.627376680211356,237.56899186920597,27.694246357302426,222.1375080280712
43,6416.9680674197125,0.0,-12.0,0.1820499388033045,0.1897203557462482,0.6261649355486375,0.6197769168386138,34.62759721181568,235.58439223629878,27.317903772165675,209.76162376899183
43,6416.9680674197125,0.0,-12.0,0.18246764822521427,0.1906500729852256,0.6261582332463103,0.6117760064349989,34.627376680211356,235.81772363206676,27.67597409512428,209.54417543397162
43,6416.9680674197125,0.0,-12.0,0.18246764822521427,0.1906500729852256,0.6261582332463103,0.6117773328559787,34.627376680211356,223.1454929043119,27.67597409512428,209.54417543397162
43,6416.9680674197125,0.0,-12.0,0.19552645002549077,0.19065940256188874,0.6264020430990241,0.6292766356371182,34.627376680211356,235.73207309571117,27.79574513958426,225.47481374450095
43,6416.9680674197125,0.0,-12.0,0.18246764822521427,0.1906500729852256,0.6261478229591229,0.6108375379695318,34.627376680211356,235.5852818383156,31.239177121871606,222.8121700923295
43,6416.9680674197125,0.0,-12.0,0.18246764822521427,0.19069733647452028,0.6261472799488544,0.6121606869776285,34.627376680211356,237.64387469006985,27.672021035293714,219.48423211716946
43,6416.9680674197125,0.0,-12.0,0.18247619399953197,0.1944116290191533,0.6309735340834942,0.6155980620037195,34.627376680211356,233.17618697814027,26.420373004139428,207.21829462543508
43,6416.9680674197125,0.0,-12.0,0.18246764822521427,0.1906500729852256,0.62539387485472,0.6478169385044642,34.627376680211356,237.734390065219,27.023095529822886,209.7385158972552
43,6416.9680674197125,0.0,-12.0,0.19552645002549077,0.19065747218807366,0.6283931772965161,0.6292966959155172,34.627376680211356,237.8414591639364,27.182694573535027,201.52195802845483
43,6416.9680674197125,0.0,-12.0,0.18246764822521427,0.18975798577119746,0.6261657725805514,0.6100316220588782,34.627376680211356,237.50994670672412,27.67597409512428,184.7716890231121
43,6416.9680674197125,0.0,-12.0,0.18246764822521427,0.19067523328003153,0.6261479732187145,0.6100316220588782,34.627376680211356,235.6200091592414,27.034604559779527,222.34967019048497
43,6416.9680674197125,0.0,-12.0,0.18239884901670114,0.18972130928258846,0.6261666393651582,0.6100274986094197,34.627376680211356,237.50180461281332,24.51168727218186,222.79869756656115
44,6416.9680674197125,0.0,-12.0,0.18246764822521427,0.1906500729852256,0.6261666882349383,0.6413189819139499,34.627376680211356,235.60854031672457,27.66989244827693,184.76786637363352
44,39.99950000321371,39.99950000321371,-12.0,0.18406428668062175,0.24581670320556573,0.10902732604308008,0.21879903719106095,0.7923078401478172,1.3192783765062384,59.127935270570475,71.41365953178493
44,6416.9680674197125,0.0,-12.0,0.18246764822521427,0.19067523328003153,0.6261652674046807,0.6100316220588782,34.627376680211356,235.46002271620236,27.672314171768118,223.7922512982426
44,39.99950000321371,39.99950000321371,-12.0,0.18249423779106153,0.2620713546966348,0.1410018597042079,0.21879903719106095,0.7923078401478172,1.3192783765062384,56.179760689969996,71.41365953178493
44,6416.9680674197125,0.0,-12.0,0.18246764822521427,0.19065580216726805,0.6261661470091634,0.6100316220588782,34.627376680211356,234.9866589218504,27.67597409512428,222.79869756656115
44,6416.9680674197125,0.0,-12.0,0.18246764822521427,0.189751654714082,0.6261472519780588,0.5739328435523576,34.627376680211356,237.6228254488158,27.038514364490876,218.81568567180736
44,39.99950000321371,39.99950000321371,-12.0,0.18400735120256137,0.2648007124168349,0.09421227244014413,0.21156385707557238,1.090674004035737,13.7044484422524,27.669714413345723,61.52677923992238
44,6416.9680674197125,0.0,-12.0,0.19552645002549077,0.19065747218807366,0.6283931772965161,0.6292966959155172,34.627376680211356,237.8414591639364,27.182694573535027,201.52195802845483
44,6416.9680674197125,0.0,-12.0,0.18246764822521427,0.1906500729852256,0.6261582332463103,0.6117773328559787,34.627376680211356,223.1454929043119,27.67597409512428,209.54417543397162
44,6416.9680674197125,0.0,-12.0,0.18246764822521427,0.19075691103490683,0.6261666952483517,0.6413189819139499,34.627376680211356,224.58946861459242,25.261039448256906,184.76786637363352
44,6416.9680674197125,0.0,-12.0,0.18246764822521427,0.1906500729852256,0.6261651919812329,0.6100316220588782,34.627376680211356,239.7669496338695,27.67597409512428,222.82126367333723
44,6416.9680674197125,0.0,-12.0,0.1824676522436158,0.18972472318048303,0.6261657348344442,0.6100504145913386,34.627376680211356,237.56899186920597,27.694246357302426,222.1375080280712
44,6416.9680674197125,0.0,-12.0,0.18246764822521427,0.19063414613299928,0.6261479732187145,0.6197664609179278,34.674701920440995,235.6200091592414,27.302711860082372,248.19976117063175
44,6416.9680674197125,0.0,-12.0,0.1820499388033045,0.18973857323779098,0.6261649355486375,0.6117852493493735,34.63311648426661,235.24769572436674,27.693133967144885,209.84894832912335
44,6416.9680674197125,0.0,-12.0,0.19552645002549077,0.19065940256188874,0.6264020430990241,0.6292766356371182,34.627376680211356,235.73207309571117,27.79574513958426,225.47481374450095
44,6416.9680674197125,0.0,-12.0,0.18246764822521427,0.1906500729852256,0.6261581461458756,0.6181849372602598,34.627376680211356,235.56831124904065,27.67597409512428,222.6494734744767
44,6416.9680674197125,0.0,-12.0,0.18246764822521427,0.18975798577119746,0.6261657725805514,0.6100316220588782,34.627376680211356,237.50994670672412,27.67597409512428,184.7716890231121
44,6416.9680674197125,0.0,-12.0,0.18206655118024007,0.1896299833884158,0.6261648166094096,0.6199846461023243,34.628404953962125,237.6229987550705,27.414455190242943,206.1884207859354
44,6416.9680674197125,0.0,-12.0,0.18246764822521427,0.1906500729852256,0.6261582332463103,0.6117760064349989,34.627376680211356,235.81772363206676,27.67597409512428,209.54417543397162
44,6416.9680674197125,0.0,-12.0,0.18246764822521427,0.1906500729852256,0.6261478229591229,0.6108375379695318,34.627376680211356,235.5852818383156,31.239177121871606,222.8121700923295
44,6416.9680674197125,0.0,-12.0,0.18246764822521427,0.18975374695497632,0.6261479732187145,0.6117467058142544,34.627376680211356,237.74767873398767,27.67794205506158,248.47194516624086
44,6416.9680674197125,0.0,-12.0,0.18246764822521427,0.18974709659417424,0.6261661452246698,0.6083578079536152,34.627376680211356,237.64860139310656,27.704169334434035,221.29991192028655
44,6416.9680674197125,0.0,-12.0,0.18246764822521427,0.18974709659417424,0.6261472799488544,0.6083578079536152,34.627376680211356,237.5665793209838,27.704169334434035,221.29462245892125
44,6416.9680674197125,0.0,-12.0,0.18246764822521427,0.18971558010054604,0.6261666882349383,0.6413189819139499,34.627376680211356,237.64264656786582,27.66989244827693,231.72949122006958
44,6416.9680674197125,0.0,-12.0,0.18239884901670114,0.18972130928258846,0.6261666393651582,0.6100274986094197,34.627376680211356,237.50180461281332,24.51168727218186,222.79869756656115
44,6416.9680674197125,0.0,-12.0,0.18246764822521427,0.1897003223309856,0.6261657571086907,0.6100316220588782,34.627376680211356,237.6253429146976,27.67597409512428,222.820254898249
44,6416.9680674197125,0.0,-12.0,0.18246764822521427,0.18969542580495405,0.6261490487779792,0.6100316220588782,34.627376680211356,237.64583465692976,27.66225743765052,225.25260454142577
44,6416.9680674197125,0.0,-12.0,0.18246764822521427,0.19067523328003153,0.6261479732187145,0.6100316220588782,34.627376680211356,235.6200091592414,27.034604559779527,222.34967019048497
44,39.99950000321371,39.99950000321371,-12.0,0.16234282300991074,0.24764527621769536,0.10097405589139212,0.20298354836119012,2.893466347809888,19.872408253370896,25.307115630645217,65.2443693173714
44,6416.9680674197125,0.0,-12.0,0.18246764822521427,0.18966339694144208,0.6261490487779792,0.6100316220588782,34.627376680211356,240.45396741357973,28.039082649868956,229.515764591671
44,39.99950000321371,39.99950000321371,-12.0,0.18246556684880416,0.24631581145609271,0.10097405589139212,0.21184790619160754,2.893466347809888,19.872408253370896,25.307115630645217,70.03168152309237
44,6416.9680674197125,0.0,-12.0,0.18246764822521427,0.1906500729852256,0.6261666882349383,0.6108375379695318,34.627376680211356,235.60854031672457,31.239177121871606,222.8121700923295
44,6416.9680674197125,0.0,-12.0,0.18273030979335975,0.1906500729852256,0.62539387485472,0.648343827250237,34.627376680211356,237.83617125243688,27.022536110206026,209.7385158972552
44,6416.9680674197125,0.0,-12.0,0.18246764822521427,0.18972130928258846,0.6261479732187145,0.6100316220588782,34.627376680211356,235.6200091592414,25.225916133885427,222.34967019048497
44,6416.9680674197125,0.0,-12.0,0.18246764822521427,0.19067067516012376,0.626148566316968,0.6374494354816239,34.627376680211356,237.7515533998297,26.92421441846793,231.3112561548176
44,6416.9680674197125,0.0,-12.0,0.18246764822521427,0.1906500729852256,0.6261657571086907,0.6100316220588782,34.627376680211356,237.6253429146976,27.67597409512428,222.82126367333723
44,6416.9680674197125,0.0,-12.0,0.18247619399953197,0.1944116290191533,0.6309735340834942,0.6155980620037195,34.627376680211356,233.17618697814027,26.420373004139428,207.21829462543508
44,6416.9680674197125,0.0,-12.0,0.18252348871129778,0.1896740457932938,0.6261582332463103,0.6064879786891401,34.627376680211356,20.07443077195947,26.922801453697208,209.54417543397162
44,6416.9680674197125,0.0,-12.0,0.18241840887742522,0.18976604482885162,0.6261615949835322,0.6292766356371182,34.627376680211356,235.85696681753203,27.797404908878605,225.47481374450095
44,6416.9680674197125,0.0,-12.0,0.18246764822521427,0.19069733647452028,0.6261472799488544,0.6121606869776285,34.627376680211356,237.64387469006985,27.672021035293714,219.48423211716946
44,6416.9680674197125,0.0,-12.0,0.18246764822521427,0.18972130928258846,0.6261479732187145,0.6100316220588782,34.627376680211356,235.59636810175795,25.225916133885427,222.34967019048497
44,6416.9680674197125,0.0,-12.0,0.18294268235316777,0.18974709659417424,0.6285905242843057,0.5739328435523576,34.627376680211356,237.6253429146976,26.928124223179275,221.29991192028655
44,39.99950000321371,39.99950000321371,-12.0,0.18406428668062175,0.19045763324355044,0.12258668774425183,0.2044966358644109,0.7923078401478172,1.3192783765062384,59.127935270570475,71.41365953178493
44,6416.9680674197125,0.0,-12.0,0.18247633451376596,0.19072311984157797,0.626164822823047,0.6193410792770128,34.627376680211356,235.5361136797077,27.67435266716851,199.75372097376714
44,6416.9680674197125,0.0,-12.0,0.18246764822521427,0.18972130928258846,0.6261661470091634,0.6100316220588782,34.627376680211356,237.6253429146976,27.67597409512428,222.79869756656115
44,6416.9680674197125,0.0,-12.0,0.18246764822521427,0.19058481665946508,0.6261657571086907,0.642106138267617,34.627376680211356,237.6253429146976,27.675969223168835,222.820254898249
44,6416.9680674197125,0.0,-12.0,0.18383391664051313,0.19069757032419601,0.6261472774532082,0.5891914142463669,34.627376680211356,237.74827050559324,27.701799465430156,225.9955005464759
44,6416.9680674197125,0.0,-12.0,0.1820499388033045,0.18967314787279546,0.6261649355486375,0.6197769168386138,34.681276574055246,237.48541475641125,27.414455190242943,209.00070763333022
45,39.99950000321371,39.99950000321371,-12.0,0.18406428668062175,0.24581670320556573,0.10902732604308008,0.21879903719106095,0.7923078401478172,1.3192783765062384,59.127935270570475,71.41365953178493
45,6416.9680674197125,0.0,-12.0,0.18246764822521427,0.19067523328003153,0.6261652674046807,0.6100316220588782,34.627376680211356,235.28262891990911,27.672314171768118,183.1772367656398
45,6416.9680674197125,0.0,-12.0,0.18246764822521427,0.1906500729852256,0.6261666882349383,0.6413189819139499,34.627376680211356,235.60854031672457,27.66989244827693,184.76786637363352
45,39.99950000321371,39.99950000321371,-12.0,0.21692061869446821,0.2458871739045459,0.10097405589139212,0.12388513766430298,3.2007504246444105,19.872408253370896,22.022410868745645,65.2443693173714
45,39.99950000321371,39.99950000321371,-12.0,0.18249423779106153,0.2620713546966348,0.1410018597042079,0.21879903719106095,0.054699936713988206,1.3192783765062384,56.179760689969996,71.41365953178493
45,6416.9680674197125,0.0,-12.0,0.18239884901670114,0.18972130928258846,0.6261666393651582,0.6100274986094197,34.627376680211356,237.50180461281332,24.51168727218186,222.79869756656115
45,6416.9680674197125,0.0,-12.0,0.19552645002549077,0.19065940256188874,0.6264020430990241,0.6292766356371182,34.627376680211356,235.73207309571117,27.79574513958426,225.47481374450095
45,6416.9680674197125,0.0,-12.0,0.18273030979335975,0.1906500729852256,0.62539387485472,0.648343827250237,34.627376680211356,237.83617125243688,27.022536110206026,209.7385158972552
45,6416.9680674197125,0.0,-12.0,0.18246764822521427,0.19069733647452028,0.6261472799488544,0.6121606869776285,34.627376680211356,237.64387469006985,27.672021035293714,219.48423211716946
45,6416.9680674197125,0.0,-12.0,0.18247633451376596,0.19072311984157797,0.626164822823047,0.6193410792770128,34.627376680211356,235.5361136797077,27.67435266716851,199.75372097376714
45,6416.9680674197125,0.0,-12.0,0.18247619399953197,0.1944116290191533,0.6309735340834942,0.6155980620037195,34.627376680211356,233.17618697814027,26.420373004139428,207.21829462543508
45,6416.9680674197125,0.0,-12.0,0.18246764822521427,0.18975374695497632,0.6261479732187145,0.6117467058142544,34.627376680211356,237.74767873398767,27.67794205506158,248.47194516624086
45,6416.9680674197125,0.0,-12.0,0.18246764822521427,0.1897003223309856,0.6261657571086907,0.6100316220588782,34.627376680211356,237.6253429146976,27.67597409512428,222.820254898249
45,6416.9680674197125,0.0,-12.0,0.18246764822521427,0.1906500729852256,0.6261651919812329,0.6100316220588782,34.627376680211356,239.7669496338695,27.67597409512428,222.82126367333723
45,39.99950000321371,39.99950000321371,-12.0,0.18406428668062175,0.19045763324355044,0.12258668774425183,0.2044966358644109,0.7923078401478172,1.3192783765062384,59.127935270570475,71.41365953178493
45,6416.9680674197125,0.0,-12.0,0.18246764822521427,0.18966339694144208,0.6261490487779792,0.6100316220588782,34.627376680211356,240.45396741357973,28.039082649868956,229.515764591671
45,6416.9680674197125,0.0,-12.0,0.18246764822521427,0.19065603857259145,0.6261661470091634,0.6111815398906006,34.627376680211356,235.59457103307065,27.675515383659757,222.79869756656115
45,6416.9680674197125,0.0,-12.0,0.1820499388033045,0.18973857323779098,0.6261649355486375,0.6117852493493735,34.63311648426661,235.24769572436674,27.693133967144885,209.84894832912335
45,6416.9680674197125,0.0,-12.0,0.18246764822521427,0.19065580216726805,0.6261661470091634,0.6099909781908234,34.627376680211356,237.5681492905375,27.702757598999618,221.34511444256293
45,6416.9680674197125,0.0,-12.0,0.18246764822521427,0.19067523328003153,0.6261652674046807,0.6100316220588782,34.627376680211356,235.46002271620236,27.672314171768118,223.7922512982426
45,6416.9680674197125,0.0,-12.0,0.18246764822521427,0.19067067516012376,0.626148566316968,0.6374494354816239,34.627376680211356,237.7515533998297,26.92421441846793,231.3112561548176
45,6416.9680674197125,0.0,-12.0,0.18246764822521427,0.19063414613299928,0.6261479732187145,0.6197664609179278,34.674701920440995,235.6200091592414,27.302711860082372,248.19976117063175
45,6416.9680674197125,0.0,-12.0,0.18246764822521427,0.18972130928258846,0.6261479732187145,0.6100316220588782,34.627376680211356,235.59636810175795,25.225916133885427,222.34967019048497
45,6416.9680674197125,0.0,-12.0,0.18246764822521427,0.1906500729852256,0.6261666882349383,0.628135962049482,34.874042901849045,235.60854031672457,31.24338103474648,184.02699954397065
45,6416.9680674197125,0.0,-12.0,0.18206655118024007,0.1896299833884158,0.6261648166094096,0.6199846461023243,34.628404953962125,237.6229987550705,27.414455190242943,206.1884207859354
45,6416.9680674197125,0.0,-12.0,0.18246764822521427,0.1906500729852256,0.6261666882349383,0.6108375379695318,34.627376680211356,235.60854031672457,31.239177121871606,222.8121700923295
45,6416.9680674197125,0.0,-12.0,0.18246764822521427,0.18975798577119746,0.6261657725805514,0.6100316220588782,34.627376680211356,237.50994670672412,27.67597409512428,184.7716890231121
45,39.99950000321371,39.99950000321371,-12.0,0.18249423779106153,0.2620713546966348,0.1410018597042079,0.21879903719106095,0.7923078401478172,1.3192783765062384,56.179760689969996,71.41365953178493
45,6416.9680674197125,0.0,-12.0,0.18246764822521427,0.18974709659417424,0.6261472799488544,0.60839845182167,34.627376680211356,234.9850889522967,27.6773858305587,222.74820558291947
45,6416.9680674197125,0.0,-12.0,0.18241840887742522,0.18976604482885162,0.6261615949835322,0.6292766356371182,34.627376680211356,235.85696681753203,27.797404908878605,225.47481374450095
45,6416.9680674197125,0.0,-12.0,0.18246764822521427,0.19065580216726805,0.6261661470091634,0.6100316220588782,34.627376680211356,234.9866589218504,27.67597409512428,222.79869756656115
45,6416.9680674197125,0.0,-12.0,0.18246764822521427,0.18972130928258846,0.6261661470091634,0.6100316220588782,34.627376680211356,237.6253429146976,27.67597409512428,222.79869756656115
45,6416.9680674197125,0.0,-12.0,0.18246764822521427,0.18974709659417424,0.6261472799488544,0.6083578079536152,34.627376680211356,237.5665793209838,27.704169334434035,221.29462245892125
45,6416.9680674197125,0.0,-12.0,0.18246764822521427,0.19069733647452028,0.6261472799488544,0.5917280922950616,34.627376680211356,237.64387469006985,27.672021035293714,219.48423211716946
45,6416.9680674197125,0.0,-12.0,0.18246764822521427,0.18972144698024432,0.626166773126457,0.6100316220588782,34.627376680211356,235.3947440392799,25.225916133885427,222.3592746253997
45,39.99950000321371,39.99950000321371,-12.0,0.16234282300991074,0.24764527621769536,0.10097405589139212,0.20298354836119012,2.893466347809888,19.872408253370896,25.307115630645217,65.2443693173714
45,6416.9680674197125,0.0,-12.0,0.18246764822521427,0.18978071856643466,0.6261657571086907,0.6101499023946574,34.627376680211356,237.6253429146976,27.675733945574606,209.86631253744474
45,6416.9680674197125,0.0,-12.0,0.18246764822521427,0.1906498365799022,0.6261666882349383,0.6401686761268615,34.627376680211356,235.00062820550434,27.67035115974145,184.76786637363352
45,6416.9680674197125,0.0,-12.0,0.18246764822521427,0.1906500729852256,0.6261582332463103,0.6117760064349989,34.627376680211356,235.81772363206676,27.67597409512428,209.54417543397162
45,6416.9680674197125,0.0,-12.0,0.18246764822521427,0.1906500729852256,0.6261478229591229,0.6108375379695318,34.627376680211356,235.5852818383156,31.239177121871606,221.76907194877361
45,39.99950000321371,39.99950000321371,-12.0,0.1840128190769957,0.2648007124168349,0.09469276032216967,0.21156385707557238,0.8786047964983466,13.7044484422524,27.658330202184942,59.873332445676525
45,6416.9680674197125,0.0,-12.0,0.18246764822521427,0.1906500729852256,0.6261581461458756,0.6181849372602598,34.627376680211356,235.56831124904065,27.67597409512428,222.6494734744767
45,6416.9680674197125,0.0,-12.0,0.18246765225260594,0.18972472318048303,0.6261657348344442,0.6100504145913386,34.627376680211356,237.56899186920597,27.677170506738033,221.24127022208012
45,6416.9680674197125,0.0,-12.0,0.18246764822521427,0.1906500729852256,0.6261478229591229,0.6108375379695318,34.627376680211356,235.5852818383156,31.239177121871606,222.8121700923295
45,39.99950000321371,39.99950000321371,-12.0,0.22650247394954437,0.2475748055187152,0.10902732604308008,0.25289970418090824,2.9705361983126113,1.3192783765062384,59.127935270570475,71.41365953178493
45,6416.9680674197125,0.0,-12.0,0.18246764822521427,0.1906500729852256,0.6261657571086907,0.6100316220588782,34.627376680211356,237.6253429146976,27.67597409512428,222.82126367333723
45,39.99950000321371,39.99950000321371,-12.0,0.18400735120256137,0.2648007124168349,0.09421227244014413,0.21156385707557238,1.090674004035737,13.7044484422524,27.669714413345723,61.52677923992238
45,6416.9680674197125,0.0,-12.0,0.18246764822521427,0.18969542580495405,0.6261490487779792,0.6100316220588782,34.627376680211356,237.64583465692976,27.66225743765052,225.25260454142577
46,6416.9680674197125,0.0,-12.0,0.18246764822521427,0.19067523328003153,0.6261652674046807,0.6100316220588782,34.627376680211356,235.28262891990911,27.672314171768118,183.1772367656398
46,39.99950000321371,39.99950000321371,-12.0,0.18406428668062175,0.24581670320556573,0.10902732604308008,0.21879903719106095,0.7923078401478172,1.3192783765062384,59.127935270570475,71.41365953178493
46,39.99950000321371,39.99950000321371,-12.0,0.21692061869446821,0.24852625304182768,0.10097405589139212,0.12388513766430298,3.2007504246444105,31.670486623138117,22.022410868745645,35.81261451626975
46,6416.9680674197125,0.0,-12.0,0.18246764822521427,0.1897944007556542,0.626166004620832,0.6117541926573234,34.627376680211356,237.74767873398767,27.675678736214902,249.7091704255392
46,6416.9680674197125,0.0,-12.0,0.18246764822521427,0.19067523328003153,0.6261652674046807,0.6100316220588782,34.627376680211356,235.46002271620236,27.672314171768118,223.7922512982426
46,6416.9680674197125,0.0,-12.0,0.1820499388033045,0.18973857323779098,0.6261649355486375,0.6117852493493735,34.63311648426661,235.24769572436674,27.693133967144885,209.84894832912335
46,6416.9680674197125,0.0,-12.0,0.18246764822521427,0.1906498365799022,0.6261666882349383,0.6401686761268615,34.627376680211356,235.00062820550434,27.67035115974145,184.76786637363352
46,6416.9680674197125,0.0,-12.0,0.18246764822521427,0.1906500729852256,0.6261491944137827,0.6117760064349989,34.627376680211356,235.81772363206676,27.685989076706353,208.9251869551066
46,6416.9680674197125,0.0,-12.0,0.18246764822521427,0.19065580216726805,0.6261661470091634,0.6100316220588782,34.627376680211356,234.9866589218504,27.67597409512428,222.79869756656115
46,6416.9680674197125,0.0,-12.0,0.18246764822521427,0.1906500729852256,0.6261478229591229,0.6108375379695318,34.627376680211356,235.5852818383156,31.239177121871606,221.76907194877361
46,6416.9680674197125,0.0,-12.0,0.18206655118024007,0.1896299833884158,0.6261648166094096,0.6199846461023243,34.628404953962125,237.6229987550705,27.414455190242943,206.1884207859354
46,39.99950000321371,39.99950000321371,-12.0,0.18249423779106153,0.2620713546966348,0.1410018597042079,0.21879903719106095,0.054699936713988206,1.3192783765062384,56.179760689969996,71.41365953178493
46,6416.9680674197125,0.0,-12.0,0.18246764822521427,0.18966339694144208,0.6261490487779792,0.6100316220588782,34.627376680211356,240.45396741357973,28.039082649868956,229.515764591671
46,6416.9680674197125,0.0,-12.0,0.18246764822521427,0.19069733647452028,0.6261472799488544,0.6121606869776285,34.627376680211356,237.62476937442875,27.672041039520387,173.5809964377575
46,6416.9680674197125,0.0,-12.0,0.18246764822521427,0.18974709659417424,0.6261472799488544,0.6083578079536152,34.627376680211356,237.5665793209838,27.704169334434035,221.29462245892125
46,6416.9680674197125,0.0,-12.0,0.18246764822521427,0.1906500729852256,0.6261666882349383,0.6108375379695318,34.627376680211356,235.60854031672457,31.239177121871606,222.8121700923295
46,6416.9680674197125,0.0,-12.0,0.18246764822521427,0.18969542580495405,0.6261490487779792,0.6100316220588782,34.627376680211356,237.64583465692976,27.67717762455758,225.3715816630352
46,6416.9680674197125,0.0,-12.0,0.18246764822521427,0.19067067516012376,0.626148566316968,0.6374494354816239,34.627376680211356,237.7515533998297,26.92421441846793,231.3112561548176
46,6416.9680674197125,0.0,-12.0,0.18246764822521427,0.18978071856643466,0.6261657571086907,0.6101499023946574,34.627376680211356,237.6253429146976,27.675733945574606,209.86631253744474
46,39.99950000321371,39.99950000321371,-12.0,0.18400735120256137,0.2648007124168349,0.09421227244014413,0.21156385707557238,1.090674004035737,13.7044484422524,27.669714413345723,61.52677923992238
46,6416.9680674197125,0.0,-12.0,0.18247619399953197,0.1944116290191533,0.6309735340834942,0.6155980620037195,34.627376680211356,233.17618697814027,26.420373004139428,207.21829462543508
46,39.99950000321371,39.99950000321371,-12.0,0.18249423779106153,0.2620713546966348,0.1410018597042079,0.21879903719106095,0.7923078401478172,1.3192783765062384,56.179760689969996,71.41365953178493
46,6416.9680674197125,0.0,-12.0,0.18246764822521427,0.19061538477191356,0.626148115607046,0.6111740530475317,34.627376680211356,235.59457103307065,27.677778702506433,222.79869756656115
46,39.99950000321371,39.99950000321371,-12.0,0.22650247394954437,0.2475748055187152,0.10902732604308008,0.25289970418090824,2.9705361983126113,1.3192783765062384,59.127935270570475,71.41365953178493
46,6416.9680674197125,0.0,-12.0,0.18246764822521427,0.1906500729852256,0.6261666882349383,0.628135962049482,34.874042901849045,235.60854031672457,31.24338103474648,184.02699954397065
46,39.99950000321371,39.99950000321371,-12.0,0.1840128190769957,0.2648007124168349,0.09469276032216967,0.21156385707557238,0.8786047964983466,13.7044484422524,27.658330202184942,59.873332445676525
46,6416.9680674197125,0.0,-12.0,0.18246764822521427,0.1906500729852256,0.6261581461458756,0.6181849372602598,34.627376680211356,235.56831124904065,27.67597409512428,222.6494734744767
46,6416.9680674197125,0.0,-12.0,0.18247633451376596,0.19072311984157797,0.626164822823047,0.6193410792770128,34.627376680211356,235.5361136797077,27.67435266716851,199.75372097376714
46,6416.9680674197125,0.0,-12.0,0.18246764822521427,0.18975374695497632,0.6261479732187145,0.6117467058142544,34.627376680211356,237.74767873398767,27.67794205506158,248.47194516624086
46,6416.9680674197125,0.0,-12.0,0.18246764822521427,0.18974709659417424,0.6261461792644252,0.60839845182167,34.627376680211356,235.3542744840563,27.6773858305587,222.74820558291947
46,6416.9680674197125,0.0,-12.0,0.18246764822521427,0.18975798577119746,0.6261657725805514,0.6100316220588782,34.627376680211356,237.50994670672412,27.67597409512428,184.7716890231121
46,6416.9680674197125,0.0,-12.0,0.18241840887742522,0.18976604482885162,0.6261615949835322,0.6292766356371182,34.627376680211356,235.85696681753203,27.797404908878605,225.47481374450095
46,6416.9680674197125,0.0,-12.0,0.18246764822521427,0.1906500729852256,0.6261657571086907,0.6100316220588782,34.627376680211356,237.6253429146976,27.67597409512428,222.82126367333723
46,6416.9680674197125,0.0,-12.0,0.18246764822521427,0.1906500729852256,0.6261666882349383,0.6413189819139499,34.627376680211356,235.60854031672457,27.66989244827693,184.72830973783724
46,6416.9680674197125,0.0,-12.0,0.18246764822521427,0.19069733647452028,0.6261472799488544,0.5917280922950616,34.627376680211356,237.64387469006985,27.672021035293714,219.48423211716946
46,6416.9680674197125,0.0,-12.0,0.18246764822521427,0.19065603857259145,0.6261661470091634,0.6111815398906006,34.627376680211356,235.59457103307065,27.675515383659757,222.79869756656115
46,6416.9680674197125,0.0,-12.0,0.18246764822521427,0.19069733647452028,0.6261472799488544,0.6121606869776285,34.627376680211356,237.64387469006985,27.672021035293714,219.48423211716946
46,6416.9680674197125,0.0,-12.0,0.18246764822521427,0.19065132813081498,0.6261472799488544,0.5917280922950616,34.627376680211356,237.64387469006985,27.672021035293714,219.648216934997
46,39.99950000321371,39.99950000321371,-12.0,0.22965833696097415,0.2648007124168349,0.09469276032216967,0.21156385707557238,0.8786047964983466,34.03245590170477,59.623459722277794,59.873332445676525
46,6416.9680674197125,0.0,-12.0,0.18239884901670114,0.18972130928258846,0.6261666393651582,0.6100274986094197,34.627376680211356,237.50180461281332,24.51168727218186,222.79869756656115
46,6416.9680674197125,0.0,-12.0,0.18246764822521427,0.1906500729852256,0.626166151017051,0.6156598871659285,34.627376680211356,235.47690031392656,31.249718534649784,221.74258022309178
46,6416.9680674197125,0.0,-12.0,0.18246764822521427,0.18969542580495405,0.6261490487779792,0.6100316220588782,34.627376680211356,237.64583465692976,27.66225743765052,225.25260454142577
46,6416.9680674197125,0.0,-12.0,0.18246764822521427,0.1906748275651372,0.626165278813508,0.6100316220588782,34.627376680211356,239.69488831719505,27.675850917173772,222.82126367333723
46,6416.9680674197125,0.0,-12.0,0.18246764822521427,0.1906500729852256,0.6261666882349383,0.6413189819139499,34.627376680211356,235.60854031672457,27.66989244827693,184.76786637363352
46,6416.9680674197125,0.0,-12.0,0.18273030979335975,0.1906500729852256,0.62539387485472,0.648343827250237,34.627376680211356,237.83617125243688,27.022536110206026,209.7385158972552
46,39.99950000321371,39.99950000321371,-12.0,0.18406428668062175,0.19045763324355044,0.1109859254546044,0.2044966358644109,0.7923078401478172,1.3192783765062384,59.127935270570475,71.41365953178493
46,6416.9680674197125,0.0,-12.0,0.18246764822521427,0.1906500729852256,0.6261651919812329,0.6100316220588782,34.627376680211356,239.7669496338695,27.67597409512428,222.82126367333723
46,6416.9680674197125,0.0,-12.0,0.18246764822521427,0.1897003223309856,0.6261657571086907,0.6100316220588782,34.627376680211356,237.6253429146976,27.67597409512428,222.820254898249
