generation,l_max_kg_per_m,s_max_kg_per_m,constraint,x_00,x_01,x_02,x_03,x_04,x_05,x_06,x_07
2,6416.968067419715,0.0,-12.0,0.41262004644400907,0.29405517659258035,0.6064349412875654,0.622585975871297,28.77584732502461,178.04969257893018,163.99490391661038,117.74711515859174
2,159.45822102719848,159.4582210271985,-12.0,0.1828221362424592,0.25578582717564957,0.3284951149447441,0.2866004717122943,41.95610185445808,121.62468593386541,129.58686120091315,227.13220776622532
2,6416.968067419715,0.0,-12.0,0.26037542765180877,0.3686519801019825,0.6171077302789485,0.5941145547456514,201.73713580557614,28.500613775149482,9.641323218035097,144.34531657461807
2,6416.968067419715,0.0,-12.0,0.5773120244787108,0.5719914985622493,0.648370863698655,0.5718173910659186,93.73526369306379,8.738341599842409,84.78920594759268,40.792437075104324
2,174.8819720819464,171.29625496230565,-12.0,0.1466271143160126,0.2677632983149414,0.20486015330162238,0.16802177703620674,70.74353394428815,218.5936728604233,37.98109615092585,86.05772825399896
2,6416.968067419718,0.0,-12.0,0.32904577555513637,0.464726705325164,0.4838988911792306,0.6295125233012552,213.70743236741097,113.34872815812314,177.46168311730722,234.13922531644312
2,316.3002579277576,224.04601603216156,-12.0,0.2501221989806718,0.2344136102577809,0.16972094476880017,0.08927644285682292,164.3674724789374,70.61285029438343,189.81240195752895,191.0438252727953
2,2799.38780710787,183.0376053550433,-12.0,0.42383940865215547,0.6292885023192185,0.10535365643305519,0.36305809960984575,204.95154690477204,99.59718594193457,102.56901507167665,186.47109442746577
2,6416.968067419722,0.0,-12.0,0.29563909906707975,0.3465596690399802,0.330567153619415,0.6411844099400659,4.260676915609329,62.774721981829344,70.45380728791775,16.602210132390493
2,321.23895556802006,282.8407251062856,-12.0,0.3736335450178349,0.13576154877738467,0.36994440556976504,0.21351819456621735,46.925014659720404,134.6440723173266,71.59338531154152,43.73788558773833
2,941.4790922169627,249.98759837142816,-12.0,0.4000449591806616,0.4394936580219113,0.18095330717094477,0.2995258047533836,97.56720847853637,22.158414193501315,67.48386837079293,81.11514511486514
2,4861.340139179644,237.3004787570659,-12.0,0.5531065447745708,0.16391945422792756,0.6113952347160543,0.20050844498683273,7.557200479077874,128.2884043116355,147.12142233268364,93.94912896793325
2,5368.315777852174,200.72912331287452,-12.0,0.2075104787135914,0.19487780560676105,0.6034538004586512,0.4102525190693579,68.41017484235509,119.96233757328545,197.29976658824376,53.289422962011336
2,4921.096930264581,222.542010589044,-12.0,0.5998583518310721,0.4928555101094085,0.6187251449815256,0.23719236977640862,218.37964515996103,204.31699225462978,134.26745709143796,104.44913063239336
2,6416.968067419726,0.0,-12.0,0.12979007930631503,0.2894573338868143,0.1265312860185489,0.6090132757619521,67.79866651232535,42.13315004347251,5.808297983109057,110.11240136105633
2,322.0897890306019,322.0897890306019,-12.0,0.08803052511960308,0.3222781612643317,0.33174235298375415,0.3440249259699198,121.24008597774177,53.57497839291983,224.7724209646567,210.6043465161953
2,2489.7757569186033,302.9805432851295,-12.0,0.276955316753763,0.5738916030561215,0.1019038666494713,0.12072524244623498,87.24465062800698,70.93771373783369,60.757732713145415,152.6585418180228
2,2806.605413533339,257.2390178881992,-12.0,0.529936315726003,0.5735779329716593,0.27267780781722134,0.08131051837928294,143.93331162775732,190.49689765686713,62.43675775091365,54.93055220628948
2,5694.093053379643,251.4599428449072,-12.0,0.3262460649340692,0.2987943786040622,0.602525402776492,0.45296091585590564,44.82867887983494,197.41927030141704,210.0850732210438,74.4308547828795
2,6416.968067419728,0.0,-12.0,0.15198912050634727,0.5093195039476653,0.24817316546055734,0.597523117671194,84.0100280918124,198.23925595563298,197.7301173263962,147.54619079030317
2,609.3553307546119,464.2962230711863,-12.0,0.1477078133782181,0.2267809164955223,0.30274018574206835,0.41738155708492103,208.92687253006653,121.28670388984239,144.71882297484368,142.79099887886647
2,867.7364098563276,372.87795892367666,-12.0,0.565066643823932,0.16915777893502373,0.10083535836124038,0.22487961174093157,39.6111677159405,108.25010586136666,196.8039598660525,219.62678048082464
2,2600.7899622013456,364.3177186819291,-12.0,0.24199218534333888,0.5470461452831278,0.08258492171566327,0.34260944512554087,87.16363837511459,143.7718769042376,145.93408411107765,224.90417100618467
2,4647.461870799187,277.9031080865516,-12.0,0.14283524422206773,0.6456381842184179,0.536886528616079,0.19420183993548804,55.3264044231902,14.417911600703547,229.94388090121686,139.8714686667666
2,3966.9226913507746,282.7501094837367,-12.0,0.5465997260747676,0.6075847829351457,0.4843905257932835,0.08433935965909721,215.44247576797738,196.21949160976484,39.066713594317264,60.863869156754156
2,4979.124276398461,274.9602725922871,-12.0,0.6094818332288818,0.41747087895536283,0.581471368984373,0.23594198840126024,38.275238198471286,28.942784237143528,248.40994586550744,215.205177006287
2,6276.637456939128,261.52656070579695,-12.0,0.41491586565365884,0.5650065814042222,0.6045083460659761,0.5218575856271734,137.57872440419422,217.37682638325535,38.29221707589636,4.583951953901017
2,695.0358890981558,695.0358890981558,-12.0,0.1540936678164444,0.1928353667251008,0.4460952638672929,0.3823461186481776,122.80266147660507,193.2448222150076,83.68199051970038,52.254451107176386
2,739.7883860760871,524.0817189223408,-12.0,0.45448805482158994,0.28897820200943897,0.14103941530041897,0.16359536803170294,181.73937981410765,210.50784500405433,21.593393090653944,124.88797820181097
2,2200.550679233181,451.84961376297974,-12.0,0.646886619530555,0.40233588506613693,0.3653441630303935,0.13337048489231784,40.88082672811574,215.30295526932696,99.85402409222307,7.500812235772258
2,2531.7206885185005,391.3493655048109,-12.0,0.5337844877407906,0.5249775191456488,0.19996566455783632,0.36552749589233613,31.04301059438702,221.69256183950372,26.572772286060196,10.118658937835423
2,4744.405560610136,298.45402861158766,-12.0,0.5117720510705157,0.28615420184090057,0.6192839830779693,0.15247755427604312,187.61863155806918,39.45145534228531,20.921607694838002,56.393750244884714
2,5112.79935757761,282.2170291909172,-12.0,0.5352011377233422,0.4902067687144105,0.5784610283842819,0.39920173932671454,99.09862644729323,112.97981145386282,73.00652793241613,97.80286430225912
2,2347.8582947080945,2333.6155671227325,-12.0,0.33576444682384915,0.34867286396477915,0.4953083450491692,0.1995492061207393,65.48163686240207,211.9629646689238,180.79667519766596,77.97361219640631
2,2406.36298582794,1365.868792824076,-12.0,0.32934279891741347,0.20357501031302333,0.31167594258286474,0.45951249420811346,233.53922925277482,231.99177984898253,69.4595988442448,200.10464654089472
2,2781.627545282625,492.6954285975401,-12.0,0.2268886672393079,0.5633649414697548,0.17462052308597142,0.12945740756130228,122.88895179471405,117.89327204543228,206.11065832583336,65.4802165451446
2,5101.928386520961,329.2966340918764,-12.0,0.6450339070346006,0.5360635250810539,0.5742104493290141,0.3552667869943311,163.70499635134692,144.86249097501675,167.1764619480187,156.78495340315595
2,6416.96806741972,320.32956329951384,-12.0,0.5230408963920518,0.09286137927014762,0.42001569671216155,0.5894441366086535,46.33688534668881,175.44328472994042,224.23811565928054,1.5640280363040382
2,4861.340139179648,568.9629176139,-12.0,0.2964717246462212,0.17640662131984836,0.5724629517722686,0.3450812584333278,134.98704671214455,228.80117516790472,34.71724568095533,114.2793395889305
2,3594.1617778995274,570.8153726061137,-12.0,0.6203765341781113,0.612279897056144,0.31390646039552095,0.38125474404060816,147.66410695091125,201.89600158646329,188.6945696182027,249.25769886318218
2,3467.2609349536215,755.0665411779562,-12.0,0.2799763129646069,0.5527313438220878,0.42437306886759474,0.289143344117445,102.75144739685979,101.8769401068366,223.57298721400235,24.69124141750198
2,5400.333013848996,381.2536595769013,-12.0,0.19253025554074626,0.34488191190780193,0.5507044154540605,0.42092583817560225,84.35149423973884,248.9206778887198,147.79755831575807,138.29642992833087
2,5071.8927378849585,843.8666347562514,-12.0,0.13498853482459738,0.34063749298122803,0.5562219826049463,0.3760396739195129,187.92956518802347,236.30586332160112,245.46713591357437,69.69449357285212
2,6416.968067419723,436.7298548910519,-12.0,0.23253759239463223,0.37935161026730724,0.2266990699351339,0.558270148527716,229.42574460572015,2.567553168549064,8.068881580552661,6.026093583117426
2,6276.6374569391255,527.3839129434535,-12.0,0.2950824478531693,0.269046042858809,0.5514503674564647,0.4843873894947279,222.9294367278535,168.78624225037112,94.6328957950824,215.7239969951622
2,6276.637456939127,3922.898410586953,-12.0,0.1949423154856806,0.5608940557351382,0.30453352908478065,0.5203620789960317,93.55617544556804,7.514735234352115,85.29695183353472,127.2256726567573
2,6416.968067419721,641.4481449997095,-12.0,0.5887803280177613,0.3872544815726363,0.15161071553466277,0.5336906247627057,189.15791688460402,42.76752208965348,32.99281363948489,237.76283339066862
2,6276.637456939129,6183.1843593000185,-12.0,0.4391224682253521,0.23858180861812706,0.09248612177049269,0.5190437577821799,183.7445683200239,165.46955323100494,33.17965405326589,92.75834589508153
3,79.7584387380968,56.49556077281858,-12.0,0.1925808296623298,0.2682461773440413,0.20486015330162238,0.16802177703620674,69.60957160354641,9.063867922922313,86.11729519586433,95.66934183573224
3,6416.968067419714,0.0,-12.0,0.32904577555513637,0.464726705325164,0.5345818874291002,0.6295125233012552,213.70743236741097,113.34872815812314,177.46168311730722,234.13922531644312
3,154.10005394484233,126.80854716959556,-12.0,0.1828221362424592,0.30156973332841297,0.3284951149447441,0.2866004717122943,96.34352613113074,9.198321348990966,130.672813757757,227.13220776622532
3,6416.968067419715,0.0,-12.0,0.41262004644400907,0.29405517659258035,0.6064349412875654,0.622585975871297,28.77584732502461,178.04969257893018,163.99490391661038,117.74711515859174
3,6416.968067419715,0.0,-12.0,0.26037542765180877,0.3686519801019825,0.6171077302789485,0.5941145547456514,201.73713580557614,28.500613775149482,9.641323218035097,144.34531657461807
3,6416.968067419715,0.0,-12.0,0.5773120244787108,0.5719914985622493,0.648370863698655,0.5718173910659186,93.73526369306379,8.738341599842409,84.78920594759268,40.792437075104324
3,6416.968067419715,0.0,-12.0,0.5773120244787108,0.526201878498385,0.648370863698655,0.5949048986827431,39.34784090873093,121.34437815522108,63.46683093528334,40.792437075104324
3,159.45822102719848,159.4582210271985,-12.0,0.1828221362424592,0.25578582717564957,0.3284951149447441,0.2866004717122943,41.95610185445808,121.62468593386541,129.58686120091315,227.13220776622532
3,6416.968067419716,0.0,-12.0,0.19222366973442157,0.5851609909705605,0.648370863698655,0.6173428703144889,93.73526369306379,8.738341599842409,84.78920594759268,57.16786516190189
3,174.8819720819464,171.29625496230565,-12.0,0.1466271143160126,0.2677632983149414,0.20486015330162238,0.16802177703620674,70.74353394428815,218.5936728604233,37.98109615092585,86.05772825399896
3,177.8952131962511,163.21115447759718,-12.0,0.3736335450178349,0.13576154877738467,0.12462035752001324,0.21351819456621735,46.925014659720404,134.6440723173266,7.0558319969466226,43.73788558773833
3,6416.968067419718,0.0,-12.0,0.32904577555513637,0.464726705325164,0.4838988911792306,0.6295125233012552,213.70743236741097,113.34872815812314,177.46168311730722,234.13922531644312
3,285.0778011288042,190.05186741920275,-12.0,0.2501221989806718,0.2475253984722903,0.17114101575301835,0.11402175254324212,164.3674724789374,61.756931622704315,109.55703862672618,191.0438252727953
3,476.4200663086944,166.3731982124593,-12.0,0.2501221989806718,0.2344136102577809,0.16972094476880017,0.08443668234406662,205.72569655419167,197.6133466178054,171.35260829523392,191.0438252727953
3,202.40041390158706,202.40041390158692,-12.0,0.1318983400137989,0.28897820200943897,0.14103941530041897,0.16359536803170294,96.83851223560369,193.97076881524964,19.128583240902245,124.88797820181097
3,6416.968067419721,0.0,-12.0,0.35361205054135597,0.464726705325164,0.4838988911792306,0.6295125233012552,213.70743236741097,113.34872815812314,177.46168311730722,234.13922531644312
3,6416.968067419719,40.636078843101124,-12.0,0.40081048823658044,0.5650065814042222,0.6045083460659761,0.5321669408840005,137.57872440419422,217.37682638325535,44.313046800103365,4.583951953901017
3,2799.38780710787,183.0376053550433,-12.0,0.42383940865215547,0.6292885023192185,0.10535365643305519,0.36305809960984575,204.95154690477204,99.59718594193457,102.56901507167665,186.47109442746577
3,942.4031669399463,185.08331517526926,-12.0,0.4000449591806616,0.4394936580219113,0.17534997079819267,0.304362913623934,97.56720847853637,16.253780566145835,67.59296853807597,53.10896385476451
3,316.3002579277576,224.04601603216156,-12.0,0.2501221989806718,0.2344136102577809,0.16972094476880017,0.08927644285682292,164.3674724789374,70.61285029438343,189.81240195752895,191.0438252727953
3,6416.968067419722,0.0,-12.0,0.29563909906707975,0.3465596690399802,0.330567153619415,0.6411844099400659,4.260676915609329,62.774721981829344,70.45380728791775,16.602210132390493
3,5368.315777852174,200.72912331287452,-12.0,0.2075104787135914,0.19487780560676105,0.6034538004586512,0.4102525190693579,68.41017484235509,119.96233757328545,197.29976658824376,53.289422962011336
3,4921.096930264581,222.542010589044,-12.0,0.5998583518310721,0.4928555101094085,0.6187251449815256,0.23719236977640862,218.37964515996103,204.31699225462978,134.26745709143796,104.44913063239336
3,4924.628284922588,201.3538826409937,-12.0,0.5492463971299969,0.16391945422792756,0.6113952347160543,0.20050844498683273,3.7280256237235747,128.2884043116355,195.54535493408315,109.67498005694782
3,321.23895556802006,282.8407251062856,-12.0,0.3736335450178349,0.13576154877738467,0.36994440556976504,0.21351819456621735,46.925014659720404,134.6440723173266,71.59338531154152,43.73788558773833
3,941.4790922169627,249.98759837142816,-12.0,0.4000449591806616,0.4394936580219113,0.18095330717094477,0.2995258047533836,97.56720847853637,22.158414193501315,67.48386837079293,81.11514511486514
3,4861.340139179644,237.3004787570659,-12.0,0.5531065447745708,0.16391945422792756,0.6113952347160543,0.20050844498683273,7.557200479077874,128.2884043116355,147.12142233268364,93.94912896793325
3,320.56161294980905,320.561612949809,-12.0,0.08997183140096503,0.3222781612643317,0.31779139454308486,0.3440249259699198,121.24008597774177,53.57497839291983,57.09610429426145,210.6043465161953
3,3809.6115969396815,240.5491328911993,-12.0,0.5465997260747676,0.6075847829351457,0.4843905257932835,0.1248311044239482,166.3479962082448,69.73908686902287,33.674555200195186,60.863869156754156
3,327.80272130982024,279.04769208744534,-12.0,0.3757018968021378,0.13576154877738467,0.36994440556976504,0.21971547186616638,46.925014659720404,134.6440723173266,71.59338531154152,43.73788558773833
3,6416.968067419725,0.0,-12.0,0.32612490703326646,0.3465596690399802,0.26547739744323223,0.6411844099400659,36.33673819300098,62.774721981829344,70.45380728791775,16.947903621446173
3,6416.968067419725,0.0,-12.0,0.17493696775065368,0.2894573338868143,0.37188955225374665,0.6090132757619521,67.79866651232535,42.13315004347251,70.42064710215288,110.11240136105633
3,2770.972721094265,252.12869798651408,-12.0,0.4098005610925417,0.6292885023192185,0.1468844644885814,0.36305809960984575,204.95154690477204,99.59718594193457,102.56901507167665,186.2793107703979
3,2740.384248716927,255.7991851928359,-12.0,0.14657453258176606,0.6402745477532636,0.20004166715420982,0.19420183993548804,72.59705184282612,25.321962731212096,28.22319771205123,87.34561193490767
3,322.0897890306019,322.0897890306019,-12.0,0.08803052511960308,0.3222781612643317,0.33174235298375415,0.3440249259699198,121.24008597774177,53.57497839291983,224.7724209646567,210.6043465161953
3,5694.093053379643,251.4599428449072,-12.0,0.3262460649340692,0.2987943786040622,0.602525402776492,0.45296091585590564,44.82867887983494,197.41927030141704,210.0850732210438,74.4308547828795
3,2489.7757569186033,302.9805432851295,-12.0,0.276955316753763,0.5738916030561215,0.1019038666494713,0.12072524244623498,87.24465062800698,70.93771373783369,60.757732713145415,152.6585418180228
3,6416.968067419726,0.0,-12.0,0.12979007930631503,0.2894573338868143,0.1265312860185489,0.6090132757619521,67.79866651232535,42.13315004347251,5.808297983109057,110.11240136105633
3,6416.968067419726,0.0,-12.0,0.15588356747130325,0.5093195039476653,0.24817316546055734,0.597523117671194,114.58845221732548,198.23925595563298,149.3061847131261,146.13307900425602
3,6416.968067419726,0.0,-12.0,0.10366994551836711,0.2892012299959635,0.1265312860185489,0.6090132757619521,67.79866651232535,230.9718967259846,5.808297983109057,110.25808890455254
3,2869.662493838334,255.64587471210814,-12.0,0.42383940865215547,0.6149503777970926,0.10535365643305519,0.339670388103657,204.95154690477204,99.59718594193457,182.8243773250903,186.47109442746577
3,2806.605413533339,257.2390178881992,-12.0,0.529936315726003,0.5735779329716593,0.27267780781722134,0.08131051837928294,143.93331162775732,190.49689765686713,62.43675775091365,54.93055220628948
3,609.3553307546119,464.2962230711863,-12.0,0.1477078133782181,0.2267809164955223,0.30274018574206835,0.41738155708492103,208.92687253006653,121.28670388984239,144.71882297484368,142.79099887886647
3,1394.9863826517344,366.68919559005786,-12.0,0.5887803280177613,0.36087351396268763,0.1760776421093361,0.20386507447087465,189.15791688460402,209.26523954529355,32.99281363948489,237.76283339066862
3,828.1799907525018,372.87795892367666,-12.0,0.5671693479239378,0.16915777893502373,0.09771903491565133,0.23754812391748378,39.6111677159405,108.29480599156325,197.36292576927593,49.67254249088478
3,2600.7899622013456,364.3177186819291,-12.0,0.24199218534333888,0.5470461452831278,0.08258492171566327,0.34260944512554087,87.16363837511459,143.7718769042376,145.93408411107765,224.90417100618467
3,2595.0554358144873,364.96584892100657,-12.0,0.27585996988674444,0.5738916030561215,0.11605120251293231,0.12072524244623498,87.24465062800698,70.93771373783369,228.32559230762578,152.6585418180228
3,6416.968067419728,0.0,-12.0,0.15198912050634727,0.5093195039476653,0.24817316546055734,0.597523117671194,84.0100280918124,198.23925595563298,197.7301173263962,147.54619079030317
4,79.7584387380968,56.49556077281858,-12.0,0.1925808296623298,0.2682461773440413,0.20486015330162238,0.16802177703620674,69.60957160354641,9.063867922922313,86.11729519586433,95.66934183573224
4,6416.968067419714,0.0,-12.0,0.32904577555513637,0.464726705325164,0.5345818874291002,0.6295125233012552,213.70743236741097,113.34872815812314,177.46168311730722,234.13922531644312
4,6416.968067419714,0.0,-12.0,0.1308797935766595,0.5843833532014423,0.1398505200258277,0.6173428703144889,83.84436578143458,17.58780770880316,83.34729897247145,57.16786516190189
4,6416.968067419714,0.0,-12.0,0.3422411728754153,0.3523199726287469,0.648370863698655,0.5949048986827431,39.34784090873093,59.691441357105525,71.08492776615701,40.792437075104324
4,154.10005394484233,126.80854716959556,-12.0,0.1828221362424592,0.30156973332841297,0.3284951149447441,0.2866004717122943,96.34352613113074,9.198321348990966,130.672813757757,227.13220776622532
4,154.10005394484233,126.80854716959556,-12.0,0.1828221362424592,0.30156973332841297,0.3284951149447441,0.2935702394726818,96.34352613113074,9.198321348990966,130.672813757757,227.13220776622532
4,6416.968067419715,0.0,-12.0,0.41262004644400907,0.29405517659258035,0.6064349412875654,0.622585975871297,28.77584732502461,178.04969257893018,163.99490391661038,117.74711515859174
4,6416.968067419715,0.0,-12.0,0.26037542765180877,0.3686519801019825,0.6171077302789485,0.5941145547456514,201.73713580557614,28.500613775149482,9.641323218035097,144.34531657461807
4,6416.968067419715,0.0,-12.0,0.5773120244787108,0.5719914985622493,0.648370863698655,0.5718173910659186,93.73526369306379,8.738341599842409,84.78920594759268,40.792437075104324
4,6416.968067419715,0.0,-12.0,0.5773120244787108,0.526201878498385,0.648370863698655,0.5949048986827431,39.34784090873093,121.34437815522108,63.46683093528334,40.792437075104324
4,6416.968067419715,0.0,-12.0,0.19113395568675143,0.29022129850658196,0.6264501291754128,0.6090132757619521,67.72235654237299,42.792676835039174,7.386123787725722,110.11240136105633
4,6416.968067419715,0.0,-12.0,0.4253426880214796,0.29405517659258035,0.6064349412875654,0.622585975871297,28.77584732502461,13.962827172172695,163.99490391661038,93.61760084286423
4,6416.968067419715,0.0,-12.0,0.6155235991428034,0.5427154421008956,0.6329098779311426,0.594899557262843,39.34784090873093,41.66845448680013,63.46683093528334,40.792437075104324
4,159.45822102719848,159.4582210271985,-12.0,0.1828221362424592,0.25578582717564957,0.3284951149447441,0.2866004717122943,41.95610185445808,121.62468593386541,129.58686120091315,227.13220776622532
4,179.36818848375776,141.99981588297493,-12.0,0.17493696775065368,0.2894573338868143,0.3718538148526942,0.2718977618605032,68.70914278990301,28.011329228162964,71.73148342100124,104.85973918168774
4,159.45822102719848,159.4582210271985,-12.0,0.1828221362424592,0.25578582717564957,0.3142642531541478,0.2768705705589852,41.95610185445808,121.61394848053517,129.58686120091315,244.26552825406463
4,6416.968067419716,0.0,-12.0,0.19222366973442157,0.5851609909705605,0.648370863698655,0.6173428703144889,93.73526369306379,8.738341599842409,84.78920594759268,57.16786516190189
4,6416.968067419716,0.0,-12.0,0.561193461508037,0.5204415724027479,0.26547739744323223,0.6163431681639963,43.2864064504139,134.4962003463136,62.83571045704408,16.947903621446173
4,6416.968067419716,0.0,-12.0,0.19222366973442157,0.5851609909705605,0.13298212689631694,0.6173428703144889,93.73526369306379,8.632671075564037,84.78920594759268,57.16786516190189
4,284.4654663269673,153.98197016702306,-12.0,0.2927396905734484,0.34716533755996076,0.31779139454308486,0.3440249259699198,130.2008562432377,53.08405304494487,56.484004816369946,27.428653222292624
4,174.8819720819464,171.29625496230565,-12.0,0.1466271143160126,0.2677632983149414,0.20486015330162238,0.16802177703620674,70.74353394428815,218.5936728604233,37.98109615092585,86.05772825399896
4,177.8952131962511,163.21115447759718,-12.0,0.3736335450178349,0.13576154877738467,0.12462035752001324,0.21351819456621735,46.925014659720404,134.6440723173266,7.0558319969466226,43.73788558773833
4,6416.968067419718,0.0,-12.0,0.32904577555513637,0.464726705325164,0.4838988911792306,0.6295125233012552,213.70743236741097,113.34872815812314,177.46168311730722,234.13922531644312
4,6416.968067419718,0.0,-12.0,0.32904577555513637,0.464726705325164,0.5345818874291002,0.6295125233012552,205.7912867356124,113.34872815812314,177.41628621191308,188.85729403578588
4,476.4200663086944,166.3731982124593,-12.0,0.2501221989806718,0.2344136102577809,0.16972094476880017,0.08443668234406662,205.72569655419167,197.6133466178054,171.35260829523392,191.0438252727953
4,178.9276839677579,178.92768396775787,-12.0,0.1466271143160126,0.2677632983149414,0.20486015330162238,0.16802177703620674,73.27705555040737,218.5936728604233,37.98109615092585,86.05772825399896
4,6416.968067419719,0.0,-12.0,0.21461868898469386,0.449614597916418,0.5323480737440505,0.6295125233012552,213.70743236741097,113.34872815812314,177.46168311730722,48.20783143863174
4,202.40041390158706,202.40041390158692,-12.0,0.1318983400137989,0.28897820200943897,0.14103941530041897,0.16359536803170294,96.83851223560369,193.97076881524964,19.128583240902245,124.88797820181097
4,257.0379483449401,182.0685467443326,-12.0,0.24801003657884918,0.2475253984722903,0.17114101575301835,0.11402175254324212,120.59749750969236,53.87822205021576,110.25999317614881,190.70355061727307
4,6416.968067419719,40.636078843101124,-12.0,0.40081048823658044,0.5650065814042222,0.6045083460659761,0.5321669408840005,137.57872440419422,217.37682638325535,44.313046800103365,4.583951953901017
4,6416.96806741972,0.0,-12.0,0.18810405702290411,0.464726705325164,0.4874296306952211,0.6262944588054042,95.25423546103079,113.34872815812314,178.19018869801008,234.13922531644312
4,203.08840664988875,203.0884066498888,-12.0,0.1828221362424592,0.25578582717564957,0.30373242759918306,0.2866004717122943,54.16682147499196,121.62468593386541,129.67773984645146,236.86374653557223
4,285.0778011288042,190.05186741920275,-12.0,0.2501221989806718,0.2475253984722903,0.17114101575301835,0.11402175254324212,164.3674724789374,61.756931622704315,109.55703862672618,191.0438252727953
4,2799.38780710787,183.0376053550433,-12.0,0.42383940865215547,0.6292885023192185,0.10535365643305519,0.36305809960984575,204.95154690477204,99.59718594193457,102.56901507167665,186.47109442746577
4,942.4031669399463,185.08331517526926,-12.0,0.4000449591806616,0.4394936580219113,0.17534997079819267,0.304362913623934,97.56720847853637,16.253780566145835,67.59296853807597,53.10896385476451
4,5124.975117308341,182.16306844253555,-12.0,0.4000449591806616,0.39665250135312713,0.6493958359109206,0.304362913623934,97.56720847853637,16.359451091566978,67.59296853807597,53.10896385476451
4,6416.968067419721,0.0,-12.0,0.35361205054135597,0.464726705325164,0.4838988911792306,0.6295125233012552,213.70743236741097,113.34872815812314,177.46168311730722,234.13922531644312
4,6416.968067419721,0.0,-12.0,0.12932356250276594,0.464726705325164,0.5180658079698897,0.6337624595813582,91.8065302544477,108.23265901264794,16.463802826368394,234.13922531644312
4,6416.968067419721,0.0,-12.0,0.3526014630708778,0.22223436863333978,0.4838988911792306,0.6295125233012552,213.70743236741097,117.74190952603288,177.46168311730722,234.13922531644312
4,238.6304980665901,238.63049806659004,-12.0,0.17419996903546497,0.24925154333400815,0.20486015330162238,0.16802177703620674,69.60957160354641,173.66492522061645,86.11729519586433,119.79885615145976
4,316.3002579277576,224.04601603216156,-12.0,0.2501221989806718,0.2344136102577809,0.16972094476880017,0.08927644285682292,164.3674724789374,70.61285029438343,189.81240195752895,191.0438252727953
4,297.7784986911912,226.48291003314733,-12.0,0.2591495369117216,0.23563468721490125,0.33174235298375415,0.3066307765565954,121.24008597774177,53.57497839291983,224.7724209646567,190.91582380524326
4,4921.096930264581,222.542010589044,-12.0,0.5998583518310721,0.4928555101094085,0.6187251449815256,0.23719236977640862,218.37964515996103,204.31699225462978,134.26745709143796,104.44913063239336
4,4924.628284922588,201.3538826409937,-12.0,0.5492463971299969,0.16391945422792756,0.6113952347160543,0.20050844498683273,3.7280256237235747,128.2884043116355,195.54535493408315,109.67498005694782
4,5368.315777852174,200.72912331287452,-12.0,0.2075104787135914,0.19487780560676105,0.6034538004586512,0.4102525190693579,68.41017484235509,119.96233757328545,197.29976658824376,53.289422962011336
4,6416.968067419722,0.0,-12.0,0.29563909906707975,0.3465596690399802,0.330567153619415,0.6411844099400659,4.260676915609329,62.774721981829344,70.45380728791775,16.602210132390493
4,6416.9680674197225,0.0,-12.0,0.14231947382869237,0.2677632983149414,0.19762212446146854,0.618948148105341,70.74353394428815,218.5936728604233,174.75442640411296,85.64424522443473
4,320.56161294980905,320.561612949809,-12.0,0.08997183140096503,0.3222781612643317,0.31779139454308486,0.3440249259699198,121.24008597774177,53.57497839291983,57.09610429426145,210.6043465161953
5,79.7584387380968,56.49556077281858,-12.0,0.1925808296623298,0.2682461773440413,0.20486015330162238,0.16802177703620674,69.60957160354641,9.063867922922313,86.11729519586433,95.66934183573224
5,6416.968067419714,0.0,-12.0,0.32904577555513637,0.464726705325164,0.5345818874291002,0.6295125233012552,213.70743236741097,113.34872815812314,177.46168311730722,234.13922531644312
5,6416.968067419714,0.0,-12.0,0.1308797935766595,0.5843833532014423,0.1398505200258277,0.6173428703144889,83.84436578143458,17.58780770880316,83.34729897247145,57.16786516190189
5,6416.968067419714,0.0,-12.0,0.3422411728754153,0.3523199726287469,0.648370863698655,0.5949048986827431,39.34784090873093,59.691441357105525,71.08492776615701,40.792437075104324
5,6416.968067419714,0.0,-12.0,0.14315068262977004,0.29340031950181983,0.633067813680892,0.6225960532985139,69.88863968548462,218.5936728604233,162.80945434693524,90.01259946985115
5,6416.968067419714,0.0,-12.0,0.41262004644400907,0.2927572536958219,0.6064349412875654,0.6186816313108806,46.5760350608333,178.04969257893018,163.99490391661038,43.62099912373407
5,154.10005394484233,126.80854716959556,-12.0,0.1828221362424592,0.30156973332841297,0.3284951149447441,0.2866004717122943,96.34352613113074,9.198321348990966,130.672813757757,227.13220776622532
5,154.10005394484233,126.80854716959556,-12.0,0.1828221362424592,0.30156973332841297,0.3284951149447441,0.2935702394726818,96.34352613113074,9.198321348990966,130.672813757757,227.13220776622532
5,6416.968067419715,0.0,-12.0,0.41262004644400907,0.29405517659258035,0.6064349412875654,0.622585975871297,28.77584732502461,178.04969257893018,163.99490391661038,117.74711515859174
5,6416.968067419715,0.0,-12.0,0.26037542765180877,0.3686519801019825,0.6171077302789485,0.5941145547456514,201.73713580557614,28.500613775149482,9.641323218035097,144.34531657461807
5,6416.968067419715,0.0,-12.0,0.5773120244787108,0.5719914985622493,0.648370863698655,0.5718173910659186,93.73526369306379,8.738341599842409,84.78920594759268,40.792437075104324
5,6416.968067419715,0.0,-12.0,0.5773120244787108,0.526201878498385,0.648370863698655,0.5949048986827431,39.34784090873093,121.34437815522108,63.46683093528334,40.792437075104324
5,6416.968067419715,0.0,-12.0,0.19113395568675143,0.29022129850658196,0.6264501291754128,0.6090132757619521,67.72235654237299,42.792676835039174,7.386123787725722,110.11240136105633
5,6416.968067419715,0.0,-12.0,0.4253426880214796,0.29405517659258035,0.6064349412875654,0.622585975871297,28.77584732502461,13.962827172172695,163.99490391661038,93.61760084286423
5,6416.968067419715,0.0,-12.0,0.6155235991428034,0.5427154421008956,0.6329098779311426,0.594899557262843,39.34784090873093,41.66845448680013,63.46683093528334,40.792437075104324
5,6416.968067419715,0.0,-12.0,0.19222366973442157,0.5851609909705605,0.648370863698655,0.6173428703144889,68.0629062514472,8.453009860203707,75.8802570011661,120.9881659215043
5,6416.968067419715,0.0,-12.0,0.561193461508037,0.5204415724027479,0.26547739744323223,0.6286604327024741,39.88932469649148,134.4962003463136,62.83571045704408,28.1440312987135
5,6416.968067419715,0.0,-12.0,0.6155235991428034,0.5427154421008956,0.6329098779311426,0.594899557262843,39.34784090873093,37.04110058262917,63.46683093528334,40.792437075104324
5,6416.968067419715,0.0,-12.0,0.2438675680273314,0.3627384134675308,0.6341774385959347,0.5925036451452314,120.59749750969236,54.07956007499455,112.15400393469638,186.5127619190403
5,6416.968067419715,0.0,-12.0,0.13205503177778644,0.29022129850658196,0.6264501291754128,0.6090132757619521,67.72235654237299,42.792676835039174,7.386123787725722,110.11240136105633
5,6416.968067419715,0.0,-12.0,0.3422411728754153,0.3523199726287469,0.6305931384331417,0.5949048986827431,39.34784090873093,59.691441357105525,82.40620343022897,40.792437075104324
5,6416.968067419715,0.0,-12.0,0.16889078357103934,0.2635953943473941,0.636835206035226,0.5898856356160345,72.16693329937219,121.34437815522108,38.78017679829264,40.792437075104324
5,159.45822102719848,159.4582210271985,-12.0,0.1828221362424592,0.25578582717564957,0.3284951149447441,0.2866004717122943,41.95610185445808,121.62468593386541,129.58686120091315,227.13220776622532
5,159.45822102719848,159.4582210271985,-12.0,0.1828221362424592,0.25578582717564957,0.3142642531541478,0.2768705705589852,41.95610185445808,121.61394848053517,129.58686120091315,244.26552825406463
5,159.45822102719848,159.4582210271985,-12.0,0.1820119953540101,0.28862870569254634,0.3284951149447441,0.2866004717122943,42.02265766820341,120.577373427639,131.27798802641396,220.34932497200327
5,159.45822102719848,159.4582210271985,-12.0,0.1828221362424592,0.25578582717564957,0.3142642531541478,0.2768705705589852,41.95610185445808,121.59875500683164,129.6854901735508,244.0077359934694
5,174.97022298099574,140.71656108590918,-12.0,0.1828221362424592,0.30156973332841297,0.3284951149447441,0.2866004717122943,94.43813520388387,9.198321348990966,130.672813757757,227.13220776622532
5,159.45822102719848,159.4582210271985,-12.0,0.1828221362424592,0.30371764110512117,0.3284951149447441,0.2866004717122943,41.95610185445808,121.62468593386541,129.58686120091315,227.13220776622532
5,6416.968067419716,0.0,-12.0,0.19222366973442157,0.5851609909705605,0.648370863698655,0.6173428703144889,93.73526369306379,8.738341599842409,84.78920594759268,57.16786516190189
5,6416.968067419716,0.0,-12.0,0.561193461508037,0.5204415724027479,0.26547739744323223,0.6163431681639963,43.2864064504139,134.4962003463136,62.83571045704408,16.947903621446173
5,6416.968067419716,0.0,-12.0,0.19222366973442157,0.5851609909705605,0.13298212689631694,0.6173428703144889,93.73526369306379,8.632671075564037,84.78920594759268,57.16786516190189
5,6416.968067419716,0.0,-12.0,0.19194409657520053,0.2573784199896852,0.6264501291754128,0.6090132757619521,67.65580072866214,51.16072500740781,6.304053940138125,116.88702878418457
5,179.36818848375776,141.99981588297493,-12.0,0.17493696775065368,0.2894573338868143,0.3718538148526942,0.2718977618605032,68.70914278990301,28.011329228162964,71.73148342100124,104.85973918168774
5,177.8952131962511,163.21115447759718,-12.0,0.3736335450178349,0.13576154877738467,0.12462035752001324,0.21351819456621735,46.925014659720404,134.6440723173266,7.0558319969466226,43.73788558773833
5,177.8952131962511,163.21115447759718,-12.0,0.3736335450178349,0.13576154877738467,0.12462035752001324,0.21351819456621735,46.925014659720404,134.33593483721594,7.0558319969466226,43.73788558773833
5,169.92176419665833,169.92176419665816,-12.0,0.3736335450178349,0.13705995078447866,0.12462035752001324,0.2165553818158938,29.124826923944212,134.6440723173266,27.507273223295744,117.86400647222547
5,6416.968067419717,0.0,-12.0,0.19134846045016626,0.55414525196811,0.6329098779311426,0.594899557262843,39.34784090873093,41.87090332047867,63.46683093528334,45.59184021652884
5,6416.968067419717,0.0,-12.0,0.33126277819720973,0.2345256201458361,0.538445059929971,0.6267676395885569,205.7912867356124,58.19084032952034,224.75186013048352,188.85729403578588
5,284.4654663269673,153.98197016702306,-12.0,0.2927396905734484,0.34716533755996076,0.31779139454308486,0.3440249259699198,130.2008562432377,53.08405304494487,56.484004816369946,27.428653222292624
5,174.8819720819464,171.29625496230565,-12.0,0.1466271143160126,0.2677632983149414,0.20486015330162238,0.16802177703620674,70.74353394428815,218.5936728604233,37.98109615092585,86.05772825399896
5,6416.968067419718,0.0,-12.0,0.32904577555513637,0.464726705325164,0.4838988911792306,0.6295125233012552,213.70743236741097,113.34872815812314,177.46168311730722,234.13922531644312
5,6416.968067419718,0.0,-12.0,0.32904577555513637,0.464726705325164,0.5345818874291002,0.6295125233012552,205.7912867356124,113.34872815812314,177.41628621191308,188.85729403578588
5,476.4200663086944,166.3731982124593,-12.0,0.2501221989806718,0.2344136102577809,0.16972094476880017,0.08443668234406662,205.72569655419167,197.6133466178054,171.35260829523392,191.0438252727953
5,5129.596315947029,161.4706178678122,-12.0,0.18932011533329368,0.39049843680430096,0.6493958359109206,0.2867923892488022,97.56720847853637,40.413369508336125,65.39847284993286,53.10896385476451
5,182.4238868221605,172.15196867075332,-12.0,0.3419123425286697,0.24313084229270604,0.17687317819219245,0.1170687263211056,39.34784090873093,59.49010333232673,69.19091700772655,44.98514411151602
5,176.8357174541957,176.8357174541957,-12.0,0.1466271143160126,0.2677632983149414,0.1574302382812932,0.2069767864363912,70.74353394428815,218.5936728604233,37.98109615092585,86.63438815507108
5,6416.968067419719,0.0,-12.0,0.21461868898469386,0.449614597916418,0.5323480737440505,0.6295125233012552,213.70743236741097,113.34872815812314,177.46168311730722,48.20783143863174
5,6416.968067419719,0.0,-12.0,0.32904577555513637,0.464726705325164,0.4838988911792306,0.6295125233012552,213.70743236741097,107.92814496846528,191.62905445875313,234.39701675657247
6,79.7584387380968,56.49556077281858,-12.0,0.1925808296623298,0.2682461773440413,0.20486015330162238,0.16802177703620674,69.60957160354641,9.063867922922313,86.11729519586433,95.66934183573224
6,6416.968067419713,0.0,-12.0,0.13205503177778644,0.23544268884126446,0.6244700266160077,0.6088571496494285,67.72235654237299,78.6227324728403,5.1707307488116925,193.36687525621969
6,6416.968067419713,0.0,-12.0,0.18277471691032962,0.36324705714012645,0.6417761243793196,0.6093622989518426,96.34352613113074,9.164715296701536,130.672813757757,227.13220776622532
6,84.6465737457616,59.95798973658113,-12.0,0.18946970676602232,0.2682461773440413,0.20486015330162238,0.16802177703620674,69.60957160354641,9.7613534153366,84.99916773340222,119.0319028543989
6,6416.968067419714,0.0,-12.0,0.32904577555513637,0.464726705325164,0.5345818874291002,0.6295125233012552,213.70743236741097,113.34872815812314,177.46168311730722,234.13922531644312
6,6416.968067419714,0.0,-12.0,0.1308797935766595,0.5843833532014423,0.1398505200258277,0.6173428703144889,83.84436578143458,17.58780770880316,83.34729897247145,57.16786516190189
6,6416.968067419714,0.0,-12.0,0.3422411728754153,0.3523199726287469,0.648370863698655,0.5949048986827431,39.34784090873093,59.691441357105525,71.08492776615701,40.792437075104324
6,6416.968067419714,0.0,-12.0,0.14315068262977004,0.29340031950181983,0.633067813680892,0.6225960532985139,69.88863968548462,218.5936728604233,162.80945434693524,90.01259946985115
6,6416.968067419714,0.0,-12.0,0.41262004644400907,0.2927572536958219,0.6064349412875654,0.6186816313108806,46.5760350608333,178.04969257893018,163.99490391661038,43.62099912373407
6,6416.968067419714,0.0,-12.0,0.3422411728754153,0.3580811299565786,0.6371499897073057,0.5929698629862528,17.834685779415373,119.1025526819643,71.08492776615701,40.792437075104324
6,6416.968067419714,0.0,-12.0,0.18932011533329368,0.39049843680430096,0.6385444316145361,0.6226316655486633,83.70376249159564,41.746735272492344,65.39847284993286,53.10896385476451
6,6416.968067419714,0.0,-12.0,0.45142365661996625,0.3686519801019825,0.5941959594347278,0.5953687125364399,201.73713580557614,28.500613775149482,9.641323218035097,144.34531657461807
6,6416.968067419714,0.0,-12.0,0.14654594325419934,0.2673432471935973,0.6375509610362322,0.611072388230659,70.7021394128712,218.5936728604233,7.9586037901968485,111.84495681827438
6,6416.968067419714,0.0,-12.0,0.10076079027688432,0.29340031950181983,0.6331315693947099,0.6225960532985139,71.25307510764563,222.55353920288022,160.49692888789352,40.54855164012134
6,236.60926275191386,110.02010774986786,-12.0,0.1466271143160126,0.2516493456937848,0.16284076836691488,0.2069767864363912,221.4950834842332,114.42540502898035,37.98109615092585,86.63438815507108
6,131.50740095020473,115.8781633524762,-12.0,0.19121512674875107,0.29064134962792604,0.13917272672968184,0.20445952375470863,67.76375107378992,42.792676835039174,37.40945879046329,84.90183269785305
6,6416.968067419715,0.0,-12.0,0.41262004644400907,0.29405517659258035,0.6064349412875654,0.622585975871297,28.77584732502461,178.04969257893018,163.99490391661038,117.74711515859174
6,6416.968067419715,0.0,-12.0,0.26037542765180877,0.3686519801019825,0.6171077302789485,0.5941145547456514,201.73713580557614,28.500613775149482,9.641323218035097,144.34531657461807
6,6416.968067419715,0.0,-12.0,0.5773120244787108,0.5719914985622493,0.648370863698655,0.5718173910659186,93.73526369306379,8.738341599842409,84.78920594759268,40.792437075104324
6,6416.968067419715,0.0,-12.0,0.5773120244787108,0.526201878498385,0.648370863698655,0.5949048986827431,39.34784090873093,121.34437815522108,63.46683093528334,40.792437075104324
6,6416.968067419715,0.0,-12.0,0.19113395568675143,0.29022129850658196,0.6264501291754128,0.6090132757619521,67.72235654237299,42.792676835039174,7.386123787725722,110.11240136105633
6,6416.968067419715,0.0,-12.0,0.4253426880214796,0.29405517659258035,0.6064349412875654,0.622585975871297,28.77584732502461,13.962827172172695,163.99490391661038,93.61760084286423
6,6416.968067419715,0.0,-12.0,0.6155235991428034,0.5427154421008956,0.6329098779311426,0.594899557262843,39.34784090873093,41.66845448680013,63.46683093528334,40.792437075104324
6,6416.968067419715,0.0,-12.0,0.19222366973442157,0.5851609909705605,0.648370863698655,0.6173428703144889,68.0629062514472,8.453009860203707,75.8802570011661,120.9881659215043
6,6416.968067419715,0.0,-12.0,0.561193461508037,0.5204415724027479,0.26547739744323223,0.6286604327024741,39.88932469649148,134.4962003463136,62.83571045704408,28.1440312987135
6,6416.968067419715,0.0,-12.0,0.6155235991428034,0.5427154421008956,0.6329098779311426,0.594899557262843,39.34784090873093,37.04110058262917,63.46683093528334,40.792437075104324
6,6416.968067419715,0.0,-12.0,0.2438675680273314,0.3627384134675308,0.6341774385959347,0.5925036451452314,120.59749750969236,54.07956007499455,112.15400393469638,186.5127619190403
6,6416.968067419715,0.0,-12.0,0.13205503177778644,0.29022129850658196,0.6264501291754128,0.6090132757619521,67.72235654237299,42.792676835039174,7.386123787725722,110.11240136105633
6,6416.968067419715,0.0,-12.0,0.3422411728754153,0.3523199726287469,0.6305931384331417,0.5949048986827431,39.34784090873093,59.691441357105525,82.40620343022897,40.792437075104324
6,6416.968067419715,0.0,-12.0,0.16889078357103934,0.2635953943473941,0.636835206035226,0.5898856356160345,72.16693329937219,121.34437815522108,38.78017679829264,40.792437075104324
6,6416.968067419715,0.0,-12.0,0.14315068262977004,0.29281575442258484,0.6049907821626629,0.6225960532985139,69.88863968548462,218.5936728604233,30.944850112920435,90.01259946985115
6,6416.968067419715,0.0,-12.0,0.586762651254884,0.2755677123439355,0.6124503560755304,0.6186816313108806,46.5760350608333,177.1828350001839,163.99490391661038,43.62099912373407
6,6416.968067419715,0.0,-12.0,0.17540195716399812,0.2573784199896852,0.6266090987280317,0.613843449134388,68.73304232990613,29.515998571266017,6.304053940138125,128.73711162584675
6,6416.968067419715,0.0,-12.0,0.5773120244787108,0.526201878498385,0.64829618472583,0.5949048986827431,37.98340549154427,117.38111015433992,65.77935907988319,90.25648507319289
6,6416.968067419715,0.0,-12.0,0.16889078357103934,0.26417995942662903,0.6332983633392864,0.5898856356160345,72.16693329937219,121.80745430171638,170.65620831929596,40.792437075104324
6,154.10005394484233,126.80854716959556,-12.0,0.1828221362424592,0.30156973332841297,0.3284951149447441,0.2866004717122943,96.34352613113074,9.198321348990966,130.672813757757,227.13220776622532
6,154.10005394484233,126.80854716959556,-12.0,0.1828221362424592,0.30156973332841297,0.3284951149447441,0.2935702394726818,96.34352613113074,9.198321348990966,130.672813757757,227.13220776622532
6,163.5853707504751,120.6646844053834,-12.0,0.25182127609073235,0.30156973332841297,0.3284951149447441,0.2866004717122943,94.43813520388387,9.198321348990966,130.672813757757,227.13220776622532
6,6416.968067419716,0.0,-12.0,0.19222366973442157,0.5851609909705605,0.648370863698655,0.6173428703144889,93.73526369306379,8.738341599842409,84.78920594759268,57.16786516190189
6,6416.968067419716,0.0,-12.0,0.561193461508037,0.5204415724027479,0.26547739744323223,0.6163431681639963,43.2864064504139,134.4962003463136,62.83571045704408,16.947903621446173
6,6416.968067419716,0.0,-12.0,0.19222366973442157,0.5851609909705605,0.13298212689631694,0.6173428703144889,93.73526369306379,8.632671075564037,84.78920594759268,57.16786516190189
6,6416.968067419716,0.0,-12.0,0.19194409657520053,0.2573784199896852,0.6264501291754128,0.6090132757619521,67.65580072866214,51.16072500740781,6.304053940138125,116.88702878418457
6,6416.968067419716,0.0,-12.0,0.37307335127274976,0.138255613085015,0.6205746633120266,0.6485387573710711,28.77584732502461,178.04969257893018,15.156870956594545,117.74711515859174
6,6416.968067419716,0.0,-12.0,0.3891106675817856,0.5435131322433193,0.629024822144712,0.6028050622825334,39.34784090873093,59.49010333232673,69.19091700772655,44.98514411151602
6,6416.968067419716,0.0,-12.0,0.2579735263214432,0.3210506047996478,0.6064349412875654,0.6213318180664337,28.77584732502461,178.04969257893018,163.99490391661038,117.74711515859174
6,6416.968067419716,0.0,-12.0,0.32904577555513637,0.464726705325164,0.5291919219052157,0.6295125233012552,54.99514324940391,217.51609445666617,177.41628621191308,188.85729403578588
6,6416.968067419717,0.0,-12.0,0.1953950690375555,0.46155165661569575,0.6208218077114845,0.6295125233012552,213.70743236741097,113.34872815812314,8.23347791200841,234.13922531644312
6,6416.968067419717,0.0,-12.0,0.19134846045016626,0.55414525196811,0.6329098779311426,0.594899557262843,39.34784090873093,41.87090332047867,63.46683093528334,45.59184021652884
7,79.7584387380968,56.49556077281858,-12.0,0.1925808296623298,0.2682461773440413,0.20486015330162238,0.16802177703620674,69.60957160354641,9.063867922922313,86.11729519586433,95.66934183573224
7,6416.968067419713,0.0,-12.0,0.13205503177778644,0.23544268884126446,0.6244700266160077,0.6088571496494285,67.72235654237299,78.6227324728403,5.1707307488116925,193.36687525621969
7,6416.968067419713,0.0,-12.0,0.18277471691032962,0.36324705714012645,0.6417761243793196,0.6093622989518426,96.34352613113074,9.164715296701536,130.672813757757,227.13220776622532
7,6416.968067419713,0.0,-12.0,0.13667143276222155,0.29340031950181983,0.6464097117860007,0.6225960532985139,69.88863968548462,218.5936728604233,162.80945434693524,234.86041220590687
7,79.7584387380968,56.49556077281858,-12.0,0.19126711719737235,0.26446586289483465,0.20486015330162238,0.20416936840754105,69.6217164783331,9.43246586045938,86.11729519586433,95.66934183573224
7,6416.968067419713,0.0,-12.0,0.45142365661996625,0.3686519801019825,0.6048400906477456,0.6224814148674688,80.11400135648871,21.207840818603316,9.641323218035097,144.34531657461807
7,79.95788907810694,56.636838096992406,-12.0,0.18946970676602232,0.26817730738870926,0.20486015330162238,0.16802177703620674,69.60957160354641,5.510566770480259,84.99916773340222,119.0319028543989
7,6416.968067419714,0.0,-12.0,0.32904577555513637,0.464726705325164,0.5345818874291002,0.6295125233012552,213.70743236741097,113.34872815812314,177.46168311730722,234.13922531644312
7,6416.968067419714,0.0,-12.0,0.1308797935766595,0.5843833532014423,0.1398505200258277,0.6173428703144889,83.84436578143458,17.58780770880316,83.34729897247145,57.16786516190189
7,6416.968067419714,0.0,-12.0,0.3422411728754153,0.3523199726287469,0.648370863698655,0.5949048986827431,39.34784090873093,59.691441357105525,71.08492776615701,40.792437075104324
7,6416.968067419714,0.0,-12.0,0.14315068262977004,0.29340031950181983,0.633067813680892,0.6225960532985139,69.88863968548462,218.5936728604233,162.80945434693524,90.01259946985115
7,6416.968067419714,0.0,-12.0,0.41262004644400907,0.2927572536958219,0.6064349412875654,0.6186816313108806,46.5760350608333,178.04969257893018,163.99490391661038,43.62099912373407
7,6416.968067419714,0.0,-12.0,0.3422411728754153,0.3580811299565786,0.6371499897073057,0.5929698629862528,17.834685779415373,119.1025526819643,71.08492776615701,40.792437075104324
7,6416.968067419714,0.0,-12.0,0.18932011533329368,0.39049843680430096,0.6385444316145361,0.6226316655486633,83.70376249159564,41.746735272492344,65.39847284993286,53.10896385476451
7,6416.968067419714,0.0,-12.0,0.45142365661996625,0.3686519801019825,0.5941959594347278,0.5953687125364399,201.73713580557614,28.500613775149482,9.641323218035097,144.34531657461807
7,6416.968067419714,0.0,-12.0,0.14654594325419934,0.2673432471935973,0.6375509610362322,0.611072388230659,70.7021394128712,218.5936728604233,7.9586037901968485,111.84495681827438
7,6416.968067419714,0.0,-12.0,0.10076079027688432,0.29340031950181983,0.6331315693947099,0.6225960532985139,71.25307510764563,222.55353920288022,160.49692888789352,40.54855164012134
7,6416.968067419714,0.0,-12.0,0.16889078357103934,0.26417995942662903,0.6332983633392864,0.5898856356160345,93.53354987923366,118.85137849715326,170.65620831929596,56.26784233643909
7,6416.968067419714,0.0,-12.0,0.4126522323576688,0.2927572536958219,0.6064349412875654,0.6186816313108806,46.5760350608333,178.04969257893018,163.99490391661038,43.62099912373407
7,6416.968067419714,0.0,-12.0,0.14315068262977004,0.29007138689975687,0.6367877142535023,0.595483350958339,205.4779073694442,225.97030960210367,162.80945434693524,90.01259946985115
7,6416.968067419714,0.0,-12.0,0.18932011533329368,0.39049843680430096,0.6385444316145361,0.6226282180834822,69.49757254963166,214.13652881647232,65.3325607594551,53.10896385476451
7,6416.968067419714,0.0,-12.0,0.6079798167913275,0.2755677123439355,0.6124503560755304,0.6186816313108806,46.5760350608333,177.1828350001839,163.99490391661038,43.62099912373407
7,6416.968067419714,0.0,-12.0,0.3422411728754153,0.3427043425671792,0.6424948918991175,0.5949048986827431,39.34784090873093,59.5951721519523,71.08492776615701,183.1475365025908
7,6416.968067419714,0.0,-12.0,0.2004421287633817,0.3905010178674972,0.6487305845269751,0.5949048986827431,84.95185929268125,41.73945087687062,71.14971022248768,54.51658099060296
7,6416.968067419714,0.0,-12.0,0.3422089869617556,0.3580811299565786,0.6371499897073057,0.5929698629862528,17.834685779415373,119.1025526819643,71.08492776615701,40.792437075104324
7,6416.968067419715,0.0,-12.0,0.32904577555513637,0.5249091470164977,0.6470510995328381,0.6299037613370659,213.70743236741097,118.77309480801121,173.9311921705197,52.26841850556936
7,6416.968067419715,0.0,-12.0,0.41262004644400907,0.29405517659258035,0.6064349412875654,0.622585975871297,28.77584732502461,178.04969257893018,163.99490391661038,117.74711515859174
7,81.4506656304464,62.15280608523609,-12.0,0.19251781738741336,0.2678898342516569,0.20486015330162238,0.16802177703620674,67.64759776098522,9.063867922922313,86.11729519586433,95.66934183573224
7,84.6465737457616,59.95798973658113,-12.0,0.18946970676602232,0.2682461773440413,0.20486015330162238,0.16802177703620674,69.60957160354641,9.7613534153366,84.99916773340222,119.0319028543989
7,6416.968067419715,0.0,-12.0,0.16889078357103934,0.2635953943473941,0.636835206035226,0.5898856356160345,72.16693329937219,121.34437815522108,38.78017679829264,40.792437075104324
7,6416.968067419715,0.0,-12.0,0.19222366973442157,0.5851609909705605,0.648370863698655,0.6173428703144889,68.0629062514472,8.453009860203707,75.8802570011661,120.9881659215043
7,6416.968067419715,0.0,-12.0,0.15936963248094863,0.29281575442258484,0.6049907821626629,0.622599500763695,77.11936087688338,46.1889579683193,31.01076224176913,90.01259946985115
7,6416.968067419715,0.0,-12.0,0.4392907798898269,0.3770419365855178,0.6417761243793196,0.6093622989518426,47.73678966850296,9.164715296701536,130.672813757757,227.13220776622532
7,6416.968067419715,0.0,-12.0,0.5773120244787108,0.526201878498385,0.648370863698655,0.5949048986827431,39.34784090873093,121.34437815522108,63.46683093528334,40.792437075104324
7,6416.968067419715,0.0,-12.0,0.3422411728754153,0.3580811299565786,0.6240015791626113,0.5926601515521743,17.834685779415373,105.35975935689075,71.08492776615701,199.01840642337552
7,6416.968067419715,0.0,-12.0,0.5773120244787108,0.526201878498385,0.64829618472583,0.5949048986827431,37.98340549154427,117.38111015433992,65.77935907988319,90.25648507319289
7,6416.968067419715,0.0,-12.0,0.13205503177778644,0.29022129850658196,0.6264501291754128,0.6090132757619521,67.72235654237299,42.792676835039174,7.386123787725722,110.11240136105633
7,6416.968067419715,0.0,-12.0,0.6155235991428034,0.5470028729974286,0.32874254699614125,0.594899557262843,39.34784090873093,5.949909647217482,63.2906541896859,40.792437075104324
7,6416.968067419715,0.0,-12.0,0.331119160828909,0.3523173915655507,0.6381757770175519,0.6226316655486633,38.09974433382466,57.528233061685945,87.21642679369184,39.38481993926597
7,6416.968067419715,0.0,-12.0,0.561193461508037,0.5204415724027479,0.26547739744323223,0.6286604327024741,39.88932469649148,134.4962003463136,62.83571045704408,28.1440312987135
7,6416.968067419715,0.0,-12.0,0.5773120244787108,0.5719914985622493,0.648370863698655,0.5718173910659186,93.73526369306379,8.738341599842409,84.78920594759268,40.792437075104324
7,6416.968067419715,0.0,-12.0,0.26037542765180877,0.3686519801019825,0.6171077302789485,0.5941145547456514,201.73713580557614,28.500613775149482,9.641323218035097,144.34531657461807
7,6416.968067419715,0.0,-12.0,0.20216944069334572,0.5851609909705605,0.648370863698655,0.6173428703144889,72.3686471132023,0.8023041603431782,84.78920594759268,41.6924599005672
7,6416.968067419715,0.0,-12.0,0.5864005231864812,0.5719914985622493,0.648370863698655,0.5718173910659186,93.73526369306379,8.738341599842409,84.78920594759268,40.792437075104324
7,6416.968067419715,0.0,-12.0,0.6155235991428034,0.5427154421008956,0.6329098779311426,0.594899557262843,39.34784090873093,37.04110058262917,63.46683093528334,40.792437075104324
7,6416.968067419715,0.0,-12.0,0.10076079027688432,0.4735495217633213,0.628522574944539,0.6225045430783382,71.25307510764563,222.55353920288022,144.7917852742934,40.54855164012134
7,6416.968067419715,0.0,-12.0,0.17540195716399812,0.2573784199896852,0.6266090987280317,0.613843449134388,68.73304232990613,29.515998571266017,6.304053940138125,128.73711162584675
7,6416.968067419715,0.0,-12.0,0.19119696796166785,0.2905776415989664,0.6264501291754128,0.6090132757619521,69.68433038493417,42.792676835039174,7.386123787725722,110.11240136105633
8,79.7584387380968,56.49556077281858,-12.0,0.1925808296623298,0.2682461773440413,0.20486015330162238,0.16802177703620674,69.60957160354641,9.063867922922313,86.11729519586433,95.66934183573224
8,6416.968067419713,0.0,-12.0,0.13205503177778644,0.23544268884126446,0.6244700266160077,0.6088571496494285,67.72235654237299,78.6227324728403,5.1707307488116925,193.36687525621969
8,6416.968067419713,0.0,-12.0,0.18277471691032962,0.36324705714012645,0.6417761243793196,0.6093622989518426,96.34352613113074,9.164715296701536,130.672813757757,227.13220776622532
8,6416.968067419713,0.0,-12.0,0.13667143276222155,0.29340031950181983,0.6464097117860007,0.6225960532985139,69.88863968548462,218.5936728604233,162.80945434693524,234.86041220590687
8,79.7584387380968,56.49556077281858,-12.0,0.19126711719737235,0.26446586289483465,0.20486015330162238,0.20416936840754105,69.6217164783331,9.43246586045938,86.11729519586433,95.66934183573224
8,6416.968067419713,0.0,-12.0,0.45142365661996625,0.3686519801019825,0.6048400906477456,0.6224814148674688,80.11400135648871,21.207840818603316,9.641323218035097,144.34531657461807
8,6416.968067419713,0.0,-12.0,0.14315068262977004,0.29340031950181983,0.633067813680892,0.635926359137664,65.12820374462886,218.5936728604233,167.77221590234427,90.01259946985115
8,6416.968067419713,0.0,-12.0,0.32811949416559044,0.3686519801019825,0.5941959594347278,0.5953687125364399,201.73713580557614,24.673509743037858,174.7987489208292,144.34531657461807
8,6416.968067419713,0.0,-12.0,0.6079798167913275,0.2773324864412259,0.6492133980780883,0.6186816313108806,46.5760350608333,177.1828350001839,163.99490391661038,43.62099912373407
8,6416.968067419713,0.0,-12.0,0.44874695296017947,0.2599616399770625,0.6373462046236659,0.6093622989518426,57.4088347556259,9.164715296701536,130.672813757757,222.61645243165637
8,6416.968067419713,0.0,-12.0,0.3291852890445658,0.29340031950181983,0.6464097117860007,0.6225960532985139,36.90692909350747,218.5936728604233,161.07074501652525,57.340863543845174
8,6416.968067419713,0.0,-12.0,0.13667143276222155,0.29343809068034626,0.6464097117860007,0.6260776245254452,69.88863968548462,218.5936728604233,162.78395942975908,114.28003999175505
8,79.95788907810694,56.636838096992406,-12.0,0.18946970676602232,0.26817730738870926,0.20486015330162238,0.16802177703620674,69.60957160354641,5.510566770480259,84.99916773340222,119.0319028543989
8,84.78276761486836,56.49556077281858,-12.0,0.1925808296623298,0.2682461773440413,0.16664772366225844,0.16802177703620674,69.60957160354641,9.063867922922313,86.11729519586433,95.66934183573224
8,79.88453317704666,59.91339988278502,-12.0,0.19253056205252536,0.26816937581987427,0.20486015330162238,0.16802177703620674,67.64759776098522,5.407196934588914,84.91665640287745,95.66934183573224
8,6416.968067419714,0.0,-12.0,0.32904577555513637,0.464726705325164,0.5345818874291002,0.6295125233012552,213.70743236741097,113.34872815812314,177.46168311730722,234.13922531644312
8,6416.968067419714,0.0,-12.0,0.1308797935766595,0.5843833532014423,0.1398505200258277,0.6173428703144889,83.84436578143458,17.58780770880316,83.34729897247145,57.16786516190189
8,6416.968067419714,0.0,-12.0,0.3422411728754153,0.3523199726287469,0.648370863698655,0.5949048986827431,39.34784090873093,59.691441357105525,71.08492776615701,40.792437075104324
8,6416.968067419714,0.0,-12.0,0.14315068262977004,0.29340031950181983,0.633067813680892,0.6225960532985139,69.88863968548462,218.5936728604233,162.80945434693524,90.01259946985115
8,6416.968067419714,0.0,-12.0,0.41262004644400907,0.2927572536958219,0.6064349412875654,0.6186816313108806,46.5760350608333,178.04969257893018,163.99490391661038,43.62099912373407
8,6416.968067419714,0.0,-12.0,0.3422411728754153,0.3580811299565786,0.6371499897073057,0.5929698629862528,17.834685779415373,119.1025526819643,71.08492776615701,40.792437075104324
8,6416.968067419714,0.0,-12.0,0.18932011533329368,0.39049843680430096,0.6385444316145361,0.6226316655486633,83.70376249159564,41.746735272492344,65.39847284993286,53.10896385476451
8,6416.968067419714,0.0,-12.0,0.45142365661996625,0.3686519801019825,0.5941959594347278,0.5953687125364399,201.73713580557614,28.500613775149482,9.641323218035097,144.34531657461807
8,6416.968067419714,0.0,-12.0,0.14654594325419934,0.2673432471935973,0.6375509610362322,0.611072388230659,70.7021394128712,218.5936728604233,7.9586037901968485,111.84495681827438
8,6416.968067419714,0.0,-12.0,0.10076079027688432,0.29340031950181983,0.6331315693947099,0.6225960532985139,71.25307510764563,222.55353920288022,160.49692888789352,40.54855164012134
8,6416.968067419714,0.0,-12.0,0.16889078357103934,0.26417995942662903,0.6332983633392864,0.5898856356160345,93.53354987923366,118.85137849715326,170.65620831929596,56.26784233643909
8,6416.968067419714,0.0,-12.0,0.4126522323576688,0.2927572536958219,0.6064349412875654,0.6186816313108806,46.5760350608333,178.04969257893018,163.99490391661038,43.62099912373407
8,6416.968067419714,0.0,-12.0,0.14315068262977004,0.29007138689975687,0.6367877142535023,0.595483350958339,205.4779073694442,225.97030960210367,162.80945434693524,90.01259946985115
8,6416.968067419714,0.0,-12.0,0.18932011533329368,0.39049843680430096,0.6385444316145361,0.6226282180834822,69.49757254963166,214.13652881647232,65.3325607594551,53.10896385476451
8,6416.968067419714,0.0,-12.0,0.6079798167913275,0.2755677123439355,0.6124503560755304,0.6186816313108806,46.5760350608333,177.1828350001839,163.99490391661038,43.62099912373407
8,6416.968067419714,0.0,-12.0,0.3422411728754153,0.3427043425671792,0.6424948918991175,0.5949048986827431,39.34784090873093,59.5951721519523,71.08492776615701,183.1475365025908
8,6416.968067419714,0.0,-12.0,0.2004421287633817,0.3905010178674972,0.6487305845269751,0.5949048986827431,84.95185929268125,41.73945087687062,71.14971022248768,54.51658099060296
8,6416.968067419714,0.0,-12.0,0.3422089869617556,0.3580811299565786,0.6371499897073057,0.5929698629862528,17.834685779415373,119.1025526819643,71.08492776615701,40.792437075104324
8,6416.968067419714,0.0,-12.0,0.3834749742039854,0.3580811299565786,0.6371499897073057,0.5929698629862528,17.834685779415373,120.94039580678029,72.07316764663237,40.792437075104324
8,6416.968067419714,0.0,-12.0,0.13714346971691166,0.3844235438033533,0.6419808807918808,0.611072388230659,70.7021394128712,218.5936728604233,7.9586037901968485,111.05473248586638
8,6416.968067419714,0.0,-12.0,0.14959840575872996,0.29281575442258484,0.6049907821626629,0.622599500763695,90.73751549073218,46.1889579683193,31.01076224176913,90.01259946985115
8,6416.968067419714,0.0,-12.0,0.4194593995106867,0.2929420629187377,0.6045357234726103,0.6186816313108806,46.3333870795721,178.24229080839777,86.4401775449485,43.62099912373407
8,6416.968067419714,0.0,-12.0,0.14315068262977004,0.2924320875563008,0.633067813680892,0.6225960532985139,69.88863968548462,218.5936728604233,166.98647025279183,86.57729407716128
8,6416.968067419714,0.0,-12.0,0.1904543148994688,0.2960030595071278,0.6368817520466287,0.6224531146024682,66.73879976156442,58.258505194242076,160.36449385368897,54.43975445662515
8,6416.968067419714,0.0,-12.0,0.18932011533329368,0.39049843680430096,0.6385444316145361,0.6226316655486633,83.70376249159564,41.746735272492344,65.39847284993286,59.862840904760176
8,6416.968067419714,0.0,-12.0,0.3520137161982642,0.3580811299565786,0.6240015791626113,0.5926601515521743,27.586036624105322,105.35975935689075,71.08492776615701,199.01840642337552
8,6416.968067419714,0.0,-12.0,0.3422102792933926,0.3537086703423008,0.6371499897073057,0.5929698629862528,17.834685779415373,122.7533270705783,71.08492776615701,40.792437075104324
8,79.95788907810694,59.968416808580194,-12.0,0.18946970676602232,0.26817730738870926,0.20486015330162238,0.16802177703620674,69.60957160354641,4.526908758828675,86.42036921956372,119.0319028543989
8,6416.968067419715,0.0,-12.0,0.12485557235014738,0.26785277274157504,0.6056560140768303,0.6110201608844281,70.7021394128712,19.54248328247705,8.01991306163357,111.84495681827438
8,6416.968067419715,0.0,-12.0,0.32904577555513637,0.5249091470164977,0.6470510995328381,0.6299037613370659,213.70743236741097,118.77309480801121,173.9311921705197,52.26841850556936
8,84.6465737457616,59.95798973658113,-12.0,0.18946970676602232,0.2682461773440413,0.20486015330162238,0.16802177703620674,69.60957160354641,9.7613534153366,84.99916773340222,119.0319028543989
8,84.6465737457616,59.95798973658113,-12.0,0.18945696210091031,0.2678977658204919,0.20486015330162238,0.16802177703620674,69.60957160354641,9.167237758849758,86.19980652638911,119.0319028543989
8,6416.968067419715,0.0,-12.0,0.4726373051423975,0.3681424545540324,0.6367349809135878,0.6225336422136994,86.12171942940111,220.42906019434602,9.580013946598374,144.34531657461807
9,79.7584387380968,56.49556077281858,-12.0,0.1925808296623298,0.2682461773440413,0.20486015330162238,0.16802177703620674,69.60957160354641,9.063867922922313,86.11729519586433,95.66934183573224
9,6416.968067419713,0.0,-12.0,0.13205503177778644,0.23544268884126446,0.6244700266160077,0.6088571496494285,67.72235654237299,78.6227324728403,5.1707307488116925,193.36687525621969
9,6416.968067419713,0.0,-12.0,0.18277471691032962,0.36324705714012645,0.6417761243793196,0.6093622989518426,96.34352613113074,9.164715296701536,130.672813757757,227.13220776622532
9,6416.968067419713,0.0,-12.0,0.13667143276222155,0.29340031950181983,0.6464097117860007,0.6225960532985139,69.88863968548462,218.5936728604233,162.80945434693524,234.86041220590687
9,79.7584387380968,56.49556077281858,-12.0,0.19126711719737235,0.26446586289483465,0.20486015330162238,0.20416936840754105,69.6217164783331,9.43246586045938,86.11729519586433,95.66934183573224
9,6416.968067419713,0.0,-12.0,0.45142365661996625,0.3686519801019825,0.6048400906477456,0.6224814148674688,80.11400135648871,21.207840818603316,9.641323218035097,144.34531657461807
9,6416.968067419713,0.0,-12.0,0.14315068262977004,0.29340031950181983,0.633067813680892,0.635926359137664,65.12820374462886,218.5936728604233,167.77221590234427,90.01259946985115
9,6416.968067419713,0.0,-12.0,0.32811949416559044,0.3686519801019825,0.5941959594347278,0.5953687125364399,201.73713580557614,24.673509743037858,174.7987489208292,144.34531657461807
9,6416.968067419713,0.0,-12.0,0.6079798167913275,0.2773324864412259,0.6492133980780883,0.6186816313108806,46.5760350608333,177.1828350001839,163.99490391661038,43.62099912373407
9,6416.968067419713,0.0,-12.0,0.44874695296017947,0.2599616399770625,0.6373462046236659,0.6093622989518426,57.4088347556259,9.164715296701536,130.672813757757,222.61645243165637
9,6416.968067419713,0.0,-12.0,0.3291852890445658,0.29340031950181983,0.6464097117860007,0.6225960532985139,36.90692909350747,218.5936728604233,161.07074501652525,57.340863543845174
9,6416.968067419713,0.0,-12.0,0.13667143276222155,0.29343809068034626,0.6464097117860007,0.6260776245254452,69.88863968548462,218.5936728604233,162.78395942975908,114.28003999175505
9,6416.968067419713,0.0,-12.0,0.3291852890445658,0.29354930472149887,0.6464097117860007,0.6217780842921211,36.90692909350747,32.47255153957464,161.07074501652525,57.340863543845174
9,6416.968067419713,0.0,-12.0,0.1320614951378252,0.2358228244821217,0.6464097117860007,0.6225960532985139,69.83745743990039,218.5936728604233,3.8400298412627905,234.86041220590687
9,6416.968067419713,0.0,-12.0,0.6079798167913275,0.277185883835975,0.6492133980780883,0.6189303738086196,47.16204881888367,177.1828350001839,170.0366305516023,43.62099912373407
9,6416.968067419713,0.0,-12.0,0.13667143276222155,0.29343809068034626,0.5920480036433277,0.6260776245254452,69.88863968548462,218.5936728604233,162.78395942975908,38.09145998396028
9,79.88453317704666,59.91339988278502,-12.0,0.19253056205252536,0.26816937581987427,0.20486015330162238,0.16802177703620674,67.64759776098522,5.407196934588914,84.91665640287745,95.66934183573224
9,6416.968067419714,0.0,-12.0,0.32904577555513637,0.464726705325164,0.5345818874291002,0.6295125233012552,213.70743236741097,113.34872815812314,177.46168311730722,234.13922531644312
9,6416.968067419714,0.0,-12.0,0.4126522323576688,0.2687988249636337,0.6064349412875654,0.6170291578885675,46.5760350608333,178.04969257893018,163.99490391661038,43.74364517532217
9,84.78276761486836,56.49556077281858,-12.0,0.1925808296623298,0.2682461773440413,0.16664772366225844,0.16802177703620674,69.60957160354641,9.063867922922313,86.11729519586433,95.66934183573224
9,79.95788907810694,56.636838096992406,-12.0,0.18946970676602232,0.26817730738870926,0.20486015330162238,0.16802177703620674,69.60957160354641,5.510566770480259,84.99916773340222,119.0319028543989
9,6416.968067419714,0.0,-12.0,0.15014884859723748,0.2931547299666829,0.6464097117860007,0.6225960532985139,69.599086078171,218.5936728604233,162.80945434693524,210.66931316924376
9,6416.968067419714,0.0,-12.0,0.41262004644400907,0.2927572536958219,0.6064349412875654,0.6186816313108806,46.5760350608333,178.04969257893018,163.99490391661038,43.62099912373407
9,6416.968067419714,0.0,-12.0,0.13667143276222155,0.27836809965097636,0.6444295749091857,0.6230825967808595,69.84915548778804,218.5936728604233,162.78395942975908,114.28003999175505
9,6416.968067419714,0.0,-12.0,0.10076079027688432,0.29340031950181983,0.6331315693947099,0.6225960532985139,71.25307510764563,222.55353920288022,160.49692888789352,40.54855164012134
9,6416.968067419714,0.0,-12.0,0.35226275724721895,0.3580811299565786,0.6371499897073057,0.5926598187592421,26.502269568739713,105.27826553927837,71.08492776615701,40.792437075104324
9,6416.968067419714,0.0,-12.0,0.32423739379963107,0.3698808081857302,0.5977364039829849,0.5953687125364399,213.8710554889561,121.44224408421925,174.14066860220998,51.008641056158
9,6416.968067419714,0.0,-12.0,0.3422411728754153,0.3523199726287469,0.648370863698655,0.5949048986827431,39.34784090873093,59.691441357105525,71.08492776615701,40.792437075104324
9,6416.968067419714,0.0,-12.0,0.1904543148994688,0.2960030595071278,0.6368817520466287,0.6224531146024682,66.73879976156442,58.258505194242076,160.36449385368897,54.43975445662515
9,6416.968067419714,0.0,-12.0,0.14315068262977004,0.29340031950181983,0.633067813680892,0.6225960532985139,69.88863968548462,218.5936728604233,162.80945434693524,90.01259946985115
9,6416.968067419714,0.0,-12.0,0.3422411728754153,0.3580811299565786,0.6371499897073057,0.5929698629862528,17.834685779415373,119.1025526819643,71.08492776615701,40.792437075104324
9,6416.968067419714,0.0,-12.0,0.14315068262977004,0.2924320875563008,0.633067813680892,0.6225960532985139,69.88863968548462,218.5936728604233,166.98647025279183,86.57729407716128
9,6416.968067419714,0.0,-12.0,0.1308797935766595,0.5843833532014423,0.1398505200258277,0.6173428703144889,83.84436578143458,17.58780770880316,83.34729897247145,57.16786516190189
9,6416.968067419714,0.0,-12.0,0.4194593995106867,0.2929420629187377,0.6045357234726103,0.6186816313108806,46.3333870795721,178.24229080839777,86.4401775449485,43.62099912373407
9,6416.968067419714,0.0,-12.0,0.4126522323576688,0.2927572536958219,0.6064349412875654,0.6186816313108806,46.5760350608333,178.04969257893018,163.99490391661038,43.62099912373407
9,6416.968067419714,0.0,-12.0,0.3520137161982642,0.3580811299565786,0.6240015791626113,0.5926601515521743,27.586036624105322,105.35975935689075,71.08492776615701,199.01840642337552
9,6416.968067419714,0.0,-12.0,0.14959840575872996,0.29281575442258484,0.6049907821626629,0.622599500763695,90.73751549073218,46.1889579683193,31.01076224176913,90.01259946985115
9,6416.968067419714,0.0,-12.0,0.34906579857308623,0.3522912564562194,0.6363824590707275,0.5949272832857369,17.162483038637,56.116740113906324,72.071093388052,40.792437075104324
9,6416.968067419714,0.0,-12.0,0.3422411728754153,0.3427043425671792,0.6420537441817821,0.5949048986827431,39.54333862439469,6.752164284254903,71.08492776615701,222.34685184616134
9,6416.968067419714,0.0,-12.0,0.3422411728754153,0.3427043425671792,0.6424948918991175,0.5949048986827431,39.34784090873093,59.5951721519523,71.08492776615701,183.1475365025908
9,6416.968067419714,0.0,-12.0,0.18932011533329368,0.39049843680430096,0.6385444316145361,0.6226316655486633,83.70376249159564,41.746735272492344,65.39847284993286,59.862840904760176
9,6416.968067419714,0.0,-12.0,0.3422102792933926,0.3537086703423008,0.6371499897073057,0.5929698629862528,17.834685779415373,122.7533270705783,71.08492776615701,40.792437075104324
9,6416.968067419714,0.0,-12.0,0.3834749742039854,0.3580811299565786,0.6371499897073057,0.5929698629862528,17.834685779415373,120.94039580678029,72.07316764663237,40.792437075104324
9,6416.968067419714,0.0,-12.0,0.6079798167913275,0.2755677123439355,0.6124503560755304,0.6186816313108806,46.5760350608333,177.1828350001839,163.99490391661038,43.62099912373407
9,6416.968067419714,0.0,-12.0,0.45142365661996625,0.3686519801019825,0.5941959594347278,0.5953687125364399,201.73713580557614,28.500613775149482,9.641323218035097,144.34531657461807
9,6416.968067419714,0.0,-12.0,0.3422089869617556,0.3580811299565786,0.6371499897073057,0.5929698629862528,17.834685779415373,119.1025526819643,71.08492776615701,40.792437075104324
9,6416.968067419714,0.0,-12.0,0.3831943709109202,0.29433798639107306,0.6371499897073057,0.5929698629862528,47.09203596093722,180.9590170426727,72.07316764663237,43.29129139494809
9,6416.968067419714,0.0,-12.0,0.16889078357103934,0.26417995942662903,0.6332983633392864,0.5898856356160345,93.53354987923366,118.85137849715326,170.65620831929596,56.26784233643909
10,79.7584387380968,56.49556077281858,-12.0,0.1925808296623298,0.2682461773440413,0.20486015330162238,0.16802177703620674,69.60957160354641,9.063867922922313,86.11729519586433,95.66934183573224
10,6416.968067419713,0.0,-12.0,0.13205503177778644,0.23544268884126446,0.6244700266160077,0.6088571496494285,67.72235654237299,78.6227324728403,5.1707307488116925,193.36687525621969
10,6416.968067419713,0.0,-12.0,0.18277471691032962,0.36324705714012645,0.6417761243793196,0.6093622989518426,96.34352613113074,9.164715296701536,130.672813757757,227.13220776622532
10,6416.968067419713,0.0,-12.0,0.13667143276222155,0.29340031950181983,0.6464097117860007,0.6225960532985139,69.88863968548462,218.5936728604233,162.80945434693524,234.86041220590687
10,79.7584387380968,56.49556077281858,-12.0,0.19126711719737235,0.26446586289483465,0.20486015330162238,0.20416936840754105,69.6217164783331,9.43246586045938,86.11729519586433,95.66934183573224
10,6416.968067419713,0.0,-12.0,0.45142365661996625,0.3686519801019825,0.6048400906477456,0.6224814148674688,80.11400135648871,21.207840818603316,9.641323218035097,144.34531657461807
10,6416.968067419713,0.0,-12.0,0.14315068262977004,0.29340031950181983,0.633067813680892,0.635926359137664,65.12820374462886,218.5936728604233,167.77221590234427,90.01259946985115
10,6416.968067419713,0.0,-12.0,0.32811949416559044,0.3686519801019825,0.5941959594347278,0.5953687125364399,201.73713580557614,24.673509743037858,174.7987489208292,144.34531657461807
10,6416.968067419713,0.0,-12.0,0.6079798167913275,0.2773324864412259,0.6492133980780883,0.6186816313108806,46.5760350608333,177.1828350001839,163.99490391661038,43.62099912373407
10,6416.968067419713,0.0,-12.0,0.44874695296017947,0.2599616399770625,0.6373462046236659,0.6093622989518426,57.4088347556259,9.164715296701536,130.672813757757,222.61645243165637
10,6416.968067419713,0.0,-12.0,0.3291852890445658,0.29340031950181983,0.6464097117860007,0.6225960532985139,36.90692909350747,218.5936728604233,161.07074501652525,57.340863543845174
10,6416.968067419713,0.0,-12.0,0.13667143276222155,0.29343809068034626,0.6464097117860007,0.6260776245254452,69.88863968548462,218.5936728604233,162.78395942975908,114.28003999175505
10,6416.968067419713,0.0,-12.0,0.3291852890445658,0.29354930472149887,0.6464097117860007,0.6217780842921211,36.90692909350747,32.47255153957464,161.07074501652525,57.340863543845174
10,6416.968067419713,0.0,-12.0,0.1320614951378252,0.2358228244821217,0.6464097117860007,0.6225960532985139,69.83745743990039,218.5936728604233,3.8400298412627905,234.86041220590687
10,6416.968067419713,0.0,-12.0,0.6079798167913275,0.277185883835975,0.6492133980780883,0.6189303738086196,47.16204881888367,177.1828350001839,170.0366305516023,43.62099912373407
10,6416.968067419713,0.0,-12.0,0.13667143276222155,0.29343809068034626,0.5920480036433277,0.6260776245254452,69.88863968548462,218.5936728604233,162.78395942975908,38.09145998396028
10,6416.968067419713,0.0,-12.0,0.18266050210437942,0.36245911319682855,0.6419404997101669,0.6227238946124267,70.95474682216822,25.120424341193768,130.672813757757,227.05412920545507
10,6416.968067419713,0.0,-12.0,0.1402270365105145,0.2931547299666829,0.6464097117860007,0.6100410693134449,69.24162633866872,218.5936728604233,132.335480477081,211.40838648503836
10,6416.968067419713,0.0,-12.0,0.4509839074403601,0.2599616399770625,0.6409659560314362,0.6093622989518426,57.36209962104486,5.546849853497511,130.672813757757,222.61645243165637
10,6416.968067419713,0.0,-12.0,0.6079798167913275,0.2771739115396337,0.6492133980780883,0.6189489532788803,46.5760350608333,177.1828350001839,163.99490391661038,48.77382439933581
10,6416.968067419713,0.0,-12.0,0.6079798167913275,0.27734445873756713,0.6492133980780883,0.61866305184062,47.16204881888367,177.1828350001839,170.0366305516023,43.62099912373407
10,6416.968067419713,0.0,-12.0,0.14315068262977004,0.2932522981859116,0.6417720966619048,0.635926359137664,65.12820374462886,218.5936728604233,177.4520285988415,81.42522297195526
10,6416.968067419714,0.0,-12.0,0.19207942422858612,0.23268874543818355,0.6464097117860007,0.6225925525630258,83.85697337473415,218.5936728604233,3.8400298412627905,234.86041220590687
10,6416.968067419714,0.0,-12.0,0.32904577555513637,0.464726705325164,0.5345818874291002,0.6295125233012552,213.70743236741097,113.34872815812314,177.46168311730722,234.13922531644312
10,79.88453317704666,59.91339988278502,-12.0,0.19253056205252536,0.26816937581987427,0.20486015330162238,0.16802177703620674,67.64759776098522,5.407196934588914,84.91665640287745,95.66934183573224
10,84.78276761486836,56.49556077281858,-12.0,0.1925808296623298,0.2682461773440413,0.16664772366225844,0.16802177703620674,69.60957160354641,9.063867922922313,86.11729519586433,95.66934183573224
10,79.95788907810694,56.636838096992406,-12.0,0.18946970676602232,0.26817730738870926,0.20486015330162238,0.16802177703620674,69.60957160354641,5.510566770480259,84.99916773340222,119.0319028543989
10,6416.968067419714,0.0,-12.0,0.32811949416559044,0.3700130193191683,0.6145483097769573,0.5612606029350302,215.17609736307512,8.905449790355448,174.7987489208292,96.93577975707832
10,6416.968067419714,0.0,-12.0,0.14315068262977004,0.2924320875563008,0.633067813680892,0.6225960532985139,69.88863968548462,218.5936728604233,166.98647025279183,86.57729407716128
10,6416.968067419714,0.0,-12.0,0.3422089869617556,0.3580811299565786,0.6371499897073057,0.5929698629862528,17.834685779415373,119.1025526819643,71.08492776615701,40.792437075104324
10,6416.968067419714,0.0,-12.0,0.13667143276222155,0.27836809965097636,0.6444295749091857,0.6230825967808595,69.84915548778804,218.5936728604233,162.78395942975908,114.28003999175505
10,6416.968067419714,0.0,-12.0,0.1904543148994688,0.2960030595071278,0.6368817520466287,0.6224531146024682,66.73879976156442,58.258505194242076,160.36449385368897,54.43975445662515
10,6416.968067419714,0.0,-12.0,0.3422411728754153,0.3523199726287469,0.648370863698655,0.5949048986827431,39.34784090873093,59.691441357105525,71.08492776615701,40.792437075104324
10,6416.968067419714,0.0,-12.0,0.13678564756988285,0.2941882634451177,0.646245336434067,0.6140481471253498,95.2774189944472,203.37555041981204,162.80945434693524,234.93849076667524
10,6416.968067419714,0.0,-12.0,0.3422089869617556,0.3580811299565786,0.6371499897073057,0.5929698629862528,26.641002590485332,105.36334599413895,71.08492776615701,30.246672925881484
10,6416.968067419714,0.0,-12.0,0.14315068262977004,0.29340031950181983,0.633067813680892,0.6225960532985139,69.88863968548462,218.5936728604233,162.80945434693524,90.01259946985115
10,6416.968067419714,0.0,-12.0,0.1867964612468681,0.2675120281109847,0.6464097117860007,0.6217780842921211,36.90692909350747,32.47255153957464,161.07074501652525,56.73275948215258
10,6416.968067419714,0.0,-12.0,0.34906579857308623,0.3522912564562194,0.635690270470419,0.5959268829223959,17.162483038637,216.182281752076,162.69786722186706,38.66163670212927
10,6416.968067419714,0.0,-12.0,0.35226275724721895,0.3580811299565786,0.6371499897073057,0.5926598187592421,17.695952757671225,119.01747222710371,71.08492776615701,40.792437075104324
10,6416.968067419714,0.0,-12.0,0.14959840575872996,0.29281575442258484,0.6049907821626629,0.622599500763695,90.73751549073218,46.1889579683193,31.01076224176913,90.01259946985115
10,6416.968067419714,0.0,-12.0,0.45871712297702505,0.2599616399770625,0.6373462046236659,0.6219172829369108,57.76629449512818,9.164715296701536,161.1467876276112,221.8773791158616
10,6416.968067419714,0.0,-12.0,0.3422411728754153,0.2775926833793477,0.6483135741772414,0.5952940057019634,47.261560697774456,59.691441357105525,167.3846132101803,40.792437075104324
10,6416.968067419714,0.0,-12.0,0.3831943709109202,0.29433798639107306,0.6371499897073057,0.5929698629862528,47.09203596093722,180.9590170426727,72.07316764663237,43.29129139494809
10,6416.968067419714,0.0,-12.0,0.10076079027688432,0.29340031950181983,0.6331315693947099,0.6225960532985139,71.25307510764563,222.55353920288022,160.49692888789352,40.54855164012134
10,6416.968067419714,0.0,-12.0,0.18932011533329368,0.39049843680430096,0.6385444316145361,0.6226316655486633,83.70376249159564,41.746735272492344,65.39847284993286,59.862840904760176
10,6416.968067419714,0.0,-12.0,0.13667143276222155,0.2638644737510735,0.5920480036433277,0.6271594297129158,69.88863968548462,218.5936728604233,161.53573925656778,95.74676914553251
10,6416.968067419714,0.0,-12.0,0.45142365661996625,0.3686519801019825,0.5941959594347278,0.5953687125364399,201.73713580557614,28.500613775149482,9.641323218035097,144.34531657461807
10,6416.968067419714,0.0,-12.0,0.3422411728754153,0.3580811299565786,0.6371499897073057,0.5929698629862528,17.834685779415373,119.1025526819643,71.08492776615701,40.792437075104324
11,79.7584387380968,56.49556077281858,-12.0,0.1925808296623298,0.2682461773440413,0.20486015330162238,0.16802177703620674,69.60957160354641,9.063867922922313,86.11729519586433,95.66934183573224
11,79.7584387380968,56.49556077281858,-12.0,0.19126711719737235,0.26446586289483465,0.20486015330162238,0.20416936840754105,69.6217164783331,9.43246586045938,86.11729519586433,95.66934183573224
11,6416.968067419712,0.0,-12.0,0.18587858371785085,0.3686519801019825,0.636357531745678,0.6224814148674688,80.11400135648871,21.207840818603316,13.630159176960483,144.34531657461807
11,79.88453317704666,59.91339988278502,-12.0,0.19253056205252536,0.26816937581987427,0.20486015330162238,0.16802177703620674,67.64759776098522,5.407196934588914,84.91665640287745,95.66934183573224
11,84.78276761486836,56.49556077281858,-12.0,0.1925808296623298,0.2682461773440413,0.16664772366225844,0.16802177703620674,69.60957160354641,9.063867922922313,86.11729519586433,95.66934183573224
11,79.95788907810694,56.636838096992406,-12.0,0.18946970676602232,0.26817730738870926,0.20486015330162238,0.16802177703620674,69.60957160354641,5.510566770480259,84.99916773340222,119.0319028543989
11,6416.968067419713,0.0,-12.0,0.13205503177778644,0.23544268884126446,0.6244700266160077,0.6088571496494285,67.72235654237299,78.6227324728403,5.1707307488116925,193.36687525621969
11,6416.968067419713,0.0,-12.0,0.18277471691032962,0.36324705714012645,0.6417761243793196,0.6093622989518426,96.34352613113074,9.164715296701536,130.672813757757,227.13220776622532
11,6416.968067419713,0.0,-12.0,0.13667143276222155,0.29340031950181983,0.6464097117860007,0.6225960532985139,69.88863968548462,218.5936728604233,162.80945434693524,234.86041220590687
11,6416.968067419713,0.0,-12.0,0.45142365661996625,0.3686519801019825,0.6048400906477456,0.6224814148674688,80.11400135648871,21.207840818603316,9.641323218035097,144.34531657461807
11,6416.968067419713,0.0,-12.0,0.14315068262977004,0.29340031950181983,0.633067813680892,0.635926359137664,65.12820374462886,218.5936728604233,167.77221590234427,90.01259946985115
11,6416.968067419713,0.0,-12.0,0.32811949416559044,0.3686519801019825,0.5941959594347278,0.5953687125364399,201.73713580557614,24.673509743037858,174.7987489208292,144.34531657461807
11,6416.968067419713,0.0,-12.0,0.6079798167913275,0.2773324864412259,0.6492133980780883,0.6186816313108806,46.5760350608333,177.1828350001839,163.99490391661038,43.62099912373407
11,6416.968067419713,0.0,-12.0,0.44874695296017947,0.2599616399770625,0.6373462046236659,0.6093622989518426,57.4088347556259,9.164715296701536,130.672813757757,222.61645243165637
11,6416.968067419713,0.0,-12.0,0.3291852890445658,0.29340031950181983,0.6464097117860007,0.6225960532985139,36.90692909350747,218.5936728604233,161.07074501652525,57.340863543845174
11,6416.968067419713,0.0,-12.0,0.13667143276222155,0.29343809068034626,0.6464097117860007,0.6260776245254452,69.88863968548462,218.5936728604233,162.78395942975908,114.28003999175505
11,6416.968067419713,0.0,-12.0,0.3291852890445658,0.29354930472149887,0.6464097117860007,0.6217780842921211,36.90692909350747,32.47255153957464,161.07074501652525,57.340863543845174
11,6416.968067419713,0.0,-12.0,0.1320614951378252,0.2358228244821217,0.6464097117860007,0.6225960532985139,69.83745743990039,218.5936728604233,3.8400298412627905,234.86041220590687
11,6416.968067419713,0.0,-12.0,0.6079798167913275,0.277185883835975,0.6492133980780883,0.6189303738086196,47.16204881888367,177.1828350001839,170.0366305516023,43.62099912373407
11,6416.968067419713,0.0,-12.0,0.13667143276222155,0.29343809068034626,0.5920480036433277,0.6260776245254452,69.88863968548462,218.5936728604233,162.78395942975908,38.09145998396028
11,6416.968067419713,0.0,-12.0,0.18266050210437942,0.36245911319682855,0.6419404997101669,0.6227238946124267,70.95474682216822,25.120424341193768,130.672813757757,227.05412920545507
11,6416.968067419713,0.0,-12.0,0.1402270365105145,0.2931547299666829,0.6464097117860007,0.6100410693134449,69.24162633866872,218.5936728604233,132.335480477081,211.40838648503836
11,6416.968067419713,0.0,-12.0,0.4509839074403601,0.2599616399770625,0.6409659560314362,0.6093622989518426,57.36209962104486,5.546849853497511,130.672813757757,222.61645243165637
11,6416.968067419713,0.0,-12.0,0.6079798167913275,0.2771739115396337,0.6492133980780883,0.6189489532788803,46.5760350608333,177.1828350001839,163.99490391661038,48.77382439933581
11,6416.968067419713,0.0,-12.0,0.6079798167913275,0.27734445873756713,0.6492133980780883,0.61866305184062,47.16204881888367,177.1828350001839,170.0366305516023,43.62099912373407
11,6416.968067419713,0.0,-12.0,0.14315068262977004,0.2932522981859116,0.6417720966619048,0.635926359137664,65.12820374462886,218.5936728604233,177.4520285988415,81.42522297195526
11,6416.968067419713,0.0,-12.0,0.6079798167913275,0.2773324864412259,0.6492546632683066,0.6186816313108806,46.5760350608333,176.78026174944978,163.99490391661038,43.20140705581208
11,6416.968067419713,0.0,-12.0,0.14315068262977004,0.29340031950181983,0.633067813680892,0.6367128287070963,65.12820374462886,34.546694330477024,160.94224399970665,90.01259946985115
11,6416.968067419713,0.0,-12.0,0.32811949416559044,0.31264569937375025,0.5943589586190815,0.5953687125364399,201.73713580557614,29.749514313155416,3.9272472606907485,144.37320366737313
11,6416.968067419713,0.0,-12.0,0.14315068262977004,0.2932522981859116,0.6419429334363623,0.635926359137664,70.44552354013808,227.34048700678653,177.4520285988415,227.0673848261407
11,6416.968067419713,0.0,-12.0,0.45142365661996625,0.3686519801019825,0.6048400906477456,0.623040715938035,79.92390449188977,23.525038303144783,9.094609026047667,143.883171160541
11,6416.968067419713,0.0,-12.0,0.14315068262977004,0.29340031950181983,0.6329443260918861,0.635926359137664,73.25926892973654,218.99624567300762,167.77221590234427,74.10231446937651
11,6416.968067419713,0.0,-12.0,0.3291852890445658,0.29340031950181983,0.6464097117860007,0.6217316163312401,36.90692909350747,218.5936728604233,161.07074501652525,56.151869402704385
11,6416.968067419714,0.0,-12.0,0.13667143276222155,0.29340031950181983,0.6464099982758538,0.6225960532985139,56.80998922604987,218.5936728604233,162.80945434693524,222.44275854293187
11,205.85462171705763,205.85462171705757,-12.0,0.19126711719737235,0.2653980516590398,0.20486015330162238,0.20951572894433584,56.50729276326588,172.53845243057836,86.11729519586433,45.39917876395352
11,6416.968067419714,0.0,-12.0,0.19207942422858612,0.23268874543818355,0.6464097117860007,0.6225925525630258,83.85697337473415,218.5936728604233,3.8400298412627905,234.86041220590687
11,4872.187772134268,150.21818319146178,-12.0,0.13205503177778644,0.2380002121936902,0.6244700266160077,0.16820187046768476,67.64609187730599,78.6227324728403,6.428138861166957,193.36687525621969
11,288.943506017123,159.2979394271763,-12.0,0.45501530270699797,0.26817730738870926,0.1662250304454116,0.16802177703620674,69.60957160354641,5.510566770480259,81.03801423892298,119.0319028543989
11,6416.968067419714,0.0,-12.0,0.1320614951378252,0.2358228244821217,0.6461403404047613,0.6225960532985139,69.83745743990039,213.56219764389647,176.783665142726,234.8185267913069
11,6416.968067419714,0.0,-12.0,0.13667143276222155,0.2638644737510735,0.5920480036433277,0.6271594297129158,69.88863968548462,218.5936728604233,161.53573925656778,95.74676914553251
11,6416.968067419714,0.0,-12.0,0.13494375346167967,0.2361124715619649,0.646245336434067,0.5885599960767134,83.29346155820203,204.1011631663967,143.67399036726226,234.93849076667524
11,6416.968067419714,0.0,-12.0,0.3422089869617556,0.3580811299565786,0.6371499897073057,0.5929698629862528,26.641002590485332,105.36334599413895,71.08492776615701,30.246672925881484
11,6416.968067419714,0.0,-12.0,0.3422411728754153,0.3523199726287469,0.648370863698655,0.5949048986827431,39.34784090873093,59.691441357105525,71.08492776615701,40.792437075104324
11,6416.968067419714,0.0,-12.0,0.6201152196126997,0.2599616399770625,0.6373462046236659,0.6093622989518426,55.45907346447124,12.155092169661202,127.47064216126532,222.61645243165637
11,6416.968067419714,0.0,-12.0,0.3831943709109202,0.29433798639107306,0.6371499897073057,0.5929698629862528,47.09203596093722,180.9590170426727,72.07316764663237,43.29129139494809
11,6416.968067419714,0.0,-12.0,0.32811949416559044,0.3700130193191683,0.6145483097769573,0.5612606029350302,215.17609736307512,8.905449790355448,174.7987489208292,96.93577975707832
11,6416.968067419714,0.0,-12.0,0.13678564756988285,0.2941882634451177,0.646245336434067,0.6140481471253498,95.2774189944472,203.37555041981204,162.80945434693524,234.93849076667524
11,6416.968067419714,0.0,-12.0,0.13667143276222155,0.27836809965097636,0.6444295749091857,0.6230825967808595,69.84915548778804,218.5936728604233,162.78395942975908,114.28003999175505
12,79.7584387380968,56.49556077281858,-12.0,0.1925808296623298,0.2682461773440413,0.20486015330162238,0.16802177703620674,69.60957160354641,9.063867922922313,86.11729519586433,95.66934183573224
12,79.7584387380968,56.49556077281858,-12.0,0.19126711719737235,0.26446586289483465,0.20486015330162238,0.20416936840754105,69.6217164783331,9.43246586045938,86.11729519586433,95.66934183573224
12,6416.968067419712,0.0,-12.0,0.18587858371785085,0.3686519801019825,0.636357531745678,0.6224814148674688,80.11400135648871,21.207840818603316,13.630159176960483,144.34531657461807
12,79.01687471666308,64.24174920793047,-12.0,0.1760470526729393,0.2696834640114678,0.20486015330162238,0.16802177703620674,79.76740088838554,21.8701539393626,9.629345383876746,69.99986352300066
12,79.88453317704666,59.91339988278502,-12.0,0.19253056205252536,0.26816937581987427,0.20486015330162238,0.16802177703620674,67.64759776098522,5.407196934588914,84.91665640287745,95.66934183573224
12,84.78276761486836,56.49556077281858,-12.0,0.1925808296623298,0.2682461773440413,0.16664772366225844,0.16802177703620674,69.60957160354641,9.063867922922313,86.11729519586433,95.66934183573224
12,79.95788907810694,56.636838096992406,-12.0,0.18946970676602232,0.26817730738870926,0.20486015330162238,0.16802177703620674,69.60957160354641,5.510566770480259,84.99916773340222,119.0319028543989
12,6416.968067419713,0.0,-12.0,0.13205503177778644,0.23544268884126446,0.6244700266160077,0.6088571496494285,67.72235654237299,78.6227324728403,5.1707307488116925,193.36687525621969
12,6416.968067419713,0.0,-12.0,0.18277471691032962,0.36324705714012645,0.6417761243793196,0.6093622989518426,96.34352613113074,9.164715296701536,130.672813757757,227.13220776622532
12,6416.968067419713,0.0,-12.0,0.13667143276222155,0.29340031950181983,0.6464097117860007,0.6225960532985139,69.88863968548462,218.5936728604233,162.80945434693524,234.86041220590687
12,6416.968067419713,0.0,-12.0,0.45142365661996625,0.3686519801019825,0.6048400906477456,0.6224814148674688,80.11400135648871,21.207840818603316,9.641323218035097,144.34531657461807
12,6416.968067419713,0.0,-12.0,0.14315068262977004,0.29340031950181983,0.633067813680892,0.635926359137664,65.12820374462886,218.5936728604233,167.77221590234427,90.01259946985115
12,6416.968067419713,0.0,-12.0,0.32811949416559044,0.3686519801019825,0.5941959594347278,0.5953687125364399,201.73713580557614,24.673509743037858,174.7987489208292,144.34531657461807
12,6416.968067419713,0.0,-12.0,0.6079798167913275,0.2773324864412259,0.6492133980780883,0.6186816313108806,46.5760350608333,177.1828350001839,163.99490391661038,43.62099912373407
12,6416.968067419713,0.0,-12.0,0.44874695296017947,0.2599616399770625,0.6373462046236659,0.6093622989518426,57.4088347556259,9.164715296701536,130.672813757757,222.61645243165637
12,6416.968067419713,0.0,-12.0,0.3291852890445658,0.29340031950181983,0.6464097117860007,0.6225960532985139,36.90692909350747,218.5936728604233,161.07074501652525,57.340863543845174
12,6416.968067419713,0.0,-12.0,0.13667143276222155,0.29343809068034626,0.6464097117860007,0.6260776245254452,69.88863968548462,218.5936728604233,162.78395942975908,114.28003999175505
12,6416.968067419713,0.0,-12.0,0.3291852890445658,0.29354930472149887,0.6464097117860007,0.6217780842921211,36.90692909350747,32.47255153957464,161.07074501652525,57.340863543845174
12,6416.968067419713,0.0,-12.0,0.1320614951378252,0.2358228244821217,0.6464097117860007,0.6225960532985139,69.83745743990039,218.5936728604233,3.8400298412627905,234.86041220590687
12,6416.968067419713,0.0,-12.0,0.6079798167913275,0.277185883835975,0.6492133980780883,0.6189303738086196,47.16204881888367,177.1828350001839,170.0366305516023,43.62099912373407
12,6416.968067419713,0.0,-12.0,0.13667143276222155,0.29343809068034626,0.5920480036433277,0.6260776245254452,69.88863968548462,218.5936728604233,162.78395942975908,38.09145998396028
12,6416.968067419713,0.0,-12.0,0.18266050210437942,0.36245911319682855,0.6419404997101669,0.6227238946124267,70.95474682216822,25.120424341193768,130.672813757757,227.05412920545507
12,6416.968067419713,0.0,-12.0,0.1402270365105145,0.2931547299666829,0.6464097117860007,0.6100410693134449,69.24162633866872,218.5936728604233,132.335480477081,211.40838648503836
12,6416.968067419713,0.0,-12.0,0.4509839074403601,0.2599616399770625,0.6409659560314362,0.6093622989518426,57.36209962104486,5.546849853497511,130.672813757757,222.61645243165637
12,6416.968067419713,0.0,-12.0,0.6079798167913275,0.2771739115396337,0.6492133980780883,0.6189489532788803,46.5760350608333,177.1828350001839,163.99490391661038,48.77382439933581
12,6416.968067419713,0.0,-12.0,0.6079798167913275,0.27734445873756713,0.6492133980780883,0.61866305184062,47.16204881888367,177.1828350001839,170.0366305516023,43.62099912373407
12,6416.968067419713,0.0,-12.0,0.14315068262977004,0.2932522981859116,0.6417720966619048,0.635926359137664,65.12820374462886,218.5936728604233,177.4520285988415,81.42522297195526
12,6416.968067419713,0.0,-12.0,0.6079798167913275,0.2773324864412259,0.6492546632683066,0.6186816313108806,46.5760350608333,176.78026174944978,163.99490391661038,43.20140705581208
12,6416.968067419713,0.0,-12.0,0.14315068262977004,0.29340031950181983,0.633067813680892,0.6367128287070963,65.12820374462886,34.546694330477024,160.94224399970665,90.01259946985115
12,6416.968067419713,0.0,-12.0,0.32811949416559044,0.31264569937375025,0.5943589586190815,0.5953687125364399,201.73713580557614,29.749514313155416,3.9272472606907485,144.37320366737313
12,6416.968067419713,0.0,-12.0,0.14315068262977004,0.2932522981859116,0.6419429334363623,0.635926359137664,70.44552354013808,227.34048700678653,177.4520285988415,227.0673848261407
12,6416.968067419713,0.0,-12.0,0.45142365661996625,0.3686519801019825,0.6048400906477456,0.623040715938035,79.92390449188977,23.525038303144783,9.094609026047667,143.883171160541
12,6416.968067419713,0.0,-12.0,0.14315068262977004,0.29340031950181983,0.6329443260918861,0.635926359137664,73.25926892973654,218.99624567300762,167.77221590234427,74.10231446937651
12,6416.968067419713,0.0,-12.0,0.3291852890445658,0.29340031950181983,0.6464097117860007,0.6217316163312401,36.90692909350747,218.5936728604233,161.07074501652525,56.151869402704385
12,6416.968067419713,0.0,-12.0,0.13205503177778644,0.23544268884126446,0.6244700266160077,0.6035474223703817,67.72235654237299,78.6227324728403,7.62230267062877,193.36687525621969
12,6416.968067419713,0.0,-12.0,0.43446515259011176,0.29367353301323795,0.6409385835982608,0.636746611399727,57.4167618570114,5.546849853497511,130.672813757757,227.00550467267936
12,6416.968067419713,0.0,-12.0,0.3291852890445658,0.2935588993409037,0.6464097117860007,0.6071979292360488,36.90692909350747,216.188865008277,161.07074501652525,57.340863543845174
12,80.41334899952226,59.54300785459879,-12.0,0.18946970676602232,0.26817730738870926,0.18029764148905775,0.16802177703620674,79.13208767561659,5.510566770480259,81.24592398217747,118.96015583157765
12,6416.968067419714,0.0,-12.0,0.13667143276222155,0.29340031950181983,0.6464099982758538,0.6225960532985139,56.80998922604987,218.5936728604233,162.80945434693524,222.44275854293187
12,6416.968067419714,0.0,-12.0,0.3321816523206549,0.29340031950181983,0.6329443260918861,0.6129247731707653,73.25926892973654,64.2568814534639,73.45273677909549,74.10231446937651
12,6416.968067419714,0.0,-12.0,0.13494375346167967,0.2361124715619649,0.646245336434067,0.5885599960767134,83.29346155820203,204.1011631663967,143.67399036726226,234.93849076667524
12,6416.968067419714,0.0,-12.0,0.1320614951378252,0.2358228244821217,0.6461403404047613,0.6225960532985139,69.83745743990039,213.56219764389647,176.783665142726,234.8185267913069
12,6416.968067419714,0.0,-12.0,0.19207942422858612,0.23268874543818355,0.6464097117860007,0.6225925525630258,83.85697337473415,218.5936728604233,3.8400298412627905,234.86041220590687
12,6416.968067419714,0.0,-12.0,0.18587858371785085,0.3686519801019825,0.645380078841887,0.6224814148674688,79.29116813023418,43.00713175525646,13.630159176960483,144.41706359743932
12,6416.968067419714,0.0,-12.0,0.13678564756988285,0.2941882634451177,0.646245336434067,0.6140481471253498,95.2774189944472,203.37555041981204,162.80945434693524,234.93849076667524
12,6416.968067419714,0.0,-12.0,0.6201152196126997,0.2599616399770625,0.6373462046236659,0.6093622989518426,55.45907346447124,12.155092169661202,127.47064216126532,222.61645243165637
12,6416.968067419714,0.0,-12.0,0.3422089869617556,0.3580811299565786,0.6371499897073057,0.5929698629862528,26.641002590485332,105.36334599413895,71.08492776615701,30.246672925881484
12,6416.968067419714,0.0,-12.0,0.13667143276222155,0.2638644737510735,0.5920480036433277,0.6271594297129158,69.88863968548462,218.5936728604233,161.53573925656778,95.74676914553251
13,6416.968067419712,0.0,-12.0,0.18587858371785085,0.3686519801019825,0.636357531745678,0.6224814148674688,80.11400135648871,21.207840818603316,13.630159176960483,144.34531657461807
13,65.41034962974292,56.15583852656656,-12.0,0.19369724219128429,0.26978735165214657,0.20486015330162238,0.19770162072192665,67.61912809545674,2.4167529675758814,14.726803338231619,69.99986352300066
13,79.01687471666308,64.24174920793047,-12.0,0.1760470526729393,0.2696834640114678,0.20486015330162238,0.16802177703620674,79.76740088838554,21.8701539393626,9.629345383876746,69.99986352300066
13,6416.968067419713,0.0,-12.0,0.13205503177778644,0.23544268884126446,0.6244700266160077,0.6088571496494285,67.72235654237299,78.6227324728403,5.1707307488116925,193.36687525621969
13,6416.968067419713,0.0,-12.0,0.1402270365105145,0.29316186207204925,0.6464097117860007,0.6100410693134449,69.88013048977632,218.5936728604233,133.7959178385797,217.81542865177164
13,79.7584387380968,56.49556077281858,-12.0,0.19126711719737235,0.26446586289483465,0.20486015330162238,0.20416936840754105,69.6217164783331,9.43246586045938,86.11729519586433,95.66934183573224
13,79.7584387380968,56.49556077281858,-12.0,0.1925808296623298,0.2682461773440413,0.20486015330162238,0.16802177703620674,69.60957160354641,9.063867922922313,86.11729519586433,95.66934183573224
13,79.42299380307573,59.19684199262547,-12.0,0.19126711719737235,0.2501866176210102,0.20486015330162238,0.20416936840754105,67.42617534235393,9.43246586045938,70.5776835963636,95.66934183573224
13,6416.968067419713,0.0,-12.0,0.6079798167913275,0.2771739115396337,0.6492133980780883,0.6189489532788803,46.5760350608333,177.1828350001839,163.99490391661038,48.77382439933581
13,6416.968067419713,0.0,-12.0,0.13667143276222155,0.29343809068034626,0.5920480036433277,0.6260776245254452,69.88863968548462,218.5936728604233,162.78395942975908,38.09145998396028
13,6416.968067419713,0.0,-12.0,0.44874695296017947,0.2599616399770625,0.6373462046236659,0.6093622989518426,57.4088347556259,9.164715296701536,130.672813757757,222.61645243165637
13,6416.968067419713,0.0,-12.0,0.13205503177778644,0.23544268884126446,0.6244700266160077,0.6089738244174743,67.72235654237299,78.6227324728403,5.1707307488116925,193.36687525621969
13,6416.968067419713,0.0,-12.0,0.13205503177778644,0.23544268884126446,0.6244700266160077,0.6035474223703817,67.72235654237299,78.6227324728403,7.62230267062877,193.36687525621969
13,6416.968067419713,0.0,-12.0,0.14315068262977004,0.29325414372257724,0.6419429334363623,0.635926359137664,70.44552354013808,227.34048700678653,177.4520285988415,227.0673848261407
13,6416.968067419713,0.0,-12.0,0.45142365661996625,0.3686519801019825,0.6048400906477456,0.623040715938035,79.92390449188977,23.525038303144783,9.094609026047667,143.883171160541
13,6416.968067419713,0.0,-12.0,0.14315068262977004,0.2933984739651541,0.633067813680892,0.635926359137664,65.12820374462886,218.5936728604233,167.77221590234427,90.01259946985115
13,6416.968067419713,0.0,-12.0,0.6079798167913275,0.27734445873756713,0.6492133980780883,0.61866305184062,47.16204881888367,177.1828350001839,170.0366305516023,43.62099912373407
13,6416.968067419713,0.0,-12.0,0.1320614951378252,0.2358228244821217,0.6464097117860007,0.6225960532985139,69.83745743990039,218.5936728604233,3.8400298412627905,234.86041220590687
13,6416.968067419713,0.0,-12.0,0.3291852890445658,0.29339611617124717,0.6464097117860007,0.6217658755266856,36.90692909350747,218.5936728604233,161.07074501652525,57.340863543845174
13,6416.968067419713,0.0,-12.0,0.3291852890445658,0.2935535080520716,0.6464097117860007,0.6226082620639494,37.584238803934674,32.47255153957464,161.07074501652525,48.27487803590518
13,6416.968067419713,0.0,-12.0,0.13667143276222155,0.29340031950181983,0.6464097117860007,0.6225960532985139,70.00693158680339,216.7924602755562,163.9308409202238,234.86041220590687
13,6416.968067419713,0.0,-12.0,0.18277471691032962,0.36324705714012645,0.6417761243793196,0.6093622989518426,96.34352613113074,9.164715296701536,130.672813757757,227.13220776622532
13,6416.968067419713,0.0,-12.0,0.14315068262977004,0.29340031950181983,0.633067813680892,0.6367128287070963,65.12820374462886,34.546694330477024,160.94224399970665,90.01259946985115
13,6416.968067419713,0.0,-12.0,0.3291852890445658,0.2935588993409037,0.6464097117860007,0.6071979292360488,36.90692909350747,216.188865008277,161.07074501652525,57.340863543845174
13,6416.968067419713,0.0,-12.0,0.14315068262977004,0.3607656319358493,0.633067813680892,0.6361885900760456,64.96306344067533,218.5936728604233,166.3441253925615,87.4405587172252
13,6416.968067419713,0.0,-12.0,0.14315068262977004,0.29340031950181983,0.633067813680892,0.635926359137664,65.12820374462886,218.5936728604233,167.77221590234427,90.01259946985115
13,6416.968067419713,0.0,-12.0,0.13667143276222155,0.29340031950181983,0.6464097117860007,0.6225960532985139,69.88863968548462,218.5936728604233,162.80945434693524,234.86041220590687
13,6416.968067419713,0.0,-12.0,0.43446515259011176,0.29367353301323795,0.6409385835982608,0.636746611399727,57.4167618570114,5.546849853497511,130.672813757757,227.00550467267936
13,6416.968067419713,0.0,-12.0,0.13667143276222155,0.29343809068034626,0.6464097117860007,0.6260776245254452,69.88863968548462,218.5936728604233,162.78395942975908,114.28003999175505
13,6416.968067419713,0.0,-12.0,0.3291852890445658,0.29340031950181983,0.6464097117860007,0.6225960532985139,36.90692909350747,218.5936728604233,161.07074501652525,57.340863543845174
13,6416.968067419713,0.0,-12.0,0.4509839074403601,0.2776918358018787,0.6409659560314362,0.6093622989518426,57.36209962104486,5.546849853497511,130.672813757757,222.61645243165637
13,6416.968067419713,0.0,-12.0,0.4509839074403601,0.2599616399770625,0.6409659560314362,0.6093622989518426,57.36209962104486,5.546849853497511,130.672813757757,222.61645243165637
13,6416.968067419713,0.0,-12.0,0.14315068262977004,0.2932522981859116,0.6417720966619048,0.635926359137664,65.12820374462886,218.5936728604233,177.4520285988415,81.42522297195526
13,6416.968067419713,0.0,-12.0,0.3291852890445658,0.29340031950181983,0.6464097117860007,0.6217316163312401,36.90692909350747,218.5936728604233,161.07074501652525,56.151869402704385
13,6416.968067419713,0.0,-12.0,0.14315068262977004,0.2932522981859116,0.6419429334363623,0.635926359137664,70.44552354013808,227.34048700678653,177.4520285988415,227.0673848261407
13,6416.968067419713,0.0,-12.0,0.1402270365105145,0.2931547299666829,0.6464097117860007,0.6100410693134449,69.24162633866872,218.5936728604233,132.335480477081,211.40838648503836
13,6416.968067419713,0.0,-12.0,0.14315068262977004,0.29340031950181983,0.6329443260918861,0.635926359137664,73.25926892973654,218.99624567300762,167.77221590234427,74.10231446937651
13,6416.968067419713,0.0,-12.0,0.18277471691032962,0.36096550750859036,0.6417761243793196,0.6093622989518426,95.75317143949907,9.164715296701536,130.0149953188919,227.13220776622532
13,6416.968067419713,0.0,-12.0,0.6079798167913275,0.2773324864412259,0.6492546632683066,0.6186816313108806,46.5760350608333,176.78026174944978,163.99490391661038,43.20140705581208
13,6416.968067419713,0.0,-12.0,0.14315068262977004,0.2932522981859116,0.6417720966619048,0.635926359137664,65.12820374462886,223.9475586024652,177.4520285988415,81.42522297195526
13,6416.968067419713,0.0,-12.0,0.32811949416559044,0.3686519801019825,0.5941959594347278,0.5953687125364399,201.73713580557614,24.673509743037858,174.7987489208292,144.34531657461807
13,6416.968067419713,0.0,-12.0,0.6079798167913275,0.2773324864412259,0.6492133980780883,0.6186816313108806,46.5760350608333,177.1828350001839,163.99490391661038,43.62099912373407
13,6416.968067419713,0.0,-12.0,0.18266050210437942,0.36245911319682855,0.6419404997101669,0.6227238946124267,70.95474682216822,25.120424341193768,130.672813757757,227.05412920545507
13,6416.968067419713,0.0,-12.0,0.45142365661996625,0.3686519801019825,0.6048400906477456,0.6224814148674688,80.11400135648871,21.207840818603316,9.641323218035097,144.34531657461807
13,6416.968067419713,0.0,-12.0,0.13205503177778644,0.23544268884126446,0.6244700266160077,0.603430747602336,67.72235654237299,78.6227324728403,7.62230267062877,193.36687525621969
13,6416.968067419713,0.0,-12.0,0.533914289968222,0.29403480967780327,0.6492518931466048,0.6218003606382617,36.90692909350747,42.57987030900988,161.00232797034684,52.080049920412975
13,6416.968067419713,0.0,-12.0,0.32811949416559044,0.31264569937375025,0.5943589586190815,0.5953687125364399,201.73713580557614,29.749514313155416,3.9272472606907485,144.37320366737313
13,6416.968067419713,0.0,-12.0,0.3251074934504838,0.2768469814849215,0.6437192711188596,0.61865935496474,46.5760350608333,176.78026174944978,164.06332096278882,43.20140705581208
14,6416.968067419712,0.0,-12.0,0.18587858371785085,0.3686519801019825,0.636357531745678,0.6224814148674688,80.11400135648871,21.207840818603316,13.630159176960483,144.34531657461807
14,65.41034962974292,56.15583852656656,-12.0,0.19369724219128429,0.26978735165214657,0.20486015330162238,0.19770162072192665,67.61912809545674,2.4167529675758814,14.726803338231619,69.99986352300066
14,6416.9680674197125,0.0,-12.0,0.1426862125040569,0.2933984739651541,0.633067813680892,0.6379468265242532,65.12820374462886,29.070797725904526,167.09649087578765,240.2155725310469
14,6416.9680674197125,0.0,-12.0,0.18607603102959497,0.36666857581365425,0.6329241711763404,0.6183366691374602,80.11400135648871,21.207840818603316,13.630159176960483,144.34531657461807
14,72.3725059920605,56.15583852656656,-12.0,0.19369724219128429,0.26978735165214657,0.20486015330162238,0.19770162072192665,67.61912809545674,8.259416487255152,7.926165023800067,74.54567610696894
14,6416.968067419713,0.0,-12.0,0.13205503177778644,0.23544268884126446,0.6244700266160077,0.6088571496494285,67.72235654237299,78.6227324728403,5.1707307488116925,193.36687525621969
14,79.01687471666308,64.24174920793047,-12.0,0.1760470526729393,0.2696834640114678,0.20486015330162238,0.16802177703620674,79.76740088838554,21.8701539393626,9.629345383876746,69.99986352300066
14,6416.968067419713,0.0,-12.0,0.3251074934504838,0.2768469814849215,0.6339549614416542,0.61865935496474,46.5760350608333,176.78026174944978,164.21281196244004,98.61139874936812
14,79.7584387380968,56.49556077281858,-12.0,0.1925808296623298,0.2682461773440413,0.20486015330162238,0.16802177703620674,69.60957160354641,9.063867922922313,86.11729519586433,95.66934183573224
14,79.7584387380968,56.49556077281858,-12.0,0.19126711719737235,0.26446586289483465,0.20486015330162238,0.20416936840754105,69.6217164783331,9.43246586045938,86.11729519586433,95.66934183573224
14,79.42299380307573,59.19684199262547,-12.0,0.19126711719737235,0.2501866176210102,0.20486015330162238,0.18073548248249086,67.42617534235393,9.43246586045938,70.5776835963636,95.66934183573224
14,79.42299380307573,59.19684199262547,-12.0,0.19126711719737235,0.2501866176210102,0.20486015330162238,0.20416936840754105,67.42617534235393,9.43246586045938,70.5776835963636,95.66934183573224
14,6416.968067419713,0.0,-12.0,0.14315068262977004,0.2932522981859116,0.6419429334363623,0.635926359137664,70.44552354013808,227.34048700678653,177.4520285988415,227.0673848261407
14,6416.968067419713,0.0,-12.0,0.3291852890445658,0.2935535080520716,0.6464097117860007,0.6226082620639494,37.584238803934674,32.47255153957464,161.07074501652525,48.27487803590518
14,6416.968067419713,0.0,-12.0,0.1320614951378252,0.2358228244821217,0.6464097117860007,0.6225960532985139,69.83745743990039,218.5936728604233,3.8400298412627905,234.86041220590687
14,6416.968067419713,0.0,-12.0,0.1925808296623298,0.3311348113867659,0.6240642713337342,0.594310116945268,69.60957160354641,80.5985198167839,99.50482114789843,95.66934183573224
14,6416.968067419713,0.0,-12.0,0.13667143276222155,0.29343809068034626,0.6464097117860007,0.6260776245254452,69.88863968548462,218.5936728604233,162.78395942975908,114.28003999175505
14,6416.968067419713,0.0,-12.0,0.13205503177778644,0.23544268884126446,0.6244700266160077,0.6089738244174743,67.72235654237299,78.6227324728403,5.1707307488116925,193.36687525621969
14,6416.968067419713,0.0,-12.0,0.3251074934504838,0.2768469814849215,0.6437192711188596,0.61865935496474,46.5760350608333,176.78026174944978,164.06332096278882,43.20140705581208
14,6416.968067419713,0.0,-12.0,0.43446515259011176,0.29367353301323795,0.6409385835982608,0.636746611399727,57.4167618570114,5.546849853497511,130.672813757757,227.00550467267936
14,6416.968067419713,0.0,-12.0,0.3291852890445658,0.2935588993409037,0.6464097117860007,0.6071979292360488,36.90692909350747,216.188865008277,161.07074501652525,57.340863543845174
14,6416.968067419713,0.0,-12.0,0.13205503177778644,0.23544268884126446,0.6244700266160077,0.603430747602336,67.72235654237299,78.6227324728403,7.62230267062877,193.36687525621969
14,6416.968067419713,0.0,-12.0,0.14315068262977004,0.2932522981859116,0.6417720966619048,0.635926359137664,65.12820374462886,223.9475586024652,177.4520285988415,81.42522297195526
14,6416.968067419713,0.0,-12.0,0.14315068262977004,0.29325414372257724,0.6419429334363623,0.635926359137664,70.44552354013808,227.34048700678653,177.4520285988415,227.0673848261407
14,6416.968067419713,0.0,-12.0,0.3291852890445658,0.29340031950181983,0.6464097117860007,0.6225960532985139,36.90692909350747,218.5936728604233,161.07074501652525,57.340863543845174
14,6416.968067419713,0.0,-12.0,0.14315068262977004,0.29340031950181983,0.6329443260918861,0.635926359137664,73.25926892973654,218.99624567300762,167.77221590234427,74.10231446937651
14,6416.968067419713,0.0,-12.0,0.3291852890445658,0.29339611617124717,0.6464097117860007,0.6217658755266856,36.90692909350747,218.5936728604233,161.07074501652525,57.340863543845174
14,6416.968067419713,0.0,-12.0,0.18587858371785085,0.3686519801019825,0.6238040053005462,0.6224814148674688,80.11400135648871,21.207840818603316,12.339828739381488,144.34531657461807
14,6416.968067419713,0.0,-12.0,0.1402270365105145,0.3578074317224117,0.6408917492892531,0.6100410693134449,69.88013048977632,222.83819118683695,133.7959178385797,217.81542865177164
14,6416.968067419713,0.0,-12.0,0.14315068262977004,0.2933984739651541,0.633067813680892,0.635926359137664,65.12820374462886,218.5936728604233,167.77221590234427,90.01259946985115
14,6416.968067419713,0.0,-12.0,0.4509839074403601,0.2776918358018787,0.6409659560314362,0.6093622989518426,57.36209962104486,5.546849853497511,130.672813757757,222.61645243165637
14,6416.968067419713,0.0,-12.0,0.45142365661996625,0.3686519801019825,0.6048400906477456,0.6224814148674688,80.11400135648871,21.207840818603316,9.641323218035097,144.34531657461807
14,6416.968067419713,0.0,-12.0,0.13667143276222155,0.29343809068034626,0.5920480036433277,0.6260776245254452,69.88863968548462,218.5936728604233,162.78395942975908,38.09145998396028
14,6416.968067419713,0.0,-12.0,0.14315068262977004,0.3607656319358493,0.633067813680892,0.6361885900760456,64.96306344067533,218.5936728604233,166.3441253925615,87.4405587172252
14,6416.968067419713,0.0,-12.0,0.32811949416559044,0.31264569937375025,0.5943589586190815,0.5953687125364399,201.73713580557614,29.749514313155416,3.9272472606907485,144.37320366737313
14,6416.968067419713,0.0,-12.0,0.6079798167913275,0.27734445873756713,0.6492133980780883,0.61866305184062,47.16204881888367,177.1828350001839,170.0366305516023,43.62099912373407
14,6416.968067419713,0.0,-12.0,0.14315068262977004,0.2932522981859116,0.6417720966619048,0.635926359137664,65.12820374462886,218.5936728604233,177.4520285988415,81.42522297195526
14,6416.968067419713,0.0,-12.0,0.6079798167913275,0.2771739115396337,0.6492133980780883,0.6189489532788803,46.5760350608333,177.1828350001839,163.99490391661038,48.77382439933581
14,6416.968067419713,0.0,-12.0,0.44874695296017947,0.2599616399770625,0.6373462046236659,0.6093622989518426,57.4088347556259,9.164715296701536,130.672813757757,222.61645243165637
14,6416.968067419713,0.0,-12.0,0.3291852890445658,0.29340031950181983,0.6464097117860007,0.6217316163312401,36.90692909350747,218.5936728604233,161.07074501652525,56.151869402704385
14,6416.968067419713,0.0,-12.0,0.6079798167913275,0.2773324864412259,0.6492133980780883,0.6186816313108806,46.5760350608333,177.1828350001839,163.99490391661038,43.62099912373407
14,6416.968067419713,0.0,-12.0,0.44874695296017947,0.2599616399770625,0.6373462046236659,0.621622666965975,57.39825945865282,9.164715296701536,130.672813757757,45.56003882852907
14,6416.968067419713,0.0,-12.0,0.13205503177778644,0.23544268884126446,0.6244700266160077,0.6035474223703817,67.72235654237299,78.6227324728403,7.62230267062877,193.36687525621969
14,6416.968067419713,0.0,-12.0,0.1367675858209882,0.27490876811187026,0.6409659560314362,0.6089686690081868,56.768442753394126,5.546849853497511,13.063678702195617,226.09589680859298
14,6416.968067419713,0.0,-12.0,0.49209857915123517,0.2936508909426276,0.6324138570901571,0.636746611399727,57.4167618570114,5.294532186620594,161.2473949992656,238.22952803125264
14,6416.968067419713,0.0,-12.0,0.533914289968222,0.29403480967780327,0.6492518931466048,0.6218003606382617,36.90692909350747,42.57987030900988,161.00232797034684,52.080049920412975
14,6416.968067419713,0.0,-12.0,0.18277471691032962,0.36324705714012645,0.6417761243793196,0.6093622989518426,96.34352613113074,9.164715296701536,130.672813757757,227.13220776622532
14,6416.968067419713,0.0,-12.0,0.533914289968222,0.29403480967780327,0.6492518931466048,0.609539992624129,36.9175043904885,42.57987030900988,161.00232797034684,228.96370178077535
15,6416.968067419712,0.0,-12.0,0.18587858371785085,0.3686519801019825,0.636357531745678,0.6224814148674688,80.11400135648871,21.207840818603316,13.630159176960483,144.34531657461807
15,65.41034962974292,56.15583852656656,-12.0,0.19369724219128429,0.26978735165214657,0.20486015330162238,0.19770162072192665,67.61912809545674,2.4167529675758814,14.726803338231619,69.99986352300066
15,64.80726492681937,59.78557817858081,-12.0,0.15047475799167115,0.2699535164844454,0.20486015330162238,0.19347081027873972,67.61912809545674,2.4167529675758814,26.37009431391879,69.99986352300066
15,6416.968067419712,0.0,-12.0,0.18587858371785085,0.3686519801019825,0.6360874772241578,0.6224814148674688,80.11400135648871,21.207840818603316,13.630159176960483,144.34531657461807
15,66.69044625584753,56.15583852656656,-12.0,0.1937050318658863,0.24997015558082114,0.20486015330162238,0.19770162072192665,67.61912809545674,8.259416487255152,7.926165023800067,74.54567610696894
15,6416.9680674197125,0.0,-12.0,0.1426862125040569,0.2933984739651541,0.633067813680892,0.6379468265242532,65.12820374462886,29.070797725904526,167.09649087578765,240.2155725310469
15,6416.9680674197125,0.0,-12.0,0.18607603102959497,0.36666857581365425,0.6329241711763404,0.6183366691374602,80.11400135648871,21.207840818603316,13.630159176960483,144.34531657461807
15,6416.968067419713,0.0,-12.0,0.13205503177778644,0.23544268884126446,0.6244700266160077,0.6088571496494285,67.72235654237299,78.6227324728403,5.1707307488116925,193.36687525621969
15,6416.968067419713,0.0,-12.0,0.18587858371785085,0.4055216049393117,0.6233384975575093,0.6224814148674688,80.11400135648871,21.207840818603316,12.339828739381488,142.70611032170154
15,72.3725059920605,56.15583852656656,-12.0,0.19369724219128429,0.26978735165214657,0.20486015330162238,0.19770162072192665,67.61912809545674,8.259416487255152,7.926165023800067,74.54567610696894
15,6416.968067419713,0.0,-12.0,0.3291852890445658,0.2935535080520716,0.6464097117860007,0.6226082620639494,37.584238803934674,32.47255153957464,161.07074501652525,48.27487803590518
15,6416.968067419713,0.0,-12.0,0.3251074934504838,0.2768469814849215,0.6437192711188596,0.61865935496474,46.5760350608333,176.78026174944978,164.06332096278882,43.20140705581208
15,6416.968067419713,0.0,-12.0,0.533914289968222,0.29403480967780327,0.6492518931466048,0.609539992624129,36.9175043904885,42.57987030900988,161.00232797034684,228.96370178077535
15,6416.968067419713,0.0,-12.0,0.1320614951378252,0.2358228244821217,0.6464097117860007,0.6225960532985139,69.83745743990039,218.5936728604233,3.8400298412627905,234.86041220590687
15,6416.968067419713,0.0,-12.0,0.4509839074403601,0.2776918358018787,0.6409659560314362,0.6093622989518426,57.36209962104486,5.546849853497511,130.672813757757,222.61645243165637
15,6416.968067419713,0.0,-12.0,0.6079798167913275,0.2773324864412259,0.6492133980780883,0.6186816313108806,46.5760350608333,177.1828350001839,163.99490391661038,43.62099912373407
15,6416.968067419713,0.0,-12.0,0.14315068262977004,0.2932522981859116,0.6417720966619048,0.635926359137664,65.12820374462886,218.5936728604233,177.4520285988415,81.42522297195526
15,6416.968067419713,0.0,-12.0,0.14315068262977004,0.29340031950181983,0.6329443260918861,0.635926359137664,73.25926892973654,218.99624567300762,167.77221590234427,74.10231446937651
15,6416.968067419713,0.0,-12.0,0.18277471691032962,0.36324705714012645,0.6417761243793196,0.6093622989518426,96.34352613113074,9.164715296701536,130.672813757757,227.13220776622532
15,6416.968067419713,0.0,-12.0,0.14315068262977004,0.29325414372257724,0.6419429334363623,0.635926359137664,70.44552354013808,227.34048700678653,177.4520285988415,227.0673848261407
15,6416.968067419713,0.0,-12.0,0.13205503177778644,0.23544268884126446,0.6244700266160077,0.6035245281405628,67.72235654237299,78.6227324728403,4.176728208232387,186.94588156750925
15,6416.968067419713,0.0,-12.0,0.3291852890445658,0.29340031950181983,0.6464097117860007,0.6225960532985139,36.90692909350747,218.5936728604233,161.07074501652525,57.340863543845174
15,6416.968067419713,0.0,-12.0,0.13205503177778644,0.23544268884126446,0.6360218377024895,0.6088571496494285,67.72235654237299,20.57330977996031,5.1707307488116925,193.36687525621969
15,6416.968067419713,0.0,-12.0,0.13667143276222155,0.29343809068034626,0.5920480036433277,0.6260776245254452,69.88863968548462,218.5936728604233,162.78395942975908,38.09145998396028
15,6416.968067419713,0.0,-12.0,0.44874695296017947,0.2599616399770625,0.6373462046236659,0.621622666965975,57.39825945865282,9.164715296701536,130.672813757757,45.56003882852907
15,6416.968067419713,0.0,-12.0,0.49209857915123517,0.2936508909426276,0.6324138570901571,0.636746611399727,57.4167618570114,5.294532186620594,161.2473949992656,238.22952803125264
15,6416.968067419713,0.0,-12.0,0.1402270365105145,0.3578074317224117,0.6408917492892531,0.6100410693134449,69.88013048977632,222.83819118683695,133.7959178385797,217.81542865177164
15,6416.968067419713,0.0,-12.0,0.533914289968222,0.29403480967780327,0.6492518931466048,0.6218003606382617,36.90692909350747,42.57987030900988,161.00232797034684,52.080049920412975
15,6416.968067419713,0.0,-12.0,0.1426862125040569,0.3434632609737639,0.632558336195258,0.5816615566134583,36.96670330724504,213.0358910970769,167.09649087578765,240.2155725310469
15,6416.968067419713,0.0,-12.0,0.14315068262977004,0.2932522981859116,0.6419429334363623,0.635926359137664,70.44552354013808,227.34048700678653,177.4520285988415,227.0673848261407
15,6416.968067419713,0.0,-12.0,0.13667143276222155,0.2767504841069381,0.6464271621267785,0.6260776245254452,69.88863968548462,219.48515441839675,162.81161893491677,114.28003999175505
15,6416.968067419713,0.0,-12.0,0.3251074934504838,0.2768469814849215,0.6339549614416542,0.61865935496474,46.5760350608333,176.78026174944978,164.21281196244004,98.61139874936812
15,6416.968067419713,0.0,-12.0,0.13667143276222155,0.29343809068034626,0.6464097117860007,0.6260776245254452,69.88863968548462,218.5936728604233,162.78395942975908,114.28003999175505
15,6416.968067419713,0.0,-12.0,0.14315068262977004,0.29325414372257724,0.6419429334363623,0.635926359137664,70.44552354013808,227.34048700678653,177.39824403572177,55.83139845819612
15,6416.968067419713,0.0,-12.0,0.14315068262977004,0.2933984739651541,0.633067813680892,0.635926359137664,65.12820374462886,218.5936728604233,167.77221590234427,90.01259946985115
15,6416.968067419713,0.0,-12.0,0.6079798167913275,0.27734445873756713,0.6492133980780883,0.61866305184062,47.16204881888367,177.1828350001839,170.0366305516023,43.62099912373407
15,6416.968067419713,0.0,-12.0,0.44874695296017947,0.2599616399770625,0.6373462046236659,0.6093622989518426,57.4088347556259,9.164715296701536,130.672813757757,222.61645243165637
15,6416.968067419713,0.0,-12.0,0.13205503177778644,0.23544268884126446,0.6244700266160077,0.6035474223703817,67.72235654237299,78.6227324728403,7.62230267062877,193.36687525621969
15,6416.968067419713,0.0,-12.0,0.14315068262977004,0.3607656319358493,0.633067813680892,0.6361885900760456,64.96306344067533,218.5936728604233,166.3441253925615,87.4405587172252
15,6416.968067419713,0.0,-12.0,0.1925808296623298,0.3311348113867659,0.6240642713337342,0.594310116945268,69.60957160354641,80.5985198167839,99.50482114789843,95.66934183573224
15,6416.968067419713,0.0,-12.0,0.45142365661996625,0.3686519801019825,0.6048400906477456,0.6224814148674688,80.11400135648871,21.207840818603316,9.641323218035097,144.34531657461807
15,6416.968067419713,0.0,-12.0,0.1367675858209882,0.27490876811187026,0.6409659560314362,0.6089686690081868,56.768442753394126,5.546849853497511,13.063678702195617,226.09589680859298
15,6416.968067419713,0.0,-12.0,0.13205503177778644,0.23544268884126446,0.6244700266160077,0.603430747602336,67.72235654237299,78.6227324728403,7.62230267062877,193.36687525621969
15,6416.968067419713,0.0,-12.0,0.14315068262977004,0.2932522981859116,0.6417720966619048,0.635926359137664,65.12820374462886,223.9475586024652,177.4520285988415,81.42522297195526
15,6416.968067419713,0.0,-12.0,0.32811949416559044,0.31264569937375025,0.5943589586190815,0.5953687125364399,201.73713580557614,29.749514313155416,3.9272472606907485,144.37320366737313
15,6416.968067419713,0.0,-12.0,0.43446515259011176,0.29367353301323795,0.6409385835982608,0.636746611399727,57.4167618570114,5.546849853497511,130.672813757757,227.00550467267936
15,6416.968067419713,0.0,-12.0,0.6079798167913275,0.2771739115396337,0.6492133980780883,0.6189489532788803,46.5760350608333,177.1828350001839,163.99490391661038,48.77382439933581
15,6416.968067419713,0.0,-12.0,0.1320614951378252,0.236366208841378,0.6468627931974882,0.6225960532985139,69.83745743990039,218.5936728604233,3.8400298412627905,236.46316745507153
16,6416.968067419712,0.0,-12.0,0.18587858371785085,0.3686519801019825,0.636357531745678,0.6224814148674688,80.11400135648871,21.207840818603316,13.630159176960483,144.34531657461807
16,6416.968067419712,0.0,-12.0,0.18587858371785085,0.3686519801019825,0.6360874772241578,0.6224814148674688,80.11400135648871,21.207840818603316,13.630159176960483,144.34531657461807
16,57.00260260116786,53.69063047411192,-12.0,0.19369724219128429,0.26978735165214657,0.20304850038571373,0.19770162072192665,49.33428397907118,2.4167529675758814,13.537570904110025,55.82202951220819
16,6416.968067419712,0.0,-12.0,0.18587858371785085,0.3686519801019825,0.6363577274363891,0.6224814148674688,80.11400135648871,21.207840818603316,13.630159176960483,144.34531657461807
16,65.41034962974292,56.15583852656656,-12.0,0.19369724219128429,0.26978735165214657,0.20486015330162238,0.19770162072192665,67.61912809545674,2.4167529675758814,14.726803338231619,69.99986352300066
16,64.80726492681937,59.78557817858081,-12.0,0.15047475799167115,0.2699535164844454,0.20486015330162238,0.19347081027873972,67.61912809545674,2.4167529675758814,26.37009431391879,69.99986352300066
16,64.80726492681937,59.78557817858081,-12.0,0.15047475799167115,0.26978759601070074,0.20486015330162238,0.19347081027873972,67.61912809545674,2.4167529675758814,26.37009431391879,69.99986352300066
16,6416.9680674197125,0.0,-12.0,0.1426862125040569,0.2933984739651541,0.633067813680892,0.6379468265242532,65.12820374462886,29.070797725904526,167.09649087578765,240.2155725310469
16,6416.9680674197125,0.0,-12.0,0.18607603102959497,0.36666857581365425,0.6329241711763404,0.6183366691374602,80.11400135648871,21.207840818603316,13.630159176960483,144.34531657461807
16,6416.9680674197125,0.0,-12.0,0.18607603102959497,0.36666857581365425,0.6335691612889434,0.6183366691374602,80.11400135648871,21.207840818603316,13.630159176960483,144.34531657461807
16,6416.968067419713,0.0,-12.0,0.1402270365105145,0.35859180620266423,0.6394886898534615,0.6100410693134449,79.82315922897085,37.27205762148964,133.4143436029123,217.81542865177164
16,6416.968067419713,0.0,-12.0,0.13205503177778644,0.23544268884126446,0.6244700266160077,0.6088571496494285,67.72235654237299,78.6227324728403,5.1707307488116925,193.36687525621969
16,66.69044625584753,56.15583852656656,-12.0,0.1937050318658863,0.24997015558082114,0.20486015330162238,0.19770162072192665,67.61912809545674,8.259416487255152,7.926165023800067,74.54567610696894
16,6416.968067419713,0.0,-12.0,0.13205503177778644,0.23544268884126446,0.6244700266160077,0.603430747602336,67.72235654237299,78.6227324728403,7.62230267062877,193.36687525621969
16,6416.968067419713,0.0,-12.0,0.14315068262977004,0.29325414372257724,0.6419429334363623,0.635926359137664,70.44552354013808,227.34048700678653,177.39824403572177,55.83139845819612
16,6416.968067419713,0.0,-12.0,0.14315068262977004,0.29325414372257724,0.6419429334363623,0.635926359137664,70.44552354013808,227.34048700678653,177.4520285988415,227.0673848261407
16,6416.968067419713,0.0,-12.0,0.14315068262977004,0.29340031950181983,0.6329443260918861,0.635926359137664,73.25926892973654,218.99624567300762,167.77221590234427,74.10231446937651
16,6416.968067419713,0.0,-12.0,0.32811949416559044,0.31264569937375025,0.5943589586190815,0.5953687125364399,201.73713580557614,29.749514313155416,3.9272472606907485,144.37320366737313
16,6416.968067419713,0.0,-12.0,0.1320614951378252,0.236366208841378,0.6468627931974882,0.6225960532985139,69.83745743990039,218.5936728604233,3.8400298412627905,236.46316745507153
16,6416.968067419713,0.0,-12.0,0.13667143276222155,0.29343809068034626,0.6464097117860007,0.6260776245254452,69.88863968548462,218.5936728604233,162.78395942975908,114.28003999175505
16,6416.968067419713,0.0,-12.0,0.3291852890445658,0.2935535080520716,0.6464097117860007,0.6226082620639494,37.584238803934674,32.47255153957464,161.07074501652525,48.27487803590518
16,6416.968067419713,0.0,-12.0,0.18277471691032962,0.36324705714012645,0.6417761243793196,0.6093622989518426,96.34352613113074,9.164715296701536,130.672813757757,227.13220776622532
16,6416.968067419713,0.0,-12.0,0.49209857915123517,0.2936508909426276,0.6324138570901571,0.636746611399727,57.4167618570114,5.294532186620594,161.2473949992656,238.22952803125264
16,6416.968067419713,0.0,-12.0,0.14315068262977004,0.3607656319358493,0.633067813680892,0.6361885900760456,64.96306344067533,218.5936728604233,166.3441253925615,87.4405587172252
16,6416.968067419713,0.0,-12.0,0.6079798167913275,0.27734445873756713,0.6492133980780883,0.61866305184062,47.16204881888367,177.1828350001839,170.0366305516023,43.62099912373407
16,6416.968067419713,0.0,-12.0,0.14315068262977004,0.2932522981859116,0.6417720966619048,0.635926359137664,65.12820374462886,218.5936728604233,177.4520285988415,81.42522297195526
16,6416.968067419713,0.0,-12.0,0.4509839074403601,0.2776918358018787,0.6406214168682344,0.6093622989518426,57.36209962104486,5.546849853497511,132.92404887783465,222.72153527494027
16,6416.968067419713,0.0,-12.0,0.1925808296623298,0.3311348113867659,0.6240642713337342,0.594310116945268,69.60957160354641,80.5985198167839,99.50482114789843,95.66934183573224
16,6416.968067419713,0.0,-12.0,0.4509839074403601,0.2776918358018787,0.6409659560314362,0.6093622989518426,57.36209962104486,5.546849853497511,130.672813757757,222.61645243165637
16,6416.968067419713,0.0,-12.0,0.3291852890445658,0.29340031950181983,0.6464097117860007,0.6225960532985139,36.90692909350747,218.5936728604233,161.07074501652525,57.340863543845174
16,6416.968067419713,0.0,-12.0,0.6079798167913275,0.2773324864412259,0.6492133980780883,0.6186816313108806,46.5760350608333,177.1828350001839,163.99490391661038,43.62099912373407
16,6416.968067419713,0.0,-12.0,0.533914289968222,0.29403480967780327,0.6492518931466048,0.6218003606382617,36.90692909350747,42.57987030900988,161.00232797034684,52.080049920412975
16,6416.968067419713,0.0,-12.0,0.18547466076531235,0.28913715734064876,0.633067813680892,0.6266980024365515,66.35019206700757,16.93910501013461,167.77221590234427,90.01259946985115
16,6416.968067419713,0.0,-12.0,0.13205503177778644,0.23544268884126446,0.6360218377024895,0.6088571496494285,67.72235654237299,20.57330977996031,5.1707307488116925,193.36687525621969
16,6416.968067419713,0.0,-12.0,0.3251074934504838,0.2768469814849215,0.6437192711188596,0.61865935496474,46.5760350608333,176.78026174944978,164.06332096278882,43.20140705581208
16,6416.968067419713,0.0,-12.0,0.1426862125040569,0.3434632609737639,0.632558336195258,0.5816615566134583,36.96670330724504,213.0358910970769,167.09649087578765,240.2155725310469
16,6416.968067419713,0.0,-12.0,0.14315068262977004,0.2933984739651541,0.633067813680892,0.635926359137664,65.12820374462886,218.5936728604233,167.77221590234427,90.01259946985115
16,6416.968067419713,0.0,-12.0,0.18587858371785085,0.4055216049393117,0.6233384975575093,0.6224814148674688,80.11400135648871,21.207840818603316,12.339828739381488,142.70611032170154
16,6416.968067419713,0.0,-12.0,0.44874695296017947,0.2599616399770625,0.6373462046236659,0.621622666965975,57.39825945865282,9.164715296701536,130.672813757757,45.56003882852907
16,6416.968067419713,0.0,-12.0,0.18345713460892255,0.3686519801019825,0.6351571203682242,0.6224814148674688,81.50556098855967,21.207840818603316,14.819391611082077,143.77714355498017
16,6416.968067419713,0.0,-12.0,0.14315068262977004,0.2932522981859116,0.6419429334363623,0.635926359137664,70.44552354013808,227.34048700678653,177.4520285988415,227.0673848261407
16,6416.968067419713,0.0,-12.0,0.1367675858209882,0.27490876811187026,0.6409659560314362,0.6089686690081868,56.768442753394126,5.546849853497511,13.063678702195617,226.09589680859298
16,6416.968067419713,0.0,-12.0,0.13205503177778644,0.23544268884126446,0.6244700266160077,0.6035474223703817,67.72235654237299,78.6227324728403,7.62230267062877,193.36687525621969
16,6416.968067419713,0.0,-12.0,0.1402270365105145,0.3578074317224117,0.6408917492892531,0.6100410693134449,69.88013048977632,222.83819118683695,133.7959178385797,217.81542865177164
16,6416.968067419713,0.0,-12.0,0.1320614951378252,0.2358228244821217,0.6464097117860007,0.6225960532985139,69.83745743990039,218.5936728604233,3.8400298412627905,234.86041220590687
16,6416.968067419713,0.0,-12.0,0.13667143276222155,0.29343809068034626,0.5920480036433277,0.6260776245254452,69.88863968548462,218.5936728604233,162.78395942975908,38.09145998396028
16,6416.968067419713,0.0,-12.0,0.6079798167913275,0.2771739115396337,0.6492133980780883,0.6189489532788803,46.5760350608333,177.1828350001839,163.99490391661038,48.77382439933581
16,6416.968067419713,0.0,-12.0,0.18587858371785085,0.4055216049393117,0.6226935074448384,0.6224814148674688,80.11400135648871,21.207840818603316,12.339828739381488,142.70611032170154
17,6416.968067419712,0.0,-12.0,0.18587858371785085,0.3686519801019825,0.636357531745678,0.6224814148674688,80.11400135648871,21.207840818603316,13.630159176960483,144.34531657461807
17,6416.968067419712,0.0,-12.0,0.18587858371785085,0.3686519801019825,0.6360874772241578,0.6224814148674688,80.11400135648871,21.207840818603316,13.630159176960483,144.34531657461807
17,57.00260260116786,53.69063047411192,-12.0,0.19369724219128429,0.26978735165214657,0.20304850038571373,0.19770162072192665,49.33428397907118,2.4167529675758814,13.537570904110025,55.82202951220819
17,6416.968067419712,0.0,-12.0,0.18587858371785085,0.3686519801019825,0.6363577274363891,0.6224814148674688,80.11400135648871,21.207840818603316,13.630159176960483,144.34531657461807
17,65.41034962974292,56.15583852656656,-12.0,0.19369724219128429,0.26978735165214657,0.20486015330162238,0.19770162072192665,67.61912809545674,2.4167529675758814,14.726803338231619,69.99986352300066
17,65.41034962974292,56.15583852656656,-12.0,0.19369724219128429,0.26978735165214657,0.21102602371050438,0.19770162072192665,67.61912809545674,2.4167529675758814,14.726803338231619,69.99986352300066
17,59.845186965877005,57.163079190372095,-12.0,0.15047475799167115,0.24990542399881577,0.20486015330162238,0.1975674506308268,67.61912809545674,2.4167529675758814,10.01469557205018,69.99986352300066
17,65.41034962974292,56.15583852656656,-12.0,0.1937050318658863,0.26985232759270616,0.20486015330162238,0.19360498036983953,67.61912809545674,2.0215286149083482,15.861868847080228,74.54567610696894
17,6416.9680674197125,0.0,-12.0,0.1426862125040569,0.2933984739651541,0.633067813680892,0.6379468265242532,65.12820374462886,29.070797725904526,167.09649087578765,240.2155725310469
17,6416.9680674197125,0.0,-12.0,0.18607603102959497,0.36666857581365425,0.6329241711763404,0.6183366691374602,80.11400135648871,21.207840818603316,13.630159176960483,144.34531657461807
17,6416.9680674197125,0.0,-12.0,0.18607603102959497,0.36666857581365425,0.6335691612889434,0.6183366691374602,80.11400135648871,21.207840818603316,13.630159176960483,144.34531657461807
17,6416.9680674197125,0.0,-12.0,0.18832035024337634,0.277097917671601,0.6409659560314362,0.6089686690081868,56.768442753394126,5.573626635277692,13.614095655527505,145.97393306236916
17,64.80726492681937,59.78557817858081,-12.0,0.15047475799167115,0.2699535164844454,0.20486015330162238,0.19347081027873972,67.61912809545674,2.4167529675758814,26.37009431391879,69.99986352300066
17,6416.968067419713,0.0,-12.0,0.1402270365105145,0.35859180620266423,0.6394886898534615,0.6100410693134449,79.82315922897085,37.27205762148964,133.4143436029123,217.81542865177164
17,6416.968067419713,0.0,-12.0,0.14752835959831248,0.3451337294564264,0.6324138570901571,0.6368534057767787,57.4167618570114,10.478820446381434,161.2473949992656,238.22952803125264
17,64.80726492681937,59.78557817858081,-12.0,0.15047475799167115,0.26978759601070074,0.20486015330162238,0.19347081027873972,67.61912809545674,2.4167529675758814,26.37009431391879,69.99986352300066
17,66.69044625584753,56.15583852656656,-12.0,0.1937050318658863,0.24997015558082114,0.20486015330162238,0.19770162072192665,67.61912809545674,8.259416487255152,7.926165023800067,74.54567610696894
17,65.41034962974292,56.33280392907424,-12.0,0.18648325448120592,0.27788419118511587,0.17783899777810153,0.19347081027873972,67.5066748628019,2.4167529675758814,26.37009431391879,92.52168142410765
17,6416.968067419713,0.0,-12.0,0.49209857915123517,0.2936508909426276,0.6324138570901571,0.636746611399727,57.4167618570114,5.294532186620594,161.2473949992656,238.22952803125264
17,6416.968067419713,0.0,-12.0,0.14315068262977004,0.29325414372257724,0.6419429334363623,0.635926359137664,70.44552354013808,227.34048700678653,177.4520285988415,227.0673848261407
17,6416.968067419713,0.0,-12.0,0.18818123105272608,0.3710666733962311,0.6401296508131779,0.6093698805954452,80.11400135648871,22.21841256757268,2.9807435561562183,145.19937743559439
17,6416.968067419713,0.0,-12.0,0.3291852890445658,0.2935535080520716,0.6464097117860007,0.6226082620639494,37.584238803934674,32.47255153957464,161.07074501652525,48.27487803590518
17,6416.968067419713,0.0,-12.0,0.1402270365105145,0.3578074317224117,0.6408917492892531,0.6100410693134449,69.88013048977632,222.83819118683695,133.7959178385797,217.81542865177164
17,6416.968067419713,0.0,-12.0,0.18345713460892255,0.3686519801019825,0.6351571203682242,0.6224814148674688,81.50556098855967,21.207840818603316,14.819391611082077,143.77714355498017
17,6416.968067419713,0.0,-12.0,0.13205503177778644,0.23544268884126446,0.6244700266160077,0.6035474223703817,67.72235654237299,78.6227324728403,7.62230267062877,193.36687525621969
17,6416.968067419713,0.0,-12.0,0.451971465304989,0.2732937382193223,0.6340609273439082,0.6209203304115688,57.36209962104486,4.5369572225502,132.92404887783465,221.86721898352687
17,6416.968067419713,0.0,-12.0,0.32811949416559044,0.31264569937375025,0.5943589586190815,0.5953687125364399,201.73713580557614,29.749514313155416,3.9272472606907485,144.37320366737313
17,6416.968067419713,0.0,-12.0,0.14315068262977004,0.2932522981859116,0.6419429334363623,0.635926359137664,70.44552354013808,227.34048700678653,177.4520285988415,227.0673848261407
17,6416.968067419713,0.0,-12.0,0.3251074934504838,0.2768469814849215,0.6437192711188596,0.61865935496474,46.5760350608333,176.78026174944978,164.06332096278882,43.20140705581208
17,6416.968067419713,0.0,-12.0,0.14987008722832576,0.3605553849275816,0.6459004383333553,0.6224814148674688,80.22645458914354,21.207840818603316,13.440978101562534,144.34531657461807
17,6416.968067419713,0.0,-12.0,0.6079798167913275,0.2773324864412259,0.6492133980780883,0.6186816313108806,46.5760350608333,177.1828350001839,163.99490391661038,43.62099912373407
17,6416.968067419713,0.0,-12.0,0.1402270365105145,0.3759232996441193,0.636147023396214,0.6100410693134449,80.11529305903177,37.27205762148964,133.4143436029123,215.12337501082607
17,6416.968067419713,0.0,-12.0,0.1925808296623298,0.3311348113867659,0.6240642713337342,0.594310116945268,69.60957160354641,80.5985198167839,99.50482114789843,95.66934183573224
17,6416.968067419713,0.0,-12.0,0.533914289968222,0.29403480967780327,0.6492518931466048,0.6218003606382617,36.90692909350747,42.57987030900988,161.00232797034684,52.080049920412975
17,6416.968067419713,0.0,-12.0,0.13667143276222155,0.29343809068034626,0.6464097117860007,0.6260776245254452,69.88863968548462,218.5936728604233,162.78395942975908,114.28003999175505
17,6416.968067419713,0.0,-12.0,0.13205503177778644,0.23544268884126446,0.6360218377024895,0.6088571496494285,67.72235654237299,20.57330977996031,5.1707307488116925,193.36687525621969
17,6416.968067419713,0.0,-12.0,0.1426862125040569,0.3434632609737639,0.632558336195258,0.5816615566134583,36.96670330724504,213.0358910970769,167.09649087578765,240.2155725310469
17,6416.968067419713,0.0,-12.0,0.18587858371785085,0.36768924762033595,0.6464158499039105,0.6224814148674688,35.95819472784057,21.207840818603316,14.757967934589018,144.34531657461807
17,6416.968067419713,0.0,-12.0,0.6079798167913275,0.27734445873756713,0.6492133980780883,0.61866305184062,47.16204881888367,177.1828350001839,170.0366305516023,43.62099912373407
17,6416.968067419713,0.0,-12.0,0.14315068262977004,0.2932522981859116,0.6417720966619048,0.635926359137664,65.12820374462886,218.5936728604233,177.4520285988415,81.42522297195526
17,6416.968067419713,0.0,-12.0,0.14315068262977004,0.2933984739651541,0.633067813680892,0.635926359137664,65.12820374462886,218.5936728604233,167.77221590234427,90.01259946985115
17,6416.968067419713,0.0,-12.0,0.14315068262977004,0.29325414372257724,0.6419429334363623,0.635926359137664,70.44552354013808,227.34048700678653,177.39824403572177,55.83139845819612
17,6416.968067419713,0.0,-12.0,0.4509839074403601,0.2776918358018787,0.6406214168682344,0.6093622989518426,57.36209962104486,5.546849853497511,132.92404887783465,222.72153527494027
17,6416.968067419713,0.0,-12.0,0.13205503177778644,0.23544268884126446,0.6244700266160077,0.603430747602336,67.72235654237299,78.6227324728403,7.62230267062877,193.36687525621969
17,6416.968067419713,0.0,-12.0,0.14315068262977004,0.29340031950181983,0.6329443260918861,0.635926359137664,73.25926892973654,218.99624567300762,167.77221590234427,74.10231446937651
17,6416.968067419713,0.0,-12.0,0.18587858371785085,0.4055216049393117,0.6233384975575093,0.6224814148674688,80.11400135648871,21.207840818603316,12.339828739381488,142.70611032170154
17,6416.968067419713,0.0,-12.0,0.18587858371785085,0.4055216049393117,0.6226935074448384,0.6224814148674688,80.11400135648871,21.207840818603316,12.339828739381488,142.70611032170154
17,6416.968067419713,0.0,-12.0,0.13205503177778644,0.23544268884126446,0.6244700266160077,0.6088571496494285,67.72235654237299,78.6227324728403,5.1707307488116925,193.36687525621969
18,6416.968067419712,0.0,-12.0,0.18587858371785085,0.3686519801019825,0.636357531745678,0.6224814148674688,80.11400135648871,21.207840818603316,13.630159176960483,144.34531657461807
18,6416.968067419712,0.0,-12.0,0.18587858371785085,0.3686519801019825,0.6360874772241578,0.6224814148674688,80.11400135648871,21.207840818603316,13.630159176960483,144.34531657461807
18,57.00260260116786,53.69063047411192,-12.0,0.19369724219128429,0.26978735165214657,0.20304850038571373,0.19770162072192665,49.33428397907118,2.4167529675758814,13.537570904110025,55.82202951220819
18,6416.968067419712,0.0,-12.0,0.18587858371785085,0.3686519801019825,0.6363577274363891,0.6224814148674688,80.11400135648871,21.207840818603316,13.630159176960483,144.34531657461807
18,59.845186965877005,53.179723051280504,-12.0,0.15047475799167115,0.23536351834221503,0.19832085587651502,0.19722333107699577,67.61912809545674,2.4167529675758814,10.01469557205018,69.99986352300066
18,62.736173619370696,53.172858093017936,-12.0,0.19369724219128429,0.26978735165214657,0.20166357295185713,0.19770162072192665,60.35966061341898,2.4167529675758814,14.726803338231619,69.99986352300066
18,57.00260260116786,53.69063047411192,-12.0,0.19369724219128429,0.26978735165214657,0.20478985418511936,0.19770162072192665,49.33428397907118,2.4167529675758814,13.597635718570753,55.82202951220819
18,6416.9680674197125,0.0,-12.0,0.1426862125040569,0.2933984739651541,0.633067813680892,0.6379468265242532,65.12820374462886,29.070797725904526,167.09649087578765,240.2155725310469
18,6416.9680674197125,0.0,-12.0,0.18607603102959497,0.36666857581365425,0.6329241711763404,0.6183366691374602,80.11400135648871,21.207840818603316,13.630159176960483,144.34531657461807
18,6416.9680674197125,0.0,-12.0,0.18607603102959497,0.36666857581365425,0.6335691612889434,0.6183366691374602,80.11400135648871,21.207840818603316,13.630159176960483,144.34531657461807
18,6416.9680674197125,0.0,-12.0,0.18832035024337634,0.277097917671601,0.6409659560314362,0.6089686690081868,56.768442753394126,5.573626635277692,13.614095655527505,145.97393306236916
18,6416.9680674197125,0.0,-12.0,0.18817923183064364,0.277097917671601,0.6409659560314362,0.6089888362194764,56.768442753394126,5.573626635277692,7.363770117537629,145.97393306236916
18,59.845186965877005,57.163079190372095,-12.0,0.15047475799167115,0.24990542399881577,0.20486015330162238,0.1975674506308268,67.61912809545674,2.4167529675758814,10.01469557205018,69.99986352300066
18,60.28435393193185,56.74949664369944,-12.0,0.20834214475314478,0.32699079581122653,0.20494587185663574,0.18337161918070888,50.03658421126632,2.4167529675758814,13.537570904110025,55.82202951220819
18,59.845186965877005,57.163079190372095,-12.0,0.15047475799167115,0.24990542399881577,0.20311879950221673,0.1975674506308268,67.61912809545674,2.4167529675758814,9.954630757589461,69.99986352300066
18,64.82688211100685,56.0936751282998,-12.0,0.19369726183644623,0.26978735165214657,0.20486015330162238,0.19770162072192665,67.61912809545674,0.43347044651872313,14.355736307162427,69.99986352300066
18,6416.968067419713,0.0,-12.0,0.1402270365105145,0.35859180620266423,0.6394886898534615,0.6100410693134449,79.82315922897085,37.27205762148964,133.4143436029123,217.81542865177164
18,64.80726492681937,59.78557817858081,-12.0,0.15047475799167115,0.2699535164844454,0.20486015330162238,0.19347081027873972,67.61912809545674,2.4167529675758814,26.37009431391879,69.99986352300066
18,6416.968067419713,0.0,-12.0,0.14680795744290878,0.36641958103197575,0.633067813680892,0.6379468265242532,66.84011319990249,29.070797725904526,166.86194132542394,240.2155725310469
18,64.80726492681937,59.78557817858081,-12.0,0.15047475799167115,0.2831705577180601,0.20486015330162238,0.19347081027873972,67.61912809545674,2.4167529675758814,27.040855832194467,74.35369501404367
18,65.41034962974292,56.15583852656656,-12.0,0.19370501222072437,0.26985232759270616,0.20486015330162238,0.19360498036983953,67.61912809545674,2.4142261282269413,15.839308051654928,74.54567610696894
18,65.41034962974292,56.15583852656656,-12.0,0.19369724219128429,0.26978735165214657,0.20486015330162238,0.19770162072192665,67.61912809545674,2.4167529675758814,14.726803338231619,69.99986352300066
18,6416.968067419713,0.0,-12.0,0.451971465304989,0.2732937382193223,0.6340609273439082,0.6209203304115688,57.36209962104486,4.5369572225502,132.92404887783465,221.86721898352687
18,6416.968067419713,0.0,-12.0,0.4509839074403601,0.2776918358018787,0.6406214168682344,0.6093622989518426,57.36209962104486,5.546849853497511,132.92404887783465,222.72153527494027
18,6416.968067419713,0.0,-12.0,0.18818123105272608,0.3710666733962311,0.6401296508131779,0.6093698805954452,80.11400135648871,22.21841256757268,2.9807435561562183,145.19937743559439
18,6416.968067419713,0.0,-12.0,0.32811949416559044,0.31264569937375025,0.5943589586190815,0.5953687125364399,201.73713580557614,29.749514313155416,3.9272472606907485,144.37320366737313
18,6416.968067419713,0.0,-12.0,0.14315068262977004,0.2933984739651541,0.633067813680892,0.635926359137664,65.12820374462886,218.5936728604233,167.77221590234427,90.01259946985115
18,6416.968067419713,0.0,-12.0,0.13667143276222155,0.29343809068034626,0.6464097117860007,0.6260776245254452,69.88863968548462,218.5936728604233,162.78395942975908,114.28003999175505
18,6416.968067419713,0.0,-12.0,0.14987008722832576,0.3605553849275816,0.6459004383333553,0.6224814148674688,80.22645458914354,21.207840818603316,13.440978101562534,144.34531657461807
18,6416.968067419713,0.0,-12.0,0.18587858371785085,0.3686519801019825,0.6355592471976416,0.6224814148674688,80.11400135648871,21.207840818603316,22.203847463368895,144.34531657461807
18,6416.968067419713,0.0,-12.0,0.3251074934504838,0.2768469814849215,0.6437192711188596,0.61865935496474,46.5760350608333,176.78026174944978,164.06332096278882,43.20140705581208
18,6416.968067419713,0.0,-12.0,0.6079798167913275,0.27734445873756713,0.6492133980780883,0.61866305184062,47.16204881888367,177.1828350001839,170.0366305516023,43.62099912373407
18,6416.968067419713,0.0,-12.0,0.14315068262977004,0.2932522981859116,0.6417720966619048,0.635926359137664,65.12820374462886,218.5936728604233,177.4520285988415,81.42522297195526
18,6416.968067419713,0.0,-12.0,0.1402270365105145,0.3759232996441193,0.636147023396214,0.6100410693134449,80.11529305903177,37.27205762148964,133.4143436029123,215.12337501082607
18,6416.968067419713,0.0,-12.0,0.13205503177778644,0.23544268884126446,0.6163260811986591,0.6088571496494285,67.72235654237299,3.4181104687163284,25.239012751002168,196.89579312836426
18,6416.968067419713,0.0,-12.0,0.14315068262977004,0.29340031950181983,0.6329443260918861,0.635926359137664,73.25926892973654,218.99624567300762,167.77221590234427,74.10231446937651
18,6416.968067419713,0.0,-12.0,0.3291852890445658,0.2935535080520716,0.6464097117860007,0.6226082620639494,37.584238803934674,32.47255153957464,161.07074501652525,48.27487803590518
18,6416.968067419713,0.0,-12.0,0.14315068262977004,0.29325414372257724,0.6419429334363623,0.635926359137664,70.44552354013808,227.34048700678653,177.39824403572177,55.83139845819612
18,6416.968067419713,0.0,-12.0,0.14315068262977004,0.29325414372257724,0.6419429334363623,0.635926359137664,70.44552354013808,227.34048700678653,177.4520285988415,227.0673848261407
18,6416.968067419713,0.0,-12.0,0.49209857915123517,0.2936508909426276,0.6324138570901571,0.636746611399727,57.4167618570114,5.294532186620594,161.2473949992656,238.22952803125264
18,65.41034962974292,56.15583852656656,-12.0,0.1937050318658863,0.26985232759270616,0.20486015330162238,0.19360498036983953,67.61912809545674,2.0215286149083482,15.861868847080228,74.54567610696894
18,6416.968067419713,0.0,-12.0,0.1426862125040569,0.3434632609737639,0.632558336195258,0.5816615566134583,36.96670330724504,213.0358910970769,167.09649087578765,240.2155725310469
18,6416.968067419713,0.0,-12.0,0.18345713460892255,0.3686519801019825,0.6351571203682242,0.6224814148674688,81.50556098855967,21.207840818603316,14.819391611082077,143.77714355498017
18,6416.968067419713,0.0,-12.0,0.13205503177778644,0.23544268884126446,0.6244700266160077,0.603430747602336,67.72235654237299,78.6227324728403,7.62230267062877,193.36687525621969
18,64.80726492681937,59.78557817858081,-12.0,0.15047475799167115,0.26978759601070074,0.20486015330162238,0.19347081027873972,67.61912809545674,2.4167529675758814,26.37009431391879,69.99986352300066
18,6416.968067419713,0.0,-12.0,0.13205503177778644,0.23544268884126446,0.6244700266160077,0.6088571496494285,67.72235654237299,78.6227324728403,5.1707307488116925,193.36687525621969
18,6416.968067419713,0.0,-12.0,0.14752835959831248,0.3451337294564264,0.6324138570901571,0.6368534057767787,57.4167618570114,10.478820446381434,161.2473949992656,238.22952803125264
18,6416.968067419713,0.0,-12.0,0.533914289968222,0.29403480967780327,0.6492518931466048,0.6218003606382617,36.90692909350747,42.57987030900988,161.00232797034684,52.080049920412975
19,6416.968067419712,0.0,-12.0,0.18587858371785085,0.3686519801019825,0.636357531745678,0.6224814148674688,80.11400135648871,21.207840818603316,13.630159176960483,144.34531657461807
19,6416.968067419712,0.0,-12.0,0.18587858371785085,0.3686519801019825,0.6360874772241578,0.6224814148674688,80.11400135648871,21.207840818603316,13.630159176960483,144.34531657461807
19,57.00260260116786,53.69063047411192,-12.0,0.19369724219128429,0.26978735165214657,0.20304850038571373,0.19770162072192665,49.33428397907118,2.4167529675758814,13.537570904110025,55.82202951220819
19,6416.968067419712,0.0,-12.0,0.18587858371785085,0.3686519801019825,0.6363577274363891,0.6224814148674688,80.11400135648871,21.207840818603316,13.630159176960483,144.34531657461807
19,59.845186965877005,53.179723051280504,-12.0,0.15047475799167115,0.23536351834221503,0.19832085587651502,0.19722333107699577,67.61912809545674,2.4167529675758814,10.01469557205018,69.99986352300066
19,62.736173619370696,53.172858093017936,-12.0,0.19369724219128429,0.26978735165214657,0.20166357295185713,0.19770162072192665,60.35966061341898,2.4167529675758814,14.726803338231619,69.99986352300066
19,57.00260260116786,53.69063047411192,-12.0,0.19369724219128429,0.26978735165214657,0.20478985418511936,0.19770162072192665,49.33428397907118,2.4167529675758814,13.597635718570753,55.82202951220819
19,57.00260260116786,53.69063047411192,-12.0,0.19369724219128429,0.26978735165214657,0.20478985418511936,0.19770162072192665,49.459778514833374,2.327323821294361,13.315484676757066,55.82202951220819
19,57.00260260116786,53.69063047411192,-12.0,0.19369724219128429,0.26978735165214657,0.20304850038571373,0.19770162072192665,49.33428397907118,2.4167529675758814,20.430868439924716,55.82202951220819
19,59.74831741039046,53.66077956116315,-12.0,0.20837912978308518,0.2669327383085145,0.18227522680441646,0.18337161918070888,50.779366552207115,2.4167828576155057,13.581165199693052,76.00336636791006
19,56.58152936010477,54.89207977915992,-12.0,0.18587405036109553,0.26978735165214657,0.20478985418511936,0.19770162072192665,49.33428397907118,2.4167529675758814,13.597635718570753,55.82202951220819
19,6416.9680674197125,0.0,-12.0,0.1426862125040569,0.2933984739651541,0.633067813680892,0.6379468265242532,65.12820374462886,29.070797725904526,167.09649087578765,240.2155725310469
19,6416.9680674197125,0.0,-12.0,0.18607603102959497,0.36666857581365425,0.6329241711763404,0.6183366691374602,80.11400135648871,21.207840818603316,13.630159176960483,144.34531657461807
19,6416.9680674197125,0.0,-12.0,0.18607603102959497,0.36666857581365425,0.6335691612889434,0.6183366691374602,80.11400135648871,21.207840818603316,13.630159176960483,144.34531657461807
19,6416.9680674197125,0.0,-12.0,0.18832035024337634,0.277097917671601,0.6409659560314362,0.6089686690081868,56.768442753394126,5.573626635277692,13.614095655527505,145.97393306236916
19,6416.9680674197125,0.0,-12.0,0.18817923183064364,0.277097917671601,0.6409659560314362,0.6089888362194764,56.768442753394126,5.573626635277692,7.363770117537629,145.97393306236916
19,59.845186965877005,57.163079190372095,-12.0,0.15047475799167115,0.24990542399881577,0.20486015330162238,0.1975674506308268,67.61912809545674,2.4167529675758814,10.01469557205018,69.99986352300066
19,60.28435393193185,56.74949664369944,-12.0,0.20834214475314478,0.32699079581122653,0.20494587185663574,0.18337161918070888,50.03658421126632,2.4167529675758814,13.537570904110025,55.82202951220819
19,59.845186965877005,57.163079190372095,-12.0,0.15047475799167115,0.24990542399881577,0.20311879950221673,0.1975674506308268,67.61912809545674,2.4167529675758814,9.954630757589461,69.99986352300066
19,64.82688211100685,56.0936751282998,-12.0,0.19369726183644623,0.26978735165214657,0.20486015330162238,0.19770162072192665,67.61912809545674,0.43347044651872313,14.355736307162427,69.99986352300066
19,64.82688211100685,56.0936751282998,-12.0,0.1936972654064652,0.26978735165214657,0.20486015330162238,0.19770162072192665,67.61912809545674,0.43347044651872313,15.923743817116518,69.99986352300066
19,6416.968067419713,0.0,-12.0,0.1402270365105145,0.35859180620266423,0.6394886898534615,0.6100410693134449,79.82315922897085,37.27205762148964,133.4143436029123,217.81542865177164
19,6416.968067419713,0.0,-12.0,0.18587858371785085,0.36818438409295073,0.6355592471976416,0.6224814148674688,57.471643074198774,21.207840818603316,22.203847463368895,238.749755275474
19,59.845186965877005,57.45390495736392,-12.0,0.1497510003875914,0.24990542399881577,0.2048620682004998,0.18474943995354234,68.08956725573702,2.4167529675758814,10.01469557205018,69.99986352300066
19,65.41034962974292,56.15583852656656,-12.0,0.1937050086507054,0.26985232759270616,0.20486015330162238,0.19360498036983953,67.61912809545674,2.4142261282269413,14.271300541700837,74.54567610696894
19,65.41034962974292,56.15583852656656,-12.0,0.19370501222072437,0.26985232759270616,0.20486015330162238,0.19360498036983953,67.61912809545674,2.4142261282269413,15.839308051654928,74.54567610696894
19,63.26380870668786,56.74949664369944,-12.0,0.209065902362067,0.32699079581122653,0.19984404060155034,0.19618962985799335,49.56614505098611,2.4167529675758814,13.537570904110025,55.82202951220819
19,6416.968067419713,0.0,-12.0,0.18345713460892255,0.36671472204773536,0.6385292501486937,0.6224814148674688,94.16520111834942,33.66081608179193,14.819391611082077,143.77714355498017
19,6416.968067419713,0.0,-12.0,0.18607603102959497,0.36860583386790147,0.6335691612889434,0.6183366691374602,81.41370141725703,21.207840818603316,13.630159176960483,144.34531657461807
19,6416.968067419713,0.0,-12.0,0.14680795744290878,0.36641958103197575,0.633067813680892,0.6379468265242532,66.84011319990249,29.070797725904526,166.86194132542394,240.2155725310469
19,6416.968067419713,0.0,-12.0,0.14987008722832576,0.3605553849275816,0.6454893485155995,0.6233485469639912,90.15273088288134,21.14512342973575,13.077407732331292,145.22505008188378
19,6416.968067419713,0.0,-12.0,0.14315068262977004,0.29325414372257724,0.6419429334363623,0.635926359137664,70.44552354013808,227.34048700678653,177.39824403572177,55.83139845819612
19,6416.968067419713,0.0,-12.0,0.14752835959831248,0.3451337294564264,0.6324138570901571,0.6368534057767787,57.4167618570114,10.478820446381434,161.2473949992656,238.22952803125264
19,6416.968067419713,0.0,-12.0,0.3291852890445658,0.2935535080520716,0.6464097117860007,0.6226082620639494,37.584238803934674,32.47255153957464,161.07074501652525,48.27487803590518
19,65.41034962974292,56.15583852656656,-12.0,0.1937050318658863,0.26985232759270616,0.20486015330162238,0.19360498036983953,67.61912809545674,2.0215286149083482,15.861868847080228,74.54567610696894
19,6416.968067419713,0.0,-12.0,0.14315068262977004,0.29340031950181983,0.6329443260918861,0.635926359137664,73.25926892973654,218.99624567300762,167.77221590234427,74.10231446937651
19,6416.968067419713,0.0,-12.0,0.14315068262977004,0.2932522981859116,0.6417720966619048,0.635926359137664,65.12820374462886,218.5936728604233,177.4520285988415,81.42522297195526
19,6416.968067419713,0.0,-12.0,0.14315068262977004,0.29325414372257724,0.6419429334363623,0.635926359137664,70.44552354013808,227.34048700678653,177.4520285988415,227.0673848261407
19,6416.968067419713,0.0,-12.0,0.14987008722832576,0.3605553849275816,0.6459004383333553,0.6224814148674688,80.22645458914354,21.207840818603316,13.440978101562534,144.34531657461807
19,6416.968067419713,0.0,-12.0,0.49209857915123517,0.2936508909426276,0.6324138570901571,0.636746611399727,57.4167618570114,5.294532186620594,161.2473949992656,238.22952803125264
19,6416.968067419713,0.0,-12.0,0.14315068262977004,0.2933984739651541,0.633067813680892,0.635926359137664,65.12820374462886,218.5936728604233,167.77221590234427,90.01259946985115
19,6416.968067419713,0.0,-12.0,0.13205503177778644,0.23544268884126446,0.6244700266160077,0.6088571496494285,67.72235654237299,78.6227324728403,5.1707307488116925,193.36687525621969
19,6416.968067419713,0.0,-12.0,0.13205503177778644,0.23544268884126446,0.6244700266160077,0.603430747602336,67.72235654237299,78.6227324728403,7.62230267062877,193.36687525621969
19,6416.968067419713,0.0,-12.0,0.18587858371785085,0.3686519801019825,0.6355592471976416,0.6224814148674688,80.11400135648871,21.207840818603316,22.203847463368895,144.34531657461807
19,6416.968067419713,0.0,-12.0,0.1426862125040569,0.3434632609737639,0.632558336195258,0.5816615566134583,36.96670330724504,213.0358910970769,167.09649087578765,240.2155725310469
19,6416.968067419713,0.0,-12.0,0.3251074934504838,0.2768469814849215,0.6437192711188596,0.61865935496474,46.5760350608333,176.78026174944978,164.06332096278882,43.20140705581208
19,6416.968067419713,0.0,-12.0,0.533914289968222,0.29403480967780327,0.6492518931466048,0.6218003606382617,36.90692909350747,42.57987030900988,161.00232797034684,52.080049920412975
19,6416.968067419713,0.0,-12.0,0.32811949416559044,0.31264569937375025,0.5943589586190815,0.5953687125364399,201.73713580557614,29.749514313155416,3.9272472606907485,144.37320366737313
20,6416.968067419712,0.0,-12.0,0.18587858371785085,0.3686519801019825,0.636357531745678,0.6224814148674688,80.11400135648871,21.207840818603316,13.630159176960483,144.34531657461807
20,6416.968067419712,0.0,-12.0,0.18587858371785085,0.3686519801019825,0.6360874772241578,0.6224814148674688,80.11400135648871,21.207840818603316,13.630159176960483,144.34531657461807
20,57.00260260116786,53.69063047411192,-12.0,0.19369724219128429,0.26978735165214657,0.20304850038571373,0.19770162072192665,49.33428397907118,2.4167529675758814,13.537570904110025,55.82202951220819
20,6416.968067419712,0.0,-12.0,0.18587858371785085,0.3686519801019825,0.6363577274363891,0.6224814148674688,80.11400135648871,21.207840818603316,13.630159176960483,144.34531657461807
20,59.845186965877005,53.179723051280504,-12.0,0.15047475799167115,0.23536351834221503,0.19832085587651502,0.19722333107699577,67.61912809545674,2.4167529675758814,10.01469557205018,69.99986352300066
20,62.736173619370696,53.172858093017936,-12.0,0.19369724219128429,0.26978735165214657,0.20166357295185713,0.19770162072192665,60.35966061341898,2.4167529675758814,14.726803338231619,69.99986352300066
20,57.00260260116786,53.69063047411192,-12.0,0.19369724219128429,0.26978735165214657,0.20478985418511936,0.19770162072192665,49.33428397907118,2.4167529675758814,13.597635718570753,55.82202951220819
20,57.00260260116786,53.69063047411192,-12.0,0.19369724219128429,0.26978735165214657,0.20478985418511936,0.19770162072192665,49.459778514833374,2.327323821294361,13.315484676757066,55.82202951220819
20,57.00260260116786,53.69063047411192,-12.0,0.19369724219128429,0.26978735165214657,0.20304850038571373,0.19770162072192665,49.33428397907118,2.4167529675758814,20.430868439924716,55.82202951220819
20,59.74831741039046,53.66077956116315,-12.0,0.20837912978308518,0.2669327383085145,0.18227522680441646,0.18337161918070888,50.779366552207115,2.4167828576155057,13.581165199693052,76.00336636791006
20,56.36583215578829,54.80870712814958,-12.0,0.1740259429006436,0.26978735165214657,0.2506283219207898,0.19770162072192665,49.33428397907118,2.4167529675758814,13.597635718570753,55.82202951220819
20,59.845186965877005,53.179723051280504,-12.0,0.15049152765735366,0.23266300882085625,0.19832085587651502,0.19722333107699577,67.61912809545674,0.40799513309638,10.02409014925208,69.99986352300066
20,62.736173619370696,53.172858093017936,-12.0,0.19369724219128429,0.2772348192931896,0.1876895012444227,0.19770162072192665,60.31280529649746,2.2187850484288156,14.726803338231619,69.99986352300066
20,64.53908845470285,52.99527250127981,-12.0,0.17234667802659726,0.26978735165214657,0.20486015330162238,0.19368756919161562,67.61912809545674,0.43347044651872313,15.923743817116518,69.84374553344388
20,57.00260260116786,53.69063047411192,-12.0,0.1941868588417423,0.26978735165214657,0.22438553050058666,0.19770162072192665,49.33428397907118,2.4167529675758814,13.537570904110025,55.82202951220819
20,56.60621768512766,54.16591829917118,-12.0,0.1955849725387106,0.26978735165214657,0.20478985418511936,0.19770197248273988,49.33428397907118,0.4321298993173528,13.597635718570753,55.90456302738551
20,6416.9680674197125,0.0,-12.0,0.1426862125040569,0.2933984739651541,0.633067813680892,0.6379468265242532,65.12820374462886,29.070797725904526,167.09649087578765,240.2155725310469
20,6416.9680674197125,0.0,-12.0,0.18607603102959497,0.36666857581365425,0.6329241711763404,0.6183366691374602,80.11400135648871,21.207840818603316,13.630159176960483,144.34531657461807
20,6416.9680674197125,0.0,-12.0,0.18607603102959497,0.36666857581365425,0.6335691612889434,0.6183366691374602,80.11400135648871,21.207840818603316,13.630159176960483,144.34531657461807
20,6416.9680674197125,0.0,-12.0,0.18832035024337634,0.277097917671601,0.6409659560314362,0.6089686690081868,56.768442753394126,5.573626635277692,13.614095655527505,145.97393306236916
20,6416.9680674197125,0.0,-12.0,0.18817923183064364,0.277097917671601,0.6409659560314362,0.6089888362194764,56.768442753394126,5.573626635277692,7.363770117537629,145.97393306236916
20,6416.9680674197125,0.0,-12.0,0.18587858371785085,0.3686519801019825,0.6363575345896417,0.6224814148674688,80.11400135648871,12.873187614803259,13.630159176960483,144.34531657461807
20,6416.9680674197125,0.0,-12.0,0.18832035024337634,0.269650450030558,0.6440654602941532,0.6089686690081868,56.81529807031565,5.771594793978309,13.614095655527505,145.97393306236916
20,56.58152936010477,54.89207977915992,-12.0,0.18587405036109553,0.26978735165214657,0.20478985418511936,0.19770162072192665,49.33428397907118,2.4167529675758814,13.597635718570753,55.82202951220819
20,57.59464767036012,54.693335359783404,-12.0,0.19320900025002613,0.27087291345439485,0.20494587185663574,0.18388327454713493,50.03658421126632,1.2662356885524206,13.537570904110025,55.82202951220819
20,6416.968067419713,0.0,-12.0,0.1402270365105145,0.35859180620266423,0.6394886898534615,0.6100410693134449,79.82315922897085,37.27205762148964,133.4143436029123,217.81542865177164
20,58.217507380659484,54.88310900493461,-12.0,0.15104321279804714,0.29275972256448723,0.18227522680441646,0.18888254020914955,50.779366552207115,2.4167828576155057,13.581165199693052,76.5559359500817
20,6416.968067419713,0.0,-12.0,0.18587858371785085,0.3682024295800721,0.6355592471976416,0.6224814148674688,58.83300543139512,20.82241626723223,9.593333435158472,238.749755275474
20,59.92948596587527,54.693335359783404,-12.0,0.19383990925804181,0.3270666030223724,0.1994953570017687,0.19369631990684205,49.902404787104366,2.024431687098794,15.861868847080228,74.54567610696894
20,6416.968067419713,0.0,-12.0,0.14315068262977004,0.29340031950181983,0.6329443260918861,0.635926359137664,73.25926892973654,218.99624567300762,167.77221590234427,74.10231446937651
20,6416.968067419713,0.0,-12.0,0.32811949416559044,0.31264569937375025,0.5943589586190815,0.5953687125364399,201.73713580557614,29.749514313155416,3.9272472606907485,144.37320366737313
20,6416.968067419713,0.0,-12.0,0.14315068262977004,0.2932522981859116,0.6417720966619048,0.635926359137664,65.12820374462886,218.5936728604233,177.4520285988415,81.42522297195526
20,6416.968067419713,0.0,-12.0,0.14315068262977004,0.29325414372257724,0.6419429334363623,0.635926359137664,70.44552354013808,227.34048700678653,177.4520285988415,227.0673848261407
20,6416.968067419713,0.0,-12.0,0.533914289968222,0.29403480967780327,0.6492518931466048,0.6218003606382617,36.90692909350747,42.57987030900988,161.00232797034684,52.080049920412975
20,6416.968067419713,0.0,-12.0,0.14987008722832576,0.3605553849275816,0.6459004383333553,0.6224814148674688,80.22645458914354,21.207840818603316,13.440978101562534,144.34531657461807
20,6416.968067419713,0.0,-12.0,0.32675101291525066,0.36818438409295073,0.6355592471976416,0.5952719817292063,57.471643074198774,29.581372384770745,22.203847463368895,238.749755275474
20,6416.968067419713,0.0,-12.0,0.14752835959831248,0.3451337294564264,0.6324138570901571,0.6368534057767787,57.4167618570114,10.478820446381434,161.2473949992656,238.22952803125264
20,6416.968067419713,0.0,-12.0,0.18587858371785085,0.3686519801019825,0.6355592471976416,0.6224814148674688,80.11400135648871,21.207840818603316,22.203847463368895,144.34531657461807
20,6416.968067419713,0.0,-12.0,0.18587858371785085,0.36818438409295073,0.6355592471976416,0.6224814148674688,57.471643074198774,21.207840818603316,22.203847463368895,238.749755275474
20,6416.968067419713,0.0,-12.0,0.14056437640722716,0.3686519801019825,0.6362575246183054,0.6381766384150998,80.11400135648871,28.912532263707412,22.934754239276998,144.34531657461807
20,6416.968067419713,0.0,-12.0,0.1494361865247718,0.25089850209124975,0.6458716095116626,0.6183366691374602,80.44980850727671,20.352668270048774,8.30151222919506,72.68641938296085
20,6416.968067419713,0.0,-12.0,0.18607603102959497,0.36860583386790147,0.6335691612889434,0.6183366691374602,81.41370141725703,21.207840818603316,13.630159176960483,144.34531657461807
20,6416.968067419713,0.0,-12.0,0.14680795744290878,0.36641958103197575,0.633067813680892,0.6379468265242532,66.84011319990249,29.070797725904526,166.86194132542394,240.2155725310469
20,6416.968067419713,0.0,-12.0,0.18587858371785085,0.3686519801019825,0.6408031858300808,0.6224814148674688,80.11400135648871,21.207840818603316,13.630159176960483,144.34531657461807
20,6416.968067419713,0.0,-12.0,0.18587858371785085,0.3686519801019825,0.6360874772241578,0.6224814148674688,80.11400135648871,21.207840818603316,19.580848866183477,144.34531657461807
20,6416.968067419713,0.0,-12.0,0.18345713460892255,0.36671472204773536,0.6385292501486937,0.6224814148674688,94.16520111834942,33.66081608179193,14.819391611082077,143.77714355498017
20,6416.968067419713,0.0,-12.0,0.14987008722832576,0.3605553849275816,0.6454893485155995,0.6233485469639912,90.15273088288134,21.14512342973575,13.077407732331292,145.22505008188378
20,6416.968067419713,0.0,-12.0,0.13205503177778644,0.23544268884126446,0.6244700266160077,0.6088571496494285,67.72235654237299,78.6227324728403,5.1707307488116925,193.36687525621969
21,6416.968067419712,0.0,-12.0,0.18587858371785085,0.3686519801019825,0.636357531745678,0.6224814148674688,80.11400135648871,21.207840818603316,13.630159176960483,144.34531657461807
21,6416.968067419712,0.0,-12.0,0.18587858371785085,0.3686519801019825,0.6360874772241578,0.6224814148674688,80.11400135648871,21.207840818603316,13.630159176960483,144.34531657461807
21,57.00260260116786,53.69063047411192,-12.0,0.19369724219128429,0.26978735165214657,0.20304850038571373,0.19770162072192665,49.33428397907118,2.4167529675758814,13.537570904110025,55.82202951220819
21,6416.968067419712,0.0,-12.0,0.18587858371785085,0.3686519801019825,0.6363577274363891,0.6224814148674688,80.11400135648871,21.207840818603316,13.630159176960483,144.34531657461807
21,59.845186965877005,53.179723051280504,-12.0,0.15047475799167115,0.23536351834221503,0.19832085587651502,0.19722333107699577,67.61912809545674,2.4167529675758814,10.01469557205018,69.99986352300066
21,62.736173619370696,53.172858093017936,-12.0,0.19369724219128429,0.26978735165214657,0.20166357295185713,0.19770162072192665,60.35966061341898,2.4167529675758814,14.726803338231619,69.99986352300066
21,57.00260260116786,53.69063047411192,-12.0,0.19369724219128429,0.26978735165214657,0.20478985418511936,0.19770162072192665,49.33428397907118,2.4167529675758814,13.597635718570753,55.82202951220819
21,57.00260260116786,53.69063047411192,-12.0,0.19369724219128429,0.26978735165214657,0.20478985418511936,0.19770162072192665,49.459778514833374,2.327323821294361,13.315484676757066,55.82202951220819
21,57.00260260116786,53.69063047411192,-12.0,0.19369724219128429,0.26978735165214657,0.20304850038571373,0.19770162072192665,49.33428397907118,2.4167529675758814,20.430868439924716,55.82202951220819
21,59.74831741039046,53.66077956116315,-12.0,0.20837912978308518,0.2669327383085145,0.18227522680441646,0.18337161918070888,50.779366552207115,2.4167828576155057,13.581165199693052,76.00336636791006
21,56.36583215578829,54.80870712814958,-12.0,0.1740259429006436,0.26978735165214657,0.2506283219207898,0.19770162072192665,49.33428397907118,2.4167529675758814,13.597635718570753,55.82202951220819
21,59.845186965877005,53.179723051280504,-12.0,0.15049152765735366,0.23266300882085625,0.19832085587651502,0.19722333107699577,67.61912809545674,0.40799513309638,10.02409014925208,69.99986352300066
21,62.736173619370696,53.172858093017936,-12.0,0.19369724219128429,0.2772348192931896,0.1876895012444227,0.19770162072192665,60.31280529649746,2.2187850484288156,14.726803338231619,69.99986352300066
21,64.53908845470285,52.99527250127981,-12.0,0.17234667802659726,0.26978735165214657,0.20486015330162238,0.19368756919161562,67.61912809545674,0.43347044651872313,15.923743817116518,69.84374553344388
21,57.00260260116786,53.69063047411192,-12.0,0.1941868588417423,0.26978735165214657,0.22438553050058666,0.19770162072192665,49.33428397907118,2.4167529675758814,13.537570904110025,55.82202951220819
21,57.00260260116786,53.69063047411192,-12.0,0.19369042949546966,0.26978735165214657,0.21633332932547422,0.19770162072192665,49.33428397907118,2.4167529675758814,13.600549190092861,55.82202951220819
21,59.845186965877005,53.179723051280504,-12.0,0.15023764311660603,0.23617071098654688,0.25084322639227574,0.19722333107699577,67.61912809545674,2.4167529675758814,12.323145612458909,65.24433892695524
21,56.60252049889881,54.00311694016733,-12.0,0.1955849725387106,0.26978735165214657,0.20478985418511936,0.19770197248273988,44.255030005136994,0.4321298993173528,26.14466072174509,53.077325561318226
21,57.00260260116786,53.69063047411192,-12.0,0.19419367153755696,0.26978735165214657,0.22461701527866648,0.19770162072192665,49.33428397907118,2.4167529675758814,13.534657432587915,55.82202951220819
21,56.36583215578829,54.80870712814958,-12.0,0.17426305777570872,0.2689801590078148,0.19810595140503046,0.19770162072192665,49.33428397907118,2.4167529675758814,9.94049094595559,55.82202951220819
21,59.845186965877005,53.179723051280504,-12.0,0.15049152765735366,0.23266300882085625,0.2340653797930528,0.19722333107699577,67.61912809545674,2.423006229485447,13.564556359895244,70.88037421997782
21,6416.9680674197125,0.0,-12.0,0.1426862125040569,0.2933984739651541,0.633067813680892,0.6379468265242532,65.12820374462886,29.070797725904526,167.09649087578765,240.2155725310469
21,6416.9680674197125,0.0,-12.0,0.18607603102959497,0.36666857581365425,0.6329241711763404,0.6183366691374602,80.11400135648871,21.207840818603316,13.630159176960483,144.34531657461807
21,6416.9680674197125,0.0,-12.0,0.18607603102959497,0.36666857581365425,0.6335691612889434,0.6183366691374602,80.11400135648871,21.207840818603316,13.630159176960483,144.34531657461807
21,6416.9680674197125,0.0,-12.0,0.18832035024337634,0.277097917671601,0.6409659560314362,0.6089686690081868,56.768442753394126,5.573626635277692,13.614095655527505,145.97393306236916
21,6416.9680674197125,0.0,-12.0,0.18817923183064364,0.277097917671601,0.6409659560314362,0.6089888362194764,56.768442753394126,5.573626635277692,7.363770117537629,145.97393306236916
21,6416.9680674197125,0.0,-12.0,0.18587858371785085,0.3686519801019825,0.6363575345896417,0.6224814148674688,80.11400135648871,12.873187614803259,13.630159176960483,144.34531657461807
21,6416.9680674197125,0.0,-12.0,0.18832035024337634,0.269650450030558,0.6440654602941532,0.6089686690081868,56.81529807031565,5.771594793978309,13.614095655527505,145.97393306236916
21,6416.9680674197125,0.0,-12.0,0.18588125919230158,0.3686075661994123,0.636357531745678,0.6308154996753522,80.12370821793671,24.02420277872934,13.201247619149681,144.34531657461807
21,6416.9680674197125,0.0,-12.0,0.18832035024337634,0.277097917671601,0.6409659560314362,0.6089686690081868,56.768442753394126,5.573626635277692,13.614095655527505,138.66269042215308
21,56.60621768512766,54.16591829917118,-12.0,0.1955849725387106,0.26978735165214657,0.20478985418511936,0.19770197248273988,49.33428397907118,0.4321298993173528,13.597635718570753,55.90456302738551
21,56.60621768512766,54.16591829917118,-12.0,0.1955849725387106,0.26978735165214657,0.19345522839538995,0.19770197248273988,49.33428397907118,0.3953623911623376,13.597635718570753,55.90456302738551
21,56.58152936010477,54.89207977915992,-12.0,0.18587405036109553,0.26978735165214657,0.20478985418511936,0.19770162072192665,49.33428397907118,2.4167529675758814,13.597635718570753,55.82202951220819
21,56.58152936010477,54.89207977915992,-12.0,0.18587405036109553,0.26978735165214657,0.20478985418511936,0.19770162072192665,49.33428397907118,0.40190494020481404,10.057169507927592,54.94151881523103
21,56.58152936010477,54.89207977915992,-12.0,0.18587405036109553,0.26978735165214657,0.20478985418511936,0.24567050194383866,49.33428397907118,2.4167529675758814,13.597635718570753,55.82202951220819
21,59.84523295870283,53.66077956116315,-12.0,0.20816680448503586,0.2669327383085145,0.1775235821339153,0.18337161918070888,50.779366552207115,5.311880830610522,13.581165199693052,78.95259163053615
21,6416.968067419713,0.0,-12.0,0.18587858371785085,0.3686519801019825,0.6363577274363891,0.6224814148674688,57.21006366900001,21.207840818603316,13.859643930516489,144.92956574911324
21,6416.968067419713,0.0,-12.0,0.1402270365105145,0.35859180620266423,0.6394886898534615,0.6100410693134449,79.82315922897085,37.27205762148964,133.4143436029123,217.81542865177164
21,56.60252049889881,55.41767706219399,-12.0,0.0896560174701289,0.2735560215225678,0.20494587185663574,0.18269717495581386,60.18118983491224,1.2662356885524206,13.51942957517078,55.82202951220819
21,57.59464767036012,54.693335359783404,-12.0,0.19320900025002613,0.27087291345439485,0.20494587185663574,0.18388327454713493,50.03658421126632,1.2662356885524206,13.537570904110025,55.82202951220819
21,6416.968067419713,0.0,-12.0,0.14987008722832576,0.3605553849275816,0.6205115727328177,0.6224814148674688,80.22645458914354,21.207840818603316,7.8044531997941755,105.49194810286801
21,6416.968067419713,0.0,-12.0,0.14987008722832576,0.3604195870536132,0.6454851728967926,0.6431049669440655,90.35062865064006,21.119273224668785,13.097488420167208,145.22505008188378
21,6416.968067419713,0.0,-12.0,0.14987008722832576,0.3605553849275816,0.6454893485155995,0.6233485469639912,90.15273088288134,21.14512342973575,13.077407732331292,145.22505008188378
21,6416.968067419713,0.0,-12.0,0.13205503177778644,0.23544268884126446,0.6244700266160077,0.6088571496494285,67.72235654237299,78.6227324728403,5.1707307488116925,193.36687525621969
21,6416.968067419713,0.0,-12.0,0.32675101291525066,0.36818438409295073,0.6355592471976416,0.5952719817292063,57.471643074198774,29.581372384770745,22.203847463368895,238.749755275474
21,6416.968067419713,0.0,-12.0,0.18345713460892255,0.36671472204773536,0.6385292501486937,0.6224814148674688,94.16520111834942,33.66081608179193,14.819391611082077,143.77714355498017
21,6416.968067419713,0.0,-12.0,0.18725207805844096,0.36937866985948564,0.6409659560314362,0.6089888362194764,56.768442753394126,5.573626635277692,7.538541134234925,145.96381302635615
21,6416.968067419713,0.0,-12.0,0.18607603102959497,0.3829270661539605,0.6335691612889434,0.5931965837483986,80.11400135648871,22.99137046780192,15.914413173069804,72.25375881998266
22,6416.968067419712,0.0,-12.0,0.18587858371785085,0.3686519801019825,0.636357531745678,0.6224814148674688,80.11400135648871,21.207840818603316,13.630159176960483,144.34531657461807
22,6416.968067419712,0.0,-12.0,0.18587858371785085,0.3686519801019825,0.6360874772241578,0.6224814148674688,80.11400135648871,21.207840818603316,13.630159176960483,144.34531657461807
22,6416.968067419712,0.0,-12.0,0.18587858371785085,0.3686519801019825,0.6363577274363891,0.6224814148674688,80.11400135648871,21.207840818603316,13.630159176960483,144.34531657461807
22,44.801664828455365,44.80166482845535,-12.0,0.18587405036109553,0.27751449239011666,0.2155946331712585,0.24567050194383866,15.060716696205944,0.618782308709882,13.597635718570753,55.82202951220819
22,6416.9680674197125,0.0,-12.0,0.1426862125040569,0.2933984739651541,0.633067813680892,0.6379468265242532,65.12820374462886,29.070797725904526,167.09649087578765,240.2155725310469
22,6416.9680674197125,0.0,-12.0,0.18607603102959497,0.36666857581365425,0.6329241711763404,0.6183366691374602,80.11400135648871,21.207840818603316,13.630159176960483,144.34531657461807
22,6416.9680674197125,0.0,-12.0,0.18607603102959497,0.36666857581365425,0.6335691612889434,0.6183366691374602,80.11400135648871,21.207840818603316,13.630159176960483,144.34531657461807
22,6416.9680674197125,0.0,-12.0,0.18832035024337634,0.277097917671601,0.6409659560314362,0.6089686690081868,56.768442753394126,5.573626635277692,13.614095655527505,145.97393306236916
22,6416.9680674197125,0.0,-12.0,0.18817923183064364,0.277097917671601,0.6409659560314362,0.6089888362194764,56.768442753394126,5.573626635277692,7.363770117537629,145.97393306236916
22,6416.9680674197125,0.0,-12.0,0.18587858371785085,0.3686519801019825,0.6363575345896417,0.6224814148674688,80.11400135648871,12.873187614803259,13.630159176960483,144.34531657461807
22,6416.9680674197125,0.0,-12.0,0.18832035024337634,0.269650450030558,0.6440654602941532,0.6089686690081868,56.81529807031565,5.771594793978309,13.614095655527505,145.97393306236916
22,6416.9680674197125,0.0,-12.0,0.18588125919230158,0.3686075661994123,0.636357531745678,0.6308154996753522,80.12370821793671,24.02420277872934,13.201247619149681,144.34531657461807
22,6416.9680674197125,0.0,-12.0,0.18832035024337634,0.277097917671601,0.6409659560314362,0.6089686690081868,56.768442753394126,5.573626635277692,13.614095655527505,138.66269042215308
22,6416.9680674197125,0.0,-12.0,0.18817923183064364,0.2767890317072234,0.6409659560314362,0.5763094264017732,56.768442753394126,5.5862021126287615,7.363770117537629,145.97393306236916
22,57.00260260116786,53.69063047411192,-12.0,0.19369724219128429,0.26978735165214657,0.20304850038571373,0.19770162072192665,49.33428397907118,2.4167529675758814,13.537570904110025,55.82202951220819
22,57.00260260116786,53.69063047411192,-12.0,0.19369724219128429,0.26978735165214657,0.20478985418511936,0.19770162072192665,49.33428397907118,2.4167529675758814,13.597635718570753,55.82202951220819
22,57.00260260116786,53.69063047411192,-12.0,0.19369724219128429,0.26978735165214657,0.20478985418511936,0.19770162072192665,49.459778514833374,2.327323821294361,13.315484676757066,55.82202951220819
22,57.00260260116786,53.69063047411192,-12.0,0.19369724219128429,0.26978735165214657,0.20304850038571373,0.19770162072192665,49.33428397907118,2.4167529675758814,20.430868439924716,55.82202951220819
22,59.74831741039046,53.66077956116315,-12.0,0.20837912978308518,0.2669327383085145,0.18227522680441646,0.18337161918070888,50.779366552207115,2.4167828576155057,13.581165199693052,76.00336636791006
22,56.36583215578829,54.80870712814958,-12.0,0.1740259429006436,0.26978735165214657,0.2506283219207898,0.19770162072192665,49.33428397907118,2.4167529675758814,13.597635718570753,55.82202951220819
22,64.53908845470285,52.99527250127981,-12.0,0.17234667802659726,0.26978735165214657,0.20486015330162238,0.19368756919161562,67.61912809545674,0.43347044651872313,15.923743817116518,69.84374553344388
22,57.00260260116786,53.69063047411192,-12.0,0.1941868588417423,0.26978735165214657,0.22438553050058666,0.19770162072192665,49.33428397907118,2.4167529675758814,13.537570904110025,55.82202951220819
22,57.00260260116786,53.69063047411192,-12.0,0.19369042949546966,0.26978735165214657,0.21633332932547422,0.19770162072192665,49.33428397907118,2.4167529675758814,13.600549190092861,55.82202951220819
22,56.60252049889881,54.00311694016733,-12.0,0.1955849725387106,0.26978735165214657,0.20478985418511936,0.19770197248273988,44.255030005136994,0.4321298993173528,26.14466072174509,53.077325561318226
22,57.00260260116786,53.69063047411192,-12.0,0.19419367153755696,0.26978735165214657,0.22461701527866648,0.19770162072192665,49.33428397907118,2.4167529675758814,13.534657432587915,55.82202951220819
22,56.36583215578829,54.80870712814958,-12.0,0.17426305777570872,0.2689801590078148,0.19810595140503046,0.19770162072192665,49.33428397907118,2.4167529675758814,9.94049094595559,55.82202951220819
22,56.60252049889881,54.00311694016733,-12.0,0.1955849725387106,0.26978735165214657,0.19345522839538995,0.19770197248273988,44.17477401976651,0.3960063495604006,26.675132973256428,55.90456302738551
22,59.836754817579234,53.01639966947076,-12.0,0.1955849725387106,0.26978735165214657,0.19345522839538995,0.19770197248273988,53.87494571747763,0.43295284435844583,13.597635718570753,55.90456302738551
22,57.00260260116786,53.69063047411192,-12.0,0.1937210290193408,0.26978735165214657,0.19998518259868484,0.19770162072192665,49.15705404181075,0.5390719160652637,20.430868439924716,55.82202951220819
22,56.36583215578829,54.80870712814958,-12.0,0.17426305777570872,0.26909844345496226,0.19810595140503046,0.19770162072192665,49.33428397907118,2.4167529675758814,9.94049094595559,55.82202951220819
22,6416.968067419713,0.0,-12.0,0.18587858371785085,0.3686519801019825,0.6363577274363891,0.6224814148674688,81.7741618255379,31.701619080813856,13.859643930516489,144.9888454225743
22,6416.968067419713,0.0,-12.0,0.18587858371785085,0.3686519801019825,0.6363577274363891,0.6224814148674688,57.21006366900001,21.207840818603316,13.859643930516489,144.92956574911324
22,56.54326354642974,54.89207977915992,-12.0,0.1922507483329655,0.26978735165214657,0.20563647000247387,0.19770162072192665,49.33428397907118,0.40190494020481404,10.057169507927592,54.94151881523103
22,62.736173619370696,53.172858093017936,-12.0,0.19369724219128429,0.27711653484604215,0.1876895012444227,0.19770162072192665,60.31280529649746,2.2187850484288156,14.726803338231619,69.99986352300066
22,62.736173619370696,53.172858093017936,-12.0,0.19369724219128429,0.26978735165214657,0.20166357295185713,0.19770162072192665,60.35966061341898,2.4167529675758814,14.726803338231619,69.99986352300066
22,59.845186965877005,53.179723051280504,-12.0,0.15049152765735366,0.23266300882085625,0.2340653797930528,0.19722333107699577,67.61912809545674,0.22043458871921517,13.564556359895244,70.88037421997782
22,56.60621768512766,54.16591829917118,-12.0,0.1955849725387106,0.26978735165214657,0.20478985418511936,0.19770197248273988,49.33428397907118,0.4321298993173528,13.597635718570753,55.90456302738551
22,56.60621768512766,54.16591829917118,-12.0,0.1955849725387106,0.26978735165214657,0.20478985418511936,0.19770197248273988,49.414539964441666,0.4314859409192898,13.067163480168844,53.077325561318226
22,56.60252049889881,54.88310900493461,-12.0,0.1618840524603318,0.26978735165214657,0.20478985418511936,0.19770162072192665,49.459778514833374,2.300273316695359,13.109149543876912,54.93701868103825
22,59.845186965877005,53.179723051280504,-12.0,0.15047475799167115,0.23536351834221503,0.19832085587651502,0.19722333107699577,67.61912809545674,2.4167529675758814,10.01469557205018,69.99986352300066
22,56.60252049889881,54.88310900493461,-12.0,0.19556118571065412,0.26978735165214657,0.20480766545280196,0.19770197248273988,44.43225994239742,2.3098961400763285,26.14466072174509,53.077325561318226
22,6416.968067419713,0.0,-12.0,0.32675101291525066,0.36818438409295073,0.6355592471976416,0.5952719817292063,57.471643074198774,29.581372384770745,22.203847463368895,238.749755275474
22,56.60621768512766,54.16591829917118,-12.0,0.1955849725387106,0.26978735165214657,0.19345522839538995,0.19770197248273988,49.33428397907118,0.3953623911623376,13.597635718570753,55.90456302738551
22,6416.968067419713,0.0,-12.0,0.1402270365105145,0.35859180620266423,0.6394886898534615,0.6100410693134449,79.82315922897085,37.27205762148964,125.54874871585335,212.42490593104316
22,6416.968067419713,0.0,-12.0,0.13205503177778644,0.23544268884126446,0.6244700266160077,0.6088571496494285,67.72235654237299,78.6227324728403,5.1707307488116925,193.36687525621969
22,62.736173619370696,53.172858093017936,-12.0,0.19369724219128429,0.2772348192931896,0.1876895012444227,0.19770162072192665,60.31280529649746,2.2187850484288156,14.726803338231619,69.99986352300066
22,6416.968067419713,0.0,-12.0,0.18725207805844096,0.36937866985948564,0.6409659560314362,0.6089888362194764,56.768442753394126,5.573626635277692,7.538541134234925,145.96381302635615
22,6416.968067419713,0.0,-12.0,0.1402270365105145,0.35859180620266423,0.6485722064143832,0.6100410693134449,79.82315922897085,35.1756887149095,128.1404675418457,208.25602682148616
23,6416.968067419712,0.0,-12.0,0.18587858371785085,0.3686519801019825,0.636357531745678,0.6224814148674688,80.11400135648871,21.207840818603316,13.630159176960483,144.34531657461807
23,6416.968067419712,0.0,-12.0,0.18587858371785085,0.3686519801019825,0.6360874772241578,0.6224814148674688,80.11400135648871,21.207840818603316,13.630159176960483,144.34531657461807
23,6416.968067419712,0.0,-12.0,0.18587858371785085,0.3686519801019825,0.6363577274363891,0.6224814148674688,80.11400135648871,21.207840818603316,13.630159176960483,144.34531657461807
23,44.801664828455365,44.80166482845535,-12.0,0.18587405036109553,0.27751449239011666,0.2155946331712585,0.24567050194383866,15.060716696205944,0.618782308709882,13.597635718570753,55.82202951220819
23,6416.968067419712,0.0,-12.0,0.18587858371785085,0.3686519801019825,0.6363575280552907,0.6224814148674688,80.11400135648871,21.207840818603316,13.630159176960483,144.34531657461807
23,44.801664828455365,44.80166482845535,-12.0,0.18587405036109553,0.27751449239011666,0.21507249961880792,0.20029892297856322,15.060716696205944,0.583700845544034,13.597635718570753,59.26101670332756
23,6416.9680674197125,0.0,-12.0,0.1426862125040569,0.2933984739651541,0.633067813680892,0.6379468265242532,65.12820374462886,29.070797725904526,167.09649087578765,240.2155725310469
23,6416.9680674197125,0.0,-12.0,0.18607603102959497,0.36666857581365425,0.6329241711763404,0.6183366691374602,80.11400135648871,21.207840818603316,13.630159176960483,144.34531657461807
23,6416.9680674197125,0.0,-12.0,0.18607603102959497,0.36666857581365425,0.6335691612889434,0.6183366691374602,80.11400135648871,21.207840818603316,13.630159176960483,144.34531657461807
23,6416.9680674197125,0.0,-12.0,0.18832035024337634,0.277097917671601,0.6409659560314362,0.6089686690081868,56.768442753394126,5.573626635277692,13.614095655527505,145.97393306236916
23,6416.9680674197125,0.0,-12.0,0.18817923183064364,0.277097917671601,0.6409659560314362,0.6089888362194764,56.768442753394126,5.573626635277692,7.363770117537629,145.97393306236916
23,6416.9680674197125,0.0,-12.0,0.18587858371785085,0.3686519801019825,0.6363575345896417,0.6224814148674688,80.11400135648871,12.873187614803259,13.630159176960483,144.34531657461807
23,6416.9680674197125,0.0,-12.0,0.18832035024337634,0.269650450030558,0.6440654602941532,0.6089686690081868,56.81529807031565,5.771594793978309,13.614095655527505,145.97393306236916
23,6416.9680674197125,0.0,-12.0,0.18588125919230158,0.3686075661994123,0.636357531745678,0.6308154996753522,80.12370821793671,24.02420277872934,13.201247619149681,144.34531657461807
23,6416.9680674197125,0.0,-12.0,0.18832035024337634,0.277097917671601,0.6409659560314362,0.6089686690081868,56.768442753394126,5.573626635277692,13.614095655527505,138.66269042215308
23,6416.9680674197125,0.0,-12.0,0.18817923183064364,0.2767890317072234,0.6409659560314362,0.5763094264017732,56.768442753394126,5.5862021126287615,7.363770117537629,145.97393306236916
23,6416.9680674197125,0.0,-12.0,0.18587858371785085,0.3686519801019825,0.636357531798624,0.6224814148674688,80.11400135648871,12.917262476881612,13.630159176960483,146.173012550014
23,6416.9680674197125,0.0,-12.0,0.18587858371785085,0.21988855714693314,0.6363577274363891,0.6253707571061183,79.33121978258626,1.8176580508926907,14.573035958562885,144.34531657461807
23,6416.9680674197125,0.0,-12.0,0.18817923183064364,0.2767890317072234,0.6410262583228429,0.5763094264017732,56.750526116908944,5.5862021126287615,13.657644476103183,145.97393306236916
23,6416.9680674197125,0.0,-12.0,0.18587858371785085,0.3686519801019825,0.6360271749327485,0.6055297504984674,80.1319179929741,21.207840818603316,7.336284818904658,144.34531657461807
23,44.99062902673845,44.99062902673843,-12.0,0.18587405036109553,0.29998398509531754,0.21577218572240064,0.24567050194383866,15.060716696205944,0.45915931418682643,14.184285233854874,55.82202951220819
23,6416.968067419713,0.0,-12.0,0.18587858371785085,0.3686519801019825,0.6363577274363891,0.6224814148674688,81.7741618255379,31.701619080813856,13.859643930516489,144.9888454225743
23,6416.968067419713,0.0,-12.0,0.18587858371785085,0.3686519801019825,0.6363577274363891,0.6224814148674688,57.21006366900001,21.207840818603316,13.859643930516489,144.92956574911324
23,6416.968067419713,0.0,-12.0,0.32675101291525066,0.36818438409295073,0.6355592471976416,0.5952719817292063,57.471643074198774,29.581372384770745,22.203847463368895,238.749755275474
23,6416.968067419713,0.0,-12.0,0.1402270365105145,0.35859180620266423,0.6394886898534615,0.6100410693134449,79.82315922897085,37.27205762148964,125.54874871585335,212.42490593104316
23,6416.968067419713,0.0,-12.0,0.13205503177778644,0.23544268884126446,0.6244700266160077,0.6088571496494285,67.72235654237299,78.6227324728403,5.1707307488116925,193.36687525621969
23,6416.968067419713,0.0,-12.0,0.18725207805844096,0.36937866985948564,0.6409659560314362,0.6089888362194764,56.768442753394126,5.573626635277692,7.538541134234925,145.96381302635615
23,6416.968067419713,0.0,-12.0,0.1402270365105145,0.35859180620266423,0.6485722064143832,0.6100410693134449,79.82315922897085,35.1756887149095,128.1404675418457,208.25602682148616
23,6416.968067419713,0.0,-12.0,0.1426862125040569,0.2942966856674712,0.640475037678547,0.63604263003319,64.53000619335928,5.114423252874422,160.3387357189178,241.77834517332474
23,6416.968067419713,0.0,-12.0,0.1880059419948752,0.3180504888090534,0.6409659560314362,0.6089686690081868,56.768442753394126,5.573626635277692,13.614095655527505,145.97393306236916
23,56.266267691655806,54.80870712814958,-12.0,0.1721137977615923,0.26978735165214657,0.205652650730314,0.19774112344330222,49.210240879378354,0.43321849769493104,16.384828717853924,48.8995321880694
23,56.60252049889881,50.960882516750814,-12.0,0.1955849725387106,0.26509950983260794,0.1943417862412411,0.19770197248273988,43.36226264776582,0.4321298993173528,13.597635718570753,55.90456302738551
23,6416.968067419714,0.0,-12.0,0.18588125919230158,0.3686075661994123,0.6330637295846189,0.6308154996753522,64.6140209628341,37.49412529718884,167.06209511250367,144.34531657461807
23,56.36583215578829,54.80870712814958,-12.0,0.17318157695581116,0.26978735165214657,0.17533105314976802,0.24838233519991876,49.459778514833374,2.3353662330799003,13.109149543876912,55.79862008222233
23,56.36583215578829,54.80870712814958,-12.0,0.1740259429006436,0.26978735165214657,0.2506283219207898,0.19770162072192665,49.33428397907118,2.4167529675758814,13.597635718570753,55.82202951220819
23,6416.968067419714,0.0,-12.0,0.1426862125040569,0.2933984739651541,0.6363616158419512,0.6280800224504802,80.63789099973147,23.651556159079778,13.430081407564387,240.2155725310469
23,64.53908845470285,52.99527250127981,-12.0,0.17234667802659726,0.26978735165214657,0.20486015330162238,0.19368756919161562,67.61912809545674,0.43347044651872313,15.923743817116518,69.84374553344388
23,56.60252049889881,54.00311694016733,-12.0,0.19599137511922177,0.26978735165214657,0.19345522839538995,0.19770198001401204,44.17477401976651,0.3960063495604006,26.675132973256428,55.90456302738551
23,59.74831741039046,53.66077956116315,-12.0,0.20837912978308518,0.2669327383085145,0.18227522680441646,0.18337161918070888,50.779366552207115,2.4167828576155057,13.581165199693052,76.00336636791006
23,59.836754817579234,53.01639966947076,-12.0,0.1955849725387106,0.26978735165214657,0.19345522839538995,0.1969132481632837,53.87494571747763,0.43295284435844583,18.462089966044317,28.283212654170725
23,57.00260260116786,53.69063047411192,-12.0,0.1937210290193408,0.27754708299219777,0.19980763004754265,0.19770162072192665,49.15705404181075,0.46265400666192047,13.54537801440116,55.82202951220819
23,56.60252049889881,54.00311694016733,-12.0,0.1955849725387106,0.26978735165214657,0.20478985418511936,0.19770197248273988,44.255030005136994,0.4321298993173528,26.14466072174509,53.077325561318226
23,57.00260260116786,53.69063047411192,-12.0,0.19369724219128429,0.26978735165214657,0.20304850038571373,0.19770162072192665,49.33428397907118,2.4167529675758814,13.537570904110025,55.82202951220819
23,59.836754817579234,53.01639966947076,-12.0,0.1955849725387106,0.26978735165214657,0.19345522839538995,0.19770197248273988,53.87494571747763,0.43295284435844583,13.597635718570753,55.90456302738551
23,57.00260260116786,53.69063047411192,-12.0,0.19369724219128429,0.26978735165214657,0.20478985418511936,0.19770162072192665,49.33428397907118,2.4167529675758814,13.597635718570753,55.82202951220819
23,57.00260260116786,53.69063047411192,-12.0,0.1937210290193408,0.26978735165214657,0.19998518259868484,0.19770162072192665,49.15705404181075,0.5390719160652637,20.430868439924716,55.82202951220819
23,6416.968067419714,0.0,-12.0,0.1704391023909624,0.3686519801019825,0.6363575345366957,0.6224814148674688,80.11400135648871,21.16376595654605,13.630159176960483,144.34531657461807
23,57.00260260116786,53.69063047411192,-12.0,0.1941868588417423,0.26978735165214657,0.22438553050058666,0.19770162072192665,49.33428397907118,2.4167529675758814,13.537570904110025,55.82202951220819
24,6416.968067419712,0.0,-12.0,0.18587858371785085,0.3686519801019825,0.636357531745678,0.6224814148674688,80.11400135648871,21.207840818603316,13.630159176960483,144.34531657461807
24,6416.968067419712,0.0,-12.0,0.18587858371785085,0.3686519801019825,0.6360874772241578,0.6224814148674688,80.11400135648871,21.207840818603316,13.630159176960483,144.34531657461807
24,6416.968067419712,0.0,-12.0,0.18587858371785085,0.3686519801019825,0.6363577274363891,0.6224814148674688,80.11400135648871,21.207840818603316,13.630159176960483,144.34531657461807
24,44.801664828455365,44.80166482845535,-12.0,0.18587405036109553,0.27751449239011666,0.2155946331712585,0.24567050194383866,15.060716696205944,0.618782308709882,13.597635718570753,55.82202951220819
24,6416.968067419712,0.0,-12.0,0.18587858371785085,0.3686519801019825,0.6363575280552907,0.6224814148674688,80.11400135648871,21.207840818603316,13.630159176960483,144.34531657461807
24,44.801664828455365,44.80166482845535,-12.0,0.18587405036109553,0.27751449239011666,0.21507249961880792,0.20029892297856322,15.060716696205944,0.583700845544034,13.597635718570753,59.26101670332756
24,6416.968067419712,0.0,-12.0,0.18587858371785085,0.3686519801019825,0.636357531745678,0.6224814148674688,80.11400135648871,21.207840818603316,13.455747178997923,144.34531657461807
24,6416.968067419712,0.0,-12.0,0.18587858371785085,0.3686519801019825,0.6363577274363891,0.6310970162187519,80.11400135648871,21.207840818603316,13.634372112719966,144.34531657461807
24,44.971846367580056,44.97184636758003,-12.0,0.18587405036109553,0.29998398509531754,0.21466511058400603,0.24567050194383866,15.578334590721386,0.45915931418682643,14.184186727071802,57.751806263673195
24,6416.9680674197125,0.0,-12.0,0.1426862125040569,0.2933984739651541,0.633067813680892,0.6379468265242532,65.12820374462886,29.070797725904526,167.09649087578765,240.2155725310469
24,6416.9680674197125,0.0,-12.0,0.18607603102959497,0.36666857581365425,0.6329241711763404,0.6183366691374602,80.11400135648871,21.207840818603316,13.630159176960483,144.34531657461807
24,6416.9680674197125,0.0,-12.0,0.18607603102959497,0.36666857581365425,0.6335691612889434,0.6183366691374602,80.11400135648871,21.207840818603316,13.630159176960483,144.34531657461807
24,6416.9680674197125,0.0,-12.0,0.18832035024337634,0.277097917671601,0.6409659560314362,0.6089686690081868,56.768442753394126,5.573626635277692,13.614095655527505,145.97393306236916
24,6416.9680674197125,0.0,-12.0,0.18817923183064364,0.277097917671601,0.6409659560314362,0.6089888362194764,56.768442753394126,5.573626635277692,7.363770117537629,145.97393306236916
24,6416.9680674197125,0.0,-12.0,0.18587858371785085,0.3686519801019825,0.6363575345896417,0.6224814148674688,80.11400135648871,12.873187614803259,13.630159176960483,144.34531657461807
24,6416.9680674197125,0.0,-12.0,0.18832035024337634,0.269650450030558,0.6440654602941532,0.6089686690081868,56.81529807031565,5.771594793978309,13.614095655527505,145.97393306236916
24,6416.9680674197125,0.0,-12.0,0.18588125919230158,0.3686075661994123,0.636357531745678,0.6308154996753522,80.12370821793671,24.02420277872934,13.201247619149681,144.34531657461807
24,6416.9680674197125,0.0,-12.0,0.18832035024337634,0.277097917671601,0.6409659560314362,0.6089686690081868,56.768442753394126,5.573626635277692,13.614095655527505,138.66269042215308
24,6416.9680674197125,0.0,-12.0,0.18817923183064364,0.2767890317072234,0.6409659560314362,0.5763094264017732,56.768442753394126,5.5862021126287615,7.363770117537629,145.97393306236916
24,6416.9680674197125,0.0,-12.0,0.18587858371785085,0.3686519801019825,0.636357531798624,0.6224814148674688,80.11400135648871,12.917262476881612,13.630159176960483,146.173012550014
24,6416.9680674197125,0.0,-12.0,0.18587858371785085,0.21988855714693314,0.6363577274363891,0.6253707571061183,79.33121978258626,1.8176580508926907,14.573035958562885,144.34531657461807
24,6416.9680674197125,0.0,-12.0,0.18817923183064364,0.2767890317072234,0.6410262583228429,0.5763094264017732,56.750526116908944,5.5862021126287615,13.657644476103183,145.97393306236916
24,6416.9680674197125,0.0,-12.0,0.18587858371785085,0.3686519801019825,0.6360271749327485,0.6055297504984674,80.1319179929741,21.207840818603316,7.336284818904658,144.34531657461807
24,6416.9680674197125,0.0,-12.0,0.18588125919230158,0.3686075661994123,0.636357531745678,0.6221998983240684,80.12370821793671,24.02420277872934,13.1970346833902,144.34531657461807
24,44.99062902673845,44.99062902673843,-12.0,0.18587405036109553,0.29998398509531754,0.21577218572240064,0.24567050194383866,15.060716696205944,0.45915931418682643,14.184285233854874,55.82202951220819
24,6416.968067419713,0.0,-12.0,0.18587858371785085,0.3686519801019825,0.6363577274363891,0.6224814148674688,81.7741618255379,31.701619080813856,13.859643930516489,144.9888454225743
24,6416.968067419713,0.0,-12.0,0.18587858371785085,0.3686519801019825,0.6363577274363891,0.6224814148674688,57.21006366900001,21.207840818603316,13.859643930516489,144.92956574911324
24,6416.968067419713,0.0,-12.0,0.32675101291525066,0.36818438409295073,0.6355592471976416,0.5952719817292063,57.471643074198774,29.581372384770745,22.203847463368895,238.749755275474
24,6416.968067419713,0.0,-12.0,0.1402270365105145,0.35859180620266423,0.6394886898534615,0.6100410693134449,79.82315922897085,37.27205762148964,125.54874871585335,212.42490593104316
24,6416.968067419713,0.0,-12.0,0.13205503177778644,0.23544268884126446,0.6244700266160077,0.6088571496494285,67.72235654237299,78.6227324728403,5.1707307488116925,193.36687525621969
24,6416.968067419713,0.0,-12.0,0.18725207805844096,0.36937866985948564,0.6409659560314362,0.6089888362194764,56.768442753394126,5.573626635277692,7.538541134234925,145.96381302635615
24,6416.968067419713,0.0,-12.0,0.1402270365105145,0.35859180620266423,0.6485722064143832,0.6100410693134449,79.82315922897085,35.1756887149095,128.1404675418457,208.25602682148616
24,6416.968067419713,0.0,-12.0,0.1426862125040569,0.2942966856674712,0.640475037678547,0.63604263003319,64.53000619335928,5.114423252874422,160.3387357189178,241.77834517332474
24,6416.968067419713,0.0,-12.0,0.1880059419948752,0.3180504888090534,0.6409659560314362,0.6089686690081868,56.768442753394126,5.573626635277692,13.614095655527505,145.97393306236916
24,6416.968067419713,0.0,-12.0,0.1885124739988529,0.37542883211843847,0.6360271749327485,0.6054572187899955,80.1319179929741,21.207840818603316,7.336284818904658,145.9713879365812
24,6416.968067419713,0.0,-12.0,0.18587858371785085,0.3686519801019825,0.6363577274363891,0.6224814148674688,81.7741618255379,31.701619080813856,13.859643930516489,144.98461953913454
24,6416.968067419713,0.0,-12.0,0.1426862125040569,0.2942966856674712,0.640475037678547,0.63604263003319,65.00434900294776,5.47400262415033,0.18240574394111775,239.74369885662477
24,6416.968067419713,0.0,-12.0,0.1741591661124027,0.26978735165214657,0.641670900639246,0.6169175221502659,49.33428397907118,21.952048408871658,10.462684779534623,55.82202951220819
24,6416.968067419713,0.0,-12.0,0.1880059419948752,0.3180504888090534,0.6380622176380585,0.6286918802385837,56.250930977525044,5.573626635277692,13.614194162310577,144.0441596989624
24,56.60252049889881,50.960882516750814,-12.0,0.1955849725387106,0.26509950983260794,0.1943417862412411,0.19770197248273988,43.36226264776582,0.4321298993173528,13.597635718570753,55.90456302738551
24,52.24675462436598,52.246754624365956,-12.0,0.1743062343432497,0.26978735165214657,0.20551250338656485,0.19770197248273988,36.17212729952057,0.4321298993173528,26.14466072174509,54.89610316585828
24,6416.968067419714,0.0,-12.0,0.18588125919230158,0.3686075661994123,0.6330637295846189,0.6308154996753522,64.6140209628341,37.49412529718884,167.06209511250367,144.34531657461807
24,6416.968067419714,0.0,-12.0,0.1426862125040569,0.2933984739651541,0.6363616158419512,0.6280800224504802,80.63789099973147,23.651556159079778,13.430081407564387,240.2155725310469
24,6416.968067419714,0.0,-12.0,0.1704391023909624,0.3686519801019825,0.6363575345366957,0.6224814148674688,80.11400135648871,21.16376595654605,13.630159176960483,144.34531657461807
24,6416.968067419714,0.0,-12.0,0.18817923183064364,0.20827446007086714,0.6442731140991856,0.5763094264017732,79.09942810157551,5.5862021126287615,13.548310942419967,144.34509616700848
24,6416.968067419714,0.0,-12.0,0.18588125919230158,0.3686075661994123,0.636357531745678,0.6308154996753522,57.792722869755494,24.02420277872934,7.016706796274427,145.97415346997877
24,6416.968067419714,0.0,-12.0,0.18587858371785085,0.3800616969967851,0.636357531745678,0.6224814148674688,80.11400135648871,21.207840818603316,13.630159176960483,144.34954245805784
24,53.22704191527303,53.22704191527299,-12.0,0.1941151136230769,0.26978735165214657,0.1724917523513319,0.21626776045940369,34.303415395831834,2.4167529675758814,13.129129628455628,55.82169559221179
25,6416.968067419712,0.0,-12.0,0.18587858371785085,0.3686519801019825,0.636357531745678,0.6224814148674688,80.11400135648871,21.207840818603316,13.630159176960483,144.34531657461807
25,6416.968067419712,0.0,-12.0,0.18587858371785085,0.3686519801019825,0.6360874772241578,0.6224814148674688,80.11400135648871,21.207840818603316,13.630159176960483,144.34531657461807
25,6416.968067419712,0.0,-12.0,0.18587858371785085,0.3686519801019825,0.6363577274363891,0.6224814148674688,80.11400135648871,21.207840818603316,13.630159176960483,144.34531657461807
25,6416.968067419712,0.0,-12.0,0.18587858371785085,0.3686519801019825,0.6363575280552907,0.6224814148674688,80.11400135648871,21.207840818603316,13.630159176960483,144.34531657461807
25,6416.968067419712,0.0,-12.0,0.18587858371785085,0.3686519801019825,0.636357531745678,0.6224814148674688,80.11400135648871,21.207840818603316,13.455747178997923,144.34531657461807
25,6416.968067419712,0.0,-12.0,0.18587858371785085,0.3686519801019825,0.6363577274363891,0.6310970162187519,80.11400135648871,21.207840818603316,13.634372112719966,144.34531657461807
25,6416.968067419712,0.0,-12.0,0.18587858371785085,0.3686519801019825,0.6363575360855402,0.6224814148674688,80.11400135648871,21.207840818603316,13.630159176960483,144.34531657461807
25,43.32054401444125,43.32054401444125,-12.0,0.1746113513994138,0.27008265179179697,0.20551250338656485,0.2002519928554689,14.881167831157073,0.4321298993173528,26.14466072174509,59.40289100785613
25,6416.968067419712,0.0,-12.0,0.18587858371785085,0.3686519801019825,0.6363577274363891,0.6374674333568996,80.11400135648871,21.207840818603316,13.630159176960483,141.6612066064987
25,6416.968067419712,0.0,-12.0,0.18587858371785085,0.3686519801019825,0.6363577194061394,0.6310970162187519,80.11400135648871,21.207840818603316,13.634372112719966,144.34531657461807
25,6416.968067419712,0.0,-12.0,0.18587858371785085,0.3686519801019825,0.6363575280552907,0.6224814148674688,80.11400135648871,21.207840818603316,13.630159176960483,143.97912522401916
25,6416.968067419712,0.0,-12.0,0.13205503177778644,0.22078390197034845,0.6244700266160077,0.5988788490491429,67.84129725718809,9.052771279630242,0.08662327209242049,243.23205058911483
25,44.801664828455365,44.80166482845535,-12.0,0.18587405036109553,0.27751449239011666,0.2155946331712585,0.24567050194383866,15.060716696205944,0.618782308709882,13.597635718570753,55.82202951220819
25,44.801664828455365,44.80166482845535,-12.0,0.18587405036109553,0.27751449239011666,0.21507249961880792,0.20029892297856322,15.060716696205944,0.583700845544034,13.597635718570753,59.26101670332756
25,6416.9680674197125,0.0,-12.0,0.1426862125040569,0.2933984739651541,0.633067813680892,0.6379468265242532,65.12820374462886,29.070797725904526,167.09649087578765,240.2155725310469
25,6416.9680674197125,0.0,-12.0,0.18607603102959497,0.36666857581365425,0.6329241711763404,0.6183366691374602,80.11400135648871,21.207840818603316,13.630159176960483,144.34531657461807
25,6416.9680674197125,0.0,-12.0,0.18607603102959497,0.36666857581365425,0.6335691612889434,0.6183366691374602,80.11400135648871,21.207840818603316,13.630159176960483,144.34531657461807
25,6416.9680674197125,0.0,-12.0,0.18832035024337634,0.277097917671601,0.6409659560314362,0.6089686690081868,56.768442753394126,5.573626635277692,13.614095655527505,145.97393306236916
25,6416.9680674197125,0.0,-12.0,0.18817923183064364,0.277097917671601,0.6409659560314362,0.6089888362194764,56.768442753394126,5.573626635277692,7.363770117537629,145.97393306236916
25,6416.9680674197125,0.0,-12.0,0.18587858371785085,0.3686519801019825,0.6363575345896417,0.6224814148674688,80.11400135648871,12.873187614803259,13.630159176960483,144.34531657461807
25,6416.9680674197125,0.0,-12.0,0.18832035024337634,0.269650450030558,0.6440654602941532,0.6089686690081868,56.81529807031565,5.771594793978309,13.614095655527505,145.97393306236916
25,6416.9680674197125,0.0,-12.0,0.18588125919230158,0.3686075661994123,0.636357531745678,0.6308154996753522,80.12370821793671,24.02420277872934,13.201247619149681,144.34531657461807
25,6416.9680674197125,0.0,-12.0,0.18832035024337634,0.277097917671601,0.6409659560314362,0.6089686690081868,56.768442753394126,5.573626635277692,13.614095655527505,138.66269042215308
25,6416.9680674197125,0.0,-12.0,0.18817923183064364,0.2767890317072234,0.6409659560314362,0.5763094264017732,56.768442753394126,5.5862021126287615,7.363770117537629,145.97393306236916
25,6416.9680674197125,0.0,-12.0,0.18587858371785085,0.3686519801019825,0.636357531798624,0.6224814148674688,80.11400135648871,12.917262476881612,13.630159176960483,146.173012550014
25,6416.9680674197125,0.0,-12.0,0.18587858371785085,0.21988855714693314,0.6363577274363891,0.6253707571061183,79.33121978258626,1.8176580508926907,14.573035958562885,144.34531657461807
25,6416.9680674197125,0.0,-12.0,0.18817923183064364,0.2767890317072234,0.6410262583228429,0.5763094264017732,56.750526116908944,5.5862021126287615,13.657644476103183,145.97393306236916
25,6416.9680674197125,0.0,-12.0,0.18587858371785085,0.3686519801019825,0.6360271749327485,0.6055297504984674,80.1319179929741,21.207840818603316,7.336284818904658,144.34531657461807
25,6416.9680674197125,0.0,-12.0,0.18588125919230158,0.3686075661994123,0.636357531745678,0.6221998983240684,80.12370821793671,24.02420277872934,13.1970346833902,144.34531657461807
25,6416.9680674197125,0.0,-12.0,0.18607603102959497,0.3694165403007035,0.6329241711763404,0.6183366691374602,80.11400135648871,21.207840818603316,7.679315350559891,144.34531657461807
25,6416.9680674197125,0.0,-12.0,0.18587858371785085,0.3686519801019825,0.6360271749327485,0.6052687202500726,80.1319179929741,21.207840818603316,7.336284818904658,144.34531657461807
25,6416.9680674197125,0.0,-12.0,0.18817923183064364,0.277097917671601,0.6409659560314362,0.6089888362194764,56.768442753394126,5.573626635277692,34.61774643943834,145.97393306236916
25,6416.9680674197125,0.0,-12.0,0.18934133675394904,0.27697611777458003,0.6404737898473367,0.6089686690081868,56.834281714908066,5.096366483548471,13.614095655527505,147.01287213171236
25,6416.9680674197125,0.0,-12.0,0.18832035024337634,0.277097917671601,0.6400740007159272,0.6089686690081868,56.76873301854997,5.573626635277692,13.614095655527505,145.4906385358661
25,44.971846367580056,44.97184636758003,-12.0,0.18587405036109553,0.29998398509531754,0.21466511058400603,0.24567050194383866,15.578334590721386,0.45915931418682643,14.184186727071802,57.751806263673195
25,6416.968067419713,0.0,-12.0,0.18587858371785085,0.3686519801019825,0.6363577274363891,0.6224814148674688,81.7741618255379,31.701619080813856,13.859643930516489,144.9888454225743
25,6416.968067419713,0.0,-12.0,0.17752223244229656,0.3686075661994123,0.636357531745678,0.6308154996753522,80.12370821793671,24.02420277872934,13.201247619149681,144.34531657461807
25,6416.968067419713,0.0,-12.0,0.32675101291525066,0.36818438409295073,0.6355592471976416,0.5952719817292063,57.471643074198774,29.581372384770745,22.203847463368895,238.749755275474
25,6416.968067419713,0.0,-12.0,0.13205503177778644,0.23544268884126446,0.6244700266160077,0.6088571496494285,67.72235654237299,78.6227324728403,5.1707307488116925,193.36687525621969
25,6416.968067419713,0.0,-12.0,0.1426862125040569,0.3726709918121402,0.6330544415140134,0.6379312374914545,65.12820374462886,29.09520065004837,152.69542042461342,240.2155725310469
25,6416.968067419713,0.0,-12.0,0.14428137244212771,0.3777357325338278,0.6411911884619136,0.5910819194750578,49.87753560294894,5.808093389347217,7.363770117537629,144.3413946905782
25,6416.968067419713,0.0,-12.0,0.18587858371785085,0.3686076776063457,0.636357531745678,0.6281540544914224,80.11400135648871,21.207840818603316,14.760053014273776,144.34531657461807
25,6416.968067419713,0.0,-12.0,0.1402270365105145,0.35859180620266423,0.6485722064143832,0.6100410693134449,79.82315922897085,35.1756887149095,128.1404675418457,208.25602682148616
25,6416.968067419713,0.0,-12.0,0.1741591661124027,0.26978735165214657,0.641670900639246,0.6169175221502659,49.33428397907118,21.952048408871658,10.462684779534623,55.82202951220819
25,6416.968067419713,0.0,-12.0,0.1426862125040569,0.2942966856674712,0.640475037678547,0.63604263003319,64.53000619335928,5.114423252874422,160.3387357189178,241.77834517332474
25,6416.968067419713,0.0,-12.0,0.1402270365105145,0.35859180620266423,0.6394886898534615,0.6100410693134449,79.82315922897085,37.27205762148964,125.54874871585335,212.42490593104316
25,6416.968067419713,0.0,-12.0,0.1885124739988529,0.37542883211843847,0.6360271749327485,0.6054572187899955,80.1319179929741,21.207840818603316,7.336284818904658,145.9713879365812
25,6416.968067419713,0.0,-12.0,0.1426862125040569,0.2942966856674712,0.640475037678547,0.63604263003319,65.00434900294776,5.47400262415033,0.18240574394111775,239.74369885662477
26,6416.968067419712,0.0,-12.0,0.18587858371785085,0.3686519801019825,0.636357531745678,0.6224814148674688,80.11400135648871,21.207840818603316,13.630159176960483,144.34531657461807
26,6416.968067419712,0.0,-12.0,0.18587858371785085,0.3686519801019825,0.6360874772241578,0.6224814148674688,80.11400135648871,21.207840818603316,13.630159176960483,144.34531657461807
26,6416.968067419712,0.0,-12.0,0.18587858371785085,0.3686519801019825,0.6363577274363891,0.6224814148674688,80.11400135648871,21.207840818603316,13.630159176960483,144.34531657461807
26,6416.968067419712,0.0,-12.0,0.18587858371785085,0.3686519801019825,0.6363575280552907,0.6224814148674688,80.11400135648871,21.207840818603316,13.630159176960483,144.34531657461807
26,6416.968067419712,0.0,-12.0,0.18587858371785085,0.3686519801019825,0.636357531745678,0.6224814148674688,80.11400135648871,21.207840818603316,13.455747178997923,144.34531657461807
26,6416.968067419712,0.0,-12.0,0.18587858371785085,0.3686519801019825,0.6363577274363891,0.6310970162187519,80.11400135648871,21.207840818603316,13.634372112719966,144.34531657461807
26,6416.968067419712,0.0,-12.0,0.18587858371785085,0.3686519801019825,0.6363575360855402,0.6224814148674688,80.11400135648871,21.207840818603316,13.630159176960483,144.34531657461807
26,6416.968067419712,0.0,-12.0,0.18587858371785085,0.3686519801019825,0.6363577274363891,0.6374674333568996,80.11400135648871,21.207840818603316,13.630159176960483,141.6612066064987
26,6416.968067419712,0.0,-12.0,0.18587858371785085,0.3686519801019825,0.6363577194061394,0.6310970162187519,80.11400135648871,21.207840818603316,13.634372112719966,144.34531657461807
26,6416.968067419712,0.0,-12.0,0.18587858371785085,0.3686519801019825,0.6363575280552907,0.6224814148674688,80.11400135648871,21.207840818603316,13.630159176960483,143.97912522401916
26,6416.968067419712,0.0,-12.0,0.13205503177778644,0.22078390197034845,0.6244700266160077,0.5988788490491429,67.84129725718809,9.052771279630242,0.08662327209242049,243.23205058911483
26,6416.968067419712,0.0,-12.0,0.18587858371785085,0.3686519801019825,0.636357736271143,0.6322114250621343,80.11400135648871,21.207840818603316,13.634372112719966,144.34531657461807
26,6416.968067419712,0.0,-12.0,0.18587858371785085,0.3686519801019825,0.6363577269056725,0.6224085971346334,80.11400135648871,21.207840818603316,13.634372112719966,163.0846363890924
26,6416.968067419712,0.0,-12.0,0.18587858371785085,0.3686519801019825,0.6363575316732308,0.6224814148674688,80.11400135648871,21.207840818603316,13.630159176960483,171.22517683496795
26,41.693549452922845,41.69354945292283,-12.0,0.1415245598444846,0.27751449239011666,0.21668355997741784,0.16729890630902042,15.060716696205944,0.618782308709882,13.417717560335873,55.82202951220819
26,6416.968067419712,0.0,-12.0,0.1885124739988529,0.37542883211843847,0.6360271749327485,0.6273488055967141,78.56175624714373,0.4409609189571668,7.147537371499334,145.9713879365812
26,6416.968067419712,0.0,-12.0,0.18587858371785085,0.3686519801019825,0.6363575285860071,0.6311698339515868,80.11400135648871,21.207840818603316,13.630159176960483,143.97912522401916
26,6416.968067419712,0.0,-12.0,0.18587858371785085,0.3686519801019825,0.6363575281277378,0.6224814148674688,80.11400135648871,21.207840818603316,13.630159176960483,144.34531657461807
26,6416.968067419712,0.0,-12.0,0.18587858371785085,0.3686519801019825,0.636357531798624,0.6201702124084233,80.11400135648871,21.20531182696456,13.630159176960483,146.1539572131707
26,43.32054401444125,43.32054401444125,-12.0,0.1746113513994138,0.27008265179179697,0.20551250338656485,0.2002519928554689,14.881167831157073,0.4321298993173528,26.14466072174509,59.40289100785613
26,6416.9680674197125,0.0,-12.0,0.1426862125040569,0.2933984739651541,0.633067813680892,0.6379468265242532,65.12820374462886,29.070797725904526,167.09649087578765,240.2155725310469
26,6416.9680674197125,0.0,-12.0,0.18607603102959497,0.36666857581365425,0.6329241711763404,0.6183366691374602,80.11400135648871,21.207840818603316,13.630159176960483,144.34531657461807
26,6416.9680674197125,0.0,-12.0,0.18607603102959497,0.36666857581365425,0.6335691612889434,0.6183366691374602,80.11400135648871,21.207840818603316,13.630159176960483,144.34531657461807
26,6416.9680674197125,0.0,-12.0,0.18832035024337634,0.277097917671601,0.6409659560314362,0.6089686690081868,56.768442753394126,5.573626635277692,13.614095655527505,145.97393306236916
26,6416.9680674197125,0.0,-12.0,0.18817923183064364,0.277097917671601,0.6409659560314362,0.6089888362194764,56.768442753394126,5.573626635277692,7.363770117537629,145.97393306236916
26,6416.9680674197125,0.0,-12.0,0.18587858371785085,0.3686519801019825,0.6363575345896417,0.6224814148674688,80.11400135648871,12.873187614803259,13.630159176960483,144.34531657461807
26,6416.9680674197125,0.0,-12.0,0.18832035024337634,0.269650450030558,0.6440654602941532,0.6089686690081868,56.81529807031565,5.771594793978309,13.614095655527505,145.97393306236916
26,6416.9680674197125,0.0,-12.0,0.18588125919230158,0.3686075661994123,0.636357531745678,0.6308154996753522,80.12370821793671,24.02420277872934,13.201247619149681,144.34531657461807
26,6416.9680674197125,0.0,-12.0,0.18832035024337634,0.277097917671601,0.6409659560314362,0.6089686690081868,56.768442753394126,5.573626635277692,13.614095655527505,138.66269042215308
26,6416.9680674197125,0.0,-12.0,0.18817923183064364,0.2767890317072234,0.6409659560314362,0.5763094264017732,56.768442753394126,5.5862021126287615,7.363770117537629,145.97393306236916
26,6416.9680674197125,0.0,-12.0,0.18587858371785085,0.3686519801019825,0.636357531798624,0.6224814148674688,80.11400135648871,12.917262476881612,13.630159176960483,146.173012550014
26,6416.9680674197125,0.0,-12.0,0.18587858371785085,0.21988855714693314,0.6363577274363891,0.6253707571061183,79.33121978258626,1.8176580508926907,14.573035958562885,144.34531657461807
26,6416.9680674197125,0.0,-12.0,0.18817923183064364,0.2767890317072234,0.6410262583228429,0.5763094264017732,56.750526116908944,5.5862021126287615,13.657644476103183,145.97393306236916
26,6416.9680674197125,0.0,-12.0,0.18587858371785085,0.3686519801019825,0.6360271749327485,0.6055297504984674,80.1319179929741,21.207840818603316,7.336284818904658,144.34531657461807
26,6416.9680674197125,0.0,-12.0,0.18588125919230158,0.3686075661994123,0.636357531745678,0.6221998983240684,80.12370821793671,24.02420277872934,13.1970346833902,144.34531657461807
26,6416.9680674197125,0.0,-12.0,0.18607603102959497,0.3694165403007035,0.6329241711763404,0.6183366691374602,80.11400135648871,21.207840818603316,7.679315350559891,144.34531657461807
26,6416.9680674197125,0.0,-12.0,0.18587858371785085,0.3686519801019825,0.6360271749327485,0.6052687202500726,80.1319179929741,21.207840818603316,7.336284818904658,144.34531657461807
26,6416.9680674197125,0.0,-12.0,0.18817923183064364,0.277097917671601,0.6409659560314362,0.6089888362194764,56.768442753394126,5.573626635277692,34.61774643943834,145.97393306236916
26,6416.9680674197125,0.0,-12.0,0.18934133675394904,0.27697611777458003,0.6404737898473367,0.6089686690081868,56.834281714908066,5.096366483548471,13.614095655527505,147.01287213171236
26,6416.9680674197125,0.0,-12.0,0.18832035024337634,0.277097917671601,0.6400740007159272,0.6089686690081868,56.76873301854997,5.573626635277692,13.614095655527505,145.4906385358661
26,6416.9680674197125,0.0,-12.0,0.18587858371785085,0.38769749816860855,0.636357531745678,0.6224814148674688,80.11400135648871,21.207840818603316,13.455747178997923,144.34531657461807
26,6416.9680674197125,0.0,-12.0,0.18587858371785085,0.3686519801019825,0.6360874772241578,0.6224814148674688,80.11400135648871,12.919791468539437,13.630159176960483,144.36437191146132
26,6416.9680674197125,0.0,-12.0,0.185970577665231,0.277097917671601,0.6400740007159272,0.6089686690081868,79.09388494047873,3.20309483336671,13.613674955031435,145.68060931050184
26,6416.9680674197125,0.0,-12.0,0.18612701382845312,0.37772417943122494,0.6411225657973147,0.6178669854318285,80.11400135648871,21.66654930287617,7.679315350559891,144.34531657461807
26,6416.9680674197125,0.0,-12.0,0.18587858371785085,0.3686519801019825,0.6360271749327485,0.6055297504984674,80.1319179929741,12.891205909135184,13.582366857728857,146.14537026840586
26,6416.9680674197125,0.0,-12.0,0.18817923183064364,0.277097917671601,0.6409659560314362,0.6089888362194764,56.768442753394126,5.573626635277692,24.8612294652197,145.97393306236916
26,6416.9680674197125,0.0,-12.0,0.18607603102959497,0.36666857581365425,0.6335691612889434,0.6199614193869432,80.11400135648871,21.207840818603316,13.630159176960483,164.51528808370625
26,6416.9680674197125,0.0,-12.0,0.18835081402685647,0.269650450030558,0.6440654602941532,0.6089686690081868,56.81529807031565,5.771594793978309,13.598935072623977,139.67559301208092
27,6416.968067419712,0.0,-12.0,0.18587858371785085,0.3686519801019825,0.636357531745678,0.6224814148674688,80.11400135648871,21.207840818603316,13.630159176960483,144.34531657461807
27,6416.968067419712,0.0,-12.0,0.18587858371785085,0.3686519801019825,0.6360874772241578,0.6224814148674688,80.11400135648871,21.207840818603316,13.630159176960483,144.34531657461807
27,6416.968067419712,0.0,-12.0,0.18587858371785085,0.3686519801019825,0.6363577274363891,0.6224814148674688,80.11400135648871,21.207840818603316,13.630159176960483,144.34531657461807
27,6416.968067419712,0.0,-12.0,0.18587858371785085,0.3686519801019825,0.6363575280552907,0.6224814148674688,80.11400135648871,21.207840818603316,13.630159176960483,144.34531657461807
27,6416.968067419712,0.0,-12.0,0.18587858371785085,0.3686519801019825,0.636357531745678,0.6224814148674688,80.11400135648871,21.207840818603316,13.455747178997923,144.34531657461807
27,6416.968067419712,0.0,-12.0,0.18587858371785085,0.3686519801019825,0.6363577274363891,0.6310970162187519,80.11400135648871,21.207840818603316,13.634372112719966,144.34531657461807
27,6416.968067419712,0.0,-12.0,0.18587858371785085,0.3686519801019825,0.6363575360855402,0.6224814148674688,80.11400135648871,21.207840818603316,13.630159176960483,144.34531657461807
27,6416.968067419712,0.0,-12.0,0.18587858371785085,0.3686519801019825,0.6363577274363891,0.6374674333568996,80.11400135648871,21.207840818603316,13.630159176960483,141.6612066064987
27,6416.968067419712,0.0,-12.0,0.18587858371785085,0.3686519801019825,0.6363577194061394,0.6310970162187519,80.11400135648871,21.207840818603316,13.634372112719966,144.34531657461807
27,6416.968067419712,0.0,-12.0,0.18587858371785085,0.3686519801019825,0.6363575280552907,0.6224814148674688,80.11400135648871,21.207840818603316,13.630159176960483,143.97912522401916
27,6416.968067419712,0.0,-12.0,0.13205503177778644,0.22078390197034845,0.6244700266160077,0.5988788490491429,67.84129725718809,9.052771279630242,0.08662327209242049,243.23205058911483
27,6416.968067419712,0.0,-12.0,0.18587858371785085,0.3686519801019825,0.636357736271143,0.6322114250621343,80.11400135648871,21.207840818603316,13.634372112719966,144.34531657461807
27,6416.968067419712,0.0,-12.0,0.18587858371785085,0.3686519801019825,0.6363577269056725,0.6224085971346334,80.11400135648871,21.207840818603316,13.634372112719966,163.0846363890924
27,6416.968067419712,0.0,-12.0,0.18587858371785085,0.3686519801019825,0.6363575316732308,0.6224814148674688,80.11400135648871,21.207840818603316,13.630159176960483,171.22517683496795
27,6416.968067419712,0.0,-12.0,0.1885124739988529,0.37542883211843847,0.6360271749327485,0.6273488055967141,78.56175624714373,0.4409609189571668,7.147537371499334,145.9713879365812
27,6416.968067419712,0.0,-12.0,0.18587858371785085,0.3686519801019825,0.6363575285860071,0.6311698339515868,80.11400135648871,21.207840818603316,13.630159176960483,143.97912522401916
27,6416.968067419712,0.0,-12.0,0.18587858371785085,0.3686519801019825,0.6363575281277378,0.6224814148674688,80.11400135648871,21.207840818603316,13.630159176960483,144.34531657461807
27,6416.968067419712,0.0,-12.0,0.18587858371785085,0.3686519801019825,0.636357531798624,0.6201702124084233,80.11400135648871,21.20531182696456,13.630159176960483,146.1539572131707
27,6416.968067419712,0.0,-12.0,0.18587858371785085,0.3686519801019825,0.636357531798624,0.6262390492940271,80.11400135648871,21.20531182696456,13.630159176960483,146.1539572131707
27,39.99950000321371,39.99950000321371,-12.0,0.1531423138965006,0.3710553068212299,0.22738177278944036,0.16729890630902042,11.73181909110098,0.618782308709882,13.642532125249378,50.80451641377644
27,6416.968067419712,0.0,-12.0,0.18587858371785085,0.3686519801019825,0.6363575336082966,0.6224803763527866,80.11400135648871,21.207840818603316,13.634499959589379,164.16188316537622
27,6416.968067419712,0.0,-12.0,0.18587858371785085,0.3686519801019825,0.6363577274363891,0.638695069545278,80.11400135648871,21.207840818603316,13.630159176960483,141.6612066064987
27,39.99950000321371,39.99950000321371,-12.0,0.1746113513994138,0.3158434811317082,0.20551250338656485,0.2002519928554689,11.861729282026541,0.4321298993173528,26.14466072174509,59.40289100785613
27,6416.968067419712,0.0,-12.0,0.1297793329981774,0.22078390197034845,0.6240227066122236,0.6030447372305484,67.82457040766451,9.052771279630242,0.08662327209242049,145.67328947174195
27,6416.968067419712,0.0,-12.0,0.18587858371785085,0.3686519801019825,0.636357729382916,0.6224096356493156,80.11400135648871,21.207840818603316,13.63003133009107,143.2680697983342
27,6416.968067419712,0.0,-12.0,0.18587858371785085,0.3686519801019825,0.6363577269200171,0.6316119596572212,80.11400135648871,21.207840818603316,13.634372112719966,145.79944408749245
27,6416.968067419712,0.0,-12.0,0.18587858371785085,0.3686519801019825,0.6363577274220444,0.6218936536961605,80.11400135648871,21.207840818603316,13.634372112719966,161.630508876218
27,6416.9680674197125,0.0,-12.0,0.18587858371785085,0.3686519801019825,0.6360319373559357,0.6052687202500726,80.13206405740088,21.207840818603316,7.336284818904658,144.34531657461807
27,6416.9680674197125,0.0,-12.0,0.1426862125040569,0.2933984739651541,0.633067813680892,0.6379468265242532,65.12820374462886,29.070797725904526,167.09649087578765,240.2155725310469
27,41.693549452922845,41.69354945292283,-12.0,0.1415245598444846,0.27751449239011666,0.21668355997741784,0.16729890630902042,15.060716696205944,0.618782308709882,13.417717560335873,55.82202951220819
27,6416.9680674197125,0.0,-12.0,0.18588125919230158,0.3686075661994123,0.636357531745678,0.6221998983240684,80.12370821793671,24.02420277872934,13.1970346833902,144.34531657461807
27,6416.9680674197125,0.0,-12.0,0.18587858371785085,0.3686519801019825,0.636357531798624,0.6224814148674688,80.11400135648871,12.917262476881612,13.630159176960483,146.173012550014
27,6416.9680674197125,0.0,-12.0,0.18835081402685647,0.269650450030558,0.6440654602941532,0.6089686690081868,56.81529807031565,5.771594793978309,13.598935072623977,139.67559301208092
27,6416.9680674197125,0.0,-12.0,0.18587858371785085,0.3686519801019825,0.6360271749327485,0.6055297504984674,80.1319179929741,12.891205909135184,13.582366857728857,146.14537026840586
27,6416.9680674197125,0.0,-12.0,0.18832035024337634,0.27756057901458153,0.6409659560314362,0.6089686690081868,56.768442753394126,5.573626635277692,13.614095655527505,138.66269042215308
27,6416.9680674197125,0.0,-12.0,0.18607603102959497,0.36666857581365425,0.6329241711763404,0.6183366691374602,80.11400135648871,21.207840818603316,13.630159176960483,144.34531657461807
27,6416.9680674197125,0.0,-12.0,0.18587858371785085,0.3686519801019825,0.6360874772241578,0.6224814148674688,80.11400135648871,12.919791468539437,13.630159176960483,144.36437191146132
27,6416.9680674197125,0.0,-12.0,0.18587858371785085,0.3686519801019825,0.6360271749327485,0.6055297504984674,80.1319179929741,21.207840818603316,7.336284818904658,144.34531657461807
27,6416.9680674197125,0.0,-12.0,0.18859226754079084,0.2637230688754842,0.643875221253749,0.6306828421568988,56.81529807031565,5.771594793978309,13.635837061062135,139.5107014260703
27,6416.9680674197125,0.0,-12.0,0.18587858371785085,0.3686519801019825,0.6363575345896417,0.6224814148674688,80.11400135648871,12.873187614803259,13.630159176960483,144.34531657461807
27,6416.9680674197125,0.0,-12.0,0.18588125919230158,0.3686075661994123,0.636357531745678,0.6308154996753522,80.12370821793671,24.02420277872934,13.201247619149681,144.34531657461807
27,6416.9680674197125,0.0,-12.0,0.18817923183064364,0.277097917671601,0.6409659560314362,0.6089888362194764,56.768442753394126,5.573626635277692,24.8612294652197,145.97393306236916
27,6416.9680674197125,0.0,-12.0,0.18832035024337634,0.277097917671601,0.6400740007159272,0.6089686690081868,56.76873301854997,5.573626635277692,13.614095655527505,145.4906385358661
27,6416.9680674197125,0.0,-12.0,0.1861421061582238,0.37772417943122494,0.6410376529960922,0.6224015389946954,80.11400135648871,21.66654930287617,13.422589461750624,144.34531657461807
27,6416.9680674197125,0.0,-12.0,0.18817923183064364,0.277097917671601,0.6409659560314362,0.6089888362194764,56.768442753394126,5.573626635277692,7.363770117537629,145.97393306236916
27,6416.9680674197125,0.0,-12.0,0.18587858371785085,0.38769749816860855,0.636357531745678,0.6224814148674688,80.11400135648871,21.207840818603316,13.455747178997923,144.34531657461807
27,6416.9680674197125,0.0,-12.0,0.18612701382845312,0.37772417943122494,0.6411225657973147,0.6178669854318285,80.11400135648871,21.66654930287617,7.679315350559891,144.34531657461807
27,6416.9680674197125,0.0,-12.0,0.18607603102959497,0.36666857581365425,0.6335691612889434,0.6183366691374602,80.11400135648871,21.207840818603316,13.630159176960483,144.34531657461807
28,6416.968067419712,0.0,-12.0,0.18587858371785085,0.3686519801019825,0.636357531745678,0.6224814148674688,80.11400135648871,21.207840818603316,13.630159176960483,144.34531657461807
28,6416.968067419712,0.0,-12.0,0.18587858371785085,0.3686519801019825,0.6360874772241578,0.6224814148674688,80.11400135648871,21.207840818603316,13.630159176960483,144.34531657461807
28,6416.968067419712,0.0,-12.0,0.18587858371785085,0.3686519801019825,0.6363577274363891,0.6224814148674688,80.11400135648871,21.207840818603316,13.630159176960483,144.34531657461807
28,6416.968067419712,0.0,-12.0,0.18587858371785085,0.3686519801019825,0.6363575280552907,0.6224814148674688,80.11400135648871,21.207840818603316,13.630159176960483,144.34531657461807
28,6416.968067419712,0.0,-12.0,0.18587858371785085,0.3686519801019825,0.636357531745678,0.6224814148674688,80.11400135648871,21.207840818603316,13.455747178997923,144.34531657461807
28,6416.968067419712,0.0,-12.0,0.18587858371785085,0.3686519801019825,0.6363577274363891,0.6310970162187519,80.11400135648871,21.207840818603316,13.634372112719966,144.34531657461807
28,6416.968067419712,0.0,-12.0,0.18587858371785085,0.3686519801019825,0.6363575360855402,0.6224814148674688,80.11400135648871,21.207840818603316,13.630159176960483,144.34531657461807
28,6416.968067419712,0.0,-12.0,0.18587858371785085,0.3686519801019825,0.6363577274363891,0.6374674333568996,80.11400135648871,21.207840818603316,13.630159176960483,141.6612066064987
28,6416.968067419712,0.0,-12.0,0.18587858371785085,0.3686519801019825,0.6363577194061394,0.6310970162187519,80.11400135648871,21.207840818603316,13.634372112719966,144.34531657461807
28,6416.968067419712,0.0,-12.0,0.18587858371785085,0.3686519801019825,0.6363575280552907,0.6224814148674688,80.11400135648871,21.207840818603316,13.630159176960483,143.97912522401916
28,6416.968067419712,0.0,-12.0,0.13205503177778644,0.22078390197034845,0.6244700266160077,0.5988788490491429,67.84129725718809,9.052771279630242,0.08662327209242049,243.23205058911483
28,6416.968067419712,0.0,-12.0,0.18587858371785085,0.3686519801019825,0.636357736271143,0.6322114250621343,80.11400135648871,21.207840818603316,13.634372112719966,144.34531657461807
28,6416.968067419712,0.0,-12.0,0.18587858371785085,0.3686519801019825,0.6363577269056725,0.6224085971346334,80.11400135648871,21.207840818603316,13.634372112719966,163.0846363890924
28,6416.968067419712,0.0,-12.0,0.18587858371785085,0.3686519801019825,0.6363575316732308,0.6224814148674688,80.11400135648871,21.207840818603316,13.630159176960483,171.22517683496795
28,6416.968067419712,0.0,-12.0,0.1885124739988529,0.37542883211843847,0.6360271749327485,0.6273488055967141,78.56175624714373,0.4409609189571668,7.147537371499334,145.9713879365812
28,6416.968067419712,0.0,-12.0,0.18587858371785085,0.3686519801019825,0.6363575285860071,0.6311698339515868,80.11400135648871,21.207840818603316,13.630159176960483,143.97912522401916
28,6416.968067419712,0.0,-12.0,0.18587858371785085,0.3686519801019825,0.6363575281277378,0.6224814148674688,80.11400135648871,21.207840818603316,13.630159176960483,144.34531657461807
28,6416.968067419712,0.0,-12.0,0.18587858371785085,0.3686519801019825,0.636357531798624,0.6201702124084233,80.11400135648871,21.20531182696456,13.630159176960483,146.1539572131707
28,6416.968067419712,0.0,-12.0,0.18587858371785085,0.3686519801019825,0.636357531798624,0.6262390492940271,80.11400135648871,21.20531182696456,13.630159176960483,146.1539572131707
28,39.99950000321371,39.99950000321371,-12.0,0.1531423138965006,0.3710553068212299,0.22738177278944036,0.16729890630902042,11.73181909110098,0.618782308709882,13.642532125249378,50.80451641377644
28,6416.968067419712,0.0,-12.0,0.18587858371785085,0.3686519801019825,0.6363575336082966,0.6224803763527866,80.11400135648871,21.207840818603316,13.634499959589379,164.16188316537622
28,6416.968067419712,0.0,-12.0,0.18587858371785085,0.3686519801019825,0.6363577274363891,0.638695069545278,80.11400135648871,21.207840818603316,13.630159176960483,141.6612066064987
28,39.99950000321371,39.99950000321371,-12.0,0.1746113513994138,0.3158434811317082,0.20551250338656485,0.2002519928554689,11.861729282026541,0.4321298993173528,26.14466072174509,59.40289100785613
28,6416.968067419712,0.0,-12.0,0.1297793329981774,0.22078390197034845,0.6240227066122236,0.6030447372305484,67.82457040766451,9.052771279630242,0.08662327209242049,145.67328947174195
28,6416.968067419712,0.0,-12.0,0.18587858371785085,0.3686519801019825,0.636357729382916,0.6224096356493156,80.11400135648871,21.207840818603316,13.63003133009107,143.2680697983342
28,6416.968067419712,0.0,-12.0,0.18587858371785085,0.3686519801019825,0.6363577269200171,0.6316119596572212,80.11400135648871,21.207840818603316,13.634372112719966,145.79944408749245
28,6416.968067419712,0.0,-12.0,0.18587858371785085,0.3686519801019825,0.6363577274220444,0.6218936536961605,80.11400135648871,21.207840818603316,13.634372112719966,161.630508876218
28,6416.968067419712,0.0,-12.0,0.18587858371785085,0.3686519801019825,0.6363575317531036,0.6316141692408447,80.11400135648871,21.207840818603316,13.634494396416038,145.79727797512612
28,39.99950000321371,39.99950000321371,-12.0,0.1531423138965006,0.3764960268663911,0.21137515978237037,0.1502073571853354,11.73181909110098,0.6134516670709167,12.848916210297043,48.22964873904153
28,6416.968067419712,0.0,-12.0,0.18587858371785085,0.3686519801019825,0.6363575336082966,0.6224803763527866,80.11400135648871,21.207840818603316,13.634499959589379,144.82713760541222
28,6416.968067419712,0.0,-12.0,0.18587858371785085,0.36836433941382085,0.636357531745678,0.6224814148674688,80.11400135648871,21.207840818603316,13.455747178997923,144.34531657461807
28,6416.968067419712,0.0,-12.0,0.18587858371785085,0.3686519801019825,0.6360882246786586,0.6218793002534875,80.11400135648871,21.207840818603316,13.634299754418107,145.18278566663395
28,6416.968067419712,0.0,-12.0,0.18587858371785085,0.3686519801019825,0.6363577268521831,0.638695069545278,80.11400135648871,21.207840818603316,13.630159176960483,141.23893961728186
28,6416.968067419712,0.0,-12.0,0.18587858371785085,0.3686519801019825,0.6363577122992767,0.6224814148674688,80.11400135648871,21.207840818603316,13.455747178997923,143.26705812659998
28,6416.968067419712,0.0,-12.0,0.1297793329981774,0.22078390197034845,0.6240227066122236,0.5629431436096866,67.82457040766451,9.052771279630242,0.08662327209242049,136.37695209991216
28,6416.968067419712,0.0,-12.0,0.18587858371785085,0.3686519801019825,0.6363577237529205,0.6311676243679633,80.11400135648871,21.207840818603316,13.63003689326441,143.98129133638548
28,6416.968067419712,0.0,-12.0,0.18587824290615698,0.3686072084344438,0.6363577274363891,0.6310315006582261,80.11400135648871,21.207840818603316,13.634372112719966,144.34531657461807
28,6416.968067419712,0.0,-12.0,0.18587858371785085,0.3686519801019825,0.6363577192416785,0.6224803514993547,80.11400135648871,21.207840818603316,13.634499959589379,164.16446529993374
28,6416.968067419712,0.0,-12.0,0.18587858371785085,0.3686519801019825,0.6363575283675528,0.6224814148674688,80.11400135648871,21.207840818603316,13.630159176960483,144.34531657461807
28,6416.968067419712,0.0,-12.0,0.18587858371785085,0.3686519801019825,0.6363575281277378,0.6224814148674688,80.11400135648871,21.207840818603316,13.630159176960483,163.68006213458207
28,6416.9680674197125,0.0,-12.0,0.15685092531022243,0.22078390197034845,0.6457886658377368,0.5989791447887199,67.93442613874285,9.65405751388495,0.5235716815344622,144.89798417816147
28,6416.9680674197125,0.0,-12.0,0.18587858371785085,0.3686519801019825,0.6360319373559357,0.6052687202500726,80.13206405740088,21.207840818603316,7.336284818904658,144.34531657461807
28,40.89743420548993,40.89743420548994,-12.0,0.1531423138965006,0.36860521781201766,0.22738177278944036,0.19344146425450987,13.51745745230648,0.2554732803880311,13.642458640462744,50.80451641377644
28,6416.9680674197125,0.0,-12.0,0.18835081402685647,0.269650450030558,0.6440654602941532,0.6089686690081868,56.81529807031565,5.771594793978309,13.598935072623977,139.67559301208092
28,6416.9680674197125,0.0,-12.0,0.18607603102959497,0.36666857581365425,0.6335691612889434,0.6183366691374602,80.11400135648871,21.207840818603316,13.630159176960483,144.34531657461807
28,6416.9680674197125,0.0,-12.0,0.18832035024337634,0.277097917671601,0.6400740007159272,0.6089686690081868,56.76873301854997,5.573626635277692,13.614095655527505,145.4906385358661
28,6416.9680674197125,0.0,-12.0,0.18817923183064364,0.277097917671601,0.6409659560314362,0.6089888362194764,56.768442753394126,5.573626635277692,24.8612294652197,145.97393306236916
28,6416.9680674197125,0.0,-12.0,0.18587858371785085,0.3686519801019825,0.6363575345896417,0.6224814148674688,80.11400135648871,12.873187614803259,13.630159176960483,144.34531657461807
29,39.99950000321371,39.99950000321371,-12.0,0.1531423138965006,0.3710553068212299,0.22738177278944036,0.16729890630902042,11.73181909110098,0.618782308709882,13.642532125249378,50.80451641377644
29,6416.968067419712,0.0,-12.0,0.18587858371785085,0.3686519801019825,0.636357531745678,0.6224814148674688,80.11400135648871,21.207840818603316,13.630159176960483,144.34531657461807
29,39.99950000321371,39.99950000321371,-12.0,0.1531423138965006,0.3766755146625453,0.19234625889205983,0.1502073571853354,11.73181909110098,0.6134516670709167,12.848916210297043,48.22964873904153
29,6416.968067419712,0.0,-12.0,0.18587858371785085,0.3686519801019825,0.6363575361498407,0.6224814148674688,80.11400135648871,21.207840818603316,13.630159176960483,143.59801744684626
29,6416.968067419712,0.0,-12.0,0.18587858371785085,0.3686519801019825,0.6363577274220444,0.6218936536961605,80.11400135648871,21.207840818603316,13.634372112719966,161.630508876218
29,6416.968067419712,0.0,-12.0,0.18587858371785085,0.3686519801019825,0.6363575280600843,0.6315956537978219,80.11400135648871,21.207840818603316,13.630159176960483,143.97912522401916
29,6416.968067419712,0.0,-12.0,0.18587858371785085,0.3686519801019825,0.6363577375883847,0.6217771207000179,80.11400135648871,21.207840818603316,13.634366781879605,145.79632209456332
29,6416.968067419712,0.0,-12.0,0.18587858371785085,0.3686519801019825,0.6363575360855402,0.6224814148674688,80.11400135648871,21.207840818603316,13.630159176960483,144.34531657461807
29,6416.968067419712,0.0,-12.0,0.18587858371785085,0.3686519801019825,0.6363575283722036,0.5940874362061055,80.11400135648871,21.207840818603316,13.630159176960483,144.3524718811127
29,6416.968067419712,0.0,-12.0,0.18587858371785085,0.3686519801019825,0.6363577268521831,0.638695069545278,80.11400135648871,21.207840818603316,13.630159176960483,141.23893961728186
29,6416.968067419712,0.0,-12.0,0.18587858371785085,0.3686519801019825,0.6363577209168603,0.6310970162187519,80.11400135648871,21.207840818603316,13.634418907255204,144.34531657461807
29,6416.968067419712,0.0,-12.0,0.18587858371785085,0.3686519801019825,0.6363577274363891,0.638695069545278,80.11400135648871,21.207840818603316,13.630159176960483,141.6612066064987
29,6416.968067419712,0.0,-12.0,0.18587858371785085,0.3686519801019825,0.6363577269056725,0.6224085971346334,80.11400135648871,21.207840818603316,13.634372112719966,163.0846363890924
29,6416.968067419712,0.0,-12.0,0.18587858371785085,0.3686519801019825,0.636357531797836,0.6228432955593285,80.11400135648871,21.20531182696456,13.632309832527815,146.1539572131707
29,6416.968067419712,0.0,-12.0,0.18587858371785085,0.3686519801019825,0.6363577122992767,0.6224814148674688,80.11400135648871,21.207840818603316,13.455747178997923,143.26705812659998
29,6416.968067419712,0.0,-12.0,0.18587858371785085,0.3686519801019825,0.6360882246786586,0.6218793002534875,80.11400135648871,21.207840818603316,13.634299754418107,145.18278566663395
29,39.99950000321371,39.99950000321371,-12.0,0.1531423138965006,0.3764960268663911,0.21137515978237037,0.1502073571853354,11.73181909110098,0.6134516670709167,12.848916210297043,48.22964873904153
29,6416.968067419712,0.0,-12.0,0.18587858371785085,0.3686519801019825,0.636357531798624,0.6262390492940271,80.11400135648871,21.20531182696456,13.630159176960483,146.1539572131707
29,39.99950000321371,39.99950000321371,-12.0,0.1746113513994138,0.3158434811317082,0.20551250338656485,0.2002519928554689,11.861729282026541,0.4321298993173528,26.14466072174509,59.40289100785613
29,6416.968067419712,0.0,-12.0,0.18587858371785085,0.3686519801019825,0.6363577274363891,0.6310970162187519,80.11400135648871,21.207840818603316,13.634372112719966,144.34531657461807
29,6416.968067419712,0.0,-12.0,0.18587858371785085,0.3686519801019825,0.6363577237529205,0.6220936597971951,80.11400135648871,21.207840818603316,13.63003689326441,143.9929495681996
29,6416.968067419712,0.0,-12.0,0.1297793329981774,0.22078390197034845,0.6240227066122236,0.6030447372305484,67.82457040766451,9.052771279630242,0.08662327209242049,145.67328947174195
29,6416.968067419712,0.0,-12.0,0.18587858371785085,0.3686519801019825,0.6363575315541583,0.6201920031342413,80.11400135648871,21.20531182696456,13.630159176960483,146.14680190667605
29,6416.968067419712,0.0,-12.0,0.1297793329981774,0.22078390197034845,0.6240227066122236,0.5629431436096866,67.82457040766451,9.052771279630242,0.08662327209242049,136.37695209991216
29,6416.968067419712,0.0,-12.0,0.18587858371785085,0.3686519801019825,0.6363577237529205,0.6311676243679633,80.11400135648871,21.207840818603316,13.63003689326441,143.98129133638548
29,6416.968067419712,0.0,-12.0,0.18587858371785085,0.3686519801019825,0.6363370416832504,0.6322114250621343,80.11400135648871,21.207840818603316,13.63462579631051,136.37850256784725
29,6416.968067419712,0.0,-12.0,0.18587858371785085,0.3686519801019825,0.636357531798624,0.6201702124084233,80.11400135648871,21.20531182696456,13.630159176960483,146.1539572131707
29,6416.968067419712,0.0,-12.0,0.18587858371785085,0.3686519801019825,0.6360874772241578,0.6224814148674688,80.11400135648871,21.207840818603316,13.630159176960483,144.34531657461807
29,6416.968067419712,0.0,-12.0,0.18587858371785085,0.3686519801019825,0.6363575285812134,0.6119432474316401,80.11400135648871,21.207840818603316,13.630159176960483,144.34531657461807
29,6416.968067419712,0.0,-12.0,0.18587858371785085,0.3686519801019825,0.6361081718120504,0.6224814148674688,80.11400135648871,21.207840818603316,13.629905493369938,144.34531657461807
29,6416.968067419712,0.0,-12.0,0.1885124739988529,0.37542883211843847,0.6360271749327485,0.6273488055967141,78.56175624714373,0.4409609189571668,7.147537371499334,145.9713879365812
29,6416.968067419712,0.0,-12.0,0.18587858371785085,0.3686519801019825,0.636357729382916,0.6224096356493156,80.11400135648871,21.207840818603316,13.63003133009107,143.2680697983342
29,6416.968067419712,0.0,-12.0,0.18587858371785085,0.3686519801019825,0.6363577194061394,0.6310970162187519,80.11400135648871,21.207840818603316,13.634372112719966,144.34531657461807
29,6416.968067419712,0.0,-12.0,0.18587858371785085,0.3686519801019825,0.6363577192416785,0.6224803514993547,80.11400135648871,21.207840818603316,13.634499959589379,164.16446529993374
29,6416.968067419712,0.0,-12.0,0.18587858371785085,0.3686519801019825,0.636357717793415,0.6392901846004373,80.11400135648871,21.207840818603316,13.630159176960483,164.19198428507528
29,6416.968067419712,0.0,-12.0,0.18587858371785085,0.3686519801019825,0.6363577274363891,0.6374674333568996,80.11400135648871,21.207840818603316,13.630159176960483,141.6612066064987
29,6416.968067419712,0.0,-12.0,0.18587858371785085,0.3686519801019825,0.6363575316732308,0.6224814148674688,80.11400135648871,21.207840818603316,13.630159176960483,171.22517683496795
29,6416.968067419712,0.0,-12.0,0.18587858371785085,0.3686519801019825,0.6363577274363891,0.6224814148674688,80.11400135648871,21.207840818603316,13.630159176960483,144.34531657461807
29,6416.968067419712,0.0,-12.0,0.18587858371785085,0.3686519801019825,0.6363575317531036,0.6316141692408447,80.11400135648871,21.207840818603316,13.634494396416038,145.79727797512612
29,6416.968067419712,0.0,-12.0,0.18587824290615698,0.3686072084344438,0.6363577274363891,0.6310315006582261,80.11400135648871,21.207840818603316,13.634372112719966,144.34531657461807
29,6416.968067419712,0.0,-12.0,0.13205503177778644,0.22078390197034845,0.6244700266160077,0.5988788490491429,67.84129725718809,9.052771279630242,0.08662327209242049,243.23205058911483
29,6416.968067419712,0.0,-12.0,0.18587858371785085,0.36836433941382085,0.636357531745678,0.6224814148674688,80.11400135648871,21.207840818603316,13.455747178997923,144.34531657461807
29,6416.968067419712,0.0,-12.0,0.18587858371785085,0.3686519801019825,0.6363575381927595,0.6224814148674688,80.11400135648871,21.207840818603316,13.630112382425244,171.22517683496795
29,6416.968067419712,0.0,-12.0,0.18587858371785085,0.3686519801019825,0.6363575336082966,0.6224803763527866,80.11400135648871,21.207840818603316,13.634499959589379,144.82713760541222
29,6416.968067419712,0.0,-12.0,0.18587858371785085,0.3686519801019825,0.6360882246786586,0.630953264824255,80.11400135648871,21.207840818603316,13.634299754418107,145.17112743481982
29,6416.968067419712,0.0,-12.0,0.18587858371785085,0.3686519801019825,0.6363575285860071,0.6311698339515868,80.11400135648871,21.207840818603316,13.630159176960483,143.97912522401916
29,6416.968067419712,0.0,-12.0,0.18587858371785085,0.3686519801019825,0.6363575280552907,0.6224814148674688,80.11400135648871,21.207840818603316,13.630159176960483,144.34531657461807
29,6416.968067419712,0.0,-12.0,0.18587858371785085,0.3686519801019825,0.6363575283675528,0.6224814148674688,80.11400135648871,21.207840818603316,13.630159176960483,144.34531657461807
30,6416.968067419712,0.0,-12.0,0.18587858371785085,0.3686519801019825,0.636357531745678,0.6224814148674688,80.11400135648871,21.207840818603316,13.630159176960483,144.34531657461807
30,6416.968067419712,0.0,-12.0,0.18587858371785085,0.36882672009732087,0.6363575285860071,0.626104484733467,80.11400135648871,21.207840818603316,13.64324729559069,142.19734189186275
30,39.99950000321371,39.99950000321371,-12.0,0.1531423138965006,0.3710553068212299,0.22738177278944036,0.16729890630902042,11.73181909110098,0.618782308709882,13.642532125249378,50.80451641377644
30,39.99950000321371,39.99950000321371,-12.0,0.1531423138965006,0.37088056682589154,0.22738177278944036,0.16729890630902042,11.73181909110098,0.618782308709882,13.62944400661917,52.58631026010229
30,6416.968067419712,0.0,-12.0,0.18587858371785085,0.3686519801019825,0.6363575285860071,0.6311698339515868,80.11400135648871,21.207840818603316,13.630159176960483,143.98341089780047
30,6416.968067419712,0.0,-12.0,0.18587858371785085,0.3686519801019825,0.6363577237529205,0.6196807169420149,80.11400135648871,21.207840818603316,13.63016117197735,146.17410131691986
30,6416.968067419712,0.0,-12.0,0.18587858371785085,0.3686519801019825,0.6363575280600843,0.6315956537978219,80.11400135648871,21.207840818603316,13.630159176960483,143.97912522401916
30,6416.968067419712,0.0,-12.0,0.18587824290615698,0.3686072084344438,0.6363577274363891,0.6310315006582261,80.11400135648871,21.207840818603316,13.634372112719966,144.34531657461807
30,6416.968067419712,0.0,-12.0,0.18587858371785085,0.3686519801019825,0.6363577194061394,0.6310970162187519,80.11400135648871,21.207840818603316,13.634372112719966,144.34531657461807
30,6416.968067419712,0.0,-12.0,0.18587858371785085,0.3686519801019825,0.6363575317531036,0.6316141692408447,80.11400135648871,21.207840818603316,13.634494396416038,145.79727797512612
30,6416.968067419712,0.0,-12.0,0.18587858371785085,0.3686519801019825,0.6363577268521831,0.638695069545278,80.11400135648871,21.207840818603316,13.630159176960483,141.23893961728186
30,6416.968067419712,0.0,-12.0,0.18587858371785085,0.3686519801019825,0.6363577192416785,0.6229589483910841,80.11400135648871,21.207840818603316,13.634370817826934,163.52204425293834
30,6416.968067419712,0.0,-12.0,0.18587858371785085,0.3686519801019825,0.6363575285860071,0.6311698339515868,80.11400135648871,21.207840818603316,13.630159176960483,143.97912522401916
30,6416.968067419712,0.0,-12.0,0.18587858371785085,0.3686519801019825,0.636357729382916,0.6224096356493156,80.11400135648871,21.207840818603316,13.63003133009107,143.2680697983342
30,39.99950000321371,39.99950000321371,-12.0,0.1531423138965006,0.3762782058725802,0.22738177278944036,0.16729890630902042,10.601217405886837,0.618782308709882,13.642532125249378,50.80451641377644
30,6416.968067419712,0.0,-12.0,0.18587858371785085,0.3686519801019825,0.636357531798624,0.6262390492940271,80.11400135648871,21.20531182696456,13.630159176960483,146.1539572131707
30,6416.968067419712,0.0,-12.0,0.18587858371785085,0.3686519801019825,0.6363577274363891,0.6374674333568996,80.11400135648871,21.207840818603316,13.630159176960483,141.6612066064987
30,6416.968067419712,0.0,-12.0,0.18587858371785085,0.3686519801019825,0.6363577209168603,0.6310970162187519,80.11400135648871,21.207840818603316,13.634418907255204,144.34531657461807
30,6416.968067419712,0.0,-12.0,0.18587858371785085,0.3686519801019825,0.6363575283722036,0.5940874362061055,80.11400135648871,21.207840818603316,13.630159176960483,144.3524718811127
30,6416.968067419712,0.0,-12.0,0.18587858371785085,0.36836433941382085,0.636357531745678,0.6224814148674688,80.11400135648871,21.207840818603316,13.455747178997923,144.34531657461807
30,6416.968067419712,0.0,-12.0,0.1885124739988529,0.37542883211843847,0.6360271749327485,0.6273488055967141,78.56175624714373,0.4409609189571668,7.147537371499334,145.9713879365812
30,6416.968067419712,0.0,-12.0,0.18587858371785085,0.3686519801019825,0.6363575316732308,0.6224814148674688,80.11400135648871,21.207840818603316,13.630159176960483,171.22517683496795
30,6416.968067419712,0.0,-12.0,0.18587858371785085,0.3686519801019825,0.6363575280552907,0.6224814148674688,80.11400135648871,21.207840818603316,13.630159176960483,144.34531657461807
30,6416.968067419712,0.0,-12.0,0.18587858371785085,0.3686519801019825,0.6363575315541583,0.6201920031342413,80.11400135648871,21.20531182696456,13.630159176960483,146.14680190667605
30,6416.968067419712,0.0,-12.0,0.18587858371785085,0.3686519801019825,0.6360882246786586,0.630953264824255,80.11400135648871,21.207840818603316,13.634299754418107,145.17112743481982
30,6416.968067419712,0.0,-12.0,0.18587858371785085,0.3686519801019825,0.6363577269056725,0.6224085971346334,80.11400135648871,21.207840818603316,13.634372112719966,163.0846363890924
30,6416.968067419712,0.0,-12.0,0.18587858371785085,0.3686519801019825,0.6363577237529205,0.6311676243679633,80.11400135648871,21.207840818603316,13.63003689326441,143.98129133638548
30,6416.968067419712,0.0,-12.0,0.18587858371785085,0.3686519801019825,0.6360890571142104,0.6217771207000179,80.11400135648871,21.207840818603316,13.634366781879605,145.12101672782413
30,6416.968067419712,0.0,-12.0,0.18587858371785085,0.3686519801019825,0.6363575336082966,0.6224803763527866,80.11400135648871,21.207840818603316,13.634499959589379,144.82713760541222
30,6416.968067419712,0.0,-12.0,0.18587858371785085,0.3686519801019825,0.6363577237529205,0.6220936597971951,80.11400135648871,21.207840818603316,13.63003689326441,143.9929495681996
30,6416.968067419712,0.0,-12.0,0.18587858371785085,0.3686519801019825,0.6363575283675528,0.6224814148674688,80.11400135648871,21.207840818603316,13.630159176960483,144.34531657461807
30,6416.968067419712,0.0,-12.0,0.1297793329981774,0.22078390197034845,0.6240227066122236,0.5629431436096866,67.82457040766451,9.052771279630242,0.08662327209242049,136.37695209991216
30,39.99950000321371,39.99950000321371,-12.0,0.1746113513994138,0.3158434811317082,0.20551250338656485,0.2002519928554689,11.861729282026541,0.4321298993173528,26.14466072174509,59.40289100785613
30,39.99950000321371,39.99950000321371,-12.0,0.1531423138965006,0.3764960268663911,0.21137515978237037,0.1502073571853354,11.73181909110098,0.6134516670709167,12.848916210297043,48.22964873904153
30,6416.968067419712,0.0,-12.0,0.18587858371785085,0.3686519801019825,0.6363569051528328,0.630953264824255,80.11400135648871,21.207840818603316,13.634299754418107,145.84643280155902
30,6416.968067419712,0.0,-12.0,0.18587858371785085,0.3686519801019825,0.6363577375883847,0.6217771207000179,80.11400135648871,21.207840818603316,13.634366781879605,145.79632209456332
30,6416.968067419712,0.0,-12.0,0.18587858371785085,0.3686519801019825,0.6363577274363891,0.6310970162187519,80.11400135648871,21.207840818603316,13.634372112719966,144.34531657461807
30,6416.968067419712,0.0,-12.0,0.18587858371785085,0.3686519801019825,0.6363575361498407,0.6224814148674688,80.11400135648871,21.207840818603316,13.630159176960483,143.59801744684626
30,6416.968067419712,0.0,-12.0,0.18587858371785085,0.3686519801019825,0.636357531797836,0.6228432955593285,80.11400135648871,21.20531182696456,13.632309832527815,146.1539572131707
30,6416.968067419712,0.0,-12.0,0.18587858371785085,0.3686519801019825,0.636357717793415,0.6392901846004373,80.11400135648871,21.207840818603316,13.630159176960483,164.19198428507528
30,6416.968067419712,0.0,-12.0,0.18587858371785085,0.3686519801019825,0.6363575381927595,0.6224814148674688,80.11400135648871,21.207840818603316,13.630112382425244,171.22517683496795
30,6416.968067419712,0.0,-12.0,0.18587858371785085,0.3686519801019825,0.6363577274363891,0.638695069545278,80.11400135648871,21.207840818603316,13.630159176960483,141.6612066064987
30,6416.968067419712,0.0,-12.0,0.18587858371785085,0.3686519801019825,0.6363575299090611,0.6218147103862629,80.11400135648871,21.207840818603316,13.634357711941949,161.630508876218
30,6416.968067419712,0.0,-12.0,0.13205503177778644,0.22078390197034845,0.6244700266160077,0.5988788490491429,67.84129725718809,9.052771279630242,0.08662327209242049,243.23205058911483
30,6416.968067419712,0.0,-12.0,0.18587858371785085,0.3686519801019825,0.6363575285812134,0.6119432474316401,80.11400135648871,21.207840818603316,13.630159176960483,144.34531657461807
30,6416.968067419712,0.0,-12.0,0.18587858371785085,0.3686519801019825,0.6360882246786586,0.6218793002534875,80.11400135648871,21.207840818603316,13.634299754418107,145.18278566663395
30,6416.968067419712,0.0,-12.0,0.18587858371785085,0.3686519801019825,0.6360874772241578,0.6326833304397967,80.11400135648871,21.207840818603316,13.630159176960483,144.34531657461807
30,6416.968067419712,0.0,-12.0,0.18587858371785085,0.3686519801019825,0.6363577122992767,0.6224814148674688,80.11400135648871,21.207840818603316,13.455747178997923,143.26705812659998
31,39.99950000321371,39.99950000321371,-12.0,0.1531423138965006,0.3764960268663911,0.21137515978237037,0.1502073571853354,11.73181909110098,0.6134516670709167,12.848916210297043,48.22964873904153
31,6416.968067419712,0.0,-12.0,0.18587858371785085,0.3686519801019825,0.636357531745678,0.6224814148674688,80.11400135648871,21.207840818603316,13.630159176960483,144.34531657461807
31,6416.968067419712,0.0,-12.0,0.18587858371785085,0.3686519801019825,0.6363605016442108,0.5946830842849581,80.11400135648871,21.207840818603316,13.634299754418107,145.20048253349375
31,39.99950000321371,39.99950000321371,-12.0,0.1531423138965006,0.3710553068212299,0.22738177278944036,0.16729890630902042,11.73181909110098,0.618782308709882,13.642532125249378,50.80451641377644
31,6416.968067419712,0.0,-12.0,0.18587858371785085,0.3686519801019825,0.6363686160519428,0.6217771207000179,80.11400135648871,21.207840818603316,13.63434988384671,144.39028682971028
31,6416.968067419712,0.0,-12.0,0.18587858371785085,0.3686519801019825,0.6363577269056725,0.6224085971346334,80.11400135648871,21.207840818603316,13.634372112719966,163.0846363890924
31,6416.968067419712,0.0,-12.0,0.18587858371785085,0.3686519801019825,0.636357531797836,0.6228432955593285,80.11400135648871,21.20531182696456,13.632309832527815,146.1539572131707
31,6416.968067419712,0.0,-12.0,0.1297793329981774,0.22078390197034845,0.6240227066122236,0.5629431436096866,67.82457040766451,9.052771279630242,0.08662327209242049,136.37695209991216
31,6416.968067419712,0.0,-12.0,0.18587858371785085,0.3686519801019825,0.6363577237529205,0.6220936597971951,80.11400135648871,21.207840818603316,13.63003689326441,143.9929495681996
31,6416.968067419712,0.0,-12.0,0.18587858371785085,0.3686519801019825,0.6363575283722036,0.5940874362061055,80.11400135648871,21.207840818603316,13.630159176960483,144.3524718811127
31,39.99950000321371,39.99950000321371,-12.0,0.1531423138965006,0.3762782058725802,0.22738177278944036,0.16729890630902042,10.601217405886837,0.618782308709882,13.642532125249378,50.80451641377644
31,6416.968067419712,0.0,-12.0,0.18587858371785085,0.36836433941382085,0.636357531745678,0.6224814148674688,80.11400135648871,21.207840818603316,13.455747178997923,144.34531657461807
31,6416.968067419712,0.0,-12.0,0.18587858371785085,0.3686519801019825,0.6363577209168603,0.6310970162187519,80.11400135648871,21.207840818603316,13.634418907255204,144.34531657461807
31,6416.968067419712,0.0,-12.0,0.18587858371785085,0.3686519801019825,0.6363575280552907,0.6224814148674688,80.11400135648871,21.207840818603316,13.630159176960483,144.34531657461807
31,6416.968067419712,0.0,-12.0,0.18587858371785085,0.3686519801019825,0.6360890571142104,0.6217771207000179,80.11400135648871,21.207840818603316,13.634366781879605,144.2141294087301
31,6416.968067419712,0.0,-12.0,0.18587858371785085,0.3686519801019825,0.6363577268521831,0.638695069545278,80.11400135648871,21.207840818603316,13.630159176960483,141.23893961728186
31,6416.968067419712,0.0,-12.0,0.18587858371785085,0.3686519801019825,0.6360779696434808,0.6119432474316401,80.11400135648871,21.207840818603316,13.63017607499338,145.07604647273192
31,6416.968067419712,0.0,-12.0,0.18587858371785085,0.3686519801019825,0.6360852514066514,0.62128365216612,80.11400135648871,21.207840818603316,13.630159176960483,145.05003583464827
31,6416.968067419712,0.0,-12.0,0.18587858371785085,0.3686519801019825,0.6363577375883847,0.6217771207000179,80.11400135648871,21.207840818603316,13.634366781879605,145.79632209456332
31,6416.968067419712,0.0,-12.0,0.18587858371785085,0.3686519801019825,0.6363577274363891,0.6374674333568996,80.11400135648871,21.207840818603316,13.630159176960483,141.6612066064987
31,6416.968067419712,0.0,-12.0,0.18587858371785085,0.3686519801019825,0.636357531798624,0.6262390492940271,80.11400135648871,21.20531182696456,13.630159176960483,146.1539572131707
31,6416.968067419712,0.0,-12.0,0.18587858371785085,0.3686519801019825,0.6363575336082966,0.6314402105703036,80.11400135648871,21.207840818603316,13.634506015306517,144.82713760541222
31,6416.968067419712,0.0,-12.0,0.18587858371785085,0.3686519801019825,0.6363577122992767,0.6224814148674688,80.11400135648871,21.207840818603316,13.455747178997923,143.26705812659998
31,6416.968067419712,0.0,-12.0,0.18587858371785085,0.3686519801019825,0.6363569051528328,0.630953264824255,80.11400135648871,21.207840818603316,13.634299754418107,145.84643280155902
31,6416.968067419712,0.0,-12.0,0.18587858371785085,0.3686519801019825,0.6363575292432166,0.638695069545278,80.11400135648871,21.207840818603316,13.630159176960483,144.31470505181792
31,6416.968067419712,0.0,-12.0,0.18587858371785085,0.3686519801019825,0.6360874772241578,0.6326833304397967,80.11400135648871,21.207840818603316,13.630159176960483,144.34531657461807
31,6416.968067419712,0.0,-12.0,0.18587824290615698,0.3686072084344438,0.6363577274363891,0.6310315006582261,80.11400135648871,21.207840818603316,13.634372112719966,144.34531657461807
31,6416.968067419712,0.0,-12.0,0.18587858371785085,0.3686519801019825,0.6363575283675528,0.6224814148674688,80.11400135648871,21.207840818603316,13.630159176960483,144.34531657461807
31,6416.968067419712,0.0,-12.0,0.18587858371785085,0.3686519801019825,0.6363575238476845,0.6196807169420149,80.11400135648871,21.207840818603316,13.629400393553052,144.7980914099886
31,6416.968067419712,0.0,-12.0,0.1885124739988529,0.37542883211843847,0.6360271749327485,0.6273488055967141,78.56175624714373,0.4409609189571668,7.147537371499334,145.9713879365812
31,6416.968067419712,0.0,-12.0,0.13205503177778644,0.22078390197034845,0.6244700266160077,0.5988788490491429,67.84129725718809,9.052771279630242,0.08662327209242049,243.23205058911483
31,6416.968067419712,0.0,-12.0,0.18587858371785085,0.3686519801019825,0.6363575285812134,0.6119432474316401,80.11400135648871,21.207840818603316,13.630159176960483,144.34531657461807
31,6416.968067419712,0.0,-12.0,0.18587858371785085,0.3686519801019825,0.6363575285860071,0.6311698339515868,80.11400135648871,21.207840818603316,13.630159176960483,143.98341089780047
31,6416.968067419712,0.0,-12.0,0.18587858371785085,0.3686519801019825,0.6363575280600843,0.6315956537978219,80.11400135648871,21.207840818603316,13.630159176960483,143.97912522401916
31,6416.968067419712,0.0,-12.0,0.18587824290615698,0.3686072084344438,0.6363577274363891,0.6264035383746247,80.11400135648871,21.207840818603316,13.634372112719966,144.34531657461807
31,6416.968067419712,0.0,-12.0,0.18587858371785085,0.3686519801019825,0.6360882246786586,0.630953264824255,80.11400135648871,21.207840818603316,13.634299754418107,145.17112743481982
31,6416.968067419712,0.0,-12.0,0.18587858371785085,0.3686519801019825,0.6363569051528328,0.630953264824255,80.11400135648871,21.207840818603316,13.629763689488021,145.95639586403757
31,6416.968067419712,0.0,-12.0,0.18587858371785085,0.3686519801019825,0.6363575336073726,0.6224814230923985,80.11400135648871,21.207840818603316,13.634112886665084,144.83687454467753
31,6416.968067419712,0.0,-12.0,0.18587858371785085,0.3686519801019825,0.6363577237529205,0.6311676243679633,80.11400135648871,21.207840818603316,13.63003689326441,143.98129133638548
31,6416.968067419712,0.0,-12.0,0.18587858371785085,0.3686519801019825,0.6360882246786586,0.6218793002534875,80.11400135648871,21.207840818603316,13.634299754418107,145.18278566663395
31,39.99950000321371,39.99950000321371,-12.0,0.1531423138965006,0.37088056682589154,0.22738177278944036,0.16729890630902042,11.73181909110098,0.618782308709882,13.62944400661917,52.58631026010229
31,6416.968067419712,0.0,-12.0,0.18587858371785085,0.3686519801019825,0.6363577274363891,0.638695069545278,80.11400135648871,21.207840818603316,13.630159176960483,141.6612066064987
31,6416.968067419712,0.0,-12.0,0.18587858371785085,0.36882672009732087,0.6363575285860071,0.626104484733467,80.11400135648871,21.207840818603316,13.64324729559069,142.19734189186275
31,39.99950000321371,39.99950000321371,-12.0,0.1746113513994138,0.3158434811317082,0.20551250338656485,0.2002519928554689,11.861729282026541,0.4321298993173528,26.14466072174509,59.40289100785613
31,6416.968067419712,0.0,-12.0,0.18587858371785085,0.3686519801019825,0.636357729382916,0.6224096356493156,80.11400135648871,21.207840818603316,13.63003133009107,143.2680697983342
31,6416.968067419712,0.0,-12.0,0.18587858371785085,0.3686519801019825,0.6363575361498407,0.6224814148674688,80.11400135648871,21.207840818603316,13.630159176960483,143.59801744684626
31,6416.968067419712,0.0,-12.0,0.18587858371785085,0.3686519801019825,0.6363575381927595,0.6224814148674688,80.11400135648871,21.207840818603316,13.630112382425244,171.22517683496795
31,6416.968067419712,0.0,-12.0,0.18587858371785085,0.3686519801019825,0.636357717793415,0.6392901846004373,80.11400135648871,21.207840818603316,13.630159176960483,164.19198428507528
32,39.99950000321371,39.99950000321371,-12.0,0.1531423138965006,0.3764960268663911,0.21137515978237037,0.1502073571853354,11.73181909110098,0.6134516670709167,12.848916210297043,48.22964873904153
32,6416.968067419712,0.0,-12.0,0.18587858371785085,0.3686519801019825,0.636357531797836,0.6228422297324251,80.11400135648871,21.20772045029206,13.630278844275901,146.2102318036758
32,39.99950000321371,39.99950000321371,-12.0,0.1531423138965006,0.3686892244499753,0.22738177278944036,0.11387501499077646,11.73181909110098,0.618782308709882,13.642532125249378,50.80451641377644
32,6416.968067419712,0.0,-12.0,0.18587858371785085,0.3686519801019825,0.636357531745678,0.6224814148674688,80.11400135648871,21.207840818603316,13.630159176960483,144.34531657461807
32,6416.968067419712,0.0,-12.0,0.18587858371785085,0.3686519801019825,0.6363575381927595,0.6224814148674688,80.11400135648871,21.207840818603316,13.630112382425244,171.22517683496795
32,6416.968067419712,0.0,-12.0,0.18587858371785085,0.3686519801019825,0.6363577268521831,0.638695069545278,80.11400135648871,21.207840818603316,13.630159176960483,141.23893961728186
32,6416.968067419712,0.0,-12.0,0.18587858371785085,0.3686519801019825,0.6363577209168603,0.6310970162187519,80.11400135648871,21.207840818603316,13.634418907255204,144.34531657461807
32,6416.968067419712,0.0,-12.0,0.18587858371785085,0.3686519801019825,0.6363576695734796,0.6310004083955827,80.11400135648871,21.207840818603316,13.630159176960483,146.04894610814347
32,6416.968067419712,0.0,-12.0,0.18587858371785085,0.3686519801019825,0.6363577237529205,0.6220936597971951,80.11400135648871,21.207840818603316,13.63003689326441,143.9929495681996
32,6416.968067419712,0.0,-12.0,0.18587858371785085,0.36882672009732087,0.6363575285860071,0.626104484733467,80.11400135648871,21.207840818603316,13.64324729559069,142.19734189186275
32,6416.968067419712,0.0,-12.0,0.18587858371785085,0.3686519801019825,0.6363575336082966,0.6314402105703036,80.11400135648871,21.207840818603316,13.634506015306517,144.82713760541222
32,6416.968067419712,0.0,-12.0,0.18587858371785085,0.3686519801019825,0.6363575292432166,0.638695069545278,80.11400135648871,21.207840818603316,13.630159176960483,144.31470505181792
32,6416.968067419712,0.0,-12.0,0.18587858371785085,0.3686519801019825,0.6363577274363891,0.6374674333568996,80.11400135648871,21.207840818603316,13.630159176960483,141.6612066064987
32,6416.968067419712,0.0,-12.0,0.18587858371785085,0.3686519801019825,0.6360882246786586,0.630953264824255,80.11400135648871,21.207840818603316,13.634299754418107,145.17112743481982
32,6416.968067419712,0.0,-12.0,0.18587858371785085,0.36836433941382085,0.636357531745678,0.6224814148674688,80.11400135648871,21.207840818603316,13.455747178997923,144.34531657461807
32,6416.968067419712,0.0,-12.0,0.18587858371785085,0.3686519801019825,0.6363577274363891,0.638695069545278,80.11400135648871,21.207840818603316,13.630159176960483,141.6612066064987
32,6416.968067419712,0.0,-12.0,0.13205503177778644,0.22078390197034845,0.6244700266160077,0.5988788490491429,67.84129725718809,9.052771279630242,0.08662327209242049,243.23205058911483
32,6416.968067419712,0.0,-12.0,0.18587858371785085,0.3686519801019825,0.6363575238476845,0.6196807169420149,80.11400135648871,21.207840818603316,13.629400393553052,144.7980914099886
32,6416.968067419712,0.0,-12.0,0.18587858371785085,0.3686519801019825,0.636357717793415,0.6392901846004373,80.11400135648871,21.207840818603316,13.630159176960483,164.19198428507528
32,6416.968067419712,0.0,-12.0,0.18587858371785085,0.3686519801019825,0.6363540541170687,0.6107857461357221,80.11400135648871,21.207840818603316,13.630176215931392,145.07604647273192
32,6416.968067419712,0.0,-12.0,0.18587858371785085,0.3686519801019825,0.636357706019682,0.621571706000435,80.11400135648871,21.207840818603316,13.634366781879605,144.3758488789567
32,39.99950000321371,39.99950000321371,-12.0,0.1746113513994138,0.3158434811317082,0.20551250338656485,0.2002519928554689,11.861729282026541,0.4321298993173528,26.14466072174509,59.40289100785613
32,6416.968067419712,0.0,-12.0,0.18587858371785085,0.3686519801019825,0.6360882246786586,0.6218793002534875,80.11400135648871,21.207840818603316,13.634299754418107,145.18278566663395
32,6416.968067419712,0.0,-12.0,0.18587858371785085,0.3686519801019825,0.636357729382916,0.6224096356493156,80.11400135648871,21.207840818603316,13.63003133009107,143.2680697983342
32,6416.968067419712,0.0,-12.0,0.18587858371785085,0.3686519801019825,0.6360779696434808,0.5627471628311518,80.11400135648871,21.207840818603316,13.63017607499338,139.82212719651784
32,6416.968067419712,0.0,-12.0,0.18587858371785085,0.3686519801019825,0.6363575283722036,0.5940874362061055,80.11400135648871,21.207840818603316,13.630159176960483,144.3524718811127
32,6416.968067419712,0.0,-12.0,0.18587858371785085,0.3686519801019825,0.6360874772241578,0.6326833304397967,80.11400135648871,21.207840818603316,13.630159176960483,144.34531657461807
32,39.99950000321371,39.99950000321371,-12.0,0.1531423138965006,0.3710553068212299,0.22738177278944036,0.16729890630902042,11.73181909110098,0.618782308709882,13.642532125249378,50.80451641377644
32,6416.968067419712,0.0,-12.0,0.18587858371785085,0.3686519801019825,0.6360779696434808,0.6119432474316401,80.11400135648871,21.207840818603316,13.63017607499338,145.07604647273192
32,6416.968067419712,0.0,-12.0,0.18587858371785085,0.3686519801019825,0.6363577375883847,0.6217771207000179,80.11400135648871,21.207840818603316,13.634366781879605,145.79632209456332
32,6416.968067419712,0.0,-12.0,0.18587858371785085,0.3686519801019825,0.6363686160519428,0.6217771207000179,80.11400135648871,21.207840818603316,13.63434988384671,144.39028682971028
32,6416.968067419712,0.0,-12.0,0.18587858371785085,0.3686519801019825,0.6360874772241578,0.6326996306908946,80.11400135648871,21.207840818603316,13.630159176960483,174.84457960272803
32,6416.968067419712,0.0,-12.0,0.18587858371785085,0.3686519801019825,0.6363575285812134,0.6119432474316401,80.11400135648871,21.207840818603316,13.630159176960483,144.34531657461807
32,6416.968067419712,0.0,-12.0,0.18587858371785085,0.3686519801019825,0.6363569051528328,0.630953264824255,80.11400135648871,21.207840818603316,13.629763689488021,145.95639586403757
32,6416.968067419712,0.0,-12.0,0.18587824290615698,0.3686072084344438,0.6363577274363891,0.6264035383746247,80.11400135648871,21.207840818603316,13.634372112719966,144.34531657461807
32,6416.968067419712,0.0,-12.0,0.1885124739988529,0.37557051621486764,0.6360271749327485,0.6273488055967141,78.56175624714373,0.4409609189571668,7.147537371499334,145.9713879365812
32,6416.968067419712,0.0,-12.0,0.18587858371785085,0.3686519801019825,0.6363577122992767,0.6224814148674688,80.11400135648871,21.207840818603316,13.455747178997923,143.26705812659998
32,39.99950000321371,39.99950000321371,-12.0,0.1531423138965006,0.3762782058725802,0.22738177278944036,0.16729890630902042,10.601217405886837,0.618782308709882,13.642532125249378,50.80451641377644
32,6416.968067419712,0.0,-12.0,0.18587858859459538,0.368651560018281,0.6363577273858896,0.6490754543323499,80.11400135648871,21.207840818603316,13.63003689326441,143.94952048719335
32,6416.968067419712,0.0,-12.0,0.18587858371785085,0.3686519801019825,0.6363569051528328,0.630953264824255,80.11400135648871,21.207840818603316,13.634299754418107,145.84643280155902
32,6416.968067419712,0.0,-12.0,0.18587858371785085,0.3686519801019825,0.6363605016442108,0.5946830842849581,80.11400135648871,21.207840818603316,13.634299754418107,145.20048253349375
32,39.99950000321371,39.99950000321371,-12.0,0.1531423138965006,0.37088056682589154,0.22738177278944036,0.16729890630902042,11.73181909110098,0.618782308709882,13.62944400661917,52.58631026010229
32,6416.968067419712,0.0,-12.0,0.18587858371785085,0.3686519801019825,0.6363575317619605,0.590782715235487,80.11400135648871,21.207840818603316,13.36025646424794,144.31285480599868
32,6416.968067419712,0.0,-12.0,0.1885124739988529,0.37542883211843847,0.6360271749327485,0.6273488055967141,78.56175624714373,0.4409609189571668,7.147537371499334,145.9713879365812
32,6416.968067419712,0.0,-12.0,0.18587858371785085,0.3686519801019825,0.6363605763681314,0.5950927425357418,80.11400135648871,21.207840818603316,13.630159176960483,145.20101233436503
32,6416.968067419712,0.0,-12.0,0.18587858371785085,0.3686519801019825,0.6363575608119193,0.6138975992119051,80.11400135648871,21.207840818603316,13.630159176960483,145.73517826742457
32,6416.968067419712,0.0,-12.0,0.18587858371785085,0.3686519801019825,0.6363577274363891,0.638695069545278,80.11400135648871,21.207840818603316,13.630159176960483,144.4288692997286
32,6416.968067419712,0.0,-12.0,0.18587858371785085,0.3686519801019825,0.6363575285860071,0.6311698339515868,80.11400135648871,21.207840818603316,13.630159176960483,143.98341089780047
33,39.99950000321371,39.99950000321371,-12.0,0.1746113513994138,0.3689176514714203,0.20551250338656485,0.2002519928554689,11.995013020347436,0.8499769705509248,13.537118232640038,59.40289100785613
33,6416.968067419712,0.0,-12.0,0.18587858371785085,0.3686519801019825,0.6363575238328828,0.6224814148674688,80.11400135648871,21.207840818603316,13.62948138585741,144.34531657461807
33,39.99950000321371,39.99950000321371,-12.0,0.1531423138965006,0.3764960268663911,0.21137515978237037,0.1502073571853354,11.73181909110098,0.6134516670709167,12.848916210297043,48.22964873904153
33,6416.968067419712,0.0,-12.0,0.18587858371785085,0.3686519801019825,0.636357531797836,0.6228422297324251,80.11400135648871,21.20772045029206,13.630278844275901,146.2102318036758
33,6416.968067419712,0.0,-12.0,0.18587858371785085,0.3686519801019825,0.6363575292432166,0.638695069545278,80.11400135648871,21.207840818603316,13.630159176960483,144.31470505181792
33,6416.968067419712,0.0,-12.0,0.18587824290615698,0.3686072084344438,0.6363577274363891,0.6264035383746247,80.11400135648871,21.207840818603316,13.634372112719966,144.34531657461807
33,6416.968067419712,0.0,-12.0,0.18587858371785085,0.3686519801019825,0.6363576695734796,0.6310004083955827,80.11400135648871,21.207840818603316,13.630159176960483,146.04894610814347
33,6416.968067419712,0.0,-12.0,0.18587858371785085,0.3686519801019825,0.6360874772241578,0.6249280473589183,80.11400135648871,21.207840818603316,13.630159176960483,144.34531657461807
33,39.99950000321371,39.99950000321371,-12.0,0.1531423138965006,0.3762782058725802,0.22738177278944036,0.16729890630902042,10.601217405886837,0.618782308709882,13.642532125249378,50.80451641377644
33,6416.968067419712,0.0,-12.0,0.18587858371785085,0.3686519801019825,0.6363577274363891,0.6321341420921663,80.11400135648871,21.207840818603316,13.630159176960483,141.6612066064987
33,6416.968067419712,0.0,-12.0,0.18587858371785085,0.3686519801019825,0.6363575608119193,0.6138975992119051,80.11400135648871,21.207840818603316,13.630159176960483,145.73517826742457
33,6416.968067419712,0.0,-12.0,0.18587858371785085,0.3686519801019825,0.6363575317619605,0.590782715235487,80.11400135648871,21.207840818603316,13.36025646424794,144.31285480599868
33,6416.968067419712,0.0,-12.0,0.18587858371785085,0.3686519801019825,0.6363575317457592,0.6228422297324251,80.11400135648871,21.20772045029206,13.630155168792149,144.26717058693993
33,6416.968067419712,0.0,-12.0,0.18587858371785085,0.3686519801019825,0.6363577274363891,0.638695069545278,80.11400135648871,21.207840818603316,13.630159176960483,144.4288692997286
33,6416.968067419712,0.0,-12.0,0.18587858371785085,0.3686519801019825,0.6363686160519428,0.6217771207000179,80.11400135648871,21.207840818603316,13.63434988384671,144.39028682971028
33,6416.968067419712,0.0,-12.0,0.18587858371785085,0.3686519801019825,0.6363569051528328,0.630953264824255,80.11400135648871,21.207840818603316,13.629763689488021,145.95639586403757
33,6416.968067419712,0.0,-12.0,0.18587858371785085,0.3686519801019825,0.6363577760105651,0.6223844379153419,80.11400135648871,21.207840818603316,13.629675593803174,145.95639586403757
33,6416.968067419712,0.0,-12.0,0.18587858371785085,0.3686519801019825,0.6363575238476845,0.6196807169420149,80.11400135648871,21.207840818603316,13.629400393553052,144.7980914099886
33,6416.968067419712,0.0,-12.0,0.18587858371785085,0.3686519801019825,0.6363575285812134,0.6119432474316401,80.11400135648871,21.207840818603316,13.630159176960483,144.34531657461807
33,39.99950000321371,39.99950000321371,-12.0,0.1531423138965006,0.3710553068212299,0.22738177278944036,0.16729890630902042,11.73181909110098,0.618782308709882,13.642532125249378,50.80451641377644
33,6416.968067419712,0.0,-12.0,0.18587858371785085,0.3686519801019825,0.636357531745678,0.6224814148674688,80.11400135648871,21.207840818603316,13.630159176960483,144.34531657461807
33,6416.968067419712,0.0,-12.0,0.18587858371785085,0.3686519801019825,0.6363605763681314,0.5950927425357418,80.11400135648871,21.207840818603316,13.630159176960483,145.20101233436503
33,6416.968067419712,0.0,-12.0,0.18587858371785085,0.3686519801019825,0.6363540541170687,0.6107857461357221,80.11400135648871,21.207840818603316,13.630176215931392,145.07604647273192
33,6416.968067419712,0.0,-12.0,0.1885124739988529,0.37557051621486764,0.6360271749327485,0.6273488055967141,78.56175624714373,0.4409609189571668,7.147537371499334,145.9713879365812
33,6416.968067419712,0.0,-12.0,0.18587858371785085,0.3686519801019825,0.6363577237529205,0.6220936597971951,80.11400135648871,21.207840818603316,13.63003689326441,143.9929495681996
33,6416.968067419712,0.0,-12.0,0.18587858371785085,0.3686519801019825,0.6363575336082966,0.6314402105703036,80.11400135648871,21.207840818603316,13.634506015306517,144.82713760541222
33,39.99950000321371,39.99950000321371,-12.0,0.1531423138965006,0.37088056682589154,0.22738177278944036,0.16729890630902042,11.73181909110098,0.618782308709882,13.62944400661917,52.58631026010229
33,6416.968067419712,0.0,-12.0,0.18587858371785085,0.36836433941382085,0.636357531745678,0.6224814148674688,80.11400135648871,21.207840818603316,13.455747178997923,144.34531657461807
33,6416.968067419712,0.0,-12.0,0.18587858371785085,0.3686519801019825,0.6363577274363891,0.638695069545278,80.11400135648871,21.207840818603316,13.630159176960483,141.6612066064987
33,6416.968067419712,0.0,-12.0,0.18587858371785085,0.3686519801019825,0.636357729382916,0.6224096356493156,80.11400135648871,21.207840818603316,13.63003133009107,143.2680697983342
33,6416.968067419712,0.0,-12.0,0.1885124739988529,0.37542883211843847,0.6360271749327485,0.6273488055967141,78.56175624714373,0.4409609189571668,7.147537371499334,145.9713879365812
33,6416.968067419712,0.0,-12.0,0.18587858371785085,0.3686519801019825,0.6363605016442108,0.5946830842849581,80.11400135648871,21.207840818603316,13.634299754418107,145.20048253349375
33,6416.968067419712,0.0,-12.0,0.18587858371785085,0.3686519801019825,0.636357717793415,0.6392901846004373,80.11400135648871,21.207840818603316,13.630159176960483,164.19198428507528
33,6416.968067419712,0.0,-12.0,0.13205503177778644,0.22078390197034845,0.6244700266160077,0.5988788490491429,67.84129725718809,9.052771279630242,0.08662327209242049,243.23205058911483
33,6416.968067419712,0.0,-12.0,0.18587858371785085,0.3686519801019825,0.6363577375883847,0.6217771207000179,80.11400135648871,21.207840818603316,13.634366781879605,145.79632209456332
33,39.99950000321371,39.99950000321371,-12.0,0.1531423138965006,0.3686892244499753,0.22738177278944036,0.11387501499077646,11.73181909110098,0.618782308709882,13.642532125249378,50.80451641377644
33,6416.968067419712,0.0,-12.0,0.18587858371785085,0.3686519801019825,0.6363577268521831,0.638695069545278,80.11400135648871,21.207840818603316,13.630159176960483,141.23893961728186
33,39.99950000321371,39.99950000321371,-12.0,0.1531423138965006,0.37088056682589154,0.22738177278944036,0.16729890630902042,11.73181909110098,0.618782308709882,13.62944400661917,50.80517431766191
33,6416.968067419712,0.0,-12.0,0.18587858932210674,0.368651560018281,0.6363577273863237,0.6486782357096501,80.11400135648871,21.207840818603316,13.63003689326441,158.53758066891987
33,6416.968067419712,0.0,-12.0,0.18587858371785085,0.3686519801019825,0.6360779696434808,0.5627471628311518,80.11400135648871,21.207840818603316,13.63017607499338,139.82212719651784
33,6416.968067419712,0.0,-12.0,0.18587858371785085,0.3686519801019825,0.6363575283722036,0.5940874362061055,80.11400135648871,21.207840818603316,13.630159176960483,144.3524718811127
33,6416.968067419712,0.0,-12.0,0.18587858371785085,0.3686519801019825,0.6363569051528328,0.630953264824255,80.11400135648871,21.207840818603316,13.634299754418107,145.84643280155902
33,6416.968067419712,0.0,-12.0,0.18587858371785085,0.3686519801019825,0.6363577274363891,0.638695069545278,80.11400135648871,21.207840818603316,13.630159176960483,152.21166423565248
33,6416.968067419712,0.0,-12.0,0.18587858371785085,0.36882672009732087,0.6363575285860071,0.626104484733467,80.11400135648871,21.207840818603316,13.64324729559069,142.19734189186275
33,6416.968067419712,0.0,-12.0,0.18587858371785085,0.3686519801019825,0.6360882246786586,0.6218793002534875,80.11400135648871,21.207840818603316,13.634299754418107,145.18278566663395
33,6416.968067419712,0.0,-12.0,0.18587858371785085,0.3686519801019825,0.6360874772241578,0.6326996306908946,80.11400135648871,21.207840818603316,13.630159176960483,174.84457960272803
33,39.99950000321371,39.99950000321371,-12.0,0.1746113513994138,0.3158434811317082,0.20551250338656485,0.2002519928554689,11.861729282026541,0.4321298993173528,26.14466072174509,59.40289100785613
33,6416.968067419712,0.0,-12.0,0.18587858371785085,0.3686519801019825,0.6360882246786586,0.630953264824255,80.11400135648871,21.207840818603316,13.634299754418107,145.17112743481982
34,39.99950000321371,39.99950000321371,-12.0,0.1545437753430512,0.36935129634050873,0.20797998241611007,0.1502073571853354,11.73181909110098,0.6134516670709167,12.848916210297043,50.68391349418095
34,39.99950000321371,39.99950000321371,-12.0,0.1746113513994138,0.3689176514714203,0.20551250338656485,0.2002519928554689,11.995013020347436,0.8499769705509248,13.537118232640038,59.40289100785613
34,6416.968067419712,0.0,-12.0,0.18587858371785085,0.3686519801019825,0.6363686160519428,0.6216771483459878,80.11400135648871,21.207840818603316,13.63434988384671,144.23530985683087
34,6416.968067419712,0.0,-12.0,0.18587858371785085,0.3686519801019825,0.6363575238328828,0.6224814148674688,80.11400135648871,21.207840818603316,13.62948138585741,144.34531657461807
34,6416.968067419712,0.0,-12.0,0.18587858371785085,0.3686519801019825,0.6363577179949863,0.6387054688697474,80.11400135648871,21.207840818603316,13.630159176960483,141.6612066064987
34,6416.968067419712,0.0,-12.0,0.18587858371785085,0.3686519801019825,0.6363569051528328,0.630953264824255,80.11400135648871,21.207840818603316,13.629763689488021,145.95639586403757
34,6416.968067419712,0.0,-12.0,0.18587858371785085,0.3686519801019825,0.6363577760105651,0.6223844379153419,80.11400135648871,21.207840818603316,13.629675593803174,145.95639586403757
34,6416.968067419712,0.0,-12.0,0.18587858371785085,0.3686519801019825,0.6363575608119193,0.6138975992119051,80.11400135648871,21.207840818603316,13.630159176960483,145.73517826742457
34,6416.968067419712,0.0,-12.0,0.18587858371785085,0.3686519801019825,0.6363577274363891,0.6321341420921663,80.11400135648871,21.207840818603316,13.630159176960483,141.6612066064987
34,6416.968067419712,0.0,-12.0,0.18587858371785085,0.3686519801019825,0.6363605016442108,0.5946830842849581,80.11400135648871,21.207840818603316,13.634299754418107,145.20048253349375
34,6416.968067419712,0.0,-12.0,0.18587858371785085,0.3686519801019825,0.6363577274363891,0.638695069545278,80.11400135648871,21.207840818603316,13.630159176960483,144.4288692997286
34,6416.968067419712,0.0,-12.0,0.18587858371785085,0.3686519801019825,0.6363575336082966,0.6314402105703036,80.11400135648871,21.207840818603316,13.634506015306517,144.82713760541222
34,6416.968067419712,0.0,-12.0,0.18587858932210674,0.368651560018281,0.6363575340101087,0.6251435406221121,80.11400135648871,21.207840818603316,13.63003689326441,128.98397663277845
34,6416.968067419712,0.0,-12.0,0.18587858371785085,0.3686519801019825,0.6360779696434808,0.5627471628311518,80.11400135648871,21.207840818603316,13.63017607499338,139.82212719651784
34,6416.968067419712,0.0,-12.0,0.18587858371785085,0.3686519801019825,0.6363575283722036,0.5940874362061055,80.11400135648871,21.207840818603316,13.630159176960483,144.3524718811127
34,6416.968067419712,0.0,-12.0,0.18587824290615698,0.3686072084344438,0.6363577274363891,0.6264035383746247,80.11400135648871,21.207840818603316,13.634372112719966,144.34531657461807
34,6416.968067419712,0.0,-12.0,0.18587858371785085,0.3686519801019825,0.6360874772241578,0.6249280473589183,80.11400135648871,21.207840818603316,13.630159176960483,144.34531657461807
34,6416.968067419712,0.0,-12.0,0.18587858371785085,0.3686519801019825,0.6363575285812134,0.6122984071002452,80.11400135648871,21.207840818603316,13.630159176960483,144.34531657461807
34,6416.968067419712,0.0,-12.0,0.1885124739988529,0.37557051621486764,0.6360271749327485,0.6273488055967141,78.56175624714373,0.4409609189571668,7.147537371499334,145.9713879365812
34,6416.968067419712,0.0,-12.0,0.18587858371785085,0.3686519801019825,0.6363605763681314,0.5950927425357418,80.11400135648871,21.207840818603316,13.630159176960483,145.20101233436503
34,6416.968067419712,0.0,-12.0,0.18587858371785085,0.3686519801019825,0.6363686160519428,0.6217771207000179,80.11400135648871,21.207840818603316,13.63434988384671,144.39028682971028
34,6416.968067419712,0.0,-12.0,0.18587858371785085,0.3686519801019825,0.6363575317619605,0.590782715235487,80.11400135648871,21.207840818603316,13.36025646424794,144.31285480599868
34,6416.968067419712,0.0,-12.0,0.18587858371785085,0.3686519801019825,0.636357729382916,0.6224096356493156,80.11400135648871,21.207840818603316,13.63003133009107,143.2680697983342
34,6416.968067419712,0.0,-12.0,0.18587858371785085,0.3686519801019825,0.636357717793415,0.6392901846004373,80.11400135648871,21.207840818603316,13.630159176960483,164.19198428507528
34,6416.968067419712,0.0,-12.0,0.18587858371785085,0.3686519801019825,0.6360882246786586,0.6218793002534875,80.11400135648871,21.207840818603316,13.634413366849337,145.18278566663395
34,6416.968067419712,0.0,-12.0,0.18587858371785085,0.3686519801019825,0.6363540541170687,0.6107857461357221,80.11400135648871,21.207840818603316,13.630176215931392,145.07604647273192
34,6416.968067419712,0.0,-12.0,0.18587858371785085,0.3686519801019825,0.6363577172090978,0.6224814148674688,80.11400135648871,21.207840818603316,13.62948138585741,149.6682562710966
34,39.99950000321371,39.99950000321371,-12.0,0.1531423138965006,0.37088056682589154,0.22738177278944036,0.16729890630902042,11.73181909110098,0.618782308709882,13.62944400661917,52.58631026010229
34,6416.968067419712,0.0,-12.0,0.18587858371785085,0.36882672009732087,0.6363575285860071,0.626104484733467,80.11400135648871,21.207840818603316,13.64324729559069,142.19734189186275
34,6416.968067419712,0.0,-12.0,0.18587858371785085,0.3686519801019825,0.6360874772241578,0.6326996306908946,80.11400135648871,21.207840818603316,13.630159176960483,174.84457960272803
34,6416.968067419712,0.0,-12.0,0.18587858371785085,0.3686519801019825,0.6363575285812134,0.6119432474316401,80.11400135648871,21.207840818603316,13.630159176960483,144.34531657461807
34,6416.968067419712,0.0,-12.0,0.18587858371785085,0.3686519801019825,0.6360882246786586,0.6218793002534875,80.11400135648871,21.207840818603316,13.634299754418107,145.18278566663395
34,39.99950000321371,39.99950000321371,-12.0,0.1531423138965006,0.3710553068212299,0.22738177278944036,0.16729890630902042,11.73181909110098,0.618782308709882,13.642532125249378,50.80451641377644
34,39.99950000321371,39.99950000321371,-12.0,0.1531423138965006,0.3686892244499753,0.22738177278944036,0.11387501499077646,11.73181909110098,0.618782308709882,13.642532125249378,50.80451641377644
34,6416.968067419712,0.0,-12.0,0.18587858371785085,0.3686519801019825,0.6363575292432166,0.6320029633456287,80.11400135648871,21.207840818603316,13.630159176960483,144.31470505181792
34,6416.968067419712,0.0,-12.0,0.18587858371785085,0.3686519801019825,0.6363577274363891,0.638695069545278,80.11400135648871,21.207840818603316,13.630159176960483,152.21166423565248
34,6416.968067419712,0.0,-12.0,0.18587858371785085,0.3686519801019825,0.6363577237529205,0.6220936597971951,80.11400135648871,21.207840818603316,13.63003689326441,143.9929495681996
34,6416.968067419712,0.0,-12.0,0.18587858371785085,0.3686519801019825,0.636357531797836,0.6228422297324251,80.11400135648871,21.20772045029206,13.630278844275901,146.2102318036758
34,39.99950000321371,39.99950000321371,-12.0,0.1531423138965006,0.3764960268663911,0.21137515978237037,0.1502073571853354,11.73181909110098,0.6134516670709167,12.848916210297043,48.22964873904153
34,39.99950000321371,39.99950000321371,-12.0,0.1746113513994138,0.3158434811317082,0.20551250338656485,0.2002519928554689,11.861729282026541,0.4321298993173528,26.14466072174509,59.40289100785613
34,6416.968067419712,0.0,-12.0,0.18587858371785085,0.3686519801019825,0.6363569051528328,0.630514031084453,80.11400135648871,21.207840818603316,13.630052362543873,162.5863116547607
34,6416.968067419712,0.0,-12.0,0.18587826163108812,0.36864996361619795,0.6363577274363891,0.6265277588944874,80.11400135648871,21.207840818603316,13.630136653005572,141.6612066064987
34,39.99950000321371,39.99950000321371,-12.0,0.1531423138965006,0.3762782058725802,0.22738177278944036,0.16729890630902042,10.601217405886837,0.618782308709882,13.642532125249378,50.80451641377644
34,6416.968067419712,0.0,-12.0,0.18587858371785085,0.3686519801019825,0.6363577274363891,0.638695069545278,80.11400135648871,21.207838428773023,13.630159176960483,144.4288692997286
34,6416.968067419712,0.0,-12.0,0.1885124739988529,0.37542883211843847,0.6360271749327485,0.6273488055967141,78.56175624714373,0.4409609189571668,7.147537371499334,145.9713879365812
34,6416.968067419712,0.0,-12.0,0.18587858371785085,0.3686519801019825,0.6363577375883847,0.6217771207000179,80.11400135648871,21.207840818603316,13.634366781879605,145.79632209456332
34,6416.968067419712,0.0,-12.0,0.18587858371785085,0.3686519801019825,0.6363577268521831,0.638695069545278,80.11400135648871,21.207840818603316,13.630159176960483,141.23893961728186
34,6416.968067419712,0.0,-12.0,0.13205503177778644,0.22078390197034845,0.6244700266160077,0.5988788490491429,67.84129725718809,9.052771279630242,0.08662327209242049,243.23205058911483
35,6416.968067419712,0.0,-12.0,0.18587858371785085,0.3686519801019825,0.6363686160519428,0.6216771483459878,80.11400135648871,21.207840818603316,13.63434988384671,144.23530985683087
35,6416.968067419712,0.0,-12.0,0.18587858371785085,0.3686519801019825,0.6363575317619605,0.590782715235487,80.11400135648871,21.207840818603316,13.623848566661724,141.35388439801633
35,39.99950000321371,39.99950000321371,-12.0,0.1531423138965006,0.36935275126947176,0.22738177278944036,0.16793772985939232,11.73181909110098,0.618782308709882,13.62944400661917,52.58631026010229
35,39.99950000321371,39.99950000321371,-12.0,0.1545437753430512,0.36935129634050873,0.20797998241611007,0.1502073571853354,11.73181909110098,0.6134516670709167,12.848916210297043,50.68391349418095
35,6416.968067419712,0.0,-12.0,0.1885124739988529,0.37542883211843847,0.6360271749327485,0.6273488055967141,78.56175624714373,0.4409609189571668,7.147537371499334,145.9713879365812
35,6416.968067419712,0.0,-12.0,0.18587858371785085,0.3686519801019825,0.6363577760105651,0.6223844379153419,80.11400135648871,21.207840818603316,13.629675593803174,145.95639586403757
35,39.99950000321371,39.99950000321371,-12.0,0.1531423138965006,0.3762782058725802,0.22738177278944036,0.16729890630902042,10.601217405886837,0.618782308709882,13.642532125249378,50.80451641377644
35,6416.968067419712,0.0,-12.0,0.18587858371785085,0.3686519801019825,0.6363577268521831,0.638695069545278,80.11400135648871,21.207840818603316,13.366567074546698,144.19791002526418
35,6416.968067419712,0.0,-12.0,0.18587858371785085,0.3686519801019825,0.6363577237529205,0.6220936597971951,80.11400135648871,21.207840818603316,13.63003689326441,143.9929495681996
35,39.99950000321371,39.99950000321371,-12.0,0.1531423138965006,0.37088056682589154,0.22738177278944036,0.16729890630902042,11.73181909110098,0.618782308709882,13.62944400661917,52.58631026010229
35,6416.968067419712,0.0,-12.0,0.18587858371785085,0.3686519801019825,0.6363575238328828,0.6224814148674688,80.11400135648871,21.207840818603316,13.62948138585741,144.34531657461807
35,6416.968067419712,0.0,-12.0,0.18587858371785085,0.3686519801019825,0.6360874772241578,0.6249280473589183,80.11400135648871,21.207840818603316,13.630159176960483,144.34531657461807
35,6416.968067419712,0.0,-12.0,0.18587858371785085,0.3686519801019825,0.6363540541170687,0.6107857461357221,80.11400135648871,21.207840818603316,13.630176215931392,145.07604647273192
35,6416.968067419712,0.0,-12.0,0.18587858371785085,0.3686519801019825,0.6360882246786586,0.6218793002534875,80.11400135648871,21.207840818603316,13.634413366849337,145.18278566663395
35,6416.968067419712,0.0,-12.0,0.18587858371785085,0.3686519801019825,0.6363577436126957,0.6138401955654308,80.11400135648871,21.207840818603316,13.63013737903076,145.80231434042312
35,6416.968067419712,0.0,-12.0,0.18587858371785085,0.36882672009732087,0.6363575285860071,0.626104484733467,80.11400135648871,21.207840818603316,13.64324729559069,142.19734189186275
35,39.99950000321371,39.99950000321371,-12.0,0.1746113513994138,0.3689176514714203,0.20551250338656485,0.2002519928554689,11.995013020347436,0.8499769705509248,13.537118232640038,59.40289100785613
35,6416.968067419712,0.0,-12.0,0.18587858371785085,0.3686519801019825,0.6360882246786586,0.6218793002534875,80.11400135648871,21.207840818603316,13.634299754418107,145.18278566663395
35,6416.968067419712,0.0,-12.0,0.18587858371785085,0.3686519801019825,0.636357729382916,0.6224052192191009,80.11400135648871,21.207840818603316,13.63003133009107,143.1987833732439
35,39.99950000321371,39.99950000321371,-12.0,0.1545437753430512,0.37087911189692846,0.20797998241611007,0.14956853363496353,11.73181909110098,0.6134516670709167,12.848916210297043,46.31709511911517
35,6416.968067419712,0.0,-12.0,0.18587824249655274,0.36860727564423856,0.6363575238328828,0.6224814148674688,80.11400135648871,21.207840818603316,13.62948138585741,144.34531657461807
35,6416.968067419712,0.0,-12.0,0.18587858371785085,0.3686519801019825,0.6363577274363891,0.638695069545278,80.11400135648871,21.207840818603316,13.630159176960483,152.21166423565248
35,6416.968067419712,0.0,-12.0,0.18587858371785085,0.3686519801019825,0.6360779696434808,0.5627471628311518,80.11400135648871,21.207840818603316,13.63017607499338,139.82212719651784
35,6416.968067419712,0.0,-12.0,0.18587826163108812,0.36864996361619795,0.6363577274363891,0.6265277588944874,80.11400135648871,21.207840818603316,13.630136653005572,141.6612066064987
35,6416.968067419712,0.0,-12.0,0.18587858371785085,0.3686519801019825,0.636357717793415,0.6392901846004373,80.11400135648871,21.207840818603316,13.630159176960483,164.19198428507528
35,6416.968067419712,0.0,-12.0,0.18587858371785085,0.3686519801019825,0.636357531797836,0.6228422297324251,80.11400135648871,21.20772045029206,13.630278844275901,146.2102318036758
35,6416.968067419712,0.0,-12.0,0.18587858371785085,0.3686519801019825,0.6363575292432166,0.6320029633456287,80.11400135648871,21.207840818603316,13.630159176960483,144.31470505181792
35,6416.968067419712,0.0,-12.0,0.18587858371785085,0.3686519801019825,0.6363569051528328,0.630514031084453,80.11400135648871,21.207840818603316,13.630052362543873,162.5863116547607
35,6416.968067419712,0.0,-12.0,0.18587858371785085,0.3686519801019825,0.6363577375883847,0.6217771207000179,80.11400135648871,21.207840818603316,13.634366781879605,145.79632209456332
35,6416.968067419712,0.0,-12.0,0.18587858371785085,0.3686519801019825,0.6363575317619605,0.590782715235487,80.11400135648871,21.207840818603316,13.36025646424794,144.31285480599868
35,6416.968067419712,0.0,-12.0,0.18587858371785085,0.3686519801019825,0.6363577268521831,0.638695069545278,80.11400135648871,21.207840818603316,13.630159176960483,141.23893961728186
35,6416.968067419712,0.0,-12.0,0.18587858371785085,0.3686521074440789,0.6363569051528328,0.6260197987340209,80.11400135648871,21.207840818603316,13.629856919169274,141.9047051515944
35,6416.968067419712,0.0,-12.0,0.18587858371785085,0.3686519801019825,0.6363577274363891,0.6321341420921663,80.11400135648871,21.207840818603316,13.630159176960483,141.6612066064987
35,6416.968067419712,0.0,-12.0,0.18587858371785085,0.3686519801019825,0.6360874772241578,0.6326996306908946,80.11400135648871,21.207840818603316,13.630159176960483,174.84457960272803
35,6416.968067419712,0.0,-12.0,0.18587858371785085,0.3686519801019825,0.6363686160519428,0.6217771207000179,80.11400135648871,21.207840818603316,13.63434988384671,144.39028682971028
35,6416.968067419712,0.0,-12.0,0.18587858371785085,0.3686519801019825,0.6363575285812134,0.6119432474316401,80.11400135648871,21.207840818603316,13.630159176960483,144.34531657461807
35,39.99950000321371,39.99950000321371,-12.0,0.1531423138965006,0.3710553068212299,0.22738177278944036,0.16729890630902042,11.73181909110098,0.618782308709882,13.642532125249378,50.80451641377644
35,6416.968067419712,0.0,-12.0,0.18587858371785085,0.3686519801019825,0.6363577274363891,0.638695069545278,80.11400135648871,21.207840818603316,13.630159176960483,144.4288692997286
35,6416.968067419712,0.0,-12.0,0.18587858371785085,0.3686519801019825,0.6363605763681314,0.5950927425357418,80.11400135648871,21.207840818603316,13.630159176960483,145.20101233436503
35,39.99950000321371,39.99950000321371,-12.0,0.1746113513994138,0.3158434811317082,0.20551250338656485,0.2002519928554689,11.861729282026541,0.4321298993173528,26.14466072174509,59.40289100785613
35,6416.968067419712,0.0,-12.0,0.18587824290615698,0.3686072084344438,0.6363577274363891,0.6264035383746247,80.11400135648871,21.207840818603316,13.634372112719966,144.34531657461807
35,6416.968067419712,0.0,-12.0,0.13205503177778644,0.22078390197034845,0.6244700266160077,0.5988788490491429,67.84129725718809,9.052771279630242,0.08662327209242049,243.23205058911483
35,6416.968067419712,0.0,-12.0,0.18587858371785085,0.3686519801019825,0.6363578846685528,0.6219077905253216,80.11400135648871,21.207840818603316,13.630159176960483,144.2135251377757
35,6416.968067419712,0.0,-12.0,0.18587858371785085,0.3686519801019825,0.6363575547876081,0.6180548106375587,80.11400135648871,21.207840818603316,13.634388579809329,145.7291860215648
35,6416.968067419712,0.0,-12.0,0.18587858371785085,0.3686519801019825,0.636357729382916,0.6224096356493156,80.11400135648871,21.207840818603316,13.63003133009107,143.2680697983342
35,6416.968067419712,0.0,-12.0,0.18587858371785085,0.3686519801019825,0.6363577172090978,0.6224814148674688,80.11400135648871,21.207840818603316,13.62948138585741,149.6682562710966
35,6416.968067419712,0.0,-12.0,0.18587858932210674,0.368651560018281,0.6363575340101087,0.6251435406221121,80.11400135648871,21.207840818603316,13.63003689326441,128.98397663277845
35,6416.968067419712,0.0,-12.0,0.18587858371785085,0.3686519801019825,0.6363575285812134,0.6122984071002452,80.11400135648871,21.207840818603316,13.630159176960483,144.34531657461807
36,6416.968067419712,0.0,-12.0,0.18587858371785085,0.3686519801019825,0.6363686160519428,0.6216771483459878,80.11400135648871,21.207840818603316,13.63434988384671,144.23530985683087
36,39.99950000321371,39.99950000321371,-12.0,0.1531423138965006,0.36935275126947176,0.22738177278944036,0.16793772985939232,11.73181909110098,0.618782308709882,13.62944400661917,52.58631026010229
36,39.99950000321371,39.99950000321371,-12.0,0.15445567116542105,0.36772343589270634,0.20797998241611007,0.14527187144636322,3.181856417862077,0.25543061561382563,13.636456109432226,50.49609692005678
36,6416.968067419712,0.0,-12.0,0.18587858371785085,0.3686519801019825,0.6363577760105651,0.6223844379153419,80.11400135648871,21.207840818603316,13.62967156320712,145.95639586403757
36,6416.968067419712,0.0,-12.0,0.18587858371785085,0.3686519801019825,0.636357268281801,0.6220936597971951,80.11400135648871,21.207840818603316,13.63003689326441,143.9929495681996
36,6416.968067419712,0.0,-12.0,0.18587858371785085,0.3686519801019825,0.6363577172090978,0.6224814148674688,80.11400135648871,21.207840818603316,13.62948138585741,149.6682562710966
36,6416.968067419712,0.0,-12.0,0.18587858371785085,0.3686519801019825,0.6363577375883847,0.6217771207000179,80.11400135648871,21.207840818603316,13.634366781879605,145.79632209456332
36,6416.968067419712,0.0,-12.0,0.18587858371785085,0.3686519801019825,0.6363575285812134,0.6119432474316401,80.11400135648871,21.207840818603316,13.630159176960483,144.34531657461807
36,39.99950000321371,39.99950000321371,-12.0,0.1531423138965006,0.37088056682589154,0.22738177278944036,0.16729890630902042,11.73181909110098,0.618782308709882,13.62944400661917,52.58631026010229
36,6416.968067419712,0.0,-12.0,0.18587858371785085,0.3686519801019825,0.6363577274363891,0.6321341420921663,80.11400135648871,21.207840818603316,13.630159176960483,141.6612066064987
36,6416.968067419712,0.0,-12.0,0.18587858371785085,0.36882672009732087,0.6363575285860071,0.626104484733467,80.11400135648871,21.207840818603316,13.64324729559069,142.19734189186275
36,39.99950000321371,39.99950000321371,-12.0,0.1545437753430512,0.36935129634050873,0.20797998241611007,0.1502073571853354,11.73181909110098,0.6134516670709167,12.848916210297043,50.68391349418095
36,6416.968067419712,0.0,-12.0,0.18587858371785085,0.3686519801019825,0.6363577274363891,0.638695069545278,80.11400135648871,21.207840818603316,13.630159176960483,152.21166423565248
36,6416.968067419712,0.0,-12.0,0.13205503177778644,0.22078390197034845,0.6244700266160077,0.5988788490491429,67.84129725718809,9.052771279630242,0.08662327209242049,243.23205058911483
36,39.99950000321371,39.99950000321371,-12.0,0.1545437753430512,0.37087911189692846,0.20797998241611007,0.14956853363496353,11.73181909110098,0.6134516670709167,12.848916210297043,46.31709511911517
36,6416.968067419712,0.0,-12.0,0.18587858371785085,0.3686521074440789,0.6363569051528328,0.6260197987340209,80.11400135648871,21.207840818603316,13.629856919169274,141.9047051515944
36,6416.968067419712,0.0,-12.0,0.18587858371785085,0.3686519801019825,0.6363577274395383,0.6321341420921663,80.11400135648871,21.207840818603316,13.630159176960483,141.6612066064987
36,6416.968067419712,0.0,-12.0,0.18587858371785085,0.3686519801019825,0.6360779696434808,0.5627471628311518,80.11400135648871,21.207840818603316,13.63017607499338,139.82212719651784
36,6416.968067419712,0.0,-12.0,0.18587858371785085,0.3686519801019825,0.6363605763681314,0.5950927425357418,80.11400135648871,21.207840818603316,13.630159176960483,145.20101233436503
36,39.99950000321371,39.99950000321371,-12.0,0.1748685546159592,0.3691401980920078,0.22738177278944036,0.16729890630902042,10.601217405886837,0.8531599490378877,13.642532125249378,50.71835269068727
36,6416.968067419712,0.0,-12.0,0.18587824249655274,0.36860727564423856,0.6363575238328828,0.6224814148674688,80.11400135648871,21.207840818603316,13.62948138585741,144.34531657461807
36,39.99950000321371,39.99950000321371,-12.0,0.15288511067995522,0.3760556592519927,0.20551250338656485,0.2002519928554689,11.995013020347436,0.6155993302229202,13.537118232640038,59.4890547309453
36,6416.968067419712,0.0,-12.0,0.18587858371785085,0.3686519801019825,0.6363686160519428,0.6217771207000179,80.11400135648871,21.207840818603316,13.63434988384671,144.39028682971028
36,6416.968067419712,0.0,-12.0,0.18587858371785085,0.3686519801019825,0.6363575292432166,0.6320029633456287,80.11400135648871,21.207840818603316,13.630159176960483,144.31470505181792
36,6416.968067419712,0.0,-12.0,0.18587858371785085,0.3686519801019825,0.6363577274363891,0.638695069545278,80.11400135648871,21.207840818603316,13.630156850265545,149.39556742531346
36,39.99950000321371,39.99950000321371,-12.0,0.18662508767822591,0.3710553068212299,0.22738177278944036,0.1691408921452724,11.73181909110098,0.618782308709882,13.642532125249378,51.89902900164466
36,6416.968067419712,0.0,-12.0,0.18587858932210674,0.368651560018281,0.6363575340101087,0.6251435406221121,80.11400135648871,21.207840818603316,13.63003689326441,128.98397663277845
36,6416.968067419712,0.0,-12.0,0.18587858371785085,0.3686519801019825,0.6363577268521831,0.638695069545278,80.11400135648871,21.207840818603316,13.366567074546698,144.19791002526418
36,6416.968067419712,0.0,-12.0,0.18587858371785085,0.3686519801019825,0.6363540541170687,0.6107857461357221,80.11400135648871,21.207840818603316,13.630176215931392,145.07604647273192
36,6416.968067419712,0.0,-12.0,0.18587858371785085,0.3686519801019825,0.6363577268521831,0.638695069545278,80.11400135648871,21.207840818603316,13.630159176960483,141.23893961728186
36,6416.968067419712,0.0,-12.0,0.18587858371785085,0.3686519801019825,0.6363577274363891,0.638695069545278,80.11400135648871,21.207840818603316,13.630159176960483,144.4288692997286
36,6416.968067419712,0.0,-12.0,0.18587858371785085,0.3686519801019825,0.6363569051528328,0.630514031084453,80.11400135648871,21.207840818603316,13.630052362543873,162.5863116547607
36,6416.968067419712,0.0,-12.0,0.18587858371785085,0.3686519801019825,0.636357729382916,0.6224096356493156,80.11400135648871,21.207840818603316,13.63003133009107,143.2680697983342
36,6416.968067419712,0.0,-12.0,0.18587858371785085,0.3686519801019825,0.6360874772241578,0.6326996306908946,80.11400135648871,21.207840818603316,13.630159176960483,174.84457960272803
36,39.99950000321371,39.99950000321371,-12.0,0.14876425330823417,0.36935275126947176,0.22738177278944036,0.16793772985939232,11.73181909110098,0.618782308709882,13.634501455495124,57.226936162625265
36,6416.968067419712,0.0,-12.0,0.18587858371785085,0.3686519801019825,0.6363575317619605,0.590782715235487,80.11400135648871,21.207840818603316,13.623848566661724,141.35388439801633
36,39.99950000321371,39.99950000321371,-12.0,0.1531423138965006,0.3710553068212299,0.22738177278944036,0.16729890630902042,11.73181909110098,0.618782308709882,13.642532125249378,50.80451641377644
36,39.99950000321371,39.99950000321371,-12.0,0.1746113513994138,0.3158434811317082,0.20551250338656485,0.2002519928554689,11.861729282026541,0.4321298993173528,26.14466072174509,59.40289100785613
36,6416.968067419712,0.0,-12.0,0.18587858371785085,0.3686519801019825,0.636357531797836,0.6228422297324251,80.11400135648871,21.20772045029206,13.630278844275901,146.2102318036758
36,39.99950000321371,39.99950000321371,-12.0,0.1746113513994138,0.3689176514714203,0.20551250338656485,0.2002519928554689,11.995013020347436,0.8499769705509248,13.537118232640038,59.40289100785613
36,6416.968067419712,0.0,-12.0,0.18587858371785085,0.3686519801019825,0.6363578846685528,0.6219077905253216,80.11400135648871,21.207840818603316,13.630159176960483,144.2135251377757
36,6416.968067419712,0.0,-12.0,0.18587858371785085,0.3686519801019825,0.6363605763681314,0.5950927425357418,80.11400135648871,21.207840818603316,13.629470511956917,145.20101233436503
36,6416.968067419712,0.0,-12.0,0.18587858371785085,0.3686519801019825,0.6360882246786586,0.6218793002534875,80.11400135648871,21.207840818603316,13.634413366849337,145.18278566663395
36,6416.968067419712,0.0,-12.0,0.18587858371785085,0.3686519801019825,0.6363577375883847,0.6117818270089944,80.11400135648871,21.207840818603316,13.634366781879605,145.79632209456332
36,6416.968067419712,0.0,-12.0,0.18587826163108812,0.36864996361619795,0.6363577274363891,0.6265277588944874,80.11400135648871,21.207840818603316,13.630136653005572,141.6612066064987
36,6416.968067419712,0.0,-12.0,0.18587858371785085,0.3686519801019825,0.6363577297181184,0.6228422297324251,80.11400135648871,21.2077196795041,13.630038208382516,146.2102318036758
36,6416.968067419712,0.0,-12.0,0.18587824290615698,0.3686072084344438,0.6363577274363891,0.6264035383746247,80.11400135648871,21.207840818603316,13.634372112719966,144.34531657461807
36,6416.968067419712,0.0,-12.0,0.18587858371785085,0.3686519801019825,0.6363575317619605,0.590782715235487,80.11400135648871,21.207840818603316,13.36025646424794,144.31285480599868
37,39.99950000321371,39.99950000321371,-12.0,0.1531423138965006,0.36935275126947176,0.22738177278944036,0.16793772985939232,11.73181909110098,0.618782308709882,13.62944400661917,52.58631026010229
37,39.99950000321371,39.99950000321371,-12.0,0.1531423138965006,0.37088056682589154,0.22738177278944036,0.16794493622195367,11.73181909110098,0.618782308709882,13.62944400661917,52.628467620181375
37,6416.968067419712,0.0,-12.0,0.18587858371785085,0.36865210223296213,0.6363569165217151,0.6259211605183844,80.11400135648871,21.207840818603316,13.630028757821508,141.9047051515944
37,6416.968067419712,0.0,-12.0,0.18587858371785085,0.3686519801019825,0.6363686160519428,0.6216771483459878,80.11400135648871,21.207840818603316,13.63434988384671,144.23530985683087
37,6416.968067419712,0.0,-12.0,0.18587858371785085,0.3686519801019825,0.6363575317619605,0.590782715235487,80.11400135648871,21.207840818603316,13.623848566661724,141.35388439801633
37,6416.968067419712,0.0,-12.0,0.18587858371785085,0.3686519801019825,0.6363686226005126,0.6212312213874882,80.11400135648871,21.207840818603316,13.630189619937926,144.23516545501187
37,6416.968067419712,0.0,-12.0,0.18587826163108812,0.36864996361619795,0.6363577274363891,0.6265277588944874,80.11400135648871,21.207840818603316,13.630136653005572,141.6612066064987
37,6416.968067419712,0.0,-12.0,0.18587858371785085,0.3686519801019825,0.6360882246786586,0.6218793002534875,80.11400135648871,21.207840818603316,13.634413366849337,145.18278566663395
37,39.99950000321371,39.99950000321371,-12.0,0.1545437753430512,0.36935129634050873,0.20797998241611007,0.1502073571853354,11.73181909110098,0.6134516670709167,12.848916210297043,50.68391349418095
37,6416.968067419712,0.0,-12.0,0.18587858371785085,0.3686519801019825,0.6363605763681314,0.5950927425357418,80.11400135648871,21.207840818603316,13.629470511956917,145.20101233436503
37,6416.968067419712,0.0,-12.0,0.18587824290615698,0.3686072084344438,0.6363577274363891,0.6264035383746247,80.11400135648871,21.207840818603316,13.634372112719966,144.34531657461807
37,6416.968067419712,0.0,-12.0,0.18587858371785085,0.3686521074440789,0.6363569051528328,0.6260197987340209,80.11400135648871,21.207840818603316,13.629856919169274,141.9047051515944
37,6416.968067419712,0.0,-12.0,0.18587858371785085,0.3686519801019825,0.6363575292432166,0.6320029633456287,80.11400135648871,21.207840818603316,13.630159176960483,144.31470505181792
37,39.99950000321371,39.99950000321371,-12.0,0.1746113513994138,0.3689176514714203,0.20551250338656485,0.2002519928554689,11.995013020347436,0.8499769705509248,13.537118232640038,59.40289100785613
37,6416.968067419712,0.0,-12.0,0.18587858371785085,0.3686519801019825,0.6360779696434808,0.5627471628311518,80.11400135648871,21.207840818603316,13.63017607499338,139.82212719651784
37,39.99950000321371,39.99950000321371,-12.0,0.14876425330823417,0.36935275126947176,0.22738177278944036,0.16729169994645904,11.73181909110098,0.618782308709882,13.634501455495124,57.184778802546184
37,6416.968067419712,0.0,-12.0,0.18587858371785085,0.3686519801019825,0.6363577274395383,0.6321341420921663,80.11400135648871,21.207840818603316,13.630159176960483,141.6612066064987
37,39.99950000321371,39.99950000321371,-12.0,0.18662508767822591,0.3710553068212299,0.22738177278944036,0.1691408921452724,11.73181909110098,0.618782308709882,13.642532125249378,51.89902900164466
37,6416.968067419712,0.0,-12.0,0.18587858371785085,0.3686519801019825,0.636357268281801,0.6220936597971951,80.11400135648871,21.207840818603316,13.63003689326441,143.9929495681996
37,6416.968067419712,0.0,-12.0,0.18587858371785085,0.3686519801019825,0.6363577760105651,0.6223844379153419,80.11400135648871,21.207840818603316,13.62967156320712,145.95639586403757
37,6416.968067419712,0.0,-12.0,0.1858785929893057,0.3686072084344438,0.6363577274363891,0.621634225216066,80.11400135648871,21.207840818603316,13.634366904872905,135.08557025129198
37,6416.968067419712,0.0,-12.0,0.18587858371785085,0.3686519801019825,0.6363577274363891,0.6321341420921663,80.11400135648871,21.207840818603316,13.630159176960483,141.6612066064987
37,6416.968067419712,0.0,-12.0,0.13205503177778644,0.22078390197034845,0.6244700266160077,0.5988788490491429,67.84129725718809,9.052771279630242,0.08662327209242049,243.23205058911483
37,6416.968067419712,0.0,-12.0,0.18587858371785085,0.3686519801019825,0.6363686160519428,0.6217771207000179,80.11400135648871,21.207840818603316,13.63434988384671,144.39028682971028
37,6416.968067419712,0.0,-12.0,0.18587858371785085,0.3686519801019825,0.6363577375883847,0.6217771207000179,80.11400135648871,21.207840818603316,13.634366781879605,145.79632209456332
37,39.99950000321371,39.99950000321371,-12.0,0.1746113513994138,0.3158434811317082,0.20551250338656485,0.2002519928554689,11.861729282026541,0.4321298993173528,26.14466072174509,59.40289100785613
37,6416.968067419712,0.0,-12.0,0.18587858371785085,0.3686519801019825,0.636357531797836,0.6228422297324251,80.11400135648871,21.20772045029206,13.630278844275901,146.2102318036758
37,6416.968067419712,0.0,-12.0,0.18587858371785085,0.3686519801019825,0.6363577752780731,0.631932996542177,80.11400135648871,21.207840818603316,13.629696961081322,145.95639586403757
37,6416.968067419712,0.0,-12.0,0.18587858371785085,0.3686519801019825,0.6363577297181184,0.6228422297324251,80.11400135648871,21.2077196795041,13.630038208382516,146.2102318036758
37,6416.968067419712,0.0,-12.0,0.18587858371785085,0.36882672009732087,0.6363575285860071,0.626104484733467,80.11400135648871,21.207840818603316,13.64324729559069,142.19734189186275
37,6416.968067419712,0.0,-12.0,0.18587858371785085,0.3686519801019825,0.6363578846685528,0.6219077905253216,80.11400135648871,21.207840818603316,13.630159176960483,144.2135251377757
37,6416.968067419712,0.0,-12.0,0.18587858371785085,0.3686519801019825,0.6363569051528328,0.630514031084453,80.11400135648871,21.207840818603316,13.630052362543873,162.5863116547607
37,6416.968067419712,0.0,-12.0,0.18587858371785085,0.3686519801019825,0.6363575285812134,0.6119432474316401,80.11400135648871,21.207840818603316,13.630159176960483,144.34531657461807
37,39.99950000321371,39.99950000321371,-12.0,0.14876425330823417,0.36935275126947176,0.22738177278944036,0.16793772985939232,11.73181909110098,0.618782308709882,13.634501455495124,57.226936162625265
37,39.99950000321371,39.99950000321371,-12.0,0.15288511067995522,0.3760556592519927,0.20551250338656485,0.2002519928554689,11.995013020347436,0.6155993302229202,13.537118232640038,59.4890547309453
37,6416.968067419712,0.0,-12.0,0.18587824249655274,0.36860727564423856,0.6363575238328828,0.6224814148674688,80.11400135648871,21.207840818603316,13.62948138585741,144.34531657461807
37,6416.968067419712,0.0,-12.0,0.18587858371785085,0.3686519801019825,0.6363575226946468,0.6324488903040858,80.11400135648871,21.207840818603316,13.634319440869266,144.31484945363692
37,6416.968067419712,0.0,-12.0,0.18587858371785085,0.3686519801019825,0.6363540541170687,0.6107857461357221,80.11400135648871,21.207840818603316,13.630176215931392,145.07604647273192
37,39.99950000321371,39.99950000321371,-12.0,0.15445567116542105,0.36772343589270634,0.20797998241611007,0.14527187144636322,3.181856417862077,0.25543061561382563,13.636456109432226,50.49609692005678
37,6416.968067419712,0.0,-12.0,0.18587858371785085,0.36882672009732087,0.6363575285860071,0.626104484733467,80.11400135648871,21.207840818603316,13.630404507852228,142.19734189186275
37,6416.968067419712,0.0,-12.0,0.18587858371785085,0.3686519801019825,0.6363575317619605,0.590782715235487,80.11400135648871,21.207840818603316,13.36025646424794,144.31285480599868
37,6416.968067419712,0.0,-12.0,0.18587858371785085,0.3686519801019825,0.6363577274363891,0.638695069545278,80.11400135648871,21.207840818603316,13.630156850265545,149.39556742531346
37,6416.968067419712,0.0,-12.0,0.18587858371785085,0.3686519801019825,0.6363577268521831,0.638695069545278,80.11400135648871,21.207840818603316,13.630159176960483,141.23893961728186
37,6416.968067419712,0.0,-12.0,0.18587858371785085,0.3686519801019825,0.6363605763681314,0.5950927425357418,80.11400135648871,21.207840818603316,13.630159176960483,145.20101233436503
37,6416.968067419712,0.0,-12.0,0.18587858371785085,0.3686519801019825,0.6363577375883847,0.6117818270089944,80.11400135648871,21.207840818603316,13.634366781879605,145.79632209456332
37,39.99950000321371,39.99950000321371,-12.0,0.1545437753430512,0.37087911189692846,0.20797998241611007,0.14956853363496353,11.73181909110098,0.6134516670709167,12.848916210297043,46.31709511911517
37,39.99950000321371,39.99950000321371,-12.0,0.1531423138965006,0.37088056682589154,0.22738177278944036,0.16729890630902042,11.73181909110098,0.618782308709882,13.62944400661917,52.58631026010229
37,6416.968067419712,0.0,-12.0,0.18587858371785085,0.3686519801019825,0.6363577268521831,0.638695069545278,80.11400135648871,21.207840818603316,13.366567074546698,144.19791002526418
38,39.99950000321371,39.99950000321371,-12.0,0.1531423138965006,0.3689310352817015,0.22738177278944036,0.16793772985939232,11.993097040124063,0.618782308709882,13.62944400661917,52.58631026010229
38,6416.968067419712,0.0,-12.0,0.18587858371785085,0.36865210223296213,0.6363569165217151,0.6259211605183844,80.11400135648871,21.207840818603316,13.630028757821508,141.9047051515944
38,39.99950000321371,39.99950000321371,-12.0,0.1531423138965006,0.36935275126947176,0.22738177278944036,0.16793772985939232,11.73181909110098,0.618782308709882,13.62944400661917,52.58631026010229
38,6416.968067419712,0.0,-12.0,0.18587862198450442,0.36865210223296213,0.6363569165217151,0.6316932597957724,80.11400135648871,21.207840818603316,13.629466677038488,141.9047051515944
38,6416.968067419712,0.0,-12.0,0.18587858371785085,0.3686519801019825,0.6363686160519428,0.6216771483459878,80.11400135648871,21.207840818603316,13.63434988384671,144.23530985683087
38,6416.968067419712,0.0,-12.0,0.18587858371785085,0.3686519801019825,0.6363605986864643,0.6119432474316401,80.11400135648871,21.207840818603316,13.630170006465383,144.34531657461807
38,6416.968067419712,0.0,-12.0,0.18587858371785085,0.3686519801019825,0.6363577268521831,0.638695069545278,80.11400135648871,21.207840818603316,13.630209364329234,141.23893961728186
38,6416.968067419712,0.0,-12.0,0.18587858371785085,0.3686519801019825,0.6363577268521831,0.638695069545278,80.11400135648871,21.207840818603316,13.630159176960483,141.23893961728186
38,6416.968067419712,0.0,-12.0,0.18587858371785085,0.3686519801019825,0.6360779696434808,0.5627471628311518,80.11400135648871,21.207840818603316,13.63017607499338,139.82212719651784
38,39.99950000321371,39.99950000321371,-12.0,0.18662508767822591,0.3710553068212299,0.22738177278944036,0.1691408921452724,11.73181909110098,0.618782308709882,13.642532125249378,51.89902900164466
38,6416.968067419712,0.0,-12.0,0.18587824249655274,0.36860727564423856,0.6363575238328828,0.6224814148674688,80.11400135648871,21.207840818603316,13.62948138585741,144.34531657461807
38,6416.968067419712,0.0,-12.0,0.18587858371785085,0.3686519801019825,0.6363577274363891,0.6321341420921663,80.11400135648871,21.207840818603316,13.630159176960483,150.47872285135793
38,6416.968067419712,0.0,-12.0,0.18587826163108812,0.36864996361619795,0.6363577274363891,0.6265277588944874,80.11400135648871,21.207840818603316,13.630136653005572,141.6612066064987
38,39.99950000321371,39.99950000321371,-12.0,0.1746113513994138,0.36933936745919055,0.20551250338656485,0.22446122262316112,11.733735071324354,0.8499769705509248,13.537118232640038,59.40289100785613
38,6416.968067419712,0.0,-12.0,0.18587858371785085,0.3686519801019825,0.6363569051528328,0.630514031084453,80.11400135648871,21.207840818603316,13.630052362543873,162.5863116547607
38,6416.968067419712,0.0,-12.0,0.18587858371785085,0.36865210223296213,0.6363569165217151,0.638706935105416,80.11400135648871,21.207840818603316,13.62974840452016,145.15880981375437
38,39.99950000321371,39.99950000321371,-12.0,0.1545437753430512,0.36935129634050873,0.20797998241611007,0.1502073571853354,11.73181909110098,0.6134516670709167,12.848916210297043,50.68391349418095
38,39.99950000321371,39.99950000321371,-12.0,0.15288511067995522,0.3760556592519927,0.20551250338656485,0.2002519928554689,11.995013020347436,0.6155993302229202,13.537118232640038,59.4890547309453
38,6416.968067419712,0.0,-12.0,0.18587858371785085,0.3686519801019825,0.6363605763681314,0.5950927425357418,80.11400135648871,21.207840818603316,13.629470511956917,145.20101233436503
38,6416.968067419712,0.0,-12.0,0.18587858371785085,0.3686519801019825,0.6363578846685528,0.6219077905253216,80.11400135648871,21.207840818603316,13.630159176960483,144.2135251377757
38,39.99950000321371,39.99950000321371,-12.0,0.1531423138965006,0.37088056682589154,0.22738177278944036,0.16729890630902042,11.73181909110098,0.618782308709882,13.62944400661917,52.58631026010229
38,6416.968067419712,0.0,-12.0,0.1858785929893057,0.3686072084344438,0.6363577274363891,0.621634225216066,80.11400135648871,21.207840818603316,13.634366904872905,135.08557025129198
38,6416.968067419712,0.0,-12.0,0.18587824290615698,0.3686072084344438,0.6363577274363891,0.6264035383746247,80.11400135648871,21.207840818603316,13.634372112719966,144.34531657461807
38,39.99950000321371,39.99950000321371,-12.0,0.15445567116542105,0.36772343589270634,0.20797998241611007,0.14527187144636322,3.181856417862077,0.25543061561382563,13.636456109432226,50.49609692005678
38,6416.968067419712,0.0,-12.0,0.18587858371785085,0.3686519801019825,0.6363575226946468,0.6324488903040858,80.11400135648871,21.207840818603316,13.634269253500515,144.31484945363692
38,6416.968067419712,0.0,-12.0,0.18587858371785085,0.3686519801019825,0.6360882246786586,0.6218793002534875,80.11400135648871,21.207840818603316,13.634413366849337,145.18278566663395
38,6416.968067419712,0.0,-12.0,0.18587858371785085,0.3686519801019825,0.6363605763681314,0.5950927425357418,80.11400135648871,21.207840818603316,13.630159176960483,145.20101233436503
38,6416.968067419712,0.0,-12.0,0.18587858371785085,0.3686519801019825,0.6363577274363891,0.638695069545278,80.11400135648871,21.207840818603316,13.630156850265545,149.39556742531346
38,6416.968067419712,0.0,-12.0,0.18587858371785085,0.3686519801019825,0.6363577268521831,0.638695069545278,80.11400135648871,21.207840818603316,13.366567074546698,144.19791002526418
38,6416.968067419712,0.0,-12.0,0.1858785929893057,0.3686516372886738,0.636357729783436,0.621634225216066,80.11400135648871,21.20772100945938,13.629972838715416,135.40218935523598
38,39.99950000321371,39.99950000321371,-12.0,0.1746113513994138,0.3689176514714203,0.20551250338656485,0.2002519928554689,11.995013020347436,0.8499769705509248,13.537118232640038,59.40289100785613
38,6416.968067419712,0.0,-12.0,0.18587858371785085,0.3686519801019825,0.6363686226005126,0.6212312213874882,80.11400135648871,21.207840818603316,13.630189619937926,144.23516545501187
38,6416.968067419712,0.0,-12.0,0.18587858371785085,0.36882672009732087,0.6363575285860071,0.626104484733467,80.11400135648871,21.207840818603316,13.630404507852228,142.19734189186275
38,6416.968067419712,0.0,-12.0,0.18587858371785085,0.3686519801019825,0.6363575317619605,0.590782715235487,80.11400135648871,21.207840818603316,13.623848566661724,141.35388439801633
38,6416.968067419712,0.0,-12.0,0.18587858371785085,0.3686521074440789,0.6363568624247004,0.5893599598710675,80.10519208061415,21.207840818603316,13.642909566529376,143.21478038185188
38,6416.968067419712,0.0,-12.0,0.18587858371785085,0.3686519801019825,0.6363540541170687,0.6107857461357221,80.11400135648871,21.207840818603316,13.630176215931392,145.07604647273192
38,6416.968067419712,0.0,-12.0,0.15170181205182534,0.37613058383702275,0.6348490232355383,0.6044378638752549,68.35781657902638,0.3124487817899525,13.53936532705083,142.53833761303008
38,6416.968067419712,0.0,-12.0,0.18587858371785085,0.3686519801019825,0.636360551923356,0.6094970447131194,80.11400135648871,21.207840818603316,13.629470511956917,144.4078768570147
38,6416.968067419712,0.0,-12.0,0.18587858371785085,0.3686519801019825,0.6363577274395383,0.6321341420921663,80.11400135648871,21.207840818603316,13.630159176960483,141.6612066064987
38,39.99950000321371,39.99950000321371,-12.0,0.15346943944312377,0.37088056682589154,0.22738177278944036,0.16918712292193752,11.73181909110098,0.618782308709882,13.662778778052331,52.628467620181375
38,6416.968067419712,0.0,-12.0,0.13205503177778644,0.22078390197034845,0.6244700266160077,0.5988788490491429,67.84129725718809,9.052771279630242,0.08662327209242049,243.23205058911483
38,39.99950000321371,39.99950000321371,-12.0,0.1531423138965006,0.36935275126947176,0.22738177278944036,0.17605041520739229,11.73181909110098,0.618782308709882,13.62944400661917,52.58631026010229
38,6416.968067419712,0.0,-12.0,0.18587858371785085,0.3686519801019825,0.6363577375883847,0.6217771207000179,80.11400135648871,21.207840818603316,13.634366781879605,145.79632209456332
38,6416.968067419712,0.0,-12.0,0.18587858371785085,0.3686519801019825,0.6363577375883847,0.6117818270089944,80.11400135648871,21.207840818603316,13.634366781879605,145.79632209456332
38,6416.968067419712,0.0,-12.0,0.18587858371785085,0.3686519801019825,0.6363575292432166,0.6320029633456287,80.11400135648871,21.207840818603316,13.630159176960483,144.31470505181792
38,6416.968067419712,0.0,-12.0,0.18587858371785085,0.3686519801019825,0.6363577752780731,0.631932996542177,80.11400135648871,21.207840818603316,13.629696961081322,145.95639586403757
38,6416.968067419712,0.0,-12.0,0.18587858371785085,0.3686519801019825,0.6363575062628805,0.5950927425357418,80.11400135648871,21.207840818603316,13.629459682452017,138.8668878375872
38,6416.968067419712,0.0,-12.0,0.18587858371785085,0.36882672009732087,0.6363575713141397,0.6261002292718453,80.11400135648871,21.207840818603316,13.630194648230589,141.90100597675794
39,39.99950000321371,39.99950000321371,-12.0,0.1531423138965006,0.3689310352817015,0.22738177278944036,0.16793772985939232,11.993097040124063,0.618782308709882,13.62944400661917,52.27997664284133
39,6416.968067419712,0.0,-12.0,0.18587858371785085,0.36865210223296213,0.6363569165217151,0.6259211605183844,80.11400135648871,21.207840818603316,13.630028757821508,141.9047051515944
39,39.99950000321371,39.99950000321371,-12.0,0.1531423138965006,0.3689310352817015,0.22738177278944036,0.16793772985939232,11.993097040124063,0.618782308709882,13.62944400661917,52.58631026010229
39,6416.968067419712,0.0,-12.0,0.1858786261079511,0.36865210726018843,0.6363568614489449,0.5893599598710675,80.10519208061415,21.207840818603316,13.642909566529376,143.205624449874
39,6416.968067419712,0.0,-12.0,0.18587858371785085,0.3686521074440789,0.6363568624247004,0.5893599598710675,80.10519208061415,21.207840818603316,13.642909566529376,143.21478038185188
39,6416.968067419712,0.0,-12.0,0.18587858371785085,0.3686519801019825,0.636356889256598,0.6194045969531152,80.11400135648871,21.207840818603316,13.634366781879605,145.94934437191753
39,6416.968067419712,0.0,-12.0,0.18587858371785085,0.3686519801019825,0.6363577268521831,0.638695069545278,80.11400135648871,21.207840818603316,13.630159176960483,141.23893961728186
39,6416.968067419712,0.0,-12.0,0.18587826163108812,0.36864996361619795,0.6363577274363891,0.6265277588944874,80.11400135648871,21.207840818603316,13.630136653005572,141.6612066064987
39,6416.968067419712,0.0,-12.0,0.18587858371785085,0.3686519801019825,0.6363577268521831,0.6182711262995522,80.11400135648871,21.207840818603316,13.630159176960483,141.23893961728186
39,6416.968067419712,0.0,-12.0,0.18587824249655274,0.36860727564423856,0.6363575238328828,0.6224814148674688,80.11400135648871,21.207840818603316,13.62948103026124,144.24034802909645
39,6416.968067419712,0.0,-12.0,0.18587858371785085,0.3686519801019825,0.6363605763681314,0.5950927425357418,80.11400135648871,21.207840818603316,13.630159176960483,145.20101233436503
39,6416.968067419712,0.0,-12.0,0.18587858371785085,0.3686519801019825,0.6363605986864643,0.6119432474316401,80.11400135648871,21.207840818603316,13.630170006465383,144.34531657461807
39,6416.968067419712,0.0,-12.0,0.18587858371785085,0.3686519801019825,0.6363577268521831,0.638695069545278,80.11400135648871,21.207840818603316,13.630209364329234,141.23893961728186
39,6416.968067419712,0.0,-12.0,0.18587858371785085,0.3686519801019825,0.6363575226946468,0.6324488903040858,80.11400135648871,21.207840818603316,13.634269253500515,144.31484945363692
39,6416.968067419712,0.0,-12.0,0.18587858371785085,0.3686498594279961,0.6363575499149672,0.626104484733467,80.11400135648871,21.207840818603316,13.630404507852228,142.19734189186275
39,39.99950000321371,39.99950000321371,-12.0,0.1531423138965006,0.36935275126947176,0.22738177278944036,0.17605041520739229,11.73181909110098,0.618782308709882,13.62944400661917,52.58631026010229
39,6416.968067419712,0.0,-12.0,0.18587858371785085,0.3686519801019825,0.6363686226005126,0.6199288260438587,80.11400135648871,21.207840818603316,13.629446410531266,144.23516545501187
39,6416.968067419712,0.0,-12.0,0.18587824249655274,0.36860727564423856,0.6363575238328828,0.6224814148674688,80.11400135648871,21.207840818603316,13.62948138585741,144.34531657461807
39,6416.968067419712,0.0,-12.0,0.18587858371785085,0.36865210223296213,0.6363569165217151,0.638706935105416,80.11400135648871,21.207840818603316,13.62974840452016,145.15880981375437
39,6416.968067419712,0.0,-12.0,0.18587858371785085,0.3686519801019825,0.6363540541170687,0.6107857461357221,80.11400135648871,21.207840818603316,13.630176215931392,145.07604647273192
39,6416.968067419712,0.0,-12.0,0.18587858371785085,0.3686519801019825,0.6363577274395383,0.6321341420921663,80.11400135648871,21.207840818603316,13.630159176960483,141.6612066064987
39,6416.968067419712,0.0,-12.0,0.18587858371785085,0.3686519801019825,0.6360779696434808,0.5627471628311518,80.11400135648871,21.207840818603316,13.63017607499338,139.82212719651784
39,6416.968067419712,0.0,-12.0,0.18587858371785085,0.3686519801019825,0.6363575317619605,0.590782715235487,80.11400135648871,21.207840818603316,13.623848566661724,141.35388439801633
39,39.99950000321371,39.99950000321371,-12.0,0.15288511067995522,0.3760556592519927,0.20551250338656485,0.2002519928554689,11.995013020347436,0.6155993302229202,13.537118232640038,59.4890547309453
39,39.99950000321371,39.99950000321371,-12.0,0.15346943944312377,0.37088056682589154,0.22738177278944036,0.16918712292193752,11.73181909110098,0.618782308709882,13.662778778052331,49.09755249764476
39,6416.968067419712,0.0,-12.0,0.18587858371785085,0.3686519801019825,0.6360882246786586,0.6218793002534875,80.11400135648871,21.207840818603316,13.634413366849337,145.18278566663395
39,6416.968067419712,0.0,-12.0,0.1858785929893057,0.3686072084344438,0.6363577274363891,0.621634225216066,80.11400135648871,21.207840818603316,13.634366904872905,135.08557025129198
39,6416.968067419712,0.0,-12.0,0.18587858371785085,0.3686519801019825,0.6363686226005126,0.6212312213874882,80.11400135648871,21.207840818603316,13.630189619937926,144.23516545501187
39,6416.968067419712,0.0,-12.0,0.18587858371785085,0.36882672009732087,0.6363575285860071,0.626104484733467,80.11400135648871,21.207840818603316,13.630404507852228,142.19734189186275
39,6416.968067419712,0.0,-12.0,0.18587858371785085,0.3686519801019825,0.6363575292432166,0.6320029633456287,80.11400135648871,21.207840818603316,13.630159176960483,144.31470505181792
39,6416.968067419712,0.0,-12.0,0.18587858371785085,0.3686519801019825,0.6363577274363891,0.6321341420921663,80.11400135648871,21.207840818603316,13.630159176960483,150.47872285135793
39,6416.968067419712,0.0,-12.0,0.18587858371785085,0.3686519801019825,0.63635775239137,0.6107857461357221,80.11400135648871,21.207840818603316,13.630175825402574,145.07604647273192
39,6416.968067419712,0.0,-12.0,0.18587858371785085,0.3686519801019825,0.6363577375883847,0.6217771207000179,80.11400135648871,21.207840818603316,13.634366781879605,145.79632209456332
39,6416.968067419712,0.0,-12.0,0.18587858371785085,0.36865210223296213,0.6363577648535018,0.6259211605183844,80.11400135648871,21.207840818603316,13.630028757821508,141.75168287424023
39,39.99950000321371,39.99950000321371,-12.0,0.1531423138965006,0.36867403621329586,0.22738177278944036,0.16793772985939232,9.065402689191085,0.5320960483684001,13.629470659065763,56.93380306256341
39,6416.968067419712,0.0,-12.0,0.18587858371785085,0.3686519801019825,0.6363577268521831,0.638695069545278,80.11400135648871,21.207840818603316,13.366567074546698,144.19791002526418
39,6416.968067419712,0.0,-12.0,0.18587858371785085,0.3686519801019825,0.6363569051528328,0.630514031084453,80.11400135648871,21.207840818603316,13.630052362543873,162.5863116547607
39,6416.968067419712,0.0,-12.0,0.1858785929893057,0.3686516372886738,0.636357729783436,0.621634225216066,80.11400135648871,21.20772100945938,13.629972838715416,135.40218935523598
39,39.99950000321371,39.99950000321371,-12.0,0.15445567116542105,0.36772343589270634,0.20797998241611007,0.14527187144636322,3.181856417862077,0.25543061561382563,13.636456109432226,50.49609692005678
39,6416.968067419712,0.0,-12.0,0.18587858371785085,0.36882896290228695,0.6363568951927552,0.6259211605183844,80.11400135648871,21.207840818603316,13.630028757821508,141.9047051515944
39,39.99950000321371,39.99950000321371,-12.0,0.1746113513994138,0.3689176514714203,0.20551250338656485,0.2002519928554689,11.995013020347436,0.8499769705509248,13.537118232640038,59.40289100785613
39,6416.968067419712,0.0,-12.0,0.18587862198450442,0.36865210223296213,0.6363569165217151,0.6316932597957724,80.11400135648871,21.207840818603316,13.629466677038488,141.9047051515944
39,6416.968067419712,0.0,-12.0,0.18587858386328313,0.3686521038944605,0.6363569165217151,0.6316932597957724,80.11400135648871,21.207840818603316,13.629694778371737,145.967905856694
39,39.99950000321371,39.99950000321371,-12.0,0.1746113513994138,0.36933936745919055,0.20551250338656485,0.22446122262316112,11.733735071324354,0.8499769705509248,13.537118232640038,59.40289100785613
39,6416.968067419712,0.0,-12.0,0.18587858371785085,0.3686519801019825,0.6363577375883847,0.6117818270089944,80.11400135648871,21.207840818603316,13.634366781879605,145.79632209456332
39,6416.968067419712,0.0,-12.0,0.15170181205182534,0.37613058383702275,0.6348490232355383,0.6044378638752549,68.35781657902638,0.3124487817899525,13.53936532705083,142.53833761303008
39,6416.968067419712,0.0,-12.0,0.18587858371785085,0.36882672009732087,0.6363575713141397,0.6261002292718453,80.11400135648871,21.207840818603316,13.630194648230589,141.90100597675794
39,6416.968067419712,0.0,-12.0,0.13205503177778644,0.22078390197034845,0.6244700266160077,0.5988788490491429,67.84129725718809,9.052771279630242,0.08662327209242049,243.23205058911483
40,39.99950000321371,39.99950000321371,-12.0,0.1521596155025666,0.36869279257275117,0.20551250338656485,0.16859085308724558,9.339672907904632,0.8499769705509248,13.538809423081547,59.50962032083203
40,39.99950000321371,39.99950000321371,-12.0,0.1531423138965006,0.3689310352817015,0.22738177278944036,0.16793772985939232,11.993097040124063,0.618782308709882,13.62944400661917,52.27997664284133
40,6416.968067419712,0.0,-12.0,0.18587858371785085,0.36865210223296213,0.6363569165217151,0.6259211605183844,80.11400135648871,21.207840818603316,13.630028757821508,141.9047051515944
40,6416.968067419712,0.0,-12.0,0.18587858371785085,0.3686519801019825,0.6363569051528328,0.6317413860319671,80.11400135648871,21.207840818603316,13.630052362543873,162.5863116547607
40,6416.968067419712,0.0,-12.0,0.18587858371785085,0.3686519801019825,0.6363577268521831,0.638695069545278,80.11400135648871,21.207840818603316,13.366567074546698,144.19791002526418
40,6416.968067419712,0.0,-12.0,0.18587858371785085,0.3686519801019825,0.6363575226946468,0.6324488903040858,80.11400135648871,21.207840818603316,13.634269253500515,144.31484945363692
40,6416.968067419712,0.0,-12.0,0.18587858371785085,0.3686498594279961,0.6363575499149672,0.626104484733467,80.11400135648871,21.207840818603316,13.630404507852228,142.19734189186275
40,6416.968067419712,0.0,-12.0,0.18587858371785085,0.3686519801019825,0.6363575292432166,0.6320029633456287,80.11400135648871,21.207840818603316,13.630159176960483,144.31470505181792
40,39.99950000321371,39.99950000321371,-12.0,0.1746113513994138,0.36933936745919055,0.20551250338656485,0.22446122262316112,11.733735071324354,0.8499769705509248,13.537118232640038,59.40289100785613
40,6416.968067419712,0.0,-12.0,0.18587824249655274,0.36860727564423856,0.6363575238328828,0.6224814148674688,80.11400135648871,21.207840818603316,13.62948138585741,144.34531657461807
40,6416.968067419712,0.0,-12.0,0.18587858371785085,0.3686521021943592,0.6363569207267689,0.6259211605183844,80.11400135648871,21.207840818603316,13.630028757821508,143.19405599172967
40,39.99950000321371,39.99950000321371,-12.0,0.17559404979334783,0.3693206110997352,0.22738177278944036,0.2238080993954372,11.459464852610807,0.5320960483684001,13.627779468624253,56.82707374958751
40,39.99950000321371,39.99950000321371,-12.0,0.1531423138965006,0.36935275126947176,0.22738177278944036,0.17605041520739229,11.73181909110098,0.618782308709882,13.62944400661917,52.58631026010229
40,6416.968067419712,0.0,-12.0,0.18587858371785085,0.36882672009732087,0.6363575713141397,0.6261002292718453,80.11400135648871,21.207840818603316,13.630194648230589,141.90100597675794
40,6416.968067419712,0.0,-12.0,0.18587858371785085,0.36864976371223457,0.6363569088998458,0.638706935105416,80.11400135648871,21.207840818603316,13.629705861475136,145.15880981375437
40,6416.968067419712,0.0,-12.0,0.18587858371785085,0.36865210223296213,0.6363569230130178,0.6259211605183844,80.11400135648871,21.207840818603316,13.630401226196938,141.9047051515944
40,6416.968067419712,0.0,-12.0,0.18587862558047547,0.36865210726018843,0.6363568614489449,0.608117277388908,80.10519208061415,21.207840818603316,13.642909566529376,144.210464862495
40,6416.968067419712,0.0,-12.0,0.18587858371785085,0.3686519801019825,0.6363605986864643,0.6119432474316401,80.11400135648871,21.207840818603316,13.630170006465383,144.34531657461807
40,6416.968067419712,0.0,-12.0,0.18587858371785085,0.36865210223296213,0.6363577648535018,0.6259211605183844,80.11400135648871,21.207840818603316,13.630028757821508,141.75168287424023
40,6416.968067419712,0.0,-12.0,0.18587858371785085,0.36865210223296213,0.6363569165217151,0.638706935105416,80.11400135648871,21.207840818603316,13.62974840452016,145.15880981375437
40,6416.968067419712,0.0,-12.0,0.18587858371785085,0.3686519801019825,0.6363577274363891,0.6321341420921663,80.11400135648871,21.207840818603316,13.630159176960483,150.47872285135793
40,6416.968067419712,0.0,-12.0,0.18587858371785085,0.3686519801019825,0.6363577268521831,0.6182711262995522,80.11400135648871,21.207840818603316,13.630159176960483,141.23893961728186
40,6416.968067419712,0.0,-12.0,0.18587862198450442,0.36865210223296213,0.6363569165217151,0.6316932597957724,80.11400135648871,21.207840818603316,13.629466677038488,141.9047051515944
40,6416.968067419712,0.0,-12.0,0.18587858371785085,0.3686521074440789,0.6363568624247004,0.5893599598710675,80.10519208061415,21.207840818603316,13.642909566529376,143.21478038185188
40,6416.968067419712,0.0,-12.0,0.18587858371785085,0.36865197863547283,0.6363570248739339,0.6260377125523763,80.11400135648871,21.207840818603316,13.630030253345543,125.84170873389637
40,6416.968067419712,0.0,-12.0,0.18587858371785085,0.3686519801019825,0.6363575317619605,0.590782715235487,80.11400135648871,21.207840818603316,13.623848566661724,141.35388439801633
40,6416.968067419712,0.0,-12.0,0.18587824249655274,0.36865185459254507,0.6363575199718491,0.6233559183373899,80.11400135648871,21.207840818603316,13.62948103026124,144.19797897843813
40,6416.968067419712,0.0,-12.0,0.18587858371785085,0.3686519801019825,0.6363540541170687,0.6107857461357221,80.11400135648871,21.207840818603316,13.630176215931392,145.07604647273192
40,39.99950000321371,39.99950000321371,-12.0,0.1531423138965006,0.3689310352817015,0.22738177278944036,0.16793772985939232,11.993097040124063,0.618782308709882,13.62944400661917,52.58631026010229
40,6416.968067419712,0.0,-12.0,0.15170181205182534,0.37613058383702275,0.6348490232355383,0.6044378638752549,68.35781657902638,0.3124487817899525,13.53936532705083,142.53833761303008
40,39.99950000321371,39.99950000321371,-12.0,0.1531423138965006,0.36867403621329586,0.22738177278944036,0.16793772985939232,9.065402689191085,0.5320960483684001,13.629470659065763,56.93380306256341
40,39.99950000321371,39.99950000321371,-12.0,0.15445567116542105,0.36772343589270634,0.20797998241611007,0.14527187144636322,3.181856417862077,0.25543061561382563,13.636456109432226,50.49609692005678
40,39.99950000321371,39.99950000321371,-12.0,0.15346943944312377,0.37088056682589154,0.22738177278944036,0.16918712292193752,11.73181909110098,0.618782308709882,13.662778778052331,49.09755249764476
40,6416.968067419712,0.0,-12.0,0.18587858371785085,0.3686519801019825,0.636356889256598,0.6194045969531152,80.11400135648871,21.207840818603316,13.634366781879605,145.94934437191753
40,6416.968067419712,0.0,-12.0,0.18587858371785085,0.36882896290228695,0.6363568951927552,0.6259211605183844,80.11400135648871,21.207840818603316,13.630028757821508,141.9047051515944
40,6416.968067419712,0.0,-12.0,0.18587858371785085,0.3686519801019825,0.6363577268521831,0.638695069545278,80.11400135648871,21.207840818603316,13.630209364329234,141.23893961728186
40,39.99950000321371,39.99950000321371,-12.0,0.1581521104977513,0.3689310352817015,0.2296068694172983,0.16793772985939232,5.71242845994292,0.482562045547672,13.634794699044361,52.27997664284133
40,6416.968067419712,0.0,-12.0,0.18587858371785085,0.3686521979487236,0.6363575575368365,0.626104484733467,80.11400135648871,21.207840818603316,13.630447050897255,142.19734189186275
40,6416.968067419712,0.0,-12.0,0.18587826163108812,0.36864996361619795,0.6363577274363891,0.6265277588944874,80.11400135648871,21.207840818603316,13.630136653005572,141.6612066064987
40,6416.968067419712,0.0,-12.0,0.18587824249655274,0.36860727564423856,0.6363575238328828,0.6224814148674688,80.11400135648871,21.207840818603316,13.62948103026124,144.24034802909645
40,39.99950000321371,39.99950000321371,-12.0,0.1746113513994138,0.3689176514714203,0.20551250338656485,0.2002519928554689,11.995013020347436,0.8499769705509248,13.537118232640038,59.40289100785613
40,6416.968067419712,0.0,-12.0,0.18587858371785085,0.36882896290228695,0.6363577946997585,0.6259211605183844,80.11400135648871,21.207840818603316,13.630028757821508,141.9047051515944
40,6416.968067419712,0.0,-12.0,0.18587858371785085,0.3686519801019825,0.6363577274395383,0.6321341420921663,80.11400135648871,21.207840818603316,13.630159176960483,141.6612066064987
40,6416.968067419712,0.0,-12.0,0.13205503177778644,0.22078390197034845,0.6244700266160077,0.5988788490491429,67.84129725718809,9.052771279630242,0.08662327209242049,243.23205058911483
40,6416.968067419712,0.0,-12.0,0.18587858371785085,0.3686519801019825,0.6363569051528328,0.630514031084453,80.11400135648871,21.207840818603316,13.630052362543873,162.5863116547607
40,6416.968067419712,0.0,-12.0,0.18587858371785085,0.3686519801019825,0.6363577268521831,0.638695069545278,80.11400135648871,21.207840818603316,13.630159176960483,141.23893961728186
40,6416.968067419712,0.0,-12.0,0.18587858371785085,0.36882672009732087,0.6363540467192116,0.6097962967890425,80.11400135648871,21.207840818603316,13.6301947697765,141.90100597675794
40,6416.968067419712,0.0,-12.0,0.1858785929893057,0.368651982515983,0.636357729783436,0.621634225216066,80.11400135648871,21.207841295354676,13.629980631810547,144.84416847451547
41,39.99950000321371,39.99950000321371,-12.0,0.1521596155025666,0.36869279257275117,0.20551250338656485,0.16859085308724558,9.339672907904632,0.8499769705509248,13.538809423081547,59.50962032083203
41,6416.968067419712,0.0,-12.0,0.18587858364374554,0.36864991063697694,0.6363577274361778,0.6266186886920019,80.11400135648871,21.207840818603316,13.630159176960483,141.6612066064987
41,6416.968067419712,0.0,-12.0,0.18587858371785085,0.36865210223296213,0.6363569165217151,0.6259211605183844,80.11400135648871,21.207840818603316,13.630028757821508,141.9047051515944
41,39.99950000321371,39.99950000321371,-12.0,0.1746113513994138,0.36933936745919055,0.20551250338656485,0.2738956880697296,11.733735071324354,0.8499769705509248,13.537118232640038,59.40289100785613
41,6416.968067419712,0.0,-12.0,0.18587858371785085,0.3686519801019825,0.6363577268521831,0.638695069545278,80.11400135648871,21.207840818603316,13.630209364329234,141.23893961728186
41,6416.968067419712,0.0,-12.0,0.18587858371785085,0.3686521074440789,0.6363568624247004,0.5893599598710675,80.10519208061415,21.207840818603316,13.642909566529376,143.21478038185188
41,39.99950000321371,39.99950000321371,-12.0,0.1746113513994138,0.36933936745919055,0.20551250338656485,0.22446122262316112,11.733735071324354,0.8499769705509248,13.537118232640038,59.40289100785613
41,6416.968067419712,0.0,-12.0,0.18587824249655274,0.36865185459254507,0.6363575199718491,0.6233559183373899,80.11400135648871,21.207840818603316,13.62948103026124,144.19797897843813
41,6416.968067419712,0.0,-12.0,0.18587858371785085,0.3686519801019825,0.6363577268521831,0.6227885486805798,80.11400135648871,21.207840818603316,13.366567074546698,144.2409622855147
41,6416.968067419712,0.0,-12.0,0.18587858371785085,0.3686521021943592,0.6363569207267689,0.6259211605183844,80.11400135648871,21.207840818603316,13.630028757821508,143.19405599172967
41,6416.968067419712,0.0,-12.0,0.18587824249655274,0.36860727564423856,0.6363575238328828,0.6224814148674688,80.11400135648871,21.207840818603316,13.62948138585741,144.34531657461807
41,6416.968067419712,0.0,-12.0,0.18587858371785085,0.36865220962630374,0.636357531177855,0.626104484733467,80.11400135648871,21.207840818603316,13.630447050897255,141.4070861591712
41,39.99950000321371,39.99950000321371,-12.0,0.15313754401910823,0.3677496407144969,0.209220697990642,0.14527187144636322,11.653751048938657,0.25543061561382563,13.636456109432226,52.71015432909024
41,6416.968067419712,0.0,-12.0,0.18587858371785085,0.3688092521006705,0.6363575713141397,0.6261002292718453,80.11400135648871,21.207840818603316,13.634274163016066,141.90100597675794
41,6416.968067419712,0.0,-12.0,0.18587858371785085,0.3686519801019825,0.6363569051528328,0.630514031084453,80.11400135648871,21.207840818603316,13.630052362543873,162.5863116547607
41,6416.968067419712,0.0,-12.0,0.18587860667142794,0.36865330618975317,0.6363577602528612,0.6224814148674688,80.11400135648871,21.207840818603316,13.629497615650331,144.34531657461807
41,6416.968067419712,0.0,-12.0,0.18587858371785085,0.3686498594279961,0.6363575499149672,0.626104484733467,80.11400135648871,21.207840818603316,13.630404507852228,142.19734189186275
41,6416.968067419712,0.0,-12.0,0.18587858371785085,0.3686519801019825,0.6363577274363891,0.6321341420921663,80.11400135648871,21.207840818603316,13.630159176960483,150.47872285135793
41,39.99950000321371,39.99950000321371,-12.0,0.17559404979334783,0.3693206110997352,0.22738177278944036,0.2238080993954372,11.459464852610807,0.5320960483684001,13.627779468624253,56.82707374958751
41,39.99950000321371,39.99950000321371,-12.0,0.15346943944312377,0.37088056682589154,0.22738177278944036,0.16918712292193752,11.73181909110098,0.618782308709882,13.662778778052331,49.09755249764476
41,6416.968067419712,0.0,-12.0,0.18587858371785085,0.3686519801019825,0.6363577274395383,0.6321341420921663,80.11400135648871,21.207840818603316,13.630159176960483,141.6612066064987
41,6416.968067419712,0.0,-12.0,0.18587862558047547,0.36865210726018843,0.6363568614489449,0.608117277388908,80.10519208061415,21.207840818603316,13.642909566529376,144.210464862495
41,6416.968067419712,0.0,-12.0,0.18587858371785085,0.36865210223296213,0.6363569165217151,0.638706935105416,80.11400135648871,21.207840818603316,13.62974840452016,145.15880981375437
41,6416.968067419712,0.0,-12.0,0.18587858371785085,0.3686519801019825,0.6363575317619605,0.590782715235487,80.11400135648871,21.207840818603316,13.623848566661724,141.35388439801633
41,6416.968067419712,0.0,-12.0,0.18587862198450442,0.36865210223296213,0.6363569165217151,0.6316932597957724,80.11400135648871,21.207840818603316,13.629466677038488,141.9047051515944
41,6416.968067419712,0.0,-12.0,0.18587858371785085,0.3686519801019825,0.6363575226946468,0.6324488903040858,80.11400135648871,21.207840818603316,13.634269253500515,144.31484945363692
41,39.99950000321371,39.99950000321371,-12.0,0.1531423138965006,0.36935275126947176,0.22738177278944036,0.17605041520739229,11.73181909110098,0.618782308709882,13.62944400661917,52.58631026010229
41,6416.968067419712,0.0,-12.0,0.18587824249655274,0.36860727564423856,0.6363575238328828,0.6224814148674688,80.11400135648871,21.207840818603316,13.62948103026124,144.24034802909645
41,39.99950000321371,39.99950000321371,-12.0,0.15445567116542105,0.36772343589270634,0.20797998241611007,0.14527187144636322,3.181856417862077,0.25543061561382563,13.636456109432226,50.49609692005678
41,39.99950000321371,39.99950000321371,-12.0,0.15446044104281342,0.36932654644768115,0.22614105721490843,0.1343429793783769,3.2599423194031205,4.135392050234644,13.62944400661917,50.37225285106883
41,6416.968067419712,0.0,-12.0,0.18587858371785085,0.36865210223296213,0.6363577648535018,0.6259211605183844,80.11400135648871,21.207840818603316,13.630028757821508,141.75168287424023
41,39.99950000321371,39.99950000321371,-12.0,0.1531423138965006,0.36867403621329586,0.22738177278944036,0.16793772985939232,9.065402689191085,0.5320960483684001,13.629470659065763,56.93380306256341
41,6416.968067419712,0.0,-12.0,0.18587858371785085,0.3686521021943592,0.6363569207267689,0.5976593001669387,80.11400135648871,21.207840818603316,13.630028757821508,143.19405599172967
41,6416.968067419712,0.0,-12.0,0.18587859318378605,0.36865197447885806,0.6363568624247004,0.5893599598710675,80.11351969743029,21.207840818603316,13.64235799419618,143.21478038185188
41,6416.968067419712,0.0,-12.0,0.1858785929893057,0.368651982515983,0.636357729783436,0.621634225216066,80.11400135648871,21.207841295354676,13.629980631810547,144.84416847451547
41,6416.968067419712,0.0,-12.0,0.18587858371785085,0.3686519801019825,0.6363569051528328,0.6317413860319671,80.11400135648871,21.207840818603316,13.630052362543873,162.5863116547607
41,6416.968067419712,0.0,-12.0,0.18587858371785085,0.36864976371223457,0.6363569088998458,0.638706935105416,80.11400135648871,21.207840818603316,13.629705861475136,145.15880981375437
41,39.99950000321371,39.99950000321371,-12.0,0.1531423138965006,0.3689310352817015,0.22738177278944036,0.16793772985939232,11.993097040124063,0.618782308709882,13.62944400661917,52.27997664284133
41,6416.968067419712,0.0,-12.0,0.18587858371785085,0.3686519801019825,0.6363577268521831,0.638695069545278,80.11400135648871,21.207840818603316,13.366567074546698,144.19791002526418
41,6416.968067419712,0.0,-12.0,0.18587858371785085,0.36865210223296213,0.6363569230130178,0.6259211605183844,80.11400135648871,21.207840818603316,13.630401226196938,141.9047051515944
41,39.99950000321371,39.99950000321371,-12.0,0.1581521104977513,0.3686560349187095,0.23270754167614718,0.16793772985939232,5.71242845994292,19.7186191755721,13.629868923270248,52.27997664284133
41,6416.968067419712,0.0,-12.0,0.18587858371785085,0.3686521979487236,0.6363575575368365,0.626104484733467,80.11400135648871,21.207840818603316,13.630447050897255,142.19734189186275
41,39.99950000321371,39.99950000321371,-12.0,0.1746113513994138,0.3689176514714203,0.20551250338656485,0.2002519928554689,11.995013020347436,0.8499769705509248,13.537118232640038,59.40289100785613
41,39.99950000321371,39.99950000321371,-12.0,0.1531423138965006,0.3689310352817015,0.22738177278944036,0.16793772985939232,11.993097040124063,0.618782308709882,13.62944400661917,52.58631026010229
41,6416.968067419712,0.0,-12.0,0.18587858371785085,0.3686519801019825,0.6363577268521831,0.638695069545278,80.11400135648871,21.207840818603316,13.630159176960483,141.23893961728186
41,6416.968067419712,0.0,-12.0,0.18587826163108812,0.36864996361619795,0.6363577274363891,0.6265277588944874,80.11400135648871,21.207840818603316,13.630136653005572,141.6612066064987
41,6416.968067419712,0.0,-12.0,0.18587858371785085,0.3686519801019825,0.636356889256598,0.6194045969531152,80.11400135648871,21.207840818603316,13.634366781879605,145.94934437191753
41,6416.968067419712,0.0,-12.0,0.18587858371785085,0.36882896290228695,0.6363568951927552,0.6259211605183844,80.11400135648871,21.207840818603316,13.630028757821508,141.9047051515944
42,6416.968067419712,0.0,-12.0,0.18587858364374554,0.36864991063697694,0.6363577274361778,0.6266186886920019,80.11400135648871,21.207840818603316,13.630159176960483,141.6612066064987
42,39.99950000321371,39.99950000321371,-12.0,0.1521596155025666,0.36869279257275117,0.20551250338656485,0.16859085308724558,9.339672907904632,0.8499769705509248,13.538809423081547,59.50962032083203
42,39.99950000321371,39.99950000321371,-12.0,0.15451928164791776,0.3689176514714203,0.20551250338656485,0.18562987839640674,11.995013020347436,0.6409802363762136,13.625521925277107,59.40289100785613
42,6416.968067419712,0.0,-12.0,0.18587858371785085,0.36865210095903905,0.6363568081654044,0.6321398153422162,80.11400135648871,21.207840818603316,13.630182876083406,150.47872285135793
42,6416.968067419712,0.0,-12.0,0.18587858371785085,0.3686519801019825,0.6363577274363891,0.6321341420921663,80.11400135648871,21.207840818603316,13.630159176960483,150.47872285135793
42,6416.968067419712,0.0,-12.0,0.18587858371785085,0.36864976371223457,0.6363569088998458,0.638706935105416,80.11400135648871,21.207840818603316,13.629705861475136,145.15880981375437
42,6416.968067419712,0.0,-12.0,0.18587858371785085,0.3686519801019825,0.6363577268521831,0.638695069545278,80.11400135648871,21.207840818603316,13.366567074546698,144.19791002526418
42,39.99950000321371,39.99950000321371,-12.0,0.1581521104977513,0.3686560349187095,0.23270754167614718,0.16793772985939232,5.71242845994292,19.7186191755721,13.629868923270248,52.27997664284133
42,39.99950000321371,39.99950000321371,-12.0,0.15445567116542105,0.36772343589270634,0.20797998241611007,0.14527187144636322,3.181856417862077,0.25543061561382563,13.636456109432226,50.49609692005678
42,6416.968067419712,0.0,-12.0,0.18587858371785085,0.36865210223296213,0.6363577648535018,0.6259211605183844,80.11400135648871,21.207840818603316,13.630028757821508,141.75168287424023
42,6416.968067419712,0.0,-12.0,0.18587858371785085,0.3686519801019825,0.6363577268521831,0.638695069545278,80.11400135648871,21.207840818603316,13.630209364329234,141.23893961728186
42,6416.968067419712,0.0,-12.0,0.18587858371785085,0.36865210223296213,0.6363569230130178,0.6259211605183844,80.11400135648871,21.207840818603316,13.630401226196938,141.9047051515944
42,39.99950000321371,39.99950000321371,-12.0,0.17323438364799668,0.3689310352817015,0.22738177278944036,0.16793772985939232,11.993097040124063,0.8277790428845937,13.5410403139821,52.58631026010229
42,6416.968067419712,0.0,-12.0,0.18587858371785085,0.36864976371223457,0.6363569088998458,0.638706935105416,80.11400135648871,21.207840818603316,13.629662728088181,145.15880981375437
42,6416.968067419712,0.0,-12.0,0.18587858371785085,0.3686519801019825,0.6363577268521831,0.624379304583393,80.11400135648871,21.207840818603316,13.36661020793365,144.2409622855147
42,6416.968067419712,0.0,-12.0,0.1858785929893057,0.368651982515983,0.636357729783436,0.621634225216066,80.11400135648871,21.207841295354676,13.629980631810547,144.84416847451547
42,6416.968067419712,0.0,-12.0,0.18587824249655274,0.36860727564423856,0.6363575238328828,0.6224814148674688,80.11400135648871,21.207840818603316,13.62948138585741,144.34531657461807
42,6416.968067419712,0.0,-12.0,0.18587858371785085,0.3686521074440789,0.6363568624247004,0.5893599598710675,80.10519208061415,21.207840818603316,13.642909566529376,143.21478038185188
42,39.99950000321371,39.99950000321371,-12.0,0.1746113513994138,0.3689176514714203,0.20551250338656485,0.2002519928554689,11.995013020347436,0.8499769705509248,13.537118232640038,59.40289100785613
42,6416.968067419712,0.0,-12.0,0.18587824249655274,0.36860727564423856,0.6363575238328828,0.6224814148674688,80.11400135648871,21.207840818603316,13.62948103026124,144.24034802909645
42,6416.968067419712,0.0,-12.0,0.18587858371785085,0.36865220962630374,0.636357531177855,0.626104484733467,80.11400135648871,21.207840818603316,13.630447050897255,141.4070861591712
42,6416.968067419712,0.0,-12.0,0.18587858371785085,0.3686473821383553,0.6363575337607612,0.5937303670595294,80.11400135648871,21.207840818603316,13.623307112031977,141.90100597675794
42,6416.968067419712,0.0,-12.0,0.18587862198450442,0.36865210223296213,0.6363569165217151,0.6316932597957724,80.11400135648871,21.207840818603316,13.629466677038488,141.9047051515944
42,39.99950000321371,39.99950000321371,-12.0,0.15446044104281342,0.36932654644768115,0.22614105721490843,0.1343429793783769,3.2599423194031205,4.135392050234644,13.62944400661917,50.37225285106883
42,6416.968067419712,0.0,-12.0,0.18587862558047547,0.36865210726018843,0.6363568614489449,0.608117277388908,80.10519208061415,21.207840818603316,13.642909566529376,144.210464862495
42,39.99950000321371,39.99950000321371,-12.0,0.1581521104977513,0.3686560349187095,0.23270754167614718,0.16793772985939232,5.774081909549955,0.9208340519596003,13.629868923270248,52.18203239380465
42,6416.968067419712,0.0,-12.0,0.18587860667142794,0.36865330618975317,0.6363577602528612,0.6224814148674688,80.11400135648871,21.207840818603316,13.629497615650331,144.34531657461807
42,39.99950000321371,39.99950000321371,-12.0,0.1531423138965006,0.3689310352817015,0.22738177278944036,0.16793772985939232,11.993097040124063,0.618782308709882,13.62944400661917,52.27997664284133
42,6416.968067419712,0.0,-12.0,0.18587858371785085,0.3686081595683112,0.6363577643768477,0.6224433791613221,80.11400135648871,21.207840818603316,13.451219811088148,141.75168287424023
42,6416.968067419712,0.0,-12.0,0.18587858371785085,0.3686519801019825,0.6363577268521831,0.638695069545278,80.11400135648871,21.207840818603316,13.630159176960483,141.23893961728186
42,6416.968067419712,0.0,-12.0,0.18587858371785085,0.3686519801019825,0.6363577268521831,0.6227885486805798,80.11400135648871,21.207840818603316,13.366567074546698,144.2409622855147
42,6416.968067419712,0.0,-12.0,0.18587858371785085,0.36865210223296213,0.6363569165217151,0.638706935105416,80.11400135648871,21.207840818603316,13.62974840452016,145.15880981375437
42,39.99950000321371,39.99950000321371,-12.0,0.1874425561446617,0.3677496407144969,0.209220697990642,0.14527187144636322,9.87337804085373,0.25543061561382563,13.636456109432226,52.829933483933054
42,6416.968067419712,0.0,-12.0,0.18587857299087213,0.36860727564423856,0.6363575161361339,0.6259894635874581,80.11400135648871,21.207840818603316,13.62948138585741,143.19174698027103
42,6416.968067419712,0.0,-12.0,0.18587858371785085,0.3686519801019825,0.6363577274395383,0.6321341420921663,80.11400135648871,21.207840818603316,13.630159176960483,141.6612066064987
42,39.99950000321371,39.99950000321371,-12.0,0.1748234230470191,0.38551725229983536,0.20551250338656485,0.233687746955677,11.733735071324354,0.8499769705509248,13.537118232640038,59.40289100785613
42,6416.968067419712,0.0,-12.0,0.18587858371785085,0.3686498594279961,0.6363575499149672,0.626104484733467,80.11400135648871,21.207840818603316,13.630404507852228,142.19734189186275
42,6416.968067419712,0.0,-12.0,0.18587858371785085,0.3686519801019825,0.636356889256598,0.6194045969531152,80.11400135648871,21.207840818603316,13.634366781879605,145.94934437191753
42,39.99950000321371,39.99950000321371,-12.0,0.1746113513994138,0.36933936745919055,0.20551250338656485,0.2738956880697296,11.733735071324354,0.8499769705509248,13.537118232640038,59.40289100785613
42,6416.968067419712,0.0,-12.0,0.18587824249655274,0.36865185459254507,0.6363575199718491,0.6233559183373899,80.11400135648871,21.207840818603316,13.62948103026124,144.19797897843813
42,6416.968067419712,0.0,-12.0,0.18587859318378605,0.36865197447885806,0.6363568624247004,0.5893599598710675,80.11351969743029,21.207840818603316,13.64235799419618,143.21478038185188
42,6416.968067419712,0.0,-12.0,0.18587858371785085,0.3686519801019825,0.6363569051528328,0.630514031084453,80.11400135648871,21.207840818603316,13.630052362543873,162.5863116547607
42,39.99950000321371,39.99950000321371,-12.0,0.1531423138965006,0.36867403621329586,0.22738177278944036,0.16793772985939232,9.065402689191085,0.5320960483684001,13.629470659065763,56.93380306256341
42,6416.968067419712,0.0,-12.0,0.18587858371785085,0.36864976371223457,0.6363570172257738,0.638706935105416,80.11400135648871,21.207840818603316,13.629705861475136,145.15880981375437
42,6416.968067419712,0.0,-12.0,0.18587858371785085,0.3686519801019825,0.6363575317619605,0.590782715235487,80.11400135648871,21.207840818603316,13.623848566661724,141.35388439801633
42,39.99950000321371,39.99950000321371,-12.0,0.15346943944312377,0.37088056682589154,0.22738177278944036,0.16918712292193752,11.73181909110098,0.618782308709882,13.662778778052331,49.09755249764476
42,6416.968067419712,0.0,-12.0,0.18587858371785085,0.36865220962630374,0.636357531177855,0.626104484733467,80.11400135648871,21.207840818603316,13.630447050897255,140.1532075123463
42,6416.968067419712,0.0,-12.0,0.18587858371785085,0.36865210223296213,0.6363569165217151,0.6259211605183844,80.11400135648871,21.207840818603316,13.630028757821508,141.9047051515944
43,39.99950000321371,39.99950000321371,-12.0,0.15451366567804212,0.36889170367282564,0.23040400499284805,0.1364261110104164,11.995013020347436,0.24467556475089375,13.625521925277107,59.40289100785613
43,6416.968067419712,0.0,-12.0,0.18587858364374554,0.36864991063697694,0.6363577274361778,0.6266186886920019,80.11400135648871,21.207840818603316,13.630159176960483,141.6612066064987
43,39.99950000321371,39.99950000321371,-12.0,0.1521596155025666,0.36869279257275117,0.20551250338656485,0.16859085308724558,9.339672907904632,0.8499769705509248,13.538809423081547,59.50962032083203
43,6416.968067419712,0.0,-12.0,0.18587858371785085,0.36865126733301157,0.636427091254661,0.6224433791613221,80.11400135648871,21.207840818603316,13.451219811088148,141.75168287424023
43,39.99950000321371,39.99950000321371,-12.0,0.15346943944312377,0.37088056682589154,0.22738177278944036,0.16918712292193752,11.73181909110098,0.618782308709882,13.662778778052331,49.09755249764476
43,39.99950000321371,39.99950000321371,-12.0,0.17323438364799668,0.3689310352817015,0.22738177278944036,0.16793772985939232,11.993097040124063,0.8277790428845937,13.5410403139821,52.58631026010229
43,6416.968067419712,0.0,-12.0,0.18587858371785085,0.36865220962630374,0.636357531177855,0.626104484733467,80.11400135648871,21.207840818603316,13.630447050897255,140.1532075123463
43,6416.968067419712,0.0,-12.0,0.18587859318378605,0.36865197447885806,0.6363568624247004,0.5893599598710675,80.11351969743029,21.207840818603316,13.64235799419618,143.21478038185188
43,39.99950000321371,39.99950000321371,-12.0,0.15451928164791776,0.3689176514714203,0.20551250338656485,0.18562987839640674,11.995013020347436,0.6409802363762136,13.625521925277107,59.40289100785613
43,6416.968067419712,0.0,-12.0,0.18587858371785085,0.3686519801019825,0.6363577268521831,0.638695069545278,80.11400135648871,21.207840818603316,13.630159176960483,141.23893961728186
43,6416.968067419712,0.0,-12.0,0.18587858371785085,0.36865210223296213,0.6363569165217151,0.638706935105416,80.11400135648871,21.207840818603316,13.62974840452016,145.15880981375437
43,6416.968067419712,0.0,-12.0,0.1858785929893057,0.368651982515983,0.636357729783436,0.621634225216066,80.11400135648871,21.207841295354676,13.629980631810547,144.84416847451547
43,6416.968067419712,0.0,-12.0,0.18587824249655274,0.36860727564423856,0.6363575238328828,0.6224814148674688,80.11400135648871,21.207840818603316,13.62948103026124,144.24034802909645
43,6416.968067419712,0.0,-12.0,0.18587858371785085,0.3686519801019825,0.6363577268521831,0.624379304583393,80.11400135648871,21.207840818603316,13.36661020793365,144.2409622855147
43,39.99950000321371,39.99950000321371,-12.0,0.1531423138965006,0.3689310352817015,0.22738177278944036,0.16793772985939232,11.993097040124063,0.618782308709882,13.62944400661917,52.27997664284133
43,39.99950000321371,39.99950000321371,-12.0,0.15445567116542105,0.36772343589270634,0.20797998241611007,0.14527187144636322,3.181856417862077,0.25543061561382563,13.636456109432226,50.49609692005678
43,39.99950000321371,39.99950000321371,-12.0,0.15446044104281342,0.36933199221617385,0.2747484227216499,0.13385530045305372,2.624507328904111,4.135392050234644,13.62944400661917,50.37225285106883
43,6416.968067419712,0.0,-12.0,0.18587858371785085,0.3686521074440789,0.6363568624247004,0.5893599598710675,80.10519208061415,21.207840818603316,13.642909566529376,143.21478038185188
43,6416.968067419712,0.0,-12.0,0.18587858371785085,0.36865220962630374,0.636357531177855,0.626104484733467,80.11400135648871,21.207840818603316,13.630447050897255,141.4070861591712
43,6416.968067419712,0.0,-12.0,0.18587824249655274,0.36860727564423856,0.6363575238328828,0.6224814148674688,80.11400135648871,21.207840818603316,13.62948138585741,144.34531657461807
43,6416.968067419712,0.0,-12.0,0.18587858371785085,0.36864976371223457,0.6363569088998458,0.638706935105416,80.11400135648871,21.207840818603316,13.629705861475136,145.15880981375437
43,6416.968067419712,0.0,-12.0,0.18587858371785085,0.36865210223296213,0.6363569165217151,0.6259211605183844,80.11400135648871,21.207840818603316,13.630028757821508,141.9047051515944
43,6416.968067419712,0.0,-12.0,0.18587858371785085,0.368651968466859,0.6363577261477722,0.590782715235487,80.11400135648871,21.207840818603316,13.623848566661724,141.35388439801633
43,39.99950000321371,39.99950000321371,-12.0,0.1746113513994138,0.3689176514714203,0.20551250338656485,0.2002519928554689,11.995013020347436,0.8499769705509248,13.537118232640038,59.40289100785613
43,6416.968067419712,0.0,-12.0,0.18587862198450442,0.36865210223296213,0.6363569165217151,0.6316932597957724,80.11400135648871,21.207840818603316,13.629466677038488,141.9047051515944
43,6416.968067419712,0.0,-12.0,0.18587857322815277,0.36860958626405516,0.6363575081577962,0.6395486456030591,80.11400135648871,21.207840818603316,13.370523453807104,143.16657251369315
43,6416.968067419712,0.0,-12.0,0.18587858371785085,0.36864976371223457,0.6340690127863421,0.638706935105416,80.11400135648871,21.207840818603316,13.629705861475136,145.15880981375437
43,39.99950000321371,39.99950000321371,-12.0,0.1874425561446617,0.3677496407144969,0.209220697990642,0.14527187144636322,9.87337804085373,0.25543061561382563,13.636456109432226,52.829933483933054
43,39.99950000321371,39.99950000321371,-12.0,0.1746113513994138,0.36933936745919055,0.20551250338656485,0.2738956880697296,11.733735071324354,0.8499769705509248,13.537118232640038,59.40289100785613
43,6416.968067419712,0.0,-12.0,0.18587858346119215,0.36865210726018843,0.6363568614489449,0.608117277388908,80.11456534201876,21.207840818603316,13.642909566529376,144.210464862495
43,6416.968067419712,0.0,-12.0,0.18587858371785085,0.3686519801019825,0.6363577274363891,0.6321341420921663,80.11400135648871,21.207840818603316,13.630159176960483,150.47872285135793
43,6416.968067419712,0.0,-12.0,0.18587858371785085,0.36865210223296213,0.6363577648535018,0.6259211605183844,80.11400135648871,21.207840818603316,13.630028757821508,141.75168287424023
43,6416.968067419712,0.0,-12.0,0.18587858371785085,0.3686519801019825,0.6363577274395383,0.6321341420921663,80.11400135648871,21.207840818603316,13.630159176960483,141.6612066064987
43,6416.968067419712,0.0,-12.0,0.18587858371785085,0.36864976371223457,0.6363569088998458,0.638706935105416,80.11400135648871,21.207840818603316,13.629662728088181,145.15880981375437
43,6416.968067419712,0.0,-12.0,0.18587857299087213,0.3686517812193641,0.6363575161361339,0.6259894635874581,80.11400135648871,21.207840818603316,13.62948138585741,144.24326054478456
43,6416.968067419712,0.0,-12.0,0.18587858371785085,0.3686473821383553,0.6363575337607612,0.5937303670595294,80.11400135648871,21.207840818603316,13.623307112031977,141.90100597675794
43,6416.968067419712,0.0,-12.0,0.18587824249655274,0.36865185459254507,0.6363575199718491,0.6233559183373899,80.11400135648871,21.207840818603316,13.62948103026124,144.19797897843813
43,6416.968067419712,0.0,-12.0,0.18587858371785085,0.36865197960085383,0.636357531177855,0.626104484733467,80.11400135648871,21.207840818603316,13.630161716573623,141.4070861591712
43,6416.968067419712,0.0,-12.0,0.18587858371785085,0.3686081595683112,0.6363577643768477,0.6224433791613221,80.11400135648871,21.207840818603316,13.451219811088148,141.75168287424023
43,6416.968067419712,0.0,-12.0,0.18587858371785085,0.36864976371223457,0.6363570172257738,0.638706935105416,80.11400135648871,21.207840818603316,13.629705861475136,145.15880981375437
43,6416.968067419712,0.0,-12.0,0.18587858371785085,0.3686519801019825,0.636356889256598,0.6194045969531152,80.11400135648871,21.207840818603316,13.634366781879605,145.94934437191753
43,6416.968067419712,0.0,-12.0,0.18587859342016344,0.3686519857424689,0.636357531177855,0.624983980991861,80.11351765400605,21.207840818603316,13.63104590588296,141.4070861591712
43,39.99950000321371,39.99950000321371,-12.0,0.1581521104977513,0.3686560349187095,0.23270754167614718,0.16793772985939232,5.774081909549955,0.9208340519596003,13.629868923270248,52.18203239380465
43,39.99950000321371,39.99950000321371,-12.0,0.1531423138965006,0.36867403621329586,0.22738177278944036,0.16793772985939232,9.065402689191085,0.5320960483684001,13.629470659065763,56.93380306256341
43,6416.968067419712,0.0,-12.0,0.18587860667142794,0.36865330618975317,0.6363577602528612,0.6224814148674688,80.11400135648871,21.207840818603316,13.629497615650331,144.34531657461807
43,6416.968067419712,0.0,-12.0,0.18587858371785085,0.3686519801019825,0.6363577268521831,0.638695069545278,80.11400135648871,21.207840818603316,13.366567074546698,144.19791002526418
43,6416.968067419712,0.0,-12.0,0.18587862558047547,0.36865210726018843,0.6363568614489449,0.608117277388908,80.10519208061415,21.207840818603316,13.642909566529376,144.210464862495
43,6416.968067419712,0.0,-12.0,0.18587858371785085,0.3686498594279961,0.6363575499149672,0.626104484733467,80.11400135648871,21.207840818603316,13.630404507852228,142.19734189186275
44,6416.968067419712,0.0,-12.0,0.18587860667142794,0.3686533051865495,0.6363577602528612,0.6224814148674688,80.11400135648871,21.207840818603316,13.629497615650331,144.33825216998974
44,6416.968067419712,0.0,-12.0,0.18587858364374554,0.36864991063697694,0.6363577274361778,0.6266186886920019,80.11400135648871,21.207840818603316,13.630159176960483,141.6612066064987
44,39.99950000321371,39.99950000321371,-12.0,0.15451366567804212,0.36889170367282564,0.23040400499284805,0.1364261110104164,11.995013020347436,0.24467556475089375,13.625521925277107,59.40289100785613
44,39.99950000321371,39.99950000321371,-12.0,0.17323438364799668,0.36889249614929526,0.22738177278944036,0.21921309169453435,11.994929854014346,0.8277790428845937,13.619985686746526,52.75152953409966
44,6416.968067419712,0.0,-12.0,0.18587858371785085,0.368651968466859,0.6363577261477722,0.590782715235487,80.11400135648871,21.207840818603316,13.623848566661724,141.35388439801633
44,6416.968067419712,0.0,-12.0,0.18587858371785085,0.3686081595683112,0.6363577643768477,0.6224433791613221,80.11400135648871,21.207840818603316,13.451219811088148,141.75168287424023
44,39.99950000321371,39.99950000321371,-12.0,0.15446044104281342,0.36933199221617385,0.2747484227216499,0.13385530045305372,2.624507328904111,4.135392050234644,13.62944400661917,50.37225285106883
44,6416.968067419712,0.0,-12.0,0.18587858371785085,0.3686519801019825,0.6363577268521831,0.638695069545278,80.11400135648871,21.207840818603316,13.630159176960483,141.23893961728186
44,6416.968067419712,0.0,-12.0,0.18587824249655274,0.36865185459254507,0.6363575199718491,0.6233559183373899,80.11400135648871,21.207840818603316,13.62948103026124,144.19797897843813
44,6416.968067419712,0.0,-12.0,0.18587857322815277,0.36860974418845854,0.6363577289581892,0.62652391713167,80.11400135648871,21.207840818603316,13.626127936612068,143.16657251369315
44,6416.968067419712,0.0,-12.0,0.18587858371785085,0.36865220962630374,0.636357531177855,0.626104484733467,80.11400135648871,21.207840818603316,13.630447050897255,141.4070861591712
44,6416.968067419712,0.0,-12.0,0.18587858371785085,0.36865126733301157,0.636427091254661,0.6224433791613221,80.11400135648871,21.207840818603316,13.451219811088148,141.75168287424023
44,6416.968067419712,0.0,-12.0,0.18587858371785085,0.36865210223296213,0.6363577648535018,0.6259211605183844,80.11400135648871,21.207840818603316,13.630028757821508,141.75168287424023
44,6416.968067419712,0.0,-12.0,0.18587858371785085,0.3686519801019825,0.6363577274395383,0.6321341420921663,80.11400135648871,21.207840818603316,13.630159176960483,141.6612066064987
44,39.99950000321371,39.99950000321371,-12.0,0.12387266558976368,0.3693474400124897,0.20551250338656485,0.2002519928554689,11.733375820252874,0.8499769705509248,26.736309264688316,59.40289100785613
44,39.99950000321371,39.99950000321371,-12.0,0.16158351391244374,0.3686560349187095,0.23270754167614718,0.16793772985939232,5.774081909549955,0.9208340519596003,13.629868923270248,52.27408453631136
44,6416.968067419712,0.0,-12.0,0.18587858372388052,0.36865210223296213,0.6363568867650774,0.6283142183537177,80.11400135648871,21.207840818603316,13.623941616115037,141.354530646164
44,6416.968067419712,0.0,-12.0,0.18587858371785085,0.36864976371223457,0.6363570172257738,0.638706935105416,80.11400135648871,21.207840818603316,13.629705861475136,145.15880981375437
44,6416.968067419712,0.0,-12.0,0.18587858371785085,0.36865197960085383,0.636357531177855,0.626104484733467,80.11400135648871,21.207840818603316,13.630161716573623,141.4070861591712
44,6416.968067419712,0.0,-12.0,0.18587857322815277,0.36860958626405516,0.6363575081577962,0.6395486456030591,80.11400135648871,21.207840818603316,13.370523453807104,143.16657251369315
44,39.99950000321371,39.99950000321371,-12.0,0.15445567116542105,0.36772343589270634,0.20797998241611007,0.14527187144636322,3.181856417862077,0.25543061561382563,13.636456109432226,50.49609692005678
44,6416.968067419712,0.0,-12.0,0.18587858371785085,0.36865220962630374,0.636357531177855,0.626104484733467,80.11400135648871,21.207840818603316,13.630447050897255,140.1532075123463
44,6416.968067419712,0.0,-12.0,0.18587858371785085,0.3686543516079402,0.6363569165217151,0.6259211605183844,80.11400135648871,21.207840818603316,13.630028757821508,141.9047051515944
44,6416.968067419712,0.0,-12.0,0.18587862198450442,0.36865210223296213,0.6363569165217151,0.6316932597957724,80.11400135648871,21.207840818603316,13.629466677038488,141.9047051515944
44,6416.968067419712,0.0,-12.0,0.18587858371785085,0.36864976371223457,0.6363569088998458,0.638706935105416,80.11400135648871,21.207840818603316,13.629662728088181,145.15880981375437
44,6416.968067419712,0.0,-12.0,0.18587824249655274,0.36860727564423856,0.6363575238328828,0.6224814148674688,80.11400135648871,21.207840818603316,13.62948103026124,144.24034802909645
44,39.99950000321371,39.99950000321371,-12.0,0.1746113513994138,0.3689176514714203,0.20551250338656485,0.2002519928554689,11.995013020347436,0.8499769705509248,13.537118232640038,59.40289100785613
44,6416.968067419712,0.0,-12.0,0.18587862558047547,0.36865210726018843,0.6363568614489449,0.608117277388908,80.10519208061415,21.207840818603316,13.642909566529376,144.210464862495
44,6416.968067419712,0.0,-12.0,0.18587858371785085,0.36860647070306823,0.63635776514854,0.6103851162248206,80.11400135648871,21.207840818603316,13.451219811088148,141.89805970813512
44,6416.968067419712,0.0,-12.0,0.18587858371785085,0.3686519801019825,0.6363577268521831,0.638695069545278,80.11400135648871,21.207840818603316,13.366567074546698,144.19791002526418
44,6416.968067419712,0.0,-12.0,0.18587858371785085,0.3686519801019825,0.636356889256598,0.6194045969531152,80.11400135648871,21.207840818603316,13.634366781879605,145.94934437191753
44,6416.968067419712,0.0,-12.0,0.18587860667142794,0.36865330618975317,0.6363577602528612,0.6224814148674688,80.11400135648871,21.207840818603316,13.629497615650331,144.34531657461807
44,39.99950000321371,39.99950000321371,-12.0,0.1874425561446617,0.3677496407144969,0.209220697990642,0.14527187144636322,9.87337804085373,0.25543061561382563,13.636456109432226,52.829933483933054
44,6416.968067419712,0.0,-12.0,0.18587858371785085,0.3686519801019825,0.6363577268521831,0.624379304583393,80.11400135648871,21.207840818603316,13.36661020793365,144.2409622855147
44,6416.968067419712,0.0,-12.0,0.18587824249655274,0.36860727564423856,0.6363575238328828,0.6224411204049084,80.11400135648871,21.207840818603316,13.629490251247569,144.34531657461807
44,39.99950000321371,39.99950000321371,-12.0,0.1581521104977513,0.3686560349187095,0.23270754167614718,0.16793772985939232,5.774081909549955,0.9208340519596003,13.629868923270248,52.18203239380465
44,6416.968067419712,0.0,-12.0,0.18587858371785085,0.36865126733301157,0.636427091254661,0.6224836736238825,80.11400135648871,21.207840818603316,13.451210945697989,141.75168287424023
44,6416.968067419712,0.0,-12.0,0.18587824249655274,0.36860727564423856,0.6363575238328828,0.6224814148674688,80.11400135648871,21.207840818603316,13.62948138585741,144.34531657461807
44,6416.968067419712,0.0,-12.0,0.18587858371785085,0.3686521074440789,0.6363568624247004,0.5893599598710675,80.10519208061415,21.207840818603316,13.642909566529376,143.21478038185188
44,6416.968067419712,0.0,-12.0,0.1858785929893057,0.368651982515983,0.636357729783436,0.621634225216066,80.11400135648871,21.207841295354676,13.629980631810547,144.84416847451547
44,6416.968067419712,0.0,-12.0,0.18587858371785085,0.3686519801019825,0.6363577274363891,0.6321341420921663,80.11400135648871,21.207840818603316,13.630159176960483,150.47872285135793
44,6416.968067419712,0.0,-12.0,0.18587858371785085,0.36864976371223457,0.6340690127863421,0.638706935105416,80.11400135648871,21.207840818603316,13.629705861475136,145.15880981375437
44,6416.968067419712,0.0,-12.0,0.18587858360890364,0.3686519747145043,0.6363577268521831,0.624379304583393,80.11400135648871,21.207840818603316,13.638746105089378,143.2448874919907
44,39.99950000321371,39.99950000321371,-12.0,0.1521596155025666,0.36869279257275117,0.20551250338656485,0.16859085308724558,9.339672907904632,0.8499769705509248,13.538809423081547,59.50962032083203
44,39.99950000321371,39.99950000321371,-12.0,0.17323438364799668,0.3689310352817015,0.22738177278944036,0.16793772985939232,11.993097040124063,0.8277790428845937,13.5410403139821,52.58631026010229
44,6416.968067419712,0.0,-12.0,0.18587858371785085,0.3686490710035983,0.6363575329890688,0.5937303670595294,80.11400135648871,21.207840818603316,13.623307112031977,141.75462914286305
44,6416.968067419712,0.0,-12.0,0.1858785837178158,0.3686521085833858,0.6363568614489449,0.608253030860815,80.11456776456573,21.207840818603316,13.642693748884527,144.210464862495
44,39.99950000321371,39.99950000321371,-12.0,0.1531423138965006,0.36867403621329586,0.22738177278944036,0.16793772985939232,9.065402689191085,0.5320960483684001,13.629470659065763,56.93380306256341
45,39.99950000321371,39.99950000321371,-12.0,0.18439250411559874,0.3686661965706639,0.2276902588378042,0.14527187144636322,9.87337804085373,0.25543061561382563,13.636416513072527,52.829933483933054
45,39.99950000321371,39.99950000321371,-12.0,0.15451366567804212,0.36889170367282564,0.23040400499284805,0.1364261110104164,11.995013020347436,0.24467556475089375,13.625521925277107,59.40289100785613
45,6416.968067419712,0.0,-12.0,0.18587862181582906,0.3686519801019825,0.6363577432971468,0.6316893428372168,80.11400135648871,21.207840818603316,13.630160535419694,146.48891050297357
45,6416.968067419712,0.0,-12.0,0.18587860667142794,0.3686533051865495,0.6363577602528612,0.6224814148674688,80.11400135648871,21.207840818603316,13.629497615650331,144.33825216998974
45,6416.968067419712,0.0,-12.0,0.1858785929893057,0.368651982515983,0.636357729783436,0.621634225216066,80.11400135648871,21.207841295354676,13.629980631810547,144.84416847451547
45,6416.968067419712,0.0,-12.0,0.18587857322815277,0.36860958626405516,0.6363575081577962,0.6395486456030591,80.11400135648871,21.207840818603316,13.370523453807104,143.16657251369315
45,6416.968067419712,0.0,-12.0,0.18587858371785085,0.3686081595683112,0.6363577643768477,0.6224433791613221,80.11400135648871,21.207840818603316,13.451219811088148,141.75168287424023
45,6416.968067419712,0.0,-12.0,0.18587857322815277,0.36860974418845854,0.6363577289581892,0.62652391713167,80.11400135648871,21.207840818603316,13.626127936612068,143.16657251369315
45,6416.968067419712,0.0,-12.0,0.18587858371785085,0.36864976371223457,0.6340690127863421,0.638706935105416,80.11400135648871,21.207840818603316,13.629705861475136,145.15880981375437
45,6416.968067419712,0.0,-12.0,0.18587860667142794,0.36865330618975317,0.6363577602528612,0.6224814148674688,80.11400135648871,21.207840818603316,13.629497615650331,144.34531657461807
45,39.99950000321371,39.99950000321371,-12.0,0.15445567116542105,0.36772343589270634,0.20797998241611007,0.14527187144636322,3.181856417862077,0.25543061561382563,13.636456109432226,50.49609692005678
45,6416.968067419712,0.0,-12.0,0.18587858364374554,0.36864991063697694,0.6363577274361778,0.6266186886920019,80.11400135648871,21.207840818603316,13.630159176960483,141.6612066064987
45,6416.968067419712,0.0,-12.0,0.1858785837164092,0.3686521056287679,0.6363568624247004,0.6228046982244492,80.1138384303766,21.207840818603316,13.642909566529376,143.2451858891363
45,39.99950000321371,39.99950000321371,-12.0,0.1874425561446617,0.3677496407144969,0.209220697990642,0.14527187144636322,9.87337804085373,0.25543061561382563,13.636456109432226,52.829933483933054
45,6416.968067419712,0.0,-12.0,0.18587858371785085,0.3686519801019825,0.6363577268521831,0.638695069545278,80.11400135648871,21.207840818603316,13.630159176960483,141.23893961728186
45,6416.968067419712,0.0,-12.0,0.18587858371785085,0.368651968466859,0.6363577261477722,0.590782715235487,80.11400135648871,21.207840818603316,13.623848566661724,141.35388439801633
45,6416.968067419712,0.0,-12.0,0.18587858371785085,0.3686519801019825,0.6363577274363891,0.6321341420921663,80.11400135648871,21.207840818603316,13.630159176960483,150.47872285135793
45,39.99950000321371,39.99950000321371,-12.0,0.12387266558976368,0.3693474400124897,0.20551250338656485,0.2002519928554689,11.733375820252874,0.8499769705509248,26.736309264688316,59.40289100785613
45,6416.968067419712,0.0,-12.0,0.18587858371785085,0.3686519801019825,0.6363577274395383,0.6321341420921663,80.11400135648871,21.207840818603316,13.630159176960483,141.6612066064987
45,6416.968067419712,0.0,-12.0,0.18587858371785085,0.36865220962630374,0.636357531177855,0.626104484733467,80.11400135648871,21.207840818603316,13.630447050897255,141.4070861591712
45,39.99950000321371,39.99950000321371,-12.0,0.1531423138965006,0.36867403621329586,0.22738177278944036,0.16793772985939232,9.065402689191085,0.5320960483684001,13.629470659065763,56.93380306256341
45,6416.968067419712,0.0,-12.0,0.18587858371785085,0.36864976371223457,0.6363570172257738,0.638706935105416,80.11400135648871,21.207840818603316,13.629705861475136,145.15880981375437
45,6416.968067419712,0.0,-12.0,0.18587858371785085,0.36865220962630374,0.636357531177855,0.626104484733467,80.11400135648871,21.207840818603316,13.630447050897255,140.1532075123463
45,6416.968067419712,0.0,-12.0,0.18587858371785085,0.36865210223296213,0.6363577648535018,0.6259211605183844,80.11400135648871,21.207840818603316,13.630028757821508,141.75168287424023
45,6416.968067419712,0.0,-12.0,0.18587824249655274,0.36865185459254507,0.6363575199718491,0.6233559183373899,80.11400135648871,21.207840818603316,13.62948103026124,144.19797897843813
45,39.99950000321371,39.99950000321371,-12.0,0.1581521104977513,0.3686560349187095,0.23270754167614718,0.16793772985939232,5.774081909549955,0.9208340519596003,13.629868923270248,52.18203239380465
45,6416.968067419712,0.0,-12.0,0.18587858335849322,0.3686529162661633,0.6363562558016799,0.6209683564374783,80.11400135648871,21.207840818603316,13.37132557489692,141.7742189899013
45,6416.968067419712,0.0,-12.0,0.18587858360890364,0.3686519747145043,0.6363577268521831,0.624379304583393,80.11400135648871,21.207840818603316,13.638746105089378,143.2448874919907
45,39.99950000321371,39.99950000321371,-12.0,0.15446044104281342,0.36933199221617385,0.2747484227216499,0.13385530045305372,2.624507328904111,4.135392050234644,13.62944400661917,50.37225285106883
45,6416.968067419712,0.0,-12.0,0.18587858371785085,0.3686490710035983,0.6363575329890688,0.5937303670595294,80.11400135648871,21.207840818603316,13.623307112031977,141.75462914286305
45,6416.968067419712,0.0,-12.0,0.18587858371785085,0.36865126733301157,0.636427091254661,0.6224836736238825,80.11400135648871,21.207840818603316,13.451210945697989,141.75168287424023
45,6416.968067419712,0.0,-12.0,0.18587858371785085,0.36860647070306823,0.6363577268038173,0.6103851162248206,80.11400135648871,21.207840818603316,13.369736603880163,141.89805970813512
45,6416.968067419712,0.0,-12.0,0.18587858371785085,0.36865197960085383,0.636357531177855,0.626104484733467,80.11400135648871,21.207840818603316,13.630161716573623,141.4070861591712
45,6416.968067419712,0.0,-12.0,0.18587824249655274,0.36860727564423856,0.6363575238328828,0.6224814148674688,80.11400135648871,21.207840818603316,13.62948138585741,144.34531657461807
45,39.99950000321371,39.99950000321371,-12.0,0.1746113513994138,0.3689176514714203,0.20551250338656485,0.2002519928554689,11.995013020347436,0.8499769705509248,13.537118232640038,59.40289100785613
45,39.99950000321371,39.99950000321371,-12.0,0.1521596155025666,0.36869279257275117,0.20551250338656485,0.16859085308724558,9.339672907904632,0.8499769705509248,13.538809423081547,59.50962032083203
45,6416.968067419712,0.0,-12.0,0.18587858371785085,0.3686519801019825,0.6363577268521831,0.638695069545278,80.11400135648871,21.207840818603316,13.366567074546698,144.19791002526418
45,6416.968067419712,0.0,-12.0,0.18587858371785085,0.3686521074440789,0.6363568624247004,0.5893599598710675,80.10519208061415,21.207840818603316,13.642909566529376,143.21478038185188
45,6416.968067419712,0.0,-12.0,0.18587862558047547,0.36865210726018843,0.6363568614489449,0.608117277388908,80.10519208061415,21.207840818603316,13.642909566529376,144.210464862495
45,6416.968067419712,0.0,-12.0,0.18587862198450442,0.36865210223296213,0.6363569165217151,0.6316932597957724,80.11400135648871,21.207840818603316,13.629466677038488,141.9047051515944
45,6416.968067419712,0.0,-12.0,0.18587858371785085,0.3686519801019825,0.636356889256598,0.6194045969531152,80.11400135648871,21.207840818603316,13.634366781879605,145.94934437191753
45,6416.968067419712,0.0,-12.0,0.18587858371785085,0.36865126733301157,0.636427091254661,0.6224433791613221,80.11400135648871,21.207840818603316,13.451219811088148,141.75168287424023
45,6416.968067419712,0.0,-12.0,0.18587858371785085,0.3686543516079402,0.6363569165217151,0.6259211605183844,80.11400135648871,21.207840818603316,13.630028757821508,141.9047051515944
45,6416.968067419712,0.0,-12.0,0.18587824249655274,0.36860727564423856,0.6363575238328828,0.6224411204049084,80.11400135648871,21.207840818603316,13.629490251247569,144.34531657461807
45,6416.968067419712,0.0,-12.0,0.18587824249655274,0.36860727564423856,0.6363575238328828,0.6224814148674688,80.11400135648871,21.207840818603316,13.62948103026124,144.24034802909645
45,39.99950000321371,39.99950000321371,-12.0,0.16158351391244374,0.3686560349187095,0.23270754167614718,0.16793772985939232,5.774081909549955,0.9208340519596003,13.629868923270248,52.27408453631136
45,39.99950000321371,39.99950000321371,-12.0,0.17323438364799668,0.36889249614929526,0.22738177278944036,0.21921309169453435,11.994929854014346,0.8277790428845937,13.619985686746526,52.75152953409966
45,6416.968067419712,0.0,-12.0,0.18587858371785085,0.3686519801019825,0.6363577268521831,0.624379304583393,80.11400135648871,21.207840818603316,13.36661020793365,144.2409622855147
46,6416.968067419712,0.0,-12.0,0.18587862372087027,0.3686519801019825,0.6364283228728627,0.631840791198788,80.11400135648871,21.207840818603316,13.463098011647974,146.48891050297357
46,39.99950000321371,39.99950000321371,-12.0,0.18439250411559874,0.3686661965706639,0.2276902588378042,0.14527187144636322,9.87337804085373,0.25543061561382563,13.636416513072527,52.829933483933054
46,39.99950000321371,39.99950000321371,-12.0,0.18587858371785085,0.3686519801019825,0.20355184061489265,0.11695291413753311,8.445132450285847,0.6209926361628408,13.630093859486589,51.31615530699568
46,6416.968067419712,0.0,-12.0,0.18587862181582906,0.3686519801019825,0.6363577432971468,0.6316893428372168,80.11400135648871,21.207840818603316,13.630160535419694,146.48891050297357
46,6416.968067419712,0.0,-12.0,0.18587858371785085,0.3686522090702982,0.6363568500115407,0.5893599598710675,80.10519208061415,21.207840818603316,13.642877175627229,143.21478038185188
46,6416.968067419712,0.0,-12.0,0.18587858371785085,0.36864976371223457,0.6340690127863421,0.638706935105416,80.11400135648871,21.207840818603316,13.629705861475136,145.15880981375437
46,6416.968067419712,0.0,-12.0,0.18587858371785085,0.36865197960085383,0.636357531177855,0.626104484733467,80.11400135648871,21.207840818603316,13.630161716573623,141.4070861591712
46,39.99950000321371,39.99950000321371,-12.0,0.16158351391244374,0.3686560349187095,0.23270754167614718,0.16793772985939232,5.774081909549955,0.9208340519596003,13.629868923270248,52.27408453631136
46,39.99950000321371,39.99950000321371,-12.0,0.12387266558976368,0.3693474400124897,0.20551250338656485,0.2002519928554689,11.733375820252874,0.8499769705509248,26.736309264688316,59.40289100785613
46,6416.968067419712,0.0,-12.0,0.18587858371785085,0.36865126733301157,0.636427091254661,0.6224433791613221,80.11400135648871,21.207840818603316,13.451219811088148,141.75168287424023
46,39.99950000321371,39.99950000321371,-12.0,0.15445567116542105,0.36772343589270634,0.20797998241611007,0.14527187144636322,3.181856417862077,0.25543061561382563,13.636456109432226,50.49609692005678
46,39.99950000321371,39.99950000321371,-12.0,0.15451366567804212,0.36889170367282564,0.23040400499284805,0.1364261110104164,11.995013020347436,0.24467556475089375,13.625521925277107,59.40289100785613
46,6416.968067419712,0.0,-12.0,0.18587858336978821,0.36864972586638,0.6363562273477047,0.6497956412113909,80.11400135648871,21.207840818603316,13.37132557489692,141.76382197652768
46,6416.968067419712,0.0,-12.0,0.18587824249655274,0.36860727564423856,0.6363575238328828,0.6224814148674688,80.11400135648871,21.207840818603316,13.62948103026124,144.24034802909645
46,6416.968067419712,0.0,-12.0,0.18587858371785085,0.36865220962630374,0.636357531177855,0.626104484733467,80.11400135648871,21.207840818603316,13.630447050897255,141.4070861591712
46,6416.968067419712,0.0,-12.0,0.18587858371785085,0.36865589775099433,0.6363577598749197,0.6224816664431571,80.11400135648871,21.207840818603316,13.451219811088148,141.75168287424023
46,6416.968067419712,0.0,-12.0,0.18587858371785085,0.3686490710035983,0.6363575329890688,0.5937303670595294,80.11400135648871,21.207840818603316,13.623307112031977,141.75462914286305
46,6416.968067419712,0.0,-12.0,0.18587857322815277,0.36860974418845854,0.6363577289581892,0.62652391713167,80.11400135648871,21.207840818603316,13.626127936612068,143.16657251369315
46,6416.968067419712,0.0,-12.0,0.18587858371785085,0.36865220962630374,0.636357531177855,0.626104484733467,80.11400135648871,21.207840818603316,13.630447050897255,140.1532075123463
46,6416.968067419712,0.0,-12.0,0.1858785717762145,0.36860611909960683,0.6363575081577962,0.6406839816339793,80.11400135648871,21.207840818603316,13.370523453807104,143.16657251369315
46,6416.968067419712,0.0,-12.0,0.18587858360890364,0.3686519747145043,0.6363577268521831,0.624379304583393,80.11400135648871,21.207840818603316,13.638746105089378,143.2448874919907
46,39.99950000321371,39.99950000321371,-12.0,0.133056740363499,0.3689176514714203,0.19282590143675943,0.2002519928554689,10.884253047749183,1.3006470874674,13.62565970123932,59.40289100785613
46,39.99950000321371,39.99950000321371,-12.0,0.16709943703466965,0.3688943296512241,0.23581763128114452,0.1364261110104164,11.995013020347436,0.24467556475089375,20.566606528021865,59.40289100785613
46,6416.968067419712,0.0,-12.0,0.18587858371785085,0.3686490710035983,0.6363577303936626,0.5965297614399128,80.11400135648871,21.207840818603316,13.623307112031977,141.75462914286305
46,6416.968067419712,0.0,-12.0,0.18587858371785085,0.3686543516079402,0.636357704075557,0.6259211605183844,80.11400135648871,21.207840818603316,13.630028757821508,141.9047051515944
46,6416.968067419712,0.0,-12.0,0.18587860667142794,0.36865330618975317,0.6363577602528612,0.6224814148674688,80.11400135648871,21.207840818603316,13.629497615650331,144.34531657461807
46,6416.968067419712,0.0,-12.0,0.18587858371785085,0.36864976371223457,0.6363570172257738,0.638706935105416,80.11400135648871,21.207840818603316,13.629705861475136,145.15880981375437
46,6416.968067419712,0.0,-12.0,0.18587858371785085,0.3686519801019825,0.6363577268521831,0.638695069545278,80.11400135648871,21.207840818603316,13.630159176960483,141.23893961728186
46,6416.968067419712,0.0,-12.0,0.18587858371785085,0.36865126733301157,0.636427091254661,0.6224836736238825,80.11400135648871,21.207840818603316,13.451210945697989,141.75168287424023
46,6416.968067419712,0.0,-12.0,0.18587857322815277,0.36860958626405516,0.6363575081577962,0.6395486456030591,80.11400135648871,21.207840818603316,13.370523453807104,143.16657251369315
46,39.99950000321371,39.99950000321371,-12.0,0.12387266558976368,0.3693474400124897,0.20551250338656485,0.20104237710594094,11.733858240404702,0.826693215049589,26.736309264688316,59.40289100785613
46,6416.968067419712,0.0,-12.0,0.18587824249655274,0.36865185459254507,0.6363575199718491,0.6233559183373899,80.11400135648871,21.207840818603316,13.62948103026124,144.19797897843813
46,39.99950000321371,39.99950000321371,-12.0,0.1874425561446617,0.3677496407144969,0.209220697990642,0.14527187144636322,9.87337804085373,0.25543061561382563,13.636456109432226,52.829933483933054
46,6416.968067419712,0.0,-12.0,0.18587858371785085,0.3686521074440789,0.6363568624247004,0.5893599598710675,80.10519208061415,21.207840818603316,13.642909566529376,143.21478038185188
46,6416.968067419712,0.0,-12.0,0.18587858371785085,0.3686519801019825,0.6363577274395383,0.6321341420921663,80.11400135648871,21.207840818603316,13.630159176960483,141.6612066064987
46,6416.968067419712,0.0,-12.0,0.18587858371785085,0.3686519801019825,0.6363577268521831,0.624379304583393,80.11400135648871,21.207840818603316,13.36661020793365,144.2409622855147
46,39.99950000321371,39.99950000321371,-12.0,0.15446044104281342,0.36933199221617385,0.2747484227216499,0.13385530045305372,2.624507328904111,4.135392050234644,13.62944400661917,50.37225285106883
46,39.99950000321371,39.99950000321371,-12.0,0.16158351391244374,0.3686560349187095,0.23270754167614718,0.16592461537242006,5.774081909549955,0.9208340519596003,13.629868923270248,52.27408453631136
46,39.99950000321371,39.99950000321371,-12.0,0.17323438364799668,0.36889249614929526,0.22738177278944036,0.21921309169453435,11.994929854014346,0.8277790428845937,13.619985686746526,52.75152953409966
46,6416.968067419712,0.0,-12.0,0.18587858335849322,0.3686529162661633,0.6363562558016799,0.6209683564374783,80.11400135648871,21.207840818603316,13.37132557489692,141.7742189899013
46,6416.968067419712,0.0,-12.0,0.18587862558047547,0.36865210726018843,0.6363568614489449,0.608117277388908,80.10519208061415,21.207840818603316,13.642909566529376,144.210464862495
46,39.99950000321371,39.99950000321371,-12.0,0.17323438364799668,0.36889249614929526,0.22738177278944036,0.2184227074440623,4.191367143533377,0.8510627983859295,13.619985686746526,28.53719304922774
46,6416.968067419712,0.0,-12.0,0.1858785929893057,0.368651982515983,0.636357729783436,0.621634225216066,80.11400135648871,21.207841295354676,13.629980631810547,144.84416847451547
46,6416.968067419712,0.0,-12.0,0.18587858371785085,0.36860647070306823,0.6363577268038173,0.6103851162248206,80.11400135648871,21.207840818603316,13.369736603880163,141.89805970813512
46,6416.968067419712,0.0,-12.0,0.18587824249655274,0.36860727564423856,0.6363575238328828,0.6224814148674688,80.11400135648871,21.207840818603316,13.62948138585741,144.34531657461807
46,6416.968067419712,0.0,-12.0,0.18572827093583916,0.36865210800008436,0.6363575435910146,0.626104484733467,80.11400135648871,21.207840818603316,13.6304794417994,140.1532075123463
46,6416.968067419712,0.0,-12.0,0.1858785837164092,0.3686521056287679,0.6363568624247004,0.6228046982244492,80.1138384303766,21.207840818603316,13.642909566529376,143.2451858891363
46,6416.968067419712,0.0,-12.0,0.18587824249655274,0.36860727564423856,0.6363575238328828,0.6224411204049084,80.11400135648871,21.207840818603316,13.629490251247569,144.34531657461807
